user_id,item_id,prediction,actual
14,0,-0.3648426830768585,0
14,1,-0.15550270676612854,0
14,2,1.0159696340560913,0
14,3,0.7593152523040771,0
14,4,0.4632982015609741,0
14,5,0.09269510954618454,0
14,6,0.11109349876642227,0
14,7,0.29992425441741943,0
14,8,-0.2192554771900177,0
14,9,0.03615354746580124,0
14,10,-0.16211770474910736,0
14,11,0.8933874368667603,0
14,12,1.5601691007614136,0
14,13,0.5552178621292114,0
14,14,-0.978137195110321,0
14,15,-0.45327213406562805,0
14,16,0.551950991153717,0
14,17,0.8839805126190186,0
14,18,-0.5492591261863708,0
14,19,-0.36963513493537903,0
14,20,-0.005721731577068567,0
14,21,-0.14753243327140808,0
14,22,1.3809945583343506,0
14,23,0.27958881855010986,0
14,24,0.7778785824775696,0
14,25,-0.08211798220872879,0
14,26,-0.6439737677574158,0
14,27,-0.0028219011146575212,0
14,28,0.5677065253257751,0
14,29,0.11600983887910843,0
14,30,0.023950783535838127,0
14,31,0.8640697598457336,0
14,32,0.4951159954071045,0
14,33,0.0457887202501297,0
14,34,0.5913965702056885,0
14,35,0.9107744097709656,0
14,36,0.37132328748703003,0
14,37,0.6018128395080566,0
14,38,-0.6198275685310364,0
14,39,-0.17829790711402893,0
14,40,0.159810408949852,0
14,41,0.6699532866477966,0
14,42,-0.018098512664437294,0
14,43,-0.2185041606426239,0
14,44,1.317662000656128,0
14,45,0.7736806273460388,0
14,46,0.9458346366882324,0
14,47,-0.9198046922683716,0
14,48,0.5423406362533569,0
14,49,0.9466273784637451,0
14,50,1.2039878368377686,0
14,51,0.8576966524124146,0
14,52,-1.056884765625,0
14,53,0.7028416395187378,0
14,54,0.3458521366119385,0
14,55,0.1261920928955078,0
14,56,0.27980732917785645,0
14,57,-0.440775603055954,0
14,58,0.5313186645507812,0
14,59,-0.2028561234474182,0
14,60,0.8073979020118713,0
14,61,-0.03367333486676216,0
14,62,0.5962927937507629,0
14,63,-0.11381393671035767,0
14,64,-0.521784782409668,0
14,65,-0.04833734780550003,0
14,66,-0.282127320766449,0
14,67,-0.8087376356124878,0
14,68,0.23156225681304932,0
14,69,-0.8793607354164124,0
14,70,0.280958354473114,0
14,71,0.3690128028392792,0
14,72,-0.05911141261458397,0
14,73,-0.08688554167747498,0
14,74,-0.24481984972953796,0
14,75,0.4723406732082367,0
14,76,1.0494991540908813,0
14,77,0.7113382816314697,0
14,78,0.1874835342168808,0
14,79,-0.37780335545539856,0
14,80,0.023935040459036827,0
14,81,-0.4698995053768158,0
14,82,0.21025815606117249,0
14,83,-0.6335605978965759,0
14,84,0.2492067813873291,0
14,85,0.3834170401096344,0
14,86,-0.012228686362504959,0
14,87,0.04114935174584389,0
14,88,-0.2474212795495987,0
14,89,0.29679813981056213,0
14,90,0.6024755835533142,0
14,91,-0.07277345657348633,0
14,92,0.24425078928470612,0
14,93,-0.08997757732868195,0
14,94,0.04603422433137894,0
14,95,-0.02749715745449066,0
14,96,1.4880008697509766,0
14,97,0.1163761168718338,0
14,98,0.1566459685564041,0
14,99,0.39387768507003784,0
14,100,0.7164352536201477,0
14,101,0.48057451844215393,0
14,102,-0.5012677311897278,0
14,103,-0.2856132686138153,0
14,104,-0.2977425456047058,0
14,105,0.7260388135910034,0
14,106,0.1585666388273239,0
14,107,0.7974594831466675,0
14,108,0.82852703332901,0
14,109,0.551304280757904,0
14,110,0.8859085440635681,0
14,111,0.6628606915473938,0
14,112,-0.14679481089115143,0
14,113,0.8722310066223145,0
14,114,0.28652477264404297,0
14,115,0.3063751459121704,0
14,116,0.30234479904174805,0
14,117,-0.567260205745697,0
14,118,0.777454674243927,0
14,119,0.04214589297771454,0
14,120,-0.25099194049835205,0
14,121,0.025012940168380737,0
14,122,1.0758452415466309,0
14,123,0.1977735161781311,0
14,124,-0.44681042432785034,0
14,125,-0.3976934552192688,0
14,126,0.3571377396583557,0
14,127,-0.5436355471611023,0
14,128,1.1739768981933594,0
14,129,0.09686213731765747,0
14,130,1.1247857809066772,0
14,131,-0.313546359539032,0
14,132,0.022346626967191696,0
14,133,-0.4800315797328949,0
14,134,1.1512662172317505,0
14,135,-0.36128610372543335,0
14,136,0.19245265424251556,0
14,137,0.6145489811897278,0
14,138,0.5846018195152283,0
14,139,0.1054278239607811,0
14,140,-0.10333514213562012,0
14,141,0.011916226707398891,0
14,142,-0.5043554902076721,0
14,143,0.15698081254959106,0
14,144,-0.37270668148994446,0
14,145,-0.3512727916240692,0
14,146,-0.12194925546646118,0
14,147,0.14361397922039032,0
14,148,-0.35346055030822754,0
14,149,0.3126506507396698,0
14,150,0.36470353603363037,0
14,151,0.23697926104068756,0
14,152,-1.4590343236923218,0
14,153,0.4085715413093567,0
14,154,-0.3315882086753845,0
14,155,1.1129841804504395,0
14,156,1.3366644382476807,0
14,157,0.8628076314926147,0
14,158,-0.5271015763282776,0
14,159,1.0751667022705078,0
14,160,-0.09105388075113297,0
14,161,0.5271944403648376,0
14,162,0.817365288734436,0
14,163,0.4600354731082916,0
14,164,0.1923820525407791,0
14,165,-0.6882889270782471,0
14,166,0.36627787351608276,0
14,167,-0.09661195427179337,0
14,168,-0.4002981185913086,0
14,169,0.32630857825279236,0
14,170,0.8970693349838257,0
14,171,-0.020993376150727272,0
14,172,0.20392781496047974,0
14,173,-0.12560847401618958,0
14,174,0.5367968678474426,0
14,175,0.4950104057788849,0
14,176,-0.2975212335586548,0
14,177,0.7049142122268677,0
14,178,-0.7564088106155396,0
14,179,-0.14012135565280914,0
14,180,-0.8439117670059204,0
14,181,0.28508105874061584,0
14,182,-0.25258177518844604,0
14,183,0.03126654773950577,0
14,184,0.6193782091140747,0
14,185,0.06982908397912979,0
14,186,-0.5419239401817322,0
14,187,0.6830052137374878,0
14,188,0.7605249285697937,0
14,189,-0.7627776265144348,0
14,190,-0.4095621705055237,0
14,191,-0.26415613293647766,0
14,192,-0.17728498578071594,0
14,193,0.6467587947845459,0
14,194,-0.6864995360374451,0
14,195,-0.35731640458106995,0
14,196,-0.12291783839464188,0
14,197,-0.27093714475631714,0
14,198,-0.1563478708267212,0
14,199,1.1231868267059326,0
14,200,0.5991796851158142,0
14,201,-0.31397369503974915,0
14,202,-0.5792308449745178,0
14,203,0.04413900151848793,0
14,204,-0.1280626654624939,0
14,205,0.3573530912399292,0
14,206,-0.23712626099586487,0
14,207,1.124587059020996,0
14,208,0.776413083076477,0
14,209,0.17478007078170776,0
14,210,0.1999688744544983,0
14,211,-1.005817174911499,0
14,212,1.1208938360214233,0
14,213,0.08241378515958786,0
14,214,0.6726770997047424,0
14,215,-0.20544014871120453,0
14,216,0.804384708404541,0
14,217,0.25215354561805725,0
14,218,-0.10324463248252869,0
14,219,0.02883712761104107,0
14,220,-0.3801734745502472,0
14,221,-0.11212818324565887,0
14,222,0.4744627773761749,0
14,223,-1.5831046104431152,0
14,224,0.04257844015955925,0
14,225,0.45496004819869995,0
14,226,0.3951203227043152,0
14,227,0.6614118218421936,0
14,228,0.2086755335330963,0
14,229,0.5418561697006226,0
14,230,0.17217621207237244,0
14,231,0.7385761141777039,0
14,232,1.2661986351013184,0
14,233,0.4135282635688782,0
14,234,0.3579483926296234,0
14,235,0.4277215301990509,0
14,236,1.1816993951797485,0
14,237,0.43810340762138367,0
14,238,-0.07277265936136246,0
14,239,0.0686214491724968,0
14,240,-0.24413326382637024,0
14,241,0.6230055093765259,0
14,242,0.8171687722206116,0
14,243,0.4566609263420105,0
14,244,-0.25403711199760437,0
14,245,0.42259275913238525,0
14,246,0.6857037544250488,0
14,247,-0.45028772950172424,0
14,248,-0.19141456484794617,0
14,249,0.7152995467185974,0
14,250,0.8311469554901123,0
14,251,0.5151705145835876,0
14,252,0.9508559703826904,0
14,253,0.867411196231842,0
14,254,0.7530866265296936,0
14,255,1.007601022720337,0
14,256,0.5952255725860596,0
14,257,0.4975089132785797,0
14,258,0.6177335977554321,0
14,259,1.1137700080871582,0
14,260,1.5582456588745117,0
14,261,0.5654261112213135,0
14,262,0.6620087623596191,0
14,263,0.41682279109954834,0
14,264,-0.05977519601583481,0
14,265,0.9310831427574158,0
14,266,0.6748903393745422,0
14,267,0.12136858701705933,0
14,268,1.1859148740768433,0
14,269,-0.9134911298751831,0
14,270,-0.1024402305483818,0
14,271,0.5606539845466614,0
14,272,1.5799347162246704,0
14,273,0.9973694682121277,0
14,274,0.4466235041618347,0
14,275,-0.14574182033538818,0
14,276,0.2856862545013428,0
14,277,0.9829124212265015,0
14,278,0.27891165018081665,0
14,279,1.045069932937622,0
14,280,0.5940016508102417,0
14,281,0.2715587317943573,0
14,282,-0.026118334382772446,0
14,283,0.21109263598918915,0
14,284,1.2420974969863892,0
14,285,1.2476986646652222,0
14,286,0.9235367774963379,0
14,287,1.0361645221710205,0
14,288,1.593638300895691,0
14,289,2.482954740524292,0
14,290,0.9125710129737854,0
14,291,1.1363214254379272,0
14,292,0.9864734411239624,0
14,293,0.30570411682128906,0
14,294,0.5911699533462524,0
14,295,1.4891666173934937,0
14,296,0.7163462042808533,0
14,297,0.26114019751548767,0
14,298,-0.12081794440746307,0
14,299,1.5606625080108643,0
14,300,1.2911041975021362,0
14,301,0.6585613489151001,0
14,302,-0.08294590562582016,0
14,303,1.1992865800857544,0
14,304,0.8436555862426758,0
14,305,0.14118152856826782,0
14,306,0.7837916016578674,0
14,307,1.0703366994857788,0
14,308,0.5485632419586182,0
14,309,0.1680763065814972,0
14,310,1.6740648746490479,0
14,311,0.5230625867843628,0
14,312,0.1988646239042282,0
14,313,1.5639283657073975,0
14,314,0.2717251777648926,0
14,315,-0.5744473338127136,0
14,316,-0.13736090064048767,0
14,317,1.0999109745025635,0
14,318,0.6182891726493835,0
14,319,-0.15481212735176086,0
14,320,-0.07246540486812592,0
14,321,0.6002797484397888,0
14,322,1.1039308309555054,0
14,323,1.0354418754577637,0
14,324,0.5915712118148804,0
14,325,-0.15777364373207092,0
14,326,0.8892409801483154,0
14,327,0.8714663982391357,0
14,328,1.0300805568695068,0
14,329,0.08240324258804321,0
14,330,0.07571427524089813,0
14,331,0.588218092918396,0
14,332,0.7508352398872375,0
14,333,0.6591484546661377,0
14,334,0.6406295299530029,0
14,335,0.6439204812049866,0
14,336,0.524598240852356,0
14,337,0.5215206742286682,0
14,338,0.16956891119480133,0
14,339,-0.03582536801695824,0
14,340,0.3076655864715576,0
14,341,0.9150235652923584,0
14,342,0.9029134511947632,0
14,343,0.6036257743835449,0
14,344,0.3747825622558594,0
14,345,-0.04531308636069298,0
14,346,0.7645418047904968,0
14,347,0.06931749731302261,0
14,348,-0.8044028282165527,0
14,349,0.7825755476951599,0
14,350,0.9292614459991455,0
14,351,1.3830794095993042,0
14,352,0.7928058505058289,0
14,353,-0.33730870485305786,0
14,354,-0.058846015483140945,0
14,355,0.008655945770442486,0
14,356,0.4232771694660187,0
14,357,0.2777671217918396,0
14,358,0.624362051486969,0
14,359,0.19922491908073425,0
14,360,-0.9697675704956055,0
14,361,-0.733180582523346,0
14,362,-0.16763083636760712,0
14,363,-0.06811624765396118,0
14,364,-0.0604398250579834,0
14,365,-0.37567973136901855,0
14,366,-0.6388658881187439,0
14,367,1.156961441040039,0
14,368,0.7987796068191528,0
14,369,1.6353988647460938,0
14,370,1.1412137746810913,0
14,371,-0.053242214024066925,0
14,372,0.19059360027313232,0
14,373,0.966895580291748,0
14,374,0.37944963574409485,0
14,375,0.657904326915741,0
14,376,0.2412150800228119,0
14,377,-0.026355812326073647,0
14,378,0.6335494518280029,0
14,379,0.13763639330863953,0
14,380,0.7280585169792175,0
14,381,0.6152791976928711,0
14,382,-0.010428039357066154,0
14,383,0.11035295575857162,0
14,384,-0.031622905284166336,0
14,385,0.451671302318573,0
14,386,0.6123602390289307,0
14,387,0.683073878288269,0
14,388,0.4829927980899811,0
14,389,0.7101090550422668,0
14,390,0.675352156162262,0
14,391,0.960398256778717,0
14,392,1.258695363998413,0
14,393,0.31753814220428467,0
14,394,-0.359677255153656,0
14,395,0.17716751992702484,0
14,396,0.36588186025619507,0
14,397,0.15610496699810028,0
14,398,0.5104212164878845,0
14,399,0.5570743680000305,0
14,400,-0.30219537019729614,0
14,401,0.29144495725631714,0
14,402,0.5071924328804016,0
14,403,0.14114660024642944,0
14,404,1.175846815109253,0
14,405,0.7955430150032043,0
14,406,0.6641861200332642,0
14,407,-0.4350016713142395,1
14,408,0.9763798713684082,0
14,409,1.421333909034729,1
14,410,1.1303189992904663,0
14,411,1.200514793395996,0
14,412,0.22354243695735931,0
14,413,0.4497203230857849,0
14,414,0.3395748436450958,0
14,415,-1.020544171333313,0
14,416,0.5104535818099976,0
14,417,0.9701369404792786,0
14,418,0.5802925825119019,0
14,419,0.9737415909767151,0
14,420,0.8765377998352051,0
14,421,1.1930674314498901,0
14,422,0.2958252429962158,0
14,423,0.4783148169517517,0
14,424,0.4431593418121338,0
14,425,-0.10199534893035889,0
14,426,0.7585288882255554,0
14,427,0.7729929089546204,0
14,428,-0.8308612108230591,0
14,429,0.10234957188367844,0
14,430,-0.71761155128479,0
14,431,0.27094322443008423,0
14,432,-0.015742739662528038,0
14,433,0.24427208304405212,0
14,434,0.1224295124411583,0
14,435,0.6937829852104187,0
14,436,0.09432575106620789,0
14,437,-0.1463361531496048,0
14,438,0.5065900683403015,0
14,439,0.4061535596847534,0
14,440,0.471444696187973,0
14,441,0.27597710490226746,0
14,442,1.2576782703399658,0
14,443,0.42991599440574646,0
14,444,0.6464333534240723,0
14,445,0.20230607688426971,0
14,446,-0.24519793689250946,0
14,447,0.15442337095737457,0
14,448,1.3766167163848877,0
14,449,-0.6391713619232178,0
14,450,0.7441451549530029,0
14,451,0.3611816167831421,0
14,452,-1.220151662826538,0
14,453,0.06337636709213257,0
14,454,0.6830178499221802,0
14,455,0.690801739692688,0
14,456,-0.38397032022476196,0
14,457,-0.18381460011005402,0
14,458,-0.1526435911655426,0
14,459,1.1901036500930786,0
14,460,0.7707195281982422,0
14,461,0.33390089869499207,0
14,462,0.10883264243602753,0
14,463,0.3691379725933075,0
14,464,0.027016904205083847,0
14,465,-0.2815113663673401,0
14,466,1.5621751546859741,0
14,467,0.22026336193084717,0
14,468,0.7011026740074158,0
14,469,0.4549003541469574,0
14,470,0.07080667465925217,0
14,471,0.6273216009140015,0
14,472,0.428362637758255,0
14,473,0.2940615713596344,0
14,474,0.7207632064819336,0
14,475,-0.3730633854866028,0
14,476,-0.736932098865509,0
14,477,0.597057580947876,0
14,478,0.04571326822042465,0
14,479,-0.4587744474411011,0
14,480,0.9599526524543762,0
14,481,0.5609195232391357,0
14,482,-1.2878302335739136,0
14,483,-0.07622269541025162,0
14,484,0.21449555456638336,0
14,485,1.13506019115448,0
14,486,0.7930493950843811,0
14,487,0.33291980624198914,0
14,488,0.7532129883766174,0
14,489,0.44813141226768494,0
14,490,1.2761212587356567,0
14,491,0.030263157561421394,0
14,492,0.5935196280479431,0
14,493,0.47229909896850586,0
14,494,1.3139684200286865,0
14,495,-0.8182152509689331,0
14,496,0.7455723285675049,0
14,497,0.7817265391349792,0
14,498,0.352189302444458,0
14,499,-0.1323331743478775,0
14,500,-0.5212000608444214,0
14,501,-0.29404303431510925,0
14,502,0.06674109399318695,0
14,503,0.7959761619567871,0
14,504,-0.6726894974708557,0
14,505,-0.5748756527900696,0
14,506,0.009327344596385956,0
14,507,-0.035821784287691116,0
14,508,-0.24325691163539886,0
14,509,-0.955517590045929,0
14,510,0.03592506796121597,0
14,511,0.5803426504135132,0
14,512,0.14837481081485748,0
14,513,-0.8003579378128052,0
14,514,-0.7827926874160767,0
14,515,0.6168196201324463,0
14,516,0.6184362173080444,0
14,517,0.37295928597450256,0
14,518,0.15665282309055328,0
14,519,0.22927246987819672,0
14,520,1.0141054391860962,0
14,521,1.014620065689087,0
14,522,0.9270673990249634,0
14,523,0.23394741117954254,0
14,524,0.20068636536598206,0
14,525,1.047622561454773,0
14,526,-0.03787648305296898,0
14,527,0.4363451600074768,0
14,528,1.6463613510131836,0
14,529,0.9263095259666443,0
14,530,0.9809325933456421,0
14,531,-0.09971562027931213,0
14,532,0.21772274374961853,0
14,533,-0.06502129882574081,0
14,534,0.2902812063694,0
14,535,1.0941673517227173,0
14,536,0.12575651705265045,0
14,537,0.18131783604621887,0
14,538,-0.08700339496135712,0
14,539,0.5204904079437256,0
14,540,-0.3344185948371887,0
14,541,-0.38569360971450806,0
14,542,0.5639386177062988,0
14,543,0.09665428847074509,0
14,544,0.5952311754226685,0
14,545,-0.4695279896259308,0
14,546,-0.539593517780304,0
14,547,-0.6425245404243469,0
14,548,0.5287449955940247,0
14,549,-1.2148377895355225,0
14,550,0.18119560182094574,0
14,551,-0.03912992775440216,0
14,552,0.7650744915008545,0
14,553,0.11408034712076187,0
14,554,0.9396697282791138,0
14,555,0.8816714882850647,0
14,556,0.5839215517044067,0
14,557,-0.10401845723390579,0
14,558,0.7544723749160767,0
14,559,-0.2308657020330429,0
14,560,0.365725040435791,0
14,561,0.3771733343601227,0
14,562,1.49440598487854,0
14,563,-0.9357720613479614,0
14,564,0.0015481602167710662,0
14,565,0.26998698711395264,0
14,566,-0.607176661491394,0
14,567,0.5037691593170166,0
14,568,0.1413751244544983,0
14,569,-0.5179520845413208,0
14,570,-0.6232007145881653,0
14,571,0.588485062122345,1
14,572,0.5138761401176453,0
14,573,0.47147879004478455,0
14,574,-0.5747876167297363,0
17,0,0.7730082869529724,0
17,1,0.12288930267095566,0
17,2,-0.625697672367096,0
17,3,0.2014523595571518,0
17,4,0.04181893169879913,0
17,5,1.1123907566070557,0
17,6,0.7146055698394775,0
17,7,1.0304739475250244,0
17,8,-0.4355734586715698,0
17,9,-0.049896080046892166,0
17,10,-0.023220865055918694,0
17,11,1.0502766370773315,0
17,12,0.511376678943634,0
17,13,-0.18263183534145355,0
17,14,0.08091361075639725,0
17,15,0.3220924139022827,0
17,16,0.8295047283172607,0
17,17,1.0945489406585693,0
17,18,-0.5786141157150269,0
17,19,0.2871589958667755,0
17,20,-0.5835850834846497,0
17,21,-0.31408458948135376,0
17,22,-0.7085431814193726,0
17,23,-0.1021827980875969,0
17,24,0.9576036930084229,0
17,25,0.14713966846466064,0
17,26,-0.31593653559684753,0
17,27,-0.541251003742218,0
17,28,-0.20161879062652588,0
17,29,0.6358227133750916,0
17,30,-0.3497111201286316,0
17,31,-0.23006707429885864,0
17,32,-0.03984534367918968,0
17,33,-1.2968872785568237,0
17,34,-0.33221885561943054,0
17,35,0.5755891799926758,0
17,36,0.46478837728500366,0
17,37,0.8615153431892395,0
17,38,-0.1062951609492302,0
17,39,0.24309000372886658,0
17,40,1.059333086013794,0
17,41,0.27137118577957153,0
17,42,-0.4685252904891968,0
17,43,-0.681996762752533,0
17,44,0.14394937455654144,0
17,45,-0.6014001965522766,0
17,46,-0.8311170935630798,0
17,47,0.7698715329170227,0
17,48,-0.6201087236404419,0
17,49,0.05382856726646423,0
17,50,0.5011612176895142,0
17,51,-0.07122556120157242,0
17,52,-1.0083098411560059,0
17,53,0.77044677734375,0
17,54,0.9677084684371948,0
17,55,-0.29607829451560974,0
17,56,0.7591900825500488,0
17,57,-0.34594985842704773,0
17,58,-0.07180814445018768,0
17,59,0.07422228902578354,0
17,60,0.17333194613456726,0
17,61,-1.418799638748169,0
17,62,-0.1686432957649231,0
17,63,0.002015710575506091,0
17,64,0.5015823841094971,0
17,65,-0.474386990070343,0
17,66,-0.8962159752845764,0
17,67,-0.21099267899990082,0
17,68,0.447574645280838,0
17,69,1.179756760597229,0
17,70,-0.7118711471557617,0
17,71,1.072299599647522,0
17,72,0.9339507222175598,0
17,73,0.1858813762664795,0
17,74,0.5656777620315552,0
17,75,-0.17181003093719482,0
17,76,0.6507431268692017,0
17,77,1.03916335105896,0
17,78,-1.1763296127319336,0
17,79,-1.137847900390625,0
17,80,0.6214084029197693,0
17,81,0.40766236186027527,0
17,82,0.7916598320007324,0
17,83,0.11269403994083405,0
17,84,-0.5750181078910828,0
17,85,0.9703874588012695,0
17,86,0.6721837520599365,0
17,87,-1.028297781944275,0
17,88,0.6519322991371155,0
17,89,-0.6044119596481323,0
17,90,-0.32482215762138367,0
17,91,0.8794260621070862,0
17,92,-0.3163158595561981,0
17,93,-1.0086556673049927,0
17,94,-0.6709007024765015,0
17,95,-0.06753617525100708,0
17,96,-0.12265006452798843,0
17,97,-0.41472434997558594,0
17,98,-0.29115554690361023,0
17,99,-0.6522102355957031,0
17,100,-0.14268912374973297,0
17,101,1.375187873840332,0
17,102,0.0017700607422739267,0
17,103,-0.8230624794960022,0
17,104,0.28965240716934204,0
17,105,-0.2500068247318268,0
17,106,-0.9057204723358154,0
17,107,0.42034780979156494,0
17,108,0.14822888374328613,0
17,109,0.6301448941230774,0
17,110,0.8764235973358154,0
17,111,0.43357178568840027,0
17,112,0.273433119058609,0
17,113,-0.805759072303772,0
17,114,0.9264198541641235,0
17,115,-0.4645002484321594,0
17,116,1.1646913290023804,0
17,117,0.01111268624663353,0
17,118,0.38598549365997314,0
17,119,-0.17378443479537964,0
17,120,-0.23170743882656097,0
17,121,0.4887862503528595,0
17,122,-0.6766908168792725,0
17,123,0.4019506871700287,0
17,124,-0.019529156386852264,0
17,125,-0.2567940354347229,0
17,126,-0.08964275568723679,0
17,127,0.26289045810699463,0
17,128,-0.2544862926006317,0
17,129,0.03002564236521721,0
17,130,0.3154184818267822,0
17,131,0.8980934619903564,0
17,132,-0.41386866569519043,0
17,133,0.9377675652503967,0
17,134,0.11501503735780716,0
17,135,0.11892464011907578,0
17,136,1.0055241584777832,0
17,137,0.5255773067474365,0
17,138,-0.5730057954788208,0
17,139,-0.4704705476760864,0
17,140,0.5891220569610596,0
17,141,-0.5279091000556946,0
17,142,-0.5953445434570312,0
17,143,-1.2602252960205078,0
17,144,-1.059324860572815,0
17,145,-0.7103204131126404,0
17,146,0.4290544092655182,0
17,147,0.1308315396308899,0
17,148,-0.32455435395240784,0
17,149,-0.9405500292778015,0
17,150,0.5912578105926514,0
17,151,0.7141101956367493,0
17,152,-0.31158387660980225,0
17,153,0.3356148302555084,0
17,154,-1.1374363899230957,0
17,155,-0.9909124374389648,0
17,156,0.29144662618637085,0
17,157,-0.434688001871109,0
17,158,0.2410978227853775,0
17,159,-0.3506854176521301,0
17,160,-0.3349284827709198,0
17,161,-0.3985188603401184,0
17,162,0.24008652567863464,0
17,163,0.07884958386421204,0
17,164,-0.17435002326965332,0
17,165,-0.767597496509552,0
17,166,-1.412992238998413,0
17,167,0.5096755623817444,0
17,168,0.7168340682983398,0
17,169,1.1318647861480713,0
17,170,-0.16990168392658234,0
17,171,-0.3749763071537018,0
17,172,0.11299760639667511,0
17,173,0.9412719011306763,0
17,174,-0.033553797751665115,0
17,175,0.8316885232925415,0
17,176,0.2081948071718216,0
17,177,-0.11818305402994156,0
17,178,0.1782974749803543,0
17,179,-0.18616162240505219,0
17,180,0.5712629556655884,0
17,181,-0.749919593334198,0
17,182,-0.25436702370643616,0
17,183,-0.35610926151275635,0
17,184,-1.046398639678955,0
17,185,-0.4291022717952728,0
17,186,-0.910114586353302,0
17,187,-0.36827507615089417,0
17,188,0.4755733013153076,0
17,189,-0.7788460850715637,0
17,190,0.047642067074775696,0
17,191,-1.1793396472930908,0
17,192,-0.7028669714927673,0
17,193,-0.16745106875896454,0
17,194,0.9084289073944092,0
17,195,-0.969236433506012,0
17,196,0.356932133436203,0
17,197,-1.0088508129119873,0
17,198,0.25337308645248413,0
17,199,-0.75166916847229,0
17,200,-0.2917422950267792,0
17,201,-0.9781244397163391,0
17,202,-0.18064722418785095,0
17,203,-0.5523598194122314,0
17,204,0.28448936343193054,0
17,205,-0.9265562295913696,0
17,206,-0.06707178801298141,0
17,207,-0.45537692308425903,0
17,208,-0.7731735110282898,0
17,209,0.413119912147522,0
17,210,-1.6546837091445923,0
17,211,1.0544525384902954,0
17,212,0.2471558302640915,0
17,213,-0.2493334263563156,0
17,214,-0.5022405982017517,0
17,215,-0.7181099057197571,0
17,216,1.0749765634536743,0
17,217,0.21523287892341614,0
17,218,-0.4517326354980469,0
17,219,0.9057937860488892,0
17,220,0.004083957988768816,0
17,221,0.10170996934175491,0
17,222,0.29537010192871094,0
17,223,0.35802727937698364,0
17,224,-0.6678737998008728,0
17,225,-0.8547161221504211,0
17,226,-0.15086349844932556,0
17,227,-0.5309084057807922,0
17,228,0.13272212445735931,0
17,229,0.7182928323745728,0
17,230,-0.2782338559627533,0
17,231,1.485203504562378,0
17,232,0.24779461324214935,0
17,233,0.3902949094772339,0
17,234,-1.3078714609146118,0
17,235,-1.0956794023513794,0
17,236,0.33298879861831665,0
17,237,-0.34659141302108765,0
17,238,-1.3432600498199463,0
17,239,-0.9173973202705383,0
17,240,0.005366445053368807,0
17,241,-0.4496951401233673,0
17,242,0.004233477637171745,0
17,243,0.9276630878448486,0
17,244,-0.8111632466316223,0
17,245,-0.17119060456752777,0
17,246,0.6952224373817444,0
17,247,-0.15561041235923767,0
17,248,0.5012129545211792,0
17,249,-1.0172607898712158,0
17,250,-0.33702245354652405,0
17,251,-0.08110883831977844,0
17,252,-0.6935235261917114,0
17,253,0.12903672456741333,0
17,254,-0.9205468893051147,0
17,255,0.3683016300201416,0
17,256,-0.46448954939842224,0
17,257,0.6414123773574829,0
17,258,0.7704249024391174,0
17,259,0.3253861963748932,0
17,260,-0.42885822057724,0
17,261,0.7510042190551758,0
17,262,-0.04285614192485809,0
17,263,-0.16213588416576385,0
17,264,0.5806787610054016,0
17,265,-0.16885925829410553,0
17,266,0.07390207797288895,0
17,267,0.6592472195625305,0
17,268,-0.585838794708252,0
17,269,0.30463260412216187,0
17,270,0.5655540823936462,0
17,271,-0.3246068060398102,0
17,272,0.31304243206977844,0
17,273,-0.7358984351158142,0
17,274,-0.6122968196868896,0
17,275,0.11210276186466217,0
17,276,-0.7051822543144226,0
17,277,0.01158103533089161,0
17,278,-0.43265238404273987,0
17,279,-0.4131369888782501,0
17,280,0.18759505450725555,0
17,281,-0.40964585542678833,0
17,282,0.6657240986824036,0
17,283,1.834997534751892,0
17,284,-0.24824246764183044,0
17,285,-0.22163406014442444,0
17,286,-0.4365210235118866,0
17,287,0.8918008208274841,0
17,288,-0.2551387548446655,0
17,289,-1.0969163179397583,0
17,290,-0.1207026019692421,0
17,291,-0.24858322739601135,0
17,292,-0.16245412826538086,0
17,293,0.03509678319096565,0
17,294,0.3099842965602875,0
17,295,0.3185274302959442,0
17,296,0.4393828809261322,0
17,297,-0.37939247488975525,0
17,298,-0.056895460933446884,0
17,299,0.5395460724830627,0
17,300,-0.40693551301956177,0
17,301,0.4099876880645752,0
17,302,0.10603805631399155,0
17,303,0.5599009990692139,0
17,304,0.10696353763341904,0
17,305,0.23353146016597748,0
17,306,0.6898705959320068,0
17,307,-0.5228939056396484,0
17,308,0.412566602230072,0
17,309,0.08216018974781036,0
17,310,0.5863309502601624,0
17,311,0.4215738773345947,0
17,312,1.1167725324630737,0
17,313,0.8426067233085632,0
17,314,0.33824557065963745,0
17,315,0.33493363857269287,0
17,316,0.7100389003753662,0
17,317,0.7848884463310242,0
17,318,-0.13654251396656036,0
17,319,-0.04101872444152832,0
17,320,0.6738981008529663,0
17,321,0.04842521250247955,0
17,322,0.1580248773097992,0
17,323,0.6596691012382507,0
17,324,-0.4656088650226593,0
17,325,-0.568403422832489,0
17,326,-0.5621517300605774,0
17,327,0.9109616279602051,0
17,328,0.36816611886024475,0
17,329,0.40930822491645813,0
17,330,-0.7975527048110962,0
17,331,-0.6424305438995361,0
17,332,0.8580783009529114,0
17,333,0.2417072355747223,0
17,334,0.2838883399963379,0
17,335,0.16623900830745697,0
17,336,-0.26135003566741943,0
17,337,0.6342967748641968,0
17,338,0.06746359169483185,0
17,339,-0.1888340562582016,0
17,340,0.15701858699321747,0
17,341,0.1708342581987381,0
17,342,0.579018235206604,0
17,343,-0.24766111373901367,0
17,344,-0.8231533765792847,0
17,345,0.27871444821357727,0
17,346,-0.3976902365684509,0
17,347,-0.24782153964042664,0
17,348,0.19085822999477386,0
17,349,0.21393410861492157,0
17,350,-0.12500038743019104,0
17,351,0.040864791721105576,0
17,352,-0.1926620602607727,0
17,353,-0.7654542326927185,0
17,354,-0.33463484048843384,0
17,355,-0.42060717940330505,0
17,356,0.0591701939702034,0
17,357,-0.827815592288971,0
17,358,-0.23737598955631256,0
17,359,-0.31020644307136536,0
17,360,0.5742940306663513,0
17,361,0.3656297028064728,0
17,362,0.5400369167327881,0
17,363,0.17826691269874573,0
17,364,-0.11465645581483841,0
17,365,-0.04706200584769249,0
17,366,-0.2442406415939331,0
17,367,0.17166125774383545,0
17,368,0.09277425706386566,0
17,369,0.10480420291423798,0
17,370,-0.295509934425354,0
17,371,0.34819477796554565,0
17,372,0.286805659532547,0
17,373,0.0050514936447143555,0
17,374,0.11524852365255356,0
17,375,0.63373202085495,0
17,376,-0.36689725518226624,0
17,377,-0.1325150579214096,0
17,378,0.08333945274353027,0
17,379,-0.055399853736162186,0
17,380,0.4386104345321655,0
17,381,1.2178832292556763,0
17,382,0.4717864394187927,0
17,383,0.35887619853019714,0
17,384,-0.17026957869529724,0
17,385,0.0675952136516571,0
17,386,0.5712552666664124,0
17,387,0.1870432198047638,0
17,388,0.4626205563545227,0
17,389,-0.6204730272293091,0
17,390,0.5476544499397278,0
17,391,-1.168885588645935,0
17,392,0.19760842621326447,0
17,393,0.2091306895017624,0
17,394,1.2169564962387085,0
17,395,0.5071492195129395,0
17,396,-0.2600354850292206,0
17,397,0.2790769338607788,0
17,398,-0.23164652287960052,0
17,399,-0.10230085253715515,0
17,400,0.6867148876190186,0
17,401,0.9143902659416199,0
17,402,0.12127813696861267,0
17,403,1.1921603679656982,0
17,404,-0.6047767996788025,0
17,405,-0.09822141379117966,0
17,406,-0.15023022890090942,0
17,407,0.6375169157981873,1
17,408,0.017162436619400978,0
17,409,0.2733134627342224,1
17,410,-0.39161381125450134,0
17,411,-0.8122621178627014,0
17,412,0.9141321182250977,0
17,413,1.312400221824646,0
17,414,0.4574575424194336,0
17,415,0.6428474187850952,0
17,416,0.3156059682369232,0
17,417,0.1810387223958969,0
17,418,0.5073134303092957,0
17,419,0.41861069202423096,0
17,420,0.6529062390327454,0
17,421,-0.09072835743427277,0
17,422,0.8423997759819031,0
17,423,0.05646204948425293,0
17,424,0.638863742351532,0
17,425,0.6417539119720459,0
17,426,0.850757360458374,0
17,427,-0.5775253772735596,0
17,428,-0.1979733258485794,0
17,429,-1.623506784439087,0
17,430,-1.2346752882003784,0
17,431,-0.5653588175773621,0
17,432,-0.2713136672973633,0
17,433,0.2007506787776947,0
17,434,0.11311933398246765,0
17,435,0.0732031762599945,0
17,436,1.1054514646530151,0
17,437,0.1359938383102417,0
17,438,-0.6888352036476135,0
17,439,-0.050910260528326035,0
17,440,-0.5670449137687683,0
17,441,-1.3396906852722168,0
17,442,0.3121456801891327,0
17,443,0.25824329257011414,0
17,444,-1.0985993146896362,0
17,445,-0.3915959894657135,0
17,446,0.3224390149116516,0
17,447,0.40503621101379395,0
17,448,1.003524899482727,0
17,449,-0.8909515738487244,0
17,450,0.7664508819580078,0
17,451,-0.5594056248664856,0
17,452,0.36510777473449707,0
17,453,-1.277908205986023,0
17,454,0.9993327856063843,0
17,455,-0.027859298512339592,0
17,456,0.059865232557058334,0
17,457,-0.3747973144054413,0
17,458,0.8324318528175354,0
17,459,0.23446522653102875,0
17,460,-0.15162000060081482,0
17,461,0.6166263222694397,0
17,462,0.16321252286434174,0
17,463,-0.14109987020492554,0
17,464,-0.4612710177898407,0
17,465,-0.2622021734714508,0
17,466,0.28829139471054077,0
17,467,-0.9094468355178833,0
17,468,-0.1396252065896988,0
17,469,0.5311513543128967,0
17,470,0.014309601858258247,0
17,471,0.32876917719841003,0
17,472,0.3190869390964508,0
17,473,0.4681204855442047,0
17,474,0.2334071546792984,0
17,475,0.46543872356414795,0
17,476,0.6643387079238892,0
17,477,-0.9702752828598022,0
17,478,-0.19319604337215424,0
17,479,0.274129718542099,0
17,480,1.0703104734420776,0
17,481,-0.08580649644136429,0
17,482,0.539734423160553,0
17,483,-0.3544969856739044,0
17,484,-0.1845586597919464,0
17,485,0.4242176115512848,0
17,486,-1.0443755388259888,0
17,487,0.18455025553703308,0
17,488,0.16156969964504242,0
17,489,0.16546154022216797,0
17,490,-0.008544951677322388,0
17,491,-0.3899674117565155,0
17,492,0.01081900205463171,0
17,493,-0.01817305013537407,0
17,494,-1.3290201425552368,0
17,495,-0.39498382806777954,0
17,496,0.01847367361187935,0
17,497,0.15170516073703766,0
17,498,0.5330238938331604,0
17,499,-0.22866176068782806,0
17,500,0.1468024104833603,0
17,501,0.710613489151001,0
17,502,-0.24729521572589874,0
17,503,-1.1936454772949219,0
17,504,-0.5219920873641968,0
17,505,0.12633034586906433,0
17,506,-0.40029239654541016,0
17,507,-0.0030371281318366528,0
17,508,-0.3824937045574188,0
17,509,-0.07474439591169357,0
17,510,-0.4147301912307739,0
17,511,0.3391304910182953,0
17,512,0.578874409198761,0
17,513,-0.8747960329055786,0
17,514,-0.29601481556892395,0
17,515,0.01972152478992939,0
17,516,-0.10307459533214569,0
17,517,-0.36908331513404846,0
17,518,0.6952725648880005,0
17,519,1.264954924583435,0
17,520,-0.4220130741596222,0
17,521,-0.2029561996459961,0
17,522,0.38977381587028503,0
17,523,-1.4756853580474854,0
17,524,-0.016723155975341797,0
17,525,0.3095424771308899,0
17,526,0.5030786991119385,0
17,527,0.5676947832107544,0
17,528,-1.010959267616272,0
17,529,-0.6279942989349365,0
17,530,-0.422124981880188,0
17,531,0.8729197978973389,0
17,532,-0.04337802529335022,0
17,533,0.0011323197977617383,0
17,534,0.39116325974464417,0
17,535,0.1322350800037384,0
17,536,-0.7436098456382751,0
17,537,-0.3563937842845917,0
17,538,-0.5815469026565552,0
17,539,-1.0583038330078125,0
17,540,-0.320443719625473,0
17,541,-0.43051451444625854,0
17,542,0.6206351518630981,0
17,543,-1.305965542793274,0
17,544,-0.9587723612785339,0
17,545,0.1691656857728958,0
17,546,-0.26673623919487,0
17,547,-0.39230555295944214,0
17,548,0.03863908350467682,0
17,549,0.13242462277412415,0
17,550,0.0547558069229126,0
17,551,0.539440393447876,0
17,552,-1.0058339834213257,0
17,553,-0.5763496160507202,0
17,554,-1.5402368307113647,0
17,555,-0.3325439989566803,0
17,556,-0.029791079461574554,0
17,557,-1.4947017431259155,0
17,558,-0.5072939991950989,0
17,559,-0.1401239037513733,0
17,560,0.27018675208091736,0
17,561,-0.07880045473575592,0
17,562,-0.7207356691360474,0
17,563,0.8245579600334167,0
17,564,-0.8853641748428345,0
17,565,-0.20919418334960938,0
17,566,-0.9706389904022217,0
17,567,-0.6300703883171082,0
17,568,-0.21318544447422028,0
17,569,0.4767727255821228,0
17,570,0.17908838391304016,0
17,571,-0.2307523936033249,1
17,572,-1.5044723749160767,0
17,573,0.559268057346344,0
17,574,-0.3382812440395355,0
20,0,-0.6790728569030762,0
20,1,-0.2711884081363678,0
20,2,0.21039167046546936,0
20,3,0.38774722814559937,0
20,4,-0.026057438924908638,0
20,5,0.5204259157180786,0
20,6,0.13569457828998566,0
20,7,-0.013935670256614685,0
20,8,-0.05574573203921318,0
20,9,0.07990889251232147,0
20,10,0.1475219428539276,0
20,11,1.068489909172058,0
20,12,1.5185084342956543,0
20,13,1.084889531135559,0
20,14,-0.6232057809829712,0
20,15,-0.5994582176208496,0
20,16,0.49494490027427673,0
20,17,1.2412505149841309,0
20,18,-0.5922201871871948,0
20,19,-0.8379589319229126,0
20,20,-0.35312172770500183,0
20,21,-0.3576183319091797,0
20,22,0.8246557712554932,0
20,23,1.175380825996399,0
20,24,0.7179473638534546,0
20,25,0.0745704174041748,0
20,26,0.0552944578230381,0
20,27,-0.25577792525291443,0
20,28,0.14766882359981537,0
20,29,0.0278845876455307,0
20,30,0.16154277324676514,0
20,31,0.46018433570861816,0
20,32,0.20027747750282288,0
20,33,-0.03391002491116524,0
20,34,0.4390900433063507,0
20,35,0.16839170455932617,0
20,36,0.07195515185594559,0
20,37,-0.0412956178188324,0
20,38,-0.5462667942047119,0
20,39,0.1250450164079666,0
20,40,-0.31231948733329773,0
20,41,0.5548083186149597,0
20,42,-0.5542094707489014,0
20,43,-0.3837014436721802,0
20,44,0.5886549949645996,0
20,45,-0.06213836371898651,0
20,46,0.5748390555381775,0
20,47,-0.5794847011566162,0
20,48,0.6554516553878784,0
20,49,0.24058738350868225,0
20,50,0.34400784969329834,0
20,51,0.6215162873268127,0
20,52,-0.15994317829608917,0
20,53,0.3280090093612671,0
20,54,0.3027263879776001,0
20,55,-0.14280548691749573,0
20,56,0.041308656334877014,0
20,57,-0.20976324379444122,0
20,58,0.7234095931053162,0
20,59,-0.5193809866905212,0
20,60,1.0714983940124512,0
20,61,0.19987930357456207,0
20,62,1.2877981662750244,0
20,63,0.25409308075904846,0
20,64,-0.18091045320034027,0
20,65,0.02035236544907093,0
20,66,0.2569984495639801,0
20,67,-0.99992436170578,0
20,68,-0.04660705104470253,0
20,69,0.1664816439151764,0
20,70,0.42132943868637085,0
20,71,0.5596504807472229,0
20,72,0.5942424535751343,0
20,73,0.3950454294681549,0
20,74,0.06403188407421112,0
20,75,0.534726083278656,0
20,76,0.7536075711250305,0
20,77,0.4040504992008209,0
20,78,-0.07529173046350479,0
20,79,-0.0116558987647295,0
20,80,0.08173815160989761,0
20,81,0.20219464600086212,0
20,82,-0.4995429813861847,0
20,83,-0.8035289645195007,0
20,84,-0.3412300944328308,0
20,85,1.1629337072372437,0
20,86,1.0785704851150513,0
20,87,0.11359531432390213,0
20,88,0.27643123269081116,0
20,89,-0.021595295518636703,0
20,90,0.5504873991012573,0
20,91,0.00034811164368875325,0
20,92,-0.3905962407588959,0
20,93,-0.02278480865061283,0
20,94,-0.17237618565559387,0
20,95,0.5770655274391174,0
20,96,0.7014490365982056,0
20,97,-0.2113126665353775,0
20,98,0.5828670859336853,0
20,99,-0.047900017350912094,0
20,100,0.549086332321167,0
20,101,0.6246324181556702,0
20,102,-0.5312212109565735,0
20,103,-0.3661177456378937,0
20,104,-0.049599967896938324,0
20,105,0.5780236721038818,0
20,106,-0.08990100771188736,0
20,107,-0.0025794277898967266,0
20,108,0.7732426524162292,0
20,109,0.45421719551086426,0
20,110,0.9128077030181885,0
20,111,1.0940666198730469,0
20,112,-0.41598308086395264,0
20,113,0.025044938549399376,0
20,114,0.39009717106819153,0
20,115,-0.016985325142741203,0
20,116,0.4029778838157654,0
20,117,-0.004868810065090656,0
20,118,1.2003768682479858,0
20,119,0.1128569096326828,0
20,120,-0.15579287707805634,0
20,121,0.6841587424278259,0
20,122,0.8940404057502747,0
20,123,0.6817499995231628,0
20,124,-0.6118828654289246,0
20,125,-0.2381683737039566,0
20,126,0.7368243932723999,0
20,127,-0.30523258447647095,0
20,128,0.7493025660514832,0
20,129,-0.44849979877471924,0
20,130,0.963183581829071,0
20,131,-0.4181959629058838,0
20,132,-0.055559951812028885,0
20,133,-0.1237933412194252,0
20,134,1.0836293697357178,0
20,135,0.03393929451704025,0
20,136,0.3485089838504791,0
20,137,0.661822497844696,0
20,138,0.22632016241550446,0
20,139,0.03274751082062721,0
20,140,-0.09258128702640533,0
20,141,-0.46452322602272034,0
20,142,-0.10816066712141037,0
20,143,0.040487583726644516,0
20,144,-0.9823921918869019,0
20,145,-0.8321912288665771,0
20,146,0.05036604031920433,0
20,147,-0.06735353916883469,0
20,148,-0.9453433156013489,0
20,149,-0.03454717993736267,0
20,150,0.42032182216644287,0
20,151,1.044228196144104,0
20,152,-1.2712336778640747,0
20,153,0.7621007561683655,0
20,154,-0.44527196884155273,0
20,155,-0.1797509491443634,0
20,156,0.9532665610313416,0
20,157,0.7749310731887817,0
20,158,-0.43008700013160706,0
20,159,-0.35875263810157776,0
20,160,-0.7300758957862854,0
20,161,0.019049780443310738,0
20,162,1.3724840879440308,0
20,163,0.4870663583278656,0
20,164,0.5649433732032776,0
20,165,-0.43815404176712036,0
20,166,-0.13759101927280426,0
20,167,0.2333563268184662,0
20,168,0.20292313396930695,0
20,169,0.32237809896469116,0
20,170,1.0906896591186523,0
20,171,-0.24136780202388763,0
20,172,0.8735737204551697,0
20,173,0.6267315745353699,0
20,174,0.9957937002182007,0
20,175,0.2715494632720947,0
20,176,-0.6009709239006042,0
20,177,0.5300156474113464,0
20,178,-0.7495723962783813,0
20,179,-1.1879554986953735,0
20,180,-0.13392691314220428,0
20,181,-0.056455306708812714,0
20,182,-0.34432628750801086,0
20,183,-0.03053870238363743,0
20,184,0.694619357585907,0
20,185,0.20799784362316132,0
20,186,-0.49638816714286804,0
20,187,0.28960147500038147,0
20,188,0.49856531620025635,0
20,189,-0.41067737340927124,0
20,190,0.010731219314038754,0
20,191,-0.4765990376472473,0
20,192,-0.7585645318031311,0
20,193,0.4433433413505554,0
20,194,-0.8236551880836487,0
20,195,-0.4532413184642792,0
20,196,-9.298072836827487e-05,0
20,197,-0.01635345071554184,0
20,198,0.2493385225534439,0
20,199,0.3193981349468231,0
20,200,0.6419673562049866,0
20,201,0.0592193529009819,0
20,202,-0.08091635257005692,0
20,203,-0.04235793277621269,0
20,204,0.40503302216529846,0
20,205,-0.6602922677993774,0
20,206,-0.07839719206094742,0
20,207,1.1039406061172485,0
20,208,0.6672990918159485,0
20,209,-0.03790232911705971,0
20,210,-0.426022469997406,0
20,211,-0.47249189019203186,0
20,212,0.46596112847328186,0
20,213,-0.33895212411880493,0
20,214,0.6387342214584351,0
20,215,-0.24571764469146729,0
20,216,0.43736353516578674,0
20,217,-0.3992016017436981,0
20,218,0.016643596813082695,0
20,219,0.8371096849441528,0
20,220,0.5244740843772888,0
20,221,-0.021296778693795204,0
20,222,0.6427057981491089,0
20,223,-1.5872745513916016,0
20,224,-0.8491872549057007,0
20,225,0.1981702744960785,0
20,226,0.3816731572151184,0
20,227,-0.5457728505134583,0
20,228,-0.2013085037469864,0
20,229,0.4564160704612732,0
20,230,-0.10865329951047897,0
20,231,0.4553726315498352,0
20,232,0.9750739336013794,0
20,233,0.37485381960868835,0
20,234,0.12835419178009033,0
20,235,-0.37452977895736694,0
20,236,0.48524969816207886,0
20,237,-0.37062397599220276,0
20,238,-0.10426193475723267,0
20,239,0.3535349667072296,0
20,240,0.2433314174413681,0
20,241,0.04695148020982742,0
20,242,0.6837950348854065,0
20,243,-0.30934053659439087,0
20,244,-0.3999701738357544,0
20,245,0.8423036336898804,0
20,246,0.7219991087913513,0
20,247,0.09202072769403458,0
20,248,0.46748656034469604,0
20,249,-0.024563979357481003,0
20,250,0.960756778717041,0
20,251,0.24673005938529968,0
20,252,0.2533648610115051,0
20,253,0.42291298508644104,0
20,254,-0.004450125619769096,0
20,255,1.433369755744934,0
20,256,1.1215407848358154,0
20,257,0.9411619901657104,0
20,258,1.2875659465789795,0
20,259,-0.017801886424422264,0
20,260,0.15844683349132538,0
20,261,-0.022133441641926765,0
20,262,-0.12361348420381546,0
20,263,-0.3414638042449951,0
20,264,-0.37728944420814514,0
20,265,0.8148284554481506,0
20,266,0.2603488862514496,0
20,267,0.20592114329338074,0
20,268,0.383535236120224,0
20,269,-1.0577338933944702,0
20,270,0.4641345739364624,0
20,271,-0.6162816286087036,0
20,272,0.7238970994949341,0
20,273,0.40955787897109985,0
20,274,-0.12662121653556824,0
20,275,-0.6869868040084839,0
20,276,-0.26930496096611023,0
20,277,0.8805080652236938,0
20,278,0.051947448402643204,0
20,279,-0.10336631536483765,0
20,280,0.7721456289291382,0
20,281,0.0009994562715291977,0
20,282,0.19609202444553375,0
20,283,1.0840295553207397,0
20,284,-0.156509667634964,0
20,285,0.6969779133796692,0
20,286,-0.09277645498514175,0
20,287,0.6368802785873413,0
20,288,0.25754162669181824,0
20,289,0.7725481390953064,0
20,290,0.1250026673078537,0
20,291,0.5635019540786743,0
20,292,0.2566734254360199,0
20,293,0.2468821406364441,0
20,294,0.6279577612876892,0
20,295,0.9389166235923767,0
20,296,0.28255242109298706,0
20,297,0.657016396522522,0
20,298,-0.09114432334899902,0
20,299,0.6131526827812195,0
20,300,0.9602946043014526,0
20,301,0.33670833706855774,0
20,302,0.329932302236557,0
20,303,0.8511366248130798,0
20,304,0.6023052334785461,0
20,305,0.006571086589246988,0
20,306,0.3067696988582611,0
20,307,0.05708460509777069,0
20,308,0.044910166412591934,0
20,309,0.46854886412620544,0
20,310,1.0592149496078491,0
20,311,-0.31138676404953003,0
20,312,-0.41352176666259766,0
20,313,0.7273795008659363,0
20,314,-0.05743679031729698,0
20,315,-0.7722931504249573,0
20,316,-0.12148753553628922,1
20,317,0.38284242153167725,0
20,318,0.08457594364881516,0
20,319,-0.3894871175289154,0
20,320,0.5799464583396912,0
20,321,1.14537513256073,0
20,322,2.3835785388946533,0
20,323,1.278693675994873,0
20,324,1.5439790487289429,0
20,325,0.6059921979904175,0
20,326,0.8090518116950989,0
20,327,2.2213921546936035,0
20,328,1.02169668674469,0
20,329,0.05822887644171715,0
20,330,0.5100953578948975,1
20,331,-0.09174453467130661,0
20,332,0.6815886497497559,1
20,333,0.5652309656143188,0
20,334,0.59991455078125,0
20,335,0.011448719538748264,0
20,336,0.6519391536712646,0
20,337,0.24638481438159943,0
20,338,0.15491554141044617,0
20,339,-0.08522161096334457,0
20,340,0.062402740120887756,0
20,341,0.3291374146938324,0
20,342,0.2635796368122101,0
20,343,0.6669117212295532,0
20,344,0.39364010095596313,0
20,345,0.5214961171150208,0
20,346,0.22130107879638672,0
20,347,0.2946555018424988,0
20,348,-0.03890450671315193,0
20,349,1.0446281433105469,0
20,350,0.43601590394973755,0
20,351,0.7979989051818848,0
20,352,0.6197216510772705,0
20,353,-0.8677698373794556,0
20,354,-0.7268005013465881,0
20,355,-0.6001511216163635,0
20,356,0.7598371505737305,0
20,357,0.09255820512771606,0
20,358,0.2329609990119934,0
20,359,-0.28550484776496887,0
20,360,-0.12606310844421387,0
20,361,-0.09107962250709534,0
20,362,0.24980176985263824,0
20,363,0.22984196245670319,0
20,364,-0.44167888164520264,0
20,365,-0.32415032386779785,0
20,366,0.1153191551566124,0
20,367,-0.21361728012561798,0
20,368,-0.3533903956413269,0
20,369,0.15137335658073425,0
20,370,0.2901034355163574,0
20,371,-0.3513331413269043,0
20,372,0.054612837731838226,0
20,373,0.014417782425880432,0
20,374,-0.34899938106536865,0
20,375,-0.17984558641910553,0
20,376,-0.033329132944345474,0
20,377,-0.8562904000282288,0
20,378,0.1926037222146988,0
20,379,-0.26970911026000977,0
20,380,-0.20530669391155243,0
20,381,0.965429425239563,0
20,382,-0.15553255379199982,0
20,383,-0.13258208334445953,0
20,384,-0.40123507380485535,0
20,385,0.45900827646255493,0
20,386,0.25490936636924744,0
20,387,-0.3989628553390503,0
20,388,-0.16177190840244293,0
20,389,-0.43085992336273193,0
20,390,0.32863014936447144,0
20,391,0.23558968305587769,0
20,392,0.6752440333366394,0
20,393,-0.2537502646446228,0
20,394,0.0890779122710228,0
20,395,0.02531374618411064,0
20,396,0.7513166666030884,0
20,397,0.0461074635386467,0
20,398,-0.5773984789848328,0
20,399,0.952815592288971,0
20,400,0.13167549669742584,0
20,401,1.036921739578247,0
20,402,0.23459398746490479,0
20,403,0.19056275486946106,0
20,404,0.1284421980381012,0
20,405,0.6984590291976929,0
20,406,0.5968163013458252,0
20,407,0.9263577461242676,0
20,408,0.4184797406196594,0
20,409,0.7803101539611816,0
20,410,0.45986703038215637,0
20,411,0.2889910638332367,0
20,412,1.295026421546936,0
20,413,1.2727142572402954,0
20,414,0.5175087451934814,0
20,415,0.18325358629226685,0
20,416,1.0556185245513916,0
20,417,1.432420253753662,0
20,418,1.249833345413208,0
20,419,0.46831682324409485,0
20,420,1.213037133216858,0
20,421,0.655815601348877,0
20,422,0.609286904335022,0
20,423,0.14903058111667633,0
20,424,0.7478989362716675,0
20,425,0.6338549852371216,0
20,426,0.5356967449188232,0
20,427,-0.10215125232934952,0
20,428,-0.46770936250686646,0
20,429,0.3504024147987366,0
20,430,-0.03741235285997391,0
20,431,0.5885315537452698,0
20,432,0.08386188000440598,0
20,433,-0.10422239452600479,0
20,434,0.24748405814170837,0
20,435,0.3564240038394928,0
20,436,-0.061388492584228516,0
20,437,0.2082120031118393,0
20,438,-0.44965651631355286,0
20,439,1.206601619720459,0
20,440,0.6205846071243286,0
20,441,-0.12381815165281296,0
20,442,1.0863689184188843,0
20,443,0.06370241194963455,0
20,444,0.25022590160369873,0
20,445,-0.15025769174098969,0
20,446,-0.013731551356613636,0
20,447,0.9435527324676514,0
20,448,0.7543758153915405,0
20,449,-1.197461485862732,0
20,450,1.1337027549743652,0
20,451,0.01596866175532341,0
20,452,-0.2000967413187027,0
20,453,0.3156951069831848,0
20,454,0.26054510474205017,0
20,455,0.4982512891292572,0
20,456,-0.35804861783981323,0
20,457,-0.5137730240821838,0
20,458,0.07700754702091217,0
20,459,0.43744030594825745,0
20,460,0.17460355162620544,0
20,461,0.12017073482275009,0
20,462,0.6454447507858276,0
20,463,0.5717515349388123,0
20,464,-0.5004352331161499,0
20,465,-0.18810035288333893,0
20,466,0.6000970005989075,0
20,467,-0.2927955090999603,0
20,468,1.1064293384552002,0
20,469,1.1480350494384766,0
20,470,0.32882019877433777,0
20,471,0.8223747611045837,0
20,472,1.385353922843933,0
20,473,1.0020089149475098,0
20,474,1.1557772159576416,0
20,475,0.8501845598220825,0
20,476,-0.45975956320762634,0
20,477,0.009098206646740437,0
20,478,0.37846097350120544,0
20,479,-0.25324010848999023,0
20,480,0.852385938167572,0
20,481,0.25015878677368164,0
20,482,-0.032632049173116684,0
20,483,0.025746380910277367,0
20,484,0.16232481598854065,0
20,485,0.6544976830482483,0
20,486,1.025034785270691,0
20,487,0.9459377527236938,0
20,488,0.7675706148147583,0
20,489,0.5466127395629883,0
20,490,0.37377068400382996,0
20,491,0.13941620290279388,0
20,492,-0.23554348945617676,0
20,493,-0.6884372234344482,0
20,494,0.18051448464393616,0
20,495,-0.2158363163471222,0
20,496,-0.10829952359199524,0
20,497,0.024104353040456772,0
20,498,-0.3560492694377899,0
20,499,-0.2608296275138855,0
20,500,-0.20095457136631012,0
20,501,-0.47359588742256165,0
20,502,0.1368732452392578,0
20,503,0.12903478741645813,0
20,504,-0.2167510986328125,0
20,505,0.38924410939216614,0
20,506,0.5434533357620239,0
20,507,-0.4219200611114502,0
20,508,-0.10363880544900894,0
20,509,-0.23569414019584656,0
20,510,-0.44291001558303833,0
20,511,0.2572751045227051,0
20,512,0.9703086018562317,0
20,513,-0.7314643859863281,0
20,514,-0.14475417137145996,0
20,515,0.9065154194831848,0
20,516,1.4902676343917847,0
20,517,1.197928786277771,0
20,518,1.316514015197754,0
20,519,0.39537733793258667,0
20,520,0.24810752272605896,0
20,521,0.3711039125919342,0
20,522,-0.0948658362030983,0
20,523,-0.05920882523059845,0
20,524,0.4254951477050781,0
20,525,0.8313406705856323,0
20,526,0.09128712862730026,0
20,527,0.401019424200058,0
20,528,-0.12928853929042816,0
20,529,0.4424024224281311,0
20,530,1.217556118965149,0
20,531,0.31379735469818115,0
20,532,1.3293555974960327,0
20,533,-0.19945403933525085,0
20,534,0.08843927830457687,0
20,535,0.4109795093536377,0
20,536,-0.7575536370277405,0
20,537,-0.27786463499069214,0
20,538,0.2202058732509613,0
20,539,-0.16578450798988342,0
20,540,-0.3488949239253998,0
20,541,-0.5582569241523743,0
20,542,0.8432331681251526,0
20,543,-0.45559394359588623,0
20,544,0.05866547301411629,0
20,545,0.5902429819107056,0
20,546,-0.0458872988820076,0
20,547,-0.21399278938770294,0
20,548,-0.24001869559288025,0
20,549,-0.49963364005088806,0
20,550,0.2481416016817093,0
20,551,0.08884471654891968,0
20,552,0.7647809982299805,0
20,553,0.6290149688720703,0
20,554,-0.2736872136592865,0
20,555,0.20672757923603058,0
20,556,1.512250542640686,0
20,557,-0.1900915801525116,0
20,558,0.34713754057884216,0
20,559,0.4217875003814697,0
20,560,-0.4128246009349823,0
20,561,-0.287708044052124,0
20,562,0.9386606216430664,0
20,563,-0.034862544387578964,0
20,564,0.571672260761261,0
20,565,0.5076475739479065,0
20,566,0.3048693835735321,0
20,567,-0.3176781237125397,0
20,568,0.4907030463218689,0
20,569,0.2954402565956116,0
20,570,0.3345596194267273,0
20,571,0.19945724308490753,0
20,572,0.0859774649143219,1
20,573,1.0252407789230347,0
20,574,-0.8330619931221008,0
34,0,-0.7731048464775085,0
34,1,-0.8884156346321106,0
34,2,-0.4359440505504608,0
34,3,-0.503484845161438,0
34,4,-0.3023911714553833,0
34,5,-1.1314971446990967,0
34,6,-0.4701598286628723,0
34,7,-0.6750238537788391,0
34,8,-0.2054402232170105,0
34,9,0.24123409390449524,0
34,10,-0.2760690450668335,0
34,11,-1.004731297492981,0
34,12,-0.7598989605903625,0
34,13,-0.7508203387260437,0
34,14,-0.5045107007026672,0
34,15,-0.42995530366897583,0
34,16,-1.0424675941467285,0
34,17,-0.6929866075515747,0
34,18,0.6872387528419495,0
34,19,-0.33576157689094543,0
34,20,0.7606443166732788,0
34,21,-0.012050510384142399,0
34,22,-0.26242247223854065,0
34,23,-0.17823995649814606,0
34,24,-0.2847004532814026,0
34,25,-0.6413832306861877,0
34,26,0.014807554893195629,0
34,27,-0.22931300103664398,0
34,28,-0.13283400237560272,0
34,29,0.5945681929588318,0
34,30,0.07207730412483215,0
34,31,-0.08813367784023285,0
34,32,-1.127785086631775,0
34,33,0.33108726143836975,0
34,34,-0.3929268419742584,0
34,35,-0.8299928903579712,0
34,36,-0.03646399453282356,0
34,37,-0.8185038566589355,0
34,38,-0.6379197835922241,0
34,39,-0.5245054960250854,0
34,40,-0.371473491191864,0
34,41,-1.1955465078353882,0
34,42,-0.2868742346763611,0
34,43,0.3721608817577362,0
34,44,-0.4929042160511017,0
34,45,-0.16760359704494476,0
34,46,-0.05413435399532318,0
34,47,-0.023564647883176804,0
34,48,0.006606248207390308,0
34,49,-0.5566222667694092,0
34,50,-0.3409947454929352,0
34,51,-0.175303652882576,0
34,52,0.7087917923927307,0
34,53,-0.7615426182746887,0
34,54,-0.3000732660293579,0
34,55,-0.23288413882255554,0
34,56,-0.3996465802192688,0
34,57,0.23337247967720032,0
34,58,0.16932080686092377,0
34,59,0.08741789311170578,0
34,60,-0.4894702434539795,0
34,61,0.474391371011734,0
34,62,-0.12024770677089691,0
34,63,-0.07075373083353043,0
34,64,-0.003863822901621461,0
34,65,0.15793095529079437,0
34,66,0.3895905017852783,0
34,67,0.0703268051147461,0
34,68,-0.6028841733932495,0
34,69,-0.7519710659980774,0
34,70,0.05317898094654083,0
34,71,0.14121364057064056,0
34,72,-0.5530880093574524,0
34,73,0.23432211577892303,0
34,74,0.13385772705078125,0
34,75,-0.10087522119283676,0
34,76,-0.14601463079452515,0
34,77,-1.1251810789108276,0
34,78,0.9783644080162048,0
34,79,0.9636667370796204,0
34,80,-0.48449262976646423,0
34,81,-0.17736317217350006,0
34,82,-0.10882432013750076,0
34,83,-0.3654167950153351,0
34,84,-0.06379791349172592,0
34,85,-1.0401873588562012,0
34,86,-0.2837633490562439,0
34,87,0.43140333890914917,0
34,88,0.037708476185798645,0
34,89,0.5901939868927002,0
34,90,-0.9956814646720886,0
34,91,-0.4087131917476654,0
34,92,0.06598985940217972,0
34,93,0.4066590368747711,0
34,94,0.7265805006027222,0
34,95,0.5201700329780579,0
34,96,-0.33837202191352844,0
34,97,-0.04949731379747391,0
34,98,-0.3876795768737793,0
34,99,-0.21958939731121063,0
34,100,-0.4027474820613861,0
34,101,-1.1315364837646484,0
34,102,-0.47123056650161743,0
34,103,0.4038844704627991,0
34,104,-0.40803802013397217,0
34,105,-0.34833720326423645,0
34,106,0.6027341485023499,0
34,107,-0.2387811690568924,0
34,108,-0.18106123805046082,0
34,109,-0.07412545382976532,0
34,110,-0.6293758749961853,0
34,111,-0.1573856920003891,0
34,112,-0.17968428134918213,0
34,113,-0.4700266122817993,0
34,114,-1.6071869134902954,0
34,115,0.3158593773841858,0
34,116,-0.8856326341629028,0
34,117,0.8121950626373291,0
34,118,-0.6038423180580139,0
34,119,-0.09509602189064026,0
34,120,-0.5192074179649353,0
34,121,0.11591334640979767,0
34,122,-0.12675140798091888,0
34,123,-0.5025503635406494,0
34,124,-0.17315563559532166,0
34,125,0.2833816409111023,0
34,126,-0.2661430239677429,0
34,127,0.09623338282108307,0
34,128,-0.01936943270266056,0
34,129,-0.35025539994239807,0
34,130,-0.38006600737571716,0
34,131,-0.34195369482040405,0
34,132,0.47686198353767395,0
34,133,-0.020397743210196495,0
34,134,0.19047072529792786,0
34,135,0.2904112935066223,0
34,136,-0.7104553580284119,0
34,137,-0.3009032607078552,0
34,138,0.24117906391620636,0
34,139,0.16758430004119873,0
34,140,-0.3992897868156433,0
34,141,0.2424410581588745,0
34,142,0.6165305376052856,0
34,143,0.8012879490852356,0
34,144,1.0595581531524658,0
34,145,1.5474902391433716,0
34,146,-0.35004696249961853,0
34,147,-0.10388603061437607,0
34,148,0.5336406826972961,0
34,149,0.6841980218887329,0
34,150,-0.17733746767044067,0
34,151,-0.7529376745223999,0
34,152,1.3252307176589966,0
34,153,-0.5449649095535278,0
34,154,1.0146377086639404,0
34,155,0.5134245753288269,0
34,156,-0.24256309866905212,0
34,157,-0.6843630075454712,0
34,158,-0.17787842452526093,0
34,159,-0.11456550657749176,0
34,160,0.7507730722427368,0
34,161,-0.315604567527771,0
34,162,0.027258144691586494,0
34,163,0.50552898645401,0
34,164,-0.4393661320209503,0
34,165,0.8006441593170166,0
34,166,0.8253633975982666,0
34,167,0.0876491442322731,0
34,168,-0.4790232181549072,0
34,169,-1.110494613647461,0
34,170,-0.997836172580719,0
34,171,0.3780041038990021,0
34,172,-0.8735547065734863,0
34,173,-0.5743263363838196,0
34,174,-0.3431416451931,0
34,175,-0.8917164206504822,0
34,176,-0.02564818225800991,0
34,177,-0.597059965133667,0
34,178,-0.4923802316188812,0
34,179,0.03677956387400627,0
34,180,-0.23829500377178192,0
34,181,-0.003341295989230275,0
34,182,0.08124279230833054,0
34,183,0.7372530698776245,0
34,184,0.8188475966453552,0
34,185,0.2956142723560333,0
34,186,0.5443817973136902,0
34,187,-0.5036832690238953,0
34,188,-0.7783379554748535,0
34,189,0.4733172655105591,0
34,190,0.5554819107055664,0
34,191,1.0563232898712158,0
34,192,0.6815793514251709,0
34,193,-0.367981880903244,0
34,194,-0.6384910941123962,0
34,195,1.14506995677948,0
34,196,0.20529736578464508,0
34,197,0.38415637612342834,0
34,198,-0.3365000784397125,0
34,199,0.0606902651488781,0
34,200,-0.658753514289856,0
34,201,0.8144676089286804,0
34,202,-0.26775434613227844,0
34,203,0.7359640002250671,0
34,204,0.48255637288093567,0
34,205,0.36495810747146606,0
34,206,0.2316388487815857,0
34,207,-0.6400898098945618,0
34,208,0.2847070097923279,0
34,209,-0.5276125073432922,0
34,210,0.5764386057853699,0
34,211,0.08308407664299011,0
34,212,-1.20986008644104,0
34,213,-0.4627271890640259,0
34,214,0.044610828161239624,0
34,215,-0.28799647092819214,0
34,216,-0.8228230476379395,0
34,217,-0.5974229574203491,0
34,218,-0.10419763624668121,0
34,219,-0.7996700406074524,0
34,220,-0.0547490119934082,0
34,221,-0.19614790380001068,0
34,222,-0.8844102025032043,0
34,223,0.6978769302368164,0
34,224,0.12220630049705505,0
34,225,0.3938177824020386,0
34,226,-0.616541862487793,0
34,227,-0.32209086418151855,0
34,228,-0.8967540264129639,0
34,229,-1.124998688697815,0
34,230,-0.13597099483013153,0
34,231,-1.3746230602264404,0
34,232,-0.6282667517662048,0
34,233,-0.7871110439300537,0
34,234,0.6485112309455872,0
34,235,0.22728343307971954,0
34,236,-0.6079505681991577,0
34,237,-0.5472400188446045,0
34,238,1.0970593690872192,0
34,239,0.6680822968482971,0
34,240,-0.16322827339172363,0
34,241,0.21179379522800446,0
34,242,-0.4831649661064148,0
34,243,-0.6629248857498169,0
34,244,0.10630267858505249,0
34,245,-0.4922996163368225,0
34,246,-1.0559942722320557,0
34,247,0.550014078617096,0
34,248,-0.09356436133384705,0
34,249,0.10013657063245773,0
34,250,-0.6447977423667908,0
34,251,-0.44753316044807434,0
34,252,-0.12992924451828003,0
34,253,-0.16730767488479614,0
34,254,1.4607865810394287,0
34,255,-0.1658165007829666,0
34,256,0.24385672807693481,0
34,257,-0.6066914200782776,0
34,258,-0.12152092903852463,0
34,259,-0.12734253704547882,0
34,260,-0.01213923655450344,0
34,261,-0.27132588624954224,0
34,262,0.012384572997689247,0
34,263,-0.31102851033210754,0
34,264,-0.9631847143173218,0
34,265,0.12308740615844727,0
34,266,-0.4820186495780945,0
34,267,-0.7234488129615784,0
34,268,0.352742075920105,0
34,269,-0.06972285360097885,0
34,270,-0.03624550998210907,0
34,271,-0.15088143944740295,0
34,272,-0.5299698710441589,0
34,273,0.6978945732116699,0
34,274,0.5678536891937256,0
34,275,0.09146475046873093,0
34,276,0.6100262999534607,0
34,277,0.07897286862134933,0
34,278,0.012610125355422497,0
34,279,0.028832348063588142,0
34,280,0.02685720846056938,0
34,281,0.1605471968650818,0
34,282,-0.4224204123020172,0
34,283,-0.9094951152801514,0
34,284,0.4270918667316437,0
34,285,-0.17705313861370087,0
34,286,-0.5001468062400818,0
34,287,-0.41283291578292847,0
34,288,-0.2603984475135803,0
34,289,-0.19851455092430115,0
34,290,0.1591961532831192,0
34,291,0.04768946021795273,0
34,292,0.18567083775997162,0
34,293,-0.44006550312042236,0
34,294,-0.9613569378852844,0
34,295,-0.561435878276825,0
34,296,-0.21746309101581573,0
34,297,0.38143083453178406,0
34,298,-0.02833038754761219,0
34,299,-0.4338464140892029,0
34,300,-0.43002015352249146,0
34,301,-0.6791325211524963,0
34,302,0.2671360671520233,0
34,303,-0.7313982248306274,0
34,304,0.4251151382923126,0
34,305,0.06855567544698715,0
34,306,-0.01742352731525898,0
34,307,-0.4425867199897766,0
34,308,0.12155753374099731,0
34,309,0.6382431983947754,0
34,310,-0.23232820630073547,0
34,311,-0.6125174164772034,0
34,312,-0.8267344236373901,0
34,313,-0.8140009641647339,0
34,314,-0.30028098821640015,0
34,315,0.27871885895729065,0
34,316,-0.9400510787963867,0
34,317,-0.7454661726951599,0
34,318,-0.5085847973823547,0
34,319,-0.42014196515083313,0
34,320,-0.1460118293762207,0
34,321,-0.24135006964206696,0
34,322,0.10214582830667496,0
34,323,-0.5420612096786499,0
34,324,0.7182857394218445,0
34,325,0.15070189535617828,0
34,326,0.4642711877822876,0
34,327,-0.9288225173950195,0
34,328,-0.7793892025947571,0
34,329,-0.3980279862880707,0
34,330,-0.4583582580089569,0
34,331,0.7411958575248718,0
34,332,-0.1880851536989212,0
34,333,-0.1771833598613739,0
34,334,-0.5283983945846558,0
34,335,0.4933588206768036,0
34,336,-0.6486853957176208,0
34,337,-0.9665043354034424,0
34,338,-0.39575129747390747,0
34,339,0.15999042987823486,0
34,340,-0.14225052297115326,0
34,341,-0.43717944622039795,0
34,342,-0.3926067054271698,0
34,343,-0.8041127324104309,0
34,344,0.3870682418346405,0
34,345,-0.14310376346111298,0
34,346,0.2345375269651413,0
34,347,-0.31785568594932556,0
34,348,-0.03191585838794708,0
34,349,-0.6649790406227112,0
34,350,0.14852796494960785,0
34,351,-0.16660162806510925,0
34,352,0.17453931272029877,0
34,353,0.1212087944149971,0
34,354,0.8098373413085938,0
34,355,-0.4382089674472809,0
34,356,0.26689597964286804,0
34,357,0.5766420960426331,0
34,358,-0.25284653902053833,0
34,359,-0.0809687003493309,0
34,360,-0.44788873195648193,0
34,361,0.019173473119735718,0
34,362,-0.44014179706573486,0
34,363,-0.7110021710395813,0
34,364,-0.13621126115322113,0
34,365,-0.03819260746240616,0
34,366,-0.017477886751294136,0
34,367,-0.10192092508077621,0
34,368,-0.7364296317100525,0
34,369,-0.21985715627670288,0
34,370,0.36675313115119934,0
34,371,-0.1704428642988205,0
34,372,-0.2985313832759857,0
34,373,0.25922390818595886,0
34,374,0.41961243748664856,0
34,375,0.45684728026390076,0
34,376,0.05606967210769653,0
34,377,0.2987568974494934,0
34,378,-0.2561943829059601,0
34,379,0.6414572596549988,0
34,380,-0.26846903562545776,0
34,381,-0.25141748785972595,0
34,382,-0.06624359637498856,0
34,383,-0.08726684004068375,0
34,384,0.08056458830833435,1
34,385,0.8920316100120544,0
34,386,-0.2635992169380188,0
34,387,0.3768695294857025,0
34,388,0.1341198831796646,0
34,389,-0.08723625540733337,0
34,390,-0.37375104427337646,0
34,391,0.09616848081350327,0
34,392,0.306225448846817,0
34,393,-0.5306398272514343,0
34,394,-1.3779637813568115,0
34,395,-0.4808041453361511,0
34,396,0.21002058684825897,0
34,397,-0.12697064876556396,0
34,398,0.48360201716423035,0
34,399,-0.2731839120388031,0
34,400,0.015394125133752823,0
34,401,-0.5846965909004211,0
34,402,0.030436748638749123,0
34,403,-0.2935699224472046,0
34,404,-0.08327316492795944,0
34,405,-0.368740975856781,0
34,406,-0.1915985345840454,0
34,407,-0.678542971611023,0
34,408,0.0993356853723526,0
34,409,0.2657559812068939,0
34,410,0.4395412802696228,0
34,411,0.06537849456071854,0
34,412,-0.8221606016159058,0
34,413,-0.8288069367408752,0
34,414,-0.03669404983520508,0
34,415,-0.30234912037849426,0
34,416,-0.5505703687667847,0
34,417,-0.34540924429893494,0
34,418,-0.06992564350366592,0
34,419,-0.9160847067832947,0
34,420,-0.852853000164032,0
34,421,-0.6103318333625793,0
34,422,-0.6666573882102966,0
34,423,-0.11090496182441711,0
34,424,-0.7857069969177246,0
34,425,-0.20231084525585175,0
34,426,-0.5833771824836731,0
34,427,0.2319488674402237,0
34,428,0.6308779120445251,0
34,429,0.6133032441139221,0
34,430,0.3123951554298401,0
34,431,0.18905062973499298,0
34,432,0.6809948086738586,0
34,433,-0.1421767920255661,0
34,434,0.3435986340045929,0
34,435,-0.466618150472641,0
34,436,-0.6512549519538879,0
34,437,-0.44269436597824097,0
34,438,-0.1681625097990036,0
34,439,-0.23016014695167542,0
34,440,0.1216592863202095,0
34,441,0.7307395339012146,0
34,442,-0.9643378853797913,0
34,443,-0.8141793608665466,0
34,444,0.26610153913497925,0
34,445,0.751830518245697,0
34,446,0.10565109550952911,0
34,447,0.26993662118911743,0
34,448,-0.6049389839172363,0
34,449,0.05818093940615654,0
34,450,-0.8341904282569885,0
34,451,0.11856335401535034,0
34,452,0.11800552904605865,0
34,453,-0.16248466074466705,0
34,454,-0.7713896036148071,0
34,455,-0.39104026556015015,0
34,456,0.5726339817047119,0
34,457,0.749169647693634,0
34,458,-0.4039246737957001,0
34,459,-0.04726993292570114,0
34,460,-0.0625123679637909,0
34,461,-0.5079073309898376,0
34,462,-0.3990231156349182,0
34,463,-0.24790295958518982,0
34,464,0.612707793712616,0
34,465,0.14028328657150269,1
34,466,-0.025479938834905624,0
34,467,0.4995668828487396,0
34,468,-0.3660731315612793,0
34,469,-0.5537080764770508,0
34,470,-0.20268644392490387,0
34,471,-0.7209247946739197,0
34,472,-0.17219355702400208,0
34,473,-0.11069516837596893,0
34,474,-0.4517609477043152,0
34,475,-0.03381234407424927,0
34,476,-0.24952927231788635,0
34,477,0.8360800743103027,0
34,478,0.04475165158510208,0
34,479,-0.2629310190677643,0
34,480,-0.7067577838897705,0
34,481,0.8738454580307007,0
34,482,-0.15026924014091492,0
34,483,0.2881586253643036,0
34,484,0.32999035716056824,0
34,485,-0.7979342937469482,0
34,486,0.28758302330970764,0
34,487,0.2551320493221283,0
34,488,-0.21085786819458008,0
34,489,-0.3782448470592499,0
34,490,-0.5776406526565552,0
34,491,-0.39701834321022034,0
34,492,-0.20592837035655975,0
34,493,-0.7956392765045166,0
34,494,0.35856837034225464,0
34,495,0.18144556879997253,0
34,496,-0.16088975965976715,0
34,497,0.49219727516174316,0
34,498,-0.23841561377048492,0
34,499,0.6055787205696106,0
34,500,0.4286302924156189,0
34,501,-0.24917072057724,0
34,502,0.1839798092842102,0
34,503,0.37662801146507263,0
34,504,0.9678358435630798,0
34,505,0.16525232791900635,0
34,506,0.49728888273239136,0
34,507,-0.30190879106521606,0
34,508,-0.20856671035289764,0
34,509,-0.07409071177244186,0
34,510,0.6662526726722717,0
34,511,-0.00449681282043457,0
34,512,0.11140976846218109,0
34,513,0.16250380873680115,0
34,514,0.26816603541374207,0
34,515,-0.15901069343090057,1
34,516,0.09205517172813416,0
34,517,0.3998853266239166,0
34,518,0.12807172536849976,0
34,519,-0.3784750998020172,0
34,520,-0.40742021799087524,0
34,521,-0.21715909242630005,0
34,522,-0.7079012393951416,0
34,523,0.2828735113143921,0
34,524,-0.4030218720436096,0
34,525,-0.11253052204847336,0
34,526,-0.5015233755111694,0
34,527,0.02633991464972496,0
34,528,0.45253175497055054,0
34,529,-0.5219593644142151,0
34,530,0.1945597231388092,0
34,531,-0.5676296353340149,1
34,532,0.10747930407524109,0
34,533,0.45268556475639343,1
34,534,0.2782467305660248,0
34,535,0.36687105894088745,0
34,536,0.24150684475898743,0
34,537,0.686824381351471,0
34,538,0.1390056610107422,0
34,539,0.203500896692276,0
34,540,0.6928116083145142,0
34,541,0.9309399127960205,0
34,542,-0.4774947464466095,0
34,543,0.38195717334747314,0
34,544,0.3676259219646454,0
34,545,-0.01503684837371111,0
34,546,0.1390477418899536,0
34,547,-0.004107153043150902,0
34,548,-0.7807279825210571,0
34,549,0.19563080370426178,0
34,550,-0.37894055247306824,0
34,551,-0.5829322338104248,0
34,552,0.39976438879966736,0
34,553,0.1253068894147873,0
34,554,0.17492419481277466,0
34,555,0.02205653488636017,0
34,556,0.4446106255054474,0
34,557,1.1935313940048218,0
34,558,-0.08901508897542953,0
34,559,-0.5209938287734985,0
34,560,0.04448912292718887,0
34,561,0.2809602916240692,0
34,562,0.16899748146533966,0
34,563,-0.13065262138843536,0
34,564,0.21583883464336395,0
34,565,0.7409412264823914,0
34,566,-0.09214035421609879,0
34,567,0.9014101624488831,0
34,568,0.35896408557891846,0
34,569,-0.23309193551540375,0
34,570,0.21385803818702698,0
34,571,-0.08810597658157349,0
34,572,1.2769381999969482,0
34,573,0.24358922243118286,0
34,574,0.4815298318862915,0
63,0,-1.017930030822754,0
63,1,0.3673493266105652,0
63,2,-0.5718116760253906,0
63,3,0.6523880362510681,0
63,4,-0.45083263516426086,0
63,5,1.0188226699829102,0
63,6,-0.7263337969779968,0
63,7,-0.9029063582420349,0
63,8,0.023929422721266747,0
63,9,0.36009305715560913,0
63,10,0.994218647480011,0
63,11,0.07808233797550201,0
63,12,0.6741753816604614,0
63,13,0.5298404693603516,0
63,14,-0.30809342861175537,0
63,15,-0.18407216668128967,0
63,16,-0.43662726879119873,0
63,17,0.25109317898750305,0
63,18,-1.0513324737548828,0
63,19,-0.8987223505973816,0
63,20,-1.5094741582870483,0
63,21,-0.07636188715696335,0
63,22,0.5696508288383484,0
63,23,0.8894341588020325,0
63,24,1.001037836074829,0
63,25,0.27782195806503296,0
63,26,0.48897719383239746,0
63,27,-1.1319469213485718,0
63,28,0.5836266875267029,0
63,29,-0.22531962394714355,0
63,30,-0.20191678404808044,0
63,31,0.8466980457305908,0
63,32,-0.03105812892317772,0
63,33,-0.3692041039466858,0
63,34,-0.8282432556152344,0
63,35,0.23253338038921356,0
63,36,1.1904723644256592,0
63,37,0.12177961319684982,0
63,38,-0.20224453508853912,0
63,39,0.25796830654144287,0
63,40,-0.8457210659980774,0
63,41,0.7215536832809448,0
63,42,-0.3814467489719391,0
63,43,0.046679478138685226,0
63,44,0.8260873556137085,0
63,45,0.24119164049625397,0
63,46,0.48699700832366943,0
63,47,-0.1848648339509964,0
63,48,0.2582687735557556,0
63,49,-0.3023558259010315,0
63,50,0.6700316667556763,0
63,51,0.30323687195777893,0
63,52,0.10053220391273499,0
63,53,0.3930976688861847,0
63,54,1.3677024841308594,0
63,55,-0.0275812316685915,0
63,56,0.09346944093704224,0
63,57,0.18959887325763702,0
63,58,0.22090297937393188,0
63,59,-0.23778016865253448,0
63,60,1.4650965929031372,0
63,61,-0.5694528222084045,0
63,62,1.0576756000518799,0
63,63,0.08570680767297745,0
63,64,-0.657283365726471,0
63,65,0.41741999983787537,0
63,66,-0.39665207266807556,0
63,67,0.7439670562744141,0
63,68,0.12143178284168243,0
63,69,0.24791988730430603,0
63,70,-0.4696301817893982,0
63,71,0.002977208234369755,0
63,72,0.6141334176063538,0
63,73,0.65791255235672,0
63,74,-0.2608400583267212,0
63,75,1.042601466178894,0
63,76,1.1374609470367432,0
63,77,-0.24267885088920593,0
63,78,-0.15391017496585846,0
63,79,0.30399081110954285,0
63,80,-0.5611853003501892,0
63,81,0.1738371104001999,0
63,82,-0.22643937170505524,0
63,83,-0.4043223559856415,0
63,84,0.012677096761763096,0
63,85,0.15649177134037018,0
63,86,-0.5410674810409546,0
63,87,-0.07879361510276794,0
63,88,0.3676280081272125,0
63,89,-0.34527623653411865,0
63,90,-0.5501673221588135,0
63,91,-0.2557755708694458,0
63,92,0.07342959940433502,0
63,93,-0.7768657207489014,0
63,94,-0.20032256841659546,0
63,95,0.8212217688560486,0
63,96,0.13505315780639648,0
63,97,-0.9634986519813538,0
63,98,0.055947739630937576,0
63,99,-0.22540739178657532,0
63,100,-1.106736183166504,0
63,101,0.9384406208992004,0
63,102,-0.6875132322311401,0
63,103,-0.09898390620946884,0
63,104,0.6221652030944824,0
63,105,0.611459493637085,0
63,106,-0.6619691252708435,0
63,107,-0.03944353759288788,0
63,108,-0.20010772347450256,0
63,109,1.0794005393981934,0
63,110,1.353505253791809,0
63,111,0.1758226603269577,0
63,112,-0.5036653876304626,0
63,113,-0.45768439769744873,0
63,114,-0.1858309507369995,0
63,115,0.025308866053819656,0
63,116,0.5022042989730835,0
63,117,0.10396706312894821,0
63,118,0.38148796558380127,0
63,119,-0.6376896500587463,0
63,120,0.11011144518852234,0
63,121,0.2732214033603668,0
63,122,0.21504083275794983,0
63,123,1.3371866941452026,0
63,124,-0.6813775300979614,0
63,125,-0.6045756936073303,0
63,126,-0.34214863181114197,0
63,127,-0.5476228594779968,0
63,128,0.5199257731437683,0
63,129,-0.4680987298488617,0
63,130,0.8285849094390869,0
63,131,1.1246004104614258,0
63,132,0.9526689648628235,0
63,133,0.8699603080749512,0
63,134,0.8181978464126587,0
63,135,0.45116713643074036,0
63,136,0.0691998302936554,0
63,137,0.2022390067577362,0
63,138,0.40203729271888733,0
63,139,-0.5943924188613892,0
63,140,0.051906537264585495,0
63,141,-0.3423633277416229,0
63,142,-0.36936259269714355,0
63,143,0.713946521282196,0
63,144,0.5095741152763367,0
63,145,-0.22165901958942413,0
63,146,0.24266479909420013,0
63,147,-0.1726243644952774,0
63,148,-0.38675621151924133,0
63,149,-0.4325210452079773,0
63,150,0.14438185095787048,0
63,151,0.24897651374340057,0
63,152,-0.27333810925483704,0
63,153,-0.19008655846118927,0
63,154,-0.33930569887161255,0
63,155,-0.4585353434085846,0
63,156,-0.10596591234207153,0
63,157,-0.15316620469093323,0
63,158,-0.45063045620918274,0
63,159,-0.7163402438163757,0
63,160,-1.1204767227172852,0
63,161,0.46308082342147827,0
63,162,0.13156481087207794,0
63,163,0.4600960612297058,0
63,164,0.6267733573913574,0
63,165,-0.9762910604476929,0
63,166,-0.43014198541641235,0
63,167,0.8218849301338196,0
63,168,-0.2828787565231323,0
63,169,-0.006319903302937746,0
63,170,0.6304454803466797,0
63,171,-0.5260178446769714,0
63,172,0.8623211979866028,0
63,173,1.1212490797042847,0
63,174,0.10684023052453995,0
63,175,0.3416098952293396,0
63,176,-0.4980969727039337,0
63,177,1.009061574935913,0
63,178,0.1652788370847702,0
63,179,-1.1161222457885742,0
63,180,-0.04809055104851723,0
63,181,0.057974040508270264,0
63,182,-0.9219229817390442,0
63,183,0.1858794093132019,0
63,184,0.12822061777114868,0
63,185,0.09582154452800751,0
63,186,-0.9134090542793274,0
63,187,-1.5422794818878174,0
63,188,0.03245125338435173,0
63,189,-0.22555990517139435,0
63,190,1.081079363822937,0
63,191,0.23270906507968903,0
63,192,-0.28811967372894287,0
63,193,-0.2207036316394806,0
63,194,0.051565419882535934,0
63,195,-0.12647785246372223,0
63,196,0.7539918422698975,0
63,197,-0.22286134958267212,0
63,198,-0.6954723000526428,0
63,199,-0.19368481636047363,0
63,200,-0.9085211753845215,0
63,201,-0.16269342601299286,0
63,202,-0.531696081161499,0
63,203,-0.3419274687767029,0
63,204,0.48999059200286865,0
63,205,-1.2116646766662598,0
63,206,-0.7918742299079895,0
63,207,0.1338924616575241,0
63,208,0.1286522001028061,0
63,209,0.71742844581604,0
63,210,-0.4933786690235138,0
63,211,-0.6891644597053528,0
63,212,-0.21224349737167358,0
63,213,0.1496180146932602,0
63,214,-0.12680260837078094,0
63,215,-0.3426434397697449,0
63,216,0.0017533963546156883,0
63,217,0.4120873212814331,0
63,218,-0.4886595904827118,0
63,219,0.5333190560340881,0
63,220,-0.17712144553661346,0
63,221,0.9792152047157288,0
63,222,-0.7859964966773987,0
63,223,-0.22047723829746246,0
63,224,-0.975424587726593,0
63,225,-0.2549436092376709,0
63,226,-0.7517937421798706,0
63,227,-1.0484874248504639,0
63,228,0.11136876791715622,0
63,229,-0.26426228880882263,0
63,230,0.4110146462917328,0
63,231,-0.42062103748321533,0
63,232,0.8317914605140686,0
63,233,0.4228757321834564,0
63,234,-0.1322479546070099,0
63,235,-1.3225820064544678,0
63,236,0.7564495205879211,0
63,237,0.11447146534919739,0
63,238,-0.14040105044841766,0
63,239,-0.44148826599121094,0
63,240,0.8878206014633179,0
63,241,-0.626218855381012,0
63,242,0.9581716656684875,0
63,243,0.03240491822361946,0
63,244,-0.5398730635643005,0
63,245,0.505526602268219,0
63,246,0.5841683149337769,0
63,247,0.45172566175460815,0
63,248,1.2187583446502686,0
63,249,-0.5020527243614197,0
63,250,0.8098832964897156,0
63,251,0.31315967440605164,0
63,252,-0.376701295375824,0
63,253,-0.6452019214630127,0
63,254,-0.1321944147348404,0
63,255,0.04975857213139534,0
63,256,0.17666326463222504,0
63,257,0.11916065961122513,0
63,258,0.23936064541339874,0
63,259,-0.2980300784111023,0
63,260,-0.7181415557861328,0
63,261,0.0636342465877533,0
63,262,-0.5487475991249084,0
63,263,-0.8333505988121033,0
63,264,-0.5321712493896484,0
63,265,1.8373215198516846,0
63,266,-0.7686575651168823,0
63,267,-0.1392461210489273,0
63,268,-0.40089067816734314,0
63,269,-0.9650921821594238,0
63,270,-0.20258775353431702,0
63,271,-0.8563641309738159,0
63,272,-0.07898370176553726,0
63,273,0.22778542339801788,0
63,274,-0.26357874274253845,0
63,275,-1.2396368980407715,0
63,276,-0.8371574282646179,0
63,277,0.13763439655303955,0
63,278,0.6440970301628113,0
63,279,-0.9180042743682861,0
63,280,-0.30649590492248535,0
63,281,-0.23129722476005554,0
63,282,-0.3252715468406677,0
63,283,-0.03747847303748131,0
63,284,-0.6818454265594482,0
63,285,0.18313775956630707,0
63,286,-0.942268431186676,0
63,287,0.45977848768234253,0
63,288,-0.3694993555545807,0
63,289,-0.3416748046875,0
63,290,-0.3432781994342804,0
63,291,-0.2926042973995209,0
63,292,-0.5519149899482727,0
63,293,0.0581059604883194,0
63,294,-0.14300011098384857,0
63,295,0.4773070812225342,0
63,296,-0.5372028350830078,0
63,297,-0.099310003221035,0
63,298,-0.4547922909259796,0
63,299,0.15839038789272308,0
63,300,0.03663776442408562,0
63,301,-0.6987040042877197,0
63,302,-0.2572275400161743,0
63,303,0.8446078300476074,0
63,304,0.13064497709274292,0
63,305,-1.1920886039733887,0
63,306,-0.38393065333366394,0
63,307,-0.009668178856372833,0
63,308,-0.3702719211578369,1
63,309,-0.30930396914482117,0
63,310,-0.4623511731624603,0
63,311,-0.5800809264183044,0
63,312,-1.2078769207000732,0
63,313,-0.35403022170066833,0
63,314,0.582216739654541,0
63,315,-0.18068832159042358,0
63,316,-0.7181411385536194,0
63,317,-0.643451988697052,0
63,318,-1.0309101343154907,0
63,319,-0.6150007843971252,0
63,320,0.05044001340866089,0
63,321,-0.5287026166915894,0
63,322,0.38099807500839233,1
63,323,0.09118455648422241,0
63,324,0.7253601551055908,1
63,325,-0.16795819997787476,0
63,326,-0.38860762119293213,0
63,327,-0.4558657109737396,0
63,328,-0.20187732577323914,0
63,329,-0.5510588884353638,0
63,330,-0.28133147954940796,0
63,331,-0.32717081904411316,0
63,332,0.23822738230228424,0
63,333,-0.04770360514521599,0
63,334,-0.37246644496917725,0
63,335,-0.32676422595977783,0
63,336,0.14569780230522156,0
63,337,0.02625131979584694,0
63,338,-0.28289955854415894,0
63,339,-0.4470321536064148,0
63,340,0.3509080111980438,0
63,341,-0.6259947419166565,0
63,342,-0.5776599645614624,0
63,343,-0.01408429816365242,0
63,344,-0.029515916481614113,0
63,345,-0.8013716340065002,0
63,346,-0.43316370248794556,0
63,347,-0.017582083120942116,0
63,348,-0.6518069505691528,0
63,349,-0.2809351086616516,0
63,350,-0.49602076411247253,0
63,351,-0.08787178248167038,0
63,352,-0.0966375544667244,0
63,353,-0.8736711740493774,0
63,354,-0.963784396648407,0
63,355,-1.1288527250289917,0
63,356,-0.3294701874256134,0
63,357,-0.18644742667675018,0
63,358,-0.4084996283054352,0
63,359,-0.7576428651809692,0
63,360,-0.9011653661727905,0
63,361,-0.9924978613853455,0
63,362,-0.8656430244445801,0
63,363,0.03318271040916443,0
63,364,-0.25796106457710266,0
63,365,-0.4994235336780548,0
63,366,-0.6570969223976135,0
63,367,-0.9481759667396545,0
63,368,-1.4461708068847656,0
63,369,-0.6047872304916382,0
63,370,-1.131726861000061,0
63,371,-0.20495600998401642,0
63,372,-0.7142542004585266,0
63,373,-0.42415502667427063,0
63,374,-0.8383960723876953,0
63,375,-0.2566971182823181,0
63,376,-0.8302537798881531,0
63,377,-0.47529080510139465,0
63,378,-0.6544491052627563,0
63,379,-1.3165279626846313,0
63,380,-1.1364123821258545,0
63,381,-0.26338180899620056,0
63,382,0.07199912518262863,0
63,383,0.0298173725605011,0
63,384,-1.0094374418258667,0
63,385,-0.2367219626903534,0
63,386,-0.14736390113830566,0
63,387,-0.9875937104225159,0
63,388,-0.3913283050060272,0
63,389,-0.5212464928627014,0
63,390,0.059231847524642944,0
63,391,-0.3220827281475067,0
63,392,-0.09369856119155884,0
63,393,-0.6008502840995789,0
63,394,-0.7320700883865356,0
63,395,-0.371907502412796,0
63,396,-0.36326098442077637,0
63,397,-0.12164542078971863,0
63,398,-0.2769572138786316,0
63,399,1.1436785459518433,0
63,400,-0.27735406160354614,0
63,401,0.36546453833580017,0
63,402,-0.6270220875740051,0
63,403,-0.4789830446243286,0
63,404,-0.33810386061668396,0
63,405,0.1973237842321396,0
63,406,0.4145626127719879,0
63,407,-0.88819420337677,0
63,408,0.02721264213323593,0
63,409,-0.020589398220181465,0
63,410,-0.262301504611969,0
63,411,-0.16627581417560577,0
63,412,0.6580942273139954,0
63,413,0.1706213802099228,0
63,414,-0.10882978141307831,0
63,415,-0.32112494111061096,0
63,416,0.29415351152420044,0
63,417,0.44629788398742676,0
63,418,-0.21286846697330475,0
63,419,-0.2728205919265747,0
63,420,0.014963367953896523,0
63,421,0.37283986806869507,0
63,422,0.6354466080665588,0
63,423,0.10833753645420074,0
63,424,-0.5466311573982239,0
63,425,-0.9671338200569153,0
63,426,-0.24978980422019958,0
63,427,-0.4925534725189209,0
63,428,-1.0643646717071533,0
63,429,-0.6542635560035706,0
63,430,-0.4228530526161194,0
63,431,0.3749999403953552,0
63,432,-0.01345258392393589,0
63,433,-1.0376240015029907,0
63,434,-0.4209114611148834,0
63,435,0.4548742175102234,0
63,436,-0.19838719069957733,0
63,437,-0.4585060775279999,0
63,438,-0.49902987480163574,0
63,439,-0.34188520908355713,0
63,440,-0.10515715181827545,0
63,441,-0.7794827222824097,0
63,442,-0.3813283145427704,0
63,443,-0.05883795768022537,0
63,444,0.5221118927001953,0
63,445,-0.007559498306363821,0
63,446,-0.10199874639511108,0
63,447,0.24869289994239807,0
63,448,0.12893271446228027,0
63,449,-1.315398931503296,0
63,450,0.2025599628686905,0
63,451,-0.5951367616653442,0
63,452,-0.8707656860351562,0
63,453,-0.272903710603714,0
63,454,-0.10968336462974548,0
63,455,-0.7369163036346436,0
63,456,-0.8802506923675537,0
63,457,-1.1874345541000366,0
63,458,-0.4290417730808258,0
63,459,0.015526607632637024,0
63,460,0.2818411588668823,0
63,461,-0.5609629154205322,0
63,462,-0.974867582321167,0
63,463,-0.711153507232666,0
63,464,-0.661496639251709,0
63,465,-0.6331620216369629,0
63,466,0.1337013691663742,0
63,467,-0.7065039277076721,0
63,468,0.3705015480518341,0
63,469,1.173676609992981,0
63,470,-0.0557963065803051,0
63,471,1.325121283531189,0
63,472,0.5351428985595703,0
63,473,0.6236491203308105,0
63,474,1.0205495357513428,0
63,475,0.45638853311538696,0
63,476,-1.6029802560806274,0
63,477,-0.47714707255363464,0
63,478,0.42468786239624023,0
63,479,-0.7105241417884827,0
63,480,-0.337809294462204,0
63,481,0.054247722029685974,0
63,482,-0.6432608962059021,0
63,483,-0.3451515734195709,0
63,484,-0.022047990933060646,0
63,485,-0.10879091918468475,0
63,486,0.1311061978340149,0
63,487,0.49485254287719727,0
63,488,0.8392645716667175,0
63,489,-0.036024052649736404,0
63,490,-0.2916440963745117,0
63,491,-0.7904934883117676,0
63,492,-1.2852052450180054,0
63,493,-1.1391805410385132,0
63,494,-0.12905551493167877,0
63,495,-0.8286372423171997,0
63,496,-0.5159943103790283,0
63,497,-0.6518071293830872,0
63,498,-0.8525022864341736,0
63,499,-1.069039225578308,0
63,500,-0.30422377586364746,0
63,501,-1.2781366109848022,0
63,502,-0.8073678016662598,0
63,503,-0.30645251274108887,0
63,504,-0.8855109810829163,0
63,505,0.23475810885429382,0
63,506,0.40795496106147766,0
63,507,-1.170293927192688,0
63,508,0.09261862933635712,0
63,509,-0.05817357078194618,0
63,510,-1.2218736410140991,0
63,511,-1.1887121200561523,0
63,512,-0.24143771827220917,0
63,513,-1.033492922782898,0
63,514,-0.43120163679122925,0
63,515,-0.05197428539395332,0
63,516,-0.08258670568466187,0
63,517,0.3401873707771301,0
63,518,-0.18989063799381256,0
63,519,-1.1570196151733398,0
63,520,-1.0587759017944336,0
63,521,-0.3773041367530823,0
63,522,-0.6484317779541016,0
63,523,-0.25056925415992737,0
63,524,-0.10510299354791641,0
63,525,-0.10896681249141693,0
63,526,-0.3916502892971039,0
63,527,-0.2213316559791565,0
63,528,0.042190492153167725,0
63,529,-0.21857091784477234,0
63,530,0.2736148536205292,0
63,531,-0.3442573547363281,0
63,532,-0.26079845428466797,0
63,533,-0.7903541326522827,0
63,534,-0.6094957590103149,0
63,535,0.13457605242729187,0
63,536,-1.8489106893539429,0
63,537,-0.9752377271652222,0
63,538,-0.8746621012687683,0
63,539,-1.0612269639968872,0
63,540,-0.4566647708415985,0
63,541,-0.4831429123878479,0
63,542,-0.6144124865531921,0
63,543,-1.3897653818130493,0
63,544,-0.20838743448257446,0
63,545,-0.01197603065520525,0
63,546,-0.6048043370246887,0
63,547,-0.6743203401565552,0
63,548,-0.8469247221946716,0
63,549,-0.8183979392051697,0
63,550,-0.8309686183929443,0
63,551,-0.16486488282680511,0
63,552,-0.0036352300085127354,0
63,553,0.7292912006378174,0
63,554,-0.7827465534210205,0
63,555,0.40208691358566284,0
63,556,0.9495126605033875,0
63,557,0.13019347190856934,0
63,558,-0.2049362063407898,0
63,559,0.008350123651325703,0
63,560,-0.5980499386787415,0
63,561,-1.3987882137298584,0
63,562,0.33775731921195984,0
63,563,-1.0313987731933594,0
63,564,-0.15636825561523438,0
63,565,0.415044903755188,0
63,566,-0.25247281789779663,0
63,567,-0.20729327201843262,0
63,568,-0.6721221804618835,0
63,569,0.7227181792259216,0
63,570,-0.3147280514240265,0
63,571,-0.13370825350284576,0
63,572,0.06241548806428909,0
63,573,-0.22845293581485748,1
63,574,0.14478665590286255,0
64,0,-0.00853918306529522,0
64,1,-0.21864795684814453,0
64,2,0.1694292426109314,0
64,3,0.678190290927887,0
64,4,0.47990894317626953,0
64,5,0.577996551990509,0
64,6,0.14070864021778107,0
64,7,0.32259076833724976,0
64,8,-0.3454987406730652,0
64,9,0.18068772554397583,0
64,10,0.30325716733932495,0
64,11,1.1945772171020508,0
64,12,1.2079533338546753,0
64,13,0.046822573989629745,0
64,14,-0.4292890727519989,0
64,15,0.1710129827260971,0
64,16,0.4154137969017029,0
64,17,1.1401379108428955,0
64,18,-0.8850256204605103,0
64,19,-0.204375758767128,0
64,20,-0.45970991253852844,0
64,21,-0.10974273085594177,0
64,22,-0.23901593685150146,0
64,23,-0.3374834358692169,0
64,24,0.8124194145202637,0
64,25,-0.18864868581295013,0
64,26,-0.2074636071920395,0
64,27,-0.45550087094306946,0
64,28,0.6206169128417969,0
64,29,0.9959899187088013,0
64,30,-0.4291267395019531,0
64,31,0.5547661781311035,0
64,32,-0.6390892863273621,0
64,33,-0.9775540828704834,0
64,34,-0.04133323207497597,0
64,35,0.6511618494987488,0
64,36,0.7926083207130432,0
64,37,0.6775303483009338,0
64,38,-0.7980716228485107,0
64,39,0.0738525465130806,0
64,40,0.4437192380428314,0
64,41,-0.1946619600057602,0
64,42,-0.490947425365448,0
64,43,-0.4526592791080475,0
64,44,0.3727392852306366,0
64,45,-0.25005844235420227,0
64,46,0.021138165146112442,0
64,47,-0.1302097737789154,0
64,48,-0.15525099635124207,0
64,49,0.29862067103385925,0
64,50,0.9543724656105042,0
64,51,0.8242786526679993,0
64,52,-0.45574644207954407,0
64,53,0.47429490089416504,0
64,54,0.9244718551635742,0
64,55,0.14273658394813538,0
64,56,0.3680955469608307,0
64,57,-0.8814657926559448,0
64,58,0.35385286808013916,0
64,59,-0.548941969871521,0
64,60,0.5279937386512756,0
64,61,-0.943121612071991,0
64,62,0.7468618154525757,0
64,63,0.11398940533399582,0
64,64,-0.19621244072914124,0
64,65,-0.016186827793717384,0
64,66,0.012763839215040207,0
64,67,0.018603090196847916,0
64,68,0.6176167726516724,0
64,69,0.0023259574081748724,0
64,70,-0.5344458222389221,0
64,71,1.0153577327728271,0
64,72,0.8279220461845398,0
64,73,0.15583522617816925,0
64,74,0.17511239647865295,0
64,75,0.477569043636322,0
64,76,1.0525704622268677,0
64,77,0.46161121129989624,0
64,78,-0.17933830618858337,0
64,79,-0.8042736053466797,0
64,80,0.06714628636837006,0
64,81,-0.3905192017555237,0
64,82,0.5591681599617004,0
64,83,0.28360122442245483,0
64,84,-0.6310877203941345,0
64,85,0.6520357131958008,0
64,86,0.6898087859153748,0
64,87,-0.4795490503311157,0
64,88,-0.09000848978757858,0
64,89,-0.03257210925221443,0
64,90,-0.8048557639122009,0
64,91,-0.01996888406574726,0
64,92,0.3245035707950592,0
64,93,-1.2938551902770996,0
64,94,-0.9995841383934021,0
64,95,0.3194294571876526,0
64,96,0.15489958226680756,0
64,97,0.08396835625171661,0
64,98,-0.08171986788511276,0
64,99,0.12317316234111786,0
64,100,-0.002874273108318448,0
64,101,1.1664267778396606,0
64,102,-0.26611366868019104,0
64,103,-0.19795051217079163,0
64,104,0.19209355115890503,0
64,105,0.414180725812912,0
64,106,-0.23445524275302887,0
64,107,0.24389958381652832,0
64,108,0.4625413119792938,0
64,109,1.1966454982757568,0
64,110,1.2574011087417603,0
64,111,0.12091022729873657,0
64,112,-0.1136045753955841,0
64,113,-0.5334957838058472,0
64,114,-0.03843120485544205,0
64,115,-0.1738450974225998,0
64,116,0.685863196849823,0
64,117,-0.26262250542640686,0
64,118,0.6984651684761047,0
64,119,0.08016390353441238,0
64,120,-0.0008624126785434783,0
64,121,0.7093210220336914,0
64,122,-0.46398454904556274,0
64,123,0.14812172949314117,0
64,124,-0.18066249787807465,0
64,125,0.06568818539381027,0
64,126,0.008015730418264866,0
64,127,-0.42607155442237854,0
64,128,1.0255415439605713,0
64,129,0.2738848030567169,0
64,130,1.0943800210952759,0
64,131,0.6575640439987183,0
64,132,-0.18529212474822998,0
64,133,0.9100847840309143,0
64,134,0.9005340337753296,0
64,135,0.07977888733148575,0
64,136,0.5485455989837646,0
64,137,0.8037042617797852,0
64,138,-0.4860427975654602,0
64,139,0.061305198818445206,0
64,140,0.0414695218205452,0
64,141,-0.773626446723938,0
64,142,-0.30844295024871826,0
64,143,-0.5685542225837708,0
64,144,-0.27646878361701965,0
64,145,-0.09947962313890457,0
64,146,-0.056900184601545334,0
64,147,-0.33686429262161255,0
64,148,-0.21083864569664001,0
64,149,-0.20277149975299835,0
64,150,0.485391229391098,0
64,151,0.6583129167556763,0
64,152,-0.32819241285324097,0
64,153,-0.2018604874610901,0
64,154,-0.5846046805381775,0
64,155,-0.8565995097160339,0
64,156,0.9186248779296875,0
64,157,-0.1155695915222168,0
64,158,-0.2756088376045227,0
64,159,-0.020589115098118782,0
64,160,-0.20228835940361023,0
64,161,-0.16964057087898254,0
64,162,0.7551237344741821,0
64,163,0.5138876438140869,0
64,164,0.14183470606803894,0
64,165,-0.43479442596435547,0
64,166,-0.6310843825340271,0
64,167,0.6755988001823425,0
64,168,-0.017861127853393555,0
64,169,0.2402030974626541,0
64,170,-0.28591498732566833,0
64,171,-0.3845852017402649,0
64,172,0.25097042322158813,0
64,173,0.7302055954933167,0
64,174,0.18823020160198212,0
64,175,0.6904052495956421,0
64,176,0.22406385838985443,0
64,177,0.2441755086183548,0
64,178,0.010294372215867043,0
64,179,-0.34439679980278015,0
64,180,0.13422031700611115,0
64,181,-0.4371511936187744,0
64,182,0.023961422964930534,0
64,183,0.49003052711486816,0
64,184,-0.13606686890125275,0
64,185,0.16768920421600342,0
64,186,-0.9603404998779297,0
64,187,-0.2087700068950653,0
64,188,0.605614960193634,0
64,189,-0.5650017857551575,0
64,190,0.49693188071250916,0
64,191,-0.6128936409950256,0
64,192,-0.9887383580207825,0
64,193,-0.025898713618516922,0
64,194,0.004939715843647718,0
64,195,0.015323985368013382,0
64,196,0.6112081408500671,0
64,197,-0.5001649260520935,0
64,198,0.21053794026374817,0
64,199,0.4938541054725647,0
64,200,-0.16012199223041534,0
64,201,-0.5404553413391113,0
64,202,-0.9938042163848877,0
64,203,-0.08371458202600479,0
64,204,0.6924143433570862,0
64,205,-0.8123624920845032,0
64,206,0.15412257611751556,0
64,207,0.24730347096920013,0
64,208,0.05200886353850365,0
64,209,-0.25871163606643677,0
64,210,-0.8477529883384705,0
64,211,0.21111315488815308,0
64,212,0.29817110300064087,0
64,213,-0.20861083269119263,0
64,214,-0.031556155532598495,0
64,215,-0.5645856857299805,0
64,216,0.45683568716049194,0
64,217,-0.02829091250896454,0
64,218,0.18440492451190948,0
64,219,0.7458076477050781,0
64,220,-0.4591657221317291,0
64,221,0.09256551414728165,0
64,222,0.4315786063671112,0
64,223,-0.4017825126647949,0
64,224,-0.6744334101676941,0
64,225,-0.21861831843852997,0
64,226,-0.12057746946811676,0
64,227,-0.6425944566726685,0
64,228,-0.2777366042137146,0
64,229,0.2133331447839737,0
64,230,0.10476907342672348,0
64,231,0.047970253974199295,0
64,232,0.9465339183807373,0
64,233,0.48407694697380066,0
64,234,-0.9564300179481506,0
64,235,-0.6984086036682129,0
64,236,0.2874477505683899,0
64,237,-0.1796714961528778,0
64,238,0.0036135511472821236,0
64,239,-0.5037108659744263,0
64,240,0.48862534761428833,0
64,241,-0.6485064625740051,0
64,242,0.6643651127815247,0
64,243,0.21980571746826172,0
64,244,-0.8798583149909973,0
64,245,-0.0512550063431263,0
64,246,1.008826494216919,0
64,247,0.23111340403556824,0
64,248,0.9131794571876526,0
64,249,-0.5921717286109924,0
64,250,-0.05845760181546211,0
64,251,0.2306964099407196,0
64,252,-0.1874598264694214,0
64,253,0.7825250029563904,0
64,254,-0.22661590576171875,0
64,255,0.7196865081787109,0
64,256,0.22320881485939026,0
64,257,0.808765709400177,0
64,258,2.0903842449188232,0
64,259,0.6417945623397827,0
64,260,0.6367457509040833,0
64,261,0.6400877237319946,0
64,262,0.1309305876493454,0
64,263,-0.09034892916679382,0
64,264,0.10269169509410858,0
64,265,0.597140371799469,0
64,266,-0.04722608998417854,0
64,267,-0.09062544256448746,0
64,268,-0.0908779427409172,0
64,269,-0.35471445322036743,0
64,270,0.40625500679016113,0
64,271,-0.19721288979053497,0
64,272,0.9954975247383118,0
64,273,0.2947040796279907,0
64,274,-0.1183660700917244,0
64,275,0.28033116459846497,0
64,276,-0.3908821940422058,0
64,277,0.4982641041278839,0
64,278,0.16584214568138123,0
64,279,0.4276420474052429,0
64,280,0.5995231866836548,0
64,281,0.2200230211019516,0
64,282,0.1921066790819168,0
64,283,1.0953006744384766,0
64,284,0.16059480607509613,0
64,285,0.30229347944259644,0
64,286,0.14480620622634888,0
64,287,1.1953747272491455,0
64,288,0.7984941601753235,0
64,289,0.048802848905324936,0
64,290,0.39703109860420227,0
64,291,0.2166719287633896,0
64,292,0.4347723722457886,0
64,293,0.38445353507995605,0
64,294,0.6236459016799927,0
64,295,0.6405068039894104,0
64,296,0.4506787359714508,0
64,297,0.1098031997680664,0
64,298,-0.23411819338798523,0
64,299,0.4683919847011566,0
64,300,0.1859547346830368,0
64,301,-0.049836330115795135,0
64,302,-0.13096027076244354,0
64,303,0.9489132165908813,0
64,304,0.9764491319656372,0
64,305,0.1094154641032219,0
64,306,0.7249054908752441,0
64,307,-0.003493265248835087,0
64,308,0.5376408696174622,1
64,309,0.8409273624420166,0
64,310,1.1112966537475586,0
64,311,0.4236084818840027,0
64,312,0.8196316361427307,0
64,313,0.8384906649589539,0
64,314,0.2177051156759262,0
64,315,-0.029961368069052696,0
64,316,-0.004757001530379057,0
64,317,0.8231613039970398,0
64,318,0.13193072378635406,0
64,319,-0.23770944774150848,0
64,320,1.044791579246521,0
64,321,0.20543897151947021,0
64,322,0.9378806352615356,1
64,323,0.23969969153404236,0
64,324,0.11578713357448578,1
64,325,-0.5406182408332825,0
64,326,-0.4227388799190521,0
64,327,1.0593124628067017,0
64,328,0.8994352221488953,0
64,329,0.5405102372169495,0
64,330,-0.22150030732154846,0
64,331,0.05753103271126747,0
64,332,0.8650246858596802,0
64,333,0.3127453327178955,0
64,334,0.5961061716079712,0
64,335,0.2922360897064209,0
64,336,0.1536962240934372,0
64,337,0.7709808349609375,0
64,338,0.580773651599884,0
64,339,-0.6226996183395386,0
64,340,0.0726732537150383,0
64,341,0.26787444949150085,0
64,342,0.7116543650627136,0
64,343,0.0674118623137474,0
64,344,-0.12443501502275467,0
64,345,0.43248656392097473,0
64,346,0.30023446679115295,0
64,347,-0.04823623597621918,0
64,348,-0.06433188915252686,0
64,349,0.24496687948703766,0
64,350,0.5069776177406311,0
64,351,0.8773155212402344,0
64,352,0.6388931274414062,0
64,353,-0.5319724678993225,0
64,354,-0.35416868329048157,0
64,355,-0.16970708966255188,0
64,356,0.40958043932914734,0
64,357,-0.29156655073165894,0
64,358,0.5847150087356567,0
64,359,0.11947323381900787,0
64,360,-0.7017565965652466,0
64,361,-0.366595596075058,0
64,362,-0.1865072399377823,0
64,363,-0.3096793293952942,0
64,364,0.006260285619646311,0
64,365,-0.18679431080818176,0
64,366,-1.0429068803787231,0
64,367,0.8987366557121277,0
64,368,0.11734765768051147,0
64,369,0.7571918368339539,0
64,370,0.5789054036140442,0
64,371,0.2379395067691803,0
64,372,0.9091165661811829,0
64,373,0.41463884711265564,0
64,374,0.293235719203949,0
64,375,0.16229461133480072,0
64,376,0.04156795144081116,0
64,377,-0.6146120429039001,0
64,378,0.3547085225582123,0
64,379,0.00036992289824411273,0
64,380,-0.29641225934028625,0
64,381,0.7803584337234497,0
64,382,0.3167351484298706,0
64,383,0.18424060940742493,0
64,384,-0.2893664240837097,0
64,385,-0.018946705386042595,0
64,386,0.601634681224823,0
64,387,0.5588960647583008,0
64,388,0.6938205361366272,0
64,389,-0.5255747437477112,0
64,390,0.19249312579631805,0
64,391,-0.6230717897415161,0
64,392,0.7207379341125488,0
64,393,0.27734532952308655,0
64,394,0.594092845916748,0
64,395,0.5418745875358582,0
64,396,0.0022891985718160868,0
64,397,0.8957934975624084,0
64,398,0.421021431684494,0
64,399,0.36163800954818726,0
64,400,0.34657424688339233,0
64,401,1.3019195795059204,0
64,402,0.9971196055412292,0
64,403,0.41274094581604004,0
64,404,0.021849842742085457,0
64,405,0.44957318902015686,0
64,406,0.305091917514801,0
64,407,0.03955557197332382,0
64,408,0.23920270800590515,0
64,409,0.2956655025482178,0
64,410,0.5672768950462341,0
64,411,0.12177154421806335,0
64,412,1.4288407564163208,0
64,413,1.3285411596298218,0
64,414,0.7633652091026306,0
64,415,0.6861705183982849,0
64,416,0.6920667290687561,0
64,417,1.2887389659881592,0
64,418,0.18681533634662628,0
64,419,0.4254917800426483,0
64,420,0.7709015607833862,0
64,421,0.45810437202453613,0
64,422,0.5686278343200684,0
64,423,0.7566643357276917,0
64,424,0.29718145728111267,0
64,425,-0.10600905120372772,0
64,426,0.8991992473602295,0
64,427,0.13050813972949982,0
64,428,-1.1657832860946655,0
64,429,-0.9573423266410828,0
64,430,-0.5210749506950378,0
64,431,0.07678628712892532,0
64,432,-0.5354698300361633,0
64,433,0.5383198261260986,0
64,434,0.11240044236183167,0
64,435,0.5171980261802673,0
64,436,0.5881056785583496,0
64,437,0.12818530201911926,0
64,438,-0.05510236322879791,0
64,439,0.195765420794487,0
64,440,-0.5149591565132141,0
64,441,-0.9000158309936523,0
64,442,0.24215614795684814,0
64,443,0.6460840702056885,0
64,444,-0.5231554508209229,0
64,445,-0.32227838039398193,0
64,446,-0.2194371521472931,0
64,447,1.0635058879852295,0
64,448,1.2154152393341064,0
64,449,-0.8348597288131714,0
64,450,1.171738862991333,0
64,451,-0.596190333366394,0
64,452,-0.5138884782791138,0
64,453,-0.29369843006134033,0
64,454,0.7826108932495117,0
64,455,-0.035147059708833694,0
64,456,0.0306549072265625,0
64,457,-0.8334615230560303,0
64,458,0.4122382402420044,0
64,459,0.7063202857971191,0
64,460,0.6846325993537903,0
64,461,0.8146782517433167,0
64,462,0.1918429136276245,0
64,463,-0.02496151067316532,0
64,464,-0.2979176938533783,0
64,465,-0.7001145482063293,0
64,466,0.590193510055542,0
64,467,-0.7574610114097595,0
64,468,-0.3045473098754883,0
64,469,0.5889206528663635,0
64,470,0.04986425116658211,0
64,471,1.1427050828933716,0
64,472,0.8273745179176331,0
64,473,0.5731418132781982,0
64,474,0.5983214378356934,0
64,475,0.12211435288190842,0
64,476,-0.4825683534145355,0
64,477,-0.5782686471939087,0
64,478,0.32520949840545654,0
64,479,-0.14807027578353882,0
64,480,0.40778854489326477,0
64,481,-0.3816188871860504,0
64,482,-0.08519052714109421,0
64,483,0.31463414430618286,0
64,484,0.020365482196211815,0
64,485,0.3272749185562134,0
64,486,-0.1729746162891388,0
64,487,0.8290131688117981,0
64,488,0.8126329183578491,0
64,489,0.015556576661765575,0
64,490,0.6643427014350891,0
64,491,-0.4127843976020813,0
64,492,-0.2086084485054016,0
64,493,-0.6476105451583862,0
64,494,-0.5730707049369812,0
64,495,-0.8877444267272949,0
64,496,-0.7395769357681274,0
64,497,-0.11144651472568512,0
64,498,0.0033853319473564625,0
64,499,-0.6426072120666504,0
64,500,-0.0986100286245346,0
64,501,0.6343070268630981,0
64,502,0.004468880128115416,0
64,503,0.09560192376375198,0
64,504,-0.580787181854248,0
64,505,-0.08406618237495422,0
64,506,0.5220209360122681,0
64,507,-0.608776330947876,0
64,508,-0.14287269115447998,0
64,509,-0.29600852727890015,0
64,510,-0.6412741541862488,0
64,511,0.5135889053344727,0
64,512,0.395921915769577,0
64,513,-0.8785111904144287,0
64,514,-0.11745353788137436,0
64,515,0.7026373147964478,0
64,516,0.8705531358718872,0
64,517,0.6703218817710876,0
64,518,0.1439998596906662,0
64,519,-0.06455076485872269,0
64,520,-0.32599639892578125,0
64,521,-0.3302563726902008,0
64,522,-0.06409026682376862,0
64,523,-1.1108185052871704,0
64,524,-0.22733767330646515,0
64,525,0.12391751259565353,0
64,526,-0.1422213464975357,0
64,527,0.8831154704093933,0
64,528,0.17050710320472717,0
64,529,-0.5092464685440063,0
64,530,0.3273835778236389,0
64,531,0.4312240779399872,0
64,532,-0.31989365816116333,0
64,533,-0.5343879461288452,0
64,534,-0.251556396484375,0
64,535,-0.10841060429811478,0
64,536,-1.012345314025879,0
64,537,-0.7921077013015747,0
64,538,-1.5574941635131836,0
64,539,-0.45040908455848694,0
64,540,-0.4880695343017578,0
64,541,-0.5307188630104065,0
64,542,-0.16355393826961517,0
64,543,-1.0353986024856567,0
64,544,-0.7988245487213135,0
64,545,0.11350318044424057,0
64,546,-0.4168335199356079,0
64,547,-0.7695379853248596,0
64,548,0.15676479041576385,0
64,549,-0.8910472393035889,0
64,550,-0.14586283266544342,0
64,551,0.046263597905635834,0
64,552,-0.4637787640094757,0
64,553,0.22954045236110687,0
64,554,-0.8404617309570312,0
64,555,0.359997034072876,0
64,556,0.3647962212562561,0
64,557,-0.2372962236404419,0
64,558,0.31342920660972595,0
64,559,-0.0963771641254425,0
64,560,-0.06435133516788483,0
64,561,-0.7490861415863037,0
64,562,0.30799394845962524,0
64,563,-0.3156884014606476,0
64,564,-0.273514062166214,0
64,565,0.014201607555150986,0
64,566,-0.4815800189971924,0
64,567,-0.1830139458179474,0
64,568,-1.1114027500152588,0
64,569,0.3045536279678345,0
64,570,-0.31778526306152344,0
64,571,0.4581693410873413,0
64,572,-0.25917431712150574,1
64,573,0.6246519088745117,0
64,574,0.08998148888349533,0
75,0,0.07024658471345901,0
75,1,0.31604883074760437,0
75,2,-0.7100251317024231,0
75,3,-0.11235720664262772,0
75,4,0.006984528619796038,0
75,5,-0.18266697227954865,0
75,6,-0.4485774040222168,0
75,7,0.3256776034832001,0
75,8,0.17074938118457794,0
75,9,-0.016012227162718773,0
75,10,0.1141347587108612,0
75,11,0.08341127634048462,0
75,12,0.22489605844020844,0
75,13,-0.7445610165596008,0
75,14,-0.3544822037220001,0
75,15,0.27623966336250305,0
75,16,-0.6809393763542175,0
75,17,-1.014941930770874,0
75,18,-0.07323892414569855,0
75,19,0.8709678053855896,0
75,20,0.5427924394607544,0
75,21,-1.1712175607681274,0
75,22,0.3216909170150757,0
75,23,0.6344974637031555,0
75,24,0.2513963580131531,0
75,25,-0.018223468214273453,0
75,26,0.46378734707832336,0
75,27,0.3310220539569855,0
75,28,-0.19836103916168213,0
75,29,0.378528356552124,0
75,30,-0.6782130002975464,0
75,31,-0.6619500517845154,0
75,32,-0.5887444019317627,0
75,33,-0.25514867901802063,0
75,34,0.38974758982658386,0
75,35,-0.5320759415626526,0
75,36,-0.13814152777194977,0
75,37,-0.9147970080375671,0
75,38,-0.7501160502433777,0
75,39,-0.3499682545661926,0
75,40,0.547042191028595,0
75,41,-0.36394745111465454,0
75,42,-0.7419414520263672,0
75,43,0.3307967185974121,0
75,44,0.39944636821746826,0
75,45,0.603760302066803,0
75,46,0.6751821041107178,0
75,47,1.2958590984344482,0
75,48,-0.8821113109588623,0
75,49,0.3663761615753174,0
75,50,0.4578438997268677,0
75,51,-0.037441086024045944,0
75,52,0.3135126233100891,0
75,53,-0.7572773098945618,0
75,54,0.5230580568313599,0
75,55,-0.10340813547372818,0
75,56,-0.46621063351631165,0
75,57,0.0488799624145031,0
75,58,0.07585779577493668,0
75,59,-0.28833502531051636,0
75,60,0.1282886564731598,0
75,61,-0.5757238268852234,0
75,62,-0.5335037708282471,0
75,63,0.15433864295482635,0
75,64,-0.5832511186599731,0
75,65,0.322572261095047,0
75,66,-1.0074894428253174,0
75,67,0.7198558449745178,0
75,68,-0.21837708353996277,0
75,69,0.4235319495201111,0
75,70,-0.017609728500247,0
75,71,0.5120249390602112,0
75,72,0.8432824015617371,0
75,73,0.25963303446769714,0
75,74,0.7102944254875183,0
75,75,-0.37955838441848755,0
75,76,0.04429848864674568,0
75,77,-0.4180081784725189,0
75,78,0.8990339636802673,0
75,79,0.9899030923843384,0
75,80,0.27674350142478943,0
75,81,-0.5078730583190918,0
75,82,0.5450497269630432,0
75,83,0.39004603028297424,0
75,84,0.045631833374500275,0
75,85,-0.08392932265996933,0
75,86,-0.09498866647481918,0
75,87,0.49013176560401917,0
75,88,-0.3600767254829407,0
75,89,0.4720449447631836,0
75,90,-0.6309932470321655,0
75,91,1.0033191442489624,0
75,92,0.05703195556998253,0
75,93,0.14844995737075806,0
75,94,1.0709104537963867,0
75,95,0.033147577196359634,0
75,96,0.013954407535493374,0
75,97,0.6256687045097351,0
75,98,-0.8951588273048401,0
75,99,0.1786363422870636,0
75,100,0.4430646002292633,0
75,101,-0.08936053514480591,0
75,102,-0.329615980386734,0
75,103,0.12977220118045807,0
75,104,0.41542568802833557,0
75,105,-0.338133305311203,0
75,106,-0.11726254224777222,0
75,107,0.2779698073863983,0
75,108,0.7136965394020081,0
75,109,0.2969277501106262,0
75,110,0.2746121287345886,0
75,111,-0.07666106522083282,0
75,112,-0.27682968974113464,0
75,113,-0.7316215634346008,0
75,114,-0.5083062648773193,0
75,115,-0.2815217673778534,0
75,116,0.021336806938052177,0
75,117,-0.19400529563426971,0
75,118,0.2509506642818451,0
75,119,0.2500135898590088,0
75,120,-0.40132710337638855,0
75,121,0.4220947325229645,0
75,122,-0.5210293531417847,0
75,123,-0.3604179322719574,0
75,124,0.379021018743515,0
75,125,-0.13998617231845856,0
75,126,-0.5863058567047119,0
75,127,-0.9905356764793396,0
75,128,0.1786610186100006,0
75,129,-0.1714121699333191,0
75,130,0.20164687931537628,0
75,131,0.3946174681186676,0
75,132,0.6676084399223328,0
75,133,0.021322347223758698,0
75,134,0.5994625687599182,0
75,135,-0.12700717151165009,0
75,136,0.5640029907226562,0
75,137,-0.30994927883148193,0
75,138,0.7283360958099365,0
75,139,-0.8580960631370544,0
75,140,0.6410820484161377,0
75,141,0.2222096174955368,0
75,142,-0.08640725910663605,0
75,143,0.6344452500343323,0
75,144,1.1171711683273315,0
75,145,0.5040396451950073,0
75,146,1.0062010288238525,0
75,147,1.1205004453659058,0
75,148,1.010000467300415,0
75,149,0.5507775545120239,0
75,150,0.4033692181110382,0
75,151,-1.1727451086044312,0
75,152,1.203878402709961,0
75,153,-0.6445900201797485,0
75,154,0.5599442720413208,0
75,155,0.9958816766738892,0
75,156,0.5715404152870178,0
75,157,-0.4118337631225586,0
75,158,-0.08502691239118576,0
75,159,-0.06565650552511215,0
75,160,0.8946750164031982,0
75,161,-0.35385453701019287,0
75,162,-0.05148901790380478,0
75,163,0.5326967239379883,0
75,164,0.03806113079190254,0
75,165,0.2207079529762268,0
75,166,0.22349034249782562,0
75,167,0.4295160174369812,0
75,168,-0.20647995173931122,0
75,169,-0.37486085295677185,0
75,170,-0.9023477435112,0
75,171,-0.9536374807357788,0
75,172,-0.45856916904449463,0
75,173,-0.2570646405220032,0
75,174,-0.41197383403778076,0
75,175,0.3303065896034241,0
75,176,0.1317327469587326,0
75,177,-0.10304023325443268,0
75,178,-1.2303532361984253,0
75,179,-1.0750579833984375,0
75,180,0.333486944437027,0
75,181,0.7866270542144775,0
75,182,0.799890398979187,0
75,183,0.2909272611141205,0
75,184,0.3203886151313782,0
75,185,0.27170640230178833,0
75,186,0.6622377634048462,0
75,187,-1.003667950630188,0
75,188,-0.867581307888031,0
75,189,-0.45265811681747437,0
75,190,0.4473089575767517,0
75,191,0.8333914875984192,0
75,192,-0.459731787443161,0
75,193,0.009232812561094761,0
75,194,0.026976360008120537,0
75,195,0.7982799410820007,0
75,196,0.3920132517814636,0
75,197,0.26121973991394043,0
75,198,-0.07890845090150833,0
75,199,0.25644052028656006,0
75,200,0.06217590719461441,0
75,201,-0.21525758504867554,0
75,202,0.19337986409664154,0
75,203,0.4993673264980316,0
75,204,0.41142240166664124,0
75,205,0.10480733215808868,0
75,206,0.5091726779937744,0
75,207,-0.9356082081794739,0
75,208,1.2166472673416138,0
75,209,-0.09705742448568344,0
75,210,0.05792303755879402,0
75,211,-0.28627362847328186,0
75,212,-0.6461517810821533,0
75,213,0.5495800375938416,0
75,214,-0.23762522637844086,0
75,215,0.5241979956626892,0
75,216,0.12970584630966187,0
75,217,-0.17310099303722382,0
75,218,-0.03700171411037445,0
75,219,-0.05911273881793022,0
75,220,-1.1405715942382812,0
75,221,0.25845667719841003,0
75,222,-0.8621498346328735,0
75,223,0.9410545825958252,0
75,224,0.4282897114753723,0
75,225,0.2087869793176651,0
75,226,-0.06777365505695343,0
75,227,0.046979863196611404,0
75,228,-0.11371314525604248,0
75,229,0.07307333499193192,0
75,230,-0.747879147529602,0
75,231,-0.09595479816198349,0
75,232,0.2593277394771576,0
75,233,-0.5569776892662048,0
75,234,0.3000403344631195,0
75,235,-0.29187071323394775,0
75,236,0.3814842700958252,0
75,237,0.01608412154018879,0
75,238,0.5276989936828613,0
75,239,0.31759414076805115,0
75,240,0.5439348220825195,0
75,241,0.12552832067012787,0
75,242,-0.5794203281402588,0
75,243,0.017888342961668968,0
75,244,-0.7427590489387512,0
75,245,-1.471744418144226,0
75,246,-0.48694106936454773,0
75,247,-0.03188022971153259,0
75,248,-0.21230116486549377,0
75,249,0.3989875912666321,0
75,250,-0.7481772303581238,0
75,251,0.035899799317121506,0
75,252,-0.25192680954933167,0
75,253,-0.1427958458662033,0
75,254,0.38318097591400146,0
75,255,-0.6027374863624573,0
75,256,0.09392784535884857,0
75,257,-0.09684152156114578,0
75,258,0.5016615986824036,0
75,259,-0.14802223443984985,0
75,260,0.45209836959838867,0
75,261,0.10050715506076813,0
75,262,0.25021785497665405,0
75,263,-0.18666112422943115,0
75,264,0.23225679993629456,0
75,265,0.1604796200990677,0
75,266,-0.09871705621480942,0
75,267,-0.4018472135066986,0
75,268,0.5958276391029358,0
75,269,0.4136803150177002,0
75,270,-0.3939301669597626,0
75,271,0.592438280582428,0
75,272,-0.09091999381780624,0
75,273,-0.09156327694654465,0
75,274,1.8314168453216553,0
75,275,0.2940581440925598,0
75,276,0.9354209303855896,0
75,277,0.1433418244123459,0
75,278,0.6283782720565796,0
75,279,0.1837155967950821,0
75,280,0.4113384485244751,0
75,281,0.5318799614906311,0
75,282,0.01905793882906437,0
75,283,-0.5666928887367249,0
75,284,0.9860227704048157,0
75,285,-0.07451827079057693,0
75,286,0.8907871246337891,0
75,287,-0.04551740363240242,0
75,288,0.12915684282779694,0
75,289,-0.22627180814743042,0
75,290,0.4209323525428772,0
75,291,-0.035664793103933334,0
75,292,-0.088322214782238,0
75,293,-0.21576648950576782,0
75,294,-0.7086272239685059,0
75,295,-0.6905504465103149,0
75,296,-0.34655997157096863,0
75,297,0.23288024961948395,0
75,298,-0.224433034658432,0
75,299,-0.520351767539978,0
75,300,-0.13811036944389343,0
75,301,-0.2251916378736496,0
75,302,0.057569924741983414,0
75,303,-0.09753142297267914,0
75,304,0.22511249780654907,0
75,305,-0.2833208739757538,0
75,306,-0.2305065095424652,0
75,307,-0.17243218421936035,0
75,308,0.10183534026145935,0
75,309,0.49531516432762146,0
75,310,-0.10150395333766937,0
75,311,0.060328952968120575,0
75,312,0.11097322404384613,0
75,313,-0.6711331605911255,0
75,314,-0.7016512751579285,1
75,315,-0.2785741984844208,0
75,316,-1.1086266040802002,1
75,317,-0.5689630508422852,0
75,318,-0.40987876057624817,0
75,319,0.326290100812912,0
75,320,0.40044429898262024,0
75,321,-0.9357019066810608,0
75,322,0.027489524334669113,0
75,323,-0.3877311944961548,0
75,324,-0.49086257815361023,0
75,325,-0.3726954460144043,0
75,326,-0.21877585351467133,0
75,327,-0.38377583026885986,0
75,328,-0.7916747331619263,0
75,329,-0.1952919363975525,0
75,330,-0.05350127071142197,0
75,331,0.1432446390390396,0
75,332,-0.5088481903076172,0
75,333,0.2678287625312805,0
75,334,-0.8104243874549866,0
75,335,-0.40869009494781494,0
75,336,-0.41207802295684814,0
75,337,0.1946907639503479,0
75,338,-0.6136937737464905,0
75,339,-0.42849239706993103,0
75,340,-0.23854857683181763,0
75,341,-1.063108205795288,0
75,342,0.3509370982646942,0
75,343,-0.5441708564758301,0
75,344,-0.5002710223197937,0
75,345,0.04192876070737839,0
75,346,0.9917941689491272,0
75,347,0.3489137887954712,0
75,348,-0.085991770029068,0
75,349,0.011860720813274384,0
75,350,0.17387354373931885,0
75,351,-0.0751834586262703,0
75,352,0.2797759473323822,0
75,353,-0.2190265655517578,0
75,354,0.007960579358041286,0
75,355,-1.1997976303100586,0
75,356,-0.15475517511367798,0
75,357,0.41376933455467224,0
75,358,-0.5066072344779968,0
75,359,0.19990216195583344,0
75,360,-0.495691180229187,0
75,361,0.02290041372179985,0
75,362,-0.5796355605125427,0
75,363,-0.48511242866516113,0
75,364,-0.8175658583641052,0
75,365,-0.7113524079322815,0
75,366,-1.193047285079956,0
75,367,0.5808872580528259,0
75,368,-0.1382697969675064,0
75,369,0.4777054190635681,0
75,370,0.24410846829414368,0
75,371,-0.04882785677909851,0
75,372,-0.13855449855327606,0
75,373,0.18396097421646118,0
75,374,-0.09125495702028275,0
75,375,0.14049801230430603,0
75,376,-0.31542202830314636,0
75,377,0.24590522050857544,0
75,378,-0.6902511715888977,0
75,379,0.3388560712337494,0
75,380,-0.017463140189647675,0
75,381,-0.31619539856910706,0
75,382,-0.008201363496482372,0
75,383,-0.20687995851039886,0
75,384,0.4243004620075226,0
75,385,-0.41288837790489197,0
75,386,0.010632728226482868,0
75,387,-0.2123005986213684,0
75,388,-0.019124101847410202,0
75,389,-0.17657636106014252,0
75,390,-0.6828935742378235,0
75,391,-0.5902010798454285,0
75,392,-0.2857173979282379,0
75,393,-0.5864672064781189,0
75,394,-0.000163654622156173,0
75,395,-0.01673106849193573,0
75,396,0.0798325464129448,0
75,397,-0.08841092884540558,0
75,398,0.48763591051101685,0
75,399,-0.6477899551391602,0
75,400,-0.6585547924041748,0
75,401,0.1789451688528061,0
75,402,0.39624157547950745,0
75,403,-0.39556771516799927,0
75,404,0.33649206161499023,0
75,405,0.8448982834815979,0
75,406,0.9752013683319092,0
75,407,-0.5109749436378479,0
75,408,-0.16159667074680328,0
75,409,0.4784316122531891,0
75,410,0.5976353287696838,0
75,411,-0.0339215062558651,0
75,412,-0.4378070831298828,0
75,413,-0.8429042100906372,0
75,414,-0.23220407962799072,0
75,415,0.21197563409805298,0
75,416,-0.3557073771953583,0
75,417,0.0007332615205086768,0
75,418,-0.014004316180944443,0
75,419,-0.05085371062159538,0
75,420,-0.458535373210907,0
75,421,-0.047229595482349396,0
75,422,-0.03390137106180191,0
75,423,0.7598520517349243,0
75,424,-0.6775320768356323,0
75,425,0.17028559744358063,0
75,426,-0.84797203540802,0
75,427,-0.8740692734718323,0
75,428,0.5380162596702576,0
75,429,0.39749065041542053,0
75,430,-0.2255474179983139,0
75,431,-0.9285373091697693,0
75,432,0.6138189435005188,0
75,433,0.5488288402557373,0
75,434,-0.423885703086853,0
75,435,0.32970020174980164,0
75,436,-0.1318507194519043,0
75,437,-0.47512316703796387,0
75,438,-0.04451211541891098,0
75,439,-0.31046319007873535,0
75,440,-0.7986786365509033,0
75,441,0.2801680862903595,0
75,442,-0.33617064356803894,0
75,443,0.21148507297039032,0
75,444,0.7436765432357788,0
75,445,-0.020792124792933464,0
75,446,0.32108622789382935,0
75,447,0.21605819463729858,0
75,448,0.5755496621131897,0
75,449,-0.17457331717014313,0
75,450,-0.9020798206329346,0
75,451,-0.038079291582107544,0
75,452,-0.5705927610397339,0
75,453,-0.5583340525627136,0
75,454,0.5287319421768188,0
75,455,-0.5509809255599976,0
75,456,0.9399768710136414,0
75,457,0.24188026785850525,0
75,458,0.12110421806573868,0
75,459,-0.21613475680351257,0
75,460,0.5186655521392822,0
75,461,0.6083686351776123,0
75,462,0.11156997829675674,0
75,463,0.0003034933179151267,0
75,464,0.03186012804508209,0
75,465,-0.3071913421154022,0
75,466,0.22617913782596588,0
75,467,-0.5234432816505432,0
75,468,0.30514365434646606,0
75,469,0.2069108486175537,0
75,470,-0.7709650993347168,0
75,471,-0.008045317605137825,0
75,472,0.19608406722545624,0
75,473,0.09863422065973282,0
75,474,-0.7435610890388489,0
75,475,-0.2828965485095978,0
75,476,-0.5829504132270813,0
75,477,0.8374836444854736,0
75,478,-0.01911754533648491,0
75,479,-0.3298023045063019,0
75,480,-0.4833384156227112,0
75,481,0.18718625605106354,0
75,482,-0.5171729326248169,0
75,483,-0.11470625549554825,0
75,484,-0.14311370253562927,0
75,485,-0.589457094669342,0
75,486,0.4788541793823242,0
75,487,-0.4033927321434021,0
75,488,-0.10636840015649796,0
75,489,-0.2308541089296341,0
75,490,-0.22462929785251617,0
75,491,-0.31633105874061584,0
75,492,-0.6213919520378113,0
75,493,0.184034526348114,0
75,494,-0.006319185718894005,0
75,495,-0.9263235330581665,0
75,496,-1.0271192789077759,0
75,497,-0.6207724809646606,0
75,498,-0.14937523007392883,0
75,499,0.09053339064121246,0
75,500,0.20094136893749237,0
75,501,0.7222774624824524,0
75,502,0.4324897527694702,0
75,503,0.8427962064743042,0
75,504,-0.41421040892601013,0
75,505,0.479950875043869,0
75,506,-0.16075603663921356,0
75,507,-0.17688333988189697,0
75,508,-0.172880157828331,0
75,509,0.05275048315525055,0
75,510,0.5859523415565491,0
75,511,-0.5027936697006226,0
75,512,-0.8524745106697083,0
75,513,-0.44857320189476013,0
75,514,0.40289413928985596,0
75,515,-0.07897225767374039,0
75,516,0.5425724983215332,0
75,517,0.38582250475883484,0
75,518,-0.8931899666786194,0
75,519,-0.6437329649925232,0
75,520,-0.0038437005132436752,0
75,521,-0.09013153612613678,0
75,522,-0.779438316822052,0
75,523,-1.0543737411499023,0
75,524,0.3654190003871918,0
75,525,-0.5557805895805359,0
75,526,0.12157247960567474,0
75,527,0.46034473180770874,0
75,528,-0.3804354667663574,0
75,529,-0.979045033454895,0
75,530,-0.8641872406005859,0
75,531,-1.1325619220733643,0
75,532,-1.407873511314392,0
75,533,0.10698425769805908,0
75,534,-0.5147473812103271,0
75,535,-0.5500161647796631,0
75,536,-0.19611763954162598,0
75,537,0.3025652766227722,0
75,538,0.10608948767185211,0
75,539,-0.43908417224884033,0
75,540,0.6953749060630798,0
75,541,0.751290500164032,0
75,542,0.009484183974564075,0
75,543,0.12682746350765228,0
75,544,-0.41829925775527954,0
75,545,-0.06804551184177399,0
75,546,0.06786729395389557,0
75,547,-0.6205427646636963,0
75,548,-0.8434550762176514,0
75,549,-0.08594384044408798,0
75,550,-0.1144145131111145,0
75,551,0.31929832696914673,0
75,552,0.013840002939105034,0
75,553,0.3493962585926056,0
75,554,0.8760667443275452,0
75,555,0.33608606457710266,0
75,556,-0.9037681221961975,0
75,557,0.5894579887390137,0
75,558,0.5893847942352295,0
75,559,-0.7409717440605164,0
75,560,0.8546177744865417,0
75,561,0.6872196793556213,0
75,562,-0.25013110041618347,0
75,563,0.1481427103281021,0
75,564,-0.27794256806373596,0
75,565,0.17578625679016113,0
75,566,-0.5798520445823669,0
75,567,1.1304880380630493,0
75,568,-0.3009597361087799,0
75,569,0.09913472086191177,0
75,570,0.48073437809944153,0
75,571,-0.755361795425415,0
75,572,0.4879649877548218,0
75,573,-0.6001909375190735,0
75,574,0.11362624913454056,1
125,0,-0.23171982169151306,0
125,1,-0.3425697088241577,0
125,2,0.42672088742256165,0
125,3,1.0152744054794312,0
125,4,0.5932441353797913,0
125,5,0.9765267968177795,0
125,6,0.4313940405845642,0
125,7,-0.07094305753707886,0
125,8,0.5863106846809387,0
125,9,0.07165337353944778,0
125,10,0.3222945034503937,0
125,11,0.5464317798614502,0
125,12,0.8489701747894287,0
125,13,0.8499787449836731,0
125,14,-0.14335018396377563,0
125,15,-0.7142754793167114,0
125,16,0.9408774375915527,0
125,17,0.2764752209186554,0
125,18,-0.7247591018676758,0
125,19,0.4120010733604431,0
125,20,-0.21545273065567017,0
125,21,-0.2585248053073883,0
125,22,0.017810393124818802,0
125,23,0.35930535197257996,0
125,24,1.634316325187683,0
125,25,0.07099830359220505,0
125,26,0.38517555594444275,0
125,27,-0.2500598430633545,0
125,28,0.4247357249259949,0
125,29,0.905110239982605,0
125,30,-0.5153944492340088,0
125,31,1.0002100467681885,0
125,32,-0.0993942841887474,0
125,33,-0.16902773082256317,0
125,34,-0.5711502432823181,0
125,35,0.17517423629760742,0
125,36,1.1870793104171753,0
125,37,0.5835416913032532,0
125,38,-0.10265052318572998,0
125,39,-0.27715352177619934,0
125,40,0.05115082487463951,0
125,41,-0.4020140469074249,0
125,42,0.4449564814567566,0
125,43,0.6153063178062439,0
125,44,0.5399976372718811,0
125,45,0.09352380782365799,0
125,46,0.17870266735553741,0
125,47,-0.6424667835235596,0
125,48,0.3660092055797577,0
125,49,-0.6312522292137146,0
125,50,0.3903939723968506,0
125,51,0.6581147313117981,0
125,52,-0.32492804527282715,0
125,53,-0.09947050362825394,0
125,54,1.55207359790802,0
125,55,-0.001846145372837782,0
125,56,-0.1295493245124817,0
125,57,-0.5456647872924805,0
125,58,-0.26870304346084595,0
125,59,-0.30787619948387146,0
125,60,0.9547743797302246,0
125,61,-0.5233302712440491,0
125,62,0.8117557168006897,0
125,63,-1.136711597442627,0
125,64,-0.02501250058412552,0
125,65,0.4775134027004242,0
125,66,0.7174947261810303,0
125,67,-0.6198208332061768,0
125,68,-0.2528337836265564,0
125,69,-0.8718677759170532,0
125,70,-0.6021105647087097,0
125,71,-0.3875357508659363,0
125,72,-0.6056978702545166,0
125,73,0.25672343373298645,0
125,74,-0.04045262187719345,0
125,75,-0.0428040474653244,0
125,76,1.232973575592041,0
125,77,-0.6288296580314636,0
125,78,-0.4708153307437897,0
125,79,-0.7175948619842529,0
125,80,-0.1877652257680893,0
125,81,-0.3531644344329834,0
125,82,-0.5210219025611877,0
125,83,0.6282516717910767,0
125,84,0.47390156984329224,0
125,85,0.4847518801689148,0
125,86,0.6691017746925354,0
125,87,-1.4134271144866943,0
125,88,0.3596125841140747,0
125,89,-0.8262585401535034,0
125,90,-1.0529255867004395,0
125,91,0.790507972240448,0
125,92,0.3891947865486145,0
125,93,0.3730200529098511,0
125,94,0.057415157556533813,0
125,95,0.44570326805114746,0
125,96,0.29367464780807495,0
125,97,-0.9270390272140503,0
125,98,-0.2140754610300064,0
125,99,-0.42744478583335876,0
125,100,-0.528420090675354,0
125,101,0.2883933484554291,0
125,102,0.15746711194515228,0
125,103,-0.6267107725143433,0
125,104,0.4796927869319916,0
125,105,0.9932236671447754,0
125,106,0.9381200075149536,0
125,107,-0.07717864215373993,0
125,108,-0.02381047233939171,0
125,109,1.2354620695114136,0
125,110,0.6755127310752869,0
125,111,1.0260989665985107,0
125,112,0.4575372636318207,0
125,113,-0.6557042598724365,0
125,114,-0.09464863687753677,0
125,115,1.0543748140335083,0
125,116,0.48672860860824585,0
125,117,0.6840837597846985,0
125,118,0.2821290194988251,0
125,119,-0.8732486963272095,0
125,120,-1.1286755800247192,0
125,121,-0.4335269331932068,0
125,122,-0.03600817173719406,0
125,123,-0.6662760376930237,0
125,124,0.03483926132321358,0
125,125,-0.34183087944984436,0
125,126,0.4666433036327362,0
125,127,-0.4715365767478943,0
125,128,-0.04290083795785904,0
125,129,-0.47333261370658875,0
125,130,0.6462974548339844,0
125,131,0.49965885281562805,0
125,132,0.7205329537391663,0
125,133,0.19457685947418213,0
125,134,1.2429181337356567,0
125,135,1.4405900239944458,0
125,136,0.23823043704032898,0
125,137,-0.26028183102607727,0
125,138,0.3015097379684448,0
125,139,0.8742271661758423,0
125,140,0.5825197696685791,0
125,141,0.47279638051986694,0
125,142,-0.5544505715370178,0
125,143,0.4593524634838104,0
125,144,-0.09920544922351837,0
125,145,0.7873525619506836,0
125,146,-0.7639467716217041,0
125,147,-0.7812339663505554,0
125,148,-0.6534843444824219,0
125,149,0.412786066532135,0
125,150,-0.755558431148529,0
125,151,-0.6439968347549438,0
125,152,-0.9114912748336792,0
125,153,-0.2119075506925583,0
125,154,0.6881593465805054,0
125,155,-0.351905882358551,0
125,156,-0.2438220977783203,0
125,157,-0.028599541634321213,0
125,158,-0.807307243347168,0
125,159,-0.29196882247924805,0
125,160,-0.7858185172080994,0
125,161,0.05624695122241974,0
125,162,-0.3123377859592438,0
125,163,0.5987805724143982,0
125,164,0.0575498566031456,0
125,165,0.06203104555606842,0
125,166,0.051832959055900574,0
125,167,-0.29208633303642273,0
125,168,-0.30762165784835815,0
125,169,-0.0406208336353302,0
125,170,0.6394521594047546,0
125,171,-0.32500818371772766,0
125,172,-0.550933837890625,0
125,173,-0.442648321390152,0
125,174,0.36359578371047974,0
125,175,-0.3212430775165558,0
125,176,0.4162522554397583,0
125,177,-0.6464970111846924,0
125,178,-0.47045040130615234,0
125,179,-0.1966255009174347,0
125,180,0.3511969745159149,0
125,181,-0.8900567889213562,0
125,182,-0.7011227011680603,0
125,183,0.10421717166900635,0
125,184,0.7969733476638794,0
125,185,-1.0761792659759521,0
125,186,-0.09385374933481216,0
125,187,-0.508094310760498,0
125,188,0.3110958933830261,0
125,189,0.15546950697898865,0
125,190,0.9082622528076172,0
125,191,1.0959018468856812,0
125,192,-0.014206779189407825,0
125,193,-0.8966987729072571,0
125,194,0.08390158414840698,0
125,195,0.1583855152130127,0
125,196,1.458102822303772,0
125,197,-0.3045009970664978,0
125,198,-0.44544658064842224,0
125,199,0.10477428883314133,0
125,200,-0.8050187230110168,0
125,201,1.5221571922302246,0
125,202,-0.3455876111984253,0
125,203,-1.0309876203536987,0
125,204,0.0014893118059262633,0
125,205,-0.23423224687576294,0
125,206,-1.0220887660980225,0
125,207,-0.16385313868522644,0
125,208,-0.03576492890715599,0
125,209,0.5323872566223145,0
125,210,-0.010636704042553902,0
125,211,-1.3817766904830933,0
125,212,0.8089560270309448,0
125,213,-0.9060474634170532,0
125,214,-0.643572211265564,0
125,215,-0.5660529732704163,0
125,216,-0.5220200419425964,0
125,217,1.0548371076583862,0
125,218,0.02866833657026291,0
125,219,-1.2058802843093872,0
125,220,0.39206913113594055,0
125,221,0.24914629757404327,0
125,222,0.8175345063209534,0
125,223,-0.39069560170173645,0
125,224,-1.332697868347168,0
125,225,-1.0207871198654175,0
125,226,-0.8867237567901611,0
125,227,0.7178947925567627,0
125,228,-0.5065972805023193,0
125,229,0.03257554769515991,0
125,230,0.1288670301437378,0
125,231,-0.28709864616394043,0
125,232,-0.04012617468833923,0
125,233,-0.700055718421936,0
125,234,0.6002545952796936,0
125,235,-0.5241208076477051,0
125,236,0.5558101534843445,0
125,237,-0.05167586728930473,0
125,238,0.5922978520393372,0
125,239,0.6603459715843201,0
125,240,0.6052675843238831,0
125,241,-0.5654364228248596,0
125,242,-0.5604017972946167,0
125,243,0.38239309191703796,0
125,244,-0.5720711946487427,0
125,245,0.4331341087818146,0
125,246,0.736543595790863,0
125,247,0.5820015668869019,0
125,248,-0.07344219833612442,0
125,249,0.28814515471458435,0
125,250,0.5413119792938232,0
125,251,0.12890540063381195,0
125,252,1.213889718055725,0
125,253,1.8031455278396606,0
125,254,0.9608731865882874,0
125,255,0.9704528450965881,0
125,256,0.30790799856185913,0
125,257,1.023398995399475,0
125,258,0.5188230276107788,0
125,259,0.8133230805397034,0
125,260,0.8943752646446228,0
125,261,1.6093831062316895,0
125,262,-0.7302383184432983,0
125,263,0.49178382754325867,0
125,264,-1.1619874238967896,0
125,265,0.43204551935195923,0
125,266,0.461999773979187,0
125,267,0.8730193376541138,0
125,268,-0.3447590172290802,0
125,269,-0.6607493162155151,0
125,270,0.48286765813827515,0
125,271,0.23704548180103302,0
125,272,1.517911672592163,0
125,273,0.38804131746292114,0
125,274,0.12889929115772247,0
125,275,0.41872477531433105,0
125,276,-1.052717924118042,0
125,277,0.6378433704376221,0
125,278,0.14702512323856354,0
125,279,0.5934054851531982,0
125,280,-0.756624162197113,0
125,281,0.4141165614128113,0
125,282,-0.16538067162036896,0
125,283,0.3820578455924988,0
125,284,1.146411657333374,0
125,285,1.388210415840149,0
125,286,-0.2949417233467102,0
125,287,1.4608041048049927,0
125,288,1.7920838594436646,0
125,289,0.1082831472158432,0
125,290,0.7791550159454346,0
125,291,0.06918506324291229,0
125,292,1.2265275716781616,0
125,293,-0.24236716330051422,0
125,294,0.8857434988021851,0
125,295,0.9758250117301941,0
125,296,0.3816046714782715,0
125,297,-0.6819187998771667,0
125,298,0.0864676907658577,0
125,299,0.5020443797111511,0
125,300,-0.7519534230232239,0
125,301,-0.495920330286026,0
125,302,-0.33443835377693176,0
125,303,0.988289475440979,0
125,304,0.8077967762947083,0
125,305,0.3803017735481262,0
125,306,2.0106124877929688,0
125,307,1.09649658203125,0
125,308,3.246811866760254,0
125,309,0.37721607089042664,0
125,310,1.6798254251480103,0
125,311,0.34814098477363586,0
125,312,0.19744735956192017,0
125,313,1.3214716911315918,0
125,314,-0.22470781207084656,0
125,315,0.5144910216331482,0
125,316,0.9085806608200073,1
125,317,1.372901439666748,0
125,318,-0.10413870960474014,0
125,319,-0.44320032000541687,0
125,320,-0.2893632650375366,0
125,321,0.691228449344635,0
125,322,-0.11821108311414719,0
125,323,0.45960360765457153,0
125,324,0.4764102101325989,0
125,325,0.2678094506263733,0
125,326,0.7358041405677795,0
125,327,-0.6252385377883911,0
125,328,1.3798518180847168,0
125,329,1.3528610467910767,0
125,330,0.1343468427658081,1
125,331,1.7894511222839355,0
125,332,1.2806727886199951,1
125,333,0.372352659702301,0
125,334,1.160698652267456,0
125,335,1.1992918252944946,0
125,336,0.19906915724277496,0
125,337,1.1330366134643555,0
125,338,1.6763086318969727,0
125,339,0.7351710200309753,0
125,340,0.27806559205055237,0
125,341,1.2633495330810547,0
125,342,0.7107887268066406,0
125,343,0.32403209805488586,0
125,344,0.2562197744846344,0
125,345,0.06715221703052521,0
125,346,0.6257023215293884,0
125,347,0.8142927289009094,0
125,348,-0.1717526614665985,0
125,349,0.029130877926945686,0
125,350,1.271615743637085,0
125,351,-0.015403316356241703,0
125,352,0.6302068829536438,0
125,353,-0.43624868988990784,0
125,354,-0.5481034517288208,0
125,355,-1.232003927230835,0
125,356,-1.3890265226364136,0
125,357,0.0018055561231449246,0
125,358,0.2861271798610687,0
125,359,-0.6407577991485596,0
125,360,-0.9623100161552429,0
125,361,0.16568563878536224,0
125,362,0.2559894323348999,0
125,363,-0.5199864506721497,0
125,364,0.12813924252986908,0
125,365,-1.2802295684814453,0
125,366,-1.06397545337677,0
125,367,1.2522298097610474,0
125,368,0.35948696732521057,0
125,369,1.7907747030258179,0
125,370,1.2883937358856201,0
125,371,1.4383618831634521,0
125,372,0.890239953994751,0
125,373,1.2099052667617798,0
125,374,1.493202567100525,0
125,375,2.418449640274048,0
125,376,0.3295065760612488,0
125,377,2.1342647075653076,0
125,378,0.10709276795387268,0
125,379,1.0494078397750854,0
125,380,0.8016928434371948,0
125,381,0.12355825304985046,0
125,382,0.9310051202774048,0
125,383,1.0691622495651245,0
125,384,1.2027593851089478,0
125,385,0.529317319393158,0
125,386,1.5331645011901855,0
125,387,1.694219708442688,0
125,388,1.2099820375442505,0
125,389,0.5939545631408691,0
125,390,2.025622844696045,0
125,391,-0.24408793449401855,0
125,392,0.9739072322845459,0
125,393,0.9655114412307739,0
125,394,-0.015344588086009026,0
125,395,-0.10838285088539124,0
125,396,-0.9355744123458862,0
125,397,0.8231422305107117,0
125,398,0.5673273205757141,0
125,399,-0.5626299977302551,0
125,400,0.814696192741394,0
125,401,0.6618537902832031,0
125,402,0.10087832063436508,0
125,403,0.6701164245605469,0
125,404,0.5564054250717163,0
125,405,-0.5434798002243042,0
125,406,-0.36901047825813293,0
125,407,0.22924421727657318,0
125,408,1.2106457948684692,0
125,409,0.9229530692100525,0
125,410,0.15209296345710754,0
125,411,0.6655829548835754,0
125,412,-0.04345105588436127,0
125,413,0.7815366387367249,0
125,414,0.3649735152721405,0
125,415,-0.2805194556713104,0
125,416,-0.3396661579608917,0
125,417,0.378142386674881,0
125,418,-0.8051851987838745,0
125,419,-0.38929468393325806,0
125,420,-0.11502742767333984,0
125,421,-0.18849807977676392,0
125,422,-0.3154972195625305,0
125,423,0.7624266743659973,0
125,424,-0.08396156877279282,0
125,425,-1.3891252279281616,0
125,426,1.0020372867584229,0
125,427,1.0759011507034302,0
125,428,-0.3633884787559509,0
125,429,-0.8217977285385132,0
125,430,-1.1498439311981201,0
125,431,-0.007984703406691551,0
125,432,1.548588514328003,0
125,433,-1.0130928754806519,0
125,434,-0.21074846386909485,0
125,435,0.8578295111656189,0
125,436,-0.34626835584640503,0
125,437,-0.8802573680877686,0
125,438,0.21952205896377563,0
125,439,-0.5359912514686584,0
125,440,-0.0604969784617424,0
125,441,-0.3522680997848511,0
125,442,-0.7655420899391174,0
125,443,0.055638786405324936,0
125,444,-0.17471501231193542,0
125,445,-0.15455922484397888,0
125,446,-0.09565049409866333,0
125,447,-0.0446758046746254,0
125,448,1.7932878732681274,0
125,449,-0.47041037678718567,0
125,450,-0.12425780296325684,0
125,451,0.6614767909049988,0
125,452,-1.3204792737960815,0
125,453,-0.9951777458190918,0
125,454,-0.04708187282085419,0
125,455,-0.42165055871009827,0
125,456,-0.744793713092804,0
125,457,-0.8109241724014282,0
125,458,0.33453401923179626,0
125,459,1.4460482597351074,0
125,460,-0.30635547637939453,0
125,461,-0.41409608721733093,0
125,462,-0.7771304249763489,0
125,463,-0.2875005304813385,0
125,464,0.8479300141334534,0
125,465,0.03861507028341293,0
125,466,2.43727707862854,0
125,467,0.5625892877578735,0
125,468,0.15052305161952972,0
125,469,0.36567357182502747,0
125,470,-1.1318167448043823,0
125,471,0.4681343734264374,0
125,472,-0.6218042969703674,0
125,473,-0.6938431859016418,0
125,474,0.10754554718732834,0
125,475,-0.9716622233390808,0
125,476,-0.6257123947143555,0
125,477,-1.0207737684249878,0
125,478,0.10942649096250534,0
125,479,0.070522740483284,0
125,480,0.5004287958145142,0
125,481,0.720633864402771,0
125,482,-0.9062913060188293,0
125,483,-0.757584273815155,0
125,484,0.6033033132553101,0
125,485,0.5211285948753357,0
125,486,-0.5551629662513733,0
125,487,-0.04687536135315895,0
125,488,0.19570595026016235,0
125,489,-0.08431598544120789,0
125,490,0.6282080411911011,0
125,491,0.0860406905412674,0
125,492,0.8455771207809448,0
125,493,0.43081167340278625,0
125,494,-0.027626950293779373,0
125,495,-0.3440137803554535,0
125,496,0.08148191124200821,0
125,497,0.5906805396080017,0
125,498,0.29132574796676636,0
125,499,-0.8194271922111511,0
125,500,-0.5723100900650024,0
125,501,-0.1996782422065735,0
125,502,-1.3380563259124756,0
125,503,-1.1972804069519043,0
125,504,-0.8047752976417542,0
125,505,-0.014044707641005516,0
125,506,-0.07133475691080093,0
125,507,-0.6181020140647888,0
125,508,-0.6978666186332703,0
125,509,-0.8548840284347534,0
125,510,-0.7810544967651367,0
125,511,0.4364246726036072,0
125,512,-0.02608332969248295,0
125,513,-0.8786202073097229,0
125,514,-0.38870713114738464,0
125,515,0.4926179349422455,0
125,516,-1.0880674123764038,0
125,517,-0.4696749746799469,0
125,518,-0.6439928412437439,0
125,519,0.18298853933811188,0
125,520,-0.3182048499584198,0
125,521,-0.20610368251800537,0
125,522,0.35500413179397583,0
125,523,-1.0390061140060425,0
125,524,-0.8398606181144714,0
125,525,-0.09087743610143661,0
125,526,0.03992909938097,0
125,527,-0.5981875658035278,0
125,528,0.5536084771156311,0
125,529,-0.2933327257633209,0
125,530,0.48223379254341125,0
125,531,-0.10283014923334122,0
125,532,-1.0770254135131836,0
125,533,0.4759114384651184,0
125,534,0.4038529098033905,0
125,535,1.132363200187683,0
125,536,-0.3029351532459259,0
125,537,0.08303657919168472,0
125,538,-1.1006437540054321,0
125,539,0.8828060030937195,0
125,540,0.2694530785083771,0
125,541,0.26640066504478455,0
125,542,-0.32073158025741577,0
125,543,-0.32245072722435,0
125,544,0.9971200823783875,0
125,545,-1.0660316944122314,0
125,546,-0.8118981122970581,0
125,547,-0.6493653655052185,0
125,548,0.6507641077041626,0
125,549,-0.019570890814065933,0
125,550,-0.06918429583311081,0
125,551,-0.08960592746734619,0
125,552,0.6474901437759399,0
125,553,0.12602277100086212,0
125,554,0.41376793384552,0
125,555,0.5225009322166443,0
125,556,-0.436752051115036,0
125,557,-0.2353575974702835,0
125,558,-0.05439013987779617,0
125,559,-0.8976672887802124,0
125,560,0.0015717726200819016,0
125,561,-0.6641616225242615,0
125,562,-0.66437166929245,0
125,563,-1.650044322013855,0
125,564,0.29209938645362854,0
125,565,-0.5987256169319153,0
125,566,-0.9352206587791443,0
125,567,-0.20046541094779968,0
125,568,-1.130470633506775,0
125,569,-0.2129344791173935,0
125,570,0.02752411551773548,0
125,571,0.7761819362640381,0
125,572,-0.17872323095798492,1
125,573,-0.4218413531780243,0
125,574,-0.813700258731842,0
153,0,-0.40595582127571106,0
153,1,-0.4265255630016327,0
153,2,0.6163144111633301,0
153,3,0.3955860435962677,0
153,4,0.008347596973180771,0
153,5,0.1608300805091858,0
153,6,0.3999370336532593,0
153,7,-0.29760754108428955,0
153,8,-0.603247344493866,0
153,9,0.38182011246681213,0
153,10,-0.18263430893421173,0
153,11,0.4016706943511963,0
153,12,0.22067789733409882,0
153,13,0.46183469891548157,0
153,14,-0.11019812524318695,0
153,15,-0.4486401677131653,0
153,16,0.16953356564044952,0
153,17,0.8019470572471619,0
153,18,-0.14886216819286346,0
153,19,-0.5473249554634094,0
153,20,-0.42018529772758484,0
153,21,0.7132746577262878,0
153,22,-0.09578756242990494,0
153,23,-0.305574893951416,0
153,24,0.2908225655555725,0
153,25,0.04018589109182358,0
153,26,-0.4465617835521698,0
153,27,-0.5401789546012878,0
153,28,0.319780558347702,0
153,29,0.3850318491458893,0
153,30,0.2897303104400635,0
153,31,0.5252748727798462,0
153,32,-0.20518805086612701,0
153,33,0.31818097829818726,0
153,34,-0.1933140903711319,0
153,35,0.2780958116054535,0
153,36,0.42808228731155396,0
153,37,0.6901332139968872,0
153,38,-0.5174919962882996,0
153,39,-0.19381798803806305,0
153,40,-0.3742010295391083,0
153,41,-0.48266714811325073,0
153,42,-0.038476113229990005,0
153,43,0.3453902006149292,0
153,44,0.034125830978155136,0
153,45,-0.23393628001213074,0
153,46,-0.4034544825553894,0
153,47,-0.7381993532180786,0
153,48,1.077545404434204,0
153,49,-0.5004367828369141,0
153,50,0.08219374716281891,0
153,51,0.3222692310810089,0
153,52,-0.5702389478683472,0
153,53,0.4042833149433136,0
153,54,0.5299808382987976,0
153,55,0.1361880898475647,0
153,56,0.4936983287334442,0
153,57,-0.4431232810020447,0
153,58,0.37432461977005005,0
153,59,-0.13375213742256165,0
153,60,-0.06324253976345062,0
153,61,0.3005628287792206,0
153,62,0.5759178996086121,0
153,63,-0.6350808143615723,0
153,64,0.27691197395324707,0
153,65,-0.04563930630683899,0
153,66,0.27634236216545105,0
153,67,-0.6203897595405579,0
153,68,0.28971439599990845,0
153,69,-0.5598733425140381,0
153,70,-0.2222386747598648,0
153,71,0.15303224325180054,0
153,72,-0.7104426622390747,0
153,73,0.12888450920581818,0
153,74,-0.5896002650260925,0
153,75,0.2713565230369568,0
153,76,0.6175965070724487,0
153,77,0.12251196056604385,0
153,78,0.12786386907100677,0
153,79,-0.6577437520027161,0
153,80,-0.4074214696884155,0
153,81,-0.1831328123807907,0
153,82,-0.08525989949703217,0
153,83,0.010201324708759785,0
153,84,-0.31171363592147827,0
153,85,0.10480163991451263,0
153,86,0.3422025740146637,0
153,87,-0.5995151400566101,0
153,88,0.4367610812187195,0
153,89,-0.5430134534835815,0
153,90,-0.395683616399765,0
153,91,-0.5485970973968506,0
153,92,-0.20400235056877136,0
153,93,-0.0658695250749588,0
153,94,-0.10517222434282303,0
153,95,0.5169546604156494,0
153,96,-0.1265767216682434,0
153,97,-1.0570117235183716,0
153,98,0.2820490598678589,0
153,99,-0.48202282190322876,0
153,100,-0.49402621388435364,0
153,101,0.18972539901733398,0
153,102,-0.12151941657066345,0
153,103,-0.15970508754253387,0
153,104,-0.2483091950416565,0
153,105,0.2426469326019287,0
153,106,0.5912011861801147,0
153,107,-0.12531344592571259,0
153,108,-0.4556766748428345,0
153,109,0.5551145672798157,0
153,110,0.17878833413124084,0
153,111,0.6523343324661255,0
153,112,0.03774166479706764,0
153,113,-0.005339188501238823,0
153,114,-0.41322335600852966,0
153,115,0.3442928194999695,0
153,116,-0.39189887046813965,0
153,117,0.5714299082756042,0
153,118,0.05283593013882637,0
153,119,-0.3194897770881653,0
153,120,-0.16154666244983673,0
153,121,-0.029208658263087273,0
153,122,-0.011167488060891628,0
153,123,-0.10571074485778809,0
153,124,-0.4723317623138428,0
153,125,-0.31287145614624023,0
153,126,0.1296853870153427,0
153,127,0.2823089063167572,0
153,128,0.10448095947504044,0
153,129,0.1098090335726738,0
153,130,0.20472268760204315,0
153,131,-0.16180582344532013,0
153,132,-0.04205460846424103,0
153,133,0.49611905217170715,0
153,134,0.4419359564781189,0
153,135,0.7584629058837891,0
153,136,-0.6597705483436584,0
153,137,0.042769934982061386,0
153,138,0.06746169179677963,0
153,139,0.5135466456413269,0
153,140,-0.498430997133255,0
153,141,-0.037185605615377426,0
153,142,-0.25169113278388977,0
153,143,0.02406872622668743,0
153,144,-0.24196258187294006,0
153,145,0.27135419845581055,0
153,146,-0.6694788336753845,0
153,147,-0.6470581889152527,0
153,148,-0.7988700866699219,0
153,149,-0.3193924129009247,0
153,150,-0.3655252158641815,0
153,151,0.42418938875198364,0
153,152,-0.5350404977798462,0
153,153,0.19260478019714355,0
153,154,0.10438968241214752,0
153,155,-0.5243133306503296,0
153,156,0.04083841294050217,0
153,157,0.061229825019836426,0
153,158,0.07054179906845093,0
153,159,-0.09137775003910065,0
153,160,-0.3806461989879608,0
153,161,0.013255233876407146,0
153,162,0.23430439829826355,0
153,163,0.05207853391766548,0
153,164,-0.001723838271573186,0
153,165,0.22537383437156677,0
153,166,0.216617614030838,0
153,167,0.016298707574605942,0
153,168,-0.16129423677921295,0
153,169,-0.28376150131225586,0
153,170,0.27971264719963074,0
153,171,0.48208028078079224,0
153,172,-0.20070061087608337,0
153,173,-0.06469080597162247,0
153,174,0.3677212595939636,0
153,175,-0.26637986302375793,0
153,176,0.3878697156906128,0
153,177,-0.3091602325439453,0
153,178,0.0453423410654068,0
153,179,0.5102139711380005,0
153,180,-0.0020908224396407604,0
153,181,-0.8179066181182861,0
153,182,-0.8658842444419861,0
153,183,-0.029532013460993767,0
153,184,0.3187962472438812,0
153,185,-0.2825334966182709,0
153,186,-0.9143784046173096,0
153,187,0.5170984268188477,0
153,188,0.3785487711429596,0
153,189,-0.16008654236793518,0
153,190,0.43009674549102783,0
153,191,0.04111930727958679,0
153,192,0.4458625614643097,0
153,193,-0.47695454955101013,0
153,194,-0.587244987487793,0
153,195,0.15512999892234802,0
153,196,0.24569746851921082,0
153,197,-0.12940731644630432,0
153,198,-0.35334017872810364,0
153,199,0.18095390498638153,0
153,200,-0.23514363169670105,0
153,201,0.525303304195404,0
153,202,-0.7961282134056091,0
153,203,-0.6899521350860596,0
153,204,0.22641558945178986,0
153,205,-0.3649272322654724,0
153,206,-0.3672085106372833,0
153,207,0.6986528038978577,0
153,208,-0.4781532883644104,0
153,209,0.22583986818790436,0
153,210,-0.2183741331100464,0
153,211,-0.2878086268901825,0
153,212,0.31335633993148804,0
153,213,-0.7629227042198181,0
153,214,0.03158731386065483,0
153,215,-0.6155617833137512,0
153,216,-0.35591256618499756,0
153,217,0.013996714726090431,0
153,218,-0.2050676792860031,0
153,219,-0.5493009686470032,0
153,220,0.6969243288040161,0
153,221,-0.44158369302749634,0
153,222,0.19015967845916748,0
153,223,-0.33598652482032776,0
153,224,-0.8280420899391174,0
153,225,-0.5002183318138123,0
153,226,-0.5240784287452698,0
153,227,-0.3774700462818146,0
153,228,-0.4363301992416382,0
153,229,-0.2673492431640625,0
153,230,0.22288618981838226,0
153,231,-0.3439106047153473,0
153,232,-0.16270408034324646,0
153,233,-0.020022276788949966,0
153,234,0.032026518136262894,0
153,235,-0.16783086955547333,0
153,236,-0.02941514551639557,0
153,237,-0.3861108124256134,0
153,238,-0.05659021437168121,0
153,239,0.3826603889465332,0
153,240,0.11771827936172485,0
153,241,-0.5929104685783386,0
153,242,-0.16071084141731262,0
153,243,-0.013579502701759338,0
153,244,-0.10951288789510727,0
153,245,0.4155888557434082,0
153,246,0.4515933394432068,0
153,247,0.7094287872314453,0
153,248,0.0993911549448967,0
153,249,-0.35732007026672363,0
153,250,0.40239468216896057,0
153,251,0.12053856253623962,0
153,252,0.4725629687309265,0
153,253,0.7007566690444946,0
153,254,0.38005325198173523,0
153,255,0.7427672147750854,0
153,256,0.004194741137325764,0
153,257,0.07106506824493408,0
153,258,0.26918214559555054,0
153,259,0.6601501107215881,0
153,260,0.2028295248746872,0
153,261,0.5665793418884277,0
153,262,-0.3367008566856384,0
153,263,-0.15766842663288116,0
153,264,-1.029115915298462,0
153,265,0.17903859913349152,0
153,266,0.10860300809144974,0
153,267,-0.2653713822364807,0
153,268,-0.16154994070529938,0
153,269,-0.7456827759742737,0
153,270,0.3963871896266937,0
153,271,-0.3034908175468445,0
153,272,0.844723641872406,0
153,273,0.5546174645423889,0
153,274,-0.35934165120124817,0
153,275,0.36830398440361023,0
153,276,-0.6870411038398743,0
153,277,0.3154470920562744,0
153,278,-0.10445072501897812,0
153,279,0.2579483091831207,0
153,280,-0.3522038161754608,0
153,281,0.05713498592376709,0
153,282,0.1084040179848671,0
153,283,0.476697713136673,0
153,284,0.27779480814933777,0
153,285,0.5236868262290955,0
153,286,-0.7655746340751648,0
153,287,0.40600451827049255,0
153,288,0.695890486240387,0
153,289,0.3868967890739441,0
153,290,0.5061183571815491,0
153,291,0.14909738302230835,0
153,292,0.4709634482860565,0
153,293,0.08067647367715836,0
153,294,0.24220936000347137,0
153,295,0.40370506048202515,0
153,296,0.22063970565795898,0
153,297,-0.08844640105962753,0
153,298,-0.07623493671417236,0
153,299,0.4727539122104645,0
153,300,-0.16667601466178894,0
153,301,-0.42538437247276306,0
153,302,-0.0012248066486790776,0
153,303,0.2609836459159851,0
153,304,0.4522114098072052,0
153,305,0.3700328767299652,0
153,306,0.9429707527160645,0
153,307,0.6272978186607361,0
153,308,0.9487521648406982,1
153,309,0.2632282078266144,0
153,310,0.9530736804008484,0
153,311,-0.07690176367759705,0
153,312,-0.31422579288482666,0
153,313,0.878832221031189,0
153,314,0.602340579032898,0
153,315,0.5538402795791626,0
153,316,0.4983801245689392,0
153,317,0.6204514503479004,0
153,318,0.029660876840353012,0
153,319,-0.15265214443206787,0
153,320,-0.1448608934879303,0
153,321,0.8113358020782471,0
153,322,0.16288116574287415,1
153,323,-0.11671066284179688,0
153,324,0.7153563499450684,1
153,325,0.486613005399704,0
153,326,0.49366649985313416,0
153,327,-0.5531222224235535,0
153,328,0.5393872857093811,0
153,329,0.6337189674377441,0
153,330,0.018190698698163033,0
153,331,0.836443305015564,0
153,332,1.1459981203079224,0
153,333,0.23997336626052856,0
153,334,1.0649893283843994,0
153,335,1.4844098091125488,0
153,336,0.2514979839324951,0
153,337,-0.03392685577273369,0
153,338,0.8505731225013733,0
153,339,0.7171131372451782,0
153,340,0.19894996285438538,0
153,341,0.7932984232902527,0
153,342,0.6872813701629639,0
153,343,0.31355181336402893,0
153,344,0.6312757134437561,0
153,345,0.14472496509552002,0
153,346,0.4409489333629608,0
153,347,-0.0035722588654607534,0
153,348,0.2081649899482727,0
153,349,0.032613467425107956,0
153,350,0.9413284063339233,0
153,351,0.30902841687202454,0
153,352,0.2753942906856537,0
153,353,-0.08141016215085983,0
153,354,-0.08176136016845703,0
153,355,0.19236154854297638,0
153,356,-0.04945961758494377,0
153,357,0.14406511187553406,0
153,358,0.10965819656848907,0
153,359,-0.4578239619731903,0
153,360,-0.23015612363815308,0
153,361,0.019528724253177643,0
153,362,0.5799282789230347,0
153,363,-0.6233440041542053,0
153,364,1.0131272077560425,0
153,365,0.08365923911333084,0
153,366,0.1748817414045334,0
153,367,0.03893313184380531,0
153,368,-0.21791939437389374,0
153,369,0.8932145833969116,0
153,370,0.4982425570487976,0
153,371,0.45862719416618347,0
153,372,0.41406896710395813,0
153,373,0.5263492465019226,0
153,374,0.825556218624115,0
153,375,1.2465828657150269,0
153,376,0.4369926154613495,0
153,377,0.6329256892204285,0
153,378,0.3263208270072937,0
153,379,0.4392712712287903,0
153,380,0.03767615184187889,0
153,381,0.22792087495326996,0
153,382,0.5925363898277283,0
153,383,0.5947479009628296,0
153,384,0.4514644145965576,0
153,385,0.8437894582748413,0
153,386,0.6871256828308105,0
153,387,1.027974247932434,0
153,388,0.8037962913513184,0
153,389,0.7056208252906799,0
153,390,1.0942929983139038,0
153,391,0.22409787774085999,0
153,392,1.1803361177444458,0
153,393,0.46455124020576477,0
153,394,-0.5617653131484985,0
153,395,-0.20308318734169006,0
153,396,0.1613384336233139,0
153,397,0.4097428321838379,0
153,398,0.07406921684741974,0
153,399,0.16766296327114105,0
153,400,0.3383868634700775,0
153,401,0.22337736189365387,0
153,402,-0.15507307648658752,0
153,403,0.6185591220855713,0
153,404,0.3806169629096985,0
153,405,-0.5431594848632812,0
153,406,-0.30758583545684814,0
153,407,-0.08199537545442581,0
153,408,0.9587156176567078,0
153,409,0.19382601976394653,0
153,410,0.564425528049469,0
153,411,0.46851596236228943,0
153,412,0.040995024144649506,0
153,413,1.0547854900360107,0
153,414,0.361802875995636,0
153,415,-0.39919403195381165,0
153,416,0.16904525458812714,0
153,417,0.26053664088249207,0
153,418,-0.3660126030445099,0
153,419,-0.09341596066951752,0
153,420,0.07578082382678986,0
153,421,-0.16312944889068604,0
153,422,-0.4076777696609497,0
153,423,-0.03960960730910301,0
153,424,0.07858511060476303,0
153,425,-0.4763510525226593,0
153,426,1.227616310119629,0
153,427,1.401375651359558,0
153,428,-0.15620918571949005,0
153,429,-0.41963961720466614,0
153,430,-0.3379541337490082,0
153,431,0.6482836008071899,0
153,432,0.8087512254714966,0
153,433,-0.40685346722602844,0
153,434,0.779448390007019,0
153,435,0.31261709332466125,0
153,436,0.06444445252418518,0
153,437,0.11460712552070618,0
153,438,0.24919338524341583,0
153,439,0.023671746253967285,0
153,440,0.7361421585083008,0
153,441,-0.2358677089214325,0
153,442,-0.19636201858520508,0
153,443,-0.11055854707956314,0
153,444,-0.09708821028470993,0
153,445,0.5949777364730835,0
153,446,0.07447494566440582,0
153,447,0.3725435435771942,0
153,448,0.635660707950592,0
153,449,-0.18600746989250183,0
153,450,0.34854844212532043,0
153,451,0.43201306462287903,0
153,452,-0.26285478472709656,0
153,453,-0.06659956276416779,0
153,454,-0.5972304344177246,0
153,455,-0.3645245134830475,0
153,456,-0.30547821521759033,0
153,457,0.16127972304821014,0
153,458,0.09153985977172852,0
153,459,0.8495604991912842,0
153,460,0.21274244785308838,0
153,461,-0.46338748931884766,0
153,462,-0.3205256164073944,0
153,463,-0.2897571921348572,0
153,464,0.7502110004425049,0
153,465,0.4778919816017151,0
153,466,1.122477412223816,0
153,467,0.7051792144775391,0
153,468,0.2864476442337036,0
153,469,-0.22218498587608337,0
153,470,0.05505819246172905,0
153,471,-0.16112348437309265,0
153,472,-0.1568388044834137,0
153,473,-0.05184069275856018,0
153,474,0.4677143692970276,0
153,475,-0.4898567795753479,0
153,476,-0.06283295899629593,0
153,477,-0.31826499104499817,0
153,478,0.2264905869960785,0
153,479,0.03133155778050423,0
153,480,-0.09337024390697479,0
153,481,0.6417891979217529,0
153,482,0.12362542748451233,0
153,483,0.17358262836933136,0
153,484,0.3240858018398285,0
153,485,0.41619768738746643,0
153,486,-0.10361000895500183,0
153,487,0.29751312732696533,0
153,488,0.31908753514289856,0
153,489,0.2062026560306549,0
153,490,0.3618781268596649,0
153,491,-0.5270868539810181,0
153,492,0.6130807399749756,0
153,493,-0.7053152918815613,0
153,494,-0.07520746439695358,0
153,495,0.40736818313598633,0
153,496,0.6079482436180115,0
153,497,0.8197473883628845,0
153,498,0.1109820306301117,0
153,499,-0.018009353429079056,0
153,500,-0.06752020120620728,0
153,501,-0.7421917915344238,0
153,502,-0.5426892638206482,0
153,503,-0.577802836894989,0
153,504,0.47424623370170593,0
153,505,-0.07411589473485947,0
153,506,0.5800225734710693,0
153,507,-0.1151527687907219,0
153,508,-0.6719182729721069,0
153,509,-0.5226625204086304,0
153,510,-0.06787054240703583,0
153,511,1.0374382734298706,0
153,512,0.5493987798690796,0
153,513,-0.32912391424179077,0
153,514,-0.27176785469055176,0
153,515,0.44650277495384216,0
153,516,-0.48235610127449036,0
153,517,-0.11675799638032913,0
153,518,0.3822070062160492,0
153,519,0.5391271710395813,0
153,520,-0.13747258484363556,0
153,521,0.037799108773469925,0
153,522,0.32740020751953125,0
153,523,-0.46730872988700867,0
153,524,-0.16874322295188904,0
153,525,0.706664502620697,0
153,526,-0.3898949921131134,0
153,527,-0.23623643815517426,0
153,528,0.8701574802398682,0
153,529,0.6983963251113892,0
153,530,1.1954033374786377,0
153,531,0.47550129890441895,0
153,532,0.36337581276893616,0
153,533,0.1909884512424469,0
153,534,0.7881854176521301,0
153,535,1.102826714515686,0
153,536,0.2068384736776352,0
153,537,0.09094395488500595,0
153,538,-0.4300355315208435,0
153,539,0.5846762657165527,0
153,540,-0.2710138261318207,0
153,541,-0.19797013700008392,0
153,542,-0.007847276516258717,0
153,543,0.1315239518880844,0
153,544,0.8636376261711121,0
153,545,-0.5457690954208374,0
153,546,-0.10419031977653503,0
153,547,-0.15515293180942535,0
153,548,0.4218316674232483,0
153,549,0.23161166906356812,0
153,550,0.10672152042388916,0
153,551,-0.6487177014350891,0
153,552,0.33104658126831055,0
153,553,-0.18698155879974365,0
153,554,-0.3304845094680786,0
153,555,0.16688960790634155,0
153,556,0.8888269066810608,0
153,557,0.2856700122356415,0
153,558,-0.07772542536258698,0
153,559,-0.061595454812049866,0
153,560,-0.08941429853439331,0
153,561,-0.4525448977947235,0
153,562,-0.0006798977265134454,0
153,563,-0.5842084884643555,0
153,564,0.3432493209838867,0
153,565,0.6393720507621765,0
153,566,-0.08284550905227661,0
153,567,0.1038612350821495,0
153,568,-0.09215383976697922,0
153,569,-0.30863067507743835,0
153,570,-0.3996220529079437,0
153,571,0.7649691700935364,0
153,572,0.3882158696651459,0
153,573,0.7595404386520386,1
153,574,0.21778860688209534,0
162,0,0.23006735742092133,0
162,1,0.35053154826164246,0
162,2,0.40204495191574097,0
162,3,0.5012241005897522,0
162,4,0.32426580786705017,0
162,5,0.7197520136833191,0
162,6,0.16254770755767822,0
162,7,0.5028159022331238,0
162,8,-0.42646193504333496,0
162,9,0.06058807298541069,0
162,10,0.2381923496723175,0
162,11,0.8221131563186646,0
162,12,0.8239198923110962,0
162,13,0.922221302986145,0
162,14,-0.162007138133049,0
162,15,0.5575990080833435,0
162,16,1.1428003311157227,0
162,17,0.7460879683494568,0
162,18,-0.6623695492744446,0
162,19,-0.5112017393112183,0
162,20,-0.8886017799377441,0
162,21,0.2257748246192932,0
162,22,0.017731301486492157,0
162,23,0.4429927170276642,0
162,24,1.0252647399902344,0
162,25,0.3713315725326538,0
162,26,-0.3772384524345398,0
162,27,-0.06057991832494736,0
162,28,0.478002667427063,0
162,29,0.6057339906692505,0
162,30,0.2804608643054962,0
162,31,0.03849125653505325,0
162,32,0.20231203734874725,0
162,33,-0.28064441680908203,0
162,34,0.06842780113220215,0
162,35,0.6757124662399292,0
162,36,0.7209667563438416,0
162,37,0.6581258773803711,0
162,38,-0.15205909311771393,0
162,39,0.46014124155044556,0
162,40,0.2627080976963043,0
162,41,0.6642265915870667,0
162,42,0.1706976741552353,0
162,43,-0.4434736669063568,0
162,44,0.46587371826171875,0
162,45,-0.3883185386657715,0
162,46,0.18061548471450806,0
162,47,-0.17028148472309113,0
162,48,0.5087665319442749,0
162,49,0.24840693175792694,0
162,50,0.535226583480835,0
162,51,0.1140398234128952,0
162,52,-0.5438801050186157,0
162,53,0.8163431286811829,0
162,54,0.650114893913269,0
162,55,0.19561651349067688,0
162,56,0.3286750614643097,0
162,57,0.07828249782323837,0
162,58,0.29687049984931946,0
162,59,-0.17343690991401672,0
162,60,0.6148084998130798,0
162,61,-0.4146861732006073,0
162,62,0.640178918838501,0
162,63,0.2965128421783447,0
162,64,0.046385426074266434,0
162,65,0.1684742569923401,0
162,66,0.17966251075267792,0
162,67,-0.23887234926223755,0
162,68,0.5187874436378479,0
162,69,0.2790161669254303,0
162,70,-0.405518501996994,0
162,71,0.3998644948005676,0
162,72,-0.004266086034476757,0
162,73,0.02916960045695305,0
162,74,-0.3765427768230438,0
162,75,0.36515188217163086,0
162,76,0.49425336718559265,0
162,77,0.8381457924842834,0
162,78,-0.3931947648525238,0
162,79,-0.8156108856201172,0
162,80,-0.1594706028699875,0
162,81,0.18561449646949768,0
162,82,-0.04098464548587799,0
162,83,0.18317857384681702,0
162,84,0.03820419684052467,0
162,85,0.8904486298561096,0
162,86,0.3854742646217346,0
162,87,-0.6263659596443176,0
162,88,0.513282835483551,0
162,89,-0.53233402967453,0
162,90,0.19631879031658173,0
162,91,-0.17249301075935364,0
162,92,0.33356645703315735,0
162,93,-0.048802632838487625,0
162,94,0.034849002957344055,0
162,95,-0.2097502201795578,0
162,96,-0.175486758351326,0
162,97,-0.061658985912799835,0
162,98,0.3297111392021179,0
162,99,-0.0689522847533226,0
162,100,0.3639112114906311,0
162,101,1.414029598236084,0
162,102,-0.015917187556624413,0
162,103,-0.46282094717025757,0
162,104,0.465802937746048,0
162,105,0.38736119866371155,0
162,106,-0.3015933036804199,0
162,107,0.12088380753993988,0
162,108,0.7763219475746155,0
162,109,0.40591999888420105,0
162,110,0.6509864926338196,0
162,111,0.2638032138347626,0
162,112,0.2530111074447632,0
162,113,0.2220696657896042,0
162,114,0.8786906599998474,0
162,115,-0.19027289748191833,0
162,116,0.9524559378623962,0
162,117,0.17168965935707092,0
162,118,0.316728800535202,0
162,119,0.06884852796792984,0
162,120,0.4723704159259796,0
162,121,0.3761984705924988,0
162,122,-0.060835786163806915,0
162,123,0.5701789855957031,0
162,124,-0.04878739267587662,0
162,125,0.04115857556462288,0
162,126,0.6467298865318298,0
162,127,-0.03367039933800697,0
162,128,0.026659345254302025,0
162,129,0.17846685647964478,0
162,130,0.7632330656051636,0
162,131,0.6324595212936401,0
162,132,-0.31858381628990173,0
162,133,0.8631768226623535,0
162,134,0.1498430222272873,0
162,135,0.4606185555458069,0
162,136,0.3444787561893463,0
162,137,0.49179762601852417,0
162,138,-0.07594635337591171,0
162,139,0.4794573187828064,0
162,140,0.2053883820772171,0
162,141,-0.3576272428035736,0
162,142,-0.0712331011891365,0
162,143,-0.6444929838180542,0
162,144,-0.5873457789421082,0
162,145,-0.8478385806083679,0
162,146,-0.029806969687342644,0
162,147,0.04922818765044212,0
162,148,-0.5696945786476135,0
162,149,-0.5802091360092163,0
162,150,0.05964084714651108,0
162,151,0.6559394598007202,0
162,152,-0.3462558090686798,0
162,153,0.30690252780914307,0
162,154,-0.9212135076522827,0
162,155,-0.5675250887870789,0
162,156,0.7045286297798157,0
162,157,0.6516856551170349,0
162,158,0.3187095820903778,0
162,159,-0.38421979546546936,0
162,160,-0.8124730587005615,0
162,161,-0.01794363744556904,0
162,162,0.6178798079490662,0
162,163,0.09223135560750961,0
162,164,0.4249916076660156,0
162,165,-0.4917837977409363,0
162,166,-0.6302369236946106,0
162,167,-0.019473712891340256,0
162,168,0.8158871531486511,0
162,169,0.4103687107563019,0
162,170,0.7270051836967468,0
162,171,0.06987927109003067,0
162,172,0.5030697584152222,0
162,173,0.5158980488777161,0
162,174,0.40262195467948914,0
162,175,0.9411375522613525,0
162,176,0.05263407900929451,0
162,177,0.3419312536716461,0
162,178,0.7407905459403992,0
162,179,0.15295572578907013,0
162,180,0.6505922675132751,0
162,181,-0.4130344092845917,0
162,182,-0.189396932721138,0
162,183,-0.19827061891555786,0
162,184,-0.11480911076068878,0
162,185,0.35465893149375916,0
162,186,-0.6516861915588379,0
162,187,-0.08295437693595886,0
162,188,0.6636063456535339,0
162,189,-0.33540788292884827,0
162,190,-0.23480354249477386,0
162,191,-0.8267560601234436,0
162,192,-0.5160400867462158,0
162,193,-0.11437609791755676,0
162,194,-0.03562413528561592,0
162,195,-0.6697058081626892,0
162,196,0.16030466556549072,0
162,197,-0.5739479660987854,0
162,198,0.2273251712322235,0
162,199,0.46202611923217773,0
162,200,0.24813538789749146,0
162,201,0.005763311870396137,0
162,202,-0.26245445013046265,0
162,203,-0.4829596281051636,0
162,204,0.19390499591827393,0
162,205,-0.542690634727478,0
162,206,0.1921776682138443,0
162,207,0.6712746620178223,0
162,208,0.05024909973144531,0
162,209,0.5724512934684753,0
162,210,-0.5823675990104675,0
162,211,-0.3038766086101532,0
162,212,0.6971123218536377,0
162,213,-0.29826247692108154,0
162,214,-0.209374338388443,0
162,215,-0.231369748711586,0
162,216,1.0994988679885864,0
162,217,0.24137194454669952,0
162,218,-0.11868437379598618,0
162,219,0.4475788474082947,0
162,220,0.45511242747306824,0
162,221,0.0052036624401807785,0
162,222,0.6837859153747559,0
162,223,-0.7721867561340332,0
162,224,-0.7802619338035583,0
162,225,-0.6628639698028564,0
162,226,0.05821642652153969,0
162,227,-0.07090672850608826,0
162,228,0.12426599115133286,0
162,229,1.0032552480697632,0
162,230,0.36732667684555054,0
162,231,0.42513182759284973,0
162,232,0.6005157828330994,0
162,233,0.6097145080566406,0
162,234,-0.040497925132513046,0
162,235,-0.2750841975212097,0
162,236,0.43534907698631287,0
162,237,0.1099701076745987,0
162,238,-0.7765503525733948,0
162,239,-0.2551223039627075,0
162,240,0.08292841166257858,0
162,241,-0.3469310402870178,0
162,242,0.6193111538887024,0
162,243,0.6417064666748047,0
162,244,-0.5469245314598083,0
162,245,0.5622634291648865,0
162,246,0.8702178597450256,0
162,247,0.5197856426239014,0
162,248,0.3082785904407501,0
162,249,-0.43838831782341003,0
162,250,0.5721105933189392,0
162,251,0.31238052248954773,0
162,252,-0.10236453264951706,0
162,253,0.4932236671447754,0
162,254,0.03488091379404068,0
162,255,1.7520431280136108,0
162,256,0.20562690496444702,0
162,257,0.9077185988426208,0
162,258,0.3111414313316345,0
162,259,0.7282980680465698,0
162,260,0.06115897372364998,0
162,261,0.9108495712280273,0
162,262,-0.2981543242931366,0
162,263,0.13255572319030762,0
162,264,0.6993522644042969,0
162,265,0.13847792148590088,0
162,266,-0.1714169979095459,0
162,267,0.6795347332954407,0
162,268,-0.2890026867389679,0
162,269,0.24731619656085968,0
162,270,0.3837478458881378,0
162,271,0.03065790794789791,0
162,272,1.0474547147750854,0
162,273,0.5725694298744202,0
162,274,-0.6548550724983215,0
162,275,0.12620064616203308,0
162,276,-0.6170905232429504,0
162,277,0.40861791372299194,0
162,278,0.2834347188472748,0
162,279,0.11316775530576706,0
162,280,0.30285927653312683,0
162,281,-0.10481022298336029,0
162,282,0.360069215297699,0
162,283,1.1620582342147827,0
162,284,-0.3025505244731903,0
162,285,0.6774631142616272,0
162,286,-0.4485251307487488,0
162,287,0.6296216249465942,0
162,288,0.48621994256973267,0
162,289,-0.2248142957687378,0
162,290,0.08431611210107803,0
162,291,0.0592377632856369,0
162,292,0.28803935647010803,0
162,293,0.5181758999824524,0
162,294,0.6379526257514954,0
162,295,0.5025771260261536,0
162,296,0.5004627108573914,0
162,297,0.4023972153663635,0
162,298,0.08435777574777603,0
162,299,0.6623653769493103,0
162,300,0.5590490698814392,0
162,301,0.5353875160217285,0
162,302,0.45708054304122925,0
162,303,0.9830601215362549,0
162,304,0.08702922612428665,0
162,305,0.06553269177675247,0
162,306,0.5561597347259521,0
162,307,-0.20989224314689636,0
162,308,0.34645146131515503,1
162,309,-0.214315727353096,0
162,310,0.500206470489502,0
162,311,0.29642948508262634,0
162,312,0.6982158422470093,0
162,313,1.1418157815933228,0
162,314,0.1331571340560913,0
162,315,0.16138780117034912,0
162,316,0.7256537675857544,0
162,317,1.0610263347625732,0
162,318,-0.31103378534317017,0
162,319,-0.5418394804000854,0
162,320,0.21963931620121002,0
162,321,0.38966265320777893,0
162,322,0.42803189158439636,1
162,323,1.3807491064071655,0
162,324,0.5263757705688477,1
162,325,0.34884464740753174,0
162,326,0.522553026676178,0
162,327,1.0152333974838257,0
162,328,1.080411672592163,0
162,329,0.53892582654953,0
162,330,-0.09714459627866745,0
162,331,-0.08895605802536011,0
162,332,0.7764114737510681,0
162,333,0.08806300908327103,0
162,334,0.600993275642395,0
162,335,0.42635223269462585,0
162,336,0.24573777616024017,0
162,337,0.501497209072113,0
162,338,0.8048064708709717,0
162,339,0.4003008306026459,0
162,340,0.042600251734256744,0
162,341,0.8841419816017151,0
162,342,0.037752095609903336,0
162,343,0.29066866636276245,0
162,344,0.05422614514827728,0
162,345,0.4520551264286041,0
162,346,-0.3625265955924988,0
162,347,0.13116121292114258,0
162,348,-0.2959939241409302,0
162,349,0.9196174144744873,0
162,350,0.20299097895622253,0
162,351,0.23992271721363068,0
162,352,0.5284220576286316,0
162,353,0.06746651232242584,0
162,354,0.020060962066054344,0
162,355,-0.053464505821466446,0
162,356,0.31156590580940247,0
162,357,-0.29984644055366516,0
162,358,0.3601793646812439,0
162,359,-0.4948534667491913,0
162,360,-0.3218696713447571,0
162,361,-0.08409691601991653,0
162,362,0.1722189486026764,0
162,363,0.1357203871011734,0
162,364,0.14671719074249268,0
162,365,0.049962278455495834,0
162,366,0.17599771916866302,0
162,367,0.3705284595489502,0
162,368,0.14141257107257843,0
162,369,0.48450857400894165,0
162,370,-0.19141368567943573,0
162,371,0.3186303675174713,0
162,372,0.12342186272144318,0
162,373,0.3891810178756714,0
162,374,0.10473069548606873,0
162,375,0.5751742720603943,0
162,376,-0.4792337715625763,0
162,377,-0.10375221818685532,0
162,378,0.047575198113918304,0
162,379,-0.09810882061719894,0
162,380,0.01143508031964302,0
162,381,0.6635843515396118,0
162,382,0.18337853252887726,0
162,383,0.21685346961021423,0
162,384,-0.6231968402862549,0
162,385,0.6050831079483032,0
162,386,0.7465580105781555,0
162,387,0.5230744481086731,0
162,388,0.14451159536838531,0
162,389,0.21101604402065277,0
162,390,0.7084997892379761,0
162,391,-0.06294761598110199,0
162,392,0.5511311888694763,0
162,393,0.3664613962173462,0
162,394,0.7747735381126404,0
162,395,0.2915955185890198,0
162,396,-0.2580936849117279,0
162,397,0.41997748613357544,0
162,398,0.08829040825366974,0
162,399,-0.044104620814323425,0
162,400,1.1615102291107178,0
162,401,0.8040837049484253,0
162,402,-0.046940602362155914,0
162,403,0.5553240180015564,0
162,404,-0.27008768916130066,0
162,405,0.03460254147648811,0
162,406,-0.21340052783489227,0
162,407,0.8037707805633545,0
162,408,0.3851591944694519,0
162,409,-0.014781096018850803,0
162,410,-0.40823617577552795,0
162,411,-0.7412290573120117,0
162,412,1.0131189823150635,0
162,413,1.2064268589019775,0
162,414,0.1474711149930954,0
162,415,-0.11591589450836182,0
162,416,0.341007798910141,0
162,417,0.5895897150039673,0
162,418,0.5252678990364075,0
162,419,0.027655212208628654,0
162,420,0.697132408618927,0
162,421,0.02798309549689293,0
162,422,0.24037568271160126,0
162,423,-0.03131169080734253,0
162,424,1.1418018341064453,0
162,425,0.3808055818080902,0
162,426,0.8654435873031616,0
162,427,0.3405144512653351,0
162,428,-0.26593509316444397,0
162,429,-0.4634348154067993,0
162,430,-0.46701475977897644,0
162,431,0.33583301305770874,0
162,432,-0.37432125210762024,0
162,433,-0.5203842520713806,0
162,434,-0.0653994232416153,0
162,435,-0.06249276548624039,0
162,436,0.05203130468726158,0
162,437,-0.34048354625701904,0
162,438,-0.6690923571586609,0
162,439,0.4655483365058899,0
162,440,0.09520693868398666,0
162,441,-0.738762378692627,0
162,442,0.4895230233669281,0
162,443,0.18641772866249084,0
162,444,-0.5527499914169312,0
162,445,-0.5722278356552124,0
162,446,-0.25608858466148376,0
162,447,-0.0654156282544136,0
162,448,0.5071203112602234,0
162,449,-0.8264250159263611,0
162,450,0.8329955339431763,0
162,451,-0.4143497347831726,0
162,452,-0.33839839696884155,0
162,453,-0.6642243266105652,0
162,454,0.37072500586509705,0
162,455,0.27562016248703003,0
162,456,-0.47289955615997314,0
162,457,-0.6941961050033569,0
162,458,-0.04263484105467796,0
162,459,0.16155242919921875,0
162,460,-0.5206319093704224,0
162,461,0.533011257648468,0
162,462,-0.3066316843032837,0
162,463,0.01873832941055298,0
162,464,-0.3304252028465271,0
162,465,-0.09644065052270889,0
162,466,0.07705128937959671,0
162,467,-0.4313759505748749,0
162,468,-0.20149575173854828,0
162,469,0.3181737959384918,0
162,470,0.07211088389158249,0
162,471,0.4785882234573364,0
162,472,0.16661010682582855,0
162,473,0.24792473018169403,0
162,474,0.9750015735626221,0
162,475,0.835218071937561,0
162,476,0.30288392305374146,0
162,477,-0.8987470865249634,0
162,478,0.04377298802137375,0
162,479,0.35818275809288025,0
162,480,1.0515668392181396,0
162,481,-0.0035384336952120066,0
162,482,0.10793962329626083,0
162,483,-0.23940050601959229,0
162,484,0.16531693935394287,0
162,485,0.708544909954071,0
162,486,-0.4776943325996399,0
162,487,0.1864965856075287,0
162,488,0.42323973774909973,0
162,489,0.39798545837402344,0
162,490,0.3913331925868988,0
162,491,-0.48964500427246094,0
162,492,-0.15141603350639343,0
162,493,-0.06966299563646317,0
162,494,-0.8754940032958984,0
162,495,-0.29769715666770935,0
162,496,-0.17773814499378204,0
162,497,0.03003714233636856,0
162,498,0.33223724365234375,0
162,499,-0.45386624336242676,0
162,500,-0.4332885444164276,0
162,501,-0.07717374712228775,0
162,502,-0.9890663027763367,0
162,503,-0.4880504906177521,0
162,504,-0.6062268018722534,0
162,505,-0.6326484680175781,0
162,506,0.27545472979545593,0
162,507,-0.1750006228685379,0
162,508,0.2029377967119217,0
162,509,0.047195710241794586,0
162,510,-0.7023029327392578,0
162,511,0.024380860850214958,0
162,512,0.7645905017852783,0
162,513,-0.24214114248752594,0
162,514,-1.1112679243087769,0
162,515,0.07723607867956161,0
162,516,0.03173333778977394,0
162,517,-0.4149693250656128,0
162,518,0.49899858236312866,0
162,519,0.6277767419815063,0
162,520,-0.24894647300243378,0
162,521,-0.1741180717945099,0
162,522,0.5424312949180603,0
162,523,0.0637267604470253,0
162,524,-0.3624174892902374,0
162,525,0.40619051456451416,0
162,526,-0.1681075096130371,0
162,527,-0.24441185593605042,0
162,528,-0.22245341539382935,0
162,529,-0.3432278037071228,0
162,530,0.3303295373916626,0
162,531,0.5020614862442017,0
162,532,0.6144940257072449,0
162,533,-0.47553229331970215,0
162,534,0.3464075028896332,0
162,535,0.6410895586013794,0
162,536,-0.9731488227844238,0
162,537,-0.7004132866859436,0
162,538,-0.7718605399131775,0
162,539,-0.36873960494995117,0
162,540,-0.7259742021560669,0
162,541,-0.7118464708328247,0
162,542,0.2459654062986374,0
162,543,-1.2055598497390747,0
162,544,-0.3719208836555481,0
162,545,0.45176196098327637,0
162,546,-0.16054272651672363,0
162,547,-0.3706532120704651,0
162,548,0.29324033856391907,0
162,549,-0.1462240070104599,0
162,550,-0.11911056935787201,0
162,551,0.836663007736206,0
162,552,0.4711572527885437,0
162,553,-0.27566567063331604,0
162,554,-1.0830132961273193,0
162,555,0.14465591311454773,0
162,556,0.7820852994918823,0
162,557,-0.6869013905525208,0
162,558,-0.2178400456905365,0
162,559,0.11464276909828186,0
162,560,-0.18587316572666168,0
162,561,-0.6301974654197693,0
162,562,-0.4151528775691986,0
162,563,0.015557201579213142,0
162,564,-0.32924196124076843,0
162,565,-0.2194540947675705,0
162,566,-0.6647211313247681,0
162,567,-0.891394853591919,0
162,568,0.2666543126106262,0
162,569,0.29977086186408997,0
162,570,0.02775304578244686,0
162,571,0.2084931880235672,0
162,572,-1.2467429637908936,0
162,573,0.4436211884021759,1
162,574,-0.5673920512199402,0
167,0,-0.689464807510376,0
167,1,-0.47245603799819946,0
167,2,-0.23717433214187622,0
167,3,0.2853049635887146,0
167,4,-0.0942244604229927,0
167,5,0.4871138334274292,0
167,6,-0.4873785674571991,0
167,7,-0.5238609910011292,0
167,8,-0.06681657582521439,0
167,9,0.12895892560482025,0
167,10,0.39376962184906006,0
167,11,-0.21321982145309448,0
167,12,0.31419774889945984,0
167,13,0.0863598957657814,0
167,14,-0.5132942199707031,0
167,15,-0.3843247890472412,0
167,16,-0.25511834025382996,0
167,17,0.10692588984966278,0
167,18,-0.2342170625925064,0
167,19,-0.8388935923576355,0
167,20,0.0006506607169285417,0
167,21,-0.047998808324337006,0
167,22,0.48072975873947144,0
167,23,0.4301900565624237,0
167,24,1.14332115650177,0
167,25,-0.16949760913848877,0
167,26,0.5496726036071777,0
167,27,-0.6847831606864929,0
167,28,0.22562019526958466,0
167,29,0.46669092774391174,0
167,30,0.28617948293685913,0
167,31,0.8280888795852661,0
167,32,-0.5582632422447205,0
167,33,-0.05207625776529312,0
167,34,-0.7158293724060059,0
167,35,0.3528880178928375,0
167,36,1.4372011423110962,0
167,37,0.26240333914756775,0
167,38,0.11348932236433029,0
167,39,0.205253005027771,0
167,40,-0.35476210713386536,0
167,41,0.023581471294164658,0
167,42,0.4895608425140381,0
167,43,-0.200844407081604,0
167,44,0.4442189335823059,0
167,45,-0.1911820024251938,0
167,46,0.1044054925441742,0
167,47,-0.5966048240661621,0
167,48,-0.07241605967283249,0
167,49,0.15876194834709167,0
167,50,0.2906284034252167,0
167,51,-0.134134441614151,0
167,52,0.29727351665496826,0
167,53,-0.1330069750547409,0
167,54,0.8983997106552124,0
167,55,-0.10277680307626724,0
167,56,0.44071462750434875,0
167,57,0.7169299125671387,0
167,58,0.2815381586551666,0
167,59,0.535487711429596,0
167,60,0.9114856123924255,0
167,61,0.644301176071167,0
167,62,1.2504075765609741,0
167,63,0.13950271904468536,0
167,64,0.030776379629969597,0
167,65,0.2819376587867737,0
167,66,0.27185314893722534,0
167,67,0.12322909384965897,0
167,68,0.018338024616241455,0
167,69,-0.3639254570007324,0
167,70,0.012732456438243389,0
167,71,0.264189749956131,0
167,72,-0.03109944798052311,0
167,73,0.1858784407377243,0
167,74,0.2711634039878845,0
167,75,0.5539708137512207,0
167,76,0.35647937655448914,0
167,77,-0.3464430272579193,0
167,78,-0.15578095614910126,0
167,79,0.27078869938850403,0
167,80,-0.2972845137119293,0
167,81,0.6399394273757935,0
167,82,-0.5866414904594421,0
167,83,-0.9910447001457214,0
167,84,0.6292538642883301,0
167,85,-0.5662734508514404,0
167,86,-0.20273414254188538,0
167,87,0.35645952820777893,0
167,88,0.455406129360199,0
167,89,0.49851056933403015,0
167,90,-0.1473897397518158,0
167,91,-0.06907488405704498,0
167,92,0.5162088871002197,0
167,93,-0.20235222578048706,0
167,94,-0.046280816197395325,0
167,95,0.2033768892288208,0
167,96,0.35064417123794556,0
167,97,-0.4702426791191101,0
167,98,0.2778092622756958,0
167,99,-0.00781944952905178,0
167,100,-0.24644947052001953,0
167,101,0.27319419384002686,0
167,102,-0.10373061150312424,0
167,103,-0.1398969441652298,0
167,104,0.13279178738594055,0
167,105,0.6960747838020325,0
167,106,-0.30007606744766235,0
167,107,0.368855357170105,0
167,108,0.2705111503601074,0
167,109,0.9288791418075562,0
167,110,0.2431277334690094,0
167,111,0.583242654800415,0
167,112,0.23713600635528564,0
167,113,-0.20077095925807953,0
167,114,-0.5052073001861572,0
167,115,0.8770936131477356,0
167,116,0.4651857316493988,0
167,117,0.4780147671699524,0
167,118,-0.3625244200229645,0
167,119,-0.5945230722427368,0
167,120,0.17838354408740997,0
167,121,0.03545527905225754,0
167,122,0.5257503986358643,0
167,123,0.698157548904419,0
167,124,-0.3700186610221863,0
167,125,0.3925358057022095,0
167,126,0.5025909543037415,0
167,127,0.44700953364372253,0
167,128,0.5029001832008362,0
167,129,-0.13912126421928406,0
167,130,0.6519494652748108,0
167,131,0.6580477356910706,0
167,132,0.2925910949707031,0
167,133,0.5079898834228516,0
167,134,0.008533771149814129,0
167,135,0.46400684118270874,0
167,136,-0.20040179789066315,0
167,137,0.20192591845989227,0
167,138,0.42534974217414856,0
167,139,0.11056087166070938,0
167,140,0.16045381128787994,0
167,141,0.09329668432474136,0
167,142,0.21581478416919708,0
167,143,0.6424959897994995,0
167,144,0.9632769227027893,0
167,145,1.0982602834701538,0
167,146,-0.3057042956352234,0
167,147,0.010224537923932076,0
167,148,0.23333196341991425,0
167,149,0.1620958298444748,0
167,150,-0.16795919835567474,0
167,151,0.20739531517028809,0
167,152,0.49317044019699097,0
167,153,-0.03939264640212059,0
167,154,0.06081581115722656,0
167,155,0.6059969067573547,0
167,156,-0.13483917713165283,0
167,157,-0.007118833251297474,0
167,158,-0.49602723121643066,0
167,159,-0.23723866045475006,0
167,160,-0.6292337775230408,0
167,161,0.20685721933841705,0
167,162,0.4832226634025574,0
167,163,0.5152269005775452,0
167,164,0.06863975524902344,0
167,165,-0.23040084540843964,0
167,166,-0.14525887370109558,0
167,167,0.7009449601173401,0
167,168,0.11452273279428482,0
167,169,0.2327675074338913,0
167,170,-0.09778627753257751,0
167,171,-0.018513044342398643,0
167,172,0.276675820350647,0
167,173,0.6839973330497742,0
167,174,0.13424824178218842,0
167,175,-0.3863181471824646,0
167,176,-0.8337046504020691,0
167,177,0.7487218976020813,0
167,178,0.5234559178352356,0
167,179,-0.1281561255455017,0
167,180,-0.21465225517749786,0
167,181,-0.006896854378283024,0
167,182,-0.5430355668067932,0
167,183,0.013403862714767456,0
167,184,0.4235289990901947,0
167,185,0.18062376976013184,0
167,186,-0.013439602218568325,0
167,187,-1.0755388736724854,0
167,188,-0.04506472125649452,0
167,189,0.21711188554763794,0
167,190,0.6542468667030334,0
167,191,0.45396846532821655,0
167,192,0.6835963129997253,0
167,193,0.038550883531570435,0
167,194,0.5145682096481323,0
167,195,0.12147776782512665,0
167,196,0.872550904750824,0
167,197,0.465047687292099,0
167,198,-0.6149210929870605,0
167,199,-0.36937251687049866,0
167,200,-1.1024965047836304,0
167,201,0.41705122590065,0
167,202,0.2575420141220093,0
167,203,0.5045938491821289,0
167,204,0.20585320889949799,0
167,205,-0.3145398795604706,0
167,206,-0.4604131877422333,0
167,207,0.01844950020313263,0
167,208,0.2821474075317383,0
167,209,0.40816956758499146,0
167,210,-0.03931731358170509,0
167,211,0.12156424671411514,0
167,212,-0.1622355878353119,0
167,213,-0.03941996023058891,0
167,214,0.1833694875240326,0
167,215,-0.39608034491539,0
167,216,0.009026464074850082,0
167,217,0.4154922366142273,0
167,218,-0.3576158881187439,0
167,219,0.050767771899700165,0
167,220,0.45881250500679016,0
167,221,0.4056451618671417,0
167,222,-0.2534897029399872,0
167,223,0.2543802261352539,0
167,224,-0.3307618796825409,0
167,225,0.23924626410007477,0
167,226,-0.8508763909339905,0
167,227,-0.16919031739234924,0
167,228,0.49884411692619324,0
167,229,-0.14791066944599152,0
167,230,0.573883056640625,0
167,231,-0.6368131041526794,0
167,232,0.10590368509292603,0
167,233,0.5215444564819336,0
167,234,0.626858651638031,0
167,235,-0.29835245013237,0
167,236,0.28357964754104614,0
167,237,0.009923788718879223,0
167,238,0.531429648399353,0
167,239,-0.02845804952085018,0
167,240,-0.16275811195373535,0
167,241,0.6513446569442749,0
167,242,0.7685102224349976,0
167,243,0.5162201523780823,0
167,244,-0.11496308445930481,0
167,245,0.8853432536125183,0
167,246,0.19946396350860596,0
167,247,0.34484732151031494,0
167,248,0.3529646694660187,0
167,249,-0.07369165867567062,0
167,250,0.35043415427207947,0
167,251,0.31431108713150024,0
167,252,-0.5362952351570129,0
167,253,-0.7104570865631104,0
167,254,0.6915333867073059,0
167,255,0.47442975640296936,0
167,256,0.41606178879737854,0
167,257,-0.27968430519104004,0
167,258,0.29165107011795044,0
167,259,0.05076799541711807,0
167,260,0.10662182420492172,0
167,261,0.4190715253353119,0
167,262,0.5844253301620483,0
167,263,0.07710935175418854,0
167,264,-0.407028466463089,0
167,265,0.553072988986969,0
167,266,-0.5199265480041504,0
167,267,-0.14273491501808167,0
167,268,-0.16402114927768707,0
167,269,-0.36897754669189453,0
167,270,-0.0743459090590477,0
167,271,0.05233956500887871,0
167,272,-0.7169342637062073,0
167,273,1.9825440645217896,0
167,274,-0.2436947375535965,0
167,275,-1.0488264560699463,1
167,276,-1.0002882480621338,0
167,277,-0.018668726086616516,0
167,278,-0.29928267002105713,0
167,279,-0.6365956664085388,0
167,280,-0.1648130565881729,0
167,281,-0.4946049749851227,0
167,282,-0.6782417893409729,0
167,283,-0.4433981478214264,0
167,284,-0.05499480664730072,0
167,285,-0.39253664016723633,0
167,286,-0.9957709908485413,0
167,287,-0.21612392365932465,0
167,288,-0.3553140461444855,1
167,289,-0.29818961024284363,0
167,290,-0.49597281217575073,1
167,291,-0.2001541554927826,0
167,292,0.14578616619110107,0
167,293,-0.3344258964061737,0
167,294,-0.6256958246231079,0
167,295,0.25118380784988403,1
167,296,-0.2758229374885559,0
167,297,0.012485994957387447,0
167,298,-0.39465436339378357,0
167,299,0.07952173054218292,0
167,300,-0.10905381292104721,0
167,301,-0.20839671790599823,0
167,302,-0.29563963413238525,0
167,303,-0.28558701276779175,0
167,304,0.5565599203109741,0
167,305,-0.1527777910232544,0
167,306,-0.3861426115036011,0
167,307,-0.8476472496986389,0
167,308,-0.25945210456848145,0
167,309,0.13773436844348907,0
167,310,-0.6560606360435486,0
167,311,-0.6048382520675659,0
167,312,-0.5764617323875427,0
167,313,-0.5366324186325073,0
167,314,0.36631008982658386,0
167,315,0.12636798620224,0
167,316,-1.0521948337554932,0
167,317,-0.3455052673816681,0
167,318,-0.5458241701126099,0
167,319,-1.2849003076553345,0
167,320,0.042404655367136,0
167,321,0.04179702699184418,0
167,322,0.4714338183403015,0
167,323,0.22933080792427063,0
167,324,1.2196094989776611,0
167,325,0.7017464637756348,0
167,326,0.41174110770225525,0
167,327,-0.4931311011314392,0
167,328,0.10627947002649307,0
167,329,-0.7111862301826477,0
167,330,-0.6038384437561035,0
167,331,0.001287889201194048,0
167,332,0.12278152257204056,0
167,333,-0.4164901077747345,0
167,334,-0.7034649848937988,0
167,335,0.2533089518547058,0
167,336,-0.5125066637992859,0
167,337,-0.8145729899406433,0
167,338,0.028611797839403152,0
167,339,0.40504851937294006,0
167,340,0.10783390700817108,0
167,341,-0.28973811864852905,0
167,342,-0.3291417360305786,1
167,343,-0.7451954483985901,0
167,344,0.2617793083190918,0
167,345,-0.1497979462146759,0
167,346,-0.885968029499054,0
167,347,-0.4396793842315674,0
167,348,-0.8524259328842163,0
167,349,-0.6488779783248901,0
167,350,-0.12221041321754456,0
167,351,-0.49388808012008667,0
167,352,0.2766353487968445,0
167,353,-0.5481917858123779,0
167,354,0.4733966588973999,0
167,355,-1.0812232494354248,0
167,356,0.015678919851779938,0
167,357,-0.3725944757461548,0
167,358,-0.13122890889644623,0
167,359,-0.021293623372912407,0
167,360,-1.2339048385620117,0
167,361,-0.2972888946533203,0
167,362,-0.6917142868041992,0
167,363,-0.7415105104446411,0
167,364,-0.09921767562627792,0
167,365,-0.669905960559845,0
167,366,0.0024129198864102364,0
167,367,-0.11354811489582062,0
167,368,-0.9549662470817566,0
167,369,-0.17372049391269684,0
167,370,-0.3912856876850128,0
167,371,-0.46374547481536865,0
167,372,-0.4008043706417084,0
167,373,0.504165530204773,0
167,374,0.21845221519470215,0
167,375,-0.08061005920171738,0
167,376,-0.5873091220855713,0
167,377,-0.5791133046150208,0
167,378,-0.40086108446121216,0
167,379,-0.03747733309864998,0
167,380,-0.2859101891517639,0
167,381,-0.05567639693617821,0
167,382,-0.4206754267215729,0
167,383,0.11097945272922516,0
167,384,-1.0878781080245972,0
167,385,0.4764474630355835,0
167,386,-0.4703102707862854,0
167,387,0.2034735232591629,0
167,388,-0.0072877234779298306,0
167,389,-0.5200238823890686,0
167,390,-0.5345754027366638,0
167,391,0.05863362178206444,0
167,392,0.09783263504505157,0
167,393,-0.6313139796257019,0
167,394,-1.1453566551208496,0
167,395,-0.3328671157360077,0
167,396,0.38015827536582947,0
167,397,0.312089204788208,0
167,398,0.6588953733444214,0
167,399,0.35117435455322266,0
167,400,0.7721474766731262,0
167,401,0.23650282621383667,0
167,402,-0.12110208719968796,0
167,403,-0.30971449613571167,0
167,404,-0.21575357019901276,0
167,405,-1.1412434577941895,0
167,406,-0.3486563265323639,0
167,407,-0.44873955845832825,0
167,408,0.04326965659856796,0
167,409,0.01257120817899704,0
167,410,-0.5909382700920105,0
167,411,-0.4792921543121338,0
167,412,0.3194790780544281,0
167,413,-0.1086864322423935,0
167,414,-0.5098021626472473,0
167,415,-1.001145839691162,0
167,416,0.039531007409095764,0
167,417,0.030956296250224113,0
167,418,0.26856717467308044,0
167,419,-0.831795871257782,0
167,420,-0.5014044046401978,0
167,421,-0.4111357629299164,0
167,422,-0.28613683581352234,0
167,423,-0.6784501075744629,0
167,424,-0.5035808086395264,0
167,425,-0.04304390028119087,0
167,426,-0.21139347553253174,0
167,427,0.07140063494443893,1
167,428,-0.5725908279418945,0
167,429,-0.37989553809165955,0
167,430,-0.406650185585022,0
167,431,0.43445995450019836,0
167,432,0.24082791805267334,0
167,433,-0.25111135840415955,0
167,434,-0.09036797285079956,0
167,435,-0.3315633535385132,0
167,436,-0.05260210856795311,0
167,437,-0.5560891628265381,0
167,438,-0.7987585067749023,0
167,439,0.554190993309021,0
167,440,-0.11303595453500748,0
167,441,-0.01138689462095499,0
167,442,-0.4879401922225952,0
167,443,-0.6241561770439148,0
167,444,-0.4982149302959442,0
167,445,0.023048389703035355,0
167,446,-0.35453739762306213,0
167,447,0.3052058219909668,0
167,448,-0.3622629940509796,0
167,449,-1.4550669193267822,0
167,450,-0.28916898369789124,0
167,451,-0.2594934403896332,0
167,452,-0.907158613204956,0
167,453,-0.3173644542694092,0
167,454,-0.34845927357673645,0
167,455,-0.10744191706180573,0
167,456,-0.34203577041625977,0
167,457,-0.4578973054885864,0
167,458,-0.9120084643363953,0
167,459,0.22271710634231567,0
167,460,-0.18405838310718536,0
167,461,-0.0900062546133995,0
167,462,-0.8748728036880493,0
167,463,-0.6300911903381348,0
167,464,0.17030002176761627,0
167,465,0.28272315859794617,0
167,466,0.699895441532135,0
167,467,-0.015171852894127369,0
167,468,-0.9238965511322021,0
167,469,0.1614154726266861,0
167,470,-0.11074485629796982,0
167,471,-0.11804940551519394,0
167,472,0.1425952911376953,0
167,473,-0.0874776840209961,0
167,474,-0.045543648302555084,0
167,475,0.5385552048683167,0
167,476,-0.4577726721763611,0
167,477,-0.6359382271766663,0
167,478,-0.04798689857125282,0
167,479,-0.6252664923667908,0
167,480,0.13327078521251678,0
167,481,0.16107964515686035,0
167,482,-0.3170841336250305,0
167,483,0.32645145058631897,0
167,484,0.4139670133590698,0
167,485,-0.35299423336982727,0
167,486,-0.3827812671661377,0
167,487,0.5660582780838013,0
167,488,-0.04302165284752846,0
167,489,-0.635614275932312,0
167,490,-0.18268932402133942,0
167,491,-0.59566730260849,0
167,492,-0.7431728839874268,0
167,493,-0.8885084390640259,0
167,494,0.22048765420913696,0
167,495,-0.6004281640052795,0
167,496,-0.07632555067539215,0
167,497,0.15885913372039795,0
167,498,-0.543526828289032,0
167,499,-0.12831982970237732,0
167,500,-0.3238770365715027,0
167,501,-0.9810594320297241,0
167,502,-1.1908659934997559,0
167,503,-0.1572144478559494,0
167,504,-0.023045392706990242,0
167,505,-0.32905539870262146,0
167,506,0.32856905460357666,0
167,507,-1.0848044157028198,0
167,508,0.4467701017856598,0
167,509,-0.10329076647758484,0
167,510,-1.1336393356323242,0
167,511,-0.4935680031776428,0
167,512,0.595128059387207,0
167,513,-0.2766033411026001,0
167,514,-1.2852818965911865,0
167,515,-0.16867493093013763,0
167,516,-0.23850618302822113,0
167,517,-0.07686508446931839,0
167,518,0.36206454038619995,0
167,519,-0.3591865599155426,0
167,520,-0.9622425436973572,0
167,521,-0.23791328072547913,0
167,522,-0.16414856910705566,0
167,523,0.41634079813957214,0
167,524,-0.6735274791717529,0
167,525,-0.0308654997497797,0
167,526,-0.642388105392456,0
167,527,-0.08287141472101212,0
167,528,0.5361624360084534,0
167,529,-0.5114732384681702,0
167,530,0.2684915065765381,0
167,531,0.2670656442642212,0
167,532,0.6969723701477051,0
167,533,-0.2619343400001526,0
167,534,0.07812371850013733,0
167,535,0.5836330652236938,0
167,536,-0.884148359298706,0
167,537,-0.0904022827744484,0
167,538,-0.9079191088676453,0
167,539,-0.832292377948761,0
167,540,-0.6074094176292419,0
167,541,-0.4214811325073242,0
167,542,-0.6317138671875,0
167,543,-0.8827446699142456,0
167,544,-0.04005773738026619,0
167,545,-0.13765168190002441,0
167,546,-0.6056216359138489,0
167,547,-0.20894211530685425,0
167,548,-1.0115903615951538,0
167,549,-0.9568907022476196,0
167,550,-1.1174638271331787,0
167,551,-0.15644238889217377,0
167,552,0.3803943991661072,0
167,553,0.02906227298080921,0
167,554,-0.7954863905906677,0
167,555,-0.36150720715522766,0
167,556,0.7041224241256714,0
167,557,-0.19989529252052307,0
167,558,-0.9268074035644531,0
167,559,-0.07090609520673752,0
167,560,-0.6082105040550232,0
167,561,-1.158737063407898,0
167,562,0.18193724751472473,0
167,563,-0.7463223934173584,0
167,564,0.18001073598861694,0
167,565,0.176935076713562,0
167,566,-0.5206886529922485,0
167,567,-0.5858743786811829,0
167,568,0.06211959198117256,0
167,569,-0.24146853387355804,0
167,570,-0.07528065890073776,0
167,571,0.540012001991272,0
167,572,0.376282274723053,0
167,573,1.010763168334961,0
167,574,0.27681928873062134,0
173,0,-0.587427020072937,0
173,1,-0.3784252405166626,0
173,2,-0.1686514914035797,0
173,3,0.2947690784931183,0
173,4,0.0021208131220191717,0
173,5,0.6893846988677979,0
173,6,-0.4026316702365875,0
173,7,-0.5656309723854065,0
173,8,-0.08026982843875885,0
173,9,0.08538666367530823,0
173,10,0.4390188455581665,0
173,11,-0.1703096479177475,0
173,12,0.3511425256729126,0
173,13,0.19413642585277557,0
173,14,-0.4198417067527771,0
173,15,-0.1976875513792038,0
173,16,-0.16802622377872467,0
173,17,0.05450155958533287,0
173,18,-0.25035378336906433,0
173,19,-0.9006261229515076,0
173,20,-0.13420404493808746,0
173,21,-0.05044178292155266,0
173,22,0.3711521029472351,0
173,23,0.3902188837528229,0
173,24,1.4157794713974,0
173,25,-0.018273502588272095,0
173,26,0.5672826766967773,0
173,27,-0.7674834132194519,0
173,28,0.2603982090950012,0
173,29,0.4643899202346802,0
173,30,0.4020271599292755,0
173,31,0.8611142635345459,0
173,32,-0.5593639612197876,0
173,33,-0.05540216341614723,0
173,34,-0.8717772364616394,0
173,35,0.1751061975955963,0
173,36,1.686340093612671,0
173,37,0.325050950050354,0
173,38,0.16150031983852386,0
173,39,0.2446185052394867,0
173,40,-0.4104173481464386,0
173,41,0.05492793023586273,0
173,42,0.5264012217521667,0
173,43,-0.13805757462978363,0
173,44,0.4394012689590454,0
173,45,-0.1916397660970688,0
173,46,-0.05370697006583214,0
173,47,-0.6143479943275452,0
173,48,-0.12035229057073593,0
173,49,0.08124585449695587,0
173,50,0.07210657745599747,0
173,51,-0.29384997487068176,0
173,52,0.2806539237499237,0
173,53,-0.043745506554841995,0
173,54,1.2217518091201782,0
173,55,-0.19435706734657288,0
173,56,0.5865979790687561,0
173,57,0.8507353663444519,0
173,58,0.35864412784576416,0
173,59,0.5812509655952454,0
173,60,0.9835312366485596,0
173,61,0.8114603757858276,0
173,62,1.4930404424667358,0
173,63,-0.06476172804832458,0
173,64,0.15324382483959198,0
173,65,0.3417380154132843,0
173,66,0.425972044467926,0
173,67,0.1945483237504959,0
173,68,0.022682959213852882,0
173,69,-0.2609613537788391,0
173,70,0.09690643846988678,0
173,71,0.16956613957881927,0
173,72,-0.09548383206129074,0
173,73,0.33337944746017456,0
173,74,0.2774512767791748,0
173,75,0.5881900191307068,0
173,76,0.2846134603023529,0
173,77,-0.37896281480789185,0
173,78,-0.20297352969646454,0
173,79,0.18407794833183289,0
173,80,-0.3226514458656311,0
173,81,0.7407944798469543,0
173,82,-0.7011383175849915,0
173,83,-1.0300843715667725,0
173,84,0.7297754883766174,0
173,85,-0.3691798448562622,0
173,86,0.023167291656136513,0
173,87,0.1864905059337616,0
173,88,0.7283007502555847,0
173,89,0.3632119297981262,0
173,90,-0.11356262117624283,0
173,91,-0.021262453868985176,0
173,92,0.41905155777931213,0
173,93,-0.13854753971099854,0
173,94,0.0961245745420456,0
173,95,0.24951180815696716,0
173,96,0.27974680066108704,0
173,97,-0.7016202807426453,0
173,98,0.5578705668449402,0
173,99,-0.14977112412452698,0
173,100,-0.3105756342411041,0
173,101,0.3183176815509796,0
173,102,0.09730054438114166,0
173,103,-0.15009039640426636,0
173,104,0.3153103291988373,0
173,105,0.8846594095230103,0
173,106,-0.0997936874628067,0
173,107,0.36378830671310425,0
173,108,0.0567762516438961,0
173,109,1.0905920267105103,0
173,110,0.3492202162742615,0
173,111,0.7903435826301575,0
173,112,0.2793596088886261,0
173,113,-0.18273325264453888,0
173,114,-0.3698863685131073,0
173,115,1.007796287536621,0
173,116,0.6117361783981323,0
173,117,0.5930910706520081,0
173,118,-0.3973003327846527,0
173,119,-0.7188640236854553,0
173,120,0.17278766632080078,0
173,121,-0.0017325470689684153,0
173,122,0.6709054112434387,0
173,123,0.8341529369354248,0
173,124,-0.4161999225616455,0
173,125,0.3988870680332184,0
173,126,0.6449677348136902,0
173,127,0.6863386631011963,0
173,128,0.31299328804016113,0
173,129,-0.18967114388942719,0
173,130,0.7564250230789185,0
173,131,0.8924894332885742,0
173,132,0.37892067432403564,0
173,133,0.8193894624710083,0
173,134,-0.1218777522444725,0
173,135,0.6427872180938721,0
173,136,-0.028587859123945236,0
173,137,0.12869495153427124,0
173,138,0.5064838528633118,0
173,139,0.20766545832157135,0
173,140,0.2699144780635834,0
173,141,0.23876692354679108,0
173,142,0.3282528817653656,0
173,143,0.7150889039039612,0
173,144,0.9645214676856995,0
173,145,1.2232420444488525,0
173,146,-0.3916858434677124,0
173,147,-0.020976660773158073,0
173,148,0.16389016807079315,0
173,149,0.1423889845609665,0
173,150,-0.31909579038619995,0
173,151,0.2672186493873596,0
173,152,0.6605126261711121,0
173,153,0.13918361067771912,0
173,154,0.12956607341766357,0
173,155,0.5940778255462646,0
173,156,-0.3941458761692047,0
173,157,0.038252826780080795,0
173,158,-0.43948251008987427,0
173,159,-0.6173492074012756,0
173,160,-0.883290708065033,0
173,161,0.25836917757987976,0
173,162,0.41343796253204346,0
173,163,0.48405247926712036,0
173,164,-0.05925147607922554,0
173,165,-0.14301249384880066,0
173,166,-0.10302992165088654,0
173,167,0.7130259275436401,0
173,168,0.16132906079292297,0
173,169,0.34493720531463623,0
173,170,-0.10230402648448944,0
173,171,0.016855694353580475,0
173,172,0.46523725986480713,0
173,173,0.6947118639945984,0
173,174,0.38129085302352905,0
173,175,-0.42056384682655334,0
173,176,-0.6393319368362427,0
173,177,0.7015198469161987,0
173,178,0.6641570925712585,0
173,179,-0.09771758317947388,0
173,180,-0.2787035405635834,0
173,181,-0.14935873448848724,0
173,182,-0.6115098595619202,0
173,183,-0.08076286315917969,0
173,184,0.5758828520774841,0
173,185,0.3810713589191437,0
173,186,-0.04416440799832344,0
173,187,-1.1675302982330322,0
173,188,-0.08127563446760178,0
173,189,0.3390633761882782,0
173,190,0.8270580768585205,0
173,191,0.5932372808456421,0
173,192,0.8673471808433533,0
173,193,-0.14483457803726196,0
173,194,0.6079127788543701,0
173,195,0.13982032239437103,0
173,196,1.103534460067749,0
173,197,0.4863886535167694,0
173,198,-0.8129342198371887,0
173,199,-0.5013226270675659,0
173,200,-1.179234504699707,0
173,201,0.6159532070159912,0
173,202,0.21933279931545258,0
173,203,0.3063180148601532,0
173,204,0.302922785282135,0
173,205,-0.3895566463470459,0
173,206,-0.45360636711120605,0
173,207,-0.004582512658089399,0
173,208,0.08281447738409042,0
173,209,0.48475825786590576,0
173,210,-0.010460135526955128,0
173,211,0.16922643780708313,0
173,212,-0.17914734780788422,0
173,213,-0.13142697513103485,0
173,214,0.12832948565483093,0
173,215,-0.42641502618789673,0
173,216,-0.015401126816868782,0
173,217,0.48047083616256714,0
173,218,-0.28731274604797363,0
173,219,-0.20097969472408295,0
173,220,0.7075232267379761,0
173,221,0.3710366487503052,0
173,222,-0.08906155079603195,0
173,223,0.30576446652412415,0
173,224,-0.5479288101196289,0
173,225,0.03369631990790367,0
173,226,-1.1748886108398438,0
173,227,-0.32201629877090454,0
173,228,0.5280517935752869,0
173,229,-0.049249548465013504,0
173,230,0.5778100490570068,0
173,231,-0.5327828526496887,0
173,232,0.08858286589384079,0
173,233,0.6097413897514343,0
173,234,0.7392852902412415,0
173,235,-0.30253568291664124,0
173,236,0.2723005712032318,0
173,237,0.05214345082640648,0
173,238,0.5060662627220154,0
173,239,0.10182149708271027,0
173,240,-0.07206924259662628,0
173,241,0.5487409234046936,0
173,242,0.5285452604293823,0
173,243,0.6238108277320862,0
173,244,-0.1517857313156128,0
173,245,0.9455923438072205,0
173,246,0.31000831723213196,0
173,247,0.5364949703216553,0
173,248,0.4023401737213135,0
173,249,-0.2081153392791748,0
173,250,0.331460565328598,0
173,251,0.1416553556919098,0
173,252,-0.4669140577316284,0
173,253,-0.8900608420372009,0
173,254,0.6717175841331482,0
173,255,0.4381237328052521,0
173,256,0.45216456055641174,0
173,257,-0.25400641560554504,0
173,258,0.10830659419298172,0
173,259,-0.07029087096452713,0
173,260,-0.03153252974152565,0
173,261,0.6796827912330627,0
173,262,0.3737422823905945,0
173,263,0.030980227515101433,0
173,264,-0.6089686751365662,0
173,265,0.5151894688606262,0
173,266,-0.5933053493499756,0
173,267,-0.15533432364463806,0
173,268,-0.19860774278640747,0
173,269,-0.499210923910141,0
173,270,-0.05026581883430481,0
173,271,0.025898456573486328,0
173,272,-0.8997390866279602,0
173,273,2.0350022315979004,0
173,274,-0.3318879306316376,0
173,275,-1.3340650796890259,0
173,276,-1.3335802555084229,0
173,277,-0.15783673524856567,0
173,278,-0.3232457935810089,0
173,279,-0.9135363101959229,0
173,280,-0.4005224108695984,0
173,281,-0.6358950734138489,0
173,282,-0.9040695428848267,0
173,283,-0.5073812007904053,0
173,284,-0.09545259922742844,0
173,285,-0.38238874077796936,0
173,286,-1.268824577331543,0
173,287,-0.3709443509578705,0
173,288,-0.5154282450675964,0
173,289,-0.45414045453071594,0
173,290,-0.6119477152824402,0
173,291,-0.49524009227752686,0
173,292,0.06553821265697479,0
173,293,-0.47584056854248047,0
173,294,-0.6651797294616699,0
173,295,0.22613099217414856,0
173,296,-0.4538179636001587,0
173,297,-0.15166860818862915,0
173,298,-0.3805972933769226,0
173,299,-0.038887523114681244,0
173,300,-0.24854013323783875,0
173,301,-0.3215733766555786,0
173,302,-0.33788079023361206,0
173,303,-0.45851942896842957,0
173,304,0.376232773065567,0
173,305,-0.28226950764656067,0
173,306,-0.5401536226272583,0
173,307,-1.016580581665039,0
173,308,-0.25346359610557556,1
173,309,-0.09821557253599167,0
173,310,-1.016921043395996,0
173,311,-0.7349120378494263,0
173,312,-0.8521798253059387,0
173,313,-0.6166992783546448,0
173,314,0.34909331798553467,0
173,315,0.21190331876277924,0
173,316,-1.1562808752059937,0
173,317,-0.515593409538269,0
173,318,-0.733328104019165,0
173,319,-1.3590762615203857,0
173,320,-0.036536265164613724,0
173,321,0.10609731823205948,0
173,322,0.3121241629123688,1
173,323,0.2956593930721283,0
173,324,1.3582825660705566,1
173,325,0.9549501538276672,0
173,326,0.4717184603214264,0
173,327,-0.8368451595306396,0
173,328,-0.023514149710536003,0
173,329,-0.729590892791748,0
173,330,-0.5719908475875854,0
173,331,-0.02709823101758957,0
173,332,0.023861268535256386,0
173,333,-0.47303229570388794,0
173,334,-0.7484566569328308,0
173,335,0.25721561908721924,0
173,336,-0.5127549171447754,0
173,337,-0.9536033272743225,0
173,338,0.10500533133745193,0
173,339,0.44572222232818604,0
173,340,0.024865923449397087,0
173,341,-0.22750456631183624,0
173,342,-0.455076664686203,0
173,343,-0.8040176033973694,0
173,344,0.25860121846199036,0
173,345,-0.3505089581012726,0
173,346,-1.1584244966506958,0
173,347,-0.32819169759750366,0
173,348,-1.02203369140625,0
173,349,-0.783873975276947,0
173,350,-0.3166033923625946,0
173,351,-0.8117533326148987,0
173,352,0.08244074136018753,0
173,353,-0.5324581861495972,0
173,354,0.23806433379650116,0
173,355,-1.2896548509597778,0
173,356,-0.35441523790359497,0
173,357,-0.5594603419303894,0
173,358,-0.272121399641037,0
173,359,-0.2535903751850128,0
173,360,-1.3320868015289307,0
173,361,-0.38860204815864563,0
173,362,-0.6570256352424622,0
173,363,-0.8883949518203735,0
173,364,-0.08976633101701736,0
173,365,-0.7989552021026611,0
173,366,0.0681878849864006,0
173,367,-0.3618808388710022,0
173,368,-1.2377746105194092,0
173,369,-0.22875624895095825,0
173,370,-0.615907609462738,0
173,371,-0.35346198081970215,0
173,372,-0.39817923307418823,0
173,373,0.3316340744495392,0
173,374,0.15784281492233276,0
173,375,-0.0684254840016365,0
173,376,-0.701519250869751,0
173,377,-0.5216817855834961,0
173,378,-0.597061812877655,0
173,379,-0.1329050064086914,0
173,380,-0.3213874399662018,0
173,381,-0.2304420918226242,0
173,382,-0.45397642254829407,0
173,383,0.1495915949344635,0
173,384,-1.1323992013931274,0
173,385,0.3216409683227539,0
173,386,-0.46836042404174805,0
173,387,0.23139506578445435,0
173,388,-0.08976403623819351,0
173,389,-0.4744366407394409,0
173,390,-0.535704493522644,0
173,391,0.046193819493055344,0
173,392,0.011365018784999847,0
173,393,-0.6907179355621338,0
173,394,-1.3118535280227661,0
173,395,-0.47994378209114075,0
173,396,0.30230051279067993,0
173,397,0.47707095742225647,0
173,398,0.6834177374839783,0
173,399,0.3987374007701874,0
173,400,0.7435595989227295,0
173,401,0.2779510021209717,0
173,402,-0.44849905371665955,0
173,403,-0.2881607711315155,0
173,404,-0.42249244451522827,0
173,405,-1.455933928489685,0
173,406,-0.49090269207954407,0
173,407,-0.41122186183929443,0
173,408,0.014043801464140415,0
173,409,-0.22102634608745575,0
173,410,-0.837321400642395,0
173,411,-0.803740382194519,0
173,412,0.1969049870967865,0
173,413,0.037208300083875656,0
173,414,-0.5869754552841187,0
173,415,-1.233402132987976,0
173,416,0.02827211283147335,0
173,417,-0.12175525724887848,0
173,418,0.007301795296370983,0
173,419,-0.8805960416793823,0
173,420,-0.6929986476898193,0
173,421,-0.5215787887573242,0
173,422,-0.36286550760269165,0
173,423,-0.753194272518158,0
173,424,-0.6476884484291077,0
173,425,-0.1506665199995041,0
173,426,-0.3338584005832672,0
173,427,0.10662238299846649,0
173,428,-0.5852275490760803,0
173,429,-0.43096572160720825,0
173,430,-0.30917590856552124,0
173,431,0.2556323707103729,0
173,432,0.5449101328849792,0
173,433,-0.5481184124946594,0
173,434,-0.23276488482952118,0
173,435,-0.30539602041244507,0
173,436,-0.0660376250743866,0
173,437,-0.5969738364219666,0
173,438,-0.8987006545066833,0
173,439,0.3510254919528961,0
173,440,-0.1929977685213089,0
173,441,-0.36862990260124207,0
173,442,-0.7246342301368713,0
173,443,-0.6353017091751099,0
173,444,-0.5264674425125122,0
173,445,-0.04898567497730255,0
173,446,-0.34770798683166504,0
173,447,0.16592642664909363,0
173,448,-0.4454464018344879,0
173,449,-1.6455180644989014,0
173,450,-0.5377389192581177,0
173,451,-0.038275256752967834,0
173,452,-1.0943231582641602,0
173,453,-0.3640703856945038,0
173,454,-0.523841142654419,0
173,455,-0.1569889336824417,0
173,456,-0.616201639175415,0
173,457,-0.6043103337287903,0
173,458,-1.1330236196517944,0
173,459,0.21023429930210114,0
173,460,-0.32915741205215454,0
173,461,-0.31813356280326843,0
173,462,-1.2923561334609985,0
173,463,-0.829986035823822,0
173,464,0.19385480880737305,0
173,465,0.5497850775718689,0
173,466,0.816788911819458,0
173,467,0.03324124217033386,0
173,468,-0.96458500623703,0
173,469,0.15382884442806244,0
173,470,-0.1742839217185974,0
173,471,-0.22869133949279785,0
173,472,0.006024667993187904,0
173,473,-0.10687492787837982,0
173,474,-0.13502396643161774,0
173,475,0.3433069884777069,0
173,476,-0.5276702046394348,0
173,477,-0.7945796251296997,0
173,478,-0.12867453694343567,0
173,479,-0.7714256048202515,0
173,480,-0.040578898042440414,0
173,481,0.03654046729207039,0
173,482,-0.310907781124115,0
173,483,0.1675429344177246,0
173,484,0.40362000465393066,0
173,485,-0.5299763679504395,0
173,486,-0.6369727849960327,0
173,487,0.4285181760787964,0
173,488,-0.18609312176704407,0
173,489,-0.7798178791999817,0
173,490,-0.3875880539417267,0
173,491,-0.7646751403808594,0
173,492,-0.8843326568603516,0
173,493,-0.9200538396835327,0
173,494,0.07508526742458344,0
173,495,-0.6433811187744141,0
173,496,-0.008715958334505558,0
173,497,0.11438262462615967,0
173,498,-0.7666942477226257,0
173,499,-0.3560817241668701,0
173,500,-0.4699421525001526,0
173,501,-1.3521078824996948,0
173,502,-1.584075689315796,0
173,503,-0.42785918712615967,0
173,504,-0.18511834740638733,0
173,505,-0.27204999327659607,0
173,506,0.17633238434791565,0
173,507,-1.1881279945373535,0
173,508,0.45182690024375916,0
173,509,-0.27596017718315125,0
173,510,-1.4906738996505737,0
173,511,-0.6450420022010803,0
173,512,0.5380022525787354,0
173,513,-0.4400840997695923,0
173,514,-1.5140221118927002,0
173,515,-0.30287453532218933,0
173,516,-0.6345033645629883,0
173,517,-0.38265249133110046,0
173,518,0.19026421010494232,0
173,519,-0.44581347703933716,0
173,520,-1.2242510318756104,0
173,521,-0.32889777421951294,0
173,522,-0.17213788628578186,0
173,523,0.33994898200035095,0
173,524,-0.7656331658363342,0
173,525,-0.08232560008764267,0
173,526,-0.7436718344688416,0
173,527,-0.2651478350162506,0
173,528,0.397390216588974,0
173,529,-0.6301737427711487,0
173,530,0.23451493680477142,0
173,531,0.2599151134490967,0
173,532,0.5957462191581726,0
173,533,-0.3332807123661041,0
173,534,0.15627020597457886,0
173,535,0.7754634618759155,0
173,536,-1.019095778465271,0
173,537,-0.23419292271137238,0
173,538,-0.9945062398910522,0
173,539,-0.9896045923233032,0
173,540,-0.7354021668434143,0
173,541,-0.5561488270759583,0
173,542,-0.649151623249054,0
173,543,-0.8480369448661804,0
173,544,0.1392059028148651,0
173,545,-0.3390934467315674,0
173,546,-0.7686598300933838,0
173,547,-0.1426612138748169,0
173,548,-0.9902770519256592,0
173,549,-0.9125224351882935,0
173,550,-1.3249753713607788,0
173,551,-0.2500157058238983,0
173,552,0.4147075414657593,0
173,553,0.04411020874977112,0
173,554,-1.0277680158615112,0
173,555,-0.46098190546035767,0
173,556,0.679434597492218,0
173,557,-0.3909074068069458,0
173,558,-1.1761248111724854,0
173,559,-0.05137895420193672,0
173,560,-0.7978803515434265,0
173,561,-1.4898347854614258,0
173,562,-0.10302811861038208,0
173,563,-0.7417552471160889,0
173,564,0.20285245776176453,0
173,565,0.07637716084718704,0
173,566,-0.5389400720596313,0
173,567,-0.7820859551429749,0
173,568,-0.07521916925907135,0
173,569,-0.1644122302532196,0
173,570,-0.07212171703577042,0
173,571,0.6518722772598267,0
173,572,0.2765381336212158,0
173,573,0.9864771962165833,1
173,574,0.16478636860847473,0
186,0,0.008814416825771332,0
186,1,0.8234647512435913,0
186,2,0.7123143076896667,0
186,3,0.8479031324386597,0
186,4,-0.15931349992752075,0
186,5,-0.6277966499328613,0
186,6,0.5672739744186401,0
186,7,-0.02199835702776909,0
186,8,0.4040500223636627,0
186,9,0.5049139857292175,0
186,10,0.22885173559188843,0
186,11,0.3542465567588806,0
186,12,0.7868606448173523,0
186,13,0.6710882186889648,0
186,14,-0.6111701130867004,0
186,15,-0.11971840262413025,0
186,16,0.36583375930786133,0
186,17,-0.9113723039627075,0
186,18,0.5633024573326111,0
186,19,0.5377461314201355,0
186,20,0.3394815921783447,0
186,21,-0.28932517766952515,0
186,22,0.9865575432777405,0
186,23,1.250118374824524,0
186,24,-0.20360781252384186,0
186,25,0.5021854639053345,0
186,26,0.6611953973770142,0
186,27,-0.023334356024861336,0
186,28,0.13287769258022308,0
186,29,-0.12173249572515488,0
186,30,0.06052488461136818,0
186,31,-0.3205735981464386,0
186,32,1.2693519592285156,0
186,33,0.8787316679954529,0
186,34,0.6479060649871826,0
186,35,-0.2940121293067932,0
186,36,-0.23911072313785553,0
186,37,-0.20795166492462158,0
186,38,0.18685851991176605,0
186,39,0.0780601054430008,0
186,40,0.012937862426042557,0
186,41,0.34235313534736633,0
186,42,-0.2111472487449646,0
186,43,0.7242598533630371,0
186,44,0.12070990353822708,0
186,45,1.2991645336151123,0
186,46,1.127539038658142,0
186,47,0.2441985011100769,0
186,48,1.2389353513717651,0
186,49,0.38868391513824463,0
186,50,-0.06243559345602989,0
186,51,0.3859195113182068,0
186,52,0.06524911522865295,0
186,53,-0.5038036704063416,0
186,54,-0.30197522044181824,0
186,55,0.4599691331386566,0
186,56,-0.6480058431625366,0
186,57,0.42745518684387207,0
186,58,0.06664051115512848,0
186,59,-0.5280232429504395,0
186,60,0.30113428831100464,0
186,61,1.005021572113037,0
186,62,0.37729987502098083,0
186,63,0.1907959133386612,0
186,64,-0.4664386808872223,0
186,65,0.7775154709815979,0
186,66,-0.5352659821510315,0
186,67,-0.1150207668542862,0
186,68,-0.1788071095943451,0
186,69,-0.21102695167064667,0
186,70,0.6513177156448364,0
186,71,-0.45569324493408203,0
186,72,-0.020937256515026093,0
186,73,0.2622661590576172,0
186,74,0.015035963617265224,0
186,75,-0.3081902265548706,0
186,76,-0.2724144458770752,0
186,77,-0.2791629433631897,0
186,78,1.4319332838058472,0
186,79,0.99860680103302,0
186,80,0.18193215131759644,0
186,81,-0.5527021288871765,0
186,82,-0.4204105734825134,0
186,83,0.7100263237953186,0
186,84,0.4270942211151123,0
186,85,-0.3563340902328491,0
186,86,-0.07733406126499176,0
186,87,0.16766692698001862,0
186,88,-0.1300026774406433,0
186,89,0.34039002656936646,0
186,90,0.736794114112854,0
186,91,0.5149879455566406,0
186,92,0.017065370455384254,0
186,93,1.1422607898712158,0
186,94,1.2354992628097534,0
186,95,0.24141423404216766,0
186,96,0.44488275051116943,0
186,97,0.28680989146232605,0
186,98,0.319136381149292,0
186,99,0.47720426321029663,0
186,100,0.9933034777641296,0
186,101,-0.020795511081814766,0
186,102,0.04421016946434975,0
186,103,0.2502996325492859,0
186,104,0.12425302714109421,0
186,105,0.21049273014068604,0
186,106,0.06393667310476303,0
186,107,-0.04274846613407135,0
186,108,0.6429318785667419,0
186,109,-0.14980535209178925,0
186,110,-0.6467509865760803,0
186,111,0.6389809250831604,0
186,112,0.05557124689221382,0
186,113,0.43420401215553284,0
186,114,0.26606160402297974,0
186,115,0.05703924968838692,0
186,116,-0.49664273858070374,0
186,117,0.11319469660520554,0
186,118,0.2440432906150818,0
186,119,-0.08120561391115189,0
186,120,-0.0098597826436162,0
186,121,-0.21940137445926666,0
186,122,0.5130716562271118,0
186,123,-0.6144332885742188,0
186,124,0.7108922004699707,0
186,125,-0.6661030650138855,0
186,126,0.5692462921142578,0
186,127,-0.6192532181739807,0
186,128,0.1954411119222641,0
186,129,-0.3796257972717285,0
186,130,0.37015843391418457,0
186,131,-0.23867855966091156,0
186,132,0.7415171265602112,0
186,133,-0.7670136094093323,0
186,134,0.7332765460014343,0
186,135,0.5243211388587952,0
186,136,-0.3401075303554535,0
186,137,-0.4162605106830597,0
186,138,0.6280404925346375,0
186,139,-0.2401575893163681,0
186,140,-0.5004558563232422,0
186,141,0.6846553087234497,0
186,142,-0.13536550104618073,0
186,143,1.355393886566162,0
186,144,0.47119489312171936,0
186,145,-0.1023399755358696,0
186,146,0.20798449218273163,0
186,147,0.6916784048080444,0
186,148,0.5412107110023499,0
186,149,0.14638060331344604,0
186,150,-0.34242478013038635,0
186,151,-0.19184990227222443,0
186,152,0.00909575168043375,0
186,153,-0.26487356424331665,0
186,154,0.9316389560699463,0
186,155,0.5988665819168091,0
186,156,0.5170688629150391,0
186,157,1.1774080991744995,0
186,158,0.25176846981048584,0
186,159,0.40103498101234436,0
186,160,0.5080339312553406,0
186,161,0.03276177868247032,0
186,162,0.5441594123840332,0
186,163,0.19541442394256592,0
186,164,0.12105029821395874,0
186,165,0.16602849960327148,0
186,166,1.4111870527267456,0
186,167,-0.26554930210113525,0
186,168,0.2553560733795166,0
186,169,-0.8982642889022827,0
186,170,0.9372372031211853,0
186,171,0.3193306624889374,0
186,172,0.12972049415111542,0
186,173,-0.23115107417106628,0
186,174,0.49172136187553406,0
186,175,0.28233247995376587,0
186,176,-0.29803183674812317,0
186,177,-0.04156973958015442,0
186,178,-0.6673725843429565,0
186,179,-0.5468972325325012,0
186,180,0.31560757756233215,0
186,181,0.36668661236763,0
186,182,0.2584015429019928,0
186,183,0.2771635949611664,0
186,184,1.0409177541732788,0
186,185,0.45356935262680054,0
186,186,-0.16694316267967224,0
186,187,0.5529265999794006,0
186,188,-0.2797340452671051,0
186,189,0.05341503769159317,0
186,190,-0.21019411087036133,0
186,191,0.8115367293357849,0
186,192,0.28286969661712646,0
186,193,-0.021125681698322296,0
186,194,-1.2709550857543945,0
186,195,1.0189388990402222,0
186,196,-0.5875844359397888,0
186,197,0.7750909328460693,0
186,198,0.4596732556819916,0
186,199,1.0038368701934814,0
186,200,1.0411534309387207,0
186,201,0.5422387719154358,0
186,202,1.4363324642181396,0
186,203,0.016818977892398834,0
186,204,-0.24817724525928497,0
186,205,0.16577281057834625,0
186,206,-0.3551178574562073,0
186,207,0.7544838190078735,0
186,208,1.6940839290618896,0
186,209,0.5626789331436157,0
186,210,0.8285521864891052,0
186,211,-1.1521952152252197,0
186,212,0.4212324023246765,0
186,213,0.4712185859680176,0
186,214,0.18847410380840302,0
186,215,1.1046134233474731,0
186,216,-0.16819816827774048,0
186,217,0.192135751247406,0
186,218,-0.28140002489089966,0
186,219,0.09978513419628143,0
186,220,0.6799119114875793,0
186,221,0.06472939997911453,0
186,222,-0.13195036351680756,0
186,223,-0.20455750823020935,0
186,224,0.2675042152404785,0
186,225,0.033567875623703,0
186,226,0.9014444351196289,0
186,227,0.38956218957901,0
186,228,-0.24877846240997314,0
186,229,0.08072170615196228,0
186,230,0.24995172023773193,0
186,231,-0.1909228265285492,0
186,232,-0.20034633576869965,0
186,233,-0.532405436038971,0
186,234,1.1665178537368774,0
186,235,0.8561581373214722,0
186,236,0.1160423532128334,0
186,237,0.5470600724220276,0
186,238,0.811166524887085,0
186,239,0.5412076115608215,0
186,240,0.11231991648674011,0
186,241,0.10385823994874954,0
186,242,0.0915859043598175,0
186,243,-0.8271556496620178,0
186,244,0.3691381812095642,0
186,245,-0.010648763738572598,0
186,246,-0.32831060886383057,0
186,247,-0.13421301543712616,0
186,248,-1.0017406940460205,0
186,249,0.7580699324607849,0
186,250,0.8922815322875977,0
186,251,0.629422128200531,0
186,252,0.09749785810709,0
186,253,0.48996326327323914,0
186,254,0.393429160118103,0
186,255,0.09596084803342819,0
186,256,-0.06103881075978279,0
186,257,-0.26599186658859253,0
186,258,-0.013549141585826874,0
186,259,0.5268092751502991,0
186,260,1.464902639389038,0
186,261,0.1714639514684677,0
186,262,0.2885887622833252,0
186,263,0.2980344593524933,0
186,264,0.16803784668445587,0
186,265,0.4050753116607666,0
186,266,0.0642448216676712,0
186,267,-0.08755005151033401,0
186,268,1.7549355030059814,0
186,269,-0.3175158202648163,0
186,270,0.01847374439239502,0
186,271,1.1233315467834473,0
186,272,0.42773863673210144,0
186,273,0.5430059432983398,0
186,274,0.8729195594787598,0
186,275,0.48840686678886414,0
186,276,1.4187058210372925,0
186,277,0.1091286838054657,0
186,278,0.4879969358444214,0
186,279,0.8690611124038696,0
186,280,0.5927220582962036,0
186,281,0.24771201610565186,0
186,282,0.6341643929481506,0
186,283,-0.3314822316169739,0
186,284,0.644473135471344,0
186,285,0.390523225069046,0
186,286,1.2081791162490845,0
186,287,-0.27187928557395935,0
186,288,0.9952715039253235,0
186,289,1.111173391342163,0
186,290,0.8124067783355713,0
186,291,0.7819483876228333,0
186,292,0.3925766944885254,0
186,293,0.33284640312194824,0
186,294,-0.017513489350676537,0
186,295,-0.4713331460952759,0
186,296,0.5164107084274292,0
186,297,0.47236359119415283,0
186,298,-0.5505049824714661,0
186,299,-0.5544508695602417,0
186,300,1.3244445323944092,0
186,301,0.5516831874847412,0
186,302,0.02219080552458763,0
186,303,0.06371186673641205,0
186,304,-0.013451485894620419,0
186,305,0.03796178475022316,0
186,306,0.6975796222686768,0
186,307,1.0575038194656372,0
186,308,0.39951059222221375,0
186,309,-0.2645173966884613,0
186,310,0.7332901358604431,0
186,311,0.31612706184387207,0
186,312,0.2398901879787445,0
186,313,0.7437017560005188,0
186,314,-0.43715211749076843,0
186,315,-0.41172242164611816,0
186,316,-0.16229937970638275,1
186,317,0.0078405337408185,0
186,318,-0.36472707986831665,0
186,319,0.2387382537126541,0
186,320,-0.3411684036254883,0
186,321,-0.3947191834449768,0
186,322,0.2513231933116913,0
186,323,0.13584797084331512,0
186,324,0.264697790145874,0
186,325,-0.1565743088722229,0
186,326,0.6666635274887085,0
186,327,0.44414564967155457,0
186,328,0.13208630681037903,0
186,329,-0.3050388991832733,0
186,330,0.7111369371414185,1
186,331,1.0086395740509033,0
186,332,0.4593943953514099,1
186,333,1.006296992301941,0
186,334,0.26100048422813416,0
186,335,0.23542805016040802,0
186,336,0.28545352816581726,0
186,337,0.2657935917377472,0
186,338,-0.033162787556648254,0
186,339,0.5079915523529053,0
186,340,0.32400205731391907,0
186,341,0.22697529196739197,0
186,342,1.1680725812911987,0
186,343,0.3314933776855469,0
186,344,0.6895279884338379,0
186,345,0.0013341556768864393,0
186,346,1.4179375171661377,0
186,347,0.41946953535079956,0
186,348,-0.065105140209198,0
186,349,0.9044246077537537,0
186,350,1.145121693611145,0
186,351,0.2004627287387848,0
186,352,0.9870786070823669,0
186,353,0.48270171880722046,0
186,354,0.6642233729362488,0
186,355,0.4210933744907379,0
186,356,0.505092203617096,0
186,357,1.3982881307601929,0
186,358,0.2299460768699646,0
186,359,-0.007369216997176409,0
186,360,-0.07932669669389725,0
186,361,0.33210721611976624,0
186,362,0.4821642339229584,0
186,363,0.2948661744594574,0
186,364,0.220625102519989,0
186,365,0.1973412185907364,0
186,366,0.10082409530878067,0
186,367,0.6690158247947693,0
186,368,1.288993239402771,0
186,369,1.6793864965438843,0
186,370,1.2380750179290771,0
186,371,0.27771827578544617,0
186,372,0.5116482377052307,0
186,373,0.8278921246528625,0
186,374,0.18793274462223053,0
186,375,0.6814417839050293,0
186,376,0.35053226351737976,0
186,377,0.9332981705665588,0
186,378,0.19558680057525635,0
186,379,0.645470380783081,0
186,380,0.7873207330703735,0
186,381,0.611640453338623,0
186,382,0.10690461844205856,0
186,383,-0.2017989456653595,0
186,384,1.5593552589416504,0
186,385,0.8577867150306702,0
186,386,0.6900410652160645,0
186,387,0.7827551960945129,0
186,388,0.4628359079360962,0
186,389,1.6398760080337524,0
186,390,0.6358996033668518,0
186,391,1.0926995277404785,0
186,392,0.9131231904029846,0
186,393,0.6050077080726624,0
186,394,0.6004567742347717,0
186,395,0.7929174900054932,0
186,396,0.715867280960083,0
186,397,-0.0673016682267189,0
186,398,0.39579570293426514,0
186,399,-0.2703494429588318,0
186,400,-0.4739820659160614,0
186,401,0.45261964201927185,0
186,402,0.7952460646629333,0
186,403,-0.6871609091758728,0
186,404,2.895256996154785,0
186,405,1.106869101524353,0
186,406,1.3492611646652222,0
186,407,-0.06157662719488144,0
186,408,1.4384361505508423,0
186,409,0.8686743974685669,0
186,410,1.4184558391571045,0
186,411,1.0741854906082153,0
186,412,0.06288202106952667,0
186,413,0.3664267063140869,0
186,414,-0.17384934425354004,0
186,415,0.08446922898292542,0
186,416,0.4663143455982208,0
186,417,1.3688641786575317,0
186,418,0.47908586263656616,0
186,419,0.904033899307251,0
186,420,0.5887029767036438,0
186,421,1.2609598636627197,0
186,422,0.03946632891893387,0
186,423,1.0083051919937134,0
186,424,0.6765167117118835,0
186,425,0.6605122685432434,0
186,426,-0.48461514711380005,0
186,427,0.025643669068813324,0
186,428,1.0158673524856567,0
186,429,0.5122305750846863,0
186,430,-0.03700391948223114,0
186,431,0.5984028577804565,0
186,432,0.9280176162719727,0
186,433,0.12168436497449875,0
186,434,-0.3082306981086731,0
186,435,0.5535493493080139,0
186,436,-0.09776682406663895,0
186,437,-0.5904743075370789,0
186,438,0.4600253403186798,0
186,439,1.1230896711349487,0
186,440,1.3070324659347534,0
186,441,1.8155962228775024,0
186,442,1.182233452796936,0
186,443,0.022695301100611687,0
186,444,1.3417199850082397,0
186,445,1.084089994430542,0
186,446,0.7589787840843201,0
186,447,0.05539381504058838,0
186,448,1.1095224618911743,0
186,449,0.24724669754505157,0
186,450,0.13175439834594727,0
186,451,0.6256423592567444,0
186,452,-0.5415888428688049,0
186,453,0.18608547747135162,0
186,454,-0.3547706604003906,0
186,455,-0.13692711293697357,0
186,456,0.5606479644775391,0
186,457,0.5456518530845642,0
186,458,-0.37453505396842957,0
186,459,0.15882284939289093,0
186,460,0.6818591952323914,0
186,461,0.2530697286128998,0
186,462,0.1727285087108612,0
186,463,0.7311357259750366,0
186,464,0.6813954710960388,0
186,465,0.5232637524604797,0
186,466,0.5511664152145386,0
186,467,0.8094772100448608,0
186,468,1.8073625564575195,0
186,469,-0.5427960157394409,0
186,470,-0.48899731040000916,0
186,471,-0.3835983872413635,0
186,472,-0.567785918712616,0
186,473,-0.7266502380371094,0
186,474,-0.007373446132987738,0
186,475,-0.4043748378753662,0
186,476,-0.43749964237213135,0
186,477,0.8218105435371399,0
186,478,0.9963479042053223,0
186,479,0.2521514594554901,0
186,480,0.3005355894565582,0
186,481,0.8121336698532104,0
186,482,-0.6189333200454712,0
186,483,-0.04436136782169342,0
186,484,-0.37594717741012573,0
186,485,0.863395094871521,0
186,486,1.6565355062484741,0
186,487,-0.08317772299051285,0
186,488,0.18540096282958984,0
186,489,0.10204309225082397,0
186,490,0.6184552907943726,0
186,491,0.9220534563064575,0
186,492,0.8390371799468994,0
186,493,0.6253476738929749,0
186,494,0.9398632645606995,0
186,495,-0.6961598992347717,0
186,496,0.6593199968338013,0
186,497,0.2058948129415512,0
186,498,0.6197763085365295,0
186,499,0.13584652543067932,0
186,500,0.1578240692615509,0
186,501,0.24098503589630127,0
186,502,0.6434797644615173,0
186,503,1.128496766090393,0
186,504,0.5517042279243469,0
186,505,-0.03186989948153496,0
186,506,0.9183117151260376,0
186,507,0.4024209678173065,0
186,508,0.5172871351242065,0
186,509,-0.3604329526424408,0
186,510,0.8254029750823975,0
186,511,0.6049119830131531,0
186,512,0.4702319800853729,0
186,513,0.04680381342768669,0
186,514,-0.14601847529411316,0
186,515,-0.0024719703942537308,0
186,516,0.19061505794525146,0
186,517,0.42118552327156067,0
186,518,-0.2823636829853058,0
186,519,0.6128172874450684,0
186,520,2.13738751411438,0
186,521,0.5263414978981018,0
186,522,0.5303616523742676,0
186,523,-0.20807337760925293,0
186,524,0.36977848410606384,0
186,525,1.0034393072128296,0
186,526,0.017933964729309082,0
186,527,0.14951546490192413,0
186,528,0.6903292536735535,0
186,529,1.2022960186004639,0
186,530,1.0972844362258911,0
186,531,-0.4318954348564148,0
186,532,-0.42807918787002563,0
186,533,0.4900115132331848,0
186,534,0.4017575979232788,0
186,535,0.3468877673149109,0
186,536,0.8959364295005798,0
186,537,0.40202903747558594,0
186,538,0.17000392079353333,0
186,539,1.6786344051361084,0
186,540,0.5562790632247925,0
186,541,0.49703413248062134,0
186,542,0.39215680956840515,0
186,543,0.642012357711792,0
186,544,-0.023656710982322693,0
186,545,0.151323139667511,0
186,546,1.0024484395980835,0
186,547,-0.3772435486316681,0
186,548,-0.4215298593044281,0
186,549,0.03802449628710747,0
186,550,0.1479450911283493,0
186,551,0.2244773507118225,0
186,552,1.2978397607803345,0
186,553,-0.021610774099826813,0
186,554,1.7627122402191162,0
186,555,0.5387645363807678,0
186,556,-0.11196489632129669,0
186,557,0.9783406257629395,0
186,558,1.0205708742141724,0
186,559,0.3190356194972992,0
186,560,-0.12281442433595657,0
186,561,0.7108013033866882,0
186,562,0.6289815306663513,0
186,563,-0.4929879605770111,0
186,564,-0.16056500375270844,0
186,565,0.7177316546440125,0
186,566,-0.8657761216163635,0
186,567,1.5551944971084595,0
186,568,0.7437049150466919,0
186,569,-1.062795639038086,0
186,570,0.31162509322166443,0
186,571,-0.1348133236169815,0
186,572,1.0419292449951172,1
186,573,0.34828075766563416,0
186,574,-0.06526415795087814,0
190,0,0.13038070499897003,0
190,1,-0.193248450756073,0
190,2,0.9656729102134705,0
190,3,0.3080267906188965,0
190,4,0.8859402537345886,0
190,5,0.4049806296825409,0
190,6,-0.033262841403484344,0
190,7,0.210605189204216,0
190,8,0.3992757499217987,0
190,9,-0.18267372250556946,0
190,10,-0.22963663935661316,0
190,11,0.5740972757339478,0
190,12,0.5581414699554443,0
190,13,0.5374866724014282,0
190,14,0.022133784368634224,0
190,15,-0.4497235417366028,0
190,16,0.5735268592834473,0
190,17,0.37497732043266296,0
190,18,0.08349760621786118,0
190,19,-0.35861334204673767,0
190,20,0.2147519439458847,0
190,21,0.25844770669937134,0
190,22,0.4441708028316498,0
190,23,-0.358671635389328,0
190,24,0.3461868464946747,0
190,25,0.24642954766750336,0
190,26,0.08330956846475601,0
190,27,0.4454324245452881,0
190,28,0.17127437889575958,0
190,29,-0.058522745966911316,0
190,30,0.11063440889120102,0
190,31,0.390464723110199,0
190,32,0.44066670536994934,0
190,33,0.12514163553714752,0
190,34,0.38275495171546936,0
190,35,0.42528343200683594,0
190,36,0.4518543779850006,0
190,37,0.4304295480251312,0
190,38,0.2412845343351364,0
190,39,0.18235988914966583,0
190,40,-0.16061747074127197,0
190,41,0.06109163165092468,0
190,42,0.847694456577301,0
190,43,-0.05825195834040642,0
190,44,0.26921719312667847,0
190,45,0.42252182960510254,0
190,46,-0.02137918211519718,0
190,47,-0.9861671924591064,0
190,48,0.31833478808403015,0
190,49,0.16838392615318298,0
190,50,0.19578704237937927,0
190,51,0.29016631841659546,0
190,52,-0.28336724638938904,0
190,53,0.3491209149360657,0
190,54,0.26537585258483887,0
190,55,0.08536935597658157,0
190,56,0.5120889544487,0
190,57,-0.3355192244052887,0
190,58,0.0862271711230278,0
190,59,0.21930427849292755,0
190,60,-0.02312505431473255,0
190,61,0.14715467393398285,0
190,62,0.07961008697748184,0
190,63,-0.5160166025161743,0
190,64,-0.045846838504076004,0
190,65,-0.19493447244167328,0
190,66,0.5701636075973511,0
190,67,-0.4903748035430908,0
190,68,0.18492992222309113,0
190,69,-0.6684313416481018,0
190,70,0.49891024827957153,0
190,71,-0.34650933742523193,0
190,72,-0.31029537320137024,0
190,73,-0.22389493882656097,0
190,74,-0.4864467680454254,0
190,75,0.06956928223371506,0
190,76,0.2774578034877777,0
190,77,0.2754203975200653,0
190,78,-0.5796682238578796,0
190,79,-0.5435321927070618,0
190,80,-0.04561331868171692,0
190,81,-0.12612149119377136,0
190,82,-0.202561154961586,0
190,83,0.006361373234540224,0
190,84,0.6123069524765015,0
190,85,0.46581336855888367,0
190,86,-0.04010432958602905,0
190,87,-0.09120085835456848,0
190,88,-0.20074181258678436,0
190,89,0.022858954966068268,0
190,90,0.10687872022390366,0
190,91,0.16322964429855347,0
190,92,0.11749342828989029,0
190,93,0.12716078758239746,0
190,94,-0.16640843451023102,0
190,95,-0.3352898061275482,0
190,96,0.5104697346687317,0
190,97,0.10421352833509445,0
190,98,0.1362973004579544,0
190,99,0.37820059061050415,0
190,100,-0.12408880889415741,0
190,101,-0.21951517462730408,0
190,102,-0.021701611578464508,0
190,103,-0.18635031580924988,0
190,104,-0.34399324655532837,0
190,105,0.5493876338005066,0
190,106,0.7179560661315918,0
190,107,0.6177963614463806,0
190,108,-0.043693941086530685,0
190,109,0.1591910421848297,0
190,110,0.359680712223053,0
190,111,0.42372655868530273,0
190,112,0.05281149968504906,0
190,113,0.45346713066101074,0
190,114,0.1746605634689331,0
190,115,0.7618524432182312,0
190,116,0.23369349539279938,0
190,117,-0.5120189189910889,0
190,118,0.13871382176876068,0
190,119,-0.15254974365234375,0
190,120,-0.5740418434143066,0
190,121,-0.2384423166513443,0
190,122,0.5605751872062683,0
190,123,0.04739430174231529,0
190,124,-0.2503926455974579,0
190,125,-0.15751509368419647,0
190,126,0.5875192880630493,0
190,127,0.05663596838712692,0
190,128,0.21765148639678955,0
190,129,0.11204192042350769,0
190,130,0.20284819602966309,0
190,131,-0.5744931101799011,0
190,132,-0.0396919772028923,0
190,133,-0.532911479473114,0
190,134,0.0916450247168541,0
190,135,-0.13277244567871094,0
190,136,-0.06868486106395721,0
190,137,0.08343576639890671,0
190,138,0.35840314626693726,0
190,139,0.591645359992981,0
190,140,-0.04087226092815399,0
190,141,-0.011686300858855247,0
190,142,-0.10646630823612213,0
190,143,-0.09475774317979813,0
190,144,-0.6405850648880005,0
190,145,-0.07415570318698883,0
190,146,-0.6626072525978088,0
190,147,-0.315038800239563,0
190,148,-0.7472778558731079,0
190,149,0.26587897539138794,0
190,150,-0.23465459048748016,0
190,151,0.14559157192707062,0
190,152,-1.2330478429794312,0
190,153,0.4452665448188782,0
190,154,0.14180637896060944,0
190,155,0.5076988339424133,0
190,156,0.01720784232020378,0
190,157,0.5271639823913574,0
190,158,-0.35487353801727295,0
190,159,0.5537439584732056,0
190,160,-0.49839267134666443,0
190,161,0.8290314078330994,0
190,162,-0.21105094254016876,0
190,163,0.03719712793827057,0
190,164,0.33619970083236694,0
190,165,0.032573096454143524,0
190,166,0.04152534157037735,0
190,167,-0.4594057500362396,0
190,168,0.008465067483484745,0
190,169,0.6335756778717041,0
190,170,0.5237014889717102,0
190,171,0.07633901387453079,0
190,172,0.12985335290431976,0
190,173,-0.07725773006677628,0
190,174,0.4134296476840973,0
190,175,-0.38458874821662903,0
190,176,-0.005087042227387428,0
190,177,0.21313795447349548,0
190,178,-0.15832526981830597,0
190,179,-0.10619240999221802,0
190,180,-0.44966843724250793,0
190,181,0.24265041947364807,0
190,182,-0.3773408830165863,0
190,183,-0.24501560628414154,0
190,184,0.11735816299915314,0
190,185,-0.3252597153186798,0
190,186,0.04634786397218704,0
190,187,0.5887541770935059,0
190,188,0.41776537895202637,0
190,189,-0.10843230038881302,0
190,190,-0.28680843114852905,0
190,191,0.48624134063720703,0
190,192,0.15432170033454895,0
190,193,0.5034839510917664,0
190,194,0.03836823254823685,0
190,195,-0.4535161256790161,0
190,196,0.10482410341501236,0
190,197,-0.02501240186393261,0
190,198,-0.33828550577163696,0
190,199,0.15933583676815033,0
190,200,0.265858918428421,0
190,201,0.2335728257894516,0
190,202,0.04784982651472092,0
190,203,-0.12061641365289688,0
190,204,-0.8098240494728088,0
190,205,0.6299058794975281,0
190,206,-0.6287577152252197,0
190,207,0.34748169779777527,0
190,208,-0.3420400619506836,0
190,209,0.12943518161773682,0
190,210,0.557387113571167,0
190,211,-0.5497217774391174,0
190,212,1.0137284994125366,0
190,213,-0.09590316563844681,0
190,214,0.5133153200149536,0
190,215,-0.1461111456155777,0
190,216,0.27504897117614746,0
190,217,0.4916438162326813,0
190,218,0.13962797820568085,0
190,219,-0.709158182144165,0
190,220,-0.20779475569725037,0
190,221,-0.3691132962703705,0
190,222,0.5459555983543396,0
190,223,-0.950552225112915,0
190,224,-0.044811561703681946,0
190,225,0.07882686704397202,0
190,226,-0.2510010898113251,0
190,227,1.21699059009552,0
190,228,0.17323872447013855,0
190,229,0.23171375691890717,0
190,230,0.6229276657104492,0
190,231,0.32413506507873535,0
190,232,0.1508304327726364,0
190,233,0.513791561126709,0
190,234,0.1766546219587326,0
190,235,0.2419733852148056,0
190,236,0.20792096853256226,0
190,237,0.25246691703796387,0
190,238,0.15059570968151093,0
190,239,0.08874469250440598,0
190,240,-0.044036440551280975,0
190,241,0.7066470384597778,0
190,242,0.10185697674751282,0
190,243,0.48096272349357605,0
190,244,0.20829424262046814,0
190,245,0.7656290531158447,0
190,246,0.5911191701889038,0
190,247,-0.6015710234642029,0
190,248,-0.39380985498428345,0
190,249,0.8551450371742249,0
190,250,0.5422310829162598,0
190,251,0.39448651671409607,0
190,252,0.9446256160736084,0
190,253,1.1167207956314087,0
190,254,0.5136119723320007,0
190,255,0.5176548957824707,0
190,256,0.550457239151001,0
190,257,0.6740553379058838,0
190,258,0.278840035200119,0
190,259,0.7217220067977905,0
190,260,0.6020909547805786,0
190,261,0.7201606035232544,0
190,262,0.3087714910507202,0
190,263,0.9119982719421387,0
190,264,-0.18029819428920746,0
190,265,0.29597392678260803,0
190,266,1.6746947765350342,0
190,267,0.510840892791748,0
190,268,0.3017497956752777,0
190,269,-0.6024371981620789,0
190,270,0.15675359964370728,0
190,271,0.2633795142173767,0
190,272,1.096465826034546,0
190,273,0.23412209749221802,0
190,274,0.11201532930135727,0
190,275,-0.021942781284451485,0
190,276,-0.7229039669036865,0
190,277,0.7888067364692688,0
190,278,0.11319022625684738,0
190,279,0.29015204310417175,0
190,280,-0.4466804563999176,0
190,281,0.434661328792572,0
190,282,-0.3247227668762207,0
190,283,0.05998435616493225,0
190,284,0.5796791911125183,0
190,285,0.8192418217658997,0
190,286,0.0633544921875,0
190,287,0.769132673740387,0
190,288,1.1002471446990967,0
190,289,0.9133909344673157,0
190,290,0.6329976916313171,0
190,291,0.3363460302352905,0
190,292,0.8193292617797852,0
190,293,-0.28172072768211365,0
190,294,0.7609533071517944,0
190,295,1.3133080005645752,0
190,296,0.32348448038101196,0
190,297,-0.3363991379737854,0
190,298,0.4486996531486511,0
190,299,0.8707165718078613,0
190,300,-0.08355429023504257,0
190,301,0.18404164910316467,0
190,302,-0.2891588807106018,0
190,303,0.9772850275039673,0
190,304,0.7393145561218262,0
190,305,0.4349808394908905,0
190,306,0.6625735759735107,0
190,307,0.6506736874580383,0
190,308,0.8673855066299438,0
190,309,0.04195380583405495,0
190,310,0.7995469570159912,0
190,311,0.09991645812988281,0
190,312,-0.23393097519874573,0
190,313,0.8210022449493408,1
190,314,0.06785203516483307,0
190,315,-0.22311851382255554,1
190,316,0.6497645378112793,0
190,317,1.0119388103485107,0
190,318,0.9961470365524292,1
190,319,0.25732141733169556,0
190,320,-0.25147128105163574,0
190,321,1.1358261108398438,0
190,322,0.43676140904426575,0
190,323,0.18883739411830902,0
190,324,-0.029685834422707558,0
190,325,0.6202403903007507,0
190,326,0.2010684311389923,0
190,327,-0.35278111696243286,0
190,328,1.0169451236724854,0
190,329,0.6068301796913147,0
190,330,0.7230247259140015,0
190,331,0.509506106376648,0
190,332,0.8496237397193909,0
190,333,0.458660751581192,0
190,334,1.1279078722000122,0
190,335,0.5858931541442871,0
190,336,0.544237494468689,0
190,337,0.5614883899688721,0
190,338,0.776425302028656,0
190,339,0.6865951418876648,0
190,340,0.3368399739265442,0
190,341,0.8112301230430603,0
190,342,0.8522493839263916,0
190,343,0.48687317967414856,0
190,344,0.6806373000144958,0
190,345,0.34443399310112,0
190,346,0.36371010541915894,0
190,347,0.5654769539833069,0
190,348,0.1627209335565567,0
190,349,-0.06044107303023338,0
190,350,1.0646915435791016,0
190,351,0.8258132338523865,0
190,352,-0.0689036175608635,0
190,353,-0.5627157092094421,0
190,354,-0.6472585201263428,0
190,355,-0.1355292648077011,0
190,356,-0.7064996361732483,0
190,357,-0.12747815251350403,0
190,358,0.3788979947566986,0
190,359,0.2500096559524536,0
190,360,-0.04546044394373894,0
190,361,-0.5373547077178955,0
190,362,0.4922158122062683,0
190,363,-0.2191769927740097,0
190,364,0.08207998424768448,0
190,365,-0.17535236477851868,0
190,366,-0.2922174334526062,0
190,367,0.793218731880188,0
190,368,0.16651961207389832,0
190,369,0.9825382828712463,0
190,370,0.8452245593070984,0
190,371,0.43909505009651184,0
190,372,0.13254258036613464,0
190,373,0.2908947467803955,0
190,374,0.43207353353500366,0
190,375,0.9755366444587708,0
190,376,0.5032513737678528,0
190,377,0.3887803852558136,0
190,378,0.6930736899375916,0
190,379,0.27180808782577515,0
190,380,0.2910265326499939,0
190,381,-0.16744562983512878,0
190,382,0.35839974880218506,0
190,383,0.6010254621505737,0
190,384,0.6159831285476685,0
190,385,0.038899343460798264,0
190,386,0.7187188267707825,0
190,387,0.6208640933036804,0
190,388,0.825592041015625,0
190,389,0.7153990268707275,0
190,390,0.8329465389251709,0
190,391,0.4410458207130432,0
190,392,0.4818700850009918,0
190,393,0.6382536292076111,0
190,394,-0.11446015536785126,0
190,395,-0.33716198801994324,0
190,396,-0.07082352787256241,0
190,397,0.325564444065094,0
190,398,0.10887568444013596,0
190,399,0.6306969523429871,0
190,400,0.25032535195350647,0
190,401,-0.22365689277648926,0
190,402,0.04685543477535248,0
190,403,0.554063618183136,0
190,404,0.3798711895942688,0
190,405,-0.15605980157852173,0
190,406,-0.09945157170295715,0
190,407,0.38811084628105164,0
190,408,0.32729458808898926,0
190,409,0.20808625221252441,0
190,410,0.1827401965856552,0
190,411,1.2856473922729492,0
190,412,-0.38495779037475586,0
190,413,0.5004177689552307,0
190,414,0.11572407931089401,0
190,415,-0.6358458995819092,0
190,416,0.21177849173545837,0
190,417,-0.2837074398994446,0
190,418,0.03225765377283096,0
190,419,0.4156652092933655,0
190,420,-0.04184747487306595,0
190,421,0.4972135126590729,0
190,422,-0.021995732560753822,0
190,423,0.3229942321777344,0
190,424,-0.0878731831908226,0
190,425,-0.42558252811431885,0
190,426,0.4834939241409302,0
190,427,1.0059657096862793,0
190,428,-0.31376025080680847,0
190,429,0.1443929523229599,0
190,430,-0.37854745984077454,0
190,431,-0.14420902729034424,0
190,432,0.5253908634185791,0
190,433,0.03107377327978611,0
190,434,0.5900376439094543,0
190,435,0.3108580708503723,0
190,436,-0.04472300410270691,0
190,437,0.654050886631012,1
190,438,0.9208263754844666,1
190,439,-0.520471453666687,0
190,440,0.1866934597492218,0
190,441,0.060625143349170685,0
190,442,0.1357981562614441,0
190,443,0.19319680333137512,0
190,444,0.22155889868736267,0
190,445,0.06921949982643127,0
190,446,-0.28268998861312866,0
190,447,0.18339012563228607,0
190,448,1.0219422578811646,0
190,449,0.09615084528923035,0
190,450,0.05568539723753929,0
190,451,0.8345217704772949,0
190,452,-1.2226449251174927,0
190,453,0.16179129481315613,0
190,454,-0.08116402477025986,0
190,455,-0.43582749366760254,0
190,456,-0.8335566520690918,0
190,457,0.014638629741966724,0
190,458,-0.214388906955719,0
190,459,1.0639046430587769,0
190,460,0.08929429948329926,0
190,461,-0.6124111413955688,0
190,462,0.4358294904232025,0
190,463,-0.10490202903747559,0
190,464,0.3628830313682556,0
190,465,0.5418186783790588,0
190,466,1.4109910726547241,0
190,467,0.8969197273254395,0
190,468,0.17505870759487152,0
190,469,0.37073859572410583,0
190,470,-0.10044189542531967,0
190,471,0.3521723449230194,0
190,472,-0.17736230790615082,0
190,473,-0.3956819176673889,0
190,474,0.07931933552026749,0
190,475,-0.8401951193809509,0
190,476,-0.09762437641620636,0
190,477,-0.12455292046070099,0
190,478,0.07163417339324951,0
190,479,0.17448264360427856,0
190,480,-0.07635855674743652,0
190,481,-0.032761894166469574,0
190,482,-0.33847957849502563,0
190,483,-0.06603173166513443,0
190,484,0.5365592837333679,0
190,485,0.2625977396965027,0
190,486,0.07038702070713043,0
190,487,-0.14244794845581055,0
190,488,0.052777498960494995,0
190,489,-0.16845278441905975,0
190,490,0.22719451785087585,0
190,491,0.10299346596002579,0
190,492,0.525169312953949,0
190,493,0.3935090899467468,0
190,494,1.0867078304290771,0
190,495,0.4339997470378876,0
190,496,0.5134184956550598,0
190,497,0.6823114156723022,0
190,498,0.1451311707496643,0
190,499,-0.4227680265903473,0
190,500,-0.15810221433639526,0
190,501,-0.598618745803833,0
190,502,-0.1077173575758934,0
190,503,-0.3374205529689789,0
190,504,0.29347339272499084,0
190,505,0.19589915871620178,0
190,506,-0.5620894432067871,0
190,507,0.003035207511857152,0
190,508,-0.4440406262874603,0
190,509,-0.6182325482368469,0
190,510,-0.15976424515247345,0
190,511,0.24476081132888794,0
190,512,-0.1716209352016449,0
190,513,-0.775959849357605,0
190,514,-0.1762586534023285,0
190,515,0.6546168327331543,0
190,516,-0.26840901374816895,0
190,517,-0.0865156501531601,0
190,518,0.30938243865966797,0
190,519,0.26960432529449463,0
190,520,-0.004091500770300627,0
190,521,0.28763502836227417,0
190,522,0.7965705990791321,0
190,523,0.17858313024044037,0
190,524,-0.193544402718544,0
190,525,0.33657339215278625,0
190,526,0.24600885808467865,0
190,527,-0.6535700559616089,0
190,528,1.0260992050170898,0
190,529,0.8061891198158264,0
190,530,0.4752725660800934,0
190,531,0.07909401506185532,0
190,532,0.22842402756214142,0
190,533,0.13108646869659424,0
190,534,-0.1153295710682869,0
190,535,0.8790650963783264,0
190,536,0.2571007311344147,0
190,537,0.25722718238830566,0
190,538,-0.05495627596974373,0
190,539,0.3296319842338562,0
190,540,0.0898330956697464,0
190,541,-0.08171631395816803,0
190,542,-0.35335037112236023,0
190,543,0.5366562008857727,0
190,544,1.1676089763641357,0
190,545,-1.1686900854110718,0
190,546,-0.26788532733917236,0
190,547,0.15706023573875427,0
190,548,0.6835507750511169,0
190,549,-0.13581232726573944,0
190,550,0.20233018696308136,0
190,551,-0.7698695063591003,0
190,552,0.29398319125175476,0
190,553,0.045329514890909195,0
190,554,0.37449172139167786,0
190,555,0.47947826981544495,0
190,556,0.6137619614601135,0
190,557,-0.10058548301458359,0
190,558,-0.2124772071838379,0
190,559,-0.014518923126161098,0
190,560,-0.03287152573466301,0
190,561,-0.1110929399728775,0
190,562,0.46032848954200745,0
190,563,-0.6836044788360596,0
190,564,0.7191962003707886,0
190,565,-0.2553859353065491,0
190,566,0.12088769674301147,0
190,567,-0.4226849377155304,0
190,568,-0.08500764518976212,0
190,569,-0.645453929901123,0
190,570,-0.21090351045131683,0
190,571,0.6344612240791321,0
190,572,-0.11463221162557602,0
190,573,0.20121820271015167,0
190,574,-0.3268239498138428,0
205,0,-0.9709439873695374,0
205,1,0.290691077709198,0
205,2,-0.5856548547744751,0
205,3,0.629684567451477,0
205,4,-0.40999093651771545,0
205,5,0.9447669982910156,0
205,6,-0.6676441431045532,0
205,7,-0.9452586770057678,0
205,8,0.13188903033733368,0
205,9,0.3433472812175751,0
205,10,1.0636576414108276,0
205,11,0.04998262599110603,0
205,12,0.5961084961891174,0
205,13,0.587700366973877,0
205,14,-0.560235857963562,0
205,15,-0.08050662279129028,0
205,16,-0.36426815390586853,0
205,17,-0.03291342407464981,0
205,18,-0.7819092273712158,0
205,19,-0.9081187844276428,0
205,20,-1.3674324750900269,0
205,21,-0.13945737481117249,0
205,22,0.4822333753108978,0
205,23,0.947909951210022,0
205,24,1.0503875017166138,0
205,25,0.20401190221309662,0
205,26,0.6719239950180054,0
205,27,-1.1090034246444702,0
205,28,0.5909293293952942,0
205,29,-0.1431896984577179,0
205,30,-0.17364095151424408,0
205,31,0.5817362070083618,0
205,32,0.16800622642040253,0
205,33,-0.3503667712211609,0
205,34,-0.8162422180175781,0
205,35,0.09015890955924988,0
205,36,1.1790543794631958,0
205,37,-0.12466029077768326,0
205,38,-0.05130325257778168,0
205,39,0.2987213432788849,0
205,40,-0.8681049942970276,0
205,41,0.6067517995834351,0
205,42,-0.34972313046455383,0
205,43,-0.08978325873613358,0
205,44,0.7318744659423828,0
205,45,0.2357487976551056,0
205,46,0.6473837494850159,0
205,47,-0.27108046412467957,0
205,48,0.23652209341526031,0
205,49,-0.3026081919670105,0
205,50,0.5780585408210754,0
205,51,0.17072221636772156,0
205,52,0.19635803997516632,0
205,53,0.25138938426971436,0
205,54,1.2716262340545654,0
205,55,-0.0770333930850029,0
205,56,0.09440615773200989,0
205,57,0.2479552924633026,0
205,58,0.2960508465766907,0
205,59,-0.11940566450357437,0
205,60,1.5534876585006714,0
205,61,-0.5454077124595642,0
205,62,1.0845600366592407,0
205,63,0.0924811065196991,0
205,64,-0.5858891010284424,0
205,65,0.4979105293750763,0
205,66,-0.2722451090812683,0
205,67,0.6685038805007935,0
205,68,-0.09234162420034409,0
205,69,0.2708393335342407,0
205,70,-0.3684028685092926,0
205,71,-0.15012535452842712,0
205,72,0.5163334608078003,0
205,73,0.6123718619346619,0
205,74,-0.13305075466632843,0
205,75,0.9156518578529358,0
205,76,1.016853928565979,0
205,77,-0.4423653185367584,0
205,78,-0.06405568867921829,0
205,79,0.43424516916275024,0
205,80,-0.5025208592414856,0
205,81,0.060058120638132095,0
205,82,-0.45500585436820984,0
205,83,-0.31693270802497864,0
205,84,0.17454731464385986,0
205,85,0.07166217267513275,0
205,86,-0.5603049993515015,0
205,87,0.005636719521135092,0
205,88,0.4211064875125885,0
205,89,-0.036373816430568695,0
205,90,-0.48970094323158264,0
205,91,-0.1392231434583664,0
205,92,0.09311182051897049,0
205,93,-0.4587840139865875,0
205,94,-0.1054825484752655,0
205,95,0.7763240933418274,0
205,96,0.12872394919395447,0
205,97,-0.8961189389228821,0
205,98,0.025635719299316406,0
205,99,-0.21680454909801483,0
205,100,-1.0453104972839355,0
205,101,0.7245253324508667,0
205,102,-0.5854944586753845,0
205,103,-0.14801321923732758,0
205,104,0.638117253780365,0
205,105,0.6381694078445435,0
205,106,-0.5606976747512817,0
205,107,-0.06021508201956749,0
205,108,0.02885337732732296,0
205,109,0.8933210372924805,0
205,110,1.0594664812088013,0
205,111,0.37520429491996765,0
205,112,-0.3869278132915497,0
205,113,-0.43487271666526794,0
205,114,-0.2863004207611084,0
205,115,0.2679051458835602,0
205,116,0.5497434735298157,0
205,117,0.22827984392642975,0
205,118,0.2453833818435669,0
205,119,-0.7460699081420898,0
205,120,0.05333580821752548,0
205,121,0.1192583367228508,0
205,122,0.21565358340740204,0
205,123,1.2933640480041504,0
205,124,-0.5347135066986084,0
205,125,-0.6648998856544495,0
205,126,-0.07844097167253494,0
205,127,-0.4377352297306061,0
205,128,0.36788463592529297,0
205,129,-0.6503353118896484,0
205,130,0.7271354794502258,0
205,131,0.9662516117095947,0
205,132,1.0331403017044067,0
205,133,0.653564453125,0
205,134,0.7623242735862732,0
205,135,0.4666109085083008,0
205,136,-0.029800400137901306,0
205,137,0.2099248319864273,0
205,138,0.4149077832698822,0
205,139,-0.4108751714229584,0
205,140,0.09173288196325302,0
205,141,-0.2605026364326477,0
205,142,-0.2835956811904907,0
205,143,0.760050356388092,0
205,144,0.5008323192596436,0
205,145,-0.21539723873138428,0
205,146,0.13149721920490265,0
205,147,-0.10445088148117065,0
205,148,-0.2659253776073456,0
205,149,-0.2980358898639679,0
205,150,0.18634815514087677,0
205,151,0.18181709945201874,0
205,152,-0.1625519096851349,0
205,153,-0.1674046814441681,0
205,154,-0.021702278405427933,0
205,155,-0.3535395562648773,0
205,156,-0.008314870297908783,0
205,157,0.03160261735320091,0
205,158,-0.4569874107837677,0
205,159,-0.6091355085372925,0
205,160,-0.9913741946220398,0
205,161,0.6444782614707947,0
205,162,0.31977158784866333,0
205,163,0.3699696660041809,0
205,164,0.4253734350204468,0
205,165,-0.8821877241134644,0
205,166,-0.33298906683921814,0
205,167,0.7845399975776672,0
205,168,-0.417745441198349,0
205,169,0.04932407662272453,0
205,170,0.6973262429237366,0
205,171,-0.4353640079498291,0
205,172,0.9284278750419617,0
205,173,0.9907214045524597,0
205,174,0.16183359920978546,0
205,175,0.25056812167167664,0
205,176,-0.5586745142936707,0
205,177,1.0628498792648315,0
205,178,0.043684154748916626,0
205,179,-1.1579310894012451,0
205,180,-0.12514592707157135,0
205,181,-0.006418998818844557,0
205,182,-0.7310826778411865,0
205,183,0.1445513367652893,0
205,184,0.30479973554611206,0
205,185,0.07510090619325638,0
205,186,-0.7824670672416687,0
205,187,-1.3946846723556519,0
205,188,-0.11880768090486526,0
205,189,-0.09421570599079132,0
205,190,0.839049756526947,0
205,191,0.5074198842048645,0
205,192,-0.19169415533542633,0
205,193,-0.19996775686740875,0
205,194,0.08395547419786453,0
205,195,-0.07103291898965836,0
205,196,0.6776257157325745,0
205,197,-0.2270055115222931,0
205,198,-0.5542409420013428,0
205,199,-0.217959925532341,0
205,200,-0.8473267555236816,0
205,201,-0.0772150456905365,0
205,202,-0.3490648865699768,0
205,203,-0.017459699884057045,0
205,204,0.34370991587638855,0
205,205,-1.0685707330703735,0
205,206,-0.801838219165802,0
205,207,-0.0678120031952858,0
205,208,0.17103663086891174,0
205,209,0.6929965615272522,0
205,210,-0.21476231515407562,0
205,211,-0.6811200380325317,0
205,212,-0.3621698319911957,0
205,213,0.2488175928592682,0
205,214,-0.10489851981401443,0
205,215,-0.19665688276290894,0
205,216,0.022108260542154312,0
205,217,0.426654189825058,0
205,218,-0.5815325975418091,0
205,219,0.47096890211105347,0
205,220,-0.19539137184619904,0
205,221,1.0229119062423706,0
205,222,-0.7412008047103882,0
205,223,-0.29768040776252747,0
205,224,-0.9223087430000305,0
205,225,-0.263248085975647,0
205,226,-0.6282639503479004,0
205,227,-0.921407163143158,0
205,228,0.07073698192834854,0
205,229,-0.37905579805374146,0
205,230,0.5115302205085754,0
205,231,-0.5237066745758057,0
205,232,0.8046295046806335,0
205,233,0.2509109377861023,0
205,234,0.003760776249691844,0
205,235,-1.1789482831954956,0
205,236,0.6976390480995178,0
205,237,0.044784609228372574,0
205,238,0.04598845914006233,0
205,239,-0.33221930265426636,0
205,240,0.7779346704483032,0
205,241,-0.40031298995018005,0
205,242,0.9541479349136353,0
205,243,0.05618012696504593,0
205,244,-0.4872899353504181,0
205,245,0.6904248595237732,0
205,246,0.3914303779602051,0
205,247,0.2795024812221527,0
205,248,1.077926754951477,0
205,249,-0.36015141010284424,0
205,250,0.8758703470230103,0
205,251,0.20451238751411438,0
205,252,-0.4682721495628357,0
205,253,-0.6638673543930054,0
205,254,-0.15068566799163818,0
205,255,0.07467900216579437,0
205,256,0.2710479199886322,0
205,257,0.14945198595523834,0
205,258,0.1677672117948532,0
205,259,-0.2558645009994507,0
205,260,-0.6119598746299744,0
205,261,0.039463337510824203,0
205,262,-0.4615127444267273,0
205,263,-0.6773269176483154,0
205,264,-0.37700051069259644,0
205,265,1.862418532371521,0
205,266,-0.6853586435317993,0
205,267,0.0030876563396304846,0
205,268,-0.38714757561683655,0
205,269,-0.8732905983924866,0
205,270,-0.13205337524414062,0
205,271,-0.8376629948616028,0
205,272,-0.13868774473667145,0
205,273,0.11756618320941925,0
205,274,-0.3336744010448456,0
205,275,-1.1916440725326538,0
205,276,-0.6274322867393494,0
205,277,0.09840564429759979,0
205,278,0.5937772393226624,0
205,279,-0.8863089084625244,0
205,280,-0.32608330249786377,0
205,281,-0.2836476266384125,0
205,282,-0.2719354033470154,0
205,283,-0.0727359727025032,0
205,284,-0.7094147801399231,0
205,285,0.19005323946475983,0
205,286,-0.7995507717132568,0
205,287,0.3708947002887726,0
205,288,-0.31053587794303894,0
205,289,-0.46171265840530396,0
205,290,-0.3078731894493103,0
205,291,-0.17678792774677277,0
205,292,-0.5360463857650757,0
205,293,-0.012067776173353195,0
205,294,-0.01894746534526348,0
205,295,0.46003004908561707,0
205,296,-0.4918762147426605,0
205,297,-0.05884331837296486,0
205,298,-0.39224961400032043,0
205,299,0.10268767178058624,0
205,300,0.005117650143802166,0
205,301,-0.6168288588523865,0
205,302,-0.16881944239139557,0
205,303,0.7477916479110718,0
205,304,0.08160153031349182,0
205,305,-1.2851271629333496,0
205,306,-0.2648211419582367,0
205,307,0.07757812738418579,0
205,308,-0.42431339621543884,0
205,309,-0.4526815116405487,0
205,310,-0.45130884647369385,0
205,311,-0.5330338478088379,0
205,312,-1.1493496894836426,0
205,313,-0.37135493755340576,0
205,314,0.4037990868091583,0
205,315,-0.35391825437545776,0
205,316,-0.6952908039093018,1
205,317,-0.6809611320495605,0
205,318,-1.020528793334961,0
205,319,-0.6034271717071533,0
205,320,-0.046958550810813904,0
205,321,-0.5472975969314575,0
205,322,0.4423571825027466,0
205,323,0.09420513361692429,0
205,324,0.5730097889900208,0
205,325,-0.1472901552915573,0
205,326,-0.34874045848846436,0
205,327,-0.33520370721817017,0
205,328,-0.16138425469398499,0
205,329,-0.6931065320968628,0
205,330,-0.20097565650939941,1
205,331,-0.2588425278663635,0
205,332,0.17038948833942413,1
205,333,-0.019941169768571854,0
205,334,-0.4438095986843109,0
205,335,-0.3854275345802307,0
205,336,0.0926213189959526,0
205,337,0.0709790363907814,0
205,338,-0.29669374227523804,0
205,339,-0.5570282936096191,0
205,340,0.3672884702682495,0
205,341,-0.6553780436515808,0
205,342,-0.7270591855049133,0
205,343,0.009792331606149673,0
205,344,0.13336162269115448,0
205,345,-0.7282497882843018,0
205,346,-0.45442935824394226,0
205,347,0.009503637440502644,0
205,348,-0.549225389957428,0
205,349,-0.154128298163414,0
205,350,-0.4312542676925659,0
205,351,-0.08269983530044556,0
205,352,-0.1053834781050682,0
205,353,-0.7532013654708862,0
205,354,-0.8332896828651428,0
205,355,-1.1192129850387573,0
205,356,-0.17437177896499634,0
205,357,-0.15293920040130615,0
205,358,-0.3084421455860138,0
205,359,-0.7056908011436462,0
205,360,-0.8882665038108826,0
205,361,-0.9804958701133728,0
205,362,-0.8677237033843994,0
205,363,0.2609902620315552,0
205,364,-0.47764018177986145,0
205,365,-0.4523259401321411,0
205,366,-0.6256067156791687,0
205,367,-0.8851722478866577,0
205,368,-1.31126070022583,0
205,369,-0.6056036949157715,0
205,370,-1.0020649433135986,0
205,371,-0.23430824279785156,0
205,372,-0.8496696949005127,0
205,373,-0.39024078845977783,0
205,374,-0.9534674882888794,0
205,375,-0.2678176760673523,0
205,376,-0.6302850842475891,0
205,377,-0.48326489329338074,0
205,378,-0.5338722467422485,0
205,379,-1.3417645692825317,0
205,380,-1.122692584991455,0
205,381,-0.24476522207260132,0
205,382,-0.0844624862074852,0
205,383,-0.125074565410614,0
205,384,-0.9196305871009827,0
205,385,-0.14277538657188416,0
205,386,-0.20030264556407928,0
205,387,-0.9929361939430237,0
205,388,-0.4734400510787964,0
205,389,-0.5787519812583923,0
205,390,0.09854570776224136,0
205,391,-0.14315104484558105,0
205,392,-0.19470849633216858,0
205,393,-0.4836463928222656,0
205,394,-0.6777238845825195,0
205,395,-0.23368166387081146,0
205,396,-0.3216841220855713,0
205,397,-0.3074870705604553,0
205,398,-0.2888743281364441,0
205,399,1.186489462852478,0
205,400,-0.3293571174144745,0
205,401,0.20392882823944092,0
205,402,-0.5063654780387878,0
205,403,-0.5094007849693298,0
205,404,-0.28959059715270996,0
205,405,0.18015138804912567,0
205,406,0.30481693148612976,0
205,407,-0.9966048002243042,0
205,408,0.02070077694952488,0
205,409,0.01842675358057022,0
205,410,-0.1596846878528595,0
205,411,-0.09597140550613403,0
205,412,0.7034677267074585,0
205,413,0.08213164657354355,0
205,414,-0.1875833123922348,0
205,415,-0.2757469117641449,0
205,416,0.2045685052871704,0
205,417,0.4784040153026581,0
205,418,0.04496217146515846,0
205,419,-0.3067912459373474,0
205,420,-0.006138166878372431,0
205,421,0.35182422399520874,0
205,422,0.7636210918426514,0
205,423,0.11342524737119675,0
205,424,-0.4754789173603058,0
205,425,-0.893042266368866,0
205,426,-0.3838421404361725,0
205,427,-0.6682300567626953,0
205,428,-0.9110494256019592,0
205,429,-0.5379177927970886,0
205,430,-0.19848202168941498,0
205,431,0.5591501593589783,0
205,432,-0.14795419573783875,0
205,433,-1.0965453386306763,0
205,434,-0.3959463834762573,0
205,435,0.3625901937484741,0
205,436,-0.3568775951862335,0
205,437,-0.532059371471405,0
205,438,-0.5252165198326111,0
205,439,-0.3158358633518219,0
205,440,-0.07063965499401093,0
205,441,-0.5827832221984863,0
205,442,-0.3132219612598419,0
205,443,-0.35533463954925537,0
205,444,0.4509245455265045,0
205,445,0.0992748886346817,0
205,446,-0.24893367290496826,0
205,447,0.18274818360805511,0
205,448,0.03770734742283821,0
205,449,-1.0641096830368042,0
205,450,0.30700793862342834,0
205,451,-0.5677064061164856,0
205,452,-1.0393580198287964,0
205,453,-0.16465534269809723,0
205,454,-0.12553296983242035,0
205,455,-0.8640283942222595,0
205,456,-0.9012596011161804,0
205,457,-1.0670177936553955,0
205,458,-0.5019492506980896,0
205,459,-0.044723160564899445,0
205,460,0.17700839042663574,0
205,461,-0.5546897649765015,0
205,462,-0.9051393866539001,0
205,463,-0.5377328991889954,0
205,464,-0.6958247423171997,0
205,465,-0.657712996006012,0
205,466,-0.029591117054224014,0
205,467,-0.5715520977973938,0
205,468,0.4552913308143616,0
205,469,1.1908541917800903,0
205,470,0.08655822277069092,0
205,471,1.3344190120697021,0
205,472,0.5250248908996582,0
205,473,0.5950632095336914,0
205,474,0.8796952962875366,0
205,475,0.39097222685813904,0
205,476,-1.5136557817459106,0
205,477,-0.3811786472797394,0
205,478,0.41443443298339844,0
205,479,-0.6356868147850037,0
205,480,-0.3187592327594757,0
205,481,0.18592743575572968,0
205,482,-0.5916556119918823,0
205,483,-0.2697144150733948,0
205,484,0.07321252673864365,0
205,485,-0.1376635879278183,0
205,486,0.3024110496044159,0
205,487,0.37178242206573486,0
205,488,0.638498842716217,0
205,489,-0.05343155562877655,0
205,490,-0.3166241943836212,0
205,491,-0.6356791853904724,0
205,492,-1.2052375078201294,0
205,493,-1.0912399291992188,0
205,494,0.01478673331439495,0
205,495,-0.7229013442993164,0
205,496,-0.522904098033905,0
205,497,-0.6116089224815369,0
205,498,-0.7713400721549988,0
205,499,-1.0079708099365234,0
205,500,-0.23411673307418823,0
205,501,-1.139644742012024,0
205,502,-0.7171811461448669,0
205,503,-0.3156988322734833,0
205,504,-0.624082088470459,0
205,505,0.07167696207761765,0
205,506,0.47289592027664185,0
205,507,-1.1486154794692993,0
205,508,0.11293135583400726,0
205,509,-0.03428725525736809,0
205,510,-1.1355842351913452,0
205,511,-1.2565592527389526,0
205,512,-0.2747035026550293,0
205,513,-1.1255518198013306,0
205,514,-0.35209760069847107,0
205,515,0.0425642654299736,0
205,516,0.09149937331676483,0
205,517,0.6025623679161072,0
205,518,-0.09694118797779083,0
205,519,-1.058536410331726,0
205,520,-0.9271454215049744,0
205,521,-0.4582687318325043,0
205,522,-0.6117491722106934,0
205,523,-0.07323141396045685,0
205,524,-0.19640356302261353,0
205,525,-0.2169996201992035,0
205,526,-0.3408181965351105,0
205,527,-0.364359587430954,0
205,528,-0.030584024265408516,0
205,529,-0.2157692015171051,0
205,530,0.28344371914863586,0
205,531,-0.5167251229286194,0
205,532,-0.19492411613464355,0
205,533,-0.7163973450660706,0
205,534,-0.7243858575820923,0
205,535,0.03310658037662506,0
205,536,-1.7678438425064087,0
205,537,-0.991065502166748,0
205,538,-0.7351899147033691,0
205,539,-0.8690798282623291,0
205,540,-0.26519981026649475,0
205,541,-0.24730746448040009,0
205,542,-0.6536763906478882,0
205,543,-1.2755773067474365,0
205,544,-0.39228835701942444,0
205,545,-0.020537134259939194,0
205,546,-0.4898127615451813,0
205,547,-0.6850274801254272,0
205,548,-1.1224762201309204,0
205,549,-0.8296856880187988,0
205,550,-0.7367858290672302,0
205,551,-0.05509887635707855,0
205,552,0.025679850950837135,0
205,553,0.788330078125,0
205,554,-0.7174032926559448,0
205,555,0.512653112411499,0
205,556,0.9936457872390747,0
205,557,0.20160318911075592,0
205,558,-0.13772673904895782,0
205,559,0.11331115663051605,0
205,560,-0.5566280484199524,0
205,561,-1.3686493635177612,0
205,562,0.37539565563201904,0
205,563,-1.053094506263733,0
205,564,-0.13032439351081848,0
205,565,0.2981307804584503,0
205,566,-0.19772149622440338,0
205,567,-0.2688595652580261,0
205,568,-0.34260842204093933,0
205,569,0.7264823317527771,0
205,570,-0.10858055204153061,0
205,571,-0.2896559238433838,0
205,572,0.0395248606801033,1
205,573,-0.2043219357728958,0
205,574,0.1134331077337265,0
218,0,0.22463953495025635,0
218,1,0.02853200025856495,0
218,2,0.03560579940676689,0
218,3,0.3220551013946533,0
218,4,0.27439919114112854,0
218,5,0.2662317156791687,0
218,6,0.2443503439426422,0
218,7,0.8922848105430603,0
218,8,-0.7239384651184082,0
218,9,-0.4700995087623596,0
218,10,-0.08751020580530167,0
218,11,0.9580154418945312,0
218,12,0.8999988436698914,0
218,13,-0.5345216989517212,0
218,14,-0.2592580020427704,0
218,15,0.49760282039642334,0
218,16,0.2681761085987091,0
218,17,0.4694284200668335,0
218,18,-0.6793307662010193,0
218,19,0.4323408007621765,0
218,20,0.16519547998905182,0
218,21,-0.8108682036399841,0
218,22,-0.053811002522706985,0
218,23,-0.28545984625816345,0
218,24,1.0595449209213257,0
218,25,-0.12885089218616486,0
218,26,-0.4864419102668762,0
218,27,-0.04341181367635727,0
218,28,0.2197926640510559,0
218,29,0.9053712487220764,0
218,30,-0.7071652412414551,0
218,31,0.06708063185214996,0
218,32,-0.27123120427131653,0
218,33,-1.1013802289962769,0
218,34,0.11158556491136551,0
218,35,0.11518102884292603,0
218,36,0.8322821259498596,0
218,37,0.4050252437591553,0
218,38,-1.0908297300338745,0
218,39,-0.3103538453578949,0
218,40,1.0936329364776611,0
218,41,-0.30160653591156006,0
218,42,-0.7203992009162903,0
218,43,-0.18468579649925232,0
218,44,0.5528097152709961,0
218,45,0.032033469527959824,0
218,46,0.09606502950191498,0
218,47,0.5625171065330505,0
218,48,-0.6173937320709229,0
218,49,0.3483442962169647,0
218,50,0.9724924564361572,0
218,51,0.44225969910621643,0
218,52,-1.1390180587768555,0
218,53,0.4075313210487366,0
218,54,1.253747582435608,0
218,55,0.06012827157974243,0
218,56,0.3372112214565277,0
218,57,-0.37056198716163635,0
218,58,-0.050836384296417236,0
218,59,-0.517261803150177,0
218,60,-0.004652965813875198,0
218,61,-1.1295455694198608,0
218,62,-0.4596313238143921,0
218,63,-0.3988858163356781,0
218,64,-0.20558390021324158,0
218,65,-0.25997576117515564,0
218,66,-0.9799662828445435,0
218,67,0.1603718400001526,0
218,68,0.472472220659256,0
218,69,-0.16104261577129364,0
218,70,-0.661075234413147,0
218,71,0.9977441430091858,0
218,72,0.32783904671669006,0
218,73,0.28281161189079285,0
218,74,0.5492138862609863,0
218,75,-0.21057823300361633,0
218,76,0.8941987752914429,0
218,77,0.6424434185028076,0
218,78,-0.2394862025976181,0
218,79,-0.7840020060539246,0
218,80,0.07398763298988342,0
218,81,-0.29690417647361755,0
218,82,1.146996259689331,0
218,83,0.24003538489341736,0
218,84,-0.276104211807251,0
218,85,0.5134013891220093,0
218,86,0.15747188031673431,0
218,87,-0.8780826926231384,0
218,88,-0.10259642452001572,0
218,89,-0.2974039614200592,0
218,90,-0.8283623456954956,0
218,91,0.5867787003517151,0
218,92,-0.35333114862442017,0
218,93,-0.6843893527984619,0
218,94,-0.3010577857494354,0
218,95,-0.39820176362991333,0
218,96,0.350628137588501,0
218,97,0.01639065518975258,0
218,98,-0.7444198131561279,0
218,99,-0.013882134109735489,0
218,100,0.14615754783153534,0
218,101,0.794470489025116,0
218,102,-0.5133674144744873,0
218,103,-0.3901350498199463,0
218,104,0.06674353778362274,0
218,105,-0.058827560395002365,0
218,106,0.07777323573827744,0
218,107,0.30797529220581055,0
218,108,0.11717270314693451,0
218,109,0.944713830947876,0
218,110,1.3091367483139038,0
218,111,0.2453630566596985,0
218,112,0.08336232602596283,0
218,113,-0.5642691850662231,0
218,114,-0.1492958962917328,0
218,115,-0.3350435793399811,0
218,116,0.2614959180355072,0
218,117,-0.2298782616853714,0
218,118,0.7488391399383545,0
218,119,-0.11272307485342026,0
218,120,-0.6944800019264221,0
218,121,0.4694565236568451,0
218,122,-0.4558534324169159,0
218,123,-0.3188907504081726,0
218,124,-0.35133230686187744,0
218,125,-0.26072561740875244,0
218,126,-0.2705066502094269,0
218,127,-0.547062873840332,0
218,128,0.4979404807090759,0
218,129,0.2271021157503128,0
218,130,0.6181159615516663,0
218,131,0.8376224637031555,0
218,132,0.07304637879133224,0
218,133,0.8352076411247253,0
218,134,0.9440550208091736,0
218,135,-0.2000027894973755,0
218,136,0.9731425642967224,0
218,137,-0.005552900023758411,0
218,138,0.062261033803224564,0
218,139,-0.5122846364974976,0
218,140,0.49995240569114685,0
218,141,-0.3871072232723236,0
218,142,-0.5708976984024048,0
218,143,-0.20933984220027924,0
218,144,-0.39667603373527527,0
218,145,0.36020371317863464,0
218,146,-0.01447763666510582,0
218,147,0.29509857296943665,0
218,148,-0.1456906646490097,0
218,149,-0.1389147788286209,0
218,150,0.3860461711883545,0
218,151,-0.5901999473571777,0
218,152,0.0020089824683964252,0
218,153,-0.1498682051897049,0
218,154,-0.6280027031898499,0
218,155,0.08931690454483032,0
218,156,0.576513946056366,0
218,157,-0.443418025970459,0
218,158,-0.05808023735880852,0
218,159,-0.10840971022844315,0
218,160,0.2528221905231476,0
218,161,-0.12933723628520966,0
218,162,-0.15907126665115356,0
218,163,0.6848859786987305,0
218,164,-0.14122162759304047,0
218,165,-0.2915043234825134,0
218,166,-0.5587203502655029,0
218,167,0.2971479296684265,0
218,168,0.04332350566983223,0
218,169,0.3356936573982239,0
218,170,-0.42136794328689575,0
218,171,-0.5421136617660522,0
218,172,-0.49052056670188904,0
218,173,0.09431719779968262,0
218,174,-0.03897874802350998,0
218,175,0.8745520710945129,0
218,176,0.7818530201911926,0
218,177,-0.26326650381088257,0
218,178,-0.7656568884849548,0
218,179,-0.41246840357780457,0
218,180,-0.10803837329149246,0
218,181,-0.21885553002357483,0
218,182,0.1197139248251915,0
218,183,0.11122224479913712,0
218,184,-0.31893810629844666,0
218,185,-0.026018859818577766,0
218,186,-0.3688857853412628,0
218,187,-0.5999686121940613,0
218,188,0.20642299950122833,0
218,189,-0.8934832215309143,0
218,190,0.28834524750709534,0
218,191,-0.35002401471138,0
218,192,-0.6665117144584656,0
218,193,-0.023341240361332893,0
218,194,0.3222143054008484,0
218,195,-0.4098712205886841,0
218,196,0.6530841588973999,0
218,197,-0.7310468554496765,0
218,198,-0.19423960149288177,0
218,199,0.13557560741901398,0
218,200,-0.11390601098537445,0
218,201,-0.5679405927658081,0
218,202,-0.8996115326881409,0
218,203,-0.5442619323730469,0
218,204,0.045690275728702545,0
218,205,-0.4702901840209961,0
218,206,0.1752181202173233,0
218,207,-0.31959521770477295,0
218,208,-0.09293238818645477,0
218,209,0.11052898317575455,0
218,210,-0.9929077625274658,0
218,211,-0.17908740043640137,0
218,212,0.20478826761245728,0
218,213,-0.37791574001312256,0
218,214,-0.3767758309841156,0
218,215,-0.2772752642631531,0
218,216,0.7496322989463806,0
218,217,0.048092179000377655,0
218,218,0.03228061646223068,0
218,219,-0.21782182157039642,0
218,220,-0.8707231879234314,0
218,221,-0.03520284965634346,0
218,222,0.041128139942884445,0
218,223,0.17537911236286163,0
218,224,-0.33718404173851013,0
218,225,-0.7362838983535767,0
218,226,-0.709160327911377,0
218,227,-0.043597787618637085,0
218,228,-0.397325724363327,0
218,229,0.35691016912460327,0
218,230,-0.5913571715354919,0
218,231,0.680541455745697,0
218,232,0.6594184041023254,0
218,233,0.2011442631483078,0
218,234,-0.5298593044281006,0
218,235,-0.5271192789077759,0
218,236,0.4671802520751953,0
218,237,0.009824917651712894,0
218,238,-0.5822130441665649,0
218,239,-0.3250420391559601,0
218,240,0.2623603343963623,0
218,241,-0.32762598991394043,0
218,242,-0.5995252132415771,0
218,243,0.6003233790397644,0
218,244,-1.3438441753387451,0
218,245,-1.2240957021713257,0
218,246,0.5754373073577881,0
218,247,0.1114564836025238,0
218,248,0.04146891459822655,0
218,249,-0.4469394385814667,0
218,250,-0.5444397330284119,0
218,251,-0.07283855229616165,0
218,252,0.6484131217002869,0
218,253,0.5942561626434326,0
218,254,0.290719211101532,0
218,255,0.19695354998111725,0
218,256,-0.27507781982421875,0
218,257,0.40603941679000854,0
218,258,0.7699702382087708,0
218,259,0.85123610496521,0
218,260,0.9380647540092468,0
218,261,1.0385854244232178,0
218,262,0.4291589856147766,0
218,263,0.20124602317810059,0
218,264,0.05875483900308609,0
218,265,0.19164839386940002,0
218,266,0.3060317635536194,0
218,267,-0.322964608669281,0
218,268,0.4837045669555664,0
218,269,-0.2855316400527954,0
218,270,-0.041894298046827316,0
218,271,0.6245412230491638,0
218,272,1.1758761405944824,0
218,273,0.22949960827827454,0
218,274,0.763090193271637,0
218,275,0.6003907918930054,0
218,276,0.045610278844833374,0
218,277,0.7448650002479553,0
218,278,0.2008015215396881,0
218,279,0.7725034952163696,0
218,280,0.35846564173698425,0
218,281,0.4710092842578888,0
218,282,0.23052391409873962,0
218,283,0.19240888953208923,0
218,284,1.8614091873168945,0
218,285,0.3398151695728302,0
218,286,0.6388673782348633,0
218,287,1.014424443244934,0
218,288,0.8047404885292053,0
218,289,0.31066909432411194,0
218,290,0.6674036383628845,0
218,291,0.14059016108512878,0
218,292,0.5033460855484009,0
218,293,0.0817454606294632,0
218,294,-0.06455386430025101,0
218,295,0.42769575119018555,0
218,296,-0.08980298787355423,0
218,297,-0.346978098154068,0
218,298,-0.26494964957237244,0
218,299,0.4597281813621521,0
218,300,-0.312920480966568,0
218,301,-0.22119154036045074,0
218,302,-0.7541881799697876,0
218,303,0.70235675573349,0
218,304,0.8289831280708313,0
218,305,0.49410346150398254,0
218,306,0.6736848950386047,0
218,307,0.3219203054904938,0
218,308,1.0239111185073853,0
218,309,0.5558474659919739,0
218,310,1.2087242603302002,0
218,311,0.8329194784164429,0
218,312,0.9383580684661865,0
218,313,0.9441596269607544,0
218,314,0.5183933973312378,0
218,315,0.3155452013015747,0
218,316,0.04575751721858978,1
218,317,1.028476595878601,0
218,318,0.2746211588382721,0
218,319,-0.30656781792640686,0
218,320,0.41844406723976135,0
218,321,-0.09278585016727448,0
218,322,-0.02278877981007099,0
218,323,0.26478806138038635,0
218,324,-0.4921375513076782,0
218,325,-0.5481334924697876,0
218,326,-0.025516318157315254,0
218,327,-0.2843841314315796,0
218,328,0.388313889503479,0
218,329,0.5201871395111084,0
218,330,-0.29955098032951355,1
218,331,0.4544212818145752,0
218,332,0.7030719518661499,1
218,333,0.30303117632865906,0
218,334,0.35166728496551514,0
218,335,0.609045684337616,0
218,336,0.043144095689058304,0
218,337,1.0396614074707031,0
218,338,0.3465191125869751,0
218,339,-0.1722625344991684,0
218,340,0.2817382216453552,0
218,341,0.3286132216453552,0
218,342,0.9508020281791687,0
218,343,-0.11348908394575119,0
218,344,-0.5275530815124512,0
218,345,-0.16431672871112823,0
218,346,0.5146373510360718,0
218,347,-0.01969909854233265,0
218,348,-0.6603468060493469,0
218,349,0.07250982522964478,0
218,350,0.33198046684265137,0
218,351,0.35546648502349854,0
218,352,0.4549442529678345,0
218,353,-0.6126378774642944,0
218,354,-0.33160632848739624,0
218,355,-0.8162442445755005,0
218,356,-0.5057976841926575,0
218,357,-0.15982551872730255,0
218,358,0.023173589259386063,0
218,359,-0.02154781110584736,0
218,360,-0.8538551926612854,0
218,361,-0.39659711718559265,0
218,362,-0.1985289603471756,0
218,363,-0.8600110411643982,0
218,364,0.22410303354263306,0
218,365,-0.616856038570404,0
218,366,-1.2757877111434937,0
218,367,1.2861433029174805,0
218,368,0.4522632360458374,0
218,369,1.525948405265808,0
218,370,0.897343635559082,0
218,371,0.4569494128227234,0
218,372,0.621562123298645,0
218,373,0.8514264822006226,0
218,374,1.0188244581222534,0
218,375,1.0390312671661377,0
218,376,-0.0831180214881897,0
218,377,0.5091030597686768,0
218,378,0.13008883595466614,0
218,379,0.6065332293510437,0
218,380,0.6197656989097595,0
218,381,0.5346150398254395,0
218,382,0.8016703724861145,0
218,383,0.47258540987968445,0
218,384,0.1355466991662979,0
218,385,-0.2279597967863083,0
218,386,0.9918419718742371,0
218,387,0.9132991433143616,0
218,388,0.9715062975883484,0
218,389,0.36026817560195923,0
218,390,0.4557834565639496,0
218,391,-0.4309879541397095,0
218,392,0.8537335991859436,0
218,393,0.09185010939836502,0
218,394,0.3505121171474457,0
218,395,0.2815766930580139,0
218,396,-0.2579258680343628,0
218,397,0.7959876656532288,0
218,398,0.9642983078956604,0
218,399,-0.2929181456565857,0
218,400,0.2542192339897156,0
218,401,0.8341031670570374,0
218,402,0.4941386282444,0
218,403,0.4788343906402588,0
218,404,0.3429133892059326,0
218,405,0.3989863991737366,0
218,406,0.5513054132461548,0
218,407,-0.48209717869758606,0
218,408,0.32816097140312195,0
218,409,1.186456561088562,0
218,410,0.49728643894195557,0
218,411,-0.18139879405498505,0
218,412,0.05055346339941025,0
218,413,0.4495779275894165,0
218,414,0.21167589724063873,0
218,415,-0.4846186339855194,0
218,416,0.15172788500785828,0
218,417,0.342306524515152,0
218,418,-0.33072274923324585,0
218,419,0.6493198871612549,0
218,420,0.042219143360853195,0
218,421,0.48791396617889404,0
218,422,0.42145511507987976,0
218,423,0.6809062957763672,0
218,424,-0.27490919828414917,0
218,425,-0.22390954196453094,0
218,426,0.4407346546649933,0
218,427,0.1459454596042633,0
218,428,-0.8166150450706482,0
218,429,-0.725762665271759,0
218,430,-1.2552076578140259,0
218,431,-0.8767362236976624,0
218,432,0.3320103883743286,0
218,433,0.4727500379085541,0
218,434,-0.4088621437549591,0
218,435,0.682234525680542,0
218,436,0.4738590717315674,0
218,437,-0.49445420503616333,0
218,438,0.16904251277446747,0
218,439,-0.4594733715057373,0
218,440,-0.820171594619751,0
218,441,-0.5069930553436279,0
218,442,0.11475126445293427,0
218,443,0.6496006846427917,0
218,444,0.053751152008771896,0
218,445,-0.27979776263237,0
218,446,0.27509522438049316,0
218,447,0.4447086453437805,0
218,448,1.611210823059082,0
218,449,-0.921262800693512,0
218,450,-0.04438520595431328,0
218,451,-0.12938570976257324,0
218,452,-0.7553820610046387,0
218,453,-0.9469683766365051,0
218,454,0.8703387379646301,0
218,455,0.12208843231201172,0
218,456,0.17602227628231049,0
218,457,-0.548970103263855,0
218,458,0.6446275115013123,0
218,459,0.9623860716819763,0
218,460,0.47976410388946533,0
218,461,0.6224746108055115,0
218,462,0.07451771199703217,0
218,463,-0.29749634861946106,0
218,464,0.34431082010269165,0
218,465,-0.26538172364234924,0
218,466,1.4000743627548218,0
218,467,-0.5474434494972229,0
218,468,0.020941177383065224,0
218,469,-0.02086247317492962,0
218,470,-0.7602301836013794,0
218,471,0.23552006483078003,0
218,472,-0.1436159461736679,0
218,473,-0.008791942149400711,0
218,474,-0.22423672676086426,0
218,475,-0.7169446349143982,0
218,476,-0.5400239825248718,0
218,477,-0.010247155092656612,0
218,478,-0.059826962649822235,0
218,479,-0.4038715362548828,0
218,480,0.7801005840301514,0
218,481,0.1851220726966858,0
218,482,-0.5592067837715149,0
218,483,-0.053118638694286346,0
218,484,0.22547920048236847,0
218,485,0.40794527530670166,0
218,486,-0.3892524838447571,0
218,487,-0.10475222766399384,0
218,488,0.4976674020290375,0
218,489,0.2774595618247986,0
218,490,0.6110042929649353,0
218,491,-0.7747250199317932,0
218,492,0.3594943583011627,0
218,493,0.5697487592697144,0
218,494,-0.07913754880428314,0
218,495,-1.3400533199310303,0
218,496,-0.2792077660560608,0
218,497,0.24569940567016602,0
218,498,0.2329094558954239,0
218,499,-0.10976850241422653,0
218,500,-0.535069465637207,0
218,501,0.7759052515029907,0
218,502,-0.047385189682245255,0
218,503,0.14346428215503693,0
218,504,-1.1384316682815552,0
218,505,0.0011996845714747906,0
218,506,-0.38921037316322327,0
218,507,-0.1648407280445099,0
218,508,-0.45884281396865845,0
218,509,-0.6553565859794617,0
218,510,-0.06897048652172089,0
218,511,0.2796618640422821,0
218,512,-0.23531672358512878,0
218,513,-0.9334467053413391,0
218,514,-0.7869576215744019,0
218,515,0.19451525807380676,0
218,516,-0.36973536014556885,0
218,517,-0.3712732791900635,0
218,518,-0.6536501049995422,0
218,519,0.17210960388183594,0
218,520,-0.006577621214091778,0
218,521,0.4871048629283905,0
218,522,0.3176076412200928,0
218,523,-1.2209538221359253,0
218,524,0.04804658517241478,0
218,525,0.11979454010725021,0
218,526,-0.1439080387353897,0
218,527,0.3723759651184082,0
218,528,0.6835343241691589,0
218,529,-0.7233008742332458,0
218,530,-0.2619001567363739,0
218,531,-0.25027042627334595,0
218,532,-1.1789040565490723,0
218,533,0.010651702992618084,0
218,534,0.1418948918581009,0
218,535,0.11557556688785553,0
218,536,-0.03837602958083153,0
218,537,0.13226184248924255,0
218,538,-0.6720749139785767,0
218,539,-0.24840572476387024,0
218,540,-0.2932983338832855,0
218,541,-0.13899914920330048,0
218,542,-0.1536720246076584,0
218,543,-0.4674481451511383,0
218,544,0.06830722093582153,0
218,545,-0.4053703248500824,0
218,546,-0.7468621730804443,0
218,547,-1.1415520906448364,0
218,548,0.5769067406654358,0
218,549,-0.7407762408256531,0
218,550,-0.24663008749485016,0
218,551,0.23389911651611328,0
218,552,-0.5513111352920532,0
218,553,-0.4472954571247101,0
218,554,0.13305628299713135,0
218,555,0.5593891739845276,0
218,556,-0.5581523180007935,0
218,557,-0.5529435873031616,0
218,558,0.22025664150714874,0
218,559,-1.049338459968567,0
218,560,0.7401158809661865,0
218,561,0.3492879271507263,0
218,562,-0.10275392234325409,0
218,563,-0.38969743251800537,0
218,564,-0.7163904905319214,0
218,565,-0.06673377752304077,0
218,566,-0.988004744052887,0
218,567,0.6229639053344727,0
218,568,-1.0734741687774658,0
218,569,-0.174479141831398,0
218,570,-0.40280604362487793,0
218,571,0.2576320469379425,0
218,572,-0.1335318386554718,1
218,573,-0.10313484072685242,0
218,574,-0.17121298611164093,0
219,0,0.036852266639471054,0
219,1,0.8082140684127808,0
219,2,0.6560893058776855,0
219,3,1.0993229150772095,0
219,4,-0.02887514792382717,0
219,5,1.2553138732910156,0
219,6,0.27265664935112,0
219,7,-0.1565387099981308,0
219,8,1.465805172920227,0
219,9,0.6427853107452393,0
219,10,1.5705641508102417,0
219,11,0.4210122227668762,0
219,12,0.952125072479248,0
219,13,1.2817033529281616,0
219,14,-0.657912015914917,0
219,15,-0.41035032272338867,0
219,16,1.4110352993011475,0
219,17,-0.0416167788207531,0
219,18,-0.21742630004882812,0
219,19,0.28964847326278687,0
219,20,-0.9531704187393188,0
219,21,0.4980866611003876,0
219,22,0.19127948582172394,0
219,23,1.0789977312088013,0
219,24,1.3937925100326538,0
219,25,0.3313777446746826,0
219,26,0.3099551796913147,0
219,27,-0.20584122836589813,0
219,28,1.1098588705062866,0
219,29,1.1029232740402222,0
219,30,-0.03042725659906864,0
219,31,0.572763204574585,0
219,32,0.9001312255859375,0
219,33,0.26243653893470764,0
219,34,-0.32059216499328613,0
219,35,-0.010154953226447105,0
219,36,1.100994348526001,0
219,37,0.5065292119979858,0
219,38,0.9967643022537231,0
219,39,0.6180438995361328,0
219,40,-0.15430332720279694,0
219,41,0.0004739691794384271,0
219,42,0.5171764492988586,0
219,43,-0.02773401513695717,0
219,44,0.31192252039909363,0
219,45,0.2999182939529419,0
219,46,0.44654569029808044,0
219,47,-0.5198584794998169,0
219,48,0.5103588104248047,0
219,49,-0.7658151984214783,0
219,50,0.2031659632921219,0
219,51,0.08295189589262009,0
219,52,-0.3729326128959656,0
219,53,-0.19629108905792236,0
219,54,0.9481945037841797,0
219,55,-0.11431528627872467,0
219,56,-0.4037373960018158,0
219,57,0.048922937363386154,0
219,58,-0.03295590728521347,0
219,59,-0.38598743081092834,0
219,60,1.5566049814224243,0
219,61,-0.6780242919921875,0
219,62,1.2305495738983154,0
219,63,-0.8040634989738464,0
219,64,0.014151385053992271,0
219,65,1.1311683654785156,0
219,66,0.973952054977417,0
219,67,-0.4626185894012451,0
219,68,-0.13788121938705444,0
219,69,-0.24593780934810638,0
219,70,-0.042133841663599014,0
219,71,-0.337921679019928,0
219,72,-0.028392961248755455,0
219,73,-0.4310336112976074,0
219,74,-0.12596750259399414,0
219,75,-0.09708674252033234,0
219,76,0.5884603261947632,0
219,77,-0.47525614500045776,0
219,78,-0.6544240117073059,0
219,79,-0.7083409428596497,0
219,80,0.5042080879211426,0
219,81,-0.050930485129356384,0
219,82,-0.7775571346282959,0
219,83,0.22513896226882935,0
219,84,0.5656840205192566,0
219,85,1.3076138496398926,0
219,86,0.34693214297294617,0
219,87,-0.7710381746292114,0
219,88,0.7675233483314514,0
219,89,0.05188734456896782,0
219,90,-0.14324244856834412,0
219,91,0.6021544933319092,0
219,92,0.7295644879341125,0
219,93,0.0690273717045784,0
219,94,-0.857556939125061,0
219,95,0.08549772948026657,0
219,96,-0.22608309984207153,0
219,97,-0.5573875904083252,0
219,98,0.036379337310791016,0
219,99,-0.25407251715660095,0
219,100,-0.24230672419071198,0
219,101,1.0110057592391968,0
219,102,0.40697944164276123,0
219,103,-0.43407171964645386,0
219,104,1.1760175228118896,0
219,105,0.9384781718254089,0
219,106,0.1598687618970871,0
219,107,0.05816100910305977,0
219,108,0.38122105598449707,0
219,109,0.23013342916965485,0
219,110,-0.2075437605381012,0
219,111,1.207151174545288,0
219,112,0.4629289209842682,0
219,113,0.2587268650531769,0
219,114,1.1427901983261108,0
219,115,1.1867283582687378,0
219,116,0.539449155330658,0
219,117,-0.11449026316404343,0
219,118,-0.5957756042480469,0
219,119,-1.175484299659729,0
219,120,-0.2379269003868103,0
219,121,-0.37190863490104675,0
219,122,0.15609793365001678,0
219,123,0.3349525034427643,0
219,124,0.4115424156188965,0
219,125,-0.6661144495010376,0
219,126,1.322244644165039,0
219,127,0.1789097934961319,0
219,128,-0.5368316173553467,0
219,129,-0.4752749800682068,0
219,130,0.35405340790748596,0
219,131,0.11402076482772827,0
219,132,0.4863892197608948,0
219,133,-0.7368367314338684,0
219,134,0.2168167680501938,0
219,135,0.38950952887535095,0
219,136,0.24806267023086548,0
219,137,0.09621797502040863,0
219,138,-0.27305999398231506,0
219,139,0.7152130007743835,0
219,140,0.330844521522522,0
219,141,0.5487290620803833,0
219,142,-0.15170760452747345,0
219,143,-0.018282948061823845,0
219,144,-0.22896163165569305,0
219,145,-0.7029813528060913,0
219,146,-0.0922425165772438,0
219,147,-0.8294224739074707,0
219,148,-0.2762538194656372,0
219,149,0.14059703052043915,0
219,150,-0.4147675335407257,0
219,151,0.7232317328453064,0
219,152,-1.444049596786499,0
219,153,-0.035076484084129333,0
219,154,0.4070185720920563,0
219,155,-0.9405136704444885,0
219,156,-0.18845757842063904,0
219,157,0.8210269212722778,0
219,158,-0.017926231026649475,0
219,159,-0.2003292739391327,0
219,160,-1.109420895576477,0
219,161,1.1134841442108154,0
219,162,0.28626686334609985,0
219,163,0.3598252832889557,0
219,164,0.07430507242679596,0
219,165,-0.4948078393936157,0
219,166,0.35671111941337585,0
219,167,-1.0485785007476807,0
219,168,0.2825515568256378,0
219,169,0.3624556064605713,0
219,170,1.577052116394043,0
219,171,-0.134128138422966,0
219,172,0.4234435558319092,0
219,173,-0.07976790517568588,0
219,174,0.2785441279411316,0
219,175,0.20171360671520233,0
219,176,0.014884689822793007,0
219,177,1.0336235761642456,0
219,178,-0.01831267587840557,0
219,179,-0.6640076637268066,0
219,180,0.8274661898612976,0
219,181,-0.4605535864830017,0
219,182,-0.6122486591339111,0
219,183,0.3197427988052368,0
219,184,0.43337056040763855,0
219,185,-1.0775678157806396,0
219,186,-0.6875206232070923,0
219,187,-0.07448504120111465,0
219,188,0.7675876617431641,0
219,189,0.8778398633003235,0
219,190,0.1526639610528946,0
219,191,0.7280738353729248,0
219,192,-0.33170294761657715,0
219,193,-0.10772824287414551,0
219,194,0.04767158627510071,0
219,195,-0.4827737808227539,0
219,196,0.2712912857532501,0
219,197,-0.06947240233421326,0
219,198,0.03924968093633652,0
219,199,0.3729460835456848,0
219,200,-0.6090835928916931,0
219,201,0.9076135158538818,0
219,202,0.8806495666503906,0
219,203,0.13994890451431274,0
219,204,-0.18897144496440887,0
219,205,-0.34143248200416565,0
219,206,-1.2010537385940552,0
219,207,0.4499569833278656,0
219,208,-0.17868158221244812,0
219,209,1.3083772659301758,0
219,210,0.5982800126075745,0
219,211,-0.6398135423660278,0
219,212,1.046449065208435,0
219,213,0.25903934240341187,0
219,214,-0.4442836344242096,0
219,215,0.1754082292318344,0
219,216,0.158481627702713,0
219,217,1.1552295684814453,0
219,218,-0.542335569858551,0
219,219,-0.006814129650592804,0
219,220,0.8512857556343079,0
219,221,0.6059134006500244,0
219,222,0.7922537922859192,0
219,223,-0.47290197014808655,0
219,224,-0.948833167552948,0
219,225,-0.7565027475357056,0
219,226,-0.02447103150188923,0
219,227,0.6278486847877502,0
219,228,0.04512622579932213,0
219,229,0.7437447905540466,0
219,230,1.0194963216781616,0
219,231,0.1859985589981079,0
219,232,0.5468413233757019,0
219,233,-0.2429274320602417,0
219,234,0.5862759947776794,0
219,235,-0.7974443435668945,0
219,236,0.399414598941803,0
219,237,0.44197559356689453,0
219,238,0.23038901388645172,0
219,239,0.03461853787302971,0
219,240,0.20575246214866638,0
219,241,-0.43363460898399353,0
219,242,0.595550537109375,0
219,243,0.3357127010822296,0
219,244,-0.3361198902130127,0
219,245,1.1874079704284668,0
219,246,0.5505017638206482,0
219,247,-0.13031932711601257,0
219,248,0.5448712706565857,0
219,249,-0.10340335220098495,0
219,250,1.4768544435501099,0
219,251,0.0953579768538475,0
219,252,0.6839545965194702,0
219,253,0.4708378314971924,0
219,254,-0.11517622321844101,0
219,255,0.8242471218109131,0
219,256,0.8026110529899597,0
219,257,0.9715390205383301,0
219,258,-0.2515728771686554,0
219,259,0.2571010887622833,0
219,260,0.6637604832649231,0
219,261,1.4028338193893433,0
219,262,-0.09013833105564117,0
219,263,0.71763676404953,0
219,264,0.3705291748046875,0
219,265,0.7961872816085815,0
219,266,0.039968132972717285,0
219,267,2.462454080581665,0
219,268,-0.22932107746601105,0
219,269,0.5568296313285828,0
219,270,0.17436626553535461,0
219,271,0.2391110509634018,0
219,272,0.4789034128189087,0
219,273,-0.17213433980941772,0
219,274,-0.4184865355491638,0
219,275,-0.25153759121894836,0
219,276,-0.8511297702789307,0
219,277,0.02635912224650383,0
219,278,0.5138866901397705,0
219,279,0.3454655706882477,0
219,280,-0.3860325813293457,0
219,281,-0.2841659486293793,0
219,282,0.19286097586154938,0
219,283,0.5268771052360535,0
219,284,-0.20988187193870544,0
219,285,0.8665376305580139,0
219,286,-0.34592851996421814,0
219,287,0.6364443898200989,0
219,288,0.33576473593711853,0
219,289,-0.04605367034673691,0
219,290,-0.5664457678794861,0
219,291,-0.10585914552211761,0
219,292,0.20337402820587158,0
219,293,-0.13895772397518158,0
219,294,0.8060061931610107,0
219,295,0.5956333875656128,0
219,296,-0.17766441404819489,0
219,297,-0.4681743085384369,0
219,298,-0.1159675270318985,0
219,299,0.230643630027771,0
219,300,-0.5146714448928833,0
219,301,0.14265109598636627,0
219,302,-0.32472777366638184,0
219,303,0.6044755578041077,0
219,304,0.53699791431427,0
219,305,0.15087969601154327,0
219,306,0.9220552444458008,0
219,307,0.38239777088165283,0
219,308,1.0557465553283691,1
219,309,-0.6848387718200684,0
219,310,0.631300151348114,0
219,311,-0.41219013929367065,0
219,312,0.2186529040336609,0
219,313,0.10296348482370377,0
219,314,-0.5420712828636169,0
219,315,-0.5484423637390137,0
219,316,1.2890162467956543,0
219,317,0.40225669741630554,0
219,318,-1.1000562906265259,0
219,319,-0.5548769235610962,0
219,320,0.31137534976005554,0
219,321,-0.10324542224407196,0
219,322,-0.12293177843093872,1
219,323,0.9936208128929138,0
219,324,0.13186544179916382,1
219,325,0.16855694353580475,0
219,326,-0.09771617501974106,0
219,327,0.014665525406599045,0
219,328,1.2881839275360107,0
219,329,0.22808420658111572,0
219,330,0.32977184653282166,0
219,331,1.0043110847473145,0
219,332,0.7123379707336426,0
219,333,0.4497292935848236,0
219,334,0.48479610681533813,0
219,335,-0.17582838237285614,0
219,336,-0.2629874050617218,0
219,337,0.6523417234420776,0
219,338,0.8638895153999329,0
219,339,0.3420921862125397,0
219,340,0.6557016968727112,0
219,341,0.3152407109737396,0
219,342,-0.5973193049430847,0
219,343,0.3798679709434509,0
219,344,0.7358652949333191,0
219,345,0.05950596556067467,0
219,346,-0.15528371930122375,0
219,347,0.5135126709938049,0
219,348,-0.3149247467517853,0
219,349,-0.0858253687620163,0
219,350,0.49734067916870117,0
219,351,-0.2602563798427582,0
219,352,0.20716434717178345,0
219,353,-0.32477083802223206,0
219,354,-0.5452393293380737,0
219,355,-0.10982197523117065,0
219,356,-0.4839605987071991,0
219,357,0.0723172053694725,0
219,358,0.2687343657016754,0
219,359,-0.6898684501647949,0
219,360,0.3372970521450043,0
219,361,0.36943429708480835,0
219,362,0.3309546411037445,0
219,363,0.8389958143234253,0
219,364,-0.5100488066673279,0
219,365,-0.7162078022956848,0
219,366,-0.5302024483680725,0
219,367,0.5357637405395508,0
219,368,0.025830954313278198,0
219,369,0.7172273993492126,0
219,370,0.15541739761829376,0
219,371,0.6347290873527527,0
219,372,0.21998289227485657,0
219,373,0.3331986665725708,0
219,374,-0.08726618438959122,0
219,375,0.5782133936882019,0
219,376,0.027119113132357597,0
219,377,0.9409709572792053,0
219,378,-0.022294992581009865,0
219,379,-0.28542953729629517,0
219,380,0.3959468901157379,0
219,381,0.1136690303683281,0
219,382,-0.33837267756462097,0
219,383,-0.16627274453639984,0
219,384,0.17123042047023773,0
219,385,0.8080587983131409,0
219,386,0.9406206011772156,0
219,387,0.4119499921798706,0
219,388,0.053202178329229355,0
219,389,0.22753195464611053,0
219,390,1.7043590545654297,0
219,391,-0.4117870032787323,0
219,392,0.21380074322223663,0
219,393,0.8065696954727173,0
219,394,1.2407209873199463,0
219,395,0.47923925518989563,0
219,396,-0.866150975227356,0
219,397,0.5079610347747803,0
219,398,0.06802163273096085,0
219,399,0.3232463598251343,0
219,400,1.090200662612915,0
219,401,0.5317087769508362,0
219,402,0.4588882625102997,0
219,403,0.45514366030693054,0
219,404,0.31314510107040405,0
219,405,-0.35482102632522583,0
219,406,-0.7163408398628235,0
219,407,-0.0819726511836052,0
219,408,1.1288652420043945,0
219,409,0.24471265077590942,0
219,410,0.03262157738208771,0
219,411,0.3621123135089874,0
219,412,0.3441971242427826,0
219,413,0.5732036232948303,0
219,414,-0.2708888351917267,0
219,415,-0.18808545172214508,0
219,416,-0.0016611675964668393,0
219,417,0.30217334628105164,0
219,418,0.01034462358802557,0
219,419,-0.2669079601764679,0
219,420,0.2857747972011566,0
219,421,0.09281808137893677,0
219,422,0.6635775566101074,0
219,423,0.0969787985086441,0
219,424,0.34830132126808167,0
219,425,-1.0888718366622925,0
219,426,0.5697110295295715,0
219,427,0.02003384567797184,0
219,428,-0.16933490335941315,0
219,429,-1.2044051885604858,0
219,430,-0.6645462512969971,0
219,431,1.1378846168518066,0
219,432,-0.18536637723445892,0
219,433,-0.6907253861427307,0
219,434,0.13349415361881256,0
219,435,0.5259425044059753,0
219,436,-0.21356995403766632,0
219,437,-0.7557820677757263,0
219,438,-0.34616658091545105,0
219,439,0.09968388825654984,0
219,440,0.5750800967216492,0
219,441,-0.2205217182636261,0
219,442,0.30447420477867126,0
219,443,-0.8762399554252625,0
219,444,-0.3240949213504791,0
219,445,0.48191121220588684,0
219,446,-0.12784616649150848,0
219,447,-0.4383396506309509,0
219,448,1.0176892280578613,0
219,449,-0.24087776243686676,0
219,450,0.6485404372215271,0
219,451,0.45569926500320435,0
219,452,-0.71412593126297,0
219,453,-0.392848938703537,0
219,454,0.38475674390792847,0
219,455,-0.8738940954208374,0
219,456,-0.9809860587120056,0
219,457,-0.7722678184509277,0
219,458,0.19055303931236267,0
219,459,0.1472916454076767,0
219,460,-0.6820778846740723,0
219,461,-0.192162424325943,0
219,462,-0.44660672545433044,0
219,463,0.06863983720541,0
219,464,0.3196249306201935,0
219,465,0.2220514416694641,0
219,466,1.2517703771591187,0
219,467,0.8119686245918274,0
219,468,0.28441473841667175,0
219,469,1.240322232246399,0
219,470,-0.21112188696861267,0
219,471,1.1206783056259155,0
219,472,-0.5368596315383911,0
219,473,-0.6001613736152649,0
219,474,0.29239875078201294,0
219,475,-0.1596706509590149,0
219,476,-0.1194242537021637,0
219,477,-1.1303017139434814,0
219,478,0.4672474265098572,0
219,479,0.11692608892917633,0
219,480,0.3367822766304016,0
219,481,0.5105577111244202,0
219,482,-0.4122745394706726,0
219,483,-0.8309991359710693,0
219,484,0.10369518399238586,0
219,485,0.14842738211154938,0
219,486,-0.9731012582778931,0
219,487,-0.7400542497634888,0
219,488,0.0197039395570755,0
219,489,0.025090480223298073,0
219,490,-0.2644250988960266,0
219,491,0.7576049566268921,0
219,492,0.4190901517868042,0
219,493,-0.06590715050697327,0
219,494,0.11288224160671234,0
219,495,-0.1805676519870758,0
219,496,0.16024665534496307,0
219,497,0.7583835124969482,0
219,498,-0.10353489965200424,0
219,499,-0.6075742244720459,0
219,500,0.07902354747056961,0
219,501,-0.24010814726352692,0
219,502,-1.066056251525879,0
219,503,-0.995084285736084,0
219,504,-0.14273318648338318,0
219,505,-0.7213043570518494,0
219,506,0.7432169318199158,0
219,507,-0.5857049822807312,0
219,508,0.08882395923137665,0
219,509,-0.09706739336252213,0
219,510,-1.1996444463729858,0
219,511,-0.05157146975398064,0
219,512,-0.059491291642189026,0
219,513,-0.6644303202629089,0
219,514,-0.9574013352394104,0
219,515,-0.6005889773368835,0
219,516,-0.7762936949729919,0
219,517,-0.35294049978256226,0
219,518,-0.10416152328252792,0
219,519,0.19331829249858856,0
219,520,-0.11747298389673233,0
219,521,-0.825785219669342,0
219,522,0.15022572875022888,0
219,523,-0.07886285334825516,0
219,524,-0.6157189607620239,0
219,525,0.32402303814888,0
219,526,0.6963266134262085,0
219,527,-0.8433181047439575,0
219,528,-0.06959018856287003,0
219,529,0.22833874821662903,0
219,530,0.7215439677238464,0
219,531,-0.09914033859968185,0
219,532,0.41681715846061707,0
219,533,-0.38426026701927185,0
219,534,0.2438419759273529,0
219,535,1.2320291996002197,0
219,536,-0.5683572888374329,0
219,537,-0.6801694631576538,0
219,538,-0.639017641544342,0
219,539,0.8481690287590027,0
219,540,-0.08118943125009537,0
219,541,-0.011265097185969353,0
219,542,-0.6058019399642944,0
219,543,-0.0063144611194729805,0
219,544,0.39058390259742737,0
219,545,-0.5345613956451416,0
219,546,-0.11422637850046158,0
219,547,0.02158045955002308,0
219,548,0.20634116232395172,0
219,549,0.07251022011041641,0
219,550,-0.3460376262664795,0
219,551,0.4486694633960724,0
219,552,0.41179338097572327,0
219,553,0.5246803760528564,0
219,554,-0.11174911260604858,0
219,555,0.296027809381485,0
219,556,0.6752986907958984,0
219,557,-0.28652364015579224,0
219,558,-0.30633312463760376,0
219,559,0.5315740704536438,0
219,560,-0.33527880907058716,0
219,561,-1.083011269569397,0
219,562,-0.32195162773132324,0
219,563,-1.5194085836410522,0
219,564,-0.453113853931427,0
219,565,-0.07578925788402557,0
219,566,-1.1174795627593994,0
219,567,-0.8414718508720398,0
219,568,-0.040160611271858215,0
219,569,0.4147719144821167,0
219,570,0.3361099064350128,0
219,571,0.259843111038208,0
219,572,-0.7219223976135254,0
219,573,-0.027768893167376518,1
219,574,-0.9939069747924805,0
239,0,0.8370498418807983,0
239,1,0.06044982373714447,0
239,2,-0.6951581239700317,0
239,3,-0.6166979670524597,0
239,4,0.5618129968643188,0
239,5,-2.036634683609009,0
239,6,-0.3366512358188629,0
239,7,0.8699809908866882,0
239,8,-0.40307673811912537,0
239,9,0.49920976161956787,0
239,10,-1.2687369585037231,0
239,11,0.31617286801338196,0
239,12,-0.4559381604194641,0
239,13,-1.1568385362625122,0
239,14,-0.1491818130016327,0
239,15,1.107049584388733,0
239,16,-0.38229477405548096,0
239,17,-0.8995997905731201,0
239,18,0.6852720975875854,0
239,19,0.9116976261138916,0
239,20,1.0993717908859253,0
239,21,-0.36732766032218933,0
239,22,0.02064308524131775,0
239,23,0.0765618234872818,0
239,24,-1.370893120765686,0
239,25,0.1862468719482422,0
239,26,0.05205482244491577,0
239,27,0.515751302242279,0
239,28,-0.13643351197242737,0
239,29,0.2845061421394348,0
239,30,-0.07035476714372635,0
239,31,-1.0609701871871948,0
239,32,-0.005688081029802561,0
239,33,-0.2392646223306656,0
239,34,1.2744455337524414,0
239,35,-0.15216198563575745,0
239,36,-1.5115240812301636,0
239,37,-0.994441032409668,0
239,38,-0.5814102292060852,0
239,39,-0.16546592116355896,0
239,40,1.0826584100723267,0
239,41,-0.30694708228111267,0
239,42,-0.852389931678772,0
239,43,0.1369006484746933,0
239,44,-0.4258103668689728,0
239,45,0.5991103053092957,0
239,46,1.1629527807235718,0
239,47,1.6274160146713257,0
239,48,-0.19889087975025177,0
239,49,0.9525966048240662,0
239,50,0.3946858048439026,0
239,51,0.47320452332496643,0
239,52,0.7207951545715332,0
239,53,-0.3670484125614166,0
239,54,-1.325342059135437,0
239,55,0.5680791735649109,0
239,56,-0.6139582991600037,0
239,57,-0.333622008562088,0
239,58,-0.05300477519631386,0
239,59,-0.935530424118042,0
239,60,-0.7329598665237427,0
239,61,-0.7451262474060059,0
239,62,-1.6738170385360718,0
239,63,0.8809213042259216,0
239,64,-0.7072283625602722,0
239,65,0.22644707560539246,0
239,66,-0.4629506766796112,0
239,67,0.5387547016143799,0
239,68,0.02611600235104561,0
239,69,0.1461428552865982,0
239,70,0.48194071650505066,0
239,71,0.7343257665634155,0
239,72,0.49557018280029297,0
239,73,0.37871450185775757,0
239,74,0.2121409922838211,0
239,75,-1.0378015041351318,0
239,76,-0.5108482241630554,0
239,77,0.16768477857112885,0
239,78,1.5601526498794556,0
239,79,1.3963721990585327,0
239,80,0.37244677543640137,0
239,81,-1.0172326564788818,0
239,82,1.1655120849609375,0
239,83,1.2552803754806519,0
239,84,-1.0534944534301758,0
239,85,-0.3258785605430603,0
239,86,-0.6833582520484924,0
239,87,1.523174524307251,0
239,88,-0.7837635278701782,0
239,89,0.7279635071754456,0
239,90,-0.06719989329576492,0
239,91,0.34438788890838623,0
239,92,0.6036993265151978,0
239,93,0.5267364382743835,0
239,94,1.3873999118804932,0
239,95,0.41440558433532715,0
239,96,-0.07799932360649109,0
239,97,1.5176043510437012,0
239,98,-0.6514216661453247,0
239,99,0.13446736335754395,0
239,100,0.9763301014900208,0
239,101,-0.07367327809333801,0
239,102,-0.7958990335464478,0
239,103,0.6726137399673462,0
239,104,0.13873906433582306,0
239,105,-1.1628738641738892,0
239,106,0.07150040566921234,0
239,107,0.6164444088935852,0
239,108,1.3772940635681152,0
239,109,-0.6564328670501709,0
239,110,-0.2190014123916626,0
239,111,-1.634339690208435,0
239,112,-0.22565507888793945,0
239,113,0.31981295347213745,0
239,114,-0.6357430219650269,0
239,115,-1.5183227062225342,0
239,116,-0.5296570658683777,0
239,117,-0.049852609634399414,0
239,118,0.5057042241096497,0
239,119,0.8504709601402283,0
239,120,0.16541123390197754,0
239,121,0.6405436992645264,0
239,122,-0.5410614013671875,0
239,123,-0.9376943707466125,0
239,124,0.725172758102417,0
239,125,0.5663864016532898,0
239,126,-0.9822617769241333,0
239,127,-0.8446896076202393,0
239,128,0.5791889429092407,0
239,129,0.35827136039733887,0
239,130,0.001060194568708539,0
239,131,-0.39720025658607483,0
239,132,0.3272985816001892,0
239,133,-0.43265441060066223,0
239,134,0.7987048029899597,0
239,135,-0.505602240562439,0
239,136,0.16931919753551483,0
239,137,0.39247047901153564,0
239,138,-0.049108825623989105,0
239,139,-0.3030877113342285,0
239,140,-0.7170284390449524,0
239,141,-0.34476566314697266,0
239,142,0.5222812294960022,0
239,143,-0.02220163308084011,0
239,144,0.698722779750824,0
239,145,-0.20318536460399628,0
239,146,0.4308595657348633,0
239,147,1.0232141017913818,0
239,148,1.112349033355713,0
239,149,0.6995852589607239,0
239,150,1.1181886196136475,0
239,151,-0.8049446940422058,0
239,152,1.249762773513794,0
239,153,-0.7591719627380371,0
239,154,0.44599589705467224,0
239,155,0.6284493803977966,0
239,156,1.5424938201904297,0
239,157,-0.060291439294815063,0
239,158,0.7751685380935669,0
239,159,0.7612485289573669,0
239,160,2.160933256149292,0
239,161,-0.857789158821106,0
239,162,0.2787717878818512,0
239,163,0.4778442084789276,0
239,164,0.007533632684499025,0
239,165,0.6032046675682068,0
239,166,0.6966372132301331,0
239,167,0.15331204235553741,0
239,168,-0.15857569873332977,0
239,169,-1.1829016208648682,0
239,170,-1.1688616275787354,0
239,171,0.04085993766784668,0
239,172,-0.4351789355278015,0
239,173,-0.29623064398765564,0
239,174,-0.3051878809928894,0
239,175,0.8079293966293335,0
239,176,0.21695369482040405,0
239,177,-1.1291301250457764,0
239,178,-0.8839587569236755,0
239,179,-0.08567063510417938,0
239,180,0.21425090730190277,0
239,181,1.1869680881500244,0
239,182,1.6412602663040161,0
239,183,1.0465545654296875,0
239,184,0.46231961250305176,0
239,185,0.4924165904521942,0
239,186,1.1309126615524292,0
239,187,0.6704174280166626,0
239,188,-0.3310663104057312,0
239,189,-0.5907539129257202,0
239,190,-1.0093284845352173,0
239,191,0.11198795586824417,0
239,192,-0.36739322543144226,0
239,193,0.05964142456650734,0
239,194,-1.252905249595642,0
239,195,1.5485343933105469,0
239,196,-0.9852285981178284,0
239,197,-0.014685068279504776,0
239,198,1.23370361328125,0
239,199,1.7744766473770142,0
239,200,1.4001274108886719,0
239,201,-0.390032559633255,0
239,202,0.052054084837436676,0
239,203,0.9735738635063171,0
239,204,0.6260267496109009,0
239,205,0.7795805931091309,0
239,206,1.6835471391677856,0
239,207,-0.26761358976364136,0
239,208,1.6980297565460205,0
239,209,-0.8828410506248474,0
239,210,0.15760794281959534,0
239,211,-0.208585724234581,0
239,212,-0.7386348247528076,0
239,213,0.8273436427116394,0
239,214,0.37011370062828064,0
239,215,0.9304090142250061,0
239,216,0.5061134099960327,0
239,217,-1.1801127195358276,0
239,218,0.32272276282310486,0
239,219,0.768595814704895,0
239,220,-1.1237549781799316,0
239,221,0.006772676482796669,0
239,222,-0.7870677709579468,0
239,223,0.3638547360897064,0
239,224,1.6547974348068237,0
239,225,0.9377209544181824,0
239,226,1.6318917274475098,0
239,227,0.09729436784982681,0
239,228,-0.9734331369400024,0
239,229,-0.5363218784332275,0
239,230,-0.7616491317749023,0
239,231,-0.549037516117096,0
239,232,-0.28534746170043945,0
239,233,-0.623755156993866,0
239,234,-0.015415184199810028,0
239,235,1.1382383108139038,0
239,236,-0.261581689119339,0
239,237,-0.0011574728414416313,0
239,238,0.9033528566360474,0
239,239,0.155589297413826,0
239,240,-0.15464816987514496,0
239,241,0.45762598514556885,0
239,242,0.29310736060142517,0
239,243,-1.106236219406128,0
239,244,0.6487607359886169,0
239,245,-1.204152226448059,0
239,246,-1.0935981273651123,0
239,247,-0.5348117351531982,0
239,248,-0.6943983435630798,0
239,249,0.5506520867347717,0
239,250,-1.0911946296691895,0
239,251,0.4418947100639343,0
239,252,-0.48602455854415894,0
239,253,0.4701700210571289,0
239,254,0.47310033440589905,0
239,255,-0.48896491527557373,0
239,256,-0.15438096225261688,0
239,257,-0.09595629572868347,0
239,258,0.4540022015571594,0
239,259,0.5371095538139343,0
239,260,0.3309611678123474,0
239,261,-0.8889234066009521,0
239,262,0.6183239221572876,0
239,263,-0.11378329992294312,0
239,264,0.9649757146835327,0
239,265,-0.22861248254776,0
239,266,-0.15445424616336823,0
239,267,-0.3061522841453552,0
239,268,1.2564789056777954,0
239,269,1.4941859245300293,0
239,270,-0.11870322376489639,0
239,271,0.9285558462142944,0
239,272,0.18242104351520538,0
239,273,-0.5940245389938354,0
239,274,1.32233464717865,0
239,275,1.367272973060608,0
239,276,3.61318039894104,0
239,277,0.10631441324949265,0
239,278,0.1086968332529068,0
239,279,0.9879618287086487,0
239,280,1.5140372514724731,0
239,281,0.7220991253852844,0
239,282,0.9491479992866516,0
239,283,-0.19360452890396118,0
239,284,0.4011256992816925,0
239,285,-0.4745079576969147,0
239,286,1.7372928857803345,0
239,287,-0.03492879867553711,0
239,288,0.17984284460544586,0
239,289,0.2855553925037384,0
239,290,0.9761975407600403,0
239,291,0.9737459421157837,0
239,292,0.10319440811872482,0
239,293,0.49459338188171387,1
239,294,-0.35593873262405396,0
239,295,-1.1812835931777954,0
239,296,0.5968520641326904,0
239,297,1.2701570987701416,0
239,298,-0.29031360149383545,0
239,299,-0.9000357389450073,1
239,300,1.1586780548095703,0
239,301,0.718097984790802,0
239,302,0.7729408740997314,0
239,303,-0.14532440900802612,0
239,304,-0.11730223149061203,0
239,305,0.21955060958862305,0
239,306,0.4296760857105255,0
239,307,0.1187191903591156,1
239,308,-0.6119044423103333,0
239,309,0.8169057965278625,1
239,310,1.1871410608291626,0
239,311,0.5815593004226685,0
239,312,1.2043344974517822,0
239,313,-0.20378246903419495,0
239,314,-0.7104414701461792,1
239,315,-0.45458003878593445,0
239,316,-0.4947817325592041,0
239,317,-0.25641459226608276,0
239,318,0.18185874819755554,0
239,319,0.7208284139633179,0
239,320,0.36002570390701294,0
239,321,-1.0612361431121826,0
239,322,0.234965980052948,0
239,323,-0.2782188057899475,0
239,324,-0.8454550504684448,0
239,325,-1.249922275543213,0
239,326,0.17060787975788116,0
239,327,1.450530767440796,0
239,328,-0.6017378568649292,0
239,329,-0.22381210327148438,0
239,330,-0.02985900081694126,0
239,331,0.05340821295976639,0
239,332,-0.27329787611961365,0
239,333,0.5386472344398499,0
239,334,-0.40108346939086914,0
239,335,-0.4312547743320465,0
239,336,-0.49419206380844116,0
239,337,0.3435445725917816,0
239,338,-1.1356501579284668,0
239,339,-0.330049604177475,0
239,340,-0.08866830170154572,0
239,341,-0.23814330995082855,0
239,342,0.18543989956378937,0
239,343,-0.16228869557380676,0
239,344,-0.21632251143455505,0
239,345,0.46107929944992065,0
239,346,1.6527979373931885,0
239,347,-0.3467486500740051,0
239,348,0.8242120146751404,0
239,349,0.951197624206543,0
239,350,0.2635822892189026,0
239,351,0.9343104958534241,0
239,352,0.880103349685669,0
239,353,0.7113510370254517,0
239,354,1.6198796033859253,0
239,355,1.2718236446380615,0
239,356,1.7471319437026978,0
239,357,1.8818771839141846,0
239,358,0.49266883730888367,0
239,359,0.9527267813682556,0
239,360,0.8496246337890625,0
239,361,0.5059226751327515,0
239,362,0.33854055404663086,0
239,363,1.0031414031982422,0
239,364,-0.5110745429992676,0
239,365,1.1179757118225098,0
239,366,0.19111241400241852,0
239,367,0.6317611932754517,0
239,368,1.1631214618682861,0
239,369,0.12231104075908661,0
239,370,0.8790244460105896,0
239,371,-0.3748629093170166,0
239,372,0.2912769615650177,0
239,373,0.42418354749679565,0
239,374,-0.006236616522073746,0
239,375,-0.1026010736823082,0
239,376,0.5835449695587158,0
239,377,0.04863714054226875,0
239,378,0.5325575470924377,0
239,379,0.5363437533378601,0
239,380,0.49295175075531006,0
239,381,0.8572084903717041,0
239,382,0.14584021270275116,0
239,383,-0.4707431495189667,0
239,384,0.9317217469215393,0
239,385,0.48756614327430725,0
239,386,0.29501253366470337,0
239,387,-0.17718486487865448,0
239,388,-0.10073895007371902,0
239,389,0.22623704373836517,0
239,390,-0.8040615320205688,0
239,391,-0.07624366134405136,0
239,392,0.06593790650367737,0
239,393,0.23347096145153046,0
239,394,1.3116313219070435,0
239,395,1.0398118495941162,0
239,396,0.7181328535079956,0
239,397,-1.2222316265106201,0
239,398,0.10943078994750977,0
239,399,-0.6772599816322327,0
239,400,-0.5400822162628174,0
239,401,0.17349940538406372,0
239,402,1.1349563598632812,0
239,403,-0.39877042174339294,0
239,404,1.1109412908554077,0
239,405,2.057973623275757,0
239,406,1.4568374156951904,0
239,407,0.08208505809307098,0
239,408,-0.04063599556684494,0
239,409,1.2360999584197998,0
239,410,1.725878357887268,0
239,411,0.41819193959236145,0
239,412,0.29135027527809143,0
239,413,-0.9305284023284912,0
239,414,0.1734354943037033,0
239,415,1.9452502727508545,0
239,416,0.18764092028141022,0
239,417,1.212891936302185,0
239,418,1.3577009439468384,0
239,419,0.7397428154945374,0
239,420,0.6510902047157288,0
239,421,0.927793025970459,0
239,422,0.4792613387107849,0
239,423,1.117858648300171,0
239,424,0.6638239622116089,0
239,425,1.4160246849060059,0
239,426,-0.9074475169181824,0
239,427,-1.4972832202911377,0
239,428,1.3339763879776,0
239,429,1.0547399520874023,0
239,430,0.7372171878814697,0
239,431,-0.06824076175689697,0
239,432,-0.8198950290679932,0
239,433,1.2280383110046387,0
239,434,0.06535245478153229,0
239,435,-0.232559934258461,0
239,436,-0.5079184770584106,0
239,437,-0.06819213926792145,0
239,438,0.03346968814730644,0
239,439,0.41597509384155273,0
239,440,-0.13691069185733795,0
239,441,1.5932589769363403,0
239,442,0.9267982244491577,0
239,443,0.0621001273393631,0
239,444,0.6331952214241028,0
239,445,0.5159416794776917,0
239,446,0.37971729040145874,0
239,447,0.19471511244773865,0
239,448,0.5185776948928833,0
239,449,1.506352424621582,0
239,450,0.12067912518978119,0
239,451,-0.29815372824668884,0
239,452,1.6246644258499146,0
239,453,0.2578223943710327,0
239,454,0.20540760457515717,0
239,455,0.6131277680397034,0
239,456,1.8973923921585083,0
239,457,1.3011633157730103,0
239,458,0.5940049290657043,0
239,459,-0.8140433430671692,0
239,460,0.8458162546157837,0
239,461,1.1015558242797852,0
239,462,1.284781575202942,0
239,463,0.9496529698371887,0
239,464,-0.07535313814878464,0
239,465,-0.9917966723442078,0
239,466,-1.6094294786453247,0
239,467,-0.3349953889846802,0
239,468,0.7296165227890015,0
239,469,-0.39875364303588867,0
239,470,0.19871319830417633,0
239,471,-0.08794460445642471,0
239,472,0.25618237257003784,0
239,473,0.2690315842628479,0
239,474,-0.01375056803226471,0
239,475,0.9647899270057678,0
239,476,0.470965713262558,0
239,477,2.2021191120147705,0
239,478,0.11966090649366379,0
239,479,0.387254536151886,0
239,480,0.4754820764064789,0
239,481,0.39294126629829407,0
239,482,0.2805064916610718,0
239,483,0.6419681310653687,0
239,484,-0.5557378530502319,0
239,485,0.3861216902732849,0
239,486,1.8450939655303955,0
239,487,0.15424427390098572,0
239,488,0.3895142376422882,0
239,489,0.6594510078430176,0
239,490,0.22915609180927277,0
239,491,0.7578100562095642,0
239,492,0.4890763461589813,0
239,493,0.7336677312850952,0
239,494,-0.25524452328681946,0
239,495,-0.351598858833313,0
239,496,-0.5743393301963806,0
239,497,-0.2746582329273224,0
239,498,1.1306729316711426,0
239,499,1.6300946474075317,0
239,500,1.2133126258850098,0
239,501,2.269730806350708,0
239,502,2.4961814880371094,0
239,503,1.901460886001587,0
239,504,0.8688596487045288,0
239,505,0.28470516204833984,0
239,506,0.7737635970115662,0
239,507,1.0578093528747559,0
239,508,0.04895578697323799,0
239,509,0.658402144908905,0
239,510,2.5470123291015625,0
239,511,0.5376124382019043,0
239,512,-0.28389453887939453,0
239,513,0.9117423892021179,0
239,514,1.312517762184143,0
239,515,-0.019236942753195763,0
239,516,1.6871346235275269,0
239,517,1.3907908201217651,0
239,518,-0.05749114975333214,0
239,519,0.2881202697753906,0
239,520,1.1717528104782104,0
239,521,0.5480245351791382,0
239,522,-0.47338417172431946,0
239,523,-0.3280888497829437,0
239,524,0.6802195310592651,0
239,525,0.029507560655474663,0
239,526,0.4767695665359497,0
239,527,1.4261789321899414,0
239,528,-0.19647009670734406,0
239,529,-0.3266576826572418,0
239,530,-0.4327150583267212,0
239,531,-0.9313754439353943,0
239,532,-0.5173354744911194,0
239,533,0.9458649754524231,0
239,534,-0.17118439078330994,0
239,535,-1.4282219409942627,0
239,536,0.8960131406784058,1
239,537,0.77283775806427,0
239,538,1.2553333044052124,0
239,539,0.4543308615684509,0
239,540,1.0594180822372437,0
239,541,1.2174324989318848,0
239,542,0.8771790862083435,0
239,543,0.7299659848213196,0
239,544,-1.3459888696670532,0
239,545,1.453482985496521,0
239,546,1.4462192058563232,0
239,547,0.004156903829425573,0
239,548,-0.38324829936027527,0
239,549,0.48285239934921265,0
239,550,1.2295507192611694,0
239,551,0.7055079340934753,0
239,552,0.1853199005126953,0
239,553,0.3204543888568878,0
239,554,1.1655728816986084,0
239,555,0.2969971299171448,0
239,556,-0.868708610534668,0
239,557,1.536090612411499,0
239,558,1.4605309963226318,0
239,559,0.09526539593935013,0
239,560,1.136650800704956,0
239,561,2.521778106689453,0
239,562,0.5812067985534668,0
239,563,1.2160369157791138,0
239,564,-0.48421576619148254,0
239,565,1.0188491344451904,0
239,566,-0.08806170523166656,0
239,567,2.5542032718658447,0
239,568,0.917302131652832,0
239,569,-0.11514822393655777,0
239,570,0.6387882232666016,0
239,571,-1.6759659051895142,0
239,572,0.7888091802597046,0
239,573,-0.5352503061294556,0
239,574,0.5528862476348877,0
