main_category,title,average_rating,rating_number,features,description,price,images,videos,store,categories,details,parent_asin,bought_together,subtitle,author,source_text
All Beauty,"Organic Sweet Almond Oil and Fractionated Coconut Oil Bundle for Hair and Skin, 100% Pure and Natural, Hexane-Free, Moisturizing, For Healthy Skin, Silky Hair, Multiuse Body Oil, 16 fl. Oz X 2",4.5,167,,,None,"{'hi_res': ['https://m.media-amazon.com/images/I/71Q2P-Qht8L._SL1500_.jpg', 'https://m.media-amazon.com/images/I/712+JBmHxAL._SL1500_.jpg', 'https://m.media-amazon.com/images/I/71sgn3XdLSL._SL1500_.jpg', 'https://m.media-amazon.com/images/I/71IovulGynL._SL1500_.jpg', 'https://m.media-amazon.com/images/I/81Ok7MO64cL._SL1500_.jpg', 'https://m.media-amazon.com/images/I/71VAoV+OuBL._SL1500_.jpg', 'https://m.media-amazon.com/images/I/71AbuLfbdEL._SL1500_.jpg', 'https://m.media-amazon.com/images/I/71bkQgMTX-L._SL1500_.jpg', 'https://m.media-amazon.com/images/I/71FZ4CzyocL._SL1500_.jpg'], 'large': ['https://m.media-amazon.com/images/I/51EnPDcnK4L.jpg', 'https://m.media-amazon.com/images/I/51WeEI2M-IL.jpg', 'https://m.media-amazon.com/images/I/51jAPuIWg9L.jpg', 'https://m.media-amazon.com/images/I/51Uh+Lo8lFL.jpg', 'https://m.media-amazon.com/images/I/51em9CxX7-L.jpg', 'https://m.media-amazon.com/images/I/41THe8eHgFL.jpg', 'https://m.media-amazon.com/images/I/51vXxl+tCrL.jpg', 'https://m.media-amazon.com/images/I/51MV90K6wTL.jpg', 'https://m.media-amazon.com/images/I/51haa9MEVPL.jpg'], 'thumb': ['https://m.media-amazon.com/images/I/51EnPDcnK4L._SS40_.jpg', 'https://m.media-amazon.com/images/I/51WeEI2M-IL._SS40_.jpg', 'https://m.media-amazon.com/images/I/51jAPuIWg9L._SS40_.jpg', 'https://m.media-amazon.com/images/I/51Uh+Lo8lFL._SS40_.jpg', 'https://m.media-amazon.com/images/I/51em9CxX7-L._SS40_.jpg', 'https://m.media-amazon.com/images/I/41THe8eHgFL._SS40_.jpg', 'https://m.media-amazon.com/images/I/51vXxl+tCrL._SS40_.jpg', 'https://m.media-amazon.com/images/I/51MV90K6wTL._SS40_.jpg', 'https://m.media-amazon.com/images/I/51haa9MEVPL._SS40_.jpg'], 'variant': ['MAIN', 'PT01', 'PT02', 'PT03', 'PT04', 'PT05', 'PT06', 'PT07', 'PT08']}","{'title': ['Organic Sweet Almond Oil and Coconut Oil', 'Organic Natural Moisturizing Sweet Almond Oil by Shiny Leaf', 'Rehydrate natural hair #haircare #naturalhair', 'Silky Smooth Coconutty Wonder Oil With So Many Great Uses', 'NOW Solutions, Sweet Almond Oil Review!', 'I use this after waxing, as a hair oil, for derma-planing ', 'Body care routine #skincare #beauty #bodycare ', ""Pura d'or mct fractionated coconut oil review "", 'Sweet Almond Oil Review', ""Our Point of View on PURA D'OR Organic Sweet Almond Oil""], 'url': ['https://www.amazon.com/vdp/78bb9dafd25743beab5b4c4703660a38?ref=dp_vse_rvc_0', 'https://www.amazon.com/vdp/0ee4db59aaec47939c526596e0ae77e0?ref=dp_vse_rvc_1', 'https://www.amazon.com/vdp/095965c4c0ea4f7e81ac3f0a0d1163da?ref=dp_vse_rvc_2', 'https://www.amazon.com/vdp/0dfa5ea42fac45b7978bc8ae0ec7eb8e?ref=dp_vse_rvc_3', 'https://www.amazon.com/vdp/09bd904bc8eb4c70b5863f3c733e627a?ref=dp_vse_rvc_4', 'https://www.amazon.com/vdp/0bdb5b7d51c341fb9a982dda2bd3d5af?ref=dp_vse_rvc_5', 'https://www.amazon.com/vdp/06f18c004866470f8aecdf2c2237ce4f?ref=dp_vse_rvc_6', 'https://www.amazon.com/vdp/03b0a7c0592c4004adaaea0974830c3c?ref=dp_vse_rvc_7', 'https://www.amazon.com/vdp/0ddb5898075d477aaf193b2a98c1ddfc?ref=dp_vse_rvc_8', 'https://www.amazon.com/vdp/07ca56d8eb364fea876a9591ba1c1810?ref=dp_vse_rvc_9'], 'user_id': ['', '', '/shop/influencer-99029ed3', '/shop/startanonlinebusiness', '/shop/influencer-98d451b5', '/shop/influencer-74e6ffad', '/shop/influencer-99029ed3', '/shop/hlscrystalshop', '/shop/lacouflipse', '/shop/influencer-20a38664']}",Shiny Leaf,,"Brand: Shiny Leaf, Scent: Almond Oil and Fractionated Coconut, Item Form: Oil, Unit Count: 32.00 Fl Oz, Number of Items: 2, Package Dimensions: 8.62 x 5.04 x 2.48 inches; 2.23 Pounds, UPC: 781584950669",B08LYT4Q2X,,,,"Parent ASIN: B08LYT4Q2X; Title: Organic Sweet Almond Oil and Fractionated Coconut Oil Bundle for Hair and Skin, 100% Pure and Natural, Hexane-Free, Moisturizing, For Healthy Skin, Silky Hair, Multiuse Body Oil, 16 fl. Oz X 2; Author: *; Description: *; Features: * - Details: Brand: Shiny Leaf, Scent: Almond Oil and Fractionated Coconut, Item Form: Oil, Unit Count: 32.00 Fl Oz, Number of Items: 2, Package Dimensions: 8.62 x 5.04 x 2.48 inches; 2.23 Pounds, UPC: 781584950669; Store: Store: Shiny Leaf; Categories: *; Price: Price: None;"
All Beauty,"Empty Brown Glass Spray Bottles2-Pack, Refillable 16 oz Containers for Essential Oils, Cleaning Products, Aromatherapy, Misting Plants, or Cooking - Reliable Sprayer with Mist and Stream Settings",3.7,53,,,None,"{'hi_res': ['https://m.media-amazon.com/images/I/71GmkmQoOxL._SL1500_.jpg', 'https://m.media-amazon.com/images/I/711gRnIDmJL._SL1500_.jpg', 'https://m.media-amazon.com/images/I/71OZDbJypUL._SL1500_.jpg', 'https://m.media-amazon.com/images/I/71GquO3wiML._SL1500_.jpg', 'https://m.media-amazon.com/images/I/71PkFmro2hL._SL1500_.jpg', 'https://m.media-amazon.com/images/I/71t93MTFl2L._SL1500_.jpg', 'https://m.media-amazon.com/images/I/61wJR6kAlcL._SL1500_.jpg', 'https://m.media-amazon.com/images/I/61pI1yDT5EL._SL1500_.jpg'], 'large': ['https://m.media-amazon.com/images/I/41gYFHrqp2L.jpg', 'https://m.media-amazon.com/images/I/51B6iOhoyzL.jpg', 'https://m.media-amazon.com/images/I/51Wno6qyoeL.jpg', 'https://m.media-amazon.com/images/I/51HJwtFX7RL.jpg', 'https://m.media-amazon.com/images/I/51TAncklhwL.jpg', 'https://m.media-amazon.com/images/I/51J186wJ1rL.jpg', 'https://m.media-amazon.com/images/I/31P3esCAGwL.jpg', 'https://m.media-amazon.com/images/I/31MCSc7cH7L.jpg'], 'thumb': ['https://m.media-amazon.com/images/I/41gYFHrqp2L._SS40_.jpg', 'https://m.media-amazon.com/images/I/51B6iOhoyzL._SS40_.jpg', 'https://m.media-amazon.com/images/I/51Wno6qyoeL._SS40_.jpg', 'https://m.media-amazon.com/images/I/51HJwtFX7RL._SS40_.jpg', 'https://m.media-amazon.com/images/I/51TAncklhwL._SS40_.jpg', 'https://m.media-amazon.com/images/I/51J186wJ1rL._SS40_.jpg', 'https://m.media-amazon.com/images/I/31P3esCAGwL._SS40_.jpg', 'https://m.media-amazon.com/images/I/31MCSc7cH7L._SS40_.jpg'], 'variant': ['MAIN', 'PT01', 'PT02', 'PT04', 'PT05', 'PT06', 'PT07', 'PT08']}","{'title': ['Good Quality for the Price', 'Nice large sized tinted sprayers'], 'url': ['https://www.amazon.com/vdp/fc77702fa4874a60b049ab9b2bbbdacd?ref=dp_vse_rvc_0', 'https://www.amazon.com/vdp/4e80c3d5442d483b9a4a81e5941a837e?ref=dp_vse_rvc_1'], 'user_id': ['AF6QUIJPSDOOQCV6NMZNLJ2JEIMQ', 'AEYTUSUTYO3QUPOWNQQVCMKKDJ4Q']}",Cherry,,"Brand: Cherry, Material: Glass, Capacity: 16 Ounces, Number of Items: 2, Product Care Instructions: Hand Wash Only, Package Dimensions: 9.09 x 6.46 x 3.35 inches; 4.94 Ounces, UPC: 791523234187",B089CSF11Y,,,,"Parent ASIN: B089CSF11Y; Title: Empty Brown Glass Spray Bottles2-Pack, Refillable 16 oz Containers for Essential Oils, Cleaning Products, Aromatherapy, Misting Plants, or Cooking - Reliable Sprayer with Mist and Stream Settings; Author: *; Description: *; Features: * - Details: Brand: Cherry, Material: Glass, Capacity: 16 Ounces, Number of Items: 2, Product Care Instructions: Hand Wash Only, Package Dimensions: 9.09 x 6.46 x 3.35 inches; 4.94 Ounces, UPC: 791523234187; Store: Store: Cherry; Categories: *; Price: Price: None;"
All Beauty,JPNK 4PCS Anti-Static Detangling Fine & Wide Tooth Shower Comb Set,4.1,58,,,None,"{'hi_res': ['https://m.media-amazon.com/images/I/71xqMeRq4VL._SL1500_.jpg', 'https://m.media-amazon.com/images/I/71oXDOAhvbL._SL1500_.jpg', 'https://m.media-amazon.com/images/I/715auay2ZvL._SL1500_.jpg', 'https://m.media-amazon.com/images/I/71g5tfoBi1L._SL1500_.jpg', 'https://m.media-amazon.com/images/I/71xkOIzMhEL._SL1500_.jpg', 'https://m.media-amazon.com/images/I/71MnypPbasL._SL1500_.jpg', 'https://m.media-amazon.com/images/I/61aIA+W6tWL._SL1500_.jpg', 'https://m.media-amazon.com/images/I/71j18LLZE3L._SL1500_.jpg'], 'large': ['https://m.media-amazon.com/images/I/51k5fHmCzlL.jpg', 'https://m.media-amazon.com/images/I/51atkcJ+rCL.jpg', 'https://m.media-amazon.com/images/I/51uUB-UyZxL.jpg', 'https://m.media-amazon.com/images/I/41o4I2VPOwL.jpg', 'https://m.media-amazon.com/images/I/51WEVRCfzDL.jpg', 'https://m.media-amazon.com/images/I/512ygG5APTL.jpg', 'https://m.media-amazon.com/images/I/41iI97WuqPL.jpg', 'https://m.media-amazon.com/images/I/51gZg837boL.jpg'], 'thumb': ['https://m.media-amazon.com/images/I/51k5fHmCzlL._SS40_.jpg', 'https://m.media-amazon.com/images/I/51atkcJ+rCL._SS40_.jpg', 'https://m.media-amazon.com/images/I/51uUB-UyZxL._SS40_.jpg', 'https://m.media-amazon.com/images/I/41o4I2VPOwL._SS40_.jpg', 'https://m.media-amazon.com/images/I/51WEVRCfzDL._SS40_.jpg', 'https://m.media-amazon.com/images/I/512ygG5APTL._SS40_.jpg', 'https://m.media-amazon.com/images/I/41iI97WuqPL._SS40_.jpg', 'https://m.media-amazon.com/images/I/51gZg837boL._SS40_.jpg'], 'variant': ['MAIN', 'PT01', 'PT02', 'PT03', 'PT04', 'PT05', 'PT06', 'PT07']}","{'title': [], 'url': [], 'user_id': []}",JPNK,,"Material: Plastic, Brand: JPNK, Hair Type: Wavy,Straight, Unit Count: 1.00 Count, Package Dimensions: 12 x 3.1 x 0.7 inches; 5.61 Ounces",B081ZN3TD5,,,,"Parent ASIN: B081ZN3TD5; Title: JPNK 4PCS Anti-Static Detangling Fine & Wide Tooth Shower Comb Set; Author: *; Description: *; Features: * - Details: Material: Plastic, Brand: JPNK, Hair Type: Wavy,Straight, Unit Count: 1.00 Count, Package Dimensions: 12 x 3.1 x 0.7 inches; 5.61 Ounces; Store: Store: JPNK; Categories: *; Price: Price: None;"
All Beauty,"TULA Probiotic Skin Care Supersize 24-7 Moisture Hydrating Day & Night Cream | Holiday 2020, Ageless is the New Anti-Aging, Face Cream, Contains Watermelon Fruit and Blueberry Extract | 3.4 oz",4.7,149,,,None,"{'hi_res': ['https://m.media-amazon.com/images/I/51idezcJd-S._SL1414_.jpg', None, None, None, None, None], 'large': ['https://m.media-amazon.com/images/I/31YBvSrHx1S.jpg', 'https://m.media-amazon.com/images/I/31SKCwtvaDS.jpg', 'https://m.media-amazon.com/images/I/21ptfvvexzS.jpg', 'https://m.media-amazon.com/images/I/31cRZhhEkPS.jpg', 'https://m.media-amazon.com/images/I/418i178uduS.jpg', 'https://m.media-amazon.com/images/I/41IbKWmTBRS.jpg'], 'thumb': ['https://m.media-amazon.com/images/I/31YBvSrHx1S._SS40_.jpg', 'https://m.media-amazon.com/images/I/31SKCwtvaDS._SS40_.jpg', 'https://m.media-amazon.com/images/I/21ptfvvexzS._SS40_.jpg', 'https://m.media-amazon.com/images/I/31cRZhhEkPS._SS40_.jpg', 'https://m.media-amazon.com/images/I/418i178uduS._SS40_.jpg', 'https://m.media-amazon.com/images/I/41IbKWmTBRS._SS40_.jpg'], 'variant': ['MAIN', 'PT01', 'PT02', 'PT03', 'PT05', 'PT06']}","{'title': [], 'url': [], 'user_id': []}",TULA,,"Brand: TULA, Scent: Watermelon, Item Form: Cream, Unit Count: 3.4 Ounce, Number of Items: 1, Package Dimensions: 5.43 x 5.16 x 3.43 inches; 3.4 Ounces, UPC: 850014698355",B08WF29DM9,,,,"Parent ASIN: B08WF29DM9; Title: TULA Probiotic Skin Care Supersize 24-7 Moisture Hydrating Day & Night Cream | Holiday 2020, Ageless is the New Anti-Aging, Face Cream, Contains Watermelon Fruit and Blueberry Extract | 3.4 oz; Author: *; Description: *; Features: * - Details: Brand: TULA, Scent: Watermelon, Item Form: Cream, Unit Count: 3.4 Ounce, Number of Items: 1, Package Dimensions: 5.43 x 5.16 x 3.43 inches; 3.4 Ounces, UPC: 850014698355; Store: Store: TULA; Categories: *; Price: Price: None;"
All Beauty,"Claw Hair Clips, IKOCO 6 Pack Jaw Clips Stylish Matte Plastic Strong Hold Hair Clamps Box Packaged for Thin Fine Hair with 10Pcs Black Hair ties (2.4Inch)",4.4,122,,,None,"{'hi_res': ['https://m.media-amazon.com/images/I/81YPB6xp8WL._SL1500_.jpg', 'https://m.media-amazon.com/images/I/71scFT2wxML._SL1500_.jpg', 'https://m.media-amazon.com/images/I/61eMH7JydDL._SL1000_.jpg', 'https://m.media-amazon.com/images/I/71y7QKFpLzL._SL1500_.jpg', 'https://m.media-amazon.com/images/I/71S8lh3vxaL._SL1500_.jpg', 'https://m.media-amazon.com/images/I/71fCIMgUH+L._SL1500_.jpg', 'https://m.media-amazon.com/images/I/61RYgrnaGkL._SL1500_.jpg'], 'large': ['https://m.media-amazon.com/images/I/51ifQCm6WjL.jpg', 'https://m.media-amazon.com/images/I/41Cu3G57KML.jpg', 'https://m.media-amazon.com/images/I/51gddl4d3RL.jpg', 'https://m.media-amazon.com/images/I/51J9YGGF3+L.jpg', 'https://m.media-amazon.com/images/I/41kMYISdkfL.jpg', 'https://m.media-amazon.com/images/I/51Zw2vwNgnL.jpg', 'https://m.media-amazon.com/images/I/41hkG-nMLhL.jpg'], 'thumb': ['https://m.media-amazon.com/images/I/51ifQCm6WjL._SS40_.jpg', 'https://m.media-amazon.com/images/I/41Cu3G57KML._SS40_.jpg', 'https://m.media-amazon.com/images/I/51gddl4d3RL._SS40_.jpg', 'https://m.media-amazon.com/images/I/51J9YGGF3+L._SS40_.jpg', 'https://m.media-amazon.com/images/I/41kMYISdkfL._SS40_.jpg', 'https://m.media-amazon.com/images/I/51Zw2vwNgnL._SS40_.jpg', 'https://m.media-amazon.com/images/I/41hkG-nMLhL._SS40_.jpg'], 'variant': ['MAIN', 'PT01', 'PT02', 'PT03', 'PT04', 'PT05', 'PT06']}","{'title': ['Love them! Holds my long hair all day long!', 'Octopus Claw Clips'], 'url': ['https://www.amazon.com/vdp/06e357d4ab1845d38ee04506bcc158bb?ref=dp_vse_rvc_0', 'https://www.amazon.com/vdp/0d6e22c53d78497da6e17cb795f694f0?ref=dp_vse_rvc_1'], 'user_id': ['AHPXV3JAI2QAMKKEKACCX5BCZXSA', '']}",IKOCO,,"Brand: IKOCO, Hair Type: Fine, Color: Green,Grey, Age Range (Description): Adult, Material: Plastic, Metal, Acrylic, Product Dimensions: 6.25 x 4.25 x 2 inches; 5.89 Ounces",B08HMLXW65,,,,"Parent ASIN: B08HMLXW65; Title: Claw Hair Clips, IKOCO 6 Pack Jaw Clips Stylish Matte Plastic Strong Hold Hair Clamps Box Packaged for Thin Fine Hair with 10Pcs Black Hair ties (2.4Inch); Author: *; Description: *; Features: * - Details: Brand: IKOCO, Hair Type: Fine, Color: Green,Grey, Age Range (Description): Adult, Material: Plastic, Metal, Acrylic, Product Dimensions: 6.25 x 4.25 x 2 inches; 5.89 Ounces; Store: Store: IKOCO; Categories: *; Price: Price: None;"
All Beauty,"Facial Kit For Women - Includes Facial Mask, Facial Makeup Wipes, Nose Strips, Facial Cleansers, Facial- Self Care Package For Women (Multivitamin Facial Kit)",4.5,26,,,None,"{'hi_res': ['https://m.media-amazon.com/images/I/81FHBmTeRYL._SL1500_.jpg', None, 'https://m.media-amazon.com/images/I/616HD4aB+jL._SL1200_.jpg', 'https://m.media-amazon.com/images/I/61ITW7hiOML._SL1230_.jpg', None, 'https://m.media-amazon.com/images/I/71O1z8ABHiL._SL1500_.jpg'], 'large': ['https://m.media-amazon.com/images/I/51L4Zn86bgL.jpg', 'https://m.media-amazon.com/images/I/41XtzN5+6YL.jpg', 'https://m.media-amazon.com/images/I/31oPDhmcqlL.jpg', 'https://m.media-amazon.com/images/I/41pcbsWHokL.jpg', 'https://m.media-amazon.com/images/I/4103sjw0jdL.jpg', 'https://m.media-amazon.com/images/I/319qO4UTwLL.jpg'], 'thumb': ['https://m.media-amazon.com/images/I/51L4Zn86bgL._SS40_.jpg', 'https://m.media-amazon.com/images/I/41XtzN5+6YL._SS40_.jpg', 'https://m.media-amazon.com/images/I/31oPDhmcqlL._SS40_.jpg', 'https://m.media-amazon.com/images/I/41pcbsWHokL._SS40_.jpg', 'https://m.media-amazon.com/images/I/4103sjw0jdL._SS40_.jpg', 'https://m.media-amazon.com/images/I/319qO4UTwLL._SS40_.jpg'], 'variant': ['MAIN', 'PT01', 'PT05', 'PT06', 'PT07', 'PT08']}","{'title': [], 'url': [], 'user_id': []}",Golden Gift Box,,"Brand: Golden Gift Box, Item Form: Wipes, Skin Type: All, Special Feature: Not Tested On Animals, Unit Count: 1.00 Count, Product Dimensions: 9 x 9 x 3 inches; 2.47 Pounds, UPC: 758176585684",B08BF4BKKM,,,,"Parent ASIN: B08BF4BKKM; Title: Facial Kit For Women - Includes Facial Mask, Facial Makeup Wipes, Nose Strips, Facial Cleansers, Facial- Self Care Package For Women (Multivitamin Facial Kit); Author: *; Description: *; Features: * - Details: Brand: Golden Gift Box, Item Form: Wipes, Skin Type: All, Special Feature: Not Tested On Animals, Unit Count: 1.00 Count, Product Dimensions: 9 x 9 x 3 inches; 2.47 Pounds, UPC: 758176585684; Store: Store: Golden Gift Box; Categories: *; Price: Price: None;"
All Beauty,"Reusable Shower Cap for Women – Leakproof, Nonslip Hair Cap for Shower w/ Comfy Flexiband – Soft, Breathable Shower Caps for Women Reusable Waterproof – Durable, Heavy Duty Shower Cap by SMPL OBJECTS (Marble)",4.5,1210,"'DON’T RISK RUINING YOUR HAIRSTYLE with LEAKY plastic hair caps that DON’T FIT. The SMPL OBJECTS Shower Cap is uniquely designed with our LEAKPROOF, nonslip silicone Forehead Strip, keeping your waterproof shower cap SECURELY IN PLACE without leaving creases. Made to fit head sizes up to a 24” circumference, this hair shower cap features our elastic Flexiband for THE PERFECT COMFY FIT.', 'THE AVERAGE SHOWER HAIR CAP is poorly made with flimsy materials, FALLING APART after a few uses. Crafted out of DURABLE, 100% waterproof polyester with a LIGHTWEIGHT, BREATHABLE feel, our washable shower cap is SOFT TO THE TOUCH and resistant to wrinkling & tearing. So you can count on it for LONG-LASTING PROTECTION against moisture – and say buh-bye to the WASTEFUL CYCLE of plastic hair caps.', 'MAKE EVERY SHOWER A LUXURY – Our quality-made womens shower caps help MAINTAIN YOUR BLOWOUT, natural curls, or whatever hairstyle you rock by LOCKING OUT MOISTURE in the shower. Not only will your follicles benefit from LESS FREQUENT WASHINGS, our shower bonnet will also eliminate the EXTRA TOUCH-UPS you would normally have to do post-shower – SAVING TIME, and saving your mane from EXCESS HEAT.', 'THE ULTIMATE BEAUTY GIFT – in a CHIC, CHARMING PACKAGE. In your choice of 5 VIBRANT PATTERNS, this shower cap for long hair, medium hair, and short hair has a gorgeous retro look that’s SLEEK & STREAMLINED compared to other bulky hair caps for women. Our head cap bonnets make perfect STOCKING STUFFERS, White Elephant gifts, birthday gifts for Mom, or centerpieces for a luxurious SPA GIFT BASKET!', 'At SMPL OBJECTS, we believe self-care is essential to your wellness and beauty – inside and out. As a woman-owned, woman-operated business based in Toronto, we make our reusable shower caps with only the best materials and craftsmanship. Your satisfaction is our top priority. If you don’t love your adult shower cap, our team is standing by to help.FRIENDLY: Go green with this washable, reusable shower cap that helps protect the environment.'",,19.99,"{'hi_res': ['https://m.media-amazon.com/images/I/818WOqL8zOL._SL1500_.jpg', 'https://m.media-amazon.com/images/I/81W5Sd1EzSL._SL1500_.jpg', 'https://m.media-amazon.com/images/I/81hGbrYRZvL._SL1500_.jpg', 'https://m.media-amazon.com/images/I/81RoeWvNpkL._SL1500_.jpg', 'https://m.media-amazon.com/images/I/71aBzMuYY0L._SL1500_.jpg', 'https://m.media-amazon.com/images/I/71T+D1Vwm9L._SL1500_.jpg'], 'large': ['https://m.media-amazon.com/images/I/51nDvSc1SdL.jpg', 'https://m.media-amazon.com/images/I/51qzIVl5-dL.jpg', 'https://m.media-amazon.com/images/I/519FGPwCIkL.jpg', 'https://m.media-amazon.com/images/I/51Slgc0sswL.jpg', 'https://m.media-amazon.com/images/I/41zI2HN1JOL.jpg', 'https://m.media-amazon.com/images/I/41y-pTbW7iL.jpg'], 'thumb': ['https://m.media-amazon.com/images/I/51nDvSc1SdL._SS40_.jpg', 'https://m.media-amazon.com/images/I/51qzIVl5-dL._SS40_.jpg', 'https://m.media-amazon.com/images/I/519FGPwCIkL._SS40_.jpg', 'https://m.media-amazon.com/images/I/51Slgc0sswL._SS40_.jpg', 'https://m.media-amazon.com/images/I/41zI2HN1JOL._SS40_.jpg', 'https://m.media-amazon.com/images/I/41y-pTbW7iL._SS40_.jpg'], 'variant': ['MAIN', 'PT01', 'PT02', 'PT03', 'PT04', 'PT05']}","{'title': ['Reusable shower cap from SMPL OBJECTS', 'Why I love this shower cap '], 'url': ['https://www.amazon.com/vdp/0c24c716b24e4cd887c70eb1e6b74c79?ref=dp_vse_rvc_0', 'https://www.amazon.com/vdp/08cdb6549e59474ea247fcf0bad4c313?ref=dp_vse_rvc_1'], 'user_id': ['', '/shop/kylielandis']}",SMPL objects,,"Brand: SMPL objects, Material: Polyester, Age Range (Description): Adult, Pattern: Marble, Number of Items: 1, Package Dimensions: 9.21 x 6.97 x 0.67 inches; 0.63 Ounces, Manufacturer: SMPL Objects, Country of Origin: China",B09GNXK3N1,,,,"Parent ASIN: B09GNXK3N1; Title: Reusable Shower Cap for Women – Leakproof, Nonslip Hair Cap for Shower w/ Comfy Flexiband – Soft, Breathable Shower Caps for Women Reusable Waterproof – Durable, Heavy Duty Shower Cap by SMPL OBJECTS (Marble); Author: *; Description: *; Features: Features: 'DON’T RISK RUINING YOUR HAIRSTYLE with LEAKY plastic hair caps that DON’T FIT. The SMPL OBJECTS Shower Cap is uniquely designed with our LEAKPROOF, nonslip silicone Forehead Strip, keeping your waterproof shower cap SECURELY IN PLACE without leaving creases. Made to fit head sizes up to a 24” circumference, this hair shower cap features our elastic Flexiband for THE PERFECT COMFY FIT.', 'THE AVERAGE SHOWER HAIR CAP is poorly made with flimsy materials, FALLING APART after a few uses. Crafted out of DURABLE, 100% waterproof polyester with a LIGHTWEIGHT, BREATHABLE feel, our washable shower cap is SOFT TO THE TOUCH and resistant to wrinkling & tearing. So you can count on it for LONG-LASTING PROTECTION against moisture – and say buh-bye to the WASTEFUL CYCLE of plastic hair caps.', 'MAKE EVERY SHOWER A LUXURY – Our quality-made womens shower caps help MAINTAIN YOUR BLOWOUT, natural curls, or whatever hairstyle you rock by LOCKING OUT MOISTURE in the shower. Not only will your follicles benefit from LESS FREQUENT WASHINGS, our shower bonnet will also eliminate the EXTRA TOUCH-UPS you would normally have to do post-shower – SAVING TIME, and saving your mane from EXCESS HEAT.', 'THE ULTIMATE BEAUTY GIFT – in a CHIC, CHARMING PACKAGE. In your choice of 5 VIBRANT PATTERNS, this shower cap for long hair, medium hair, and short hair has a gorgeous retro look that’s SLEEK & STREAMLINED compared to other bulky hair caps for women. Our head cap bonnets make perfect STOCKING STUFFERS, White Elephant gifts, birthday gifts for Mom, or centerpieces for a luxurious SPA GIFT BASKET!', 'At SMPL OBJECTS, we believe self-care is essential to your wellness and beauty – inside and out. As a woman-owned, woman-operated business based in Toronto, we make our reusable shower caps with only the best materials and craftsmanship. Your satisfaction is our top priority. If you don’t love your adult shower cap, our team is standing by to help.FRIENDLY: Go green with this washable, reusable shower cap that helps protect the environment.' - Details: Brand: SMPL objects, Material: Polyester, Age Range (Description): Adult, Pattern: Marble, Number of Items: 1, Package Dimensions: 9.21 x 6.97 x 0.67 inches; 0.63 Ounces, Manufacturer: SMPL Objects, Country of Origin: China; Store: Store: SMPL objects; Categories: *; Price: Price: 19.99;"
All Beauty,"Pippa Of London Magic Star Eyeshadow Powder Pencil, Long Lasting, Blendable Eye Make Up Stick",4.0,259,"'THE FIRST EYESHADOW POWDER IN A PENCIL\xa0–\xa0 pressed\xa0under\xa0high pressure\xa0into\xa0an\xa0innovative\xa0eye pencil\xa0that goes on\xa0like a dream to give you intense\xa0velvety colour and highlighter that’s easy to blend and\xa0doesn’t smudge or crease', 'INTENSE COLOUR\xa0TO USE WET OR DRY\xa0–\xa0\xa0a\xa0world class formulation, expertly\xa0made\xa0with intense\xa0pigments for\xa0super wearable, vibrant, no fade\xa0colour\xa0that\xa0lasts\xa0all\xa0day', 'EASY TO SHARPEN –\xa0the pencil sharpens quickly and easily without clogging up your sharpener,\xa0to give you\xa0fresh eye shadow powder whenever you need it', 'CRUELTY FREE- All Pippa of London’s\xa0cosmetics are made\xa0to the highest standards of quality using the finest ingredients and are never, ever tested on anim', 'GENUINE\xa0PIPPA OF LONDON\xa0PRODUCT\xa0–\xa0the word-of-mouth cult\xa0brand of\xa0affordable\xa0make up\xa0born out of the creative energy and diverse cultures\xa0of\xa021st\xa0Century London\xa0and loved all over the world'",,20.0,"{'hi_res': ['https://m.media-amazon.com/images/I/91qPhYNZw+L._SL1500_.jpg', 'https://m.media-amazon.com/images/I/9154B5jt8ML._SL1500_.jpg', 'https://m.media-amazon.com/images/I/81RUdqtAxRL._SL1500_.jpg', 'https://m.media-amazon.com/images/I/81ks9vKjmOL._SL1500_.jpg', 'https://m.media-amazon.com/images/I/91HMS1mZbWL._SL1500_.jpg', 'https://m.media-amazon.com/images/I/81KrwFYAy9L._SL1500_.jpg'], 'large': ['https://m.media-amazon.com/images/I/31LRIsi6HxL.jpg', 'https://m.media-amazon.com/images/I/51dqOkvQDEL.jpg', 'https://m.media-amazon.com/images/I/51VAyr-nQ+L.jpg', 'https://m.media-amazon.com/images/I/41p0t8a054L.jpg', 'https://m.media-amazon.com/images/I/513-LqUnzKL.jpg', 'https://m.media-amazon.com/images/I/41rjOdgo2wL.jpg'], 'thumb': ['https://m.media-amazon.com/images/I/31LRIsi6HxL._SS40_.jpg', 'https://m.media-amazon.com/images/I/51dqOkvQDEL._SS40_.jpg', 'https://m.media-amazon.com/images/I/51VAyr-nQ+L._SS40_.jpg', 'https://m.media-amazon.com/images/I/41p0t8a054L._SS40_.jpg', 'https://m.media-amazon.com/images/I/513-LqUnzKL._SS40_.jpg', 'https://m.media-amazon.com/images/I/41rjOdgo2wL._SS40_.jpg'], 'variant': ['MAIN', 'PT01', 'PT02', 'PT03', 'PT04', 'PT07']}","{'title': ['Pippa of London Magic Star Powder Eyeshadow Pencils'], 'url': ['https://www.amazon.com/vdp/dbdc1b830ada4b46833b2b566bce8c0e?ref=dp_vse_rvc_0'], 'user_id': ['']}",Pippa Of London,,"Color: Chalfont 303 \u2013 a shimmering shade of pearl, Brand: Pippa Of London, Item Form: Stick, Pencil, Powder, Finish Type: Shimmery, Special Feature: Not Tested On Animals, Is Discontinued By Manufacturer: No, Package Dimensions: 4.25 x 0.83 x 0.75 inches; 0.35 Ounces, Manufacturer: Pippa of London, Country of Origin: United Kingdom",B08JCX3DL7,,,,"Parent ASIN: B08JCX3DL7; Title: Pippa Of London Magic Star Eyeshadow Powder Pencil, Long Lasting, Blendable Eye Make Up Stick; Author: *; Description: *; Features: Features: 'THE FIRST EYESHADOW POWDER IN A PENCIL\xa0–\xa0 pressed\xa0under\xa0high pressure\xa0into\xa0an\xa0innovative\xa0eye pencil\xa0that goes on\xa0like a dream to give you intense\xa0velvety colour and highlighter that’s easy to blend and\xa0doesn’t smudge or crease', 'INTENSE COLOUR\xa0TO USE WET OR DRY\xa0–\xa0\xa0a\xa0world class formulation, expertly\xa0made\xa0with intense\xa0pigments for\xa0super wearable, vibrant, no fade\xa0colour\xa0that\xa0lasts\xa0all\xa0day', 'EASY TO SHARPEN –\xa0the pencil sharpens quickly and easily without clogging up your sharpener,\xa0to give you\xa0fresh eye shadow powder whenever you need it', 'CRUELTY FREE- All Pippa of London’s\xa0cosmetics are made\xa0to the highest standards of quality using the finest ingredients and are never, ever tested on anim', 'GENUINE\xa0PIPPA OF LONDON\xa0PRODUCT\xa0–\xa0the word-of-mouth cult\xa0brand of\xa0affordable\xa0make up\xa0born out of the creative energy and diverse cultures\xa0of\xa021st\xa0Century London\xa0and loved all over the world' - Details: Color: Chalfont 303 \u2013 a shimmering shade of pearl, Brand: Pippa Of London, Item Form: Stick, Pencil, Powder, Finish Type: Shimmery, Special Feature: Not Tested On Animals, Is Discontinued By Manufacturer: No, Package Dimensions: 4.25 x 0.83 x 0.75 inches; 0.35 Ounces, Manufacturer: Pippa of London, Country of Origin: United Kingdom; Store: Store: Pippa Of London; Categories: *; Price: Price: 20.0;"
All Beauty,"5-Pack Hair Scalp scrubber Massager Shampoo Brush for Straight Curly Long Short Thick Thin Wet Dry Hair, Men Women Kids Scalp Care Hair Cleaning Shower, Scalp Care Brush,100% comfortable",4.3,40,,,None,"{'hi_res': ['https://m.media-amazon.com/images/I/61uXkJg19vL._SL1500_.jpg', 'https://m.media-amazon.com/images/I/71G12nSYOSL._SL1500_.jpg', 'https://m.media-amazon.com/images/I/711ALR9xE2L._SL1500_.jpg', 'https://m.media-amazon.com/images/I/71LmRctvEyL._SL1500_.jpg', 'https://m.media-amazon.com/images/I/71-JKvwYH2L._SL1500_.jpg', 'https://m.media-amazon.com/images/I/71wZbXivmIL._SL1500_.jpg', 'https://m.media-amazon.com/images/I/81vgCEYzZ5L._SL1500_.jpg'], 'large': ['https://m.media-amazon.com/images/I/41EyNlhyNoL.jpg', 'https://m.media-amazon.com/images/I/51z6UJ7f8QL.jpg', 'https://m.media-amazon.com/images/I/41aE713wJAL.jpg', 'https://m.media-amazon.com/images/I/517FRxs5uEL.jpg', 'https://m.media-amazon.com/images/I/51NaTXTPWjL.jpg', 'https://m.media-amazon.com/images/I/51V6PtFVyoL.jpg', 'https://m.media-amazon.com/images/I/514zYAq3zPL.jpg'], 'thumb': ['https://m.media-amazon.com/images/I/41EyNlhyNoL._SS40_.jpg', 'https://m.media-amazon.com/images/I/51z6UJ7f8QL._SS40_.jpg', 'https://m.media-amazon.com/images/I/41aE713wJAL._SS40_.jpg', 'https://m.media-amazon.com/images/I/517FRxs5uEL._SS40_.jpg', 'https://m.media-amazon.com/images/I/51NaTXTPWjL._SS40_.jpg', 'https://m.media-amazon.com/images/I/51V6PtFVyoL._SS40_.jpg', 'https://m.media-amazon.com/images/I/514zYAq3zPL._SS40_.jpg'], 'variant': ['MAIN', 'PT01', 'PT02', 'PT03', 'PT04', 'PT05', 'PT06']}","{'title': ['Sturdy Enough to Clean the Scalp Without Hurting', 'Good Value'], 'url': ['https://www.amazon.com/vdp/9d86be08ce6844f4adc5be4bf9353be5?ref=dp_vse_rvc_0', 'https://www.amazon.com/vdp/0cf7690ce2a4478991e0e02153b67a32?ref=dp_vse_rvc_1'], 'user_id': ['AHIXRRU4KQGTHGVOB2QA4PV3OSWA', 'AFI4HWN6H2ALLOFWTTHBQBE353KA']}",Teqifu,,"Material: Silicone, Brand: Teqifu, Color: Pink, Blue, Package Dimensions: 8.78 x 7.68 x 2.87 inches; 8.78 Ounces, UPC: 608571756465, Manufacturer: Teqifu",B08SQ31H8P,,,,"Parent ASIN: B08SQ31H8P; Title: 5-Pack Hair Scalp scrubber Massager Shampoo Brush for Straight Curly Long Short Thick Thin Wet Dry Hair, Men Women Kids Scalp Care Hair Cleaning Shower, Scalp Care Brush,100% comfortable; Author: *; Description: *; Features: * - Details: Material: Silicone, Brand: Teqifu, Color: Pink, Blue, Package Dimensions: 8.78 x 7.68 x 2.87 inches; 8.78 Ounces, UPC: 608571756465, Manufacturer: Teqifu; Store: Store: Teqifu; Categories: *; Price: Price: None;"
All Beauty,"JDO Eyelash Curler and 4D Silk Fiber Lash Mascara Value Set-Lash Curler with Refill Pads for No Pinching or Pulling, Mascara Natural Thickening- Long Lasting Waterproof & Smudge-Proof",3.9,64,,,None,"{'hi_res': ['https://m.media-amazon.com/images/I/61lEpagQH1L._SL1000_.jpg', 'https://m.media-amazon.com/images/I/61UH4oGHFXL._SL1000_.jpg', 'https://m.media-amazon.com/images/I/61LLYTU2ioL._SL1000_.jpg', 'https://m.media-amazon.com/images/I/61PHv+0wWOL._SL1000_.jpg', 'https://m.media-amazon.com/images/I/61Dpl+8dwML._SL1000_.jpg', 'https://m.media-amazon.com/images/I/61+jt0mkT1L._SL1000_.jpg', 'https://m.media-amazon.com/images/I/61pWnIYYqYL._SL1000_.jpg'], 'large': ['https://m.media-amazon.com/images/I/51jhPPdeZNL.jpg', 'https://m.media-amazon.com/images/I/51qHNiqH-6L.jpg', 'https://m.media-amazon.com/images/I/515C65UhAeL.jpg', 'https://m.media-amazon.com/images/I/41JTnUFp9IL.jpg', 'https://m.media-amazon.com/images/I/51f0kO-AFNL.jpg', 'https://m.media-amazon.com/images/I/51sSeXtIZVL.jpg', 'https://m.media-amazon.com/images/I/51yLVs69ccL.jpg'], 'thumb': ['https://m.media-amazon.com/images/I/51jhPPdeZNL._SS40_.jpg', 'https://m.media-amazon.com/images/I/51qHNiqH-6L._SS40_.jpg', 'https://m.media-amazon.com/images/I/515C65UhAeL._SS40_.jpg', 'https://m.media-amazon.com/images/I/41JTnUFp9IL._SS40_.jpg', 'https://m.media-amazon.com/images/I/51f0kO-AFNL._SS40_.jpg', 'https://m.media-amazon.com/images/I/51sSeXtIZVL._SS40_.jpg', 'https://m.media-amazon.com/images/I/51yLVs69ccL._SS40_.jpg'], 'variant': ['MAIN', 'PT01', 'PT02', 'PT03', 'PT04', 'PT05', 'PT06']}","{'title': [], 'url': [], 'user_id': []}",JDO,,Package Dimensions: 6 x 4 x 1 inches; 3.21 Ounces,B08C24Q6LB,,,,"Parent ASIN: B08C24Q6LB; Title: JDO Eyelash Curler and 4D Silk Fiber Lash Mascara Value Set-Lash Curler with Refill Pads for No Pinching or Pulling, Mascara Natural Thickening- Long Lasting Waterproof & Smudge-Proof; Author: *; Description: *; Features: * - Details: Package Dimensions: 6 x 4 x 1 inches; 3.21 Ounces; Store: Store: JDO; Categories: *; Price: Price: None;"
All Beauty,"Kale Firm & Smooth Body Lotion - Superfood Infused Firming Body Lotion with Kale. 6.8 fl.oz, Anti-Aging Moisturizing Lotion For All Skin Types",3.9,51,,,None,"{'hi_res': ['https://m.media-amazon.com/images/I/51LJZNSmTuL._SL1000_.jpg', 'https://m.media-amazon.com/images/I/61bKPPk-Q5L._SL1000_.jpg', 'https://m.media-amazon.com/images/I/71kCXGtgjyL._SL1000_.jpg', 'https://m.media-amazon.com/images/I/61EQfRPVC3L._SL1000_.jpg', 'https://m.media-amazon.com/images/I/71mImbUU9qL._SL1000_.jpg', 'https://m.media-amazon.com/images/I/71yYZ9-jJTL._SL1000_.jpg'], 'large': ['https://m.media-amazon.com/images/I/31JTx8roWoL.jpg', 'https://m.media-amazon.com/images/I/51AhaGwpvuL.jpg', 'https://m.media-amazon.com/images/I/61pl7dSIxWL.jpg', 'https://m.media-amazon.com/images/I/511wRjVdjUL.jpg', 'https://m.media-amazon.com/images/I/61BWZBI4T7L.jpg', 'https://m.media-amazon.com/images/I/61NZBbA4bjL.jpg'], 'thumb': ['https://m.media-amazon.com/images/I/31JTx8roWoL._SS40_.jpg', 'https://m.media-amazon.com/images/I/51AhaGwpvuL._SS40_.jpg', 'https://m.media-amazon.com/images/I/61pl7dSIxWL._SS40_.jpg', 'https://m.media-amazon.com/images/I/511wRjVdjUL._SS40_.jpg', 'https://m.media-amazon.com/images/I/61BWZBI4T7L._SS40_.jpg', 'https://m.media-amazon.com/images/I/61NZBbA4bjL._SS40_.jpg'], 'variant': ['MAIN', 'PT01', 'PT02', 'PT03', 'PT04', 'PT05']}","{'title': [], 'url': [], 'user_id': []}",Cancun Collection,,"Brand: Cancun Collection, Item Form: Lotion, Unit Count: 6.8 Fl Oz, Number of Items: 1, Use for: Whole Body, Package Dimensions: 7.5 x 4 x 1.1 inches; 8.01 Ounces, UPC: 659436986671",B07SW7D6ZR,,,,"Parent ASIN: B07SW7D6ZR; Title: Kale Firm & Smooth Body Lotion - Superfood Infused Firming Body Lotion with Kale. 6.8 fl.oz, Anti-Aging Moisturizing Lotion For All Skin Types; Author: *; Description: *; Features: * - Details: Brand: Cancun Collection, Item Form: Lotion, Unit Count: 6.8 Fl Oz, Number of Items: 1, Use for: Whole Body, Package Dimensions: 7.5 x 4 x 1.1 inches; 8.01 Ounces, UPC: 659436986671; Store: Store: Cancun Collection; Categories: *; Price: Price: None;"
All Beauty,"Organic Bamboo Cotton Ear Swabs by Bali Boo - 200 - Natural Wooden Qtips Cotton Swabs for Cleaning Ears, Baby or Makeup and Nails - Sustainable & Vegan Buds Sticks - Eco Friendly & Biodegradable",4.2,49,,,None,"{'hi_res': ['https://m.media-amazon.com/images/I/61sbf4A2f3L._SL1500_.jpg', 'https://m.media-amazon.com/images/I/71bZejf0spL._SL1500_.jpg', 'https://m.media-amazon.com/images/I/61Z-FXfXvAL._SL1500_.jpg', 'https://m.media-amazon.com/images/I/71zf2DHi5CL._SL1500_.jpg', 'https://m.media-amazon.com/images/I/6121Ma+E6TL._SL1500_.jpg', 'https://m.media-amazon.com/images/I/81TTHBn96fL._SL1500_.jpg', 'https://m.media-amazon.com/images/I/61g6spLP3lL._SL1500_.jpg', None, 'https://m.media-amazon.com/images/I/61wPL08v7jL._SL1500_.jpg'], 'large': ['https://m.media-amazon.com/images/I/41AqN-GLvTL.jpg', 'https://m.media-amazon.com/images/I/51Bqe-k-thL.jpg', 'https://m.media-amazon.com/images/I/41krtPEvXOL.jpg', 'https://m.media-amazon.com/images/I/41R9Ub4nYsL.jpg', 'https://m.media-amazon.com/images/I/41bE1Xla5uL.jpg', 'https://m.media-amazon.com/images/I/41wv6tP1IdL.jpg', 'https://m.media-amazon.com/images/I/41aLnq6YOVL.jpg', 'https://m.media-amazon.com/images/I/41LMdg03DCL.jpg', 'https://m.media-amazon.com/images/I/41OuOs06FWL.jpg'], 'thumb': ['https://m.media-amazon.com/images/I/41AqN-GLvTL._SS40_.jpg', 'https://m.media-amazon.com/images/I/51Bqe-k-thL._SS40_.jpg', 'https://m.media-amazon.com/images/I/41krtPEvXOL._SS40_.jpg', 'https://m.media-amazon.com/images/I/41R9Ub4nYsL._SS40_.jpg', 'https://m.media-amazon.com/images/I/41bE1Xla5uL._SS40_.jpg', 'https://m.media-amazon.com/images/I/41wv6tP1IdL._SS40_.jpg', 'https://m.media-amazon.com/images/I/41aLnq6YOVL._SS40_.jpg', 'https://m.media-amazon.com/images/I/41LMdg03DCL._SS40_.jpg', 'https://m.media-amazon.com/images/I/41OuOs06FWL._SS40_.jpg'], 'variant': ['MAIN', 'PT01', 'PT02', 'PT03', 'PT04', 'PT05', 'PT06', 'PT07', 'PT08']}","{'title': [], 'url': [], 'user_id': []}",Bali Boo,,"Is Discontinued By Manufacturer: No, Package Dimensions: 3.8 x 3.3 x 2.1 inches; 2.4 Ounces",B07KG1TWP5,,,,"Parent ASIN: B07KG1TWP5; Title: Organic Bamboo Cotton Ear Swabs by Bali Boo - 200 - Natural Wooden Qtips Cotton Swabs for Cleaning Ears, Baby or Makeup and Nails - Sustainable & Vegan Buds Sticks - Eco Friendly & Biodegradable; Author: *; Description: *; Features: * - Details: Is Discontinued By Manufacturer: No, Package Dimensions: 3.8 x 3.3 x 2.1 inches; 2.4 Ounces; Store: Store: Bali Boo; Categories: *; Price: Price: None;"
All Beauty,"Velvet Women Headband with Buttons,YANJIE 6 Pcs Hair Band Ear Protection Holder for Nurses Doctors Non Slip,Stretchy Leopard Head Bands Fashion Unisex Hair Accessories Head Wrap 20inch",3.9,66,,,None,"{'hi_res': ['https://m.media-amazon.com/images/I/71JX+WuvlEL._SL1500_.jpg', 'https://m.media-amazon.com/images/I/71kY8QwLxDL._SL1500_.jpg', 'https://m.media-amazon.com/images/I/712X65i+EhL._SL1500_.jpg', 'https://m.media-amazon.com/images/I/71-FPD3W00L._SL1500_.jpg', 'https://m.media-amazon.com/images/I/71Anzo3ukGL._SL1500_.jpg', 'https://m.media-amazon.com/images/I/61q0hQ7CipL._SL1500_.jpg', 'https://m.media-amazon.com/images/I/71kPFTE3epL._SL1500_.jpg', 'https://m.media-amazon.com/images/I/71psNqUFcQL._SL1500_.jpg', 'https://m.media-amazon.com/images/I/71HDiJyZVaL._SL1500_.jpg'], 'large': ['https://m.media-amazon.com/images/I/51LDb-H-nPL.jpg', 'https://m.media-amazon.com/images/I/51CwZLLDGUL.jpg', 'https://m.media-amazon.com/images/I/51LC-oz11CL.jpg', 'https://m.media-amazon.com/images/I/51NvwHFNJEL.jpg', 'https://m.media-amazon.com/images/I/51-I4VpB0fL.jpg', 'https://m.media-amazon.com/images/I/31RHEYZe1IL.jpg', 'https://m.media-amazon.com/images/I/51waz+uXShL.jpg', 'https://m.media-amazon.com/images/I/51YDHZhjURL.jpg', 'https://m.media-amazon.com/images/I/51GV3b7GL1L.jpg'], 'thumb': ['https://m.media-amazon.com/images/I/51LDb-H-nPL._SS40_.jpg', 'https://m.media-amazon.com/images/I/51CwZLLDGUL._SS40_.jpg', 'https://m.media-amazon.com/images/I/51LC-oz11CL._SS40_.jpg', 'https://m.media-amazon.com/images/I/51NvwHFNJEL._SS40_.jpg', 'https://m.media-amazon.com/images/I/51-I4VpB0fL._SS40_.jpg', 'https://m.media-amazon.com/images/I/31RHEYZe1IL._SS40_.jpg', 'https://m.media-amazon.com/images/I/51waz+uXShL._SS40_.jpg', 'https://m.media-amazon.com/images/I/51YDHZhjURL._SS40_.jpg', 'https://m.media-amazon.com/images/I/51GV3b7GL1L._SS40_.jpg'], 'variant': ['MAIN', 'PT01', 'PT02', 'PT03', 'PT04', 'PT05', 'PT06', 'PT07', 'PT08']}","{'title': ['Velvet Soft, Descent stretch'], 'url': ['https://www.amazon.com/vdp/df69cff52ac9472496d9750719437a9b?ref=dp_vse_rvc_0'], 'user_id': ['AHHOFNS3U2KOL3AC2TBD6SD32JLQ']}",YanJie,,"Material: Velvet, Fabric Type: Velvet, Brand: YanJie, Item Form: Wrap, Unit Count: 1.00 Count, Package Dimensions: 9.25 x 5.98 x 1.81 inches; 1.06 Ounces, UPC: 792119595057, Manufacturer: YANJIE",B08PTZL95G,,,,"Parent ASIN: B08PTZL95G; Title: Velvet Women Headband with Buttons,YANJIE 6 Pcs Hair Band Ear Protection Holder for Nurses Doctors Non Slip,Stretchy Leopard Head Bands Fashion Unisex Hair Accessories Head Wrap 20inch; Author: *; Description: *; Features: * - Details: Material: Velvet, Fabric Type: Velvet, Brand: YanJie, Item Form: Wrap, Unit Count: 1.00 Count, Package Dimensions: 9.25 x 5.98 x 1.81 inches; 1.06 Ounces, UPC: 792119595057, Manufacturer: YANJIE; Store: Store: YanJie; Categories: *; Price: Price: None;"
All Beauty,"MUSE & Co Dazzling Rhinestone Stick On Nails, White Nails with Glitter Nails and Rhinestones ""French Sparkle"", Luxurious Elegant Nails, Squoval Medium Length Nails Press On Nails for Women and Girls Fake Nail Set 36pcs",3.5,9,"'【What You Get】You will get 36pcs of Pre-adhesive Stick On Press nails in 12 different sizes (Total 36 Nail Tips). It comes with a total of 1 sets of the cleansing pad, wood stick and mini buffer.', '【Convenient & User-friendly】Our Stick On Press Nails are so convenient that you can bring them anywhere and apply them within 5 minutes! Last minutes event or function to go to, having these will definitely save your nails ;)', 【Easy Application & Removal】Super easy application that is also completely foolproof. Simply find your nail size, peel off the protective film at the back of the nail and stick it on! That's all you need to do to achieve pretty nails. Remove the nails by using nail polish remover and the wood stick provided., 【Natural Looking】Extremely thin and soft cuticles allow for a seamless, natural look that looks just like a salon manicure. Additionally, it feels so comfortable that you won't feel a thing!, '【Suitable for Most Nails】Each set comes in 12 different sizes to ensure fit for most nail shapes and types. Have some extra Nail tips? Share it with your friends if you have different nail sizes!'",,None,"{'hi_res': ['https://m.media-amazon.com/images/I/712oL1XWbBL._SL1500_.jpg', 'https://m.media-amazon.com/images/I/814uAFPSfiL._SL1500_.jpg', 'https://m.media-amazon.com/images/I/61J2mq7TvYL._SL1500_.jpg', 'https://m.media-amazon.com/images/I/71SoFo2MPIL._SL1500_.jpg', 'https://m.media-amazon.com/images/I/71pCbtS5YNL._SL1500_.jpg'], 'large': ['https://m.media-amazon.com/images/I/41WPZShjS9L.jpg', 'https://m.media-amazon.com/images/I/41wWhNMebGL.jpg', 'https://m.media-amazon.com/images/I/31P5VzcBaRL.jpg', 'https://m.media-amazon.com/images/I/41OQUWBxaUL.jpg', 'https://m.media-amazon.com/images/I/41AdJyZVoEL.jpg'], 'thumb': ['https://m.media-amazon.com/images/I/41WPZShjS9L._SS40_.jpg', 'https://m.media-amazon.com/images/I/41wWhNMebGL._SS40_.jpg', 'https://m.media-amazon.com/images/I/31P5VzcBaRL._SS40_.jpg', 'https://m.media-amazon.com/images/I/41OQUWBxaUL._SS40_.jpg', 'https://m.media-amazon.com/images/I/41AdJyZVoEL._SS40_.jpg'], 'variant': ['MAIN', 'PT01', 'PT02', 'PT03', 'PT04']}","{'title': ['Great for a temporary look', 'How to Apply MUSE & Co Stick On Nails'], 'url': ['https://www.amazon.com/vdp/1e58969f5d494719a1f8655bd2f04366?ref=dp_vse_rvc_0', 'https://www.amazon.com/vdp/0a14cb457c3745f8bf63076e71d3c8a9?ref=dp_vse_rvc_1'], 'user_id': ['AHWPZHJ4F5WMUMMN3GRW5FHRW5QQ', '']}",MUSENCO,,"Color: White, Size: 36 Count (Pack of 1), Material: Gel, Brand: MUSENCO, Style: French, Product Dimensions: 1.97 x 4.33 x 0.79 inches; 0.81 Ounces, Manufacturer: MUSENCO",B088M5P8FN,,,,"Parent ASIN: B088M5P8FN; Title: MUSE & Co Dazzling Rhinestone Stick On Nails, White Nails with Glitter Nails and Rhinestones ""French Sparkle"", Luxurious Elegant Nails, Squoval Medium Length Nails Press On Nails for Women and Girls Fake Nail Set 36pcs; Author: *; Description: *; Features: Features: '【What You Get】You will get 36pcs of Pre-adhesive Stick On Press nails in 12 different sizes (Total 36 Nail Tips). It comes with a total of 1 sets of the cleansing pad, wood stick and mini buffer.', '【Convenient & User-friendly】Our Stick On Press Nails are so convenient that you can bring them anywhere and apply them within 5 minutes! Last minutes event or function to go to, having these will definitely save your nails ;)', 【Easy Application & Removal】Super easy application that is also completely foolproof. Simply find your nail size, peel off the protective film at the back of the nail and stick it on! That's all you need to do to achieve pretty nails. Remove the nails by using nail polish remover and the wood stick provided., 【Natural Looking】Extremely thin and soft cuticles allow for a seamless, natural look that looks just like a salon manicure. Additionally, it feels so comfortable that you won't feel a thing!, '【Suitable for Most Nails】Each set comes in 12 different sizes to ensure fit for most nail shapes and types. Have some extra Nail tips? Share it with your friends if you have different nail sizes!' - Details: Color: White, Size: 36 Count (Pack of 1), Material: Gel, Brand: MUSENCO, Style: French, Product Dimensions: 1.97 x 4.33 x 0.79 inches; 0.81 Ounces, Manufacturer: MUSENCO; Store: Store: MUSENCO; Categories: *; Price: Price: None;"
All Beauty,TCM Men's Cleansing Activated Charcoal Bar Soap - For all skin types - 5oz (1 Pack),4.0,29,,,None,"{'hi_res': ['https://m.media-amazon.com/images/I/61g6bGnlIsL._SL1250_.jpg'], 'large': ['https://m.media-amazon.com/images/I/41WsuvkzFaL.jpg'], 'thumb': ['https://m.media-amazon.com/images/I/41WsuvkzFaL._SS40_.jpg'], 'variant': ['MAIN']}","{'title': [], 'url': [], 'user_id': []}",TCM,,"Item Form: Bar, Skin Type: All, Brand: TCM, Scent: Coconut, Age Range (Description): Youth, Package Dimensions: 3.7 x 2.01 x 1.34 inches; 5.26 Ounces, UPC: 851058008179",B0845LNDJK,,,,"Parent ASIN: B0845LNDJK; Title: TCM Men's Cleansing Activated Charcoal Bar Soap - For all skin types - 5oz (1 Pack); Author: *; Description: *; Features: * - Details: Item Form: Bar, Skin Type: All, Brand: TCM, Scent: Coconut, Age Range (Description): Youth, Package Dimensions: 3.7 x 2.01 x 1.34 inches; 5.26 Ounces, UPC: 851058008179; Store: Store: TCM; Categories: *; Price: Price: None;"
All Beauty,"BEPHOLAN Natural Eyelash Growth Serum and Brow Enhancer to Grow Thicker, Longer Lashes for Long, Luscious Lashes and Eyebrows|15ML",3.2,20,,,None,"{'hi_res': ['https://m.media-amazon.com/images/I/51qcb2lQ25L._SL1001_.jpg', 'https://m.media-amazon.com/images/I/41fcu+uUIlL._SL1001_.jpg', 'https://m.media-amazon.com/images/I/611m8r5f2aL._SL1001_.jpg', 'https://m.media-amazon.com/images/I/51A8gU6WPTL._SL1001_.jpg', 'https://m.media-amazon.com/images/I/61KKjI2ygYL._SL1001_.jpg'], 'large': ['https://m.media-amazon.com/images/I/41qBSb2u7EL.jpg', 'https://m.media-amazon.com/images/I/31OmT-RlrBL.jpg', 'https://m.media-amazon.com/images/I/51zxN-EZz6L.jpg', 'https://m.media-amazon.com/images/I/31-9I8qIwQL.jpg', 'https://m.media-amazon.com/images/I/41fUNEq8jsL.jpg'], 'thumb': ['https://m.media-amazon.com/images/I/41qBSb2u7EL._SS40_.jpg', 'https://m.media-amazon.com/images/I/31OmT-RlrBL._SS40_.jpg', 'https://m.media-amazon.com/images/I/51zxN-EZz6L._SS40_.jpg', 'https://m.media-amazon.com/images/I/31-9I8qIwQL._SS40_.jpg', 'https://m.media-amazon.com/images/I/41fUNEq8jsL._SS40_.jpg'], 'variant': ['MAIN', 'PT01', 'PT02', 'PT03', 'PT04']}","{'title': [' Eyelash Growth Serum15 ml'], 'url': ['https://www.amazon.com/vdp/66bcbfa7a694422681e168fdf549b9d8?ref=dp_vse_rvc_0'], 'user_id': ['']}",BEPHOLAN,,Package Dimensions: 5.43 x 1.34 x 0.94 inches; 0.63 Ounces,B08J7R5HHX,,,,"Parent ASIN: B08J7R5HHX; Title: BEPHOLAN Natural Eyelash Growth Serum and Brow Enhancer to Grow Thicker, Longer Lashes for Long, Luscious Lashes and Eyebrows|15ML; Author: *; Description: *; Features: * - Details: Package Dimensions: 5.43 x 1.34 x 0.94 inches; 0.63 Ounces; Store: Store: BEPHOLAN; Categories: *; Price: Price: None;"
Premium Beauty,AMOREPACIFIC Color Control Cushion Compact Broad Spectrum SPF 50+,4.4,581,,,75.0,"{'hi_res': ['https://m.media-amazon.com/images/I/71lzVH-PVDL._SL1500_.jpg', 'https://m.media-amazon.com/images/I/71ySLUAVDoL._SL1500_.jpg', 'https://m.media-amazon.com/images/I/81ZuwqhLBYL._SL1500_.jpg', 'https://m.media-amazon.com/images/I/71XIOQ8D2YL._SL1500_.jpg', 'https://m.media-amazon.com/images/I/71y5DZoTklL._SL1500_.jpg', 'https://m.media-amazon.com/images/I/71SiXPF3gXL._SL1500_.jpg', 'https://m.media-amazon.com/images/I/71SiXPF3gXL._SL1500_.jpg', None], 'large': ['https://m.media-amazon.com/images/I/41FOZdweupL.jpg', 'https://m.media-amazon.com/images/I/41-0EzSHDgL.jpg', 'https://m.media-amazon.com/images/I/51hVkbx36uL.jpg', 'https://m.media-amazon.com/images/I/41P7NBu8iEL.jpg', 'https://m.media-amazon.com/images/I/41sdBffXx7L.jpg', 'https://m.media-amazon.com/images/I/51qau8n-seL.jpg', 'https://m.media-amazon.com/images/I/51qau8n-seL.jpg', 'https://m.media-amazon.com/images/I/51uuf3dRFUL.jpg'], 'thumb': ['https://m.media-amazon.com/images/I/41FOZdweupL._SX38_SY50_CR,0,0,38,50_.jpg', 'https://m.media-amazon.com/images/I/41-0EzSHDgL._SX38_SY50_CR,0,0,38,50_.jpg', 'https://m.media-amazon.com/images/I/51hVkbx36uL._SX38_SY50_CR,0,0,38,50_.jpg', 'https://m.media-amazon.com/images/I/41P7NBu8iEL._SX38_SY50_CR,0,0,38,50_.jpg', 'https://m.media-amazon.com/images/I/41sdBffXx7L._SX38_SY50_CR,0,0,38,50_.jpg', 'https://m.media-amazon.com/images/I/51qau8n-seL._SX38_SY50_CR,0,0,38,50_.jpg', 'https://m.media-amazon.com/images/I/51qau8n-seL._SX38_SY50_CR,0,0,38,50_.jpg', 'https://m.media-amazon.com/images/I/51uuf3dRFUL._SX38_SY50_CR,0,0,38,50_.jpg'], 'variant': ['MAIN', 'PT01', 'PT02', 'PT03', 'PT04', 'PT05', 'PT06', 'INGR']}","{'title': ['AMOREPACIFIC Premium Skincare: Timeless Beauty'], 'url': ['https://www.amazon.com/vdp/f3551f76984c428cb6d966db1d7cf796?ref=dp_vse_rvc_0'], 'user_id': ['']}",,,"Item Form: Cream, Color: 208 Medium Yellow, Skin Type: Normal, Finish Type: Hydration, Recommended Uses For Product: Professional Skin Care, Is Discontinued By Manufacturer: No, Product Dimensions: 8 x 5 x 5 inches; 1.05 Ounces, Item model number: 270330597, Manufacturer: AmazonUs/4O2O3, Country of Origin: Korea, Republic of, Domestic Shipping: Item can be shipped within U.S., International Shipping: This item can be shipped to select countries outside of the U.S. Learn More",B089NJG212,,,,"Parent ASIN: B089NJG212; Title: AMOREPACIFIC Color Control Cushion Compact Broad Spectrum SPF 50+; Author: *; Description: *; Features: * - Details: Item Form: Cream, Color: 208 Medium Yellow, Skin Type: Normal, Finish Type: Hydration, Recommended Uses For Product: Professional Skin Care, Is Discontinued By Manufacturer: No, Product Dimensions: 8 x 5 x 5 inches; 1.05 Ounces, Item model number: 270330597, Manufacturer: AmazonUs/4O2O3, Country of Origin: Korea, Republic of, Domestic Shipping: Item can be shipped within U.S., International Shipping: This item can be shipped to select countries outside of the U.S. Learn More; Store: *; Categories: *; Price: Price: 75.0;"
All Beauty,"BE PLAIN Vitamin Ampoule 1.01 fl oz. - Korean Multi Vitamin Serum for Face with Vitamin B, Vitamin C, Vitamin E, Hyaluronic Acid",4.0,128,,,None,"{'hi_res': ['https://m.media-amazon.com/images/I/610qyOdlwCL._SL1080_.jpg', 'https://m.media-amazon.com/images/I/61St2iMQKYL._SL1080_.jpg', 'https://m.media-amazon.com/images/I/61wt+6EUx3L._SL1080_.jpg', 'https://m.media-amazon.com/images/I/619zp9Pr+cL._SL1080_.jpg', 'https://m.media-amazon.com/images/I/61cDRxAFkyL._SL1080_.jpg'], 'large': ['https://m.media-amazon.com/images/I/51dAFC-jKKL.jpg', 'https://m.media-amazon.com/images/I/41N0LFv+J2L.jpg', 'https://m.media-amazon.com/images/I/41I6EF76UlL.jpg', 'https://m.media-amazon.com/images/I/419f-yL4iVL.jpg', 'https://m.media-amazon.com/images/I/41jfkFZfNiL.jpg'], 'thumb': ['https://m.media-amazon.com/images/I/51dAFC-jKKL._SS40_.jpg', 'https://m.media-amazon.com/images/I/41N0LFv+J2L._SS40_.jpg', 'https://m.media-amazon.com/images/I/41I6EF76UlL._SS40_.jpg', 'https://m.media-amazon.com/images/I/419f-yL4iVL._SS40_.jpg', 'https://m.media-amazon.com/images/I/41jfkFZfNiL._SS40_.jpg'], 'variant': ['MAIN', 'PT01', 'PT02', 'PT03', 'PT04']}","{'title': ['How to use Vitamin Brightening Ampoule'], 'url': ['https://www.amazon.com/vdp/b245977f58be4429b58517cc938d7b13?ref=dp_vse_rvc_0'], 'user_id': ['']}",Be Plain,,"Scent: Aloe, Brand: Be Plain, Item Weight: 30 Grams, Item Volume: 30 Milliliters, Unit Count: 1.01 Fl Oz, Product Dimensions: 1.57 x 1.57 x 3.74 inches; 1.06 Ounces, Item model number: BP008",B083TLNBJJ,,,,"Parent ASIN: B083TLNBJJ; Title: BE PLAIN Vitamin Ampoule 1.01 fl oz. - Korean Multi Vitamin Serum for Face with Vitamin B, Vitamin C, Vitamin E, Hyaluronic Acid; Author: *; Description: *; Features: * - Details: Scent: Aloe, Brand: Be Plain, Item Weight: 30 Grams, Item Volume: 30 Milliliters, Unit Count: 1.01 Fl Oz, Product Dimensions: 1.57 x 1.57 x 3.74 inches; 1.06 Ounces, Item model number: BP008; Store: Store: Be Plain; Categories: *; Price: Price: None;"
All Beauty,"Karuna Oh, Glow On Face Mask Sheet, Skincare and Beauty Facial Masks with Moisturizing and Collagen Promotion Properties for Healthy Glow, Contain Green Tea, Vitamin C and Pineapple (3 Sheets)",4.1,31,,,None,"{'hi_res': ['https://m.media-amazon.com/images/I/51J8zjnHyRL._SL1500_.jpg', 'https://m.media-amazon.com/images/I/71iIqifRPHL._SL1500_.jpg', 'https://m.media-amazon.com/images/I/612sr5vsMnL._SL1500_.jpg', 'https://m.media-amazon.com/images/I/61nPGq8daKL._SL1500_.jpg', 'https://m.media-amazon.com/images/I/81dfL2+ZnhL._SL1500_.jpg', 'https://m.media-amazon.com/images/I/810EPFgxGIL._SL1500_.jpg', 'https://m.media-amazon.com/images/I/71mxTub1vLL._SL1500_.jpg'], 'large': ['https://m.media-amazon.com/images/I/3147j0eN1VL.jpg', 'https://m.media-amazon.com/images/I/21Q0xSMGASL.jpg', 'https://m.media-amazon.com/images/I/31a0agE3BqL.jpg', 'https://m.media-amazon.com/images/I/21yBZ97OTBL.jpg', 'https://m.media-amazon.com/images/I/31js4Ec7r4L.jpg', 'https://m.media-amazon.com/images/I/41XDPEojG0L.jpg', 'https://m.media-amazon.com/images/I/31G7MKsLyHL.jpg'], 'thumb': ['https://m.media-amazon.com/images/I/3147j0eN1VL._SS40_.jpg', 'https://m.media-amazon.com/images/I/21Q0xSMGASL._SS40_.jpg', 'https://m.media-amazon.com/images/I/31a0agE3BqL._SS40_.jpg', 'https://m.media-amazon.com/images/I/21yBZ97OTBL._SS40_.jpg', 'https://m.media-amazon.com/images/I/31js4Ec7r4L._SS40_.jpg', 'https://m.media-amazon.com/images/I/41XDPEojG0L._SS40_.jpg', 'https://m.media-amazon.com/images/I/31G7MKsLyHL._SS40_.jpg'], 'variant': ['MAIN', 'PT01', 'PT02', 'PT03', 'PT04', 'PT05', 'PT06']}","{'title': [], 'url': [], 'user_id': []}",Karuna,,"Brand: Karuna, Item Form: Sheet, Product Benefits: Hydrate Skin,Hydrate, Scent: Pineapple, Special Feature: Not Tested On Animals, Package Dimensions: 6.54 x 4.88 x 0.87 inches; 9.59 Ounces, Item model number: MSF1004 - CA, UPC: 857950007166",B08BS3WDPJ,,,,"Parent ASIN: B08BS3WDPJ; Title: Karuna Oh, Glow On Face Mask Sheet, Skincare and Beauty Facial Masks with Moisturizing and Collagen Promotion Properties for Healthy Glow, Contain Green Tea, Vitamin C and Pineapple (3 Sheets); Author: *; Description: *; Features: * - Details: Brand: Karuna, Item Form: Sheet, Product Benefits: Hydrate Skin,Hydrate, Scent: Pineapple, Special Feature: Not Tested On Animals, Package Dimensions: 6.54 x 4.88 x 0.87 inches; 9.59 Ounces, Item model number: MSF1004 - CA, UPC: 857950007166; Store: Store: Karuna; Categories: *; Price: Price: None;"
All Beauty,Magic Wand Makeup Brushes Set - 5pcs Wizard Wand Makeup Brushes Foundation Blending Blush Eyeshadow Face Lip Powder Brush Beauty Tools (New-Bronze),4.7,516,"'CLASSIC MAGIC BRUSH SET - The magic makeup brushes have a glittering appearance, and the unique design of the wand handle brings the layering feeling of the visual, it is more attractive to choose. Suitable for individual use or as a gift to your families or friends', 'EXQUISITE CRAFT & QUALITY - The handle of the magic potter makeup brushes feel generous in our hands, because they are made in high polished metal alloy. High density soft bristles, made of high quality soft and smooth synthetic hair, cruelty free, non-shedding, odor free', 'VERSATILE COSMETIC BRUSHES - Universal wizard wand makeup brush set including foundation brush, blush brush, eye shadow brush, eyebrow brush and lip brush. One set includes 5pcs and covers all needs of application, ideal for contouring, blending, shading, highlighting and so on', 'MAKEUP TOOL FANS MUST HAVE - Magic Wand makeup brushes, fantastic design with metal handles,showing noble and elegant. Used for basic makeup,Blending,Blush,Eyeliner, Face Powder and so on. Portable and convenient for daily makeup', 'WONDERFUL GIFTS FOR HER - Are you bothered by a creative gift idea? Flowers are too ordinary, but jewelry is too tacky. This magic wand makeup brush set should be the most suitable gift for your lovely sister, girlfriends. Just order one set and give her a pleasant surprise now'",,12.99,"{'hi_res': ['https://m.media-amazon.com/images/I/61KExcrxcqL._SL1000_.jpg', 'https://m.media-amazon.com/images/I/61n2HAUoBQL._SL1000_.jpg', 'https://m.media-amazon.com/images/I/61SLKgUCdiL._SL1000_.jpg', 'https://m.media-amazon.com/images/I/71DCvra0B6L._SL1000_.jpg', 'https://m.media-amazon.com/images/I/71gWOJ7i5uL._SL1000_.jpg', 'https://m.media-amazon.com/images/I/71znd5Y6QOL._SL1000_.jpg', 'https://m.media-amazon.com/images/I/71Wq6JAYmIL._SL1000_.jpg'], 'large': ['https://m.media-amazon.com/images/I/51QaidJJl6L.jpg', 'https://m.media-amazon.com/images/I/51+iJzpdm7L.jpg', 'https://m.media-amazon.com/images/I/51vPK2QmCcL.jpg', 'https://m.media-amazon.com/images/I/61opkF7AvEL.jpg', 'https://m.media-amazon.com/images/I/61brFHvIxqL.jpg', 'https://m.media-amazon.com/images/I/61UykDdvsZL.jpg', 'https://m.media-amazon.com/images/I/51r5M1vbtDL.jpg'], 'thumb': ['https://m.media-amazon.com/images/I/51QaidJJl6L._SS40_.jpg', 'https://m.media-amazon.com/images/I/51+iJzpdm7L._SS40_.jpg', 'https://m.media-amazon.com/images/I/51vPK2QmCcL._SS40_.jpg', 'https://m.media-amazon.com/images/I/61opkF7AvEL._SS40_.jpg', 'https://m.media-amazon.com/images/I/61brFHvIxqL._SS40_.jpg', 'https://m.media-amazon.com/images/I/61UykDdvsZL._SS40_.jpg', 'https://m.media-amazon.com/images/I/51r5M1vbtDL._SS40_.jpg'], 'variant': ['MAIN', 'PT01', 'PT02', 'PT03', 'PT04', 'PT05', 'PT06']}","{'title': ['Wizard Wand Makeup Brushes'], 'url': ['https://www.amazon.com/vdp/1a57d1c1f74a4cc292f0cae90939c28f?ref=dp_vse_rvc_0'], 'user_id': ['']}",rongji jewelry,,"Brand: rongji jewelry, Recommended Uses For Product: For Eyeshadow, Lip, For Blush, For Setting Powder, For Foundation, Eyebrow, Color: New-Bronze, Material: Synthetic, Skin Type: All, Item Form: Wand, Number of Pieces: 5, Age Range (Description): Adult, Ferrule Material: Aluminum, Skin Tone: All, Package Dimensions: 7.72 x 3.03 x 1.14 inches; 5.29 Ounces, Item model number: makeup brushes, UPC: 793610791245, Manufacturer: YUNXIAN",B07YG4PRTN,,,,"Parent ASIN: B07YG4PRTN; Title: Magic Wand Makeup Brushes Set - 5pcs Wizard Wand Makeup Brushes Foundation Blending Blush Eyeshadow Face Lip Powder Brush Beauty Tools (New-Bronze); Author: *; Description: *; Features: Features: 'CLASSIC MAGIC BRUSH SET - The magic makeup brushes have a glittering appearance, and the unique design of the wand handle brings the layering feeling of the visual, it is more attractive to choose. Suitable for individual use or as a gift to your families or friends', 'EXQUISITE CRAFT & QUALITY - The handle of the magic potter makeup brushes feel generous in our hands, because they are made in high polished metal alloy. High density soft bristles, made of high quality soft and smooth synthetic hair, cruelty free, non-shedding, odor free', 'VERSATILE COSMETIC BRUSHES - Universal wizard wand makeup brush set including foundation brush, blush brush, eye shadow brush, eyebrow brush and lip brush. One set includes 5pcs and covers all needs of application, ideal for contouring, blending, shading, highlighting and so on', 'MAKEUP TOOL FANS MUST HAVE - Magic Wand makeup brushes, fantastic design with metal handles,showing noble and elegant. Used for basic makeup,Blending,Blush,Eyeliner, Face Powder and so on. Portable and convenient for daily makeup', 'WONDERFUL GIFTS FOR HER - Are you bothered by a creative gift idea? Flowers are too ordinary, but jewelry is too tacky. This magic wand makeup brush set should be the most suitable gift for your lovely sister, girlfriends. Just order one set and give her a pleasant surprise now' - Details: Brand: rongji jewelry, Recommended Uses For Product: For Eyeshadow, Lip, For Blush, For Setting Powder, For Foundation, Eyebrow, Color: New-Bronze, Material: Synthetic, Skin Type: All, Item Form: Wand, Number of Pieces: 5, Age Range (Description): Adult, Ferrule Material: Aluminum, Skin Tone: All, Package Dimensions: 7.72 x 3.03 x 1.14 inches; 5.29 Ounces, Item model number: makeup brushes, UPC: 793610791245, Manufacturer: YUNXIAN; Store: Store: rongji jewelry; Categories: *; Price: Price: 12.99;"
All Beauty,"Premium black caviar facial mask sheet for anti-aging and anti-wrinkle, AG Mask, 6 Sheets, Hydrating and Brightening, Made in Korea.",4.1,12,"'💧 CEUTISOME AG MASK FOR NOURISHING & MOISTURIZING SKIN – This mask is highly nourishing and moisturizing. AG Mask helps to lift, firm, and provide long-lasting hydrating effect to the skin.', '💧 PREMIUM KOREAN SKIN CARE SOLUTION- This innovative AG Mask for face is a K-beauty favorite. The AG Mask improves skin tone, softens the skin, lifts skin fatigue, and helps improves the appearance of fine lines and wrinkles.', '💧 ANTI-WRINKLE & SKIN FIRMING EFFECTS – The mask is infused with caviar extracts from sturgeon that is rich in Amino Acid, Omega-3, Vitamin A etc. Caviar extract has been proven as one of the most hydrating and most effective age reversal agent available.', 💧 TOP RATED SKIN CARE PRODUCTS - OxygenCeuticals provides Spas and Salons with top rated skin care products for women. We use high quality, pharmaceutical grade active ingredients in our functional products. Our approach to product development involves OxygenCeuticals' premium skincare formulation technology, resulting in highly effective products that are good for your skin., '💧 DERMATOLOGIST RECOMMENDED SKIN CARE PRODUCTS - OxygenCeuticals has grown to be a trusted medical aesthetic skincare brand, and its products are used by dermatologists, plastic surgeons and medical aesthetic professionals in more than 600 famous aesthetic institutions in South Korea alone. The medical aesthetic professionals use OxygenCeuticals products to complement before and after laser skin care procedures.'",,33.0,"{'hi_res': [None, 'https://m.media-amazon.com/images/I/61+rID5YVJL._SL1200_.jpg', 'https://m.media-amazon.com/images/I/61dnlwAmGvL._SL1200_.jpg', 'https://m.media-amazon.com/images/I/51wTO3YCGUL._SL1200_.jpg', 'https://m.media-amazon.com/images/I/61NBpZu2MOL._SL1200_.jpg', 'https://m.media-amazon.com/images/I/61cG+ffIRAL._SL1200_.jpg', 'https://m.media-amazon.com/images/I/61u2jNMgnsL._SL1200_.jpg', 'https://m.media-amazon.com/images/I/61sCjU2GqJL._SL1200_.jpg', 'https://m.media-amazon.com/images/I/51m3Q4V3-aL._SL1000_.jpg'], 'large': ['https://m.media-amazon.com/images/I/313+b-O+0pL.jpg', 'https://m.media-amazon.com/images/I/51nMoMXzT4L.jpg', 'https://m.media-amazon.com/images/I/31hX7IS2hIL.jpg', 'https://m.media-amazon.com/images/I/31s0EAzqRJL.jpg', 'https://m.media-amazon.com/images/I/411NjAqSKPL.jpg', 'https://m.media-amazon.com/images/I/41o0qfvPUZL.jpg', 'https://m.media-amazon.com/images/I/412Idycgn4L.jpg', 'https://m.media-amazon.com/images/I/41QXw7MQIEL.jpg', 'https://m.media-amazon.com/images/I/31qAsrq6yGL.jpg'], 'thumb': ['https://m.media-amazon.com/images/I/313+b-O+0pL._SS40_.jpg', 'https://m.media-amazon.com/images/I/51nMoMXzT4L._SS40_.jpg', 'https://m.media-amazon.com/images/I/31hX7IS2hIL._SS40_.jpg', 'https://m.media-amazon.com/images/I/31s0EAzqRJL._SS40_.jpg', 'https://m.media-amazon.com/images/I/411NjAqSKPL._SS40_.jpg', 'https://m.media-amazon.com/images/I/41o0qfvPUZL._SS40_.jpg', 'https://m.media-amazon.com/images/I/412Idycgn4L._SS40_.jpg', 'https://m.media-amazon.com/images/I/41QXw7MQIEL._SS40_.jpg', 'https://m.media-amazon.com/images/I/31qAsrq6yGL._SS40_.jpg'], 'variant': ['MAIN', 'PT01', 'PT02', 'PT03', 'PT04', 'PT05', 'PT06', 'PT07', 'PT08']}","{'title': ['[OxygenCeuticals] Hold Your Youth with Caviar Line', '[OxygenCeuticals] How to Use Ceutisome AG Mask', '[OxygenCeuticals] Ceutisome V Lifting Therapy Protocol', 'Mother’s Day Gifts Ideas   OxygenCeuticals ', ""[OxygenCeuticals] It's about long-lasting hydration."", 'Morgan Stewart Reviews OxygenCeuticals Ceutisome Mask', '[OxygenCeuticals] How to Use Ceutisome CC Mask', '[OxygenCeuticals] Ceutisome V Lifting Protocol', 'Godesan mask pack', 'GUGUG Skin Scrubber Device 4 steps Guide'], 'url': ['https://www.amazon.com/vdp/2f15c45c18104b0abdbc32a1269c3dc6?ref=dp_vse_rvc_0', 'https://www.amazon.com/vdp/09fb552abeb34c5cbe1290370d408800?ref=dp_vse_rvc_1', 'https://www.amazon.com/vdp/505f9bc8e8e04059b5f984288ff3bf3c?ref=dp_vse_rvc_2', 'https://www.amazon.com/vdp/ff1930e40b674e29b6d3bd3243ef4aa5?ref=dp_vse_rvc_3', 'https://www.amazon.com/vdp/1029b96c4f084cfd849e76a14ca7d3a7?ref=dp_vse_rvc_4', 'https://www.amazon.com/vdp/0f6c8c76b8c5472fa85926719f3b43a7?ref=dp_vse_rvc_5', 'https://www.amazon.com/vdp/0c76636ed9a04eaa86452598e18716e7?ref=dp_vse_rvc_6', 'https://www.amazon.com/vdp/48ca9ce5e6b24c6dbacd4026e74cddbf?ref=dp_vse_rvc_7', 'https://www.amazon.com/vdp/0701532c01a947d6abaff8f78714cbf6?ref=dp_vse_rvc_8', 'https://www.amazon.com/vdp/023b1e7106aa4d9f83f32854777bb2b9?ref=dp_vse_rvc_9'], 'user_id': ['', '', '', '', '', '', '', '', '', '/shop/athenang']}",OxygenCeuticals,,"Brand: OxygenCeuticals, Item Form: Sheet, Product Benefits: Hydrating,Moisturizing Skin,Anti-aging, Scent: Black, Material Type Free: Alcohol Free, Package Dimensions: 9.09 x 6.85 x 1.77 inches; 8.15 Ounces",B089D16BWJ,,,,"Parent ASIN: B089D16BWJ; Title: Premium black caviar facial mask sheet for anti-aging and anti-wrinkle, AG Mask, 6 Sheets, Hydrating and Brightening, Made in Korea.; Author: *; Description: *; Features: Features: '💧 CEUTISOME AG MASK FOR NOURISHING & MOISTURIZING SKIN – This mask is highly nourishing and moisturizing. AG Mask helps to lift, firm, and provide long-lasting hydrating effect to the skin.', '💧 PREMIUM KOREAN SKIN CARE SOLUTION- This innovative AG Mask for face is a K-beauty favorite. The AG Mask improves skin tone, softens the skin, lifts skin fatigue, and helps improves the appearance of fine lines and wrinkles.', '💧 ANTI-WRINKLE & SKIN FIRMING EFFECTS – The mask is infused with caviar extracts from sturgeon that is rich in Amino Acid, Omega-3, Vitamin A etc. Caviar extract has been proven as one of the most hydrating and most effective age reversal agent available.', 💧 TOP RATED SKIN CARE PRODUCTS - OxygenCeuticals provides Spas and Salons with top rated skin care products for women. We use high quality, pharmaceutical grade active ingredients in our functional products. Our approach to product development involves OxygenCeuticals' premium skincare formulation technology, resulting in highly effective products that are good for your skin., '💧 DERMATOLOGIST RECOMMENDED SKIN CARE PRODUCTS - OxygenCeuticals has grown to be a trusted medical aesthetic skincare brand, and its products are used by dermatologists, plastic surgeons and medical aesthetic professionals in more than 600 famous aesthetic institutions in South Korea alone. The medical aesthetic professionals use OxygenCeuticals products to complement before and after laser skin care procedures.' - Details: Brand: OxygenCeuticals, Item Form: Sheet, Product Benefits: Hydrating,Moisturizing Skin,Anti-aging, Scent: Black, Material Type Free: Alcohol Free, Package Dimensions: 9.09 x 6.85 x 1.77 inches; 8.15 Ounces; Store: Store: OxygenCeuticals; Categories: *; Price: Price: 33.0;"
All Beauty,"C'est Moi Vanilla Vibes Sugar Balm Body Scrub | Invigorating & Hydrating Exfoliant, Clinically Tested Non-Toxic Ingredients feat. Organic Shea Butter, Coconut Oil & Avocado Oil, EWG Verified, 6 oz",3.7,81,,,20.5,"{'hi_res': ['https://m.media-amazon.com/images/I/8137fwG8PtL._SL1500_.jpg', None, 'https://m.media-amazon.com/images/I/71Ku5o5hUHL._SL1500_.jpg', 'https://m.media-amazon.com/images/I/81XoX2C8AeL._SL1500_.jpg', 'https://m.media-amazon.com/images/I/71gW-k96gzL._SL1500_.jpg'], 'large': ['https://m.media-amazon.com/images/I/41iXqbi0+iL.jpg', 'https://m.media-amazon.com/images/I/51J-a68C5JL.jpg', 'https://m.media-amazon.com/images/I/516MMSO60nL.jpg', 'https://m.media-amazon.com/images/I/51shRMxkOZL.jpg', 'https://m.media-amazon.com/images/I/51GYlDLIVFL.jpg'], 'thumb': ['https://m.media-amazon.com/images/I/41iXqbi0+iL._SS40_.jpg', 'https://m.media-amazon.com/images/I/51J-a68C5JL._SS40_.jpg', 'https://m.media-amazon.com/images/I/516MMSO60nL._SS40_.jpg', 'https://m.media-amazon.com/images/I/51shRMxkOZL._SS40_.jpg', 'https://m.media-amazon.com/images/I/51GYlDLIVFL._SS40_.jpg'], 'variant': ['MAIN', 'PT01', 'PT02', 'PT03', 'PT04']}","{'title': ['Before You Buy Biossance Sugar Body Scrub HONEST Review', ""ATTITUDE's leaves bar Body Scrub"", 'Nice Hand & Body Scrub ', 'Organic Liquid Coconut Oils by Organic to Green', 'Biossance Squalane + Enzyme Sugar Body Scrub', 'Zero waste beauty routine | ft. Lisa', 'SheaMoisture Body Scrub Illuminating hand and body scrub '], 'url': ['https://www.amazon.com/vdp/0c5e7b2b0c7c44bfb654dd359c0bca13?ref=dp_vse_rvc_0', 'https://www.amazon.com/vdp/070591a796ca4d65b496858f3d12df8c?ref=dp_vse_rvc_1', 'https://www.amazon.com/vdp/02869b4d06f1465c8755ab371e322b57?ref=dp_vse_rvc_2', 'https://www.amazon.com/vdp/b62aaa3280d44177b23c551921e562e3?ref=dp_vse_rvc_3', 'https://www.amazon.com/vdp/0c8f740072ef4a1484f3210f837405e8?ref=dp_vse_rvc_4', 'https://www.amazon.com/vdp/054db897a1104c2bb60024b3f9f4c527?ref=dp_vse_rvc_5', 'https://www.amazon.com/vdp/0026a3fd8d304965840f5111981c502d?ref=dp_vse_rvc_6'], 'user_id': ['/shop/mariocondisjr', '', '/shop/thrivecrna', '', '', '', '/shop/catrojas33']}",C'est Moi,,"Brand: C'est Moi, Item Form: Balm, Skin Type: Sensitive, Product Benefits: Hydrating, Active Ingredients: Sugar, Is Discontinued By Manufacturer: No, Product Dimensions: 3.5 x 3.5 x 2 inches; 6 Ounces, Item model number: PR-COM-RT-X994317, UPC: 039897302607",B07FPS2VFK,,,,"Parent ASIN: B07FPS2VFK; Title: C'est Moi Vanilla Vibes Sugar Balm Body Scrub | Invigorating & Hydrating Exfoliant, Clinically Tested Non-Toxic Ingredients feat. Organic Shea Butter, Coconut Oil & Avocado Oil, EWG Verified, 6 oz; Author: *; Description: *; Features: * - Details: Brand: C'est Moi, Item Form: Balm, Skin Type: Sensitive, Product Benefits: Hydrating, Active Ingredients: Sugar, Is Discontinued By Manufacturer: No, Product Dimensions: 3.5 x 3.5 x 2 inches; 6 Ounces, Item model number: PR-COM-RT-X994317, UPC: 039897302607; Store: Store: C'est Moi; Categories: *; Price: Price: 20.5;"
All Beauty,CIMIY Gel Nail Polish Set 8 bottles - Manicure Colors Infinity with Top Base Coat for Forest Nail Art Natural Daily All Seasons for Nail Profession Salon and Starter at Home Soak Off UV LED 0.32oz,4.1,175,,,None,"{'hi_res': ['https://m.media-amazon.com/images/I/61GbVbHOkYL._SL1000_.jpg', 'https://m.media-amazon.com/images/I/61E7xwDAfaL._SL1000_.jpg', 'https://m.media-amazon.com/images/I/512CdlK0SpL._SL1000_.jpg', 'https://m.media-amazon.com/images/I/51Nd+Y3lbCL._SL1000_.jpg', 'https://m.media-amazon.com/images/I/61ofer8igBL._SL1000_.jpg', 'https://m.media-amazon.com/images/I/615FyeS8tWL._SL1000_.jpg', 'https://m.media-amazon.com/images/I/51w0ybW4tYL._SL1000_.jpg'], 'large': ['https://m.media-amazon.com/images/I/51vOVXKvosL.jpg', 'https://m.media-amazon.com/images/I/51c9jzoD7dL.jpg', 'https://m.media-amazon.com/images/I/41TVkfGMj8L.jpg', 'https://m.media-amazon.com/images/I/41jw+Tma+LL.jpg', 'https://m.media-amazon.com/images/I/51c0eo-POwL.jpg', 'https://m.media-amazon.com/images/I/51hOTV7D3LL.jpg', 'https://m.media-amazon.com/images/I/41FQ4apXdPL.jpg'], 'thumb': ['https://m.media-amazon.com/images/I/51vOVXKvosL._SS40_.jpg', 'https://m.media-amazon.com/images/I/51c9jzoD7dL._SS40_.jpg', 'https://m.media-amazon.com/images/I/41TVkfGMj8L._SS40_.jpg', 'https://m.media-amazon.com/images/I/41jw+Tma+LL._SS40_.jpg', 'https://m.media-amazon.com/images/I/51c0eo-POwL._SS40_.jpg', 'https://m.media-amazon.com/images/I/51hOTV7D3LL._SS40_.jpg', 'https://m.media-amazon.com/images/I/41FQ4apXdPL._SS40_.jpg'], 'variant': ['MAIN', 'PT01', 'PT02', 'PT03', 'PT04', 'PT05', 'PT06']}","{'title': ['Shinning beautiful shades for nail art', 'So great CIMIY gel nail polish set! Drew amazing nails with them', 'Amazing gel polish set', 'Great earth tones', 'Beautiful Colors', 'All the right tones 🔥🔥', 'lovely colors', 'Unboxing sneak of colors'], 'url': ['https://www.amazon.com/vdp/5ebe6355e2e04363b639edae6aaa475e?ref=dp_vse_rvc_0', 'https://www.amazon.com/vdp/ef0bcedbd1c748f2a539da9fa978f5b5?ref=dp_vse_rvc_1', 'https://www.amazon.com/vdp/0d6676947ad444ed8fce0690680df1aa?ref=dp_vse_rvc_2', 'https://www.amazon.com/vdp/05eefb5720c540c9b14bae33e1dd07e5?ref=dp_vse_rvc_3', 'https://www.amazon.com/vdp/d66603cf17fb4d8c89a338e71b8d7136?ref=dp_vse_rvc_4', 'https://www.amazon.com/vdp/0ffce9de351343e499c038a4b5aae873?ref=dp_vse_rvc_5', 'https://www.amazon.com/vdp/f1ee2b8531064f2b817a458ad16fa2cd?ref=dp_vse_rvc_6', 'https://www.amazon.com/vdp/3bbd12637e044d9d9611502b164a505d?ref=dp_vse_rvc_7'], 'user_id': ['AGFSEACWNO2RLOVYV7PNQGMXTU7Q', 'AEDO6LARSPGYUKESCBDHOST5UUYA', 'AGHYPT3KDFXS2ZCYOABE2T7466QQ', 'AFWJVMDBQKONWY4HJF5T2UVS42TA', 'AEA6TC6ZTXR5E46WJAHZO2LOVOZQ', 'AE5OZZYSWY5WJFF5DG22XW4DXLLA', 'AEB4ASJ2TDZ5PELOSLL5CKYTMEXQ', 'AFLUJCBRF2QQR5TCGW5Z7AVP4GNA']}",CIMIY,,"Brand: CIMIY, Item Form: Gel, Type: Gel, Finish Type: Glossy, Material Feature: Non-Toxic, Cruelty Free, Age Range (Description): Adult, Unit Count: 1 Count, Liquid Volume: 0.3 Fluid Ounces, Package Dimensions: 11.54 x 3.58 x 1.22 inches; 11.64 Ounces",B08HZ5Y8RY,,,,"Parent ASIN: B08HZ5Y8RY; Title: CIMIY Gel Nail Polish Set 8 bottles - Manicure Colors Infinity with Top Base Coat for Forest Nail Art Natural Daily All Seasons for Nail Profession Salon and Starter at Home Soak Off UV LED 0.32oz; Author: *; Description: *; Features: * - Details: Brand: CIMIY, Item Form: Gel, Type: Gel, Finish Type: Glossy, Material Feature: Non-Toxic, Cruelty Free, Age Range (Description): Adult, Unit Count: 1 Count, Liquid Volume: 0.3 Fluid Ounces, Package Dimensions: 11.54 x 3.58 x 1.22 inches; 11.64 Ounces; Store: Store: CIMIY; Categories: *; Price: Price: None;"
All Beauty,"Cutting Scissors Set 10 Pcs Professional Hairdressing Scissors Kit, Hair Cutting Scissors, Thinning Shears, Hair Razor Comb, Clips, Cape, Shears Kit for Home, Salon, Barber",4.1,68,,,None,"{'hi_res': ['https://m.media-amazon.com/images/I/611JIaI5b1L._SL1000_.jpg', 'https://m.media-amazon.com/images/I/61X7WC443EL._SL1002_.jpg', 'https://m.media-amazon.com/images/I/61C1KlYQO5L._SL1001_.jpg', 'https://m.media-amazon.com/images/I/61H+xnPnIUL._SL1001_.jpg', 'https://m.media-amazon.com/images/I/61dr9b+LP0L._SL1004_.jpg'], 'large': ['https://m.media-amazon.com/images/I/41CYF1siPIL.jpg', 'https://m.media-amazon.com/images/I/41vtp9IlV7L.jpg', 'https://m.media-amazon.com/images/I/41nYjZ+xJEL.jpg', 'https://m.media-amazon.com/images/I/51dXKNkVm-L.jpg', 'https://m.media-amazon.com/images/I/51OFP8OEtzL.jpg'], 'thumb': ['https://m.media-amazon.com/images/I/41CYF1siPIL._SS40_.jpg', 'https://m.media-amazon.com/images/I/41vtp9IlV7L._SS40_.jpg', 'https://m.media-amazon.com/images/I/41nYjZ+xJEL._SS40_.jpg', 'https://m.media-amazon.com/images/I/51dXKNkVm-L._SS40_.jpg', 'https://m.media-amazon.com/images/I/51OFP8OEtzL._SS40_.jpg'], 'variant': ['MAIN', 'PT01', 'PT02', 'PT03', 'PT04']}","{'title': ['Perfect kit for my touch ups'], 'url': ['https://www.amazon.com/vdp/0b445b4e4f2f47299d520fe0749700a4?ref=dp_vse_rvc_0'], 'user_id': ['AGUDURU66ZR4INM55PP2TLW3OLIA']}",P.travel,,"Brand: P.travel, Included Components: Scissors, Unit Count: 1 Count, Blade Material: Stainless Steel, Package Dimensions: 11.2 x 5.5 x 1.5 inches; 11.22 Ounces, UPC: 740646020214, Manufacturer: P.travel",B088PYN4VM,,,,"Parent ASIN: B088PYN4VM; Title: Cutting Scissors Set 10 Pcs Professional Hairdressing Scissors Kit, Hair Cutting Scissors, Thinning Shears, Hair Razor Comb, Clips, Cape, Shears Kit for Home, Salon, Barber; Author: *; Description: *; Features: * - Details: Brand: P.travel, Included Components: Scissors, Unit Count: 1 Count, Blade Material: Stainless Steel, Package Dimensions: 11.2 x 5.5 x 1.5 inches; 11.22 Ounces, UPC: 740646020214, Manufacturer: P.travel; Store: Store: P.travel; Categories: *; Price: Price: None;"
All Beauty,"MEACOLIA 6 Pack 8oz Water Mist Empty Spray Bottle for Hair,Plastic Spray Bottle for Cleaning Solutions,Refillable Container with Adjustable Head",4.1,30,,,None,"{'hi_res': ['https://m.media-amazon.com/images/I/71dtqjE4utL._SL1500_.jpg', None, None, None, 'https://m.media-amazon.com/images/I/61V1FNpS0IL._SL1001_.jpg', 'https://m.media-amazon.com/images/I/515XVjZDkoL._SL1010_.jpg', 'https://m.media-amazon.com/images/I/61dur5vkjOL._SL1001_.jpg'], 'large': ['https://m.media-amazon.com/images/I/51UD7mBbHlL.jpg', 'https://m.media-amazon.com/images/I/512fisktupL.jpg', 'https://m.media-amazon.com/images/I/51aZRVAQhbL.jpg', 'https://m.media-amazon.com/images/I/518lpOkSXTL.jpg', 'https://m.media-amazon.com/images/I/51CvBAMP8AL.jpg', 'https://m.media-amazon.com/images/I/41+dLs+zTZL.jpg', 'https://m.media-amazon.com/images/I/41pX5hGNunL.jpg'], 'thumb': ['https://m.media-amazon.com/images/I/51UD7mBbHlL._SS40_.jpg', 'https://m.media-amazon.com/images/I/512fisktupL._SS40_.jpg', 'https://m.media-amazon.com/images/I/51aZRVAQhbL._SS40_.jpg', 'https://m.media-amazon.com/images/I/518lpOkSXTL._SS40_.jpg', 'https://m.media-amazon.com/images/I/51CvBAMP8AL._SS40_.jpg', 'https://m.media-amazon.com/images/I/41+dLs+zTZL._SS40_.jpg', 'https://m.media-amazon.com/images/I/41pX5hGNunL._SS40_.jpg'], 'variant': ['MAIN', 'PT01', 'PT02', 'PT03', 'PT04', 'PT05', 'PT06']}","{'title': [], 'url': [], 'user_id': []}",MEACOLIA,,"Brand: MEACOLIA, Material: Plastic, Capacity: 8 Ounces, Package Dimensions: 10 x 9.13 x 4.25 inches; 9.59 Ounces, UPC: 193499864359",B08F79Z1Q5,,,,"Parent ASIN: B08F79Z1Q5; Title: MEACOLIA 6 Pack 8oz Water Mist Empty Spray Bottle for Hair,Plastic Spray Bottle for Cleaning Solutions,Refillable Container with Adjustable Head; Author: *; Description: *; Features: * - Details: Brand: MEACOLIA, Material: Plastic, Capacity: 8 Ounces, Package Dimensions: 10 x 9.13 x 4.25 inches; 9.59 Ounces, UPC: 193499864359; Store: Store: MEACOLIA; Categories: *; Price: Price: None;"
All Beauty,"Easydew 2-Step Face Contour Sheet Mask - Tightening & Anti-Aging & Hydrating Korean Face Mask with DW-EGF, Hyaluronic Acid for Anti-Winkle, Reducing Fine Line & Producing Collagen (Qty 5)",4.4,103,,,None,"{'hi_res': ['https://m.media-amazon.com/images/I/61x7dNf6rOL._SL1200_.jpg', 'https://m.media-amazon.com/images/I/61eGy6Oe5kL._SL1500_.jpg', None, 'https://m.media-amazon.com/images/I/71sWIXLDdtL._SL1500_.jpg', 'https://m.media-amazon.com/images/I/71NMjukMZLL._SL1500_.jpg', 'https://m.media-amazon.com/images/I/71me+kfRrhL._SL1500_.jpg', 'https://m.media-amazon.com/images/I/71uV8S3GcGL._SL1500_.jpg'], 'large': ['https://m.media-amazon.com/images/I/41zJ9WpdZ9L.jpg', 'https://m.media-amazon.com/images/I/41AcImzg8OL.jpg', 'https://m.media-amazon.com/images/I/41LoDy-xbeL.jpg', 'https://m.media-amazon.com/images/I/41-ZGzQQDrL.jpg', 'https://m.media-amazon.com/images/I/518tzCaaQ+L.jpg', 'https://m.media-amazon.com/images/I/51IbyldViwL.jpg', 'https://m.media-amazon.com/images/I/51yjnSgkZqL.jpg'], 'thumb': ['https://m.media-amazon.com/images/I/41zJ9WpdZ9L._SS40_.jpg', 'https://m.media-amazon.com/images/I/41AcImzg8OL._SS40_.jpg', 'https://m.media-amazon.com/images/I/41LoDy-xbeL._SS40_.jpg', 'https://m.media-amazon.com/images/I/41-ZGzQQDrL._SS40_.jpg', 'https://m.media-amazon.com/images/I/518tzCaaQ+L._SS40_.jpg', 'https://m.media-amazon.com/images/I/51IbyldViwL._SS40_.jpg', 'https://m.media-amazon.com/images/I/51yjnSgkZqL._SS40_.jpg'], 'variant': ['MAIN', 'PT01', 'PT02', 'PT04', 'PT06', 'PT07', 'PT08']}","{'title': ['Easydew 2-Step Face Contour Sheet Mask', '2-Step Face Contour Sheet Mask -Anti-wrinkle Eye patches', 'TreeActiv 2-Step Cystic Acne Treatment Kit Travel Face Wash'], 'url': ['https://www.amazon.com/vdp/2935c55a68134d7390d1d659b3a0f0d4?ref=dp_vse_rvc_0', 'https://www.amazon.com/vdp/07b0959979844aca8e7470322be295b3?ref=dp_vse_rvc_1', 'https://www.amazon.com/vdp/eceff1d933f8479b8d5212347fdc83ac?ref=dp_vse_rvc_2'], 'user_id': ['AHWW53MIXD7TQG3Z4IKAEV6DQDWA', 'AHWW53MIXD7TQG3Z4IKAEV6DQDWA', '']}",EASYDEW,,"Brand: EASYDEW, Item Form: Sheet, Scent: Honey, Special Feature: Not Tested On Animals, Unit Count: 1.00 Count, Is Discontinued By Manufacturer: Yes, Package Dimensions: 8.35 x 6.38 x 0.63 inches; 7.44 Ounces, Item model number: EETS1003, Manufacturer: CleveAid",B07P4LLZS6,,,,"Parent ASIN: B07P4LLZS6; Title: Easydew 2-Step Face Contour Sheet Mask - Tightening & Anti-Aging & Hydrating Korean Face Mask with DW-EGF, Hyaluronic Acid for Anti-Winkle, Reducing Fine Line & Producing Collagen (Qty 5); Author: *; Description: *; Features: * - Details: Brand: EASYDEW, Item Form: Sheet, Scent: Honey, Special Feature: Not Tested On Animals, Unit Count: 1.00 Count, Is Discontinued By Manufacturer: Yes, Package Dimensions: 8.35 x 6.38 x 0.63 inches; 7.44 Ounces, Item model number: EETS1003, Manufacturer: CleveAid; Store: Store: EASYDEW; Categories: *; Price: Price: None;"
All Beauty,"13.5 fl. Oz. Goat Milk Facial Cleanser, Moisturizing Face Wash for Women, Hydrating Natural Face Wash, Anti-aging Face Wash, Face Wash for Aging Ski",4.1,213,"'🌿 Gentle & Safe Face Wash: With Shea Butter, Aloe Juice, Soothes itchy & dry skin while cleansing the skin', '🌿 Moisturized & Hydrated Skin: Leaves skin cleansed, moisturized & hydrated Smooth & soft on your skin', '🌿 Contains goat milk proteins and skin loving lactic acid', '🌿 Natural Wash: Cleanses, protects & Clears skin without harsh chemicals', '🌿 Cruelty Free Wash: L&I apothecary products are not tested on animals'",,15.97,"{'hi_res': ['https://m.media-amazon.com/images/I/61TSLiEZ4NL._SL1500_.jpg', 'https://m.media-amazon.com/images/I/71y7+nqF2yL._SL1000_.jpg', 'https://m.media-amazon.com/images/I/71MF1ATyfcL._SL1500_.jpg', 'https://m.media-amazon.com/images/I/71XU30ZvfOL._SL1500_.jpg', 'https://m.media-amazon.com/images/I/71jSW64LGDL._SL1500_.jpg', 'https://m.media-amazon.com/images/I/81ukSX5NXmL._SL1500_.jpg', 'https://m.media-amazon.com/images/I/71V4gMD88vL._SL1000_.jpg', 'https://m.media-amazon.com/images/I/71q6XTFsmvL._SL1000_.jpg'], 'large': ['https://m.media-amazon.com/images/I/31QpoaFRuTL.jpg', 'https://m.media-amazon.com/images/I/616a6fqM0ZL.jpg', 'https://m.media-amazon.com/images/I/41L-rT1uBaL.jpg', 'https://m.media-amazon.com/images/I/31RSZbsSE4L.jpg', 'https://m.media-amazon.com/images/I/418B7MjfBqL.jpg', 'https://m.media-amazon.com/images/I/41lwqpSjdAL.jpg', 'https://m.media-amazon.com/images/I/51qfiPTmwlL.jpg', 'https://m.media-amazon.com/images/I/51i7kNRUrvL.jpg'], 'thumb': ['https://m.media-amazon.com/images/I/31QpoaFRuTL._SS40_.jpg', 'https://m.media-amazon.com/images/I/616a6fqM0ZL._SS40_.jpg', 'https://m.media-amazon.com/images/I/41L-rT1uBaL._SS40_.jpg', 'https://m.media-amazon.com/images/I/31RSZbsSE4L._SS40_.jpg', 'https://m.media-amazon.com/images/I/418B7MjfBqL._SS40_.jpg', 'https://m.media-amazon.com/images/I/41lwqpSjdAL._SS40_.jpg', 'https://m.media-amazon.com/images/I/51qfiPTmwlL._SS40_.jpg', 'https://m.media-amazon.com/images/I/51i7kNRUrvL._SS40_.jpg'], 'variant': ['MAIN', 'PT01', 'PT02', 'PT03', 'PT04', 'PT05', 'PT06', 'PT07']}","{'title': [""NEER'G Sea Salt Deep Cleansing Foam"", ""Genevive Reviews Eavara's Age Defying Moisturizer"", 'Milk Scrub Oat + Goat Milk Exfoliating Facial Cleanser', 'Beekman 1802 - Built Neighbor by Neighbor', 'ZOE - The best from nature ', 'Olivia Talks About the Importance of Clean Beauty'], 'url': ['https://www.amazon.com/vdp/04cf7cc2699d4175b12eab26903a092f?ref=dp_vse_rvc_0', 'https://www.amazon.com/vdp/036dfdeba81d469395e69ed4483d8a3f?ref=dp_vse_rvc_1', 'https://www.amazon.com/vdp/094b7b6f206b4734a210947047e74cb5?ref=dp_vse_rvc_2', 'https://www.amazon.com/vdp/055d6d40d08a48bfbb07788602af75d1?ref=dp_vse_rvc_3', 'https://www.amazon.com/vdp/0d0558a785af4b7ca7fb0c18a93e9b25?ref=dp_vse_rvc_4', 'https://www.amazon.com/vdp/08c3170cb0794b84bdc1796a058091ba?ref=dp_vse_rvc_5'], 'user_id': ['', '', '', '', '', '']}",L&I Apothecary,,"Item Form: Foam, Skin Type: All, Brand: L&I Apothecary, Scent: Aloe Vera, Material Feature: Natural, Cruelty Free, Is Discontinued By Manufacturer: No, Package Dimensions: 6.06 x 4.25 x 4.13 inches; 1.38 Pounds, Item model number: LI-BB, UPC: 781490943212, Manufacturer: The Henna Guys, Inc.",B07NPWK167,,,,"Parent ASIN: B07NPWK167; Title: 13.5 fl. Oz. Goat Milk Facial Cleanser, Moisturizing Face Wash for Women, Hydrating Natural Face Wash, Anti-aging Face Wash, Face Wash for Aging Ski; Author: *; Description: *; Features: Features: '🌿 Gentle & Safe Face Wash: With Shea Butter, Aloe Juice, Soothes itchy & dry skin while cleansing the skin', '🌿 Moisturized & Hydrated Skin: Leaves skin cleansed, moisturized & hydrated Smooth & soft on your skin', '🌿 Contains goat milk proteins and skin loving lactic acid', '🌿 Natural Wash: Cleanses, protects & Clears skin without harsh chemicals', '🌿 Cruelty Free Wash: L&I apothecary products are not tested on animals' - Details: Item Form: Foam, Skin Type: All, Brand: L&I Apothecary, Scent: Aloe Vera, Material Feature: Natural, Cruelty Free, Is Discontinued By Manufacturer: No, Package Dimensions: 6.06 x 4.25 x 4.13 inches; 1.38 Pounds, Item model number: LI-BB, UPC: 781490943212, Manufacturer: The Henna Guys, Inc.; Store: Store: L&I Apothecary; Categories: *; Price: Price: 15.97;"
All Beauty,"Travel Bottles for Toiletries, Silicone Travel Size Bottles And Squeezable Containers Holders with belt clip Keychain for Backpack, Shampoo, Liquid, Cosmetic Products(2 oz, 6 Pack)",4.1,90,,,None,"{'hi_res': ['https://m.media-amazon.com/images/I/61pDGDJBT9L._SL1500_.jpg', 'https://m.media-amazon.com/images/I/61jETWKfKfL._SL1500_.jpg', 'https://m.media-amazon.com/images/I/71ZUDpnwq3L._SL1500_.jpg', 'https://m.media-amazon.com/images/I/71JZJDIaSbL._SL1500_.jpg', 'https://m.media-amazon.com/images/I/81G0EzNT1DL._SL1500_.jpg', 'https://m.media-amazon.com/images/I/71gecmKHTXL._SL1500_.jpg'], 'large': ['https://m.media-amazon.com/images/I/41gBY6XbtbL.jpg', 'https://m.media-amazon.com/images/I/412bvPsas8L.jpg', 'https://m.media-amazon.com/images/I/51cWB5w4tkL.jpg', 'https://m.media-amazon.com/images/I/51-g9r5MWxL.jpg', 'https://m.media-amazon.com/images/I/61ZGSIbuLLL.jpg', 'https://m.media-amazon.com/images/I/41Xrh4BHEsL.jpg'], 'thumb': ['https://m.media-amazon.com/images/I/41gBY6XbtbL._SS40_.jpg', 'https://m.media-amazon.com/images/I/412bvPsas8L._SS40_.jpg', 'https://m.media-amazon.com/images/I/51cWB5w4tkL._SS40_.jpg', 'https://m.media-amazon.com/images/I/51-g9r5MWxL._SS40_.jpg', 'https://m.media-amazon.com/images/I/61ZGSIbuLLL._SS40_.jpg', 'https://m.media-amazon.com/images/I/41Xrh4BHEsL._SS40_.jpg'], 'variant': ['MAIN', 'PT01', 'PT02', 'PT03', 'PT04', 'PT05']}","{'title': ['Empty silicone travel bottles tsa approved'], 'url': ['https://www.amazon.com/vdp/dda636f5ee2f4ebe8d1b3fa503edfff3?ref=dp_vse_rvc_0'], 'user_id': ['']}",MACRAY,,"Brand: MACRAY, Material: Silicone, Capacity: 2 Ounces, Age Range (Description): Adult, Number of Items: 1, Package Dimensions: 11.73 x 6.61 x 1.61 inches; 8.47 Ounces, UPC: 782938308006",B08HRHCZV2,,,,"Parent ASIN: B08HRHCZV2; Title: Travel Bottles for Toiletries, Silicone Travel Size Bottles And Squeezable Containers Holders with belt clip Keychain for Backpack, Shampoo, Liquid, Cosmetic Products(2 oz, 6 Pack); Author: *; Description: *; Features: * - Details: Brand: MACRAY, Material: Silicone, Capacity: 2 Ounces, Age Range (Description): Adult, Number of Items: 1, Package Dimensions: 11.73 x 6.61 x 1.61 inches; 8.47 Ounces, UPC: 782938308006; Store: Store: MACRAY; Categories: *; Price: Price: None;"
All Beauty,ROSEGIN 23 Pcs Gel Nail Polish Set with Glossy and Matte Top and Base Coat Soak Off Gel Polish Colors Pink Red Green Neon Long Lasting Nail Gel Polish,4.3,110,,,None,"{'hi_res': ['https://m.media-amazon.com/images/I/81m2pa6y+9L._SL1500_.jpg', 'https://m.media-amazon.com/images/I/81X5vHCDXsL._SL1500_.jpg', 'https://m.media-amazon.com/images/I/81uLbLEgvOL._SL1500_.jpg', 'https://m.media-amazon.com/images/I/81t0O05+KzL._SL1500_.jpg', 'https://m.media-amazon.com/images/I/81HUzGxJZ3L._SL1500_.jpg', 'https://m.media-amazon.com/images/I/81hdhBrQFvL._SL1500_.jpg', 'https://m.media-amazon.com/images/I/81q2c00whmL._SL1500_.jpg'], 'large': ['https://m.media-amazon.com/images/I/51rpgJiNzHL.jpg', 'https://m.media-amazon.com/images/I/51FgEQgPeqL.jpg', 'https://m.media-amazon.com/images/I/51Zpx64ZxAL.jpg', 'https://m.media-amazon.com/images/I/41T2OBP5dqL.jpg', 'https://m.media-amazon.com/images/I/51uIOMYCR2L.jpg', 'https://m.media-amazon.com/images/I/51-ZMe-jnFL.jpg', 'https://m.media-amazon.com/images/I/51u4k7pTAcL.jpg'], 'thumb': ['https://m.media-amazon.com/images/I/51rpgJiNzHL._SS40_.jpg', 'https://m.media-amazon.com/images/I/51FgEQgPeqL._SS40_.jpg', 'https://m.media-amazon.com/images/I/51Zpx64ZxAL._SS40_.jpg', 'https://m.media-amazon.com/images/I/41T2OBP5dqL._SS40_.jpg', 'https://m.media-amazon.com/images/I/51uIOMYCR2L._SS40_.jpg', 'https://m.media-amazon.com/images/I/51-ZMe-jnFL._SS40_.jpg', 'https://m.media-amazon.com/images/I/51u4k7pTAcL._SS40_.jpg'], 'variant': ['MAIN', 'PT01', 'PT02', 'PT03', 'PT04', 'PT05', 'PT06']}","{'title': [], 'url': [], 'user_id': []}",ROSEGIN,,"Brand: ROSEGIN, Item Form: Gel, Color: Yellow,Orange,Green,Red,Pink, Finish Type: Glitter,Glossy, Special Feature: Long Lasting,Peel Off,Long-lasting, Material Feature: Non-Toxic, Cruelty Free, Age Range (Description): Adult, Unit Count: 1 Count, Number of Items: 23, Liquid Volume: 0.25 Fluid Ounces, Package Dimensions: 11.77 x 10.12 x 1.14 inches; 1.78 Pounds",B08K8P7LN6,,,,"Parent ASIN: B08K8P7LN6; Title: ROSEGIN 23 Pcs Gel Nail Polish Set with Glossy and Matte Top and Base Coat Soak Off Gel Polish Colors Pink Red Green Neon Long Lasting Nail Gel Polish; Author: *; Description: *; Features: * - Details: Brand: ROSEGIN, Item Form: Gel, Color: Yellow,Orange,Green,Red,Pink, Finish Type: Glitter,Glossy, Special Feature: Long Lasting,Peel Off,Long-lasting, Material Feature: Non-Toxic, Cruelty Free, Age Range (Description): Adult, Unit Count: 1 Count, Number of Items: 23, Liquid Volume: 0.25 Fluid Ounces, Package Dimensions: 11.77 x 10.12 x 1.14 inches; 1.78 Pounds; Store: Store: ROSEGIN; Categories: *; Price: Price: None;"
All Beauty,Iryasa Night Indulge Cream - Natural Face Cream for Dry Skin - Vegan Anti Aging Night Cream for Women - Firming Cream for Face and Neck - Organic Vitamin C Moisturizer for Face - 1.7oz,3.7,38,,,None,"{'hi_res': ['https://m.media-amazon.com/images/I/71YisUsMw3L._SL1437_.jpg', 'https://m.media-amazon.com/images/I/81s17HVDimL._SL1500_.jpg', 'https://m.media-amazon.com/images/I/81SRXexIdVL._SL1500_.jpg', 'https://m.media-amazon.com/images/I/81f4bsenKqL._SL1500_.jpg', 'https://m.media-amazon.com/images/I/81e40AyAFEL._SL1500_.jpg', 'https://m.media-amazon.com/images/I/81jGb5WJCDL._SL1500_.jpg', 'https://m.media-amazon.com/images/I/71ANIfBtIXL._SL1500_.jpg', 'https://m.media-amazon.com/images/I/819tv6c0-tL._SL1500_.jpg'], 'large': ['https://m.media-amazon.com/images/I/51wOKzxWheL.jpg', 'https://m.media-amazon.com/images/I/416qVStSFlL.jpg', 'https://m.media-amazon.com/images/I/51TlD07jqQL.jpg', 'https://m.media-amazon.com/images/I/51BTozB8TdL.jpg', 'https://m.media-amazon.com/images/I/51jxO2TR5mL.jpg', 'https://m.media-amazon.com/images/I/510DZKQdMCL.jpg', 'https://m.media-amazon.com/images/I/51qpwwf7UtL.jpg', 'https://m.media-amazon.com/images/I/51INaM+9yjL.jpg'], 'thumb': ['https://m.media-amazon.com/images/I/51wOKzxWheL._SS40_.jpg', 'https://m.media-amazon.com/images/I/416qVStSFlL._SS40_.jpg', 'https://m.media-amazon.com/images/I/51TlD07jqQL._SS40_.jpg', 'https://m.media-amazon.com/images/I/51BTozB8TdL._SS40_.jpg', 'https://m.media-amazon.com/images/I/51jxO2TR5mL._SS40_.jpg', 'https://m.media-amazon.com/images/I/510DZKQdMCL._SS40_.jpg', 'https://m.media-amazon.com/images/I/51qpwwf7UtL._SS40_.jpg', 'https://m.media-amazon.com/images/I/51INaM+9yjL._SS40_.jpg'], 'variant': ['MAIN', 'PT01', 'PT02', 'PT03', 'PT04', 'PT05', 'PT06', 'PT07']}","{'title': ['Great night cream!', 'Iryasa Night Indulge Cream - so soothing and moisturizing!'], 'url': ['https://www.amazon.com/vdp/1dedd6bc2977432a9301f95f1300a162?ref=dp_vse_rvc_0', 'https://www.amazon.com/vdp/cab0804785424cc081eb22e239373a04?ref=dp_vse_rvc_1'], 'user_id': ['AHTZGBZMHCMQBLONASIQQVK2ILCQ', 'AFR4ICBCBSYRFLSW5XTYWCIUNORQ']}",IRYASA,,"Brand: IRYASA, Item Form: Cream, Unit Count: 1.7 Ounce, Use for: Face, Skin Type: Mature, Is Discontinued By Manufacturer: No, Product Dimensions: 2.76 x 2.76 x 2.2 inches; 1.76 Ounces",B07W397QG4,,,,"Parent ASIN: B07W397QG4; Title: Iryasa Night Indulge Cream - Natural Face Cream for Dry Skin - Vegan Anti Aging Night Cream for Women - Firming Cream for Face and Neck - Organic Vitamin C Moisturizer for Face - 1.7oz; Author: *; Description: *; Features: * - Details: Brand: IRYASA, Item Form: Cream, Unit Count: 1.7 Ounce, Use for: Face, Skin Type: Mature, Is Discontinued By Manufacturer: No, Product Dimensions: 2.76 x 2.76 x 2.2 inches; 1.76 Ounces; Store: Store: IRYASA; Categories: *; Price: Price: None;"
All Beauty,"Cleancult Soap Dispenser with Pump, 12oz Frosted Glass Refillable Bottle with Non-Slip Grip, Pre filled with Natural Liquid Handsoap, Lavender Scent, Eco Friendly",4.3,200,,,None,"{'hi_res': ['https://m.media-amazon.com/images/I/514PF2t4OTL._SL1500_.jpg', 'https://m.media-amazon.com/images/I/61h5zVrrs+L._SL1500_.jpg', 'https://m.media-amazon.com/images/I/71Oa7H5nK8L._SL1500_.jpg', 'https://m.media-amazon.com/images/I/61JQvgzRHfL._SL1500_.jpg', 'https://m.media-amazon.com/images/I/61oLZMk3BmL._SL1500_.jpg', 'https://m.media-amazon.com/images/I/71Klvo5vvjL._SL1500_.jpg', 'https://m.media-amazon.com/images/I/71PoI69Gi-L._SL1500_.jpg', 'https://m.media-amazon.com/images/I/61p1i4IFnTL._SL1500_.jpg'], 'large': ['https://m.media-amazon.com/images/I/21hxTk0IKnL.jpg', 'https://m.media-amazon.com/images/I/41TJN5FZ4IL.jpg', 'https://m.media-amazon.com/images/I/51yziajOIHL.jpg', 'https://m.media-amazon.com/images/I/41BNOVAuDlL.jpg', 'https://m.media-amazon.com/images/I/41QpjVJjffL.jpg', 'https://m.media-amazon.com/images/I/51XIxV4G6YL.jpg', 'https://m.media-amazon.com/images/I/51e2SoVzGeL.jpg', 'https://m.media-amazon.com/images/I/41j0D7-uieL.jpg'], 'thumb': ['https://m.media-amazon.com/images/I/21hxTk0IKnL._SS40_.jpg', 'https://m.media-amazon.com/images/I/41TJN5FZ4IL._SS40_.jpg', 'https://m.media-amazon.com/images/I/51yziajOIHL._SS40_.jpg', 'https://m.media-amazon.com/images/I/41BNOVAuDlL._SS40_.jpg', 'https://m.media-amazon.com/images/I/41QpjVJjffL._SS40_.jpg', 'https://m.media-amazon.com/images/I/51XIxV4G6YL._SS40_.jpg', 'https://m.media-amazon.com/images/I/51e2SoVzGeL._SS40_.jpg', 'https://m.media-amazon.com/images/I/41j0D7-uieL._SS40_.jpg'], 'variant': ['MAIN', 'PT01', 'PT02', 'PT03', 'PT04', 'PT05', 'PT06', 'PT07']}","{'title': [], 'url': [], 'user_id': []}",Cleancult,,"Package Dimensions: 11 x 6 x 5 inches; 2.15 Pounds, UPC: 733447759506",B07Z4CVTRP,,,,"Parent ASIN: B07Z4CVTRP; Title: Cleancult Soap Dispenser with Pump, 12oz Frosted Glass Refillable Bottle with Non-Slip Grip, Pre filled with Natural Liquid Handsoap, Lavender Scent, Eco Friendly; Author: *; Description: *; Features: * - Details: Package Dimensions: 11 x 6 x 5 inches; 2.15 Pounds, UPC: 733447759506; Store: Store: Cleancult; Categories: *; Price: Price: None;"
All Beauty,"Garnier Whole Blends Softening Shampoo Bar for Fine to Normal Hair, Oat Delicacy, 2 Oz, 1 Count (Packaging May Vary)",4.3,1123,"'Softening, for fine to normal hair, that gently hydrates as it cleanses and lathers like a liquid shampoo with zero plastic packaging', 'Lasts up to 40 washes', 'Formulated with 94% plant based ingredients and 97% biodegradable', 'Paraben Free, formulated without Preservatives, Silicones, Soap, and Dyes', 'Leaping Bunny certified and Cruetly Free'","'Raise the bar on shampoo! Introducing a bar full of care for your hair that cleanses and lathers like a liquid shampoo, with zero plastic packaging. The nourishing and foamy formulas soften, protect, and revitalize hair, delivering shiny and healthy-looking strands that are cleansed with no harsh effect. Formulated with 94% plant-based ingredients, the shampoo bars are blended without silicones, preservatives, soap and dye. Bonus: Each easy-to-use bar lasts up to 40 washes. The fast-rinsing formulas are 97% biodegradable and dermatologist-tested for safety. To use, wet hair and the solid shampoo to make it foam, hold the bar and lather from roots to tips, massage scalp and rinse. Follow with your favorite Garnier Whole Blends shampoo or conditioner for added nourishment. New Whole Blends Shampoo Bars are available in four blends for your hair needs, packaged in 100% recyclable and Forest Stewardship Council certified cardboard boxes: Whole Blends Restoring Honey Treasures Shampoo Bar for dry and damaged hair, Whole Blends Hydrating Coco & Aloe Vera Shampoo Bar *Sulfate Free* for normal hair, Whole Blends Softening Oat Delicacy Shampoo Bar for fine to normal hair, Whole Blends Strengthening Ginger Recovery Shampoo Bar for weak hair.'",7.97,"{'hi_res': ['https://m.media-amazon.com/images/I/71xEsq7FXFS._SL1500_.jpg', 'https://m.media-amazon.com/images/I/91exFXxg1aS._SL1500_.jpg', 'https://m.media-amazon.com/images/I/812wwkzcvfL._SL1500_.jpg', 'https://m.media-amazon.com/images/I/91G1II-PziS._SL1500_.jpg', 'https://m.media-amazon.com/images/I/81pbmyFfjpL._SL1500_.jpg', 'https://m.media-amazon.com/images/I/81uxDuFh5WL._SL1500_.jpg', 'https://m.media-amazon.com/images/I/91b43iiuB3S._SL1500_.jpg', 'https://m.media-amazon.com/images/I/71vQzUzippS._SL1500_.jpg', 'https://m.media-amazon.com/images/I/8171I-5ekcS._SL1500_.jpg', 'https://m.media-amazon.com/images/I/71vW-fs12nS._SL1500_.jpg', 'https://m.media-amazon.com/images/I/71wUlJUBdGL._SL1500_.jpg'], 'large': ['https://m.media-amazon.com/images/I/411zYoikIqS.jpg', 'https://m.media-amazon.com/images/I/51yF6d85fpS.jpg', 'https://m.media-amazon.com/images/I/51yYszfOZAL.jpg', 'https://m.media-amazon.com/images/I/51xTnyMxxTS.jpg', 'https://m.media-amazon.com/images/I/51azZJUCTBL.jpg', 'https://m.media-amazon.com/images/I/51-fI1DYWtL.jpg', 'https://m.media-amazon.com/images/I/51qabRRQRlS.jpg', 'https://m.media-amazon.com/images/I/31Q+rrEi+6S.jpg', 'https://m.media-amazon.com/images/I/41lFhIY0pWS.jpg', 'https://m.media-amazon.com/images/I/41P6nhIjASS.jpg', 'https://m.media-amazon.com/images/I/41lB6GWKEeL.jpg'], 'thumb': ['https://m.media-amazon.com/images/I/411zYoikIqS._SS40_.jpg', 'https://m.media-amazon.com/images/I/51yF6d85fpS._SS40_.jpg', 'https://m.media-amazon.com/images/I/51yYszfOZAL._SS40_.jpg', 'https://m.media-amazon.com/images/I/51xTnyMxxTS._SS40_.jpg', 'https://m.media-amazon.com/images/I/51azZJUCTBL._SS40_.jpg', 'https://m.media-amazon.com/images/I/51-fI1DYWtL._SS40_.jpg', 'https://m.media-amazon.com/images/I/51qabRRQRlS._SS40_.jpg', 'https://m.media-amazon.com/images/I/31Q+rrEi+6S._SS40_.jpg', 'https://m.media-amazon.com/images/I/41lFhIY0pWS._SS40_.jpg', 'https://m.media-amazon.com/images/I/41P6nhIjASS._SS40_.jpg', 'https://m.media-amazon.com/images/I/41lB6GWKEeL._SS40_.jpg'], 'variant': ['MAIN', 'PT01', 'PT02', 'PT03', 'PT04', 'PT05', 'PT06', 'PT07', 'PT08', 'PT09', 'PT10']}","{'title': ['New Whole Blends Solid Shampoo Bars, Zero Plastic Packaging', 'Great hair on-the-go!'], 'url': ['https://www.amazon.com/vdp/0ebfc9a85f4d451e9b4c38c6a97978f8?ref=dp_vse_rvc_0', 'https://www.amazon.com/vdp/059d73f4b08b41779af26076fd68e8cc?ref=dp_vse_rvc_1'], 'user_id': ['', '']}",Garnier,,"Brand: Garnier, Item Form: Bar, Hair Type: Fine Hair,Normal Hair-, Scent: Honey, Age Range (Description): Adult, Package Dimensions: 2.99 x 2.91 x 1.26 inches; 2 Ounces, Manufacturer: Garnier Hair Care, Country of Origin: France",B0941YDPSW,,,,"Parent ASIN: B0941YDPSW; Title: Garnier Whole Blends Softening Shampoo Bar for Fine to Normal Hair, Oat Delicacy, 2 Oz, 1 Count (Packaging May Vary); Author: *; Description: Description: 'Raise the bar on shampoo! Introducing a bar full of care for your hair that cleanses and lathers like a liquid shampoo, with zero plastic packaging. The nourishing and foamy formulas soften, protect, and revitalize hair, delivering shiny and healthy-looking strands that are cleansed with no harsh effect. Formulated with 94% plant-based ingredients, the shampoo bars are blended without silicones, preservatives, soap and dye. Bonus: Each easy-to-use bar lasts up to 40 washes. The fast-rinsing formulas are 97% biodegradable and dermatologist-tested for safety. To use, wet hair and the solid shampoo to make it foam, hold the bar and lather from roots to tips, massage scalp and rinse. Follow with your favorite Garnier Whole Blends shampoo or conditioner for added nourishment. New Whole Blends Shampoo Bars are available in four blends for your hair needs, packaged in 100% recyclable and Forest Stewardship Council certified cardboard boxes: Whole Blends Restoring Honey Treasures Shampoo Bar for dry and damaged hair, Whole Blends Hydrating Coco & Aloe Vera Shampoo Bar *Sulfate Free* for normal hair, Whole Blends Softening Oat Delicacy Shampoo Bar for fine to normal hair, Whole Blends Strengthening Ginger Recovery Shampoo Bar for weak hair.'; Features: Features: 'Softening, for fine to normal hair, that gently hydrates as it cleanses and lathers like a liquid shampoo with zero plastic packaging', 'Lasts up to 40 washes', 'Formulated with 94% plant based ingredients and 97% biodegradable', 'Paraben Free, formulated without Preservatives, Silicones, Soap, and Dyes', 'Leaping Bunny certified and Cruetly Free' - Details: Brand: Garnier, Item Form: Bar, Hair Type: Fine Hair,Normal Hair-, Scent: Honey, Age Range (Description): Adult, Package Dimensions: 2.99 x 2.91 x 1.26 inches; 2 Ounces, Manufacturer: Garnier Hair Care, Country of Origin: France; Store: Store: Garnier; Categories: *; Price: Price: 7.97;"
All Beauty,"Microfiber Hair Towels - 5 Towel Set – 5 Beautiful Colors - Great for all Hair Types - Size (10 x 26 inches) Lightweight, Absorbent, and Ultra Soft. Colors Rose, Pink, Gray, Blue, and Lilac.",4.6,27,,,None,"{'hi_res': ['https://m.media-amazon.com/images/I/81cCQFSb8iL._SL1500_.jpg', 'https://m.media-amazon.com/images/I/71XxPvenLTL._SL1498_.jpg', 'https://m.media-amazon.com/images/I/81GIuMB3-IL._SL1500_.jpg', 'https://m.media-amazon.com/images/I/81CE1RMshCL._SL1500_.jpg', 'https://m.media-amazon.com/images/I/91k2C2U7DsL._SL1500_.jpg', 'https://m.media-amazon.com/images/I/81tynEsvO1L._SL1500_.jpg', 'https://m.media-amazon.com/images/I/91MCcMLcHqL._SL1500_.jpg'], 'large': ['https://m.media-amazon.com/images/I/41E1q4+8YHL.jpg', 'https://m.media-amazon.com/images/I/416alENzhQL.jpg', 'https://m.media-amazon.com/images/I/41fxzF7BDIL.jpg', 'https://m.media-amazon.com/images/I/4188T89vjbL.jpg', 'https://m.media-amazon.com/images/I/41cC9ZMgn1L.jpg', 'https://m.media-amazon.com/images/I/41qh0OZteXL.jpg', 'https://m.media-amazon.com/images/I/41JdJ9nwAjL.jpg'], 'thumb': ['https://m.media-amazon.com/images/I/41E1q4+8YHL._SS40_.jpg', 'https://m.media-amazon.com/images/I/416alENzhQL._SS40_.jpg', 'https://m.media-amazon.com/images/I/41fxzF7BDIL._SS40_.jpg', 'https://m.media-amazon.com/images/I/4188T89vjbL._SS40_.jpg', 'https://m.media-amazon.com/images/I/41cC9ZMgn1L._SS40_.jpg', 'https://m.media-amazon.com/images/I/41qh0OZteXL._SS40_.jpg', 'https://m.media-amazon.com/images/I/41JdJ9nwAjL._SS40_.jpg'], 'variant': ['MAIN', 'PT01', 'PT02', 'PT03', 'PT04', 'PT06', 'PT07']}","{'title': [], 'url': [], 'user_id': []}",AViBNiUM,,"Brand: AViBNiUM, Towel form type: Hair Towel, Age Range (Description): All Ages, Material: Microfiber, Product Dimensions: 26\L x 10\W, Package Dimensions: 13 x 10 x 3 inches; 1.06 Pounds, UPC: 860005528004",B08Q3F3L7S,,,,"Parent ASIN: B08Q3F3L7S; Title: Microfiber Hair Towels - 5 Towel Set – 5 Beautiful Colors - Great for all Hair Types - Size (10 x 26 inches) Lightweight, Absorbent, and Ultra Soft. Colors Rose, Pink, Gray, Blue, and Lilac.; Author: *; Description: *; Features: * - Details: Brand: AViBNiUM, Towel form type: Hair Towel, Age Range (Description): All Ages, Material: Microfiber, Product Dimensions: 26\L x 10\W, Package Dimensions: 13 x 10 x 3 inches; 1.06 Pounds, UPC: 860005528004; Store: Store: AViBNiUM; Categories: *; Price: Price: None;"
All Beauty,"Rose Quartz Roller with Derma Roller 0.25mm, Facial Kit with Microneedle and Pink Jade Rollers",4.6,144,"'MODERN TOOLS FOR SKINCARE - Take your skincare routine to the next level with this facial kit consisting of jade roller and derma roller', 'WHAT IS INCLUDED - One rose quartz roller and one microneedle derma roller for face, two storage cases, instructions', 'WHAT THIS KIT DOES – Facial massage with the jade roller and microneedling treatment with the facial derma roller for a smoother and younger looking appearance and a vibrant skin tone', 'EASY FOR HOME USE – Facial massage with the stone roller and derma rolling procedure are simple to perform at home.', 'ATTENTION TO QUALITY – Genuine rose quarts and ultra-smooth stone used for the jade roller. The derma roller was designed with impeccable attention to detail.'",,19.95,"{'hi_res': ['https://m.media-amazon.com/images/I/71j3yNa+AsL._SL1500_.jpg', 'https://m.media-amazon.com/images/I/71E23v7hpVL._SL1500_.jpg', 'https://m.media-amazon.com/images/I/71RJe6BZykL._SL1500_.jpg', 'https://m.media-amazon.com/images/I/71P4fKOf3TL._SL1500_.jpg', 'https://m.media-amazon.com/images/I/7142tKxIj7L._SL1500_.jpg', 'https://m.media-amazon.com/images/I/71VRTpbjfsL._SL1500_.jpg'], 'large': ['https://m.media-amazon.com/images/I/41sL8hsOoeL.jpg', 'https://m.media-amazon.com/images/I/51UxRJfwdPL.jpg', 'https://m.media-amazon.com/images/I/41c4MZF91tL.jpg', 'https://m.media-amazon.com/images/I/414FDqIFcbL.jpg', 'https://m.media-amazon.com/images/I/41-q94+RIXL.jpg', 'https://m.media-amazon.com/images/I/51H6aGW41OL.jpg'], 'thumb': ['https://m.media-amazon.com/images/I/41sL8hsOoeL._SS40_.jpg', 'https://m.media-amazon.com/images/I/51UxRJfwdPL._SS40_.jpg', 'https://m.media-amazon.com/images/I/41c4MZF91tL._SS40_.jpg', 'https://m.media-amazon.com/images/I/414FDqIFcbL._SS40_.jpg', 'https://m.media-amazon.com/images/I/41-q94+RIXL._SS40_.jpg', 'https://m.media-amazon.com/images/I/51H6aGW41OL._SS40_.jpg'], 'variant': ['MAIN', 'PT01', 'PT02', 'PT03', 'PT04', 'PT05']}","{'title': ['Brilliant for my daughter and works well so far', 'Lolysenta Derma Roller | How to Use', 'Rose Quartz Roller | How to Use', 'Plum Beauty Facial Rollers'], 'url': ['https://www.amazon.com/vdp/b50e74a88bce4e4f8eb6ccc3a5343303?ref=dp_vse_rvc_0', 'https://www.amazon.com/vdp/402378ad94984f688ac2ca9268c6716b?ref=dp_vse_rvc_1', 'https://www.amazon.com/vdp/8d2f474da4c240c9924083eac59dcdee?ref=dp_vse_rvc_2', 'https://www.amazon.com/vdp/e2fdb11c44ab4fcabc8e1716441c5309?ref=dp_vse_rvc_3'], 'user_id': ['AEQ2RA4DHP4KUJFPNALRN72ZUYCQ', 'AG2RMUDMPCYI7CIPNUWTVMCPR4XA', 'AG2RMUDMPCYI7CIPNUWTVMCPR4XA', '']}",LOLYSENTA,,"Is Discontinued By Manufacturer: No, Package Dimensions: 7.1 x 5.1 x 1.6 inches; 8.78 Ounces, Item model number: LS17, UPC: 850002524062, Manufacturer: LOLYSENTA, LLC",B07HVRP37G,,,,"Parent ASIN: B07HVRP37G; Title: Rose Quartz Roller with Derma Roller 0.25mm, Facial Kit with Microneedle and Pink Jade Rollers; Author: *; Description: *; Features: Features: 'MODERN TOOLS FOR SKINCARE - Take your skincare routine to the next level with this facial kit consisting of jade roller and derma roller', 'WHAT IS INCLUDED - One rose quartz roller and one microneedle derma roller for face, two storage cases, instructions', 'WHAT THIS KIT DOES – Facial massage with the jade roller and microneedling treatment with the facial derma roller for a smoother and younger looking appearance and a vibrant skin tone', 'EASY FOR HOME USE – Facial massage with the stone roller and derma rolling procedure are simple to perform at home.', 'ATTENTION TO QUALITY – Genuine rose quarts and ultra-smooth stone used for the jade roller. The derma roller was designed with impeccable attention to detail.' - Details: Is Discontinued By Manufacturer: No, Package Dimensions: 7.1 x 5.1 x 1.6 inches; 8.78 Ounces, Item model number: LS17, UPC: 850002524062, Manufacturer: LOLYSENTA, LLC; Store: Store: LOLYSENTA; Categories: *; Price: Price: 19.95;"
All Beauty,"STYLEAGAL Portable Electric Nail Drill, Manicure Pedicure Drill Kit Professional nail starter kit for beginners acrylic with drill（2020 Upgraded）",4.2,162,,,None,"{'hi_res': ['https://m.media-amazon.com/images/I/61HLIT88LvL._SL1000_.jpg', 'https://m.media-amazon.com/images/I/61ghxP6I3LL._SL1000_.jpg', 'https://m.media-amazon.com/images/I/61YIrm1X+7L._SL1000_.jpg', 'https://m.media-amazon.com/images/I/61o79cs-5sL._SL1000_.jpg', 'https://m.media-amazon.com/images/I/61kE2hHErkL._SL1000_.jpg', 'https://m.media-amazon.com/images/I/61uPLCOM7KL._SL1000_.jpg', 'https://m.media-amazon.com/images/I/61uVyecQ8LL._SL1000_.jpg', 'https://m.media-amazon.com/images/I/51XBo3mGRZL._SL1000_.jpg', 'https://m.media-amazon.com/images/I/71-rsrex9AL._SL1000_.jpg'], 'large': ['https://m.media-amazon.com/images/I/41b7JTjzo8L.jpg', 'https://m.media-amazon.com/images/I/51ZKvhCrZ3L.jpg', 'https://m.media-amazon.com/images/I/51kGCZbnMJL.jpg', 'https://m.media-amazon.com/images/I/51IYayp-8KL.jpg', 'https://m.media-amazon.com/images/I/51aY2LhMWfL.jpg', 'https://m.media-amazon.com/images/I/519IpR7hiBL.jpg', 'https://m.media-amazon.com/images/I/51IxKGXsMBL.jpg', 'https://m.media-amazon.com/images/I/41vy2PSPdWL.jpg', 'https://m.media-amazon.com/images/I/51nbdUsdm9L.jpg'], 'thumb': ['https://m.media-amazon.com/images/I/41b7JTjzo8L._SS40_.jpg', 'https://m.media-amazon.com/images/I/51ZKvhCrZ3L._SS40_.jpg', 'https://m.media-amazon.com/images/I/51kGCZbnMJL._SS40_.jpg', 'https://m.media-amazon.com/images/I/51IYayp-8KL._SS40_.jpg', 'https://m.media-amazon.com/images/I/51aY2LhMWfL._SS40_.jpg', 'https://m.media-amazon.com/images/I/519IpR7hiBL._SS40_.jpg', 'https://m.media-amazon.com/images/I/51IxKGXsMBL._SS40_.jpg', 'https://m.media-amazon.com/images/I/41vy2PSPdWL._SS40_.jpg', 'https://m.media-amazon.com/images/I/51nbdUsdm9L._SS40_.jpg'], 'variant': ['MAIN', 'PT01', 'PT02', 'PT03', 'PT04', 'PT05', 'PT06', 'PT07', 'PT08']}","{'title': ['Works very well', 'Great for beginners'], 'url': ['https://www.amazon.com/vdp/d5ff60cd951742c680d119442f7058ec?ref=dp_vse_rvc_0', 'https://www.amazon.com/vdp/ec33313790644211920bd6d2647ccef0?ref=dp_vse_rvc_1'], 'user_id': ['AERAKNJ2BURBP5RGO5VZCBHIP4NA', 'AHQMSQZKB7BHOHP53QIGLVCHPOCQ']}",styleagal,,"Brand: styleagal, Voltage: 5 Volts, Power Source: Battery Powered, Is Discontinued By Manufacturer: No, Package Dimensions: 7.8 x 4.5 x 2 inches; 8.01 Ounces, UPC: 782913461771, Manufacturer: STYLEAGAL",B0888CX245,,,,"Parent ASIN: B0888CX245; Title: STYLEAGAL Portable Electric Nail Drill, Manicure Pedicure Drill Kit Professional nail starter kit for beginners acrylic with drill（2020 Upgraded）; Author: *; Description: *; Features: * - Details: Brand: styleagal, Voltage: 5 Volts, Power Source: Battery Powered, Is Discontinued By Manufacturer: No, Package Dimensions: 7.8 x 4.5 x 2 inches; 8.01 Ounces, UPC: 782913461771, Manufacturer: STYLEAGAL; Store: Store: styleagal; Categories: *; Price: Price: None;"
All Beauty,"Maya Mari Hydrating Argan Oil Shampoo – Rich in Nutrients, Restores Moisture & Shine, 32 oz",4.3,41,,,None,"{'hi_res': ['https://m.media-amazon.com/images/I/7170fzqBN9L._SL1500_.jpg', 'https://m.media-amazon.com/images/I/71pMpJmjN8L._SL1500_.jpg', 'https://m.media-amazon.com/images/I/71pqa07LG9L._SL1500_.jpg', 'https://m.media-amazon.com/images/I/81D1deDwnnL._SL1500_.jpg', 'https://m.media-amazon.com/images/I/61+wxrnx87L._SL1200_.jpg', 'https://m.media-amazon.com/images/I/71ICjufwaEL._SL1500_.jpg', 'https://m.media-amazon.com/images/I/81lyaPNOo8L._SL1500_.jpg', 'https://m.media-amazon.com/images/I/71Wwk52L5PL._SL1500_.jpg'], 'large': ['https://m.media-amazon.com/images/I/41e7Fvmb1qL.jpg', 'https://m.media-amazon.com/images/I/51DtRaX+suL.jpg', 'https://m.media-amazon.com/images/I/51We7P6LHxL.jpg', 'https://m.media-amazon.com/images/I/51We8PY9H-L.jpg', 'https://m.media-amazon.com/images/I/41HYue2m+8L.jpg', 'https://m.media-amazon.com/images/I/51wlLLIEySL.jpg', 'https://m.media-amazon.com/images/I/51EJxI4XzHL.jpg', 'https://m.media-amazon.com/images/I/31nvK8-NDhL.jpg'], 'thumb': ['https://m.media-amazon.com/images/I/41e7Fvmb1qL._SS40_.jpg', 'https://m.media-amazon.com/images/I/51DtRaX+suL._SS40_.jpg', 'https://m.media-amazon.com/images/I/51We7P6LHxL._SS40_.jpg', 'https://m.media-amazon.com/images/I/51We8PY9H-L._SS40_.jpg', 'https://m.media-amazon.com/images/I/41HYue2m+8L._SS40_.jpg', 'https://m.media-amazon.com/images/I/51wlLLIEySL._SS40_.jpg', 'https://m.media-amazon.com/images/I/51EJxI4XzHL._SS40_.jpg', 'https://m.media-amazon.com/images/I/31nvK8-NDhL._SS40_.jpg'], 'variant': ['MAIN', 'PT01', 'PT02', 'PT03', 'PT04', 'PT05', 'PT06', 'PT08']}","{'title': ['Maya Mari Castor Oil Curl Restore Shampoo'], 'url': ['https://www.amazon.com/vdp/07fea2f05ae34430ac44de2b93ebaa6f?ref=dp_vse_rvc_0'], 'user_id': ['']}",MAYA MARI,,"Brand: MAYA MARI, Hair Type: Damaged,Curly Hair, Age Range (Description): Adult, Material Type Free: Paraben Free, Product Benefits: Hydrating, Product Dimensions: 3.25 x 3.25 x 10 inches; 1.94 Pounds, Item model number: MMAROILSP, UPC: 850004068267",B087ZQK2G8,,,,"Parent ASIN: B087ZQK2G8; Title: Maya Mari Hydrating Argan Oil Shampoo – Rich in Nutrients, Restores Moisture & Shine, 32 oz; Author: *; Description: *; Features: * - Details: Brand: MAYA MARI, Hair Type: Damaged,Curly Hair, Age Range (Description): Adult, Material Type Free: Paraben Free, Product Benefits: Hydrating, Product Dimensions: 3.25 x 3.25 x 10 inches; 1.94 Pounds, Item model number: MMAROILSP, UPC: 850004068267; Store: Store: MAYA MARI; Categories: *; Price: Price: None;"
All Beauty,"lorelo 4 Pieces Nail Dotting Pen, Dual-ended Nail Dotting Pen Liner Brush Nail Art Point Drill Drawing Tools Set Nail Art DIY Decoration Tool",3.7,41,,,None,"{'hi_res': ['https://m.media-amazon.com/images/I/51jbFkFLg7L._SL1001_.jpg', 'https://m.media-amazon.com/images/I/51jn1DGrJrL._SL1001_.jpg', 'https://m.media-amazon.com/images/I/515Hw2Kzx0L._SL1001_.jpg', 'https://m.media-amazon.com/images/I/51H-MwZVR6L._SL1001_.jpg', 'https://m.media-amazon.com/images/I/51wLNFZGj8L._SL1001_.jpg', 'https://m.media-amazon.com/images/I/61rLaFPKX1L._SL1001_.jpg', 'https://m.media-amazon.com/images/I/51Ec0KWnscL._SL1001_.jpg'], 'large': ['https://m.media-amazon.com/images/I/31Sbf4SXseL.jpg', 'https://m.media-amazon.com/images/I/41hhQ2RanaL.jpg', 'https://m.media-amazon.com/images/I/41+kMFWdyeL.jpg', 'https://m.media-amazon.com/images/I/41CMHXpLRRL.jpg', 'https://m.media-amazon.com/images/I/41wcHF77UpL.jpg', 'https://m.media-amazon.com/images/I/41X-qlBLfvL.jpg', 'https://m.media-amazon.com/images/I/41biICqgm0L.jpg'], 'thumb': ['https://m.media-amazon.com/images/I/31Sbf4SXseL._SS40_.jpg', 'https://m.media-amazon.com/images/I/41hhQ2RanaL._SS40_.jpg', 'https://m.media-amazon.com/images/I/41+kMFWdyeL._SS40_.jpg', 'https://m.media-amazon.com/images/I/41CMHXpLRRL._SS40_.jpg', 'https://m.media-amazon.com/images/I/41wcHF77UpL._SS40_.jpg', 'https://m.media-amazon.com/images/I/41X-qlBLfvL._SS40_.jpg', 'https://m.media-amazon.com/images/I/41biICqgm0L._SS40_.jpg'], 'variant': ['MAIN', 'PT01', 'PT02', 'PT03', 'PT04', 'PT05', 'PT06']}","{'title': ['Great tools for the price'], 'url': ['https://www.amazon.com/vdp/0bf52225a52a481dbcc5b6be2414af5e?ref=dp_vse_rvc_0'], 'user_id': ['AHKKE6XSATYYEQBA4KMQRWJJVZOQ']}",lorelo,,"Package Dimensions: 7.3 x 4.2 x 0.6 inches; 1.59 Ounces, UPC: 619156572950",B085RQKWNF,,,,"Parent ASIN: B085RQKWNF; Title: lorelo 4 Pieces Nail Dotting Pen, Dual-ended Nail Dotting Pen Liner Brush Nail Art Point Drill Drawing Tools Set Nail Art DIY Decoration Tool; Author: *; Description: *; Features: * - Details: Package Dimensions: 7.3 x 4.2 x 0.6 inches; 1.59 Ounces, UPC: 619156572950; Store: Store: lorelo; Categories: *; Price: Price: None;"
All Beauty,"Aesfee Makeup Mirror Vanity Mirror with Lights, 1x/2x/3x Magnification LED Lighted Trifold Cosmetic Mirrors, 3 Color Lighting Modes Touch Control Dimmable Countertop Illuminated Mirrors - White",3.5,70,,,None,"{'hi_res': ['https://m.media-amazon.com/images/I/51cM9WZTssL._SL1500_.jpg', 'https://m.media-amazon.com/images/I/71bmARq1TrL._SL1500_.jpg', 'https://m.media-amazon.com/images/I/71A-X4iQFjL._SL1500_.jpg', 'https://m.media-amazon.com/images/I/71TAyCcXK2L._SL1500_.jpg', 'https://m.media-amazon.com/images/I/714B7kJg3dL._SL1500_.jpg', 'https://m.media-amazon.com/images/I/61oZb6ALyvL._SL1500_.jpg', 'https://m.media-amazon.com/images/I/61ScCaGCh9L._SL1500_.jpg', 'https://m.media-amazon.com/images/I/51SlbbWJroL._SL1200_.jpg'], 'large': ['https://m.media-amazon.com/images/I/31A9unpp2JL.jpg', 'https://m.media-amazon.com/images/I/41K9XwRDsoL.jpg', 'https://m.media-amazon.com/images/I/41Bk13aw9ZL.jpg', 'https://m.media-amazon.com/images/I/41S1Wv9pbIL.jpg', 'https://m.media-amazon.com/images/I/41L+ajGx24L.jpg', 'https://m.media-amazon.com/images/I/41sj-nIU-mL.jpg', 'https://m.media-amazon.com/images/I/413ZjJuE9RL.jpg', 'https://m.media-amazon.com/images/I/31zoxHEGLLL.jpg'], 'thumb': ['https://m.media-amazon.com/images/I/31A9unpp2JL._SS40_.jpg', 'https://m.media-amazon.com/images/I/41K9XwRDsoL._SS40_.jpg', 'https://m.media-amazon.com/images/I/41Bk13aw9ZL._SS40_.jpg', 'https://m.media-amazon.com/images/I/41S1Wv9pbIL._SS40_.jpg', 'https://m.media-amazon.com/images/I/41L+ajGx24L._SS40_.jpg', 'https://m.media-amazon.com/images/I/41sj-nIU-mL._SS40_.jpg', 'https://m.media-amazon.com/images/I/413ZjJuE9RL._SS40_.jpg', 'https://m.media-amazon.com/images/I/31zoxHEGLLL._SS40_.jpg'], 'variant': ['MAIN', 'PT01', 'PT02', 'PT03', 'PT04', 'PT05', 'PT06', 'PT07']}","{'title': ['Damaged', 'Makeup Mirror with Lights, Trifold  Lighted Makeup Mirror', 'Quick review of this foldable lighted vanity mirror', 'Brightown Rechargeable Trifold Vanity Mirror Showcase', 'vanity mirror with lights with 3 lights mode dimmable', 'LED Lighted Makeup Vanity Mirror Rechargeable', 'What you should know before you buy this mirror', 'Portable LED Vanity Makeup Mirror with USB charger', 'MakeUp Vanity Mirror 1st Look & Unboxing Review', 'Review of Brightown Rechargeable Trifold Vanity Mirror'], 'url': ['https://www.amazon.com/vdp/276b6a305b55408ca9c31f4371104446?ref=dp_vse_rvc_0', 'https://www.amazon.com/vdp/064205fb1f104862af20dcb439c316dc?ref=dp_vse_rvc_1', 'https://www.amazon.com/vdp/0cb94655eee2425f90773a9efa453aed?ref=dp_vse_rvc_2', 'https://www.amazon.com/vdp/058bba38d5454b8a998b1fc802ff6903?ref=dp_vse_rvc_3', 'https://www.amazon.com/vdp/06d0cfd597e54bfbb4a69ee97e9e3cca?ref=dp_vse_rvc_4', 'https://www.amazon.com/vdp/244369f337514dcaadd1b1bbbc5d901a?ref=dp_vse_rvc_5', 'https://www.amazon.com/vdp/0087fc6f9ccc490badba1ecb5dda6559?ref=dp_vse_rvc_6', 'https://www.amazon.com/vdp/090ab3872ae844b7b8460e2de17f8144?ref=dp_vse_rvc_7', 'https://www.amazon.com/vdp/091cb8ed966540029aabea0037c1be1d?ref=dp_vse_rvc_8', 'https://www.amazon.com/vdp/09574fc58a3f4e9ba44b13955695f706?ref=dp_vse_rvc_9'], 'user_id': ['AHFRQLTLW7ZNTDRTWYB36GXKHFIA', '', '/shop/hardesthitsinsports', '/shop/dragonbloggertechnologyandentertainment', '', '', '/shop/gayletter', '/shop/ugcpreneursara', '/shop/thingsverygood', '/shop/dragonbloggertechnologyandentertainment']}",Aesfee,,"Brand: Aesfee, Shape: Rectangular, Product Dimensions: 2.6 x 6.5 x 0.01 inches; 2.85 Pounds, Mounting Type: Tabletop Mount, Special Feature: Dimmable, Trifold, Lighted, Adjustable, Touch_sensor, Item model number: AF-805, UPC: 608912294366",B08N6CLJ6P,,,,"Parent ASIN: B08N6CLJ6P; Title: Aesfee Makeup Mirror Vanity Mirror with Lights, 1x/2x/3x Magnification LED Lighted Trifold Cosmetic Mirrors, 3 Color Lighting Modes Touch Control Dimmable Countertop Illuminated Mirrors - White; Author: *; Description: *; Features: * - Details: Brand: Aesfee, Shape: Rectangular, Product Dimensions: 2.6 x 6.5 x 0.01 inches; 2.85 Pounds, Mounting Type: Tabletop Mount, Special Feature: Dimmable, Trifold, Lighted, Adjustable, Touch_sensor, Item model number: AF-805, UPC: 608912294366; Store: Store: Aesfee; Categories: *; Price: Price: None;"
All Beauty,Plant Therapy Natural Acetone Free Nail Polish Remover 6 fl oz One Touch Dispensing Bottle with Flip Top Cap Tropical Flower Scent,4.2,362,,,None,"{'hi_res': ['https://m.media-amazon.com/images/I/51j6j0t5IUL._SL1000_.jpg', 'https://m.media-amazon.com/images/I/61q3lNFcQbL._SL1000_.jpg', 'https://m.media-amazon.com/images/I/51QntVMRZZL._SL1000_.jpg', 'https://m.media-amazon.com/images/I/51iYWV2BY-L._SL1000_.jpg', 'https://m.media-amazon.com/images/I/51rn0SVjClL._SL1000_.jpg', 'https://m.media-amazon.com/images/I/51xvO8ZvFSL._SL1000_.jpg'], 'large': ['https://m.media-amazon.com/images/I/31f+dQyi45L.jpg', 'https://m.media-amazon.com/images/I/41uVWxVUKfL.jpg', 'https://m.media-amazon.com/images/I/413iPO3HNzL.jpg', 'https://m.media-amazon.com/images/I/41qEnhsubtL.jpg', 'https://m.media-amazon.com/images/I/41QUKaK7a2L.jpg', 'https://m.media-amazon.com/images/I/31gdA6dbw0L.jpg'], 'thumb': ['https://m.media-amazon.com/images/I/31f+dQyi45L._SS40_.jpg', 'https://m.media-amazon.com/images/I/41uVWxVUKfL._SS40_.jpg', 'https://m.media-amazon.com/images/I/413iPO3HNzL._SS40_.jpg', 'https://m.media-amazon.com/images/I/41qEnhsubtL._SS40_.jpg', 'https://m.media-amazon.com/images/I/41QUKaK7a2L._SS40_.jpg', 'https://m.media-amazon.com/images/I/31gdA6dbw0L._SS40_.jpg'], 'variant': ['MAIN', 'PT01', 'PT02', 'PT03', 'PT04', 'PT05']}","{'title': ['Todo el producto vino derramado en la caja', 'Plant Therapy Natural Acetone Free Nail Polish Remover', 'Plant Therapy Natural Nail Polish Remover '], 'url': ['https://www.amazon.com/vdp/0e38bf61836e47089397619c3edc9d4c?ref=dp_vse_rvc_0', 'https://www.amazon.com/vdp/0117ddf8c83144c49cd1db1d9cfd1a82?ref=dp_vse_rvc_1', 'https://www.amazon.com/vdp/8891774c72d34ce88119ec1f666417fb?ref=dp_vse_rvc_2'], 'user_id': ['AEDJIKI6YLJ23BZ5KRG4CAFCPDMQ', '', '']}",Plant Therapy,,"Brand: Plant Therapy, Item Form: Liquid, Item Weight: 6.24 Ounces, Number of Items: 1, Unit Count: 6 Fl Oz, Package Dimensions: 5.1 x 2.2 x 2.2 inches; 6.24 Ounces, UPC: 680912056168",B08NC4378M,,,,"Parent ASIN: B08NC4378M; Title: Plant Therapy Natural Acetone Free Nail Polish Remover 6 fl oz One Touch Dispensing Bottle with Flip Top Cap Tropical Flower Scent; Author: *; Description: *; Features: * - Details: Brand: Plant Therapy, Item Form: Liquid, Item Weight: 6.24 Ounces, Number of Items: 1, Unit Count: 6 Fl Oz, Package Dimensions: 5.1 x 2.2 x 2.2 inches; 6.24 Ounces, UPC: 680912056168; Store: Store: Plant Therapy; Categories: *; Price: Price: None;"
All Beauty,Jumbo Braiding Hair Extensions 24 Inch 6 Packs Ombre Synthetic Hair Crochet Braids Kanekalon Long Jumbo Braids For Box Braid Twist Crochet Hair (Black/Dark Brown/Light Brown),3.9,14,,,None,"{'hi_res': ['https://m.media-amazon.com/images/I/613oG502eZL._SL1001_.jpg', 'https://m.media-amazon.com/images/I/61ngc7vowzL._SL1001_.jpg', 'https://m.media-amazon.com/images/I/61+O+m5iaDL._SL1001_.jpg', 'https://m.media-amazon.com/images/I/61j2cK33cBL._SL1001_.jpg', 'https://m.media-amazon.com/images/I/61-LJHl+06L._SL1001_.jpg', None, 'https://m.media-amazon.com/images/I/71F8rtnUQcL._SL1001_.jpg'], 'large': ['https://m.media-amazon.com/images/I/51ShI4ZmBpL.jpg', 'https://m.media-amazon.com/images/I/51VVFBAoULL.jpg', 'https://m.media-amazon.com/images/I/51oBrwKgoGL.jpg', 'https://m.media-amazon.com/images/I/41WtoQ7np-L.jpg', 'https://m.media-amazon.com/images/I/51hHw761oVL.jpg', 'https://m.media-amazon.com/images/I/41qFL3t8WFL.jpg', 'https://m.media-amazon.com/images/I/61UnpyyGGNL.jpg'], 'thumb': ['https://m.media-amazon.com/images/I/51ShI4ZmBpL._SS40_.jpg', 'https://m.media-amazon.com/images/I/51VVFBAoULL._SS40_.jpg', 'https://m.media-amazon.com/images/I/51oBrwKgoGL._SS40_.jpg', 'https://m.media-amazon.com/images/I/41WtoQ7np-L._SS40_.jpg', 'https://m.media-amazon.com/images/I/51hHw761oVL._SS40_.jpg', 'https://m.media-amazon.com/images/I/41qFL3t8WFL._SS40_.jpg', 'https://m.media-amazon.com/images/I/61UnpyyGGNL._SS40_.jpg'], 'variant': ['MAIN', 'PT01', 'PT02', 'PT03', 'PT04', 'PT05', 'PT06']}","{'title': [], 'url': [], 'user_id': []}",Belle Show,,"Brand: Belle Show, Material: Synthetic, Extension Length: 24 Inches, Installation Type: Clip-In, Package Dimensions: 10.16 x 9.49 x 4.29 inches; 1.43 Pounds",B08DKFV9SR,,,,"Parent ASIN: B08DKFV9SR; Title: Jumbo Braiding Hair Extensions 24 Inch 6 Packs Ombre Synthetic Hair Crochet Braids Kanekalon Long Jumbo Braids For Box Braid Twist Crochet Hair (Black/Dark Brown/Light Brown); Author: *; Description: *; Features: * - Details: Brand: Belle Show, Material: Synthetic, Extension Length: 24 Inches, Installation Type: Clip-In, Package Dimensions: 10.16 x 9.49 x 4.29 inches; 1.43 Pounds; Store: Store: Belle Show; Categories: *; Price: Price: None;"
All Beauty,Balance White Mud Balancing Mask by Au Natural Skinfood | Rotorua Exfoliating Mask with 16+ Manuka Honey | Certified | Food For Your Skin | All Skin Types | Made in New Zealand | 1.7 oz,3.6,24,,,None,"{'hi_res': ['https://m.media-amazon.com/images/I/61XTIbhfaxL._SL1202_.jpg', None, None, None, None, None, None, None, None], 'large': ['https://m.media-amazon.com/images/I/4194QMPoGxL.jpg', 'https://m.media-amazon.com/images/I/412YoaKU55L.jpg', 'https://m.media-amazon.com/images/I/51m9TNixmzL.jpg', 'https://m.media-amazon.com/images/I/31iNseHe9hL.jpg', 'https://m.media-amazon.com/images/I/51GCL1ZFAiL.jpg', 'https://m.media-amazon.com/images/I/4140FOqs8wL.jpg', 'https://m.media-amazon.com/images/I/51nqbJlH9+L.jpg', 'https://m.media-amazon.com/images/I/41V6I-BsdhL.jpg', 'https://m.media-amazon.com/images/I/51gZmyKa3cL.jpg'], 'thumb': ['https://m.media-amazon.com/images/I/4194QMPoGxL._SS40_.jpg', 'https://m.media-amazon.com/images/I/412YoaKU55L._SS40_.jpg', 'https://m.media-amazon.com/images/I/51m9TNixmzL._SS40_.jpg', 'https://m.media-amazon.com/images/I/31iNseHe9hL._SS40_.jpg', 'https://m.media-amazon.com/images/I/51GCL1ZFAiL._SS40_.jpg', 'https://m.media-amazon.com/images/I/4140FOqs8wL._SS40_.jpg', 'https://m.media-amazon.com/images/I/51nqbJlH9+L._SS40_.jpg', 'https://m.media-amazon.com/images/I/41V6I-BsdhL._SS40_.jpg', 'https://m.media-amazon.com/images/I/51gZmyKa3cL._SS40_.jpg'], 'variant': ['MAIN', 'PT01', 'PT02', 'PT03', 'PT04', 'PT05', 'PT06', 'PT07', 'PT08']}","{'title': ['Our Story Video', '12 Week Skin Detox', 'Balance Mask with Rotorua Mud'], 'url': ['https://www.amazon.com/vdp/3f6aff6f4d034ddcbc9e50169cd89b47?ref=dp_vse_rvc_0', 'https://www.amazon.com/vdp/673871038f9e4992a739577aac8a1e2f?ref=dp_vse_rvc_1', 'https://www.amazon.com/vdp/380ba83a0b7e472c8ea86405c6221341?ref=dp_vse_rvc_2'], 'user_id': ['', '', '']}",AÚ NATURAL SKINFOOD,,"Brand: A\u00da NATURAL SKINFOOD, Item Form: Mask, Product Benefits: Exfoliates,Hydrates,Exfoliating, Scent: Honey, Skin Type: All, Product Dimensions: 9.65 x 6.1 x 1.77 inches; 1.7 Ounces",B07PCGSFGQ,,,,"Parent ASIN: B07PCGSFGQ; Title: Balance White Mud Balancing Mask by Au Natural Skinfood | Rotorua Exfoliating Mask with 16+ Manuka Honey | Certified | Food For Your Skin | All Skin Types | Made in New Zealand | 1.7 oz; Author: *; Description: *; Features: * - Details: Brand: A\u00da NATURAL SKINFOOD, Item Form: Mask, Product Benefits: Exfoliates,Hydrates,Exfoliating, Scent: Honey, Skin Type: All, Product Dimensions: 9.65 x 6.1 x 1.77 inches; 1.7 Ounces; Store: Store: AÚ NATURAL SKINFOOD; Categories: *; Price: Price: None;"
All Beauty,"Bath Bombs, SAZEN Bath Bomb with Natural & Organic Essential Oils, Shea Coconut Butter for Skin Moisturize, Bubble Spa Bath, Birthday Mothers Day Christmas Handmade Gift Set for Women Kids Her Him",4.4,226,,,None,"{'hi_res': ['https://m.media-amazon.com/images/I/71cInStVdlL._SL1500_.jpg', 'https://m.media-amazon.com/images/I/81kOSniG8RL._SL1500_.jpg', 'https://m.media-amazon.com/images/I/614UEyCujUL._SL1500_.jpg', 'https://m.media-amazon.com/images/I/71742rv3CqL._SL1500_.jpg', 'https://m.media-amazon.com/images/I/71TKR5750LL._SL1500_.jpg', 'https://m.media-amazon.com/images/I/71ZG1FiSKIL._SL1500_.jpg', 'https://m.media-amazon.com/images/I/810eNjEdfhL._SL1500_.jpg'], 'large': ['https://m.media-amazon.com/images/I/51Ua6JMeR-L.jpg', 'https://m.media-amazon.com/images/I/51CpubDLl1L.jpg', 'https://m.media-amazon.com/images/I/41JJMIkgDkL.jpg', 'https://m.media-amazon.com/images/I/41eJGnQEf7L.jpg', 'https://m.media-amazon.com/images/I/51pHAXuLxBL.jpg', 'https://m.media-amazon.com/images/I/51tuiRUNwnL.jpg', 'https://m.media-amazon.com/images/I/61S437xyW-L.jpg'], 'thumb': ['https://m.media-amazon.com/images/I/51Ua6JMeR-L._SS40_.jpg', 'https://m.media-amazon.com/images/I/51CpubDLl1L._SS40_.jpg', 'https://m.media-amazon.com/images/I/41JJMIkgDkL._SS40_.jpg', 'https://m.media-amazon.com/images/I/41eJGnQEf7L._SS40_.jpg', 'https://m.media-amazon.com/images/I/51pHAXuLxBL._SS40_.jpg', 'https://m.media-amazon.com/images/I/51tuiRUNwnL._SS40_.jpg', 'https://m.media-amazon.com/images/I/61S437xyW-L._SS40_.jpg'], 'variant': ['MAIN', 'PT01', 'PT02', 'PT03', 'PT04', 'PT05', 'PT06']}","{'title': ['Not Much Scent...', 'SAZEN Natural & Organic Bath Bombs'], 'url': ['https://www.amazon.com/vdp/4a6fa6f77ed74a598427a8c787f5831d?ref=dp_vse_rvc_0', 'https://www.amazon.com/vdp/1644301daa444d9c9e2d014c873ea852?ref=dp_vse_rvc_1'], 'user_id': ['AEXJ6DZGVVRHXGBEG7FG7QUD4NHA', '']}",SAZEN,,"Brand: SAZEN, Scent: Coconut, Material Feature: Organic Ingredients, Unit Count: 24.00 Count, Number of Items: 24, Package Dimensions: 12.17 x 6.26 x 2.24 inches; 2.65 Pounds, Item model number: SAZEN 01, UPC: 745103723622, Manufacturer: SAZEN",B089R7S73D,,,,"Parent ASIN: B089R7S73D; Title: Bath Bombs, SAZEN Bath Bomb with Natural & Organic Essential Oils, Shea Coconut Butter for Skin Moisturize, Bubble Spa Bath, Birthday Mothers Day Christmas Handmade Gift Set for Women Kids Her Him; Author: *; Description: *; Features: * - Details: Brand: SAZEN, Scent: Coconut, Material Feature: Organic Ingredients, Unit Count: 24.00 Count, Number of Items: 24, Package Dimensions: 12.17 x 6.26 x 2.24 inches; 2.65 Pounds, Item model number: SAZEN 01, UPC: 745103723622, Manufacturer: SAZEN; Store: Store: SAZEN; Categories: *; Price: Price: None;"
All Beauty,NOBLE Wigs for White Women Purple Lace Wigs for Black Women 27 Inch Long Curly Wavy Colored Wigs Middle Part Heat Resistant Synthetic Ombre Purple Wavy Wigs for Daily Party Cosplay Use,3.8,31,,,None,"{'hi_res': ['https://m.media-amazon.com/images/I/61dM+XWNceL._SL1000_.jpg', 'https://m.media-amazon.com/images/I/61MVpF6LoeL._SL1000_.jpg', 'https://m.media-amazon.com/images/I/61E5Giun6rL._SL1000_.jpg', 'https://m.media-amazon.com/images/I/61Wb99t17XL._SL1000_.jpg', 'https://m.media-amazon.com/images/I/71lRM7Q0C2L._SL1000_.jpg', 'https://m.media-amazon.com/images/I/71qIgtdyPRL._SL1000_.jpg', 'https://m.media-amazon.com/images/I/614B0+94bNL._SL1000_.jpg'], 'large': ['https://m.media-amazon.com/images/I/51VFD7zjAVL.jpg', 'https://m.media-amazon.com/images/I/51M4gMW4GVL.jpg', 'https://m.media-amazon.com/images/I/51eOCjopRxL.jpg', 'https://m.media-amazon.com/images/I/51m+aOvvEGL.jpg', 'https://m.media-amazon.com/images/I/61wqklGC0+L.jpg', 'https://m.media-amazon.com/images/I/51pn3ln5VBL.jpg', 'https://m.media-amazon.com/images/I/51iNov4ipLL.jpg'], 'thumb': ['https://m.media-amazon.com/images/I/51VFD7zjAVL._SS40_.jpg', 'https://m.media-amazon.com/images/I/51M4gMW4GVL._SS40_.jpg', 'https://m.media-amazon.com/images/I/51eOCjopRxL._SS40_.jpg', 'https://m.media-amazon.com/images/I/51m+aOvvEGL._SS40_.jpg', 'https://m.media-amazon.com/images/I/61wqklGC0+L._SS40_.jpg', 'https://m.media-amazon.com/images/I/51pn3ln5VBL._SS40_.jpg', 'https://m.media-amazon.com/images/I/51iNov4ipLL._SS40_.jpg'], 'variant': ['MAIN', 'PT01', 'PT02', 'PT03', 'PT04', 'PT05', 'PT06']}","{'title': [], 'url': [], 'user_id': []}",NOBLE,,"Material: Human Hair, Hair Type: Wavy, Style: Modern, Special Feature: Heat Resistant, Brand: NOBLE, Package Dimensions: 13.78 x 7.76 x 2.44 inches; 14.07 Ounces",B0863FZFPV,,,,"Parent ASIN: B0863FZFPV; Title: NOBLE Wigs for White Women Purple Lace Wigs for Black Women 27 Inch Long Curly Wavy Colored Wigs Middle Part Heat Resistant Synthetic Ombre Purple Wavy Wigs for Daily Party Cosplay Use; Author: *; Description: *; Features: * - Details: Material: Human Hair, Hair Type: Wavy, Style: Modern, Special Feature: Heat Resistant, Brand: NOBLE, Package Dimensions: 13.78 x 7.76 x 2.44 inches; 14.07 Ounces; Store: Store: NOBLE; Categories: *; Price: Price: None;"
All Beauty,"3D Mink Eyelashes Natural Long Lashes 2 in 1 Self-adhesive Eyeliner Instead of Adhesive 5 Different Styles Pairs Kits Sets with Tweezers , NO NEED GLUE",3.9,64,,,None,"{'hi_res': ['https://m.media-amazon.com/images/I/61zGNfkzxTL._SL1001_.jpg', 'https://m.media-amazon.com/images/I/51G3C7hrMgL._SL1000_.jpg', 'https://m.media-amazon.com/images/I/51Ads12pepL._SL1000_.jpg', 'https://m.media-amazon.com/images/I/71YH8ZffVlL._SL1000_.jpg', 'https://m.media-amazon.com/images/I/71y-TlE6toL._SL1000_.jpg', 'https://m.media-amazon.com/images/I/61lGIbcqKKL._SL1000_.jpg'], 'large': ['https://m.media-amazon.com/images/I/41BenRSUIuL.jpg', 'https://m.media-amazon.com/images/I/41gsAknPL7L.jpg', 'https://m.media-amazon.com/images/I/41d-pgWyPqL.jpg', 'https://m.media-amazon.com/images/I/51UxHqJ+9JL.jpg', 'https://m.media-amazon.com/images/I/51gt6E-8DoL.jpg', 'https://m.media-amazon.com/images/I/51hyTSTlANL.jpg'], 'thumb': ['https://m.media-amazon.com/images/I/41BenRSUIuL._SS40_.jpg', 'https://m.media-amazon.com/images/I/41gsAknPL7L._SS40_.jpg', 'https://m.media-amazon.com/images/I/41d-pgWyPqL._SS40_.jpg', 'https://m.media-amazon.com/images/I/51UxHqJ+9JL._SS40_.jpg', 'https://m.media-amazon.com/images/I/51gt6E-8DoL._SS40_.jpg', 'https://m.media-amazon.com/images/I/51hyTSTlANL._SS40_.jpg'], 'variant': ['MAIN', 'PT01', 'PT02', 'PT03', 'PT04', 'PT05']}","{'title': ['Love the natural and glamorous lashes!', 'Great Quality for the price!', 'Love the lashes not the pen', '5 Different Style lashes Show'], 'url': ['https://www.amazon.com/vdp/c91ae449e3dd4db692f6965f7b9aa1d6?ref=dp_vse_rvc_0', 'https://www.amazon.com/vdp/09d069352f5b49758c1a18c26630474c?ref=dp_vse_rvc_1', 'https://www.amazon.com/vdp/631932923f8a446fac8cad7e99cc04b7?ref=dp_vse_rvc_2', 'https://www.amazon.com/vdp/8c1b5b5d7b204938bdeaf58853428f90?ref=dp_vse_rvc_3'], 'user_id': ['AEZFADGUHTMXYXZAZBJXUA6S6STA', 'AG7MDUXORUR72GB77PPZFS2SVQJQ', 'AHPS2TQ7OB7KBUOGPGRLATOZVOTQ', '']}",PURELEOR,,"Brand: PURELEOR, Material: Mink Fur, Item Form: Pair, Mounting Type: Eyelash Glue, Unit Count: 5.00 Count, Package Dimensions: 9 x 6 x 1 inches; 2.4 Ounces, UPC: 750810450143",B086GST51S,,,,"Parent ASIN: B086GST51S; Title: 3D Mink Eyelashes Natural Long Lashes 2 in 1 Self-adhesive Eyeliner Instead of Adhesive 5 Different Styles Pairs Kits Sets with Tweezers , NO NEED GLUE; Author: *; Description: *; Features: * - Details: Brand: PURELEOR, Material: Mink Fur, Item Form: Pair, Mounting Type: Eyelash Glue, Unit Count: 5.00 Count, Package Dimensions: 9 x 6 x 1 inches; 2.4 Ounces, UPC: 750810450143; Store: Store: PURELEOR; Categories: *; Price: Price: None;"
All Beauty,allez outdoor | Biodegradable Cleansing Cloths | Natural Plant-Based Face and Body Wipes | PH Balanced | Cactus Bloom and Chaparral Scent | 20ct Individually Wrapped Towelettes,4.5,137,"'EXTRA LARGE WIPES – Able to cleanse and refresh your entire body grime-free, plus individually wrapped to allow for ultimate packability while maximizing freshness of each wipe', 'FOR ALL SKIN TYPES - PH balanced and infused with Vitamins C & E, and Aloe', 'MADE IN THE USA - Globally sourced components, vegan, cruelty-free and simple plant-based ingredients inspired by desert landscapes', 'EARTH FRIENDLY – Biodegradable and durable, made from 100% recycled material and a minimum of 35% post-consumer. Are also FSC certified and come from responsibly sourced paper', 'FREE OF - Synthetic Fragrance, Alcohol-Free, Parabens, Sulfates, SLS, SLES, Formaldehyde Donors, Phthalates'",,22.0,"{'hi_res': ['https://m.media-amazon.com/images/I/71ViurUDFUL._SL1500_.jpg', 'https://m.media-amazon.com/images/I/71lcP1nXk4L._SL1500_.jpg', 'https://m.media-amazon.com/images/I/71qG7zk65pL._SL1500_.jpg', 'https://m.media-amazon.com/images/I/51V9D+6r0fL._SL1311_.jpg', 'https://m.media-amazon.com/images/I/710lANghxNL._SL1500_.jpg', 'https://m.media-amazon.com/images/I/91rrg9hHFCL._SL1500_.jpg', 'https://m.media-amazon.com/images/I/81XqByRwsaL._SL1500_.jpg', 'https://m.media-amazon.com/images/I/713693mZjSL._SL1500_.jpg'], 'large': ['https://m.media-amazon.com/images/I/41jj3Qi8FnL.jpg', 'https://m.media-amazon.com/images/I/41-Is2P2XLL.jpg', 'https://m.media-amazon.com/images/I/51gCDgRUqAL.jpg', 'https://m.media-amazon.com/images/I/31yHoUJ+t6L.jpg', 'https://m.media-amazon.com/images/I/41LAPmeYPBL.jpg', 'https://m.media-amazon.com/images/I/51UHgn0HMML.jpg', 'https://m.media-amazon.com/images/I/51upd2mD6eL.jpg', 'https://m.media-amazon.com/images/I/41F6tXqSiOL.jpg'], 'thumb': ['https://m.media-amazon.com/images/I/41jj3Qi8FnL._SS40_.jpg', 'https://m.media-amazon.com/images/I/41-Is2P2XLL._SS40_.jpg', 'https://m.media-amazon.com/images/I/51gCDgRUqAL._SS40_.jpg', 'https://m.media-amazon.com/images/I/31yHoUJ+t6L._SS40_.jpg', 'https://m.media-amazon.com/images/I/41LAPmeYPBL._SS40_.jpg', 'https://m.media-amazon.com/images/I/51UHgn0HMML._SS40_.jpg', 'https://m.media-amazon.com/images/I/51upd2mD6eL._SS40_.jpg', 'https://m.media-amazon.com/images/I/41F6tXqSiOL._SS40_.jpg'], 'variant': ['MAIN', 'PT01', 'PT02', 'PT03', 'PT04', 'PT05', 'PT06', 'PT07']}","{'title': ['Climbers & Campers - 1 Biodegradable Wipe = 1 Shower', 'allez Outdoor - Products for Climbers that Love the Planet', 'allez - made by climbers for those who love the outdoors', 'Surviveware Wet Wipes - What Make them Special?', 'Amazing wipes for babies! ', 'Surviveware Biodegradable Large Wet Wipes - 40-Pack', 'Phenomenal quality! Already ordered more. Love it! Full review'], 'url': ['https://www.amazon.com/vdp/000ca840664b4a3d86d8b878811cb64e?ref=dp_vse_rvc_0', 'https://www.amazon.com/vdp/012ca94f460a40bba7f92607aed2fe53?ref=dp_vse_rvc_1', 'https://www.amazon.com/vdp/bbc06589d57b415094676cb9bde30ddf?ref=dp_vse_rvc_2', 'https://www.amazon.com/vdp/82e4ba12e36a4213be6e354d6f65d99a?ref=dp_vse_rvc_3', 'https://www.amazon.com/vdp/07cc73856b944e19bde0175e4ef6231a?ref=dp_vse_rvc_4', 'https://www.amazon.com/vdp/6d82ec34bdb241ef879a9a15a0c85250?ref=dp_vse_rvc_5', 'https://www.amazon.com/vdp/0b49a1cf3cf74368b415797e40bbc16d?ref=dp_vse_rvc_6'], 'user_id': ['', '', '', '', '/shop/influencer-9730bda5', '', '/shop/influencer-cf2dc7e8']}",Allez,,"Brand: Allez, Skin Type: Oily, Combination, Dry, Normal, Material Feature: Biodegradable Warning, Unit Count: 20.00 Count, Number of Items: 1, Package Dimensions: 6.2 x 5.4 x 4.2 inches; 13.62 Ounces, Item model number: ABWPS001, UPC: 860000823210, Manufacturer: Allez Outdoor, LLC",B09L33VJCL,,,,"Parent ASIN: B09L33VJCL; Title: allez outdoor | Biodegradable Cleansing Cloths | Natural Plant-Based Face and Body Wipes | PH Balanced | Cactus Bloom and Chaparral Scent | 20ct Individually Wrapped Towelettes; Author: *; Description: *; Features: Features: 'EXTRA LARGE WIPES – Able to cleanse and refresh your entire body grime-free, plus individually wrapped to allow for ultimate packability while maximizing freshness of each wipe', 'FOR ALL SKIN TYPES - PH balanced and infused with Vitamins C & E, and Aloe', 'MADE IN THE USA - Globally sourced components, vegan, cruelty-free and simple plant-based ingredients inspired by desert landscapes', 'EARTH FRIENDLY – Biodegradable and durable, made from 100% recycled material and a minimum of 35% post-consumer. Are also FSC certified and come from responsibly sourced paper', 'FREE OF - Synthetic Fragrance, Alcohol-Free, Parabens, Sulfates, SLS, SLES, Formaldehyde Donors, Phthalates' - Details: Brand: Allez, Skin Type: Oily, Combination, Dry, Normal, Material Feature: Biodegradable Warning, Unit Count: 20.00 Count, Number of Items: 1, Package Dimensions: 6.2 x 5.4 x 4.2 inches; 13.62 Ounces, Item model number: ABWPS001, UPC: 860000823210, Manufacturer: Allez Outdoor, LLC; Store: Store: Allez; Categories: *; Price: Price: 22.0;"
All Beauty,"EMMOR Long Ombre Brown Wig for Women - 23 Inch Natural Synthetic Straight Hair Middle Part With Air Bang Wigs Dark Root, Party Cosplay Daily Use",4.0,58,,,None,"{'hi_res': ['https://m.media-amazon.com/images/I/61Ec-ppG32L._SL1000_.jpg', 'https://m.media-amazon.com/images/I/61T+QykvuyL._SL1000_.jpg', 'https://m.media-amazon.com/images/I/61kdYoQ8hoL._SL1000_.jpg', 'https://m.media-amazon.com/images/I/61XBk-2523L._SL1000_.jpg', 'https://m.media-amazon.com/images/I/71mu9DbdTAL._SL1000_.jpg', 'https://m.media-amazon.com/images/I/71IoCrVOfVL._SL1000_.jpg'], 'large': ['https://m.media-amazon.com/images/I/51G-++t+PJL.jpg', 'https://m.media-amazon.com/images/I/41WlSa2GDGL.jpg', 'https://m.media-amazon.com/images/I/51xcobiIMAL.jpg', 'https://m.media-amazon.com/images/I/41Qr3nO5K2L.jpg', 'https://m.media-amazon.com/images/I/51obVjOuJ9L.jpg', 'https://m.media-amazon.com/images/I/51QMQ8RdKCL.jpg'], 'thumb': ['https://m.media-amazon.com/images/I/51G-++t+PJL._SS40_.jpg', 'https://m.media-amazon.com/images/I/41WlSa2GDGL._SS40_.jpg', 'https://m.media-amazon.com/images/I/51xcobiIMAL._SS40_.jpg', 'https://m.media-amazon.com/images/I/41Qr3nO5K2L._SS40_.jpg', 'https://m.media-amazon.com/images/I/51obVjOuJ9L._SS40_.jpg', 'https://m.media-amazon.com/images/I/51QMQ8RdKCL._SS40_.jpg'], 'variant': ['MAIN', 'PT01', 'PT02', 'PT03', 'PT04', 'PT05']}","{'title': ['Worth the money!!', 'The Model Show', 'The Buyer Show '], 'url': ['https://www.amazon.com/vdp/0a8e5e820aba4378b79a27b4627a5203?ref=dp_vse_rvc_0', 'https://www.amazon.com/vdp/c920afc361884a808b9ae72c710459a8?ref=dp_vse_rvc_1', 'https://www.amazon.com/vdp/2ef0a89ab8b9495cb67e0002ac100ae6?ref=dp_vse_rvc_2'], 'user_id': ['AGNYUWW5JJ5BQRRCFVT5UBA6QCWA', '', '']}",EMMOR,,"Material: Human Hair, Hair Type: Curly, Style: Modern, Brand: EMMOR, Age Range (Description): Adult, Package Dimensions: 13.5 x 9.72 x 2.2 inches; 11.68 Ounces, Item model number: femlc169-1",B085MCMZLX,,,,"Parent ASIN: B085MCMZLX; Title: EMMOR Long Ombre Brown Wig for Women - 23 Inch Natural Synthetic Straight Hair Middle Part With Air Bang Wigs Dark Root, Party Cosplay Daily Use; Author: *; Description: *; Features: * - Details: Material: Human Hair, Hair Type: Curly, Style: Modern, Brand: EMMOR, Age Range (Description): Adult, Package Dimensions: 13.5 x 9.72 x 2.2 inches; 11.68 Ounces, Item model number: femlc169-1; Store: Store: EMMOR; Categories: *; Price: Price: None;"
All Beauty,"36 Pack 2oz Clear Plastic Empty Bottles Travel Containers with Flip Cap for Hand Sanitizer, Cosmetic, Shampoo, Lotion, Liquid Body Soap, Cream, Toner, BPA-free",4.5,83,,,None,"{'hi_res': ['https://m.media-amazon.com/images/I/61FXwxpVQiL._SL1500_.jpg', 'https://m.media-amazon.com/images/I/61jVfdRdzZL._SL1500_.jpg', 'https://m.media-amazon.com/images/I/71A2XIoHOeL._SL1500_.jpg', 'https://m.media-amazon.com/images/I/71hrFo+iD+L._SL1500_.jpg', 'https://m.media-amazon.com/images/I/81MGCHMMAyL._SL1500_.jpg', 'https://m.media-amazon.com/images/I/71JHARtZ3ML._SL1500_.jpg', 'https://m.media-amazon.com/images/I/71N-8qoGq+L._SL1500_.jpg'], 'large': ['https://m.media-amazon.com/images/I/41I9EVgbIfL.jpg', 'https://m.media-amazon.com/images/I/41pwUPagUAL.jpg', 'https://m.media-amazon.com/images/I/51f7NlrP8uL.jpg', 'https://m.media-amazon.com/images/I/51MJUOhYm2L.jpg', 'https://m.media-amazon.com/images/I/61b5j-kT7YL.jpg', 'https://m.media-amazon.com/images/I/51A5fCz4naL.jpg', 'https://m.media-amazon.com/images/I/4132KJwrONL.jpg'], 'thumb': ['https://m.media-amazon.com/images/I/41I9EVgbIfL._SS40_.jpg', 'https://m.media-amazon.com/images/I/41pwUPagUAL._SS40_.jpg', 'https://m.media-amazon.com/images/I/51f7NlrP8uL._SS40_.jpg', 'https://m.media-amazon.com/images/I/51MJUOhYm2L._SS40_.jpg', 'https://m.media-amazon.com/images/I/61b5j-kT7YL._SS40_.jpg', 'https://m.media-amazon.com/images/I/51A5fCz4naL._SS40_.jpg', 'https://m.media-amazon.com/images/I/4132KJwrONL._SS40_.jpg'], 'variant': ['MAIN', 'PT01', 'PT02', 'PT03', 'PT04', 'PT05', 'PT06']}","{'title': [], 'url': [], 'user_id': []}",JIUZHU,,"Package Dimensions: 12.09 x 10.28 x 3.07 inches; 13.12 Ounces, UPC: 667322945817",B08343FS9P,,,,"Parent ASIN: B08343FS9P; Title: 36 Pack 2oz Clear Plastic Empty Bottles Travel Containers with Flip Cap for Hand Sanitizer, Cosmetic, Shampoo, Lotion, Liquid Body Soap, Cream, Toner, BPA-free; Author: *; Description: *; Features: * - Details: Package Dimensions: 12.09 x 10.28 x 3.07 inches; 13.12 Ounces, UPC: 667322945817; Store: Store: JIUZHU; Categories: *; Price: Price: None;"
All Beauty,AMAJULIE Non Slip Flexible Silicon Wigs Fix Strong Hold Comfort Silicone Lace Wig Grip Transparent Headband Hair Band Adjustable for Lace Wigs (Light Brown),3.5,58,,,None,"{'hi_res': ['https://m.media-amazon.com/images/I/618AjTcZGqL._SL1000_.jpg', 'https://m.media-amazon.com/images/I/51p5rAqbShL._SL1000_.jpg', 'https://m.media-amazon.com/images/I/61Go7jByRSL._SL1000_.jpg', 'https://m.media-amazon.com/images/I/61YfWnO5sqL._SL1000_.jpg', 'https://m.media-amazon.com/images/I/617UQcj7hrL._SL1000_.jpg', 'https://m.media-amazon.com/images/I/61qLeifqiNL._SL1000_.jpg', None], 'large': ['https://m.media-amazon.com/images/I/51eDcuWu4iL.jpg', 'https://m.media-amazon.com/images/I/41X2MzqTc9L.jpg', 'https://m.media-amazon.com/images/I/5153TthNXGL.jpg', 'https://m.media-amazon.com/images/I/51+BODBhJvL.jpg', 'https://m.media-amazon.com/images/I/41A3PIYs7+L.jpg', 'https://m.media-amazon.com/images/I/51-Yb7Xu+wL.jpg', 'https://m.media-amazon.com/images/I/31H0-ANR8IL.jpg'], 'thumb': ['https://m.media-amazon.com/images/I/51eDcuWu4iL._SS40_.jpg', 'https://m.media-amazon.com/images/I/41X2MzqTc9L._SS40_.jpg', 'https://m.media-amazon.com/images/I/5153TthNXGL._SS40_.jpg', 'https://m.media-amazon.com/images/I/51+BODBhJvL._SS40_.jpg', 'https://m.media-amazon.com/images/I/41A3PIYs7+L._SS40_.jpg', 'https://m.media-amazon.com/images/I/51-Yb7Xu+wL._SS40_.jpg', 'https://m.media-amazon.com/images/I/31H0-ANR8IL._SS40_.jpg'], 'variant': ['MAIN', 'PT01', 'PT02', 'PT03', 'PT04', 'PT05', 'PT06']}","{'title': ['Silicone wig grip headband adjustable lace wig band', 'Silicone wig grip edge saver Non slip headband adjustable lace wig band', 'Silicone wig grip band edge saver adjustable silicon headband hair band', 'Silicone wig grip Adjustable headband edge save factory directly supply'], 'url': ['https://www.amazon.com/vdp/d4d8c8834065435b9a29c9eb1972ccdc?ref=dp_vse_rvc_0', 'https://www.amazon.com/vdp/a36e93118b65474d91f8b68bc57c3083?ref=dp_vse_rvc_1', 'https://www.amazon.com/vdp/7e5dc5293d194faabba7a6abb375f41d?ref=dp_vse_rvc_2', 'https://www.amazon.com/vdp/74e0fae7b2b04e35a54c82bf07e381be?ref=dp_vse_rvc_3'], 'user_id': ['', '', '', '']}",AMAJULIE,,"Material: Silicone, Fabric Type: Silicone,Silicon,Lace, Brand: AMAJULIE, Unit Count: 1.00 Count, Package Dimensions: 3.98 x 2.28 x 0.55 inches; 0.88 Ounces, UPC: 192389741275",B08BXVJMRY,,,,"Parent ASIN: B08BXVJMRY; Title: AMAJULIE Non Slip Flexible Silicon Wigs Fix Strong Hold Comfort Silicone Lace Wig Grip Transparent Headband Hair Band Adjustable for Lace Wigs (Light Brown); Author: *; Description: *; Features: * - Details: Material: Silicone, Fabric Type: Silicone,Silicon,Lace, Brand: AMAJULIE, Unit Count: 1.00 Count, Package Dimensions: 3.98 x 2.28 x 0.55 inches; 0.88 Ounces, UPC: 192389741275; Store: Store: AMAJULIE; Categories: *; Price: Price: None;"
All Beauty,Mini Rubber Bands Soft Elastic Bands for Kids Hair Non-slip Rubber Hair Bands Soft Hair Elastics Ties Bands Braids Hair for Girls - STRONG - REUSEABLE (Colorful1000+Black1000),3.7,22,,,None,"{'hi_res': ['https://m.media-amazon.com/images/I/81u1s6FkIJL._SL1385_.jpg', 'https://m.media-amazon.com/images/I/718nEfYVjLL._SL1500_.jpg', 'https://m.media-amazon.com/images/I/61zoQugzxFL._SL1088_.jpg', 'https://m.media-amazon.com/images/I/713z5t5PabL._SL1010_.jpg', 'https://m.media-amazon.com/images/I/51lfkF1afCL._SL1010_.jpg', 'https://m.media-amazon.com/images/I/61E1u8Azm7L._SL1066_.jpg', 'https://m.media-amazon.com/images/I/71OtjkDGHNL._SL1010_.jpg'], 'large': ['https://m.media-amazon.com/images/I/51nb1pUNwRL.jpg', 'https://m.media-amazon.com/images/I/41DPfa7ZjQL.jpg', 'https://m.media-amazon.com/images/I/51WgXCUsJwL.jpg', 'https://m.media-amazon.com/images/I/51ssDgZvTfL.jpg', 'https://m.media-amazon.com/images/I/41txpZOE47L.jpg', 'https://m.media-amazon.com/images/I/51RqRdEQrKL.jpg', 'https://m.media-amazon.com/images/I/51fnDuax5dL.jpg'], 'thumb': ['https://m.media-amazon.com/images/I/51nb1pUNwRL._SS40_.jpg', 'https://m.media-amazon.com/images/I/41DPfa7ZjQL._SS40_.jpg', 'https://m.media-amazon.com/images/I/51WgXCUsJwL._SS40_.jpg', 'https://m.media-amazon.com/images/I/51ssDgZvTfL._SS40_.jpg', 'https://m.media-amazon.com/images/I/41txpZOE47L._SS40_.jpg', 'https://m.media-amazon.com/images/I/51RqRdEQrKL._SS40_.jpg', 'https://m.media-amazon.com/images/I/51fnDuax5dL._SS40_.jpg'], 'variant': ['MAIN', 'PT01', 'PT02', 'PT03', 'PT04', 'PT05', 'PT06']}","{'title': ['Mini Rubber Bands Soft Elastic Bands'], 'url': ['https://www.amazon.com/vdp/069ec0db38674a0e89a469b21fd3e1c7?ref=dp_vse_rvc_0'], 'user_id': ['']}",OLEWELL,,"Material: Rubber, Item Form: Elastic, Brand: OLEWELL, Hair Type: Straight, Number of Pieces: 2, Package Dimensions: 7 x 5 x 1 inches; 0.81 Ounces, Item model number: SML",B089KBMST6,,,,"Parent ASIN: B089KBMST6; Title: Mini Rubber Bands Soft Elastic Bands for Kids Hair Non-slip Rubber Hair Bands Soft Hair Elastics Ties Bands Braids Hair for Girls - STRONG - REUSEABLE (Colorful1000+Black1000); Author: *; Description: *; Features: * - Details: Material: Rubber, Item Form: Elastic, Brand: OLEWELL, Hair Type: Straight, Number of Pieces: 2, Package Dimensions: 7 x 5 x 1 inches; 0.81 Ounces, Item model number: SML; Store: Store: OLEWELL; Categories: *; Price: Price: None;"
All Beauty,RUGGED & DAPPER Active Regimen Grooming and Skincare Set for Men | Includes Body Wash Shampoo + Face Wash + Facial Moisturizer + Shaving Cream in a Travel Bag,4.4,130,,,None,"{'hi_res': ['https://m.media-amazon.com/images/I/813iEant9UL._SL1500_.jpg', 'https://m.media-amazon.com/images/I/81qW2dYeVDL._SL1500_.jpg', 'https://m.media-amazon.com/images/I/81qAfzgBDIL._SL1500_.jpg', 'https://m.media-amazon.com/images/I/71eRwpdntYL._SL1500_.jpg', 'https://m.media-amazon.com/images/I/71Qfw5+TAvL._SL1500_.jpg', 'https://m.media-amazon.com/images/I/81aiOworCCL._SL1500_.jpg', 'https://m.media-amazon.com/images/I/71hp8TC3xML._SL1500_.jpg'], 'large': ['https://m.media-amazon.com/images/I/41KAhij5HrL.jpg', 'https://m.media-amazon.com/images/I/515QCfAZHsL.jpg', 'https://m.media-amazon.com/images/I/5126BzHoRRL.jpg', 'https://m.media-amazon.com/images/I/41wTebTBCEL.jpg', 'https://m.media-amazon.com/images/I/41delvJwR-L.jpg', 'https://m.media-amazon.com/images/I/51vZozO4cWL.jpg', 'https://m.media-amazon.com/images/I/419r49J5SBL.jpg'], 'thumb': ['https://m.media-amazon.com/images/I/41KAhij5HrL._SS40_.jpg', 'https://m.media-amazon.com/images/I/515QCfAZHsL._SS40_.jpg', 'https://m.media-amazon.com/images/I/5126BzHoRRL._SS40_.jpg', 'https://m.media-amazon.com/images/I/41wTebTBCEL._SS40_.jpg', 'https://m.media-amazon.com/images/I/41delvJwR-L._SS40_.jpg', 'https://m.media-amazon.com/images/I/51vZozO4cWL._SS40_.jpg', 'https://m.media-amazon.com/images/I/419r49J5SBL._SS40_.jpg'], 'variant': ['MAIN', 'PT01', 'PT02', 'PT03', 'PT04', 'PT06', 'PT07']}","{'title': ['RUGGED & DAPPER, Skin Care for You', 'About RUGGED & DAPPER', 'A Skin Care Regimen He Will Actually Use'], 'url': ['https://www.amazon.com/vdp/dc97f2d058a246728fbed7a0df0a6255?ref=dp_vse_rvc_0', 'https://www.amazon.com/vdp/a1180f394e9c4bffae8b49c551440533?ref=dp_vse_rvc_1', 'https://www.amazon.com/vdp/2a7bb305fcb544e38c9b1a2d8c5cccee?ref=dp_vse_rvc_2'], 'user_id': ['', '', '']}",RUGGED & DAPPER,,"Brand: RUGGED & DAPPER, Style: Travel, Closure Type: Zipper, Pattern: Solid, Item Dimensions LxWxH: 7.75 x 5 x 5 inches, Is Discontinued By Manufacturer: No, Product Dimensions: 7.75 x 5 x 5 inches; 3 Pounds, Item model number: Active Regimen Grooming Set, UPC: 862332000437",B07JGD2T2J,,,,"Parent ASIN: B07JGD2T2J; Title: RUGGED & DAPPER Active Regimen Grooming and Skincare Set for Men | Includes Body Wash Shampoo + Face Wash + Facial Moisturizer + Shaving Cream in a Travel Bag; Author: *; Description: *; Features: * - Details: Brand: RUGGED & DAPPER, Style: Travel, Closure Type: Zipper, Pattern: Solid, Item Dimensions LxWxH: 7.75 x 5 x 5 inches, Is Discontinued By Manufacturer: No, Product Dimensions: 7.75 x 5 x 5 inches; 3 Pounds, Item model number: Active Regimen Grooming Set, UPC: 862332000437; Store: Store: RUGGED & DAPPER; Categories: *; Price: Price: None;"
All Beauty,"So'Bio Étic | Moisturizing Fresh Gel Cream | Organic Face Moisturizer for Combination Skin | 24 hr Hydrating, Balancing & Plumping | 0.5 fl oz",3.7,33,,,None,"{'hi_res': ['https://m.media-amazon.com/images/I/71hP4VyGbEL._SL1500_.jpg', 'https://m.media-amazon.com/images/I/61oy3LSnALL._SL1500_.jpg', 'https://m.media-amazon.com/images/I/81bLLjKo+DL._SL1500_.jpg', 'https://m.media-amazon.com/images/I/81n09VGlJpL._SL1500_.jpg', 'https://m.media-amazon.com/images/I/710qhQ2BGgL._SL1500_.jpg', 'https://m.media-amazon.com/images/I/81RL9OZli6L._SL1500_.jpg', 'https://m.media-amazon.com/images/I/71TbgxI3R0L._SL1500_.jpg', 'https://m.media-amazon.com/images/I/81eCd3yfP+L._SL1500_.jpg', 'https://m.media-amazon.com/images/I/71ARElEvxNL._SL1500_.jpg'], 'large': ['https://m.media-amazon.com/images/I/41p1B08ZBoL.jpg', 'https://m.media-amazon.com/images/I/419UdgzcDTL.jpg', 'https://m.media-amazon.com/images/I/5144mAi-O4L.jpg', 'https://m.media-amazon.com/images/I/51MI82rHlNL.jpg', 'https://m.media-amazon.com/images/I/51czeP1wxtL.jpg', 'https://m.media-amazon.com/images/I/51Rb-r2SxFL.jpg', 'https://m.media-amazon.com/images/I/41UC-HbUS7L.jpg', 'https://m.media-amazon.com/images/I/517KUPahPTL.jpg', 'https://m.media-amazon.com/images/I/31Ox4jk9zCL.jpg'], 'thumb': ['https://m.media-amazon.com/images/I/41p1B08ZBoL._SS40_.jpg', 'https://m.media-amazon.com/images/I/419UdgzcDTL._SS40_.jpg', 'https://m.media-amazon.com/images/I/5144mAi-O4L._SS40_.jpg', 'https://m.media-amazon.com/images/I/51MI82rHlNL._SS40_.jpg', 'https://m.media-amazon.com/images/I/51czeP1wxtL._SS40_.jpg', 'https://m.media-amazon.com/images/I/51Rb-r2SxFL._SS40_.jpg', 'https://m.media-amazon.com/images/I/41UC-HbUS7L._SS40_.jpg', 'https://m.media-amazon.com/images/I/517KUPahPTL._SS40_.jpg', 'https://m.media-amazon.com/images/I/31Ox4jk9zCL._SS40_.jpg'], 'variant': ['MAIN', 'PT01', 'PT02', 'PT03', 'PT04', 'PT05', 'PT06', 'PT07', 'PT08']}","{'title': [""SO'BiO étic's Moisturizing Fresh Balm Gel & Face Moisturizer for Combination skin is really cool..."", ""SO'BiO etic Organic Hydrating Aloe Vera Skin Care Routine"", ""SO'BiO etic Organic Beauty - Moisturizing Gel Cream""], 'url': ['https://www.amazon.com/vdp/0bbf85b94e784fc3939849bcb157fd43?ref=dp_vse_rvc_0', 'https://www.amazon.com/vdp/0a5c5ada6bdd4edd8aeb3bfbee460f7c?ref=dp_vse_rvc_1', 'https://www.amazon.com/vdp/0aa86653e72744c085a61aac9cbd8931?ref=dp_vse_rvc_2'], 'user_id': ['AEPZZELMNA3V7EDOMHGKZ47UX2NQ', '', '']}",So'Bio Étic,,"Brand: So'Bio \u00c9tic, Item Form: Cream,Gel, Number of Items: 1, Use for: Face, Skin Type: Combination, Sensitive, Dry, Language: Spanish, Product Dimensions: 2.36 x 2.36 x 2.76 inches; 1.76 Ounces, Item model number: 3517360019421",B08HVRP54L,,,,"Parent ASIN: B08HVRP54L; Title: So'Bio Étic | Moisturizing Fresh Gel Cream | Organic Face Moisturizer for Combination Skin | 24 hr Hydrating, Balancing & Plumping | 0.5 fl oz; Author: *; Description: *; Features: * - Details: Brand: So'Bio \u00c9tic, Item Form: Cream,Gel, Number of Items: 1, Use for: Face, Skin Type: Combination, Sensitive, Dry, Language: Spanish, Product Dimensions: 2.36 x 2.36 x 2.76 inches; 1.76 Ounces, Item model number: 3517360019421; Store: Store: So'Bio Étic; Categories: *; Price: Price: None;"
All Beauty,Fragrantshare Makeup Brushes Professional Organizer Foundation Brush for Liquid makeup Travel 9Pcs Sets - Odorless Fiber Hair - Light Blue,4.3,23,,,None,"{'hi_res': ['https://m.media-amazon.com/images/I/71y2o4tRlWS._SL1500_.jpg', 'https://m.media-amazon.com/images/I/61mMQ234nZL._SL1500_.jpg', 'https://m.media-amazon.com/images/I/61HTVyEsgAS._SL1500_.jpg', 'https://m.media-amazon.com/images/I/615P2eJZU9S._SL1500_.jpg', 'https://m.media-amazon.com/images/I/618+AaavAoS._SL1500_.jpg', 'https://m.media-amazon.com/images/I/61MVRm2igXS._SL1500_.jpg', 'https://m.media-amazon.com/images/I/71fRhauv-HS._SL1500_.jpg'], 'large': ['https://m.media-amazon.com/images/I/51dezoocKqS.jpg', 'https://m.media-amazon.com/images/I/41d9BoZV4HL.jpg', 'https://m.media-amazon.com/images/I/41kfKfSyynS.jpg', 'https://m.media-amazon.com/images/I/41mpMa1nyxS.jpg', 'https://m.media-amazon.com/images/I/411PiiohEzS.jpg', 'https://m.media-amazon.com/images/I/51WIbjkzXXS.jpg', 'https://m.media-amazon.com/images/I/41iYK3wLSnS.jpg'], 'thumb': ['https://m.media-amazon.com/images/I/51dezoocKqS._SS40_.jpg', 'https://m.media-amazon.com/images/I/41d9BoZV4HL._SS40_.jpg', 'https://m.media-amazon.com/images/I/41kfKfSyynS._SS40_.jpg', 'https://m.media-amazon.com/images/I/41mpMa1nyxS._SS40_.jpg', 'https://m.media-amazon.com/images/I/411PiiohEzS._SS40_.jpg', 'https://m.media-amazon.com/images/I/51WIbjkzXXS._SS40_.jpg', 'https://m.media-amazon.com/images/I/41iYK3wLSnS._SS40_.jpg'], 'variant': ['MAIN', 'PT01', 'PT02', 'PT03', 'PT04', 'PT05', 'PT06']}","{'title': ['amazed at the quality, design, and packaging of this brush set'], 'url': ['https://www.amazon.com/vdp/0cfe131c9c5444a7ad3b6591dbb1c5d4?ref=dp_vse_rvc_0'], 'user_id': ['AGCA7LUL6JWSWUWEBGQOFKNSSAZQ']}",FragrantShare,,"Brand: FragrantShare, Material: Wood, Number of Pieces: 9, Age Range (Description): Adult, Ferrule Material: Aluminum, Skin Tone: Light, Package Dimensions: 10.16 x 5.39 x 3.58 inches; 8.15 Ounces, Item model number: BAS-9, UPC: 633690926635",B0919R1CYT,,,,"Parent ASIN: B0919R1CYT; Title: Fragrantshare Makeup Brushes Professional Organizer Foundation Brush for Liquid makeup Travel 9Pcs Sets - Odorless Fiber Hair - Light Blue; Author: *; Description: *; Features: * - Details: Brand: FragrantShare, Material: Wood, Number of Pieces: 9, Age Range (Description): Adult, Ferrule Material: Aluminum, Skin Tone: Light, Package Dimensions: 10.16 x 5.39 x 3.58 inches; 8.15 Ounces, Item model number: BAS-9, UPC: 633690926635; Store: Store: FragrantShare; Categories: *; Price: Price: None;"
All Beauty,lootaan 500 Pieces False Nails French Acrylic Fake Nails Tips Half Cover Artificial Fake Nails With Box and False Nail Clipper for Women Girl,4.4,23,,,None,"{'hi_res': ['https://m.media-amazon.com/images/I/6181nftLdDL._SL1500_.jpg', 'https://m.media-amazon.com/images/I/71g9b0Tl3SL._SL1500_.jpg', 'https://m.media-amazon.com/images/I/61Auww0DOCL._SL1000_.jpg', 'https://m.media-amazon.com/images/I/61T-e4LMkxL._SL1000_.jpg', 'https://m.media-amazon.com/images/I/61IwTuoZ4WL._SL1010_.jpg', 'https://m.media-amazon.com/images/I/61GB1JXSADL._SL1500_.jpg', 'https://m.media-amazon.com/images/I/61ZnmbzQvbL._SL1024_.jpg'], 'large': ['https://m.media-amazon.com/images/I/41KdLq0FZwL.jpg', 'https://m.media-amazon.com/images/I/41PCU-euM3L.jpg', 'https://m.media-amazon.com/images/I/51O7Dzq5ugL.jpg', 'https://m.media-amazon.com/images/I/41GPS5EmKaL.jpg', 'https://m.media-amazon.com/images/I/41gE0B0PNnL.jpg', 'https://m.media-amazon.com/images/I/41KkChJWM3L.jpg', 'https://m.media-amazon.com/images/I/516Y1hR41vL.jpg'], 'thumb': ['https://m.media-amazon.com/images/I/41KdLq0FZwL._SS40_.jpg', 'https://m.media-amazon.com/images/I/41PCU-euM3L._SS40_.jpg', 'https://m.media-amazon.com/images/I/51O7Dzq5ugL._SS40_.jpg', 'https://m.media-amazon.com/images/I/41GPS5EmKaL._SS40_.jpg', 'https://m.media-amazon.com/images/I/41gE0B0PNnL._SS40_.jpg', 'https://m.media-amazon.com/images/I/41KkChJWM3L._SS40_.jpg', 'https://m.media-amazon.com/images/I/516Y1hR41vL._SS40_.jpg'], 'variant': ['MAIN', 'PT01', 'PT02', 'PT03', 'PT04', 'PT05', 'PT06']}","{'title': [], 'url': [], 'user_id': []}",lootaan,,"Material: Acrylic, Brand: lootaan, Number of Pieces: 500, Package Dimensions: 9 x 6 x 2 inches; 8.01 Ounces, UPC: 710157699223",B08B3TCMSQ,,,,"Parent ASIN: B08B3TCMSQ; Title: lootaan 500 Pieces False Nails French Acrylic Fake Nails Tips Half Cover Artificial Fake Nails With Box and False Nail Clipper for Women Girl; Author: *; Description: *; Features: * - Details: Material: Acrylic, Brand: lootaan, Number of Pieces: 500, Package Dimensions: 9 x 6 x 2 inches; 8.01 Ounces, UPC: 710157699223; Store: Store: lootaan; Categories: *; Price: Price: None;"
All Beauty,COSYMAY 20 inch Human Hair Wig for Women Long Black Wig with Bangs 4x4 Lace Closure Straight Wig Brazilian Virgin Hair Full Wig Average Size 1B,3.6,24,,,None,"{'hi_res': [None], 'large': ['https://m.media-amazon.com/images/I/41BJbopTvQL.jpg'], 'thumb': ['https://m.media-amazon.com/images/I/41BJbopTvQL._SS40_.jpg'], 'variant': ['MAIN']}","{'title': ['Really love!', 'Silky and Quality Hair!', 'Looks good'], 'url': ['https://www.amazon.com/vdp/f101e0fafe844af08f0803528df52974?ref=dp_vse_rvc_0', 'https://www.amazon.com/vdp/2b3d67c9f90b488d99c991b30ff7653f?ref=dp_vse_rvc_1', 'https://www.amazon.com/vdp/9ded013235a845eba8471637f07ad054?ref=dp_vse_rvc_2'], 'user_id': ['AF6IEKAUKRRHRIDYXZSLD44DI4IA', 'AEJXGWCECWBFSH6REGJRIV3GP66Q', 'AFJE4MKEEI2QPM673VS3AZ7W2HEA']}",COSYMAY,,"Hair Type: Straight, Brand: COSYMAY, Age Range (Description): Adult, Package Dimensions: 9.96 x 6.73 x 2.72 inches; 11.99 Ounces, UPC: 738627428647",B083122WRC,,,,"Parent ASIN: B083122WRC; Title: COSYMAY 20 inch Human Hair Wig for Women Long Black Wig with Bangs 4x4 Lace Closure Straight Wig Brazilian Virgin Hair Full Wig Average Size 1B; Author: *; Description: *; Features: * - Details: Hair Type: Straight, Brand: COSYMAY, Age Range (Description): Adult, Package Dimensions: 9.96 x 6.73 x 2.72 inches; 11.99 Ounces, UPC: 738627428647; Store: Store: COSYMAY; Categories: *; Price: Price: None;"
All Beauty,"Easydew Daily Double Hydra Cream 2.02 fl oz - Moisturizing Cream with EGF & Serine of NMFHydrating, Soothing, Anti-Aging EGF, Serine - N.M.F(Natural Moisturizing Factors) for Oily, Sensitive, Acne-Prone, Dry Skin Types",4.5,42,,,None,"{'hi_res': ['https://m.media-amazon.com/images/I/515WEwP3MZL._SL1500_.jpg', 'https://m.media-amazon.com/images/I/61mFwUdMWVL._SL1500_.jpg', 'https://m.media-amazon.com/images/I/61oNW3sIj4L._SL1500_.jpg', 'https://m.media-amazon.com/images/I/61tbmJ9zuBL._SL1500_.jpg', 'https://m.media-amazon.com/images/I/615dP5Ig8TL._SL1500_.jpg'], 'large': ['https://m.media-amazon.com/images/I/314PVMaNrSL.jpg', 'https://m.media-amazon.com/images/I/313ce4eVlBL.jpg', 'https://m.media-amazon.com/images/I/419FQoaxV2L.jpg', 'https://m.media-amazon.com/images/I/41ZMEsXUBZL.jpg', 'https://m.media-amazon.com/images/I/41bVUJ2rF4L.jpg'], 'thumb': ['https://m.media-amazon.com/images/I/314PVMaNrSL._SS40_.jpg', 'https://m.media-amazon.com/images/I/313ce4eVlBL._SS40_.jpg', 'https://m.media-amazon.com/images/I/419FQoaxV2L._SS40_.jpg', 'https://m.media-amazon.com/images/I/41ZMEsXUBZL._SS40_.jpg', 'https://m.media-amazon.com/images/I/41bVUJ2rF4L._SS40_.jpg'], 'variant': ['MAIN', 'PT01', 'PT02', 'PT03', 'PT04']}","{'title': ['Quick absorbing and moisturizing', 'Easydew Daily Double Hydra Cream'], 'url': ['https://www.amazon.com/vdp/d3eb1bc11c264e768a15c550d1a369c9?ref=dp_vse_rvc_0', 'https://www.amazon.com/vdp/0dce7d7486b140739add46feec3c2c4b?ref=dp_vse_rvc_1'], 'user_id': ['AEO6NL7JIT3SOG5RSV2AWVL4WUGQ', '']}",EASYDEW,,"Brand: EASYDEW, Item Form: Cream, Unit Count: 5.2911 Ounce, Number of Items: 1, Skin Type: Acne Prone,Oily,Sensitive,All Skin Types, Package Dimensions: 5.98 x 1.69 x 1.46 inches; 3 Ounces",B088GWCVVJ,,,,"Parent ASIN: B088GWCVVJ; Title: Easydew Daily Double Hydra Cream 2.02 fl oz - Moisturizing Cream with EGF & Serine of NMFHydrating, Soothing, Anti-Aging EGF, Serine - N.M.F(Natural Moisturizing Factors) for Oily, Sensitive, Acne-Prone, Dry Skin Types; Author: *; Description: *; Features: * - Details: Brand: EASYDEW, Item Form: Cream, Unit Count: 5.2911 Ounce, Number of Items: 1, Skin Type: Acne Prone,Oily,Sensitive,All Skin Types, Package Dimensions: 5.98 x 1.69 x 1.46 inches; 3 Ounces; Store: Store: EASYDEW; Categories: *; Price: Price: None;"
All Beauty,UJM Magnetic Eyelashes 10 Pairs Reusable Magnetic Eyelash and Eyeliner Kit Natural Look False Lashes with Tweezers No Glue Needed Waterproof Magnetic Lashes,4.2,223,,,None,"{'hi_res': ['https://m.media-amazon.com/images/I/81Px1vnejIL._SL1500_.jpg', 'https://m.media-amazon.com/images/I/813StXTdeXL._SL1500_.jpg', 'https://m.media-amazon.com/images/I/71VeS8HpbrL._SL1500_.jpg', 'https://m.media-amazon.com/images/I/71s9Tyh-4jL._SL1500_.jpg', 'https://m.media-amazon.com/images/I/71Es9jZ3g-L._SL1500_.jpg', 'https://m.media-amazon.com/images/I/81+jvN5EANL._SL1500_.jpg', 'https://m.media-amazon.com/images/I/81OF8RX+eDL._SL1500_.jpg'], 'large': ['https://m.media-amazon.com/images/I/51eYbVzxpJL.jpg', 'https://m.media-amazon.com/images/I/5128y-S25eL.jpg', 'https://m.media-amazon.com/images/I/41PQjF9dLTL.jpg', 'https://m.media-amazon.com/images/I/51mrrSSCguL.jpg', 'https://m.media-amazon.com/images/I/516J3NsDEXL.jpg', 'https://m.media-amazon.com/images/I/51Q1DDHQ9rL.jpg', 'https://m.media-amazon.com/images/I/51DA8s-7POL.jpg'], 'thumb': ['https://m.media-amazon.com/images/I/51eYbVzxpJL._SS40_.jpg', 'https://m.media-amazon.com/images/I/5128y-S25eL._SS40_.jpg', 'https://m.media-amazon.com/images/I/41PQjF9dLTL._SS40_.jpg', 'https://m.media-amazon.com/images/I/51mrrSSCguL._SS40_.jpg', 'https://m.media-amazon.com/images/I/516J3NsDEXL._SS40_.jpg', 'https://m.media-amazon.com/images/I/51Q1DDHQ9rL._SS40_.jpg', 'https://m.media-amazon.com/images/I/51DA8s-7POL._SS40_.jpg'], 'variant': ['MAIN', 'PT01', 'PT02', 'PT03', 'PT04', 'PT05', 'PT06']}","{'title': ['Nice comfy fit'], 'url': ['https://www.amazon.com/vdp/a683352da64d4b83ab5fbe2edfb3fd6e?ref=dp_vse_rvc_0'], 'user_id': ['AFK4NH6MTDEVXXE5EB4KWKGKALEA']}",UJM,,"Brand: UJM, Item Dimensions LxWxH: 8 x 4 x 0.4 inches, Material Feature: Gluten Free, Item Form: Pair, Mounting Type: Eyelash Glue, Product Dimensions: 8 x 4 x 0.4 inches; 2.89 Ounces, Item model number: UJM-010",B08KJF6Y6C,,,,"Parent ASIN: B08KJF6Y6C; Title: UJM Magnetic Eyelashes 10 Pairs Reusable Magnetic Eyelash and Eyeliner Kit Natural Look False Lashes with Tweezers No Glue Needed Waterproof Magnetic Lashes; Author: *; Description: *; Features: * - Details: Brand: UJM, Item Dimensions LxWxH: 8 x 4 x 0.4 inches, Material Feature: Gluten Free, Item Form: Pair, Mounting Type: Eyelash Glue, Product Dimensions: 8 x 4 x 0.4 inches; 2.89 Ounces, Item model number: UJM-010; Store: Store: UJM; Categories: *; Price: Price: None;"
All Beauty,"Lenghthening Mascara by Almay,Volume & Lift, Eye Makeup, Hypoallergenic and Fragrance Free, 010 Blackest Black, 0.24 Fl Oz",4.2,831,"'MASCARA THAT MAGNIFIES: Our gentle, buildable mascara lengthens, lifts, and conditions, ultimately creating a flawless, long lash look without clumping, flaking, or smudging', 'CONDITIONING LASH FORMULA: Because we love your delicate eye area, this formula is enriched with a lash caring complex of plant based waxes and conditioners to nourish for healthy looking eyelashes', 'SUSTAINABLE FORWARD: To reduce our footprint on the planet, this brush is made of 100% plant derived bristles (that evenly coat lashes from root to tip); the packaging is made with post consumer recycled materials', 'FORMULATED WITHOUT: Parabens, phthalates, SLS, mineral oil, DMDM Hydantoin, formaldehydes, and Triclosan', 'SUITABLE FOR SENSITIVE EYES: As part of the Almay promise, this product is hypoallergenic and ophthalmologist tested; it is also clean, cruelty free, fragrance free, and suitable for sensitive eyes and contact lens wearers'","'Enjoy visibly longer, lifted lashes in one gentle swipe with Almay Length & Lift Mascara™. Our clean, flake-free formula is enriched with a lash-caring complex of plant-based waxes and hair conditioners that nourish for healthy looking eyelashes. Plus, the brush is made of 100% plant-derived bristles that are designed to evenly coat and separate lashes from root to tip. We also ensured that our newest mascara is smooth and buildable—no clumps or smudging—making it the perfect finishing touch to any look, be it everyday glam, a smoky eye, or cat eye. What’s more, we tested our product to ensure it is suitable for sensitive eyes and contact lens wearers, so go ahead and magnify lashes to your chosen intensity! And because we love the environment as much as we love your delicate eyes, part of the mascara packaging is made with post-consumer recycled materials. Formulated without added parabens, phthalates, SLS, mineral oil, DMDM Hydantoin, formaldehydes, and Triclosan. As always, hypoallergenic. Ophthalmologist tested. Clean. Cruelty free. Fragrance free.'",7.13,"{'hi_res': ['https://m.media-amazon.com/images/I/71EILozI6YL._SL1500_.jpg', 'https://m.media-amazon.com/images/I/81FVMgxiNcL._SL1500_.jpg', 'https://m.media-amazon.com/images/I/71nr7X05vxL._SL1500_.jpg', 'https://m.media-amazon.com/images/I/81jOR+mfXqL._SL1500_.jpg', 'https://m.media-amazon.com/images/I/81CLaHe5ZpL._SL1500_.jpg', 'https://m.media-amazon.com/images/I/91Ap6o1a+lL._SL1500_.jpg', 'https://m.media-amazon.com/images/I/91acEdPeVkL._SL1500_.jpg', 'https://m.media-amazon.com/images/I/818Gvg9gM9L._SL1500_.jpg', 'https://m.media-amazon.com/images/I/91u1tHQZ3sL._SL1500_.jpg', 'https://m.media-amazon.com/images/I/71-HRM1TwNL._SL1500_.jpg'], 'large': ['https://m.media-amazon.com/images/I/31RFcLOoeXL.jpg', 'https://m.media-amazon.com/images/I/41rNLjqRk4L.jpg', 'https://m.media-amazon.com/images/I/31nBaET609L.jpg', 'https://m.media-amazon.com/images/I/51K71kLm1TL.jpg', 'https://m.media-amazon.com/images/I/41C8hwT9S7L.jpg', 'https://m.media-amazon.com/images/I/51xmfKGw7aL.jpg', 'https://m.media-amazon.com/images/I/519tjYd8RJL.jpg', 'https://m.media-amazon.com/images/I/41kOsninrrL.jpg', 'https://m.media-amazon.com/images/I/41JmZe6eb4L.jpg', 'https://m.media-amazon.com/images/I/51M2bdCXgXL.jpg'], 'thumb': ['https://m.media-amazon.com/images/I/31RFcLOoeXL._SS40_.jpg', 'https://m.media-amazon.com/images/I/41rNLjqRk4L._SS40_.jpg', 'https://m.media-amazon.com/images/I/31nBaET609L._SS40_.jpg', 'https://m.media-amazon.com/images/I/51K71kLm1TL._SS40_.jpg', 'https://m.media-amazon.com/images/I/41C8hwT9S7L._SS40_.jpg', 'https://m.media-amazon.com/images/I/51xmfKGw7aL._SS40_.jpg', 'https://m.media-amazon.com/images/I/519tjYd8RJL._SS40_.jpg', 'https://m.media-amazon.com/images/I/41kOsninrrL._SS40_.jpg', 'https://m.media-amazon.com/images/I/41JmZe6eb4L._SS40_.jpg', 'https://m.media-amazon.com/images/I/51M2bdCXgXL._SS40_.jpg'], 'variant': ['MAIN', 'PT01', 'PT02', 'PT03', 'PT04', 'PT05', 'PT06', 'PT07', 'PT08', 'PT09']}","{'title': ['ALMAY Brand Promise', 'My Everyday Makeup Picks - Only 2 things I need every day!'], 'url': ['https://www.amazon.com/vdp/0726ebaed3444a05b62841c0d496dd52?ref=dp_vse_rvc_0', 'https://www.amazon.com/vdp/0d4364a12b5a48dfb93bbb2fbac9a02d?ref=dp_vse_rvc_1'], 'user_id': ['', '/shop/influencer-b49b45a2']}",Almay,,"Color: 010 Blackest Black, Product Benefits: Conditioning, Special Feature: Not-Applicable, Material Type Free: Fragrance Free, Brand: Almay, Product Dimensions: 2.75 x 0.73 x 5.75 inches; 1.01 Ounces, Item model number: 7257548001, UPC: 309970143022, Manufacturer: AmazonUs/REVL7",B08MRRNL18,,,,"Parent ASIN: B08MRRNL18; Title: Lenghthening Mascara by Almay,Volume & Lift, Eye Makeup, Hypoallergenic and Fragrance Free, 010 Blackest Black, 0.24 Fl Oz; Author: *; Description: Description: 'Enjoy visibly longer, lifted lashes in one gentle swipe with Almay Length & Lift Mascara™. Our clean, flake-free formula is enriched with a lash-caring complex of plant-based waxes and hair conditioners that nourish for healthy looking eyelashes. Plus, the brush is made of 100% plant-derived bristles that are designed to evenly coat and separate lashes from root to tip. We also ensured that our newest mascara is smooth and buildable—no clumps or smudging—making it the perfect finishing touch to any look, be it everyday glam, a smoky eye, or cat eye. What’s more, we tested our product to ensure it is suitable for sensitive eyes and contact lens wearers, so go ahead and magnify lashes to your chosen intensity! And because we love the environment as much as we love your delicate eyes, part of the mascara packaging is made with post-consumer recycled materials. Formulated without added parabens, phthalates, SLS, mineral oil, DMDM Hydantoin, formaldehydes, and Triclosan. As always, hypoallergenic. Ophthalmologist tested. Clean. Cruelty free. Fragrance free.'; Features: Features: 'MASCARA THAT MAGNIFIES: Our gentle, buildable mascara lengthens, lifts, and conditions, ultimately creating a flawless, long lash look without clumping, flaking, or smudging', 'CONDITIONING LASH FORMULA: Because we love your delicate eye area, this formula is enriched with a lash caring complex of plant based waxes and conditioners to nourish for healthy looking eyelashes', 'SUSTAINABLE FORWARD: To reduce our footprint on the planet, this brush is made of 100% plant derived bristles (that evenly coat lashes from root to tip); the packaging is made with post consumer recycled materials', 'FORMULATED WITHOUT: Parabens, phthalates, SLS, mineral oil, DMDM Hydantoin, formaldehydes, and Triclosan', 'SUITABLE FOR SENSITIVE EYES: As part of the Almay promise, this product is hypoallergenic and ophthalmologist tested; it is also clean, cruelty free, fragrance free, and suitable for sensitive eyes and contact lens wearers' - Details: Color: 010 Blackest Black, Product Benefits: Conditioning, Special Feature: Not-Applicable, Material Type Free: Fragrance Free, Brand: Almay, Product Dimensions: 2.75 x 0.73 x 5.75 inches; 1.01 Ounces, Item model number: 7257548001, UPC: 309970143022, Manufacturer: AmazonUs/REVL7; Store: Store: Almay; Categories: *; Price: Price: 7.13;"
All Beauty,Hyaluronic Acid & Caffeine Eye Roller Serum for Men with Vitamin C – Made in USA – Depuffing Eye Roller Ball for Dark Circles & Puffiness – Mens Day & Night Anti-Aging Under Eye Serum Roller – 10ml (0.68 Fl Oz (Pack of 2)),3.8,508,"'UNDER-EYE SERUM ROLLER- An Easy-to-apply serum for dark circles and puffiness. Designed with a cooling eye roller ball to help reduce eye puffiness. Formulated with a cooling caffeine, hyaluronic acid and vitamin c to help brighten the skin under your eyes for a refreshed look. Comes with a velvet pouch to easily carry on the go.', 'VITAMIN C TO REVIVE THE SKIN - We formulated our eye depuffer with vitamin c to help with dark circles under the eyes. See maximum results with our Alive Eye-Roller for men by using it every night before bed to wake up feeling and looking refreshed.', 'CAFFEINE-INFUSED - Since coffee is a natural antioxidant, it’s the ideal ingredient to use as an eye serum to help firm, tighten and restore the skin. Coffee can help reduce dark circles and puffiness by improving blood circulation.', 'COOLING METAL ROLLER - Our Alive Eye Roller for men may help reduce the look of tired eyes when massaged around the eyes. The metal feel will help brighten, revitalize and smooth the under-eye area.', PREMIUM QUALITY INGREDIENTS for ALL SKIN TYPES – This premium eye roller is great for men of all skin types. We created Gentlehomme to give men the option to also take care of their skin with products exclusively made for a man's skin and we pride ourselves on sourcing every ingredient from the purest forms and offering the highest-quality products for dudes.",,36.99,"{'hi_res': ['https://m.media-amazon.com/images/I/71IHcNKAhuL._SL1500_.jpg', 'https://m.media-amazon.com/images/I/61ZSQIYhlEL._SL1500_.jpg', 'https://m.media-amazon.com/images/I/61-9N+pmI7L._SL1000_.jpg'], 'large': ['https://m.media-amazon.com/images/I/41JO5w+2QrL.jpg', 'https://m.media-amazon.com/images/I/41l7dXalvwL.jpg', 'https://m.media-amazon.com/images/I/51p7RO05m9L.jpg'], 'thumb': ['https://m.media-amazon.com/images/I/41JO5w+2QrL._SS40_.jpg', 'https://m.media-amazon.com/images/I/41l7dXalvwL._SS40_.jpg', 'https://m.media-amazon.com/images/I/51p7RO05m9L._SS40_.jpg'], 'variant': ['MAIN', 'PT01', 'PT02']}","{'title': ['Hyaluronic Acid & Caffeine Eye Roller Serum for Men ', 'Energizing Eye Roller', 'Dongyu eye serum for dark circles and puffiness', '3Pcs Mens Expert Hydra Energetic Eye Roller', 'Rebels Refinery Rehab Roller Natural Under Eye Moisturizer for Men', 'Dongyu Under Eye Serum has a moisturizing but refreshing texture'], 'url': ['https://www.amazon.com/vdp/043e35d4da4b4ed7a9a2a494409b4e82?ref=dp_vse_rvc_0', 'https://www.amazon.com/vdp/0141a1657aec485ea1b556359d80139a?ref=dp_vse_rvc_1', 'https://www.amazon.com/vdp/0a7219861ede44c89cc50f45607cca93?ref=dp_vse_rvc_2', 'https://www.amazon.com/vdp/0e4fd14253374b7f8c30a0ce50731dc8?ref=dp_vse_rvc_3', 'https://www.amazon.com/vdp/474264d27e2e43529b1b8aad8ac6f7de?ref=dp_vse_rvc_4', 'https://www.amazon.com/vdp/054bf65c38854f1884712451fced801b?ref=dp_vse_rvc_5'], 'user_id': ['', '', '', '', '', '']}",Gentlehomme,,"Skin Type: All, Product Benefits: Eye-Bag Depuffer, Use for: Eyes, Scent: Aloe, Brand: Gentlehomme, Package Dimensions: 5.67 x 2.68 x 1.14 inches; 2.89 Ounces, UPC: 850030774026, Manufacturer: Gentlehomme, Country of Origin: USA",B0B8SFDJN9,,,,"Parent ASIN: B0B8SFDJN9; Title: Hyaluronic Acid & Caffeine Eye Roller Serum for Men with Vitamin C – Made in USA – Depuffing Eye Roller Ball for Dark Circles & Puffiness – Mens Day & Night Anti-Aging Under Eye Serum Roller – 10ml (0.68 Fl Oz (Pack of 2)); Author: *; Description: *; Features: Features: 'UNDER-EYE SERUM ROLLER- An Easy-to-apply serum for dark circles and puffiness. Designed with a cooling eye roller ball to help reduce eye puffiness. Formulated with a cooling caffeine, hyaluronic acid and vitamin c to help brighten the skin under your eyes for a refreshed look. Comes with a velvet pouch to easily carry on the go.', 'VITAMIN C TO REVIVE THE SKIN - We formulated our eye depuffer with vitamin c to help with dark circles under the eyes. See maximum results with our Alive Eye-Roller for men by using it every night before bed to wake up feeling and looking refreshed.', 'CAFFEINE-INFUSED - Since coffee is a natural antioxidant, it’s the ideal ingredient to use as an eye serum to help firm, tighten and restore the skin. Coffee can help reduce dark circles and puffiness by improving blood circulation.', 'COOLING METAL ROLLER - Our Alive Eye Roller for men may help reduce the look of tired eyes when massaged around the eyes. The metal feel will help brighten, revitalize and smooth the under-eye area.', PREMIUM QUALITY INGREDIENTS for ALL SKIN TYPES – This premium eye roller is great for men of all skin types. We created Gentlehomme to give men the option to also take care of their skin with products exclusively made for a man's skin and we pride ourselves on sourcing every ingredient from the purest forms and offering the highest-quality products for dudes. - Details: Skin Type: All, Product Benefits: Eye-Bag Depuffer, Use for: Eyes, Scent: Aloe, Brand: Gentlehomme, Package Dimensions: 5.67 x 2.68 x 1.14 inches; 2.89 Ounces, UPC: 850030774026, Manufacturer: Gentlehomme, Country of Origin: USA; Store: Store: Gentlehomme; Categories: *; Price: Price: 36.99;"
All Beauty,JUNG SAEM MOOL OFFICIAL] JUNGSAEMMOOL Minifying Cica Mist Balm,4.2,27,,,None,"{'hi_res': [None, 'https://m.media-amazon.com/images/I/51rUywvA0EL._SL1194_.jpg', 'https://m.media-amazon.com/images/I/51rH5wNRmsL._SL1222_.jpg', None, None], 'large': ['https://m.media-amazon.com/images/I/31D2Lh14rfL.jpg', 'https://m.media-amazon.com/images/I/31OczjTkoRL.jpg', 'https://m.media-amazon.com/images/I/31owQ81M0mL.jpg', 'https://m.media-amazon.com/images/I/31yUROfF0VL.jpg', 'https://m.media-amazon.com/images/I/41tbpVpc80L.jpg'], 'thumb': ['https://m.media-amazon.com/images/I/31D2Lh14rfL._SS40_.jpg', 'https://m.media-amazon.com/images/I/31OczjTkoRL._SS40_.jpg', 'https://m.media-amazon.com/images/I/31owQ81M0mL._SS40_.jpg', 'https://m.media-amazon.com/images/I/31yUROfF0VL._SS40_.jpg', 'https://m.media-amazon.com/images/I/41tbpVpc80L._SS40_.jpg'], 'variant': ['MAIN', 'PT01', 'PT02', 'PT04', 'PT05']}","{'title': [], 'url': [], 'user_id': []}",JUNG SAEM MOOL,,"Brand: JUNG SAEM MOOL, Number of Items: 1, Age Range (Description): Adult, Country/Region Of Origin: Republic of Korea, Package Dimensions: 3.23 x 3.07 x 1.14 inches; 2.08 Ounces",B0B4MR9BXN,,,,"Parent ASIN: B0B4MR9BXN; Title: JUNG SAEM MOOL OFFICIAL] JUNGSAEMMOOL Minifying Cica Mist Balm; Author: *; Description: *; Features: * - Details: Brand: JUNG SAEM MOOL, Number of Items: 1, Age Range (Description): Adult, Country/Region Of Origin: Republic of Korea, Package Dimensions: 3.23 x 3.07 x 1.14 inches; 2.08 Ounces; Store: Store: JUNG SAEM MOOL; Categories: *; Price: Price: None;"
All Beauty,[Abib] Creme coating mask Tone-up solution 17g (5pcs),3.9,13,,,None,"{'hi_res': [None, 'https://m.media-amazon.com/images/I/71e43JHKdeL._SL1500_.jpg', 'https://m.media-amazon.com/images/I/81yfCgcIBPL._SL1500_.jpg', 'https://m.media-amazon.com/images/I/81MYJ4STayL._SL1500_.jpg', 'https://m.media-amazon.com/images/I/61pabsG3J0L._SL1500_.jpg'], 'large': ['https://m.media-amazon.com/images/I/317PPYcm-YL.jpg', 'https://m.media-amazon.com/images/I/31ZPXJpqydL.jpg', 'https://m.media-amazon.com/images/I/41rioi639xL.jpg', 'https://m.media-amazon.com/images/I/41P06iIioHL.jpg', 'https://m.media-amazon.com/images/I/31RfaFrKIXL.jpg'], 'thumb': ['https://m.media-amazon.com/images/I/317PPYcm-YL._SS40_.jpg', 'https://m.media-amazon.com/images/I/31ZPXJpqydL._SS40_.jpg', 'https://m.media-amazon.com/images/I/41rioi639xL._SS40_.jpg', 'https://m.media-amazon.com/images/I/41P06iIioHL._SS40_.jpg', 'https://m.media-amazon.com/images/I/31RfaFrKIXL._SS40_.jpg'], 'variant': ['MAIN', 'PT01', 'PT02', 'PT03', 'PT04']}","{'title': [], 'url': [], 'user_id': []}",Abib,,"Brand: Abib, Scent: Unscented, Number of Items: 5, Package Dimensions: 8.7 x 6.2 x 0.8 inches; 8.01 Ounces",B08575Y9V3,,,,"Parent ASIN: B08575Y9V3; Title: [Abib] Creme coating mask Tone-up solution 17g (5pcs); Author: *; Description: *; Features: * - Details: Brand: Abib, Scent: Unscented, Number of Items: 5, Package Dimensions: 8.7 x 6.2 x 0.8 inches; 8.01 Ounces; Store: Store: Abib; Categories: *; Price: Price: None;"
Premium Beauty,BABOR Power Serum Ampoules - Hyaluronic Acid | Moisturizing Smoothing and Plumping | 8D Hyaluronic Acid and Tripeptide Intensely Hydrate All Skin's Layers | 7 Days to Hydrated Skin,3.1,31,,,None,"{'hi_res': ['https://m.media-amazon.com/images/I/51MWXWCjVpL._SL1000_.jpg', 'https://m.media-amazon.com/images/I/71ekeb-KgrL._SL1500_.jpg', 'https://m.media-amazon.com/images/I/81-Qekx5nIS._SL1500_.jpg'], 'large': ['https://m.media-amazon.com/images/I/41ok7iWNbpL.jpg', 'https://m.media-amazon.com/images/I/31QuI27Yb4L.jpg', 'https://m.media-amazon.com/images/I/51uuHnZFLsS.jpg'], 'thumb': ['https://m.media-amazon.com/images/I/41ok7iWNbpL._SX38_SY50_CR,0,0,38,50_.jpg', 'https://m.media-amazon.com/images/I/31QuI27Yb4L._SX38_SY50_CR,0,0,38,50_.jpg', 'https://m.media-amazon.com/images/I/51uuHnZFLsS._SX38_SY50_CR,0,0,38,50_.jpg'], 'variant': ['MAIN', 'PT01', 'PT02']}","{'title': ['Not moisturizing.', 'Sublime Skin Lift & Firm Ampoule', 'Beauty Juice Beauty Anti-Wrinkle Retinol Overnight Serum '], 'url': ['https://www.amazon.com/vdp/0116871db82841b58635629dfe35c59c?ref=dp_vse_rvc_0', 'https://www.amazon.com/vdp/07f0e308a9e74019899bd09c869fee21?ref=dp_vse_rvc_1', 'https://www.amazon.com/vdp/073c2900760240b9931bb4fc7360eedc?ref=dp_vse_rvc_2'], 'user_id': ['AGGXNMZLBGDUIWESNHMUTCQOYFMQ', '', '/shop/influencer-1d802403']}",,,"Skin Type: All, Product Benefits: Hydration, Scent: Aloe, Brand: Babor, Item Form: Serum, Package Dimensions: 5.94 x 3.43 x 0.91 inches; 2.08 Ounces",B08VQY1Z1S,,,,"Parent ASIN: B08VQY1Z1S; Title: BABOR Power Serum Ampoules - Hyaluronic Acid | Moisturizing Smoothing and Plumping | 8D Hyaluronic Acid and Tripeptide Intensely Hydrate All Skin's Layers | 7 Days to Hydrated Skin; Author: *; Description: *; Features: * - Details: Skin Type: All, Product Benefits: Hydration, Scent: Aloe, Brand: Babor, Item Form: Serum, Package Dimensions: 5.94 x 3.43 x 0.91 inches; 2.08 Ounces; Store: *; Categories: *; Price: Price: None;"
All Beauty,"Poly Nail Gel Kit, 7 Colors Nail Extension Gel with UV Lamp, Poly Extension Decoration Kit, Base Top Coat Set with Rhinestone, Nail Molds, Nail Art Gel Kits for Home DIY Manicure, Blue Nude Series",3.9,717,,,None,"{'hi_res': ['https://m.media-amazon.com/images/I/71lyvbwd9PL._SL1500_.jpg', 'https://m.media-amazon.com/images/I/71Vhf9KrrBL._SL1500_.jpg', 'https://m.media-amazon.com/images/I/71Tang2sd3L._SL1500_.jpg', 'https://m.media-amazon.com/images/I/61peoUemzJL._SL1000_.jpg', 'https://m.media-amazon.com/images/I/61QqgT2OIWL._SL1000_.jpg', 'https://m.media-amazon.com/images/I/71p-J7XXKiL._SL1500_.jpg', 'https://m.media-amazon.com/images/I/71jaiqktIJL._SL1500_.jpg'], 'large': ['https://m.media-amazon.com/images/I/51eZhnMmfRL.jpg', 'https://m.media-amazon.com/images/I/51wTTqQynWL.jpg', 'https://m.media-amazon.com/images/I/5170KJxodgL.jpg', 'https://m.media-amazon.com/images/I/51HZvztqbDL.jpg', 'https://m.media-amazon.com/images/I/41AckWff1fL.jpg', 'https://m.media-amazon.com/images/I/41UUKzpOwKL.jpg', 'https://m.media-amazon.com/images/I/41LwZQMIwiL.jpg'], 'thumb': ['https://m.media-amazon.com/images/I/51eZhnMmfRL._SS40_.jpg', 'https://m.media-amazon.com/images/I/51wTTqQynWL._SS40_.jpg', 'https://m.media-amazon.com/images/I/5170KJxodgL._SS40_.jpg', 'https://m.media-amazon.com/images/I/51HZvztqbDL._SS40_.jpg', 'https://m.media-amazon.com/images/I/41AckWff1fL._SS40_.jpg', 'https://m.media-amazon.com/images/I/41UUKzpOwKL._SS40_.jpg', 'https://m.media-amazon.com/images/I/41LwZQMIwiL._SS40_.jpg'], 'variant': ['MAIN', 'PT01', 'PT02', 'PT03', 'PT04', 'PT05', 'PT06']}","{'title': ['Great Beginner Poly Gel Artificial Nail Kit With Small Uv Lamp', 'how to use poly gel nail  kit', 'Exactly what I wanted❤', 'Nail kit'], 'url': ['https://www.amazon.com/vdp/4dc350fec6e94af0b39255033daf76da?ref=dp_vse_rvc_0', 'https://www.amazon.com/vdp/441a4e6759e34011a05c7558be75a0ff?ref=dp_vse_rvc_1', 'https://www.amazon.com/vdp/71ef75b620584866bf12ba1dc85f66ae?ref=dp_vse_rvc_2', 'https://www.amazon.com/vdp/07ab5ce7de174fedabb317cb0cb071b1?ref=dp_vse_rvc_3'], 'user_id': ['AE3BFV3DZRAUYBMKOOMHXBZDERKA', '', 'AFEUS5LIE7R3PUKFDTV5NS7HBLRQ', 'AHLVNP5TQ6GJ47UET5TVALX24KIQ']}",AIFAIFA,,"Color: Blue, Material: Acrylic, Brand: AIFAIFA, Item Form: Gel, Product Dimensions: 5.9 x 5.9 x 5.9 inches; 1.48 Pounds",B087GB8ZRF,,,,"Parent ASIN: B087GB8ZRF; Title: Poly Nail Gel Kit, 7 Colors Nail Extension Gel with UV Lamp, Poly Extension Decoration Kit, Base Top Coat Set with Rhinestone, Nail Molds, Nail Art Gel Kits for Home DIY Manicure, Blue Nude Series; Author: *; Description: *; Features: * - Details: Color: Blue, Material: Acrylic, Brand: AIFAIFA, Item Form: Gel, Product Dimensions: 5.9 x 5.9 x 5.9 inches; 1.48 Pounds; Store: Store: AIFAIFA; Categories: *; Price: Price: None;"
All Beauty,"Higher Education Skincare: Goal Digger - Silky Moisturizing Cucumber Creme; formulated for dry and sensitive skin; cucumber extract; natural extract: melon, kale, cabbage, ginger, turmeric - 1.7 fl oz",4.7,33,,,None,"{'hi_res': ['https://m.media-amazon.com/images/I/61FVIHlzUlL._SL1500_.jpg', 'https://m.media-amazon.com/images/I/61Jpyg7iGnL._SL1500_.jpg', 'https://m.media-amazon.com/images/I/51JoV8tQypL._SL1080_.jpg', 'https://m.media-amazon.com/images/I/61v7VUZlmxL._SL1500_.jpg', 'https://m.media-amazon.com/images/I/61jwbvVHMCL._SL1200_.jpg', 'https://m.media-amazon.com/images/I/61Pn4CDNE8L._SL1080_.jpg', 'https://m.media-amazon.com/images/I/51vxutZscIL._SL1080_.jpg', 'https://m.media-amazon.com/images/I/41TUio9RAkL._SL1080_.jpg'], 'large': ['https://m.media-amazon.com/images/I/31lGGn1vRmL.jpg', 'https://m.media-amazon.com/images/I/31uOtu53agL.jpg', 'https://m.media-amazon.com/images/I/31Q6XCdShmL.jpg', 'https://m.media-amazon.com/images/I/21ur3GP7zzL.jpg', 'https://m.media-amazon.com/images/I/417Rt7QyMkL.jpg', 'https://m.media-amazon.com/images/I/410isXqGhNL.jpg', 'https://m.media-amazon.com/images/I/31JrF1tew3L.jpg', 'https://m.media-amazon.com/images/I/21Su0Jr1VtL.jpg'], 'thumb': ['https://m.media-amazon.com/images/I/31lGGn1vRmL._SS40_.jpg', 'https://m.media-amazon.com/images/I/31uOtu53agL._SS40_.jpg', 'https://m.media-amazon.com/images/I/31Q6XCdShmL._SS40_.jpg', 'https://m.media-amazon.com/images/I/21ur3GP7zzL._SS40_.jpg', 'https://m.media-amazon.com/images/I/417Rt7QyMkL._SS40_.jpg', 'https://m.media-amazon.com/images/I/410isXqGhNL._SS40_.jpg', 'https://m.media-amazon.com/images/I/31JrF1tew3L._SS40_.jpg', 'https://m.media-amazon.com/images/I/21Su0Jr1VtL._SS40_.jpg'], 'variant': ['MAIN', 'PT01', 'PT02', 'PT03', 'PT04', 'PT05', 'PT06', 'PT07']}","{'title': [], 'url': [], 'user_id': []}",Higher Education,,"Brand: Higher Education, Scent: Cucumber, Item Form: Creme, Unit Count: 1.7 Fl Oz, Number of Items: 1, Is Discontinued By Manufacturer: No, Product Dimensions: 2.88 x 2.88 x 2.13 inches; 7.2 Ounces, UPC: 811381032050",B07ZS3DKL5,,,,"Parent ASIN: B07ZS3DKL5; Title: Higher Education Skincare: Goal Digger - Silky Moisturizing Cucumber Creme; formulated for dry and sensitive skin; cucumber extract; natural extract: melon, kale, cabbage, ginger, turmeric - 1.7 fl oz; Author: *; Description: *; Features: * - Details: Brand: Higher Education, Scent: Cucumber, Item Form: Creme, Unit Count: 1.7 Fl Oz, Number of Items: 1, Is Discontinued By Manufacturer: No, Product Dimensions: 2.88 x 2.88 x 2.13 inches; 7.2 Ounces, UPC: 811381032050; Store: Store: Higher Education; Categories: *; Price: Price: None;"
All Beauty,"HASK CUCUMBER + ALOE Body Wash 2 Pack- Refreshing, vegan formula, hypoallergenic, dermatologist tested, pH balanced- 2 Pack of 24.5 oz Bottles",4.6,156,,,None,"{'hi_res': ['https://m.media-amazon.com/images/I/81SlAxJ5piL._SL1500_.jpg', 'https://m.media-amazon.com/images/I/71cKeNQn-mL._SL1500_.jpg', None, 'https://m.media-amazon.com/images/I/617AO4pD0uL._SL1350_.jpg', 'https://m.media-amazon.com/images/I/61I4gyBynQS._SL1350_.jpg', 'https://m.media-amazon.com/images/I/71OfJV2Y1yS._SL1500_.jpg', 'https://m.media-amazon.com/images/I/813GWrLTiKL._SL1500_.jpg', 'https://m.media-amazon.com/images/I/81C+LuVENhS._SL1500_.jpg', 'https://m.media-amazon.com/images/I/81aXhdNOL1S._SL1500_.jpg'], 'large': ['https://m.media-amazon.com/images/I/51BD664eu0L.jpg', 'https://m.media-amazon.com/images/I/41CvJyOv5VL.jpg', 'https://m.media-amazon.com/images/I/31JdmT1pBoL.jpg', 'https://m.media-amazon.com/images/I/41dG2ooPL8L.jpg', 'https://m.media-amazon.com/images/I/41T0YWY9uhS.jpg', 'https://m.media-amazon.com/images/I/41GocEsH-aS.jpg', 'https://m.media-amazon.com/images/I/41o83GI4EqL.jpg', 'https://m.media-amazon.com/images/I/51tMWxyhy4S.jpg', 'https://m.media-amazon.com/images/I/51YGql9XryS.jpg'], 'thumb': ['https://m.media-amazon.com/images/I/51BD664eu0L._SS40_.jpg', 'https://m.media-amazon.com/images/I/41CvJyOv5VL._SS40_.jpg', 'https://m.media-amazon.com/images/I/31JdmT1pBoL._SS40_.jpg', 'https://m.media-amazon.com/images/I/41dG2ooPL8L._SS40_.jpg', 'https://m.media-amazon.com/images/I/41T0YWY9uhS._SS40_.jpg', 'https://m.media-amazon.com/images/I/41GocEsH-aS._SS40_.jpg', 'https://m.media-amazon.com/images/I/41o83GI4EqL._SS40_.jpg', 'https://m.media-amazon.com/images/I/51tMWxyhy4S._SS40_.jpg', 'https://m.media-amazon.com/images/I/51YGql9XryS._SS40_.jpg'], 'variant': ['MAIN', 'PT01', 'PT02', 'PT03', 'PT04', 'PT05', 'PT06', 'PT07', 'PT08']}","{'title': ['HASK Body Wash Collection', 'JASON Natural Body Wash & Shower Gel REVIEW '], 'url': ['https://www.amazon.com/vdp/fada7b34a4c44b988bc96b9c324b20ed?ref=dp_vse_rvc_0', 'https://www.amazon.com/vdp/07efde20ea804b09b113e26a07eba135?ref=dp_vse_rvc_1'], 'user_id': ['', '/shop/raes_way_overdoing_it']}",HASK,,"Skin Type: Sensitive, Brand: HASK, Material Type Free: Silicones,Sulfates, Age Range (Description): Adult, Number of Items: 2, Product Dimensions: 8.99 x 3.24 x 10.04 inches; 3.68 Pounds, UPC: 071164327258",B08SG2MBRY,,,,"Parent ASIN: B08SG2MBRY; Title: HASK CUCUMBER + ALOE Body Wash 2 Pack- Refreshing, vegan formula, hypoallergenic, dermatologist tested, pH balanced- 2 Pack of 24.5 oz Bottles; Author: *; Description: *; Features: * - Details: Skin Type: Sensitive, Brand: HASK, Material Type Free: Silicones,Sulfates, Age Range (Description): Adult, Number of Items: 2, Product Dimensions: 8.99 x 3.24 x 10.04 inches; 3.68 Pounds, UPC: 071164327258; Store: Store: HASK; Categories: *; Price: Price: None;"
All Beauty,GAINWELL,4.3,64,,,None,"{'hi_res': ['https://m.media-amazon.com/images/I/71lSijmLGvL._SL1500_.jpg'], 'large': ['https://m.media-amazon.com/images/I/41HKskjrzVL.jpg'], 'thumb': ['https://m.media-amazon.com/images/I/41HKskjrzVL._SS40_.jpg'], 'variant': ['MAIN']}","{'title': [], 'url': [], 'user_id': []}",GAINWELL,,"Brand: GAINWELL, Shape: Round, Handle Material: Wood, Unit Count: 1.00 Count, Hair Type: All, Package Dimensions: 7.24 x 2.56 x 1.73 inches; 2.17 Ounces",B08JTNQFZY,,,,"Parent ASIN: B08JTNQFZY; Title: GAINWELL; Author: *; Description: *; Features: * - Details: Brand: GAINWELL, Shape: Round, Handle Material: Wood, Unit Count: 1.00 Count, Hair Type: All, Package Dimensions: 7.24 x 2.56 x 1.73 inches; 2.17 Ounces; Store: Store: GAINWELL; Categories: *; Price: Price: None;"
All Beauty,"OGANA CELL Bio Actiome Recovery Cream 50ml / 1.69oz - Mild All in One Cream, Soothing & Anti-Wrinkle, Peptides and Blackbee Extract Contained Nourishing Skin Care",4.3,30,,,34.99,"{'hi_res': ['https://m.media-amazon.com/images/I/61F+UQ6a8RL._SL1500_.jpg', 'https://m.media-amazon.com/images/I/71S-6CMDoaL._SL1500_.jpg', 'https://m.media-amazon.com/images/I/71sAdCSMghL._SL1500_.jpg', 'https://m.media-amazon.com/images/I/71oe7VjGQeL._SL1500_.jpg', 'https://m.media-amazon.com/images/I/81B+m4KZM0L._SL1500_.jpg', 'https://m.media-amazon.com/images/I/71DLOVf0tdL._SL1500_.jpg'], 'large': ['https://m.media-amazon.com/images/I/412wICDe1RL.jpg', 'https://m.media-amazon.com/images/I/51H0ioVMKgL.jpg', 'https://m.media-amazon.com/images/I/41bx0FBftFL.jpg', 'https://m.media-amazon.com/images/I/51EpdEKDk0L.jpg', 'https://m.media-amazon.com/images/I/51j5QBjtL4L.jpg', 'https://m.media-amazon.com/images/I/41LZSb1qlXL.jpg'], 'thumb': ['https://m.media-amazon.com/images/I/412wICDe1RL._SS40_.jpg', 'https://m.media-amazon.com/images/I/51H0ioVMKgL._SS40_.jpg', 'https://m.media-amazon.com/images/I/41bx0FBftFL._SS40_.jpg', 'https://m.media-amazon.com/images/I/51EpdEKDk0L._SS40_.jpg', 'https://m.media-amazon.com/images/I/51j5QBjtL4L._SS40_.jpg', 'https://m.media-amazon.com/images/I/41LZSb1qlXL._SS40_.jpg'], 'variant': ['MAIN', 'PT01', 'PT02', 'PT03', 'PT04', 'PT05']}","{'title': [], 'url': [], 'user_id': []}",OGANA CELL,,"Brand: OGANA CELL, Item Form: Cream, Unit Count: 1.69 Fl Oz, Number of Items: 1, Use for: Whole Body, Package Dimensions: 5.87 x 1.46 x 1.42 inches; 1.69 Ounces",B08QVJ4NVD,,,,"Parent ASIN: B08QVJ4NVD; Title: OGANA CELL Bio Actiome Recovery Cream 50ml / 1.69oz - Mild All in One Cream, Soothing & Anti-Wrinkle, Peptides and Blackbee Extract Contained Nourishing Skin Care; Author: *; Description: *; Features: * - Details: Brand: OGANA CELL, Item Form: Cream, Unit Count: 1.69 Fl Oz, Number of Items: 1, Use for: Whole Body, Package Dimensions: 5.87 x 1.46 x 1.42 inches; 1.69 Ounces; Store: Store: OGANA CELL; Categories: *; Price: Price: 34.99;"
All Beauty,"Beauty Bakerie Lip Whip Liquid Metallic Lipstick, Long Lasting Lip Color, Smudge Proof Makeup, Berried, 3.5 mL",3.9,118,"'LIQUID LIPSTICK: Lip Whip is a long-lasting, smudge proof, and waterproof liquid lipstick that goes on as a liquid and dries as a metallic matte. Provides all-day coverage in just one pigmented application. Stickiness can result if product is not allowed ample time to dry or if product is layered with more than 3 layers.', SMUDGE PROOF: Don't worry about eating your makeup with our Lip Whips. They stay on your lips not your food! Our Lips Whips won't stop you from kissing a loved one or biting into something messy. Apply your Lip Whip and leave it at home. Don't worry about reapplying., BERRIED: Our Berried Lip Whip is a metallic red with hints of deep purple. We recommend Berried as a topping. It looks great on top of Raspberry Tiramisu or She's Just Jelly., 'INGREDIENTS: We focus on using high quality and heatlhy ingredients. Our products are cruelty-free and contain vegan and paraben free ingredients with your skincare in mind.', BEAUTY BAKERIE: A powerful story of resilience and inspiration, Cashmere Nicole founded Beauty Bakerie in 2011 with the mission to be sweet and sweeten the lives of others. The Beauty Bakerie brand is a direct reflection of Cashmere's perseverance and passion for high-quality, healthy ingredients that enhance everyone's beauty every day.","'Beauty Bakerie Berried metallic Lip whip is a metallic red liquid lipstick with hints of deep purple. It is long-lasting, smudge-proof and waterproof. Glides smoothly over lips, It is a weightless and non-sticky texture.'",22.0,"{'hi_res': [None, None, 'https://m.media-amazon.com/images/I/71eMdqeowJL._SL1024_.jpg', None, 'https://m.media-amazon.com/images/I/61yaydXheHL._SL1024_.jpg'], 'large': ['https://m.media-amazon.com/images/I/41YYJKK3LmL.jpg', 'https://m.media-amazon.com/images/I/31V3g84mdAL.jpg', 'https://m.media-amazon.com/images/I/51qat9k+IyL.jpg', 'https://m.media-amazon.com/images/I/61d8Y-T97CL.jpg', 'https://m.media-amazon.com/images/I/41GhTJXx1aL.jpg'], 'thumb': ['https://m.media-amazon.com/images/I/41YYJKK3LmL._SS40_.jpg', 'https://m.media-amazon.com/images/I/31V3g84mdAL._SS40_.jpg', 'https://m.media-amazon.com/images/I/51qat9k+IyL._SS40_.jpg', 'https://m.media-amazon.com/images/I/61d8Y-T97CL._SS40_.jpg', 'https://m.media-amazon.com/images/I/41GhTJXx1aL._SS40_.jpg'], 'variant': ['MAIN', 'PT01', 'PT02', 'PT03', 'PT04']}","{'title': ['Berried Metallic Lip Whip '], 'url': ['https://www.amazon.com/vdp/033db068c47b41fba0dc148fa2396b1f?ref=dp_vse_rvc_0'], 'user_id': ['']}",Beauty Bakerie,,"Brand: Beauty Bakerie, Color: Berried, Skin Type: All, Item Form: Liquid, Finish Type: Metallic, Is Discontinued By Manufacturer: No, Product Dimensions: 0.59 x 0.59 x 3.54 inches; 0.71 Ounces, Item model number: 754680458186, UPC: 754680458186, Manufacturer: Beauty Bakerie Cosmetics Brand",B0BVQQ58G8,,,,"Parent ASIN: B0BVQQ58G8; Title: Beauty Bakerie Lip Whip Liquid Metallic Lipstick, Long Lasting Lip Color, Smudge Proof Makeup, Berried, 3.5 mL; Author: *; Description: Description: 'Beauty Bakerie Berried metallic Lip whip is a metallic red liquid lipstick with hints of deep purple. It is long-lasting, smudge-proof and waterproof. Glides smoothly over lips, It is a weightless and non-sticky texture.'; Features: Features: 'LIQUID LIPSTICK: Lip Whip is a long-lasting, smudge proof, and waterproof liquid lipstick that goes on as a liquid and dries as a metallic matte. Provides all-day coverage in just one pigmented application. Stickiness can result if product is not allowed ample time to dry or if product is layered with more than 3 layers.', SMUDGE PROOF: Don't worry about eating your makeup with our Lip Whips. They stay on your lips not your food! Our Lips Whips won't stop you from kissing a loved one or biting into something messy. Apply your Lip Whip and leave it at home. Don't worry about reapplying., BERRIED: Our Berried Lip Whip is a metallic red with hints of deep purple. We recommend Berried as a topping. It looks great on top of Raspberry Tiramisu or She's Just Jelly., 'INGREDIENTS: We focus on using high quality and heatlhy ingredients. Our products are cruelty-free and contain vegan and paraben free ingredients with your skincare in mind.', BEAUTY BAKERIE: A powerful story of resilience and inspiration, Cashmere Nicole founded Beauty Bakerie in 2011 with the mission to be sweet and sweeten the lives of others. The Beauty Bakerie brand is a direct reflection of Cashmere's perseverance and passion for high-quality, healthy ingredients that enhance everyone's beauty every day. - Details: Brand: Beauty Bakerie, Color: Berried, Skin Type: All, Item Form: Liquid, Finish Type: Metallic, Is Discontinued By Manufacturer: No, Product Dimensions: 0.59 x 0.59 x 3.54 inches; 0.71 Ounces, Item model number: 754680458186, UPC: 754680458186, Manufacturer: Beauty Bakerie Cosmetics Brand; Store: Store: Beauty Bakerie; Categories: *; Price: Price: 22.0;"
All Beauty,"Hemp Lotion for Dry Skin - Soothing Rose Flower & Aloe Hydrate Your Complexion - Non-Greasy, Vegan, 7Oz, 250Mg Hemp, Fragrance & Paraben Free - Guayaquil By La La Leaf",4.1,30,,,None,"{'hi_res': [None, 'https://m.media-amazon.com/images/I/61UXiWx6iyL._SL1470_.jpg', 'https://m.media-amazon.com/images/I/71Opj9Q8QIL._SL1500_.jpg', 'https://m.media-amazon.com/images/I/81fE6siF4RL._SL1500_.jpg', 'https://m.media-amazon.com/images/I/81CmS0n05DL._SL1500_.jpg', 'https://m.media-amazon.com/images/I/71YEPtCQ9wL._SL1500_.jpg', 'https://m.media-amazon.com/images/I/61xMBJdMLsL._SL1500_.jpg'], 'large': ['https://m.media-amazon.com/images/I/51kmHWuraaL.jpg', 'https://m.media-amazon.com/images/I/41AhnwdSqPL.jpg', 'https://m.media-amazon.com/images/I/31b40ZR8GAL.jpg', 'https://m.media-amazon.com/images/I/51IKlYGmZPL.jpg', 'https://m.media-amazon.com/images/I/61+072So+FL.jpg', 'https://m.media-amazon.com/images/I/41MKaxnov+L.jpg', 'https://m.media-amazon.com/images/I/21h2vrGQlpL.jpg'], 'thumb': ['https://m.media-amazon.com/images/I/51kmHWuraaL._SS40_.jpg', 'https://m.media-amazon.com/images/I/41AhnwdSqPL._SS40_.jpg', 'https://m.media-amazon.com/images/I/31b40ZR8GAL._SS40_.jpg', 'https://m.media-amazon.com/images/I/51IKlYGmZPL._SS40_.jpg', 'https://m.media-amazon.com/images/I/61+072So+FL._SS40_.jpg', 'https://m.media-amazon.com/images/I/41MKaxnov+L._SS40_.jpg', 'https://m.media-amazon.com/images/I/21h2vrGQlpL._SS40_.jpg'], 'variant': ['MAIN', 'PT01', 'PT02', 'PT03', 'PT04', 'PT05', 'PT06']}","{'title': ['CBD oil body lotion'], 'url': ['https://www.amazon.com/vdp/a9f7af11440a474d81f845a4a54f9b7b?ref=dp_vse_rvc_0'], 'user_id': ['AHDEAGICTO4MCV7D3FGPCR6LF4IA']}",LA LA LEAF,,"Brand: LA LA LEAF, Item Form: Lotion, Unit Count: 7.00 Fl Oz, Number of Items: 1, Use for: Whole Body, Package Dimensions: 8.19 x 2.28 x 2.17 inches; 8.78 Ounces, UPC: 860002750125",B08BB3P4VQ,,,,"Parent ASIN: B08BB3P4VQ; Title: Hemp Lotion for Dry Skin - Soothing Rose Flower & Aloe Hydrate Your Complexion - Non-Greasy, Vegan, 7Oz, 250Mg Hemp, Fragrance & Paraben Free - Guayaquil By La La Leaf; Author: *; Description: *; Features: * - Details: Brand: LA LA LEAF, Item Form: Lotion, Unit Count: 7.00 Fl Oz, Number of Items: 1, Use for: Whole Body, Package Dimensions: 8.19 x 2.28 x 2.17 inches; 8.78 Ounces, UPC: 860002750125; Store: Store: LA LA LEAF; Categories: *; Price: Price: None;"
All Beauty,"No Brainer Gentle Facial Cleanser, 6 fl. oz, For Dry & Sensitive Skin, Leaves Skin Feeling Clean, Soft and Hydrated, Hydrolyzed Rice Protein & Amino Acids Restores Skin by Higher Education Skincare",4.8,29,,,None,"{'hi_res': ['https://m.media-amazon.com/images/I/411BDIAuDVL._SL1500_.jpg', 'https://m.media-amazon.com/images/I/51hVSZUWfoL._SL1500_.jpg', 'https://m.media-amazon.com/images/I/51DcTXGjvcL._SL1080_.jpg', 'https://m.media-amazon.com/images/I/51l1UfdpbcL._SL1080_.jpg', 'https://m.media-amazon.com/images/I/41zCN6ovuPL._SL1500_.jpg', 'https://m.media-amazon.com/images/I/61BrW03-isL._SL1200_.jpg', 'https://m.media-amazon.com/images/I/51uQfFUOWKL._SL1080_.jpg', 'https://m.media-amazon.com/images/I/41vTVPUt+eL._SL1080_.jpg'], 'large': ['https://m.media-amazon.com/images/I/21RxBechYFL.jpg', 'https://m.media-amazon.com/images/I/31BrmygIw+L.jpg', 'https://m.media-amazon.com/images/I/319z+Mt6MbL.jpg', 'https://m.media-amazon.com/images/I/31OhnBPzOaL.jpg', 'https://m.media-amazon.com/images/I/21tVAGzqu7L.jpg', 'https://m.media-amazon.com/images/I/415TLGQUoAL.jpg', 'https://m.media-amazon.com/images/I/41uycwH36FL.jpg', 'https://m.media-amazon.com/images/I/310MU5l8NXL.jpg'], 'thumb': ['https://m.media-amazon.com/images/I/21RxBechYFL._SS40_.jpg', 'https://m.media-amazon.com/images/I/31BrmygIw+L._SS40_.jpg', 'https://m.media-amazon.com/images/I/319z+Mt6MbL._SS40_.jpg', 'https://m.media-amazon.com/images/I/31OhnBPzOaL._SS40_.jpg', 'https://m.media-amazon.com/images/I/21tVAGzqu7L._SS40_.jpg', 'https://m.media-amazon.com/images/I/415TLGQUoAL._SS40_.jpg', 'https://m.media-amazon.com/images/I/41uycwH36FL._SS40_.jpg', 'https://m.media-amazon.com/images/I/310MU5l8NXL._SS40_.jpg'], 'variant': ['MAIN', 'PT01', 'PT02', 'PT03', 'PT04', 'PT05', 'PT06', 'PT07']}","{'title': ['nice scent, gentle cleanser'], 'url': ['https://www.amazon.com/vdp/5983bb0a74f64df3af95fa0ae43ceb84?ref=dp_vse_rvc_0'], 'user_id': ['AEPDHVN67EJ4NHL6IIN4Z5U35I3Q']}",Higher Education,,"Item Form: Liquid, Skin Type: Sensitive, Brand: Higher Education, Age Range (Description): Adult, Unit Count: 6.00 Fl Oz, Package Dimensions: 7.2 x 2.3 x 2.3 inches; 8.01 Ounces, UPC: 811381030056",B07ZQRX7FX,,,,"Parent ASIN: B07ZQRX7FX; Title: No Brainer Gentle Facial Cleanser, 6 fl. oz, For Dry & Sensitive Skin, Leaves Skin Feeling Clean, Soft and Hydrated, Hydrolyzed Rice Protein & Amino Acids Restores Skin by Higher Education Skincare; Author: *; Description: *; Features: * - Details: Item Form: Liquid, Skin Type: Sensitive, Brand: Higher Education, Age Range (Description): Adult, Unit Count: 6.00 Fl Oz, Package Dimensions: 7.2 x 2.3 x 2.3 inches; 8.01 Ounces, UPC: 811381030056; Store: Store: Higher Education; Categories: *; Price: Price: None;"
All Beauty,"Got2b Glued Spray Wax with 2-in-1 Dual Nozzle, 8 oz",4.2,1724,"'One product for two different looks', 'Customize your hold by turning the dual actuator', 'Turn to position 1 for flexible texture', 'Turn to position 2 for structured hold', Lightweight formula that doesn't leave your hair feeling sticky or crunchy","'The first dual-finish spray wax has officially hit the shelves! The got2b glued Spray Wax provides two looks with one product. So whether you want flexible texture or structured hold, this product has you covered! Best of all, this lightweight formula doesn’t leave your hair feeling sticky or crunchy. Create your own look and style. Turn to position 1 for flexible texture, turn to position 2 for structured hold. Be whoever you want 2b with got2b glued Spray Wax!'",6.47,"{'hi_res': ['https://m.media-amazon.com/images/I/711QgOQ4zdL._SL1500_.jpg', 'https://m.media-amazon.com/images/I/71iEeFxUvvL._SL1500_.jpg', 'https://m.media-amazon.com/images/I/819bkjn5ZxL._SL1500_.jpg', 'https://m.media-amazon.com/images/I/81ZxQ5B6kjL._SL1500_.jpg', 'https://m.media-amazon.com/images/I/91-e9WyEfTL._SL1500_.jpg', 'https://m.media-amazon.com/images/I/81ZviEwA1oL._SL1500_.jpg', 'https://m.media-amazon.com/images/I/91FqoApX3sL._SL1500_.jpg', 'https://m.media-amazon.com/images/I/91aT17bxrbL._SL1500_.jpg', 'https://m.media-amazon.com/images/I/A1X7mXhyxbL._SL1500_.jpg', 'https://m.media-amazon.com/images/I/A1fH+X563vL._SL1500_.jpg', 'https://m.media-amazon.com/images/I/71KyOhPHRjL._SL1500_.jpg', 'https://m.media-amazon.com/images/I/71CrvSpgb4L._SL1500_.jpg', 'https://m.media-amazon.com/images/I/71R8OoL9hkL._SL1500_.jpg', 'https://m.media-amazon.com/images/I/71-TWFfTMXL._SL1500_.jpg', 'https://m.media-amazon.com/images/I/61Zj1OU6yzL._SL1500_.jpg'], 'large': ['https://m.media-amazon.com/images/I/41SIaFFQDbL.jpg', 'https://m.media-amazon.com/images/I/41OalliUYTL.jpg', 'https://m.media-amazon.com/images/I/41-Boq0lZbL.jpg', 'https://m.media-amazon.com/images/I/51b3Da5n4qL.jpg', 'https://m.media-amazon.com/images/I/61X-pqOl7-L.jpg', 'https://m.media-amazon.com/images/I/51nKqMunjvL.jpg', 'https://m.media-amazon.com/images/I/51VefknB8yL.jpg', 'https://m.media-amazon.com/images/I/41KPnW69bLL.jpg', 'https://m.media-amazon.com/images/I/51X+3GJKZnL.jpg', 'https://m.media-amazon.com/images/I/51N4UxOex5L.jpg', 'https://m.media-amazon.com/images/I/51gBYLrNDML.jpg', 'https://m.media-amazon.com/images/I/518QxJ++JYL.jpg', 'https://m.media-amazon.com/images/I/31+uXzz-1fL.jpg', 'https://m.media-amazon.com/images/I/31WMj6BOZbL.jpg', 'https://m.media-amazon.com/images/I/41AhzvTUEvL.jpg'], 'thumb': ['https://m.media-amazon.com/images/I/41SIaFFQDbL._SS40_.jpg', 'https://m.media-amazon.com/images/I/41OalliUYTL._SS40_.jpg', 'https://m.media-amazon.com/images/I/41-Boq0lZbL._SS40_.jpg', 'https://m.media-amazon.com/images/I/51b3Da5n4qL._SS40_.jpg', 'https://m.media-amazon.com/images/I/61X-pqOl7-L._SS40_.jpg', 'https://m.media-amazon.com/images/I/51nKqMunjvL._SS40_.jpg', 'https://m.media-amazon.com/images/I/51VefknB8yL._SS40_.jpg', 'https://m.media-amazon.com/images/I/41KPnW69bLL._SS40_.jpg', 'https://m.media-amazon.com/images/I/51X+3GJKZnL._SS40_.jpg', 'https://m.media-amazon.com/images/I/51N4UxOex5L._SS40_.jpg', 'https://m.media-amazon.com/images/I/51gBYLrNDML._SS40_.jpg', 'https://m.media-amazon.com/images/I/518QxJ++JYL._SS40_.jpg', 'https://m.media-amazon.com/images/I/31+uXzz-1fL._SS40_.jpg', 'https://m.media-amazon.com/images/I/31WMj6BOZbL._SS40_.jpg', 'https://m.media-amazon.com/images/I/41AhzvTUEvL._SS40_.jpg'], 'variant': ['MAIN', 'SIDE', 'BACK', 'PT01', 'PT02', 'PT03', 'PT04', 'PT05', 'PT06', 'PT07', 'BOTT', 'INGR', 'LEFT', 'RGHT', 'TOPP']}","{'title': ['So light but yet so powerful.', 'Great for fine / thin hair!!!', 'Does It Really Work? Watch This For More ACTION, Less Talk', 'How-to Use got2b glued Spray Wax 2-in-1 Dual Spray Nozzle', 'Sleek Loose Waves #hairtutorial #wig #vpartwig #wavyhair', 'GOT 2B Glued Blasting Freeze Spray - Honest Testimonial!', 'Watch before you buy - Got2B Spray ', 'Very good hold spray', 'Got2be hair spray review!', 'Watch Before You Buy! Does This Scarf Really Lay Your Edges?'], 'url': ['https://www.amazon.com/vdp/0f8867dafb0b47a089ab435d0ec83088?ref=dp_vse_rvc_0', 'https://www.amazon.com/vdp/0f67dd0840fa47c9943bf339ddfaee87?ref=dp_vse_rvc_1', 'https://www.amazon.com/vdp/099668052bc64a57a64acfdd7edbb670?ref=dp_vse_rvc_2', 'https://www.amazon.com/vdp/e0ad6b3bc0364f57b19467bc7be2c3e5?ref=dp_vse_rvc_3', 'https://www.amazon.com/vdp/0104b908c0b7459f93c232bd1f78d314?ref=dp_vse_rvc_4', 'https://www.amazon.com/vdp/0de4df2005d742bb9f8709fbf7120f93?ref=dp_vse_rvc_5', 'https://www.amazon.com/vdp/0c8b2d1c1e664faeae52ea502032fb01?ref=dp_vse_rvc_6', 'https://www.amazon.com/vdp/0d3d697ea6f84d1b86a8d70a173ae488?ref=dp_vse_rvc_7', 'https://www.amazon.com/vdp/0946a40049ae45a6b5bc37cb8965cd74?ref=dp_vse_rvc_8', 'https://www.amazon.com/vdp/06852f73999043169f96711c983824ce?ref=dp_vse_rvc_9'], 'user_id': ['AFZYBNDBAWH7FJ7HWR2QNFLVHQPQ', 'AFBDXHQHIAN2VPSY4B2XVVX25MLA', '/shop/eljonnycosta', '', '/shop/influencer-99029ed3', '/shop/influencer-98d451b5', '/shop/celestekiana', '/shop/sexyshynell', '/shop/alaskanballistics', '/shop/palletflippertavarra']}",Got2B,,"Product Benefits: Firm Hold, Hair Type: All, Scent: Unscented, Liquid Volume: 8 Fluid Ounces, Item Form: Wax, Product Dimensions: 2 x 2 x 8.38 inches; 9.87 Ounces, Item model number: 31307, UPC: 017000313078, Manufacturer: AmazonUs/DIAW7, Country of Origin: USA",B08PLFZB89,,,,"Parent ASIN: B08PLFZB89; Title: Got2b Glued Spray Wax with 2-in-1 Dual Nozzle, 8 oz; Author: *; Description: Description: 'The first dual-finish spray wax has officially hit the shelves! The got2b glued Spray Wax provides two looks with one product. So whether you want flexible texture or structured hold, this product has you covered! Best of all, this lightweight formula doesn’t leave your hair feeling sticky or crunchy. Create your own look and style. Turn to position 1 for flexible texture, turn to position 2 for structured hold. Be whoever you want 2b with got2b glued Spray Wax!'; Features: Features: 'One product for two different looks', 'Customize your hold by turning the dual actuator', 'Turn to position 1 for flexible texture', 'Turn to position 2 for structured hold', Lightweight formula that doesn't leave your hair feeling sticky or crunchy - Details: Product Benefits: Firm Hold, Hair Type: All, Scent: Unscented, Liquid Volume: 8 Fluid Ounces, Item Form: Wax, Product Dimensions: 2 x 2 x 8.38 inches; 9.87 Ounces, Item model number: 31307, UPC: 017000313078, Manufacturer: AmazonUs/DIAW7, Country of Origin: USA; Store: Store: Got2B; Categories: *; Price: Price: 6.47;"
All Beauty,"Nail Files 16 Pcs, Double Sided Emery Board Manicure Tools for Filing Natural Gel and Acrylic Nails for Home and Salon Use",4.3,2795,,,None,"{'hi_res': ['https://m.media-amazon.com/images/I/81xGvWJd+yL._SL1400_.jpg', 'https://m.media-amazon.com/images/I/716Nn+YG3PL._SL1400_.jpg', 'https://m.media-amazon.com/images/I/71dR8he70iL._SL1400_.jpg', 'https://m.media-amazon.com/images/I/71AeAtBbIxL._SL1400_.jpg', 'https://m.media-amazon.com/images/I/71DVHXQe6sL._SL1400_.jpg', 'https://m.media-amazon.com/images/I/71mf9b2yYiL._SL1400_.jpg', 'https://m.media-amazon.com/images/I/71RxEhtGk4L._SL1400_.jpg'], 'large': ['https://m.media-amazon.com/images/I/51JUeEdZp8L.jpg', 'https://m.media-amazon.com/images/I/51BLPE19AAL.jpg', 'https://m.media-amazon.com/images/I/5126FV72gsL.jpg', 'https://m.media-amazon.com/images/I/41lhBLKV1kL.jpg', 'https://m.media-amazon.com/images/I/41xzSahcowL.jpg', 'https://m.media-amazon.com/images/I/51HE7HtI1-L.jpg', 'https://m.media-amazon.com/images/I/51qwDwgxCPL.jpg'], 'thumb': ['https://m.media-amazon.com/images/I/51JUeEdZp8L._SS40_.jpg', 'https://m.media-amazon.com/images/I/51BLPE19AAL._SS40_.jpg', 'https://m.media-amazon.com/images/I/5126FV72gsL._SS40_.jpg', 'https://m.media-amazon.com/images/I/41lhBLKV1kL._SS40_.jpg', 'https://m.media-amazon.com/images/I/41xzSahcowL._SS40_.jpg', 'https://m.media-amazon.com/images/I/51HE7HtI1-L._SS40_.jpg', 'https://m.media-amazon.com/images/I/51qwDwgxCPL._SS40_.jpg'], 'variant': ['MAIN', 'PT01', 'PT02', 'PT03', 'PT04', 'PT05', 'PT06']}","{'title': ['for natural fingernail filing....no polish or such'], 'url': ['https://www.amazon.com/vdp/7eb70ad88d704e3a8460361ebfbb073d?ref=dp_vse_rvc_0'], 'user_id': ['AEUSMVTKKD2T53H2VNOKJYILEPCA']}",Keiby Citom,,"Material: Acrylic, Brand: Keiby Citom, Grit Number: 100, Unit Count: 1.00 Count, Package Dimensions: 7.8 x 5.08 x 0.59 inches; 5.29 Ounces, UPC: 742025065137, Manufacturer: YHIT",B08C72C56Z,,,,"Parent ASIN: B08C72C56Z; Title: Nail Files 16 Pcs, Double Sided Emery Board Manicure Tools for Filing Natural Gel and Acrylic Nails for Home and Salon Use; Author: *; Description: *; Features: * - Details: Material: Acrylic, Brand: Keiby Citom, Grit Number: 100, Unit Count: 1.00 Count, Package Dimensions: 7.8 x 5.08 x 0.59 inches; 5.29 Ounces, UPC: 742025065137, Manufacturer: YHIT; Store: Store: Keiby Citom; Categories: *; Price: Price: None;"
All Beauty,Taya Beauty Inner Core Hair Strong Anti-Breakage Shampoo & Conditioner Duo - Strengthening and Repairing Formula - Free From Sulfates and Parabens - 8 fl oz Bottles,4.0,45,,"'INNER CORE SHAMPOO: Ingredients: Water/Aqua/Eau, Sodium C14-16 Olefin Sulfonate, Cocamidopropyl Betaine, Sodium Methyl Cocoyl Taurate, Acrylates Copolymer, Glycerin, Glycol Distearate, Bambusa Vulgaris Extract, Helianthus Annuus (Sunflower) Seed Oil, Hydrolyzed Vegetable Protein PG-Propyl Silanetriol, Panthenol, Dimethicone, PEG-120 Methyl Glucose Dioleate, Cetrimonium Chloride, Hydroxypropyl Guar Hydroxypropyltrimonium Chloride, Cetyl Alcohol, Bis-Cetearyl Amodimethicone, Polyquaternium-11, Laureth-4, Laureth-23, Decylene Glycol, Caprylyl Glycol, Disodium EDTA, Amodimethicone, Cocamide MIPA, Trideceth-12, Kaolin, Polysorbate 20, Fragrance/Parfum, Phenoxyethanol, Sodium Hydroxide, Sodium Sulfate, Sodium Chloride, Coconut Acid, Sodium Methyltaurate, Isopropanolamine, Tocopherol, Salicylic Acid, Cyclotetrasiloxane, Cyclopentasiloxane, Ethylhexylglycerin, Citric Acid, Amyl Cinnamal, Benzyl Salicylate, Linalool. INNER CORE CONDITIONER: Ingredients: Water/Aqua/Eau, Cetearyl Alcohol, Glycerin, Behentrimonium Methosulfate, Stearamidopropyl Dimethylamine, Polysorbate 60, Bambusa Vulgaris Extract, Hydrolyzed Vegetable Protein PG-Propyl Silanetriol, Cetrimonium Chloride, Dimethicone, Divinyldimethicone/Dimethicone Copolymer, Polyquaternium-37, Hydroxypropyl Guar Hydroxypropyltrimonium Chloride, Propylene Glycol Dicaprylate/Dicaprate, Dicetyldimonium Chloride, Amodimethicone, Polyquaternium-7, PPG-1 Trideceth-6, Cetyl Alcohol, Trideceth-12, C11-15 Pareth-7, C12-13 Pareth-23, C12-13 Pareth-3, Decylene Glycol, Caprylyl Glycol, PEG-90M, Tetrasodium EDTA, Buteth-3, C10-40 Isoalkylamidopropylethyldimonium Ethosulfate, Sodium Benzotriazolyl Butylphenol Sulfonate, Laureth-9, Tributyl Citrate, Citric Acid, Fragrance/Parfum, Kaolin, Yellow 6/CI 15985, Phenoxyethanol, Sorbitan Oleate, Acrylates/Stearyl Methacrylate Copolymer, C10-11 Isoparaffin, Isopropyl Alcohol, Trisodium HEDTA, Silica, BHT, Amyl Cinnamal, Benzyl Salicylate, Linalool.'",48.0,"{'hi_res': ['https://m.media-amazon.com/images/I/71qKxm4DMyL._SL1500_.jpg', 'https://m.media-amazon.com/images/I/61k9aKELWwL._SL1080_.jpg'], 'large': ['https://m.media-amazon.com/images/I/41eoeLnvIgL.jpg', 'https://m.media-amazon.com/images/I/41Fn6UA7G3L.jpg'], 'thumb': ['https://m.media-amazon.com/images/I/41eoeLnvIgL._SS40_.jpg', 'https://m.media-amazon.com/images/I/41Fn6UA7G3L._SS40_.jpg'], 'variant': ['MAIN', 'PT01']}","{'title': ['Inner Core Ingredient Animation'], 'url': ['https://www.amazon.com/vdp/0b1e93bb98454e78a4b0e8904596ca8d?ref=dp_vse_rvc_0'], 'user_id': ['']}",TAYA I AM.,,"Product Benefits: Moisturizing,Repairing,Cleanses,Breakage, Item Form: Liquid, Brand: TAYA I AM., Hair Type: Wavy, Color Treated, Curly, Damaged, Thin, Scent: Coconut, Package Dimensions: 7.99 x 4.53 x 2.09 inches; 1 Pounds, Item model number: 3.00, UPC: 858308002185",B07VGBBNTH,,,,"Parent ASIN: B07VGBBNTH; Title: Taya Beauty Inner Core Hair Strong Anti-Breakage Shampoo & Conditioner Duo - Strengthening and Repairing Formula - Free From Sulfates and Parabens - 8 fl oz Bottles; Author: *; Description: Description: 'INNER CORE SHAMPOO: Ingredients: Water/Aqua/Eau, Sodium C14-16 Olefin Sulfonate, Cocamidopropyl Betaine, Sodium Methyl Cocoyl Taurate, Acrylates Copolymer, Glycerin, Glycol Distearate, Bambusa Vulgaris Extract, Helianthus Annuus (Sunflower) Seed Oil, Hydrolyzed Vegetable Protein PG-Propyl Silanetriol, Panthenol, Dimethicone, PEG-120 Methyl Glucose Dioleate, Cetrimonium Chloride, Hydroxypropyl Guar Hydroxypropyltrimonium Chloride, Cetyl Alcohol, Bis-Cetearyl Amodimethicone, Polyquaternium-11, Laureth-4, Laureth-23, Decylene Glycol, Caprylyl Glycol, Disodium EDTA, Amodimethicone, Cocamide MIPA, Trideceth-12, Kaolin, Polysorbate 20, Fragrance/Parfum, Phenoxyethanol, Sodium Hydroxide, Sodium Sulfate, Sodium Chloride, Coconut Acid, Sodium Methyltaurate, Isopropanolamine, Tocopherol, Salicylic Acid, Cyclotetrasiloxane, Cyclopentasiloxane, Ethylhexylglycerin, Citric Acid, Amyl Cinnamal, Benzyl Salicylate, Linalool. INNER CORE CONDITIONER: Ingredients: Water/Aqua/Eau, Cetearyl Alcohol, Glycerin, Behentrimonium Methosulfate, Stearamidopropyl Dimethylamine, Polysorbate 60, Bambusa Vulgaris Extract, Hydrolyzed Vegetable Protein PG-Propyl Silanetriol, Cetrimonium Chloride, Dimethicone, Divinyldimethicone/Dimethicone Copolymer, Polyquaternium-37, Hydroxypropyl Guar Hydroxypropyltrimonium Chloride, Propylene Glycol Dicaprylate/Dicaprate, Dicetyldimonium Chloride, Amodimethicone, Polyquaternium-7, PPG-1 Trideceth-6, Cetyl Alcohol, Trideceth-12, C11-15 Pareth-7, C12-13 Pareth-23, C12-13 Pareth-3, Decylene Glycol, Caprylyl Glycol, PEG-90M, Tetrasodium EDTA, Buteth-3, C10-40 Isoalkylamidopropylethyldimonium Ethosulfate, Sodium Benzotriazolyl Butylphenol Sulfonate, Laureth-9, Tributyl Citrate, Citric Acid, Fragrance/Parfum, Kaolin, Yellow 6/CI 15985, Phenoxyethanol, Sorbitan Oleate, Acrylates/Stearyl Methacrylate Copolymer, C10-11 Isoparaffin, Isopropyl Alcohol, Trisodium HEDTA, Silica, BHT, Amyl Cinnamal, Benzyl Salicylate, Linalool.'; Features: * - Details: Product Benefits: Moisturizing,Repairing,Cleanses,Breakage, Item Form: Liquid, Brand: TAYA I AM., Hair Type: Wavy, Color Treated, Curly, Damaged, Thin, Scent: Coconut, Package Dimensions: 7.99 x 4.53 x 2.09 inches; 1 Pounds, Item model number: 3.00, UPC: 858308002185; Store: Store: TAYA I AM.; Categories: *; Price: Price: 48.0;"
All Beauty,"ZOUSZ Black Oud Vegan Beard Balm - Classic Wood-Scented Facial Hair Grooming and Skin Care Butter for Men - Avocado, Argan, Macadamia Oils - Vegan Moisturiser, Conditioner, and Dandruff Remover",4.2,239,,,None,"{'hi_res': ['https://m.media-amazon.com/images/I/81eLnR5pSqL._SL1500_.jpg', 'https://m.media-amazon.com/images/I/91538WRVLIL._SL1500_.jpg', 'https://m.media-amazon.com/images/I/71rL92ZmM2L._SL1500_.jpg', 'https://m.media-amazon.com/images/I/81HVgkZtCaL._SL1500_.jpg', 'https://m.media-amazon.com/images/I/81RUgV6xuIL._SL1500_.jpg', 'https://m.media-amazon.com/images/I/71BkJXViHBL._SL1500_.jpg', 'https://m.media-amazon.com/images/I/91538WRVLIL._SL1500_.jpg', 'https://m.media-amazon.com/images/I/81LjkFTa4rL._SL1500_.jpg', 'https://m.media-amazon.com/images/I/91bmjrK4-1L._SL1500_.jpg'], 'large': ['https://m.media-amazon.com/images/I/41i+ZKPXZ2L.jpg', 'https://m.media-amazon.com/images/I/514o1Z3Sp7L.jpg', 'https://m.media-amazon.com/images/I/31ZDGmfdW-L.jpg', 'https://m.media-amazon.com/images/I/41OO3kT7BoL.jpg', 'https://m.media-amazon.com/images/I/41UoF9KT+HL.jpg', 'https://m.media-amazon.com/images/I/31Ph4tAa3lL.jpg', 'https://m.media-amazon.com/images/I/514o1Z3Sp7L.jpg', 'https://m.media-amazon.com/images/I/31UUXmzpCiL.jpg', 'https://m.media-amazon.com/images/I/51Ntk4vGL2L.jpg'], 'thumb': ['https://m.media-amazon.com/images/I/41i+ZKPXZ2L._SS40_.jpg', 'https://m.media-amazon.com/images/I/514o1Z3Sp7L._SS40_.jpg', 'https://m.media-amazon.com/images/I/31ZDGmfdW-L._SS40_.jpg', 'https://m.media-amazon.com/images/I/41OO3kT7BoL._SS40_.jpg', 'https://m.media-amazon.com/images/I/41UoF9KT+HL._SS40_.jpg', 'https://m.media-amazon.com/images/I/31Ph4tAa3lL._SS40_.jpg', 'https://m.media-amazon.com/images/I/514o1Z3Sp7L._SS40_.jpg', 'https://m.media-amazon.com/images/I/31UUXmzpCiL._SS40_.jpg', 'https://m.media-amazon.com/images/I/51Ntk4vGL2L._SS40_.jpg'], 'variant': ['MAIN', 'PT01', 'PT02', 'PT03', 'PT04', 'PT05', 'PT06', 'PT07', 'PT08']}","{'title': ['How To Use: ZOUSZ Black Oud Beard Balm', 'ZOUSZ Black Oud Beard Balm', 'Honest Amish Beard Balm REVIEW', 'Honest Amish Beard Balm 2 Am.mp4'], 'url': ['https://www.amazon.com/vdp/0826e38cb1004dc19e122b973dd19e45?ref=dp_vse_rvc_0', 'https://www.amazon.com/vdp/0bd0621ecae947d2b938a2761e26fa80?ref=dp_vse_rvc_1', 'https://www.amazon.com/vdp/00f0447754ed40999ee4550ece67fd48?ref=dp_vse_rvc_2', 'https://www.amazon.com/vdp/0d99e50d38344a8bbb8b4152cdeff8ee?ref=dp_vse_rvc_3'], 'user_id': ['', '', '/shop/callthatgeekvideos', '/shop/chareststudios']}",ZOUSZ,,"Brand: ZOUSZ, Item Form: Liquid,Balm, Material Feature: Natural, Hair Type: Dry, Age Range (Description): Adult, Is Discontinued By Manufacturer: No, Product Dimensions: 3.15 x 3.15 x 3.94 inches; 1.76 Ounces",B08BKWLHYP,,,,"Parent ASIN: B08BKWLHYP; Title: ZOUSZ Black Oud Vegan Beard Balm - Classic Wood-Scented Facial Hair Grooming and Skin Care Butter for Men - Avocado, Argan, Macadamia Oils - Vegan Moisturiser, Conditioner, and Dandruff Remover; Author: *; Description: *; Features: * - Details: Brand: ZOUSZ, Item Form: Liquid,Balm, Material Feature: Natural, Hair Type: Dry, Age Range (Description): Adult, Is Discontinued By Manufacturer: No, Product Dimensions: 3.15 x 3.15 x 3.94 inches; 1.76 Ounces; Store: Store: ZOUSZ; Categories: *; Price: Price: None;"
All Beauty,"Beast Blue Ultra Cooling Body Wash, 6 oz -Beast",4.0,50,,,None,"{'hi_res': ['https://m.media-amazon.com/images/I/71fSivj8AaL._SL1500_.jpg', 'https://m.media-amazon.com/images/I/614K+Kw4ShL._SL1500_.jpg', 'https://m.media-amazon.com/images/I/51r4BuUZkPL._SL1080_.jpg', 'https://m.media-amazon.com/images/I/61LHAtwnCIL._SL1080_.jpg', 'https://m.media-amazon.com/images/I/71v3Uy0oAfL._SL1500_.jpg', 'https://m.media-amazon.com/images/I/91FvlXp1XJL._SL1500_.jpg', 'https://m.media-amazon.com/images/I/91H8yXwOhML._SL1500_.jpg', 'https://m.media-amazon.com/images/I/81HD176eyIL._SL1500_.jpg', 'https://m.media-amazon.com/images/I/71I7e-35dFL._SL1080_.jpg'], 'large': ['https://m.media-amazon.com/images/I/31MRs-mTtsL.jpg', 'https://m.media-amazon.com/images/I/41sxo4vskyL.jpg', 'https://m.media-amazon.com/images/I/410vvHud29L.jpg', 'https://m.media-amazon.com/images/I/41Xr+O5NzeL.jpg', 'https://m.media-amazon.com/images/I/31IRz3M+7SL.jpg', 'https://m.media-amazon.com/images/I/51SLXEwy9uL.jpg', 'https://m.media-amazon.com/images/I/51wyNTUoP4L.jpg', 'https://m.media-amazon.com/images/I/51eb2F6aKdL.jpg', 'https://m.media-amazon.com/images/I/51jZFdV2iPL.jpg'], 'thumb': ['https://m.media-amazon.com/images/I/31MRs-mTtsL._SS40_.jpg', 'https://m.media-amazon.com/images/I/41sxo4vskyL._SS40_.jpg', 'https://m.media-amazon.com/images/I/410vvHud29L._SS40_.jpg', 'https://m.media-amazon.com/images/I/41Xr+O5NzeL._SS40_.jpg', 'https://m.media-amazon.com/images/I/31IRz3M+7SL._SS40_.jpg', 'https://m.media-amazon.com/images/I/51SLXEwy9uL._SS40_.jpg', 'https://m.media-amazon.com/images/I/51wyNTUoP4L._SS40_.jpg', 'https://m.media-amazon.com/images/I/51eb2F6aKdL._SS40_.jpg', 'https://m.media-amazon.com/images/I/51jZFdV2iPL._SS40_.jpg'], 'variant': ['MAIN', 'PT01', 'PT02', 'PT03', 'PT04', 'PT05', 'PT06', 'PT07', 'PT08']}","{'title': [""Men's Grooming Products by Tame the Beast"", 'Tame the Beast Products by Beast Brands, Inc.'], 'url': ['https://www.amazon.com/vdp/15c103d9d41643b6b75df381750a874c?ref=dp_vse_rvc_0', 'https://www.amazon.com/vdp/8249acd5cf64438f85098a225224a2dc?ref=dp_vse_rvc_1'], 'user_id': ['', '']}",Tame the Beast,,"Item Form: Cream, Skin Type: Dry, Brand: Tame the Beast, Scent: Green Tea, Age Range (Description): Adult, Package Dimensions: 7 x 3 x 2 inches; 7.2 Ounces, UPC: 817662018539",B0844X21MJ,,,,"Parent ASIN: B0844X21MJ; Title: Beast Blue Ultra Cooling Body Wash, 6 oz -Beast; Author: *; Description: *; Features: * - Details: Item Form: Cream, Skin Type: Dry, Brand: Tame the Beast, Scent: Green Tea, Age Range (Description): Adult, Package Dimensions: 7 x 3 x 2 inches; 7.2 Ounces, UPC: 817662018539; Store: Store: Tame the Beast; Categories: *; Price: Price: None;"
All Beauty,"Empty Amber Glass Spray Bottles - (4 Pack) 16 oz with Labels Refillable Container for Essential Oils, Cleaning Solutions, Cleaning Products, Hair, Plant Mister, Daily Shower, Gardening or Aromatherapy",4.5,517,"'✅ MORE SPRAYS, LESS REFILLS - Each of our glass spray bottles comes with a generous 16 oz. capacity which minimizes the need for constant refills. This makes them so much more convenient to use!', '✅ CONVENIENT PACK OF 4 - Includes: 4 empty amber spray bottles, 4 black leak-proof caps, 4 black spray head (mist/stream/off), 1 stainless funnel, 1 glass dropper, 4 black stickers, and 1 white marker.', '✅ MULTIPLE HOUSEHOLD USES - Our amber glass spray bottles can be used for nearly everything. Use them as dispensers for air fresheners and essential oils, homemade cleaning solutions, or watering plants!', ✅ NO HAND & WRIST FATIGUE - The plastic pump trigger and nozzles sport an easy-to-squeeze design. Even when full, the spray bottle feels light. They don't just look good; they're a pleasure to use, too!, '✅ TOTALLY SAFE TO USE - All plastic components are BPA-free while the glass bottles have no lead or heavy metal content. Our amber bottles also come with a 100% satisfaction guarantee.'",,None,"{'hi_res': ['https://m.media-amazon.com/images/I/814LiqyTK5L._SL1500_.jpg', 'https://m.media-amazon.com/images/I/812o+xRWyWL._SL1500_.jpg', 'https://m.media-amazon.com/images/I/816N3YNBngL._SL1500_.jpg', 'https://m.media-amazon.com/images/I/818S1EhTP5L._SL1500_.jpg', 'https://m.media-amazon.com/images/I/81x-x8+T73L._SL1500_.jpg', 'https://m.media-amazon.com/images/I/81E4cwSerhL._SL1500_.jpg', None, 'https://m.media-amazon.com/images/I/81M0UmCDsZL._SL1500_.jpg'], 'large': ['https://m.media-amazon.com/images/I/51c69oETNXL.jpg', 'https://m.media-amazon.com/images/I/516gN9vRz8L.jpg', 'https://m.media-amazon.com/images/I/51F-i8qBSLL.jpg', 'https://m.media-amazon.com/images/I/51JBVHlMiEL.jpg', 'https://m.media-amazon.com/images/I/51cntD4ou7L.jpg', 'https://m.media-amazon.com/images/I/51ZOVipN6SL.jpg', 'https://m.media-amazon.com/images/I/41ZzhozfIoL.jpg', 'https://m.media-amazon.com/images/I/51EbAryh2dL.jpg'], 'thumb': ['https://m.media-amazon.com/images/I/51c69oETNXL._SS40_.jpg', 'https://m.media-amazon.com/images/I/516gN9vRz8L._SS40_.jpg', 'https://m.media-amazon.com/images/I/51F-i8qBSLL._SS40_.jpg', 'https://m.media-amazon.com/images/I/51JBVHlMiEL._SS40_.jpg', 'https://m.media-amazon.com/images/I/51cntD4ou7L._SS40_.jpg', 'https://m.media-amazon.com/images/I/51ZOVipN6SL._SS40_.jpg', 'https://m.media-amazon.com/images/I/41ZzhozfIoL._SS40_.jpg', 'https://m.media-amazon.com/images/I/51EbAryh2dL._SS40_.jpg'], 'variant': ['MAIN', 'PT01', 'PT02', 'PT03', 'PT04', 'PT05', 'PT06', 'PT07']}","{'title': ['Great quality!'], 'url': ['https://www.amazon.com/vdp/e6590e41be814e4d8b8300633701cf5e?ref=dp_vse_rvc_0'], 'user_id': ['AEUG6XOJRTM6PALFYZTXUOXU6XAQ']}",AYL,,"Brand: AYL, Material: Glass, Capacity: 16 Ounces, Number of Items: 4, Product Care Instructions: Hand Wash Only, Package Dimensions: 9.88 x 7.6 x 7.17 inches; 2.98 Pounds, Item model number: EmptyAmberGlassSprayBottles 4 Pack, UPC: 860005177202",B08HGZXLP6,,,,"Parent ASIN: B08HGZXLP6; Title: Empty Amber Glass Spray Bottles - (4 Pack) 16 oz with Labels Refillable Container for Essential Oils, Cleaning Solutions, Cleaning Products, Hair, Plant Mister, Daily Shower, Gardening or Aromatherapy; Author: *; Description: *; Features: Features: '✅ MORE SPRAYS, LESS REFILLS - Each of our glass spray bottles comes with a generous 16 oz. capacity which minimizes the need for constant refills. This makes them so much more convenient to use!', '✅ CONVENIENT PACK OF 4 - Includes: 4 empty amber spray bottles, 4 black leak-proof caps, 4 black spray head (mist/stream/off), 1 stainless funnel, 1 glass dropper, 4 black stickers, and 1 white marker.', '✅ MULTIPLE HOUSEHOLD USES - Our amber glass spray bottles can be used for nearly everything. Use them as dispensers for air fresheners and essential oils, homemade cleaning solutions, or watering plants!', ✅ NO HAND & WRIST FATIGUE - The plastic pump trigger and nozzles sport an easy-to-squeeze design. Even when full, the spray bottle feels light. They don't just look good; they're a pleasure to use, too!, '✅ TOTALLY SAFE TO USE - All plastic components are BPA-free while the glass bottles have no lead or heavy metal content. Our amber bottles also come with a 100% satisfaction guarantee.' - Details: Brand: AYL, Material: Glass, Capacity: 16 Ounces, Number of Items: 4, Product Care Instructions: Hand Wash Only, Package Dimensions: 9.88 x 7.6 x 7.17 inches; 2.98 Pounds, Item model number: EmptyAmberGlassSprayBottles 4 Pack, UPC: 860005177202; Store: Store: AYL; Categories: *; Price: Price: None;"
All Beauty,"Zeitun Natural Anti Cellulite Body Scrub - Organic Coffee Body Scrub Exfoliator With Robusta & Dead Sea Salt - Cinnamon, Ginger And Moisturizing Oils, 7 oz",3.8,48,,,None,"{'hi_res': ['https://m.media-amazon.com/images/I/71qkBGrhz1L._SL1000_.jpg', 'https://m.media-amazon.com/images/I/61PSl1kXRyL._SL1000_.jpg', 'https://m.media-amazon.com/images/I/61SOzW8AkZL._SL1000_.jpg', 'https://m.media-amazon.com/images/I/61LdBLfrQyL._SL1000_.jpg', 'https://m.media-amazon.com/images/I/61BE8f1JzAL._SL1333_.jpg', 'https://m.media-amazon.com/images/I/71ZYerDp9jL._SL1500_.jpg', 'https://m.media-amazon.com/images/I/81cCnPbxsYL._SL1200_.jpg', 'https://m.media-amazon.com/images/I/81FpBm0lCZL._SL1200_.jpg', 'https://m.media-amazon.com/images/I/61wZ-1qSV3L._SL1200_.jpg'], 'large': ['https://m.media-amazon.com/images/I/512oHosTBuL.jpg', 'https://m.media-amazon.com/images/I/51ChpmWak2L.jpg', 'https://m.media-amazon.com/images/I/41yNBPeHcyL.jpg', 'https://m.media-amazon.com/images/I/51sli4dbQJL.jpg', 'https://m.media-amazon.com/images/I/41kF54TdprL.jpg', 'https://m.media-amazon.com/images/I/519FlaEJSrL.jpg', 'https://m.media-amazon.com/images/I/61vgeFc+xkL.jpg', 'https://m.media-amazon.com/images/I/61gaho0ZJvL.jpg', 'https://m.media-amazon.com/images/I/41XltfxOpFL.jpg'], 'thumb': ['https://m.media-amazon.com/images/I/512oHosTBuL._SS40_.jpg', 'https://m.media-amazon.com/images/I/51ChpmWak2L._SS40_.jpg', 'https://m.media-amazon.com/images/I/41yNBPeHcyL._SS40_.jpg', 'https://m.media-amazon.com/images/I/51sli4dbQJL._SS40_.jpg', 'https://m.media-amazon.com/images/I/41kF54TdprL._SS40_.jpg', 'https://m.media-amazon.com/images/I/519FlaEJSrL._SS40_.jpg', 'https://m.media-amazon.com/images/I/61vgeFc+xkL._SS40_.jpg', 'https://m.media-amazon.com/images/I/61gaho0ZJvL._SS40_.jpg', 'https://m.media-amazon.com/images/I/41XltfxOpFL._SS40_.jpg'], 'variant': ['MAIN', 'PT01', 'PT02', 'PT03', 'PT04', 'PT05', 'PT06', 'PT07', 'PT08']}","{'title': ['Smells great and left my skin feeling smooth!'], 'url': ['https://www.amazon.com/vdp/af91ad58b7454bce9b57cdafca1b62d7?ref=dp_vse_rvc_0'], 'user_id': ['AGXZSO63CMLU2W4VLJLOYCIVOADA']}",Zeitun,,"Is Discontinued By Manufacturer: No, Product Dimensions: 1.57 x 5.91 x 8.27 inches; 7 Ounces",B07D5FBFQ4,,,,"Parent ASIN: B07D5FBFQ4; Title: Zeitun Natural Anti Cellulite Body Scrub - Organic Coffee Body Scrub Exfoliator With Robusta & Dead Sea Salt - Cinnamon, Ginger And Moisturizing Oils, 7 oz; Author: *; Description: *; Features: * - Details: Is Discontinued By Manufacturer: No, Product Dimensions: 1.57 x 5.91 x 8.27 inches; 7 Ounces; Store: Store: Zeitun; Categories: *; Price: Price: None;"
All Beauty,"EASYDEW Starter Soft Conditioning Face Wash 6.76 fl oz - Soothing and Moisturizing Face Wash with Ceramides, Hydrogen Water & DW-EGF I Deep Pore Cleanser & Hypoallergenic Gentle Makeup Remover",3.2,27,,,None,"{'hi_res': ['https://m.media-amazon.com/images/I/51GWJ-PxO5L._SL1200_.jpg', 'https://m.media-amazon.com/images/I/51gAYWdQxcL._SL1200_.jpg', 'https://m.media-amazon.com/images/I/61uchK0FjtL._SL1200_.jpg', 'https://m.media-amazon.com/images/I/61kZ7xibqvL._SL1200_.jpg', 'https://m.media-amazon.com/images/I/61ZUhN4fCkL._SL1200_.jpg'], 'large': ['https://m.media-amazon.com/images/I/31wuHcGhxZL.jpg', 'https://m.media-amazon.com/images/I/41Qm4RfqFsL.jpg', 'https://m.media-amazon.com/images/I/41+3MPgZnlL.jpg', 'https://m.media-amazon.com/images/I/411CZ7Vr3-L.jpg', 'https://m.media-amazon.com/images/I/41osHPRwgjL.jpg'], 'thumb': ['https://m.media-amazon.com/images/I/31wuHcGhxZL._SS40_.jpg', 'https://m.media-amazon.com/images/I/41Qm4RfqFsL._SS40_.jpg', 'https://m.media-amazon.com/images/I/41+3MPgZnlL._SS40_.jpg', 'https://m.media-amazon.com/images/I/411CZ7Vr3-L._SS40_.jpg', 'https://m.media-amazon.com/images/I/41osHPRwgjL._SS40_.jpg'], 'variant': ['MAIN', 'PT01', 'PT02', 'PT03', 'PT04']}","{'title': ['Easydew Starter Soft Cleansing Milk 6.76 fl oz'], 'url': ['https://www.amazon.com/vdp/087431ade878465e88daf8ddd243c100?ref=dp_vse_rvc_0'], 'user_id': ['']}",EASYDEW,,"Item Form: Cream, Skin Type: Sensitive,All Skin Types, Brand: EASYDEW, Material Feature: Hypoallergenic, Natural, Age Range (Description): Adult, Is Discontinued By Manufacturer: No, Package Dimensions: 7.01 x 1.97 x 1.97 inches; 9.17 Ounces",B07MZT83KK,,,,"Parent ASIN: B07MZT83KK; Title: EASYDEW Starter Soft Conditioning Face Wash 6.76 fl oz - Soothing and Moisturizing Face Wash with Ceramides, Hydrogen Water & DW-EGF I Deep Pore Cleanser & Hypoallergenic Gentle Makeup Remover; Author: *; Description: *; Features: * - Details: Item Form: Cream, Skin Type: Sensitive,All Skin Types, Brand: EASYDEW, Material Feature: Hypoallergenic, Natural, Age Range (Description): Adult, Is Discontinued By Manufacturer: No, Package Dimensions: 7.01 x 1.97 x 1.97 inches; 9.17 Ounces; Store: Store: EASYDEW; Categories: *; Price: Price: None;"
All Beauty,LUXEDIVA Brazilian Virgin Hair Straight 3 Bundles 10A Unprocessed Brazilian Short Straight Human Hair Weave Weft Natural Black 14 16 18,3.4,21,,,None,"{'hi_res': ['https://m.media-amazon.com/images/I/61R6I-2voiL._SL1000_.jpg', 'https://m.media-amazon.com/images/I/61n+Go8HK7L._SL1000_.jpg', 'https://m.media-amazon.com/images/I/61fcCWilOXL._SL1000_.jpg', 'https://m.media-amazon.com/images/I/61E-LVGsg6L._SL1000_.jpg', 'https://m.media-amazon.com/images/I/71ug2Mk9QSL._SL1000_.jpg', 'https://m.media-amazon.com/images/I/71aQkkIFDmL._SL1200_.jpg', 'https://m.media-amazon.com/images/I/71+YIzEhoqL._SL1108_.jpg'], 'large': ['https://m.media-amazon.com/images/I/51Ay1QJ3ZnL.jpg', 'https://m.media-amazon.com/images/I/41oSrDZieVL.jpg', 'https://m.media-amazon.com/images/I/41bKvn-Tq7L.jpg', 'https://m.media-amazon.com/images/I/511Tw81LdhL.jpg', 'https://m.media-amazon.com/images/I/51MtY9q2rbL.jpg', 'https://m.media-amazon.com/images/I/51BEtTaF6kL.jpg', 'https://m.media-amazon.com/images/I/51w3hqG2okL.jpg'], 'thumb': ['https://m.media-amazon.com/images/I/51Ay1QJ3ZnL._SS40_.jpg', 'https://m.media-amazon.com/images/I/41oSrDZieVL._SS40_.jpg', 'https://m.media-amazon.com/images/I/41bKvn-Tq7L._SS40_.jpg', 'https://m.media-amazon.com/images/I/511Tw81LdhL._SS40_.jpg', 'https://m.media-amazon.com/images/I/51MtY9q2rbL._SS40_.jpg', 'https://m.media-amazon.com/images/I/51BEtTaF6kL._SS40_.jpg', 'https://m.media-amazon.com/images/I/51w3hqG2okL._SS40_.jpg'], 'variant': ['MAIN', 'PT01', 'PT02', 'PT03', 'PT04', 'PT05', 'PT06']}","{'title': [""LUXEDIVA Straight Human Hair Customer's Show""], 'url': ['https://www.amazon.com/vdp/cb6c2623178e42c1af6be84c69ebf2fa?ref=dp_vse_rvc_0'], 'user_id': ['']}",LUXEDIVA,,"Brand: LUXEDIVA, Material: Human Hair, Hair Type: Straight, Material Feature: Natural, Installation Type: Sew-In, Package Dimensions: 11.02 x 10.91 x 2.68 inches; 12.31 Ounces",B085RS26YH,,,,"Parent ASIN: B085RS26YH; Title: LUXEDIVA Brazilian Virgin Hair Straight 3 Bundles 10A Unprocessed Brazilian Short Straight Human Hair Weave Weft Natural Black 14 16 18; Author: *; Description: *; Features: * - Details: Brand: LUXEDIVA, Material: Human Hair, Hair Type: Straight, Material Feature: Natural, Installation Type: Sew-In, Package Dimensions: 11.02 x 10.91 x 2.68 inches; 12.31 Ounces; Store: Store: LUXEDIVA; Categories: *; Price: Price: None;"
All Beauty,"100pcs Premium Quality Hair Clips, 20 Glossy Colors Snap Hair Clips, 2 Inch Hair Barrettes with Perfect Grip, Durable Colorful Hair Clips with Smooth Edges for Kids, Girls, Women",4.4,141,,,None,"{'hi_res': ['https://m.media-amazon.com/images/I/81zCHsEiEjL._SL1500_.jpg', 'https://m.media-amazon.com/images/I/81h8NWlIVhL._SL1500_.jpg', 'https://m.media-amazon.com/images/I/81vruBeG28L._SL1500_.jpg', 'https://m.media-amazon.com/images/I/81z1bWgV7DL._SL1500_.jpg', 'https://m.media-amazon.com/images/I/91hqdcFNBTL._SL1500_.jpg', 'https://m.media-amazon.com/images/I/81zeRqI0SrL._SL1500_.jpg', 'https://m.media-amazon.com/images/I/71fdImPy6KL._SL1500_.jpg'], 'large': ['https://m.media-amazon.com/images/I/51E1l3LzwhL.jpg', 'https://m.media-amazon.com/images/I/51Tv72MM9cL.jpg', 'https://m.media-amazon.com/images/I/51Q9COPkW8L.jpg', 'https://m.media-amazon.com/images/I/41X9+M6trxL.jpg', 'https://m.media-amazon.com/images/I/51V-Bh37RtL.jpg', 'https://m.media-amazon.com/images/I/51KQWLqDkXL.jpg', 'https://m.media-amazon.com/images/I/51zuhe6ax9L.jpg'], 'thumb': ['https://m.media-amazon.com/images/I/51E1l3LzwhL._SS40_.jpg', 'https://m.media-amazon.com/images/I/51Tv72MM9cL._SS40_.jpg', 'https://m.media-amazon.com/images/I/51Q9COPkW8L._SS40_.jpg', 'https://m.media-amazon.com/images/I/41X9+M6trxL._SS40_.jpg', 'https://m.media-amazon.com/images/I/51V-Bh37RtL._SS40_.jpg', 'https://m.media-amazon.com/images/I/51KQWLqDkXL._SS40_.jpg', 'https://m.media-amazon.com/images/I/51zuhe6ax9L._SS40_.jpg'], 'variant': ['MAIN', 'PT01', 'PT02', 'PT03', 'PT04', 'PT05', 'PT06']}","{'title': [], 'url': [], 'user_id': []}",Fagaci,,"Brand: Fagaci, Hair Type: All, Color: Assorted, Age Range (Description): Adult, Material: Alloy Steel, Package Dimensions: 4.7 x 3.1 x 1 inches; 4.8 Ounces",B07XVNJFNF,,,,"Parent ASIN: B07XVNJFNF; Title: 100pcs Premium Quality Hair Clips, 20 Glossy Colors Snap Hair Clips, 2 Inch Hair Barrettes with Perfect Grip, Durable Colorful Hair Clips with Smooth Edges for Kids, Girls, Women; Author: *; Description: *; Features: * - Details: Brand: Fagaci, Hair Type: All, Color: Assorted, Age Range (Description): Adult, Material: Alloy Steel, Package Dimensions: 4.7 x 3.1 x 1 inches; 4.8 Ounces; Store: Store: Fagaci; Categories: *; Price: Price: None;"
All Beauty,"Amtidy Women's Rhinestone Crown Tiara, Bridal Wedding Dance Party Birthday Party Women's Headband Tiara, Queen Tiara With Comb（Silver）",3.7,119,,,None,"{'hi_res': ['https://m.media-amazon.com/images/I/813bsUeiiML._SL1500_.jpg'], 'large': ['https://m.media-amazon.com/images/I/51VnL7KtbXL.jpg'], 'thumb': ['https://m.media-amazon.com/images/I/51VnL7KtbXL._SS40_.jpg'], 'variant': ['MAIN']}","{'title': [], 'url': [], 'user_id': []}",Amtidy,,"Age Range (Description): Adult, Material: Polyester, Plastic, Fabric Type: Polyester, Brand: Amtidy, Size: Queen, UPC: 782931993803",B08BYK8SKR,,,,"Parent ASIN: B08BYK8SKR; Title: Amtidy Women's Rhinestone Crown Tiara, Bridal Wedding Dance Party Birthday Party Women's Headband Tiara, Queen Tiara With Comb（Silver）; Author: *; Description: *; Features: * - Details: Age Range (Description): Adult, Material: Polyester, Plastic, Fabric Type: Polyester, Brand: Amtidy, Size: Queen, UPC: 782931993803; Store: Store: Amtidy; Categories: *; Price: Price: None;"
All Beauty,Makeup Blender Sponge Set - 4 Pack Latex Free Q-Soft Makeup Beauty Foundation Blending Sponge Flawless Smooth Brush for Liquid Foundation BB Creams Powders Concealer (4 Pack),3.9,106,"UPDATED INNOVATIVE DESIGN - The FRESHME's Gorgeous Beauty Sponge combines high-tech materials with updated design to help you create a pixel-perfect look. With 4 elegant color, these Q-soft beauty sponges were uniquely created to fit in the palm of your hand for seamless blending. Every sponge is non-disposable, high-definition cosmetic blending applicator, making it a great choice from amateurs to pros. It's easy to optimize your beauty routine by using this multifunctional makeup sponge., Q-SOFT BOUNCY LATEX-FREE - Made from non-latex sponge to reduce allergies, this makeup sponge is 100% Vegan and Cruelty free. This blending sponge is bouncy, Q-soft and smooth, giving your skin a flawless and natural looking make up. It can also avoid the waste of cosmetics because the makeup product sits on top of the sponge rather than being absorbed. Minimal absorption with maximum coverage and made to last! Say goodbye to the cakey or streaky finish with FRESHME'S Q-soft beauty sponge., VERSATILE USAGE - This miracle beauty sponge works well with all makeup formulations, including liquids, powders, minerals, and even BB and CC creams. It provides streak-free coverage with faster application than with brushes or fingers. Once wet, it doubles in size and the wetness can help you get a dewy, sheer finish. It also works great to tap on cream highlighter atop the cheekbones, brow bones, and bridge of the nose. It is the best blending sponge applicator tool you'll ever need., 'PACKAGE INCLUDE - This set of Q-soft blending sponge has 4 sponges with different colors and shapes. Each sponge is purposely sliced to meet different application needs. You can get a wine red sponge with a slice on the tip side and a slice on the bottom, an orange sponge with a tilted slice on the bottom, a brown sponge with a tilted slice on the bottom and a red sponge with a slice on the side of the pointed tip. Every sponge has a shape that fits comfortably in your hand.', IN-1 MULTI-PURPOSE SPONGE - Each part of these 4 unique-shaped sponge has a very specific purpose. Those sponge have rounded sides to blend large areas of the face with a repeated dabbing or stippling motion. Meanwhile, the precision tip covers blemishes and imperfections, and the flat edge which defines contours around the eyes and nose is like a detailer for the small areas, leaving you with a complexion that's smooth, enhanced and gorgeous! The slice of the sponge makes it a multi-use tool！",,None,"{'hi_res': ['https://m.media-amazon.com/images/I/617FcMOm3YL._SL1000_.jpg', 'https://m.media-amazon.com/images/I/61lWYp0KtdL._SL1000_.jpg', 'https://m.media-amazon.com/images/I/61NI53caBeL._SL1000_.jpg', 'https://m.media-amazon.com/images/I/51wRRWAvQdL._SL1000_.jpg', 'https://m.media-amazon.com/images/I/61d+NY8G0QL._SL1000_.jpg', 'https://m.media-amazon.com/images/I/61j3jCU0x+L._SL1000_.jpg', 'https://m.media-amazon.com/images/I/61Uw28P7hxL._SL1000_.jpg', 'https://m.media-amazon.com/images/I/61-+rP8nT4L._SL1000_.jpg', 'https://m.media-amazon.com/images/I/61jowwcQXwL._SL1000_.jpg'], 'large': ['https://m.media-amazon.com/images/I/51K0W5hW92L.jpg', 'https://m.media-amazon.com/images/I/51l76Eel7wL.jpg', 'https://m.media-amazon.com/images/I/41XIPfli3TL.jpg', 'https://m.media-amazon.com/images/I/412iwplDquL.jpg', 'https://m.media-amazon.com/images/I/414wbCn7J0L.jpg', 'https://m.media-amazon.com/images/I/414qzHj+vfL.jpg', 'https://m.media-amazon.com/images/I/51yT36hZ5mL.jpg', 'https://m.media-amazon.com/images/I/41Zkm7kfQLL.jpg', 'https://m.media-amazon.com/images/I/416aBPMPNML.jpg'], 'thumb': ['https://m.media-amazon.com/images/I/51K0W5hW92L._SS40_.jpg', 'https://m.media-amazon.com/images/I/51l76Eel7wL._SS40_.jpg', 'https://m.media-amazon.com/images/I/41XIPfli3TL._SS40_.jpg', 'https://m.media-amazon.com/images/I/412iwplDquL._SS40_.jpg', 'https://m.media-amazon.com/images/I/414wbCn7J0L._SS40_.jpg', 'https://m.media-amazon.com/images/I/414qzHj+vfL._SS40_.jpg', 'https://m.media-amazon.com/images/I/51yT36hZ5mL._SS40_.jpg', 'https://m.media-amazon.com/images/I/41Zkm7kfQLL._SS40_.jpg', 'https://m.media-amazon.com/images/I/416aBPMPNML._SS40_.jpg'], 'variant': ['MAIN', 'PT01', 'PT02', 'PT03', 'PT04', 'PT05', 'PT06', 'PT07', 'PT08']}","{'title': ['Q Soft Makeup Sponge'], 'url': ['https://www.amazon.com/vdp/676c2ec27aae46e484bcb89af902c045?ref=dp_vse_rvc_0'], 'user_id': ['']}",FRESHME,,"Brand: FRESHME, Color: Ivory, Material: Rubber, Is Discontinued By Manufacturer: No, Package Dimensions: 5.6 x 3.6 x 1.4 inches; 1.59 Ounces, UPC: 681413196902, Manufacturer: FRESHME",B07KXM94BT,,,,"Parent ASIN: B07KXM94BT; Title: Makeup Blender Sponge Set - 4 Pack Latex Free Q-Soft Makeup Beauty Foundation Blending Sponge Flawless Smooth Brush for Liquid Foundation BB Creams Powders Concealer (4 Pack); Author: *; Description: *; Features: Features: UPDATED INNOVATIVE DESIGN - The FRESHME's Gorgeous Beauty Sponge combines high-tech materials with updated design to help you create a pixel-perfect look. With 4 elegant color, these Q-soft beauty sponges were uniquely created to fit in the palm of your hand for seamless blending. Every sponge is non-disposable, high-definition cosmetic blending applicator, making it a great choice from amateurs to pros. It's easy to optimize your beauty routine by using this multifunctional makeup sponge., Q-SOFT BOUNCY LATEX-FREE - Made from non-latex sponge to reduce allergies, this makeup sponge is 100% Vegan and Cruelty free. This blending sponge is bouncy, Q-soft and smooth, giving your skin a flawless and natural looking make up. It can also avoid the waste of cosmetics because the makeup product sits on top of the sponge rather than being absorbed. Minimal absorption with maximum coverage and made to last! Say goodbye to the cakey or streaky finish with FRESHME'S Q-soft beauty sponge., VERSATILE USAGE - This miracle beauty sponge works well with all makeup formulations, including liquids, powders, minerals, and even BB and CC creams. It provides streak-free coverage with faster application than with brushes or fingers. Once wet, it doubles in size and the wetness can help you get a dewy, sheer finish. It also works great to tap on cream highlighter atop the cheekbones, brow bones, and bridge of the nose. It is the best blending sponge applicator tool you'll ever need., 'PACKAGE INCLUDE - This set of Q-soft blending sponge has 4 sponges with different colors and shapes. Each sponge is purposely sliced to meet different application needs. You can get a wine red sponge with a slice on the tip side and a slice on the bottom, an orange sponge with a tilted slice on the bottom, a brown sponge with a tilted slice on the bottom and a red sponge with a slice on the side of the pointed tip. Every sponge has a shape that fits comfortably in your hand.', IN-1 MULTI-PURPOSE SPONGE - Each part of these 4 unique-shaped sponge has a very specific purpose. Those sponge have rounded sides to blend large areas of the face with a repeated dabbing or stippling motion. Meanwhile, the precision tip covers blemishes and imperfections, and the flat edge which defines contours around the eyes and nose is like a detailer for the small areas, leaving you with a complexion that's smooth, enhanced and gorgeous! The slice of the sponge makes it a multi-use tool！ - Details: Brand: FRESHME, Color: Ivory, Material: Rubber, Is Discontinued By Manufacturer: No, Package Dimensions: 5.6 x 3.6 x 1.4 inches; 1.59 Ounces, UPC: 681413196902, Manufacturer: FRESHME; Store: Store: FRESHME; Categories: *; Price: Price: None;"
All Beauty,"Purple Shampoo and Conditioner Set - Sulfate Free Salon Grade (2 x 16.9 fl oz) - Hydrating Toner - Shimmer Correction for Platinum Blonde, Silver, Light, and Grey Hair - New Formula",3.9,911,,,None,"{'hi_res': ['https://m.media-amazon.com/images/I/71MaaxFS0aL._SL1350_.jpg', 'https://m.media-amazon.com/images/I/71kdlKK6q6L._SL1500_.jpg', None, None, None, None, 'https://m.media-amazon.com/images/I/71O9T-CMmmL._SL1500_.jpg'], 'large': ['https://m.media-amazon.com/images/I/51Mj21VupzL.jpg', 'https://m.media-amazon.com/images/I/51yDKE+nQIL.jpg', 'https://m.media-amazon.com/images/I/51QhJe-GGIL.jpg', 'https://m.media-amazon.com/images/I/51ne24smr7L.jpg', 'https://m.media-amazon.com/images/I/51Xy7TSkcnL.jpg', 'https://m.media-amazon.com/images/I/51CBtNVgm+L.jpg', 'https://m.media-amazon.com/images/I/51jewtgBdhL.jpg'], 'thumb': ['https://m.media-amazon.com/images/I/51Mj21VupzL._SS40_.jpg', 'https://m.media-amazon.com/images/I/51yDKE+nQIL._SS40_.jpg', 'https://m.media-amazon.com/images/I/51QhJe-GGIL._SS40_.jpg', 'https://m.media-amazon.com/images/I/51ne24smr7L._SS40_.jpg', 'https://m.media-amazon.com/images/I/51Xy7TSkcnL._SS40_.jpg', 'https://m.media-amazon.com/images/I/51CBtNVgm+L._SS40_.jpg', 'https://m.media-amazon.com/images/I/51jewtgBdhL._SS40_.jpg'], 'variant': ['MAIN', 'PT01', 'PT02', 'PT03', 'PT04', 'PT05', 'PT06']}","{'title': ['Best purple shampoo and conditioner', 'TRESemme Purple Shampoo and Conditioner Set', ""Botanic Hearth's Purple Shampoo & Conditioner Set"", 'Purple Shampoo Review ', 'Purple shampoo and conditioner'], 'url': ['https://www.amazon.com/vdp/07632913aa944c26831a9b5d236d33a8?ref=dp_vse_rvc_0', 'https://www.amazon.com/vdp/011cdc2d08094f32ac9375b04e51e660?ref=dp_vse_rvc_1', 'https://www.amazon.com/vdp/ad7c8e3aeb12439eae0f4adfba2f2f49?ref=dp_vse_rvc_2', 'https://www.amazon.com/vdp/057ce777de7744ccb62a776571b6c1bd?ref=dp_vse_rvc_3', 'https://www.amazon.com/vdp/05cef6402c1a4dae98dfeadb00a37d78?ref=dp_vse_rvc_4'], 'user_id': ['', '', '', '/shop/merrburytiels', '']}",BELLISSO,,"Product Benefits: Hydrating,Shine,Restoring,Nourishing, Brand: BELLISSO, Hair Type: Color, Scent: Green Tea,Natural, Number of Items: 2, Package Dimensions: 8.86 x 6.02 x 3.11 inches; 2.91 Pounds, UPC: 765066671129",B08QKXY1KN,,,,"Parent ASIN: B08QKXY1KN; Title: Purple Shampoo and Conditioner Set - Sulfate Free Salon Grade (2 x 16.9 fl oz) - Hydrating Toner - Shimmer Correction for Platinum Blonde, Silver, Light, and Grey Hair - New Formula; Author: *; Description: *; Features: * - Details: Product Benefits: Hydrating,Shine,Restoring,Nourishing, Brand: BELLISSO, Hair Type: Color, Scent: Green Tea,Natural, Number of Items: 2, Package Dimensions: 8.86 x 6.02 x 3.11 inches; 2.91 Pounds, UPC: 765066671129; Store: Store: BELLISSO; Categories: *; Price: Price: None;"
All Beauty,"EASYDEW DW-EGF Double Synergy Moist Ampoule1.01 fl oz -K Beauty Award-Winning Anti Aging Ampoule with EGF to Plump, Moisturize Skin I For Sensitive Skin, Gift for Mom, Wife, Her",4.5,127,,,None,"{'hi_res': ['https://m.media-amazon.com/images/I/51fTMaHZTRS._SL1080_.jpg', 'https://m.media-amazon.com/images/I/71OUTsIxhES._SL1500_.jpg', 'https://m.media-amazon.com/images/I/61g3somigJS._SL1500_.jpg', 'https://m.media-amazon.com/images/I/61PI27l-M+S._SL1500_.jpg', 'https://m.media-amazon.com/images/I/61kedjsO+bS._SL1200_.jpg', 'https://m.media-amazon.com/images/I/51uz04WfPdS._SL1200_.jpg', None], 'large': ['https://m.media-amazon.com/images/I/31vl4oxGhoS.jpg', 'https://m.media-amazon.com/images/I/51th7JeHeSS.jpg', 'https://m.media-amazon.com/images/I/41CKvLcwfAS.jpg', 'https://m.media-amazon.com/images/I/510kE6rgoLS.jpg', 'https://m.media-amazon.com/images/I/41muOc4R4LS.jpg', 'https://m.media-amazon.com/images/I/41Em5HvfzDS.jpg', 'https://m.media-amazon.com/images/I/41r5r+YQTsS.jpg'], 'thumb': ['https://m.media-amazon.com/images/I/31vl4oxGhoS._SS40_.jpg', 'https://m.media-amazon.com/images/I/51th7JeHeSS._SS40_.jpg', 'https://m.media-amazon.com/images/I/41CKvLcwfAS._SS40_.jpg', 'https://m.media-amazon.com/images/I/510kE6rgoLS._SS40_.jpg', 'https://m.media-amazon.com/images/I/41muOc4R4LS._SS40_.jpg', 'https://m.media-amazon.com/images/I/41Em5HvfzDS._SS40_.jpg', 'https://m.media-amazon.com/images/I/41r5r+YQTsS._SS40_.jpg'], 'variant': ['MAIN', 'PT01', 'PT02', 'PT03', 'PT05', 'PT06', 'PT07']}","{'title': ['Very Thin Formula', 'Easydew DW-EGF Double Synergy Moist Ampoule1.01 fl oz', 'How To Apply EGF Serum', 'How To Use Imprinting Hydrogel Mask for Optimal Results', 'How To Use', 'The Skin House EGF Collagen Ampoule', 'About EGF Serum', 'EGF Serum: See The Dramatic Difference', 'Pure, Green, and Clean', 'Discover the BIOEFFECT Difference'], 'url': ['https://www.amazon.com/vdp/fd4cf9721717436a82f78079f3f829d2?ref=dp_vse_rvc_0', 'https://www.amazon.com/vdp/c65da69a41524c49bfc7864492a54d5c?ref=dp_vse_rvc_1', 'https://www.amazon.com/vdp/03ce435acb9d4d588684ef52aaa89e5a?ref=dp_vse_rvc_2', 'https://www.amazon.com/vdp/0779dde416534eacab89e93d4aa4e29b?ref=dp_vse_rvc_3', 'https://www.amazon.com/vdp/0ff1c4404a9f4dc9b4a2fe7bac4f2196?ref=dp_vse_rvc_4', 'https://www.amazon.com/vdp/265e864e198f40a982214bbcc6eb63c8?ref=dp_vse_rvc_5', 'https://www.amazon.com/vdp/04584a583aa14a30848e7fa3cadaf5b5?ref=dp_vse_rvc_6', 'https://www.amazon.com/vdp/0650c347f931461ba52ce91cf6ac0d5d?ref=dp_vse_rvc_7', 'https://www.amazon.com/vdp/09ce49167ed149288b9d528550e8bccb?ref=dp_vse_rvc_8', 'https://www.amazon.com/vdp/05ec2ad574134463a3c78902ae85c84a?ref=dp_vse_rvc_9'], 'user_id': ['AF5ZNC4COH63MIXBAL6EVPJDPW3A', '', '', '', '', '', '', '', '', '']}",EASYDEW,,"Skin Type: Sensitive, Product Benefits: Hydrating,Anti-aging, Scent: Aloe, Brand: EASYDEW, Material Feature: Natural, Package Dimensions: 4.29 x 1.54 x 1.46 inches; 3.53 Ounces",B08HRNPNR5,,,,"Parent ASIN: B08HRNPNR5; Title: EASYDEW DW-EGF Double Synergy Moist Ampoule1.01 fl oz -K Beauty Award-Winning Anti Aging Ampoule with EGF to Plump, Moisturize Skin I For Sensitive Skin, Gift for Mom, Wife, Her; Author: *; Description: *; Features: * - Details: Skin Type: Sensitive, Product Benefits: Hydrating,Anti-aging, Scent: Aloe, Brand: EASYDEW, Material Feature: Natural, Package Dimensions: 4.29 x 1.54 x 1.46 inches; 3.53 Ounces; Store: Store: EASYDEW; Categories: *; Price: Price: None;"
All Beauty,"Tweezers for Eyebrows, MORGLES 5PCS Tweezers for Women Precision Tweezers Set with Eyebrow Brush Leather Case for Eyebrow Ingrown Hair Removal",4.4,183,,,None,"{'hi_res': ['https://m.media-amazon.com/images/I/71LJ4n+RA3S._SL1500_.jpg', 'https://m.media-amazon.com/images/I/616KMWnN+kL._SL1000_.jpg', 'https://m.media-amazon.com/images/I/618Fg3UHdVS._SL1000_.jpg', 'https://m.media-amazon.com/images/I/61ZARrKp6AS._SL1000_.jpg', 'https://m.media-amazon.com/images/I/61o01td9Q4S._SL1000_.jpg', 'https://m.media-amazon.com/images/I/61ZJVSsfwSS._SL1000_.jpg', 'https://m.media-amazon.com/images/I/61U5Au0ZbmS._SL1000_.jpg', 'https://m.media-amazon.com/images/I/71w6EtTMBLS._SL1000_.jpg'], 'large': ['https://m.media-amazon.com/images/I/41Zd0aUKgqS.jpg', 'https://m.media-amazon.com/images/I/514AC+LOWEL.jpg', 'https://m.media-amazon.com/images/I/51M+jXtDa+S.jpg', 'https://m.media-amazon.com/images/I/51guc-GUeOS.jpg', 'https://m.media-amazon.com/images/I/511OeJ4QQWS.jpg', 'https://m.media-amazon.com/images/I/5181mW8JK0S.jpg', 'https://m.media-amazon.com/images/I/51RaG4UcgDS.jpg', 'https://m.media-amazon.com/images/I/51lhtzElTPS.jpg'], 'thumb': ['https://m.media-amazon.com/images/I/41Zd0aUKgqS._SS40_.jpg', 'https://m.media-amazon.com/images/I/514AC+LOWEL._SS40_.jpg', 'https://m.media-amazon.com/images/I/51M+jXtDa+S._SS40_.jpg', 'https://m.media-amazon.com/images/I/51guc-GUeOS._SS40_.jpg', 'https://m.media-amazon.com/images/I/511OeJ4QQWS._SS40_.jpg', 'https://m.media-amazon.com/images/I/5181mW8JK0S._SS40_.jpg', 'https://m.media-amazon.com/images/I/51RaG4UcgDS._SS40_.jpg', 'https://m.media-amazon.com/images/I/51lhtzElTPS._SS40_.jpg'], 'variant': ['MAIN', 'PT01', 'PT02', 'PT03', 'PT04', 'PT05', 'PT06', 'PT07']}","{'title': ['replaced with good set'], 'url': ['https://www.amazon.com/vdp/020219b3afc442689de4c4b0eac98501?ref=dp_vse_rvc_0'], 'user_id': ['AEUG5EKEJPDZAIASQHFBVTVIHBGA']}",MORGLES,,"Package Dimensions: 6.73 x 4.06 x 0.75 inches; 7.83 Ounces, UPC: 616010018807, Manufacturer: MORGLES",B08C2T24WG,,,,"Parent ASIN: B08C2T24WG; Title: Tweezers for Eyebrows, MORGLES 5PCS Tweezers for Women Precision Tweezers Set with Eyebrow Brush Leather Case for Eyebrow Ingrown Hair Removal; Author: *; Description: *; Features: * - Details: Package Dimensions: 6.73 x 4.06 x 0.75 inches; 7.83 Ounces, UPC: 616010018807, Manufacturer: MORGLES; Store: Store: MORGLES; Categories: *; Price: Price: None;"
All Beauty,"Queendom Unlashed Mascara | Volumizing and Lengthening | Boosts Lash Length | Vegan, Cruelty Free, Paraben Free",3.3,32,,,None,"{'hi_res': [None, None, None, None, None, None], 'large': ['https://m.media-amazon.com/images/I/4134Lud2tML.jpg', 'https://m.media-amazon.com/images/I/31FcwFELY+L.jpg', 'https://m.media-amazon.com/images/I/412FZDObcJL.jpg', 'https://m.media-amazon.com/images/I/418Nfn0tZ9L.jpg', 'https://m.media-amazon.com/images/I/4194qKMX-dL.jpg', 'https://m.media-amazon.com/images/I/41qqz9+WkiL.jpg'], 'thumb': ['https://m.media-amazon.com/images/I/4134Lud2tML._SS40_.jpg', 'https://m.media-amazon.com/images/I/31FcwFELY+L._SS40_.jpg', 'https://m.media-amazon.com/images/I/412FZDObcJL._SS40_.jpg', 'https://m.media-amazon.com/images/I/418Nfn0tZ9L._SS40_.jpg', 'https://m.media-amazon.com/images/I/4194qKMX-dL._SS40_.jpg', 'https://m.media-amazon.com/images/I/41qqz9+WkiL._SS40_.jpg'], 'variant': ['MAIN', 'PT01', 'PT02', 'PT03', 'PT04', 'PT05']}","{'title': ['Discover the Queendom empowering messages in our makeup and skincare product ranges.'], 'url': ['https://www.amazon.com/vdp/8d2a8e852b20460185f1f18c173b42e8?ref=dp_vse_rvc_0'], 'user_id': ['']}",Queendom,,Package Dimensions: 5.28 x 0.94 x 0.63 inches; 0.85 Ounces,B07RM722DH,,,,"Parent ASIN: B07RM722DH; Title: Queendom Unlashed Mascara | Volumizing and Lengthening | Boosts Lash Length | Vegan, Cruelty Free, Paraben Free; Author: *; Description: *; Features: * - Details: Package Dimensions: 5.28 x 0.94 x 0.63 inches; 0.85 Ounces; Store: Store: Queendom; Categories: *; Price: Price: None;"
All Beauty,Taya Beauty Buriti Nut Intensive Repair Shampoo & Conditioner Duo – Organic Hydrating Shampoo and Conditioner for Dry Damaged Hair - Restorative Hair Care – Travel Size 2 fl oz,3.4,22,,,None,"{'hi_res': ['https://m.media-amazon.com/images/I/71PODzsQ3iL._SL1500_.jpg', 'https://m.media-amazon.com/images/I/71nL9yfHd8L._SL1500_.jpg'], 'large': ['https://m.media-amazon.com/images/I/41tMiWAhVCL.jpg', 'https://m.media-amazon.com/images/I/41cpsaND8xL.jpg'], 'thumb': ['https://m.media-amazon.com/images/I/41tMiWAhVCL._SS40_.jpg', 'https://m.media-amazon.com/images/I/41cpsaND8xL._SS40_.jpg'], 'variant': ['MAIN', 'PT01']}","{'title': [], 'url': [], 'user_id': []}",TAYA I AM.,,"Product Benefits: Hydrating, Item Form: Liquid, Brand: TAYA I AM., Hair Type: All, Dull, Color Treated, Dry, Chemically Treated, Damaged, Number of Items: 2, Package Dimensions: 5.25 x 3.5 x 1.1 inches; 2 Ounces, UPC: 858308002635",B086XH7BWW,,,,"Parent ASIN: B086XH7BWW; Title: Taya Beauty Buriti Nut Intensive Repair Shampoo & Conditioner Duo – Organic Hydrating Shampoo and Conditioner for Dry Damaged Hair - Restorative Hair Care – Travel Size 2 fl oz; Author: *; Description: *; Features: * - Details: Product Benefits: Hydrating, Item Form: Liquid, Brand: TAYA I AM., Hair Type: All, Dull, Color Treated, Dry, Chemically Treated, Damaged, Number of Items: 2, Package Dimensions: 5.25 x 3.5 x 1.1 inches; 2 Ounces, UPC: 858308002635; Store: Store: TAYA I AM.; Categories: *; Price: Price: None;"
All Beauty,"10 Pack Wide Headbands, 4 Style knot Turban Hairband Vintage Head wrap Hair Band Elastic Hair Accessories",4.1,119,,,None,"{'hi_res': ['https://m.media-amazon.com/images/I/71gEv+sllIL._SL1440_.jpg', 'https://m.media-amazon.com/images/I/61wtf-pCvdL._SL1222_.jpg', 'https://m.media-amazon.com/images/I/71JUH+Xy8ML._SL1271_.jpg', 'https://m.media-amazon.com/images/I/71-c7DdLr3L._SL1500_.jpg', 'https://m.media-amazon.com/images/I/71uiBqPv7dL._SL1500_.jpg'], 'large': ['https://m.media-amazon.com/images/I/51P638Sl9EL.jpg', 'https://m.media-amazon.com/images/I/41j6pKVRieL.jpg', 'https://m.media-amazon.com/images/I/517iOyFAe8L.jpg', 'https://m.media-amazon.com/images/I/41Dc76rzz7L.jpg', 'https://m.media-amazon.com/images/I/41vzd2Z3THL.jpg'], 'thumb': ['https://m.media-amazon.com/images/I/51P638Sl9EL._SS40_.jpg', 'https://m.media-amazon.com/images/I/41j6pKVRieL._SS40_.jpg', 'https://m.media-amazon.com/images/I/517iOyFAe8L._SS40_.jpg', 'https://m.media-amazon.com/images/I/41Dc76rzz7L._SS40_.jpg', 'https://m.media-amazon.com/images/I/41vzd2Z3THL._SS40_.jpg'], 'variant': ['MAIN', 'PT01', 'PT02', 'PT03', 'PT04']}","{'title': [], 'url': [], 'user_id': []}",NEWTGAN,,"Age Range (Description): Adult, Material: Chiffon, Fabric Type: Velvet, Number of Items: 10, Brand: NEWTGAN, Package Dimensions: 12.87 x 6.97 x 2.95 inches; 10.55 Ounces, UPC: 703805015872",B089QR2Y5B,,,,"Parent ASIN: B089QR2Y5B; Title: 10 Pack Wide Headbands, 4 Style knot Turban Hairband Vintage Head wrap Hair Band Elastic Hair Accessories; Author: *; Description: *; Features: * - Details: Age Range (Description): Adult, Material: Chiffon, Fabric Type: Velvet, Number of Items: 10, Brand: NEWTGAN, Package Dimensions: 12.87 x 6.97 x 2.95 inches; 10.55 Ounces, UPC: 703805015872; Store: Store: NEWTGAN; Categories: *; Price: Price: None;"
All Beauty,Tirtyl Hand Soap Sheet Variety Pack - 240 Pack with Portable Storage Tin - Camping/Outdoor/Travel/Handbag - Lavender & Aloe - Bergamot & Ylang Ylang - Jasmine & Patchouli,4.4,115,,,None,"{'hi_res': ['https://m.media-amazon.com/images/I/81wORlTxivL._SL1500_.jpg', 'https://m.media-amazon.com/images/I/71ldbiIvuVL._SL1500_.jpg', 'https://m.media-amazon.com/images/I/71zB7NRpiAL._SL1500_.jpg', 'https://m.media-amazon.com/images/I/81YTGhmIPsS._SL1500_.jpg', 'https://m.media-amazon.com/images/I/810LizzRJvL._SL1500_.jpg', 'https://m.media-amazon.com/images/I/91ZVMJPe6xL._SL1500_.jpg'], 'large': ['https://m.media-amazon.com/images/I/51CJswRxb7L.jpg', 'https://m.media-amazon.com/images/I/51Fs-UdRLqL.jpg', 'https://m.media-amazon.com/images/I/41wpHxfHphL.jpg', 'https://m.media-amazon.com/images/I/41bvsbRQrXS.jpg', 'https://m.media-amazon.com/images/I/51EhqVsb6cL.jpg', 'https://m.media-amazon.com/images/I/51MSFLSF9oL.jpg'], 'thumb': ['https://m.media-amazon.com/images/I/51CJswRxb7L._SS40_.jpg', 'https://m.media-amazon.com/images/I/51Fs-UdRLqL._SS40_.jpg', 'https://m.media-amazon.com/images/I/41wpHxfHphL._SS40_.jpg', 'https://m.media-amazon.com/images/I/41bvsbRQrXS._SS40_.jpg', 'https://m.media-amazon.com/images/I/51EhqVsb6cL._SS40_.jpg', 'https://m.media-amazon.com/images/I/51MSFLSF9oL._SS40_.jpg'], 'variant': ['MAIN', 'PT01', 'PT02', 'PT03', 'PT04', 'PT05']}","{'title': ['Great for on the go when there is no soap!', 'REVIEW Hand Soap Sheets'], 'url': ['https://www.amazon.com/vdp/02146369ec504ee88009dba13f37f7e3?ref=dp_vse_rvc_0', 'https://www.amazon.com/vdp/0b735f455137496bae5fec75d107b5fe?ref=dp_vse_rvc_1'], 'user_id': ['AELKXJI2ACYPLSPAX4F3DJXHFHIA', '/shop/kortneyandkarlee']}",Tirtyl,,"Brand: Tirtyl, Scent: Bergamot,Lavender,Jasmine, Age Range (Description): Adult, Number of Items: 1, Unit Count: 240.00 Count, Package Dimensions: 9.88 x 6.26 x 0.75 inches; 3.21 Ounces",B09473GGM4,,,,"Parent ASIN: B09473GGM4; Title: Tirtyl Hand Soap Sheet Variety Pack - 240 Pack with Portable Storage Tin - Camping/Outdoor/Travel/Handbag - Lavender & Aloe - Bergamot & Ylang Ylang - Jasmine & Patchouli; Author: *; Description: *; Features: * - Details: Brand: Tirtyl, Scent: Bergamot,Lavender,Jasmine, Age Range (Description): Adult, Number of Items: 1, Unit Count: 240.00 Count, Package Dimensions: 9.88 x 6.26 x 0.75 inches; 3.21 Ounces; Store: Store: Tirtyl; Categories: *; Price: Price: None;"
All Beauty,"Livordo Moroccan Argan Oil Essential Organic Cold Pressed Skin Moisturizer Rich in Vitamin E Powerful Antioxidants For Skin, Hair, Body, and Face 4 Oz",4.3,82,,,None,"{'hi_res': ['https://m.media-amazon.com/images/I/81hoNJW7MlL._SL1500_.jpg', 'https://m.media-amazon.com/images/I/81QG9oy8AFL._SL1500_.jpg', 'https://m.media-amazon.com/images/I/91jhrS4WOfL._SL1500_.jpg', 'https://m.media-amazon.com/images/I/812X4Jx7DHL._SL1500_.jpg', 'https://m.media-amazon.com/images/I/81Pq8aF4GnL._SL1500_.jpg', 'https://m.media-amazon.com/images/I/81F8UX9Bd0L._SL1500_.jpg', 'https://m.media-amazon.com/images/I/81K8mNv2K0L._SL1500_.jpg', 'https://m.media-amazon.com/images/I/91vFrkaMiYL._SL1500_.jpg'], 'large': ['https://m.media-amazon.com/images/I/419k6pad3iL.jpg', 'https://m.media-amazon.com/images/I/51qj--Eb9bL.jpg', 'https://m.media-amazon.com/images/I/51MsoJeVxYL.jpg', 'https://m.media-amazon.com/images/I/51qchSGKAML.jpg', 'https://m.media-amazon.com/images/I/4116Bex9+3L.jpg', 'https://m.media-amazon.com/images/I/518OKF6mHgL.jpg', 'https://m.media-amazon.com/images/I/41fDp5auFUL.jpg', 'https://m.media-amazon.com/images/I/51Fp7ojEB-L.jpg'], 'thumb': ['https://m.media-amazon.com/images/I/419k6pad3iL._SS40_.jpg', 'https://m.media-amazon.com/images/I/51qj--Eb9bL._SS40_.jpg', 'https://m.media-amazon.com/images/I/51MsoJeVxYL._SS40_.jpg', 'https://m.media-amazon.com/images/I/51qchSGKAML._SS40_.jpg', 'https://m.media-amazon.com/images/I/4116Bex9+3L._SS40_.jpg', 'https://m.media-amazon.com/images/I/518OKF6mHgL._SS40_.jpg', 'https://m.media-amazon.com/images/I/41fDp5auFUL._SS40_.jpg', 'https://m.media-amazon.com/images/I/51Fp7ojEB-L._SS40_.jpg'], 'variant': ['MAIN', 'PT01', 'PT02', 'PT03', 'PT04', 'PT05', 'PT06', 'PT07']}","{'title': [], 'url': [], 'user_id': []}",Livordo,,"Brand: Livordo, Item Form: Oil, Unit Count: 4.00 Fl Oz, Number of Items: 1, Skin Type: Acne prone,mature, Product Dimensions: 1.5 x 1.5 x 5 inches; 9.24 Ounces, Item model number: Argan Oil, UPC: 010725983878",B081632HX6,,,,"Parent ASIN: B081632HX6; Title: Livordo Moroccan Argan Oil Essential Organic Cold Pressed Skin Moisturizer Rich in Vitamin E Powerful Antioxidants For Skin, Hair, Body, and Face 4 Oz; Author: *; Description: *; Features: * - Details: Brand: Livordo, Item Form: Oil, Unit Count: 4.00 Fl Oz, Number of Items: 1, Skin Type: Acne prone,mature, Product Dimensions: 1.5 x 1.5 x 5 inches; 9.24 Ounces, Item model number: Argan Oil, UPC: 010725983878; Store: Store: Livordo; Categories: *; Price: Price: None;"
All Beauty,"JIADEL Gel Nail Polish Colors Set,Confetti Glitter Gel Nail Polish With No Wipe Base and Top Coat,Soak Off UV LED Nail Art Salon Starter Manicure Kit",3.9,64,,,None,"{'hi_res': ['https://m.media-amazon.com/images/I/71tAPUIB16L._SL1001_.jpg', 'https://m.media-amazon.com/images/I/81j63hs-9sL._SL1500_.jpg', 'https://m.media-amazon.com/images/I/819kK5HfINL._SL1500_.jpg', 'https://m.media-amazon.com/images/I/810cz0rlq6L._SL1003_.jpg', 'https://m.media-amazon.com/images/I/71wz-WOrGvL._SL1500_.jpg'], 'large': ['https://m.media-amazon.com/images/I/51HKwu2S6KL.jpg', 'https://m.media-amazon.com/images/I/516Z30WL+uL.jpg', 'https://m.media-amazon.com/images/I/51Cvkf1DxJL.jpg', 'https://m.media-amazon.com/images/I/61CG9DnrDzL.jpg', 'https://m.media-amazon.com/images/I/51WSyrNJzfL.jpg'], 'thumb': ['https://m.media-amazon.com/images/I/51HKwu2S6KL._SS40_.jpg', 'https://m.media-amazon.com/images/I/516Z30WL+uL._SS40_.jpg', 'https://m.media-amazon.com/images/I/51Cvkf1DxJL._SS40_.jpg', 'https://m.media-amazon.com/images/I/61CG9DnrDzL._SS40_.jpg', 'https://m.media-amazon.com/images/I/51WSyrNJzfL._SS40_.jpg'], 'variant': ['MAIN', 'PT01', 'PT02', 'PT03', 'PT04']}","{'title': ['JIADEL Gel Nail Polish Glitter Colors Set'], 'url': ['https://www.amazon.com/vdp/7d66aca474c844b19d910dd69703768e?ref=dp_vse_rvc_0'], 'user_id': ['']}",JIADEL,,"Brand: JIADEL, Item Form: Gel, Type: Gel, Finish Type: Shimmery, Material Feature: Non-Toxic, Cruelty Free, Age Range (Description): Adult, Unit Count: 1 Count, Number of Items: 16, Liquid Volume: 0.17 Fluid Ounces, Item Dimensions LxWxH: 11 x 9 x 1 inches, Product Dimensions: 11 x 9 x 1 inches; 1.34 Pounds, UPC: 642940399488",B08GKVYS1Y,,,,"Parent ASIN: B08GKVYS1Y; Title: JIADEL Gel Nail Polish Colors Set,Confetti Glitter Gel Nail Polish With No Wipe Base and Top Coat,Soak Off UV LED Nail Art Salon Starter Manicure Kit; Author: *; Description: *; Features: * - Details: Brand: JIADEL, Item Form: Gel, Type: Gel, Finish Type: Shimmery, Material Feature: Non-Toxic, Cruelty Free, Age Range (Description): Adult, Unit Count: 1 Count, Number of Items: 16, Liquid Volume: 0.17 Fluid Ounces, Item Dimensions LxWxH: 11 x 9 x 1 inches, Product Dimensions: 11 x 9 x 1 inches; 1.34 Pounds, UPC: 642940399488; Store: Store: JIADEL; Categories: *; Price: Price: None;"
All Beauty,"invisibobble Sprunchie Spiral Hair Ring - True Black - Scrunchie Stylish Bracelet, Strong Elastic Grip Coil Accessories for Women - Gentle for Girls Teens and Thick Hair",4.7,219,,,11.49,"{'hi_res': ['https://m.media-amazon.com/images/I/61kNqU6CrwL._SL1024_.jpg', 'https://m.media-amazon.com/images/I/71eEn+vhbHL._SL1500_.jpg', 'https://m.media-amazon.com/images/I/71CHAy5jbxS._SL1500_.jpg', 'https://m.media-amazon.com/images/I/71HqD0U1LyL._SL1500_.jpg', 'https://m.media-amazon.com/images/I/71UKaZPYenL._SL1500_.jpg', 'https://m.media-amazon.com/images/I/615cbXjUjoS._SL1500_.jpg'], 'large': ['https://m.media-amazon.com/images/I/41OWwSyNKbL.jpg', 'https://m.media-amazon.com/images/I/41TkxOn-i0L.jpg', 'https://m.media-amazon.com/images/I/51-m38f37NS.jpg', 'https://m.media-amazon.com/images/I/514fqHqzDUL.jpg', 'https://m.media-amazon.com/images/I/41Zlw80KROL.jpg', 'https://m.media-amazon.com/images/I/41YmELWKxJS.jpg'], 'thumb': ['https://m.media-amazon.com/images/I/41OWwSyNKbL._SS40_.jpg', 'https://m.media-amazon.com/images/I/41TkxOn-i0L._SS40_.jpg', 'https://m.media-amazon.com/images/I/51-m38f37NS._SS40_.jpg', 'https://m.media-amazon.com/images/I/514fqHqzDUL._SS40_.jpg', 'https://m.media-amazon.com/images/I/41Zlw80KROL._SS40_.jpg', 'https://m.media-amazon.com/images/I/41YmELWKxJS._SS40_.jpg'], 'variant': ['MAIN', 'PT01', 'PT02', 'PT03', 'PT04', 'PT05']}","{'title': ['invisibobble SPRUNCHIE Purrfection', 'invisibobble - Strong grip material'], 'url': ['https://www.amazon.com/vdp/6ffc8f532ff34fc2a329a0f62ffd1cb2?ref=dp_vse_rvc_0', 'https://www.amazon.com/vdp/4ff95c43bf624cd1b0e0bbbda0be108d?ref=dp_vse_rvc_1'], 'user_id': ['', '']}",invisibobble,,"Item Form: Scrunchie, Brand: invisibobble, Hair Type: Straight, Item Weight: 2 Grams, Number of Pieces: 1, Package Dimensions: 2.83 x 2.8 x 0.87 inches; 0.07 Ounces, Item model number: IB-SP-HP10001",B08HXQ3T9K,,,,"Parent ASIN: B08HXQ3T9K; Title: invisibobble Sprunchie Spiral Hair Ring - True Black - Scrunchie Stylish Bracelet, Strong Elastic Grip Coil Accessories for Women - Gentle for Girls Teens and Thick Hair; Author: *; Description: *; Features: * - Details: Item Form: Scrunchie, Brand: invisibobble, Hair Type: Straight, Item Weight: 2 Grams, Number of Pieces: 1, Package Dimensions: 2.83 x 2.8 x 0.87 inches; 0.07 Ounces, Item model number: IB-SP-HP10001; Store: Store: invisibobble; Categories: *; Price: Price: 11.49;"
All Beauty,"TOUCH IN SOL Best of No Pore Blem Travel Kit - Face Makeup Primer, Big Pores Perfect Cover, Inner-Glowing Skin with Moisture, Long Lasting Makeup's Staying Kit",4.1,99,,,None,"{'hi_res': ['https://m.media-amazon.com/images/I/61LUebFkEqL._SL1024_.jpg', 'https://m.media-amazon.com/images/I/61TbjeYcNTL._SL1024_.jpg', 'https://m.media-amazon.com/images/I/614V1wI16-L._SL1024_.jpg', 'https://m.media-amazon.com/images/I/61wsK+HbUYL._SL1024_.jpg'], 'large': ['https://m.media-amazon.com/images/I/41cLvn4oBCL.jpg', 'https://m.media-amazon.com/images/I/514yWTsY83L.jpg', 'https://m.media-amazon.com/images/I/41XBWSPuSzL.jpg', 'https://m.media-amazon.com/images/I/41E4Hfar6FL.jpg'], 'thumb': ['https://m.media-amazon.com/images/I/41cLvn4oBCL._SS40_.jpg', 'https://m.media-amazon.com/images/I/514yWTsY83L._SS40_.jpg', 'https://m.media-amazon.com/images/I/41XBWSPuSzL._SS40_.jpg', 'https://m.media-amazon.com/images/I/41E4Hfar6FL._SS40_.jpg'], 'variant': ['MAIN', 'PT02', 'PT03', 'PT04']}","{'title': ['No Pore Blem Prime Essence ', 'Our Point of View on Touch In Sol Glassy Skin Balm', 'Our Point of View on NYX Primer & Setting Sprays', 'Touch in Sol Pretty Filter Primer Review!', 'WATCH THIS before Buying!! Easy Morning Makeup '], 'url': ['https://www.amazon.com/vdp/00a1780643e74454a135c8f6d7010b77?ref=dp_vse_rvc_0', 'https://www.amazon.com/vdp/03d75de936ea4e34bd300c701fefe0a9?ref=dp_vse_rvc_1', 'https://www.amazon.com/vdp/007675558133409198b365c26c4902ee?ref=dp_vse_rvc_2', 'https://www.amazon.com/vdp/04ecbbf2737a4fb2ace66df94df7346d?ref=dp_vse_rvc_3', 'https://www.amazon.com/vdp/01262be34ea84a6998b6380b761142ad?ref=dp_vse_rvc_4'], 'user_id': ['', '/shop/influencer-20a38664', '/shop/influencer-20a38664', '/shop/influencer-920c4033', '/shop/influencer-dfed8ca3']}",Touch in Sol,,"Brand: Touch in Sol, Product Benefits: Hydrating, Skin Type: Dry, Package Information: Tube, Item Volume: 0.5 Fluid Ounces, Package Dimensions: 6.46 x 5.39 x 1.14 inches; 5.12 Ounces, Item model number: no pore blem kit",B08F4ZDVZQ,,,,"Parent ASIN: B08F4ZDVZQ; Title: TOUCH IN SOL Best of No Pore Blem Travel Kit - Face Makeup Primer, Big Pores Perfect Cover, Inner-Glowing Skin with Moisture, Long Lasting Makeup's Staying Kit; Author: *; Description: *; Features: * - Details: Brand: Touch in Sol, Product Benefits: Hydrating, Skin Type: Dry, Package Information: Tube, Item Volume: 0.5 Fluid Ounces, Package Dimensions: 6.46 x 5.39 x 1.14 inches; 5.12 Ounces, Item model number: no pore blem kit; Store: Store: Touch in Sol; Categories: *; Price: Price: None;"
All Beauty,Gel Nail Polish Set - TOEDO Fall Winter Nail Gel 6 Colors Tan Brown Colors Soak Off LED Nail Lamp Gel Polish Kit for Home DIY Manicure Nail Designs,3.3,30,,,None,"{'hi_res': ['https://m.media-amazon.com/images/I/71Ou21M7f-L._SL1500_.jpg', 'https://m.media-amazon.com/images/I/71Xhbm5ouFL._SL1500_.jpg', 'https://m.media-amazon.com/images/I/71tcEbQYdAL._SL1500_.jpg', 'https://m.media-amazon.com/images/I/71QNv398BZL._SL1500_.jpg', 'https://m.media-amazon.com/images/I/71YBXTXwYIL._SL1500_.jpg', 'https://m.media-amazon.com/images/I/71l1osLo6QL._SL1500_.jpg', 'https://m.media-amazon.com/images/I/71cnR-HOiiL._SL1500_.jpg'], 'large': ['https://m.media-amazon.com/images/I/51qsJL+oB8L.jpg', 'https://m.media-amazon.com/images/I/510PSeGmJrL.jpg', 'https://m.media-amazon.com/images/I/515gCB459ZL.jpg', 'https://m.media-amazon.com/images/I/51tkTvDXNFL.jpg', 'https://m.media-amazon.com/images/I/41iqse7cAEL.jpg', 'https://m.media-amazon.com/images/I/51YaczH3r1L.jpg', 'https://m.media-amazon.com/images/I/51ZH70tEPhL.jpg'], 'thumb': ['https://m.media-amazon.com/images/I/51qsJL+oB8L._SS40_.jpg', 'https://m.media-amazon.com/images/I/510PSeGmJrL._SS40_.jpg', 'https://m.media-amazon.com/images/I/515gCB459ZL._SS40_.jpg', 'https://m.media-amazon.com/images/I/51tkTvDXNFL._SS40_.jpg', 'https://m.media-amazon.com/images/I/41iqse7cAEL._SS40_.jpg', 'https://m.media-amazon.com/images/I/51YaczH3r1L._SS40_.jpg', 'https://m.media-amazon.com/images/I/51ZH70tEPhL._SS40_.jpg'], 'variant': ['MAIN', 'PT01', 'PT02', 'PT03', 'PT04', 'PT05', 'PT06']}","{'title': ['TOEDO Gel Nail Polish Set for Home DIY Manicure Nail Designs'], 'url': ['https://www.amazon.com/vdp/379672361b7a46d9896f17f95a3f7718?ref=dp_vse_rvc_0'], 'user_id': ['']}",TOEDO,,"Brand: TOEDO, Item Form: Gel, Type: gel, Finish Type: Matte,Glossy, Age Range (Description): Adult, Unit Count: 1.56 FL Oz, Liquid Volume: 0.27 Fluid Ounces, Package Dimensions: 11.1 x 3.31 x 3.23 inches; 9.14 Ounces",B08P15TB2V,,,,"Parent ASIN: B08P15TB2V; Title: Gel Nail Polish Set - TOEDO Fall Winter Nail Gel 6 Colors Tan Brown Colors Soak Off LED Nail Lamp Gel Polish Kit for Home DIY Manicure Nail Designs; Author: *; Description: *; Features: * - Details: Brand: TOEDO, Item Form: Gel, Type: gel, Finish Type: Matte,Glossy, Age Range (Description): Adult, Unit Count: 1.56 FL Oz, Liquid Volume: 0.27 Fluid Ounces, Package Dimensions: 11.1 x 3.31 x 3.23 inches; 9.14 Ounces; Store: Store: TOEDO; Categories: *; Price: Price: None;"
All Beauty,"Grinding Away Skin Polishing Scrub, 3 fl. oz., Polishing Scrub Works to Improve Skin's Texture and Tone by Buffing Away Dead Skin Cells by Higher Education Skincare",3.9,25,,,None,"{'hi_res': ['https://m.media-amazon.com/images/I/51rVLdpP4VL._SL1500_.jpg', 'https://m.media-amazon.com/images/I/51HedattytL._SL1080_.jpg', 'https://m.media-amazon.com/images/I/61n8samlkdL._SL1500_.jpg', 'https://m.media-amazon.com/images/I/61PehSFm5DL._SL1500_.jpg', 'https://m.media-amazon.com/images/I/616kmRc7k9L._SL1500_.jpg', 'https://m.media-amazon.com/images/I/71UiCS8Hx4L._SL1080_.jpg', 'https://m.media-amazon.com/images/I/41CTKvyh+qL._SL1080_.jpg', 'https://m.media-amazon.com/images/I/41ffuyi74fL._SL1080_.jpg', 'https://m.media-amazon.com/images/I/51CF4anLMGL._SL1080_.jpg'], 'large': ['https://m.media-amazon.com/images/I/314YLuu4dKL.jpg', 'https://m.media-amazon.com/images/I/319ko2HvLrL.jpg', 'https://m.media-amazon.com/images/I/31XDYSEjoNL.jpg', 'https://m.media-amazon.com/images/I/317NooSaPbL.jpg', 'https://m.media-amazon.com/images/I/31g+ux8D2TL.jpg', 'https://m.media-amazon.com/images/I/51CuUMzzEjL.jpg', 'https://m.media-amazon.com/images/I/21T69igrHUL.jpg', 'https://m.media-amazon.com/images/I/31YTuwT3YnL.jpg', 'https://m.media-amazon.com/images/I/31WVVMh67zL.jpg'], 'thumb': ['https://m.media-amazon.com/images/I/314YLuu4dKL._SS40_.jpg', 'https://m.media-amazon.com/images/I/319ko2HvLrL._SS40_.jpg', 'https://m.media-amazon.com/images/I/31XDYSEjoNL._SS40_.jpg', 'https://m.media-amazon.com/images/I/317NooSaPbL._SS40_.jpg', 'https://m.media-amazon.com/images/I/31g+ux8D2TL._SS40_.jpg', 'https://m.media-amazon.com/images/I/51CuUMzzEjL._SS40_.jpg', 'https://m.media-amazon.com/images/I/21T69igrHUL._SS40_.jpg', 'https://m.media-amazon.com/images/I/31YTuwT3YnL._SS40_.jpg', 'https://m.media-amazon.com/images/I/31WVVMh67zL._SS40_.jpg'], 'variant': ['MAIN', 'PT01', 'PT02', 'PT03', 'PT04', 'PT05', 'PT06', 'PT07', 'PT08']}","{'title': [], 'url': [], 'user_id': []}",Higher Education,,"Brand: Higher Education, Skin Type: All, Product Benefits: Smoother, Material Feature: Gluten Free, Cruelty Free, Number of Items: 1, Is Discontinued By Manufacturer: No, Package Dimensions: 5.59 x 3.58 x 1.61 inches; 3 Ounces, UPC: 811381031008",B07MMW5654,,,,"Parent ASIN: B07MMW5654; Title: Grinding Away Skin Polishing Scrub, 3 fl. oz., Polishing Scrub Works to Improve Skin's Texture and Tone by Buffing Away Dead Skin Cells by Higher Education Skincare; Author: *; Description: *; Features: * - Details: Brand: Higher Education, Skin Type: All, Product Benefits: Smoother, Material Feature: Gluten Free, Cruelty Free, Number of Items: 1, Is Discontinued By Manufacturer: No, Package Dimensions: 5.59 x 3.58 x 1.61 inches; 3 Ounces, UPC: 811381031008; Store: Store: Higher Education; Categories: *; Price: Price: None;"
All Beauty,Keratin Secrets Do It Yourself Home Keratin System,3.3,25,,,49.95,"{'hi_res': ['https://m.media-amazon.com/images/I/713cxiMWyDL._SL1410_.jpg', 'https://m.media-amazon.com/images/I/71nlYaXP7zL._SL1000_.jpg', 'https://m.media-amazon.com/images/I/61A-kDL2PhL._SL1000_.jpg', 'https://m.media-amazon.com/images/I/61MtGIlQq0L._SL1000_.jpg', 'https://m.media-amazon.com/images/I/71Lm4DDIKzL._SL1000_.jpg', 'https://m.media-amazon.com/images/I/71IH9mWItBL._SL1200_.jpg', 'https://m.media-amazon.com/images/I/617Y+3B3JZL._SL1000_.jpg'], 'large': ['https://m.media-amazon.com/images/I/5163R0SItjL.jpg', 'https://m.media-amazon.com/images/I/51bBvQlXQwL.jpg', 'https://m.media-amazon.com/images/I/51mmaaeJH1L.jpg', 'https://m.media-amazon.com/images/I/51JxzFjqmeL.jpg', 'https://m.media-amazon.com/images/I/516rtEjJ-RL.jpg', 'https://m.media-amazon.com/images/I/51Kyo7LrzCL.jpg', 'https://m.media-amazon.com/images/I/51343YVgquL.jpg'], 'thumb': ['https://m.media-amazon.com/images/I/5163R0SItjL._SS40_.jpg', 'https://m.media-amazon.com/images/I/51bBvQlXQwL._SS40_.jpg', 'https://m.media-amazon.com/images/I/51mmaaeJH1L._SS40_.jpg', 'https://m.media-amazon.com/images/I/51JxzFjqmeL._SS40_.jpg', 'https://m.media-amazon.com/images/I/516rtEjJ-RL._SS40_.jpg', 'https://m.media-amazon.com/images/I/51Kyo7LrzCL._SS40_.jpg', 'https://m.media-amazon.com/images/I/51343YVgquL._SS40_.jpg'], 'variant': ['MAIN', 'PT01', 'PT02', 'PT03', 'PT04', 'PT05', 'PT06']}","{'title': ['Keratin Secrets DIY Treatment System'], 'url': ['https://www.amazon.com/vdp/1cec2786b06e4e65b702912a0a68f848?ref=dp_vse_rvc_0'], 'user_id': ['']}",Keratin Secrets,,Package Dimensions: 8.27 x 4.21 x 3.9 inches; 2.87 Pounds,B07SLFWZKN,,,,Parent ASIN: B07SLFWZKN; Title: Keratin Secrets Do It Yourself Home Keratin System; Author: *; Description: *; Features: * - Details: Package Dimensions: 8.27 x 4.21 x 3.9 inches; 2.87 Pounds; Store: Store: Keratin Secrets; Categories: *; Price: Price: 49.95;
All Beauty,STARAMZ 7 Set Bachelorette Scrunchies Bridesmaid Proposal Gifts Hair Ties for Women Bachelorette Party Favors ( Blush),4.7,21,,,None,"{'hi_res': ['https://m.media-amazon.com/images/I/8116v0sWR9S._SL1500_.jpg', 'https://m.media-amazon.com/images/I/91M8iOOP7uL._SL1500_.jpg', 'https://m.media-amazon.com/images/I/81-7li+3gfL._SL1500_.jpg', 'https://m.media-amazon.com/images/I/919T4XrvRlL._SL1500_.jpg', 'https://m.media-amazon.com/images/I/71nOs8pkUmL._SL1500_.jpg', 'https://m.media-amazon.com/images/I/71eYenkiNDS._SL1500_.jpg', 'https://m.media-amazon.com/images/I/61tRkDSqYYS._SL1500_.jpg'], 'large': ['https://m.media-amazon.com/images/I/51HhFdXn0MS.jpg', 'https://m.media-amazon.com/images/I/51l8wwRjwhL.jpg', 'https://m.media-amazon.com/images/I/41HXCJrR8zL.jpg', 'https://m.media-amazon.com/images/I/51h-rBvZbCL.jpg', 'https://m.media-amazon.com/images/I/51tOJQTqCTL.jpg', 'https://m.media-amazon.com/images/I/41eLEU+XsGS.jpg', 'https://m.media-amazon.com/images/I/41F8EPK59+S.jpg'], 'thumb': ['https://m.media-amazon.com/images/I/51HhFdXn0MS._SS40_.jpg', 'https://m.media-amazon.com/images/I/51l8wwRjwhL._SS40_.jpg', 'https://m.media-amazon.com/images/I/41HXCJrR8zL._SS40_.jpg', 'https://m.media-amazon.com/images/I/51h-rBvZbCL._SS40_.jpg', 'https://m.media-amazon.com/images/I/51tOJQTqCTL._SS40_.jpg', 'https://m.media-amazon.com/images/I/41eLEU+XsGS._SS40_.jpg', 'https://m.media-amazon.com/images/I/41F8EPK59+S._SS40_.jpg'], 'variant': ['MAIN', 'PT01', 'PT02', 'PT03', 'PT04', 'PT05', 'PT06']}","{'title': ['Great quality!'], 'url': ['https://www.amazon.com/vdp/0529ec65e13c4b509e5415e314d1c1e4?ref=dp_vse_rvc_0'], 'user_id': ['AEUG6XOJRTM6PALFYZTXUOXU6XAQ']}",STARAMZ,,"Material: Satin, Item Form: Scrunchie, Brand: STARAMZ, Hair Type: Straight, Number of Pieces: 7, Package Dimensions: 9.69 x 7.8 x 2.44 inches; 2.89 Ounces",B08YNR839W,,,,"Parent ASIN: B08YNR839W; Title: STARAMZ 7 Set Bachelorette Scrunchies Bridesmaid Proposal Gifts Hair Ties for Women Bachelorette Party Favors ( Blush); Author: *; Description: *; Features: * - Details: Material: Satin, Item Form: Scrunchie, Brand: STARAMZ, Hair Type: Straight, Number of Pieces: 7, Package Dimensions: 9.69 x 7.8 x 2.44 inches; 2.89 Ounces; Store: Store: STARAMZ; Categories: *; Price: Price: None;"
All Beauty,"Simply Dana Cellular De-Stressing Cream, Boost Skin's Natural Immunity - 1 oz (30g)",3.9,26,,,None,"{'hi_res': ['https://m.media-amazon.com/images/I/71ea+iFCGZL._SL1500_.jpg', 'https://m.media-amazon.com/images/I/81BdozD6dSL._SL1500_.jpg', 'https://m.media-amazon.com/images/I/71eyw7mlZJL._SL1500_.jpg', 'https://m.media-amazon.com/images/I/71YJsF-CcNL._SL1500_.jpg', 'https://m.media-amazon.com/images/I/713-bfCcn5L._SL1500_.jpg', 'https://m.media-amazon.com/images/I/711tD4s0kuL._SL1500_.jpg', 'https://m.media-amazon.com/images/I/81ISaMrzxPL._SL1500_.jpg', 'https://m.media-amazon.com/images/I/71MfOIgREdL._SL1500_.jpg', 'https://m.media-amazon.com/images/I/81B7NPy0AFL._SL1500_.jpg'], 'large': ['https://m.media-amazon.com/images/I/31KAjTJAg-L.jpg', 'https://m.media-amazon.com/images/I/41qjlWRjsML.jpg', 'https://m.media-amazon.com/images/I/31JUQvEDJLL.jpg', 'https://m.media-amazon.com/images/I/31djMi-cxVL.jpg', 'https://m.media-amazon.com/images/I/31ShCCI+ngL.jpg', 'https://m.media-amazon.com/images/I/31CdF8hIGPL.jpg', 'https://m.media-amazon.com/images/I/41TdfZiyvqL.jpg', 'https://m.media-amazon.com/images/I/31KoeEr-ecL.jpg', 'https://m.media-amazon.com/images/I/41wGhof2qRL.jpg'], 'thumb': ['https://m.media-amazon.com/images/I/31KAjTJAg-L._SS40_.jpg', 'https://m.media-amazon.com/images/I/41qjlWRjsML._SS40_.jpg', 'https://m.media-amazon.com/images/I/31JUQvEDJLL._SS40_.jpg', 'https://m.media-amazon.com/images/I/31djMi-cxVL._SS40_.jpg', 'https://m.media-amazon.com/images/I/31ShCCI+ngL._SS40_.jpg', 'https://m.media-amazon.com/images/I/31CdF8hIGPL._SS40_.jpg', 'https://m.media-amazon.com/images/I/41TdfZiyvqL._SS40_.jpg', 'https://m.media-amazon.com/images/I/31KoeEr-ecL._SS40_.jpg', 'https://m.media-amazon.com/images/I/41wGhof2qRL._SS40_.jpg'], 'variant': ['MAIN', 'PT01', 'PT02', 'PT03', 'PT04', 'PT05', 'PT06', 'PT07', 'PT08']}","{'title': [], 'url': [], 'user_id': []}",Simply Dana,,"Brand: Simply Dana, Item Form: Cream, Unit Count: 1.0 Ounce, Item Volume: 1 Fluid Ounces, Age Range (Description): Adult, Package Dimensions: 2.4 x 2.2 x 1.4 inches; 1.59 Ounces, UPC: 602573781319",B07W1WJZFG,,,,"Parent ASIN: B07W1WJZFG; Title: Simply Dana Cellular De-Stressing Cream, Boost Skin's Natural Immunity - 1 oz (30g); Author: *; Description: *; Features: * - Details: Brand: Simply Dana, Item Form: Cream, Unit Count: 1.0 Ounce, Item Volume: 1 Fluid Ounces, Age Range (Description): Adult, Package Dimensions: 2.4 x 2.2 x 1.4 inches; 1.59 Ounces, UPC: 602573781319; Store: Store: Simply Dana; Categories: *; Price: Price: None;"
All Beauty,BFWood,4.3,57,,,None,"{'hi_res': ['https://m.media-amazon.com/images/I/71zOAS3PaSL._SL1500_.jpg'], 'large': ['https://m.media-amazon.com/images/I/51SLRz8MIVL.jpg'], 'thumb': ['https://m.media-amazon.com/images/I/51SLRz8MIVL._SS40_.jpg'], 'variant': ['MAIN']}","{'title': [], 'url': [], 'user_id': []}",BFWood,,"Brand: BFWood, Shape: Oblong, Unit Count: 1.00 Count, Hair Type: All, Dry, Curly, Thick, Material: Nylon, Package Dimensions: 9.92 x 9.45 x 1.85 inches; 5.08 Ounces",B08BY9P4HR,,,,"Parent ASIN: B08BY9P4HR; Title: BFWood; Author: *; Description: *; Features: * - Details: Brand: BFWood, Shape: Oblong, Unit Count: 1.00 Count, Hair Type: All, Dry, Curly, Thick, Material: Nylon, Package Dimensions: 9.92 x 9.45 x 1.85 inches; 5.08 Ounces; Store: Store: BFWood; Categories: *; Price: Price: None;"
All Beauty,"Nail Clipper Set, GIDIBII Luxury 18 in 1 Stainless Steel Nail Clipper Kit, Manicure Pedicure Care Tools with Portable Travel Case",4.4,64,,,None,"{'hi_res': ['https://m.media-amazon.com/images/I/710T7SnZTgL._SL1001_.jpg', 'https://m.media-amazon.com/images/I/71r3LdNHagL._SL1001_.jpg', 'https://m.media-amazon.com/images/I/71rszQ2UdUL._SL1500_.jpg', 'https://m.media-amazon.com/images/I/61CsKEKQwJL._SL1381_.jpg', 'https://m.media-amazon.com/images/I/61IawIY1OLL._SL1138_.jpg', 'https://m.media-amazon.com/images/I/71rASnI-mCL._SL1473_.jpg', 'https://m.media-amazon.com/images/I/61BA-sc3K9L._SL1001_.jpg'], 'large': ['https://m.media-amazon.com/images/I/51mbE+38jIL.jpg', 'https://m.media-amazon.com/images/I/511oNQWC7IL.jpg', 'https://m.media-amazon.com/images/I/41DzAFMLfxL.jpg', 'https://m.media-amazon.com/images/I/41Udia7qmeL.jpg', 'https://m.media-amazon.com/images/I/41npzvysTbL.jpg', 'https://m.media-amazon.com/images/I/51WUX9pVkYL.jpg', 'https://m.media-amazon.com/images/I/51mdCOxRGRL.jpg'], 'thumb': ['https://m.media-amazon.com/images/I/51mbE+38jIL._SS40_.jpg', 'https://m.media-amazon.com/images/I/511oNQWC7IL._SS40_.jpg', 'https://m.media-amazon.com/images/I/41DzAFMLfxL._SS40_.jpg', 'https://m.media-amazon.com/images/I/41Udia7qmeL._SS40_.jpg', 'https://m.media-amazon.com/images/I/41npzvysTbL._SS40_.jpg', 'https://m.media-amazon.com/images/I/51WUX9pVkYL._SS40_.jpg', 'https://m.media-amazon.com/images/I/51mdCOxRGRL._SS40_.jpg'], 'variant': ['MAIN', 'PT01', 'PT02', 'PT03', 'PT04', 'PT05', 'PT06']}","{'title': ['Self-Care and Pampering while sheltering in place. Solid kit.', 'Good! Fancy and sharp clipper set!'], 'url': ['https://www.amazon.com/vdp/38abba6cfc3445759612948521640eda?ref=dp_vse_rvc_0', 'https://www.amazon.com/vdp/ed3b1319bcf54e3e915b89820ef3456c?ref=dp_vse_rvc_1'], 'user_id': ['', 'AGIIKAONNXWBQXA5EE5BFDVRZLQQ']}",GIDIBII,,"Brand: GIDIBII, Blade Material: Stainless Steel, Item Dimensions LxWxH: 5.8 x 3.8 x 0.8 inches, Is Discontinued By Manufacturer: No, Product Dimensions: 5.8 x 3.8 x 0.8 inches; 11.99 Ounces, Item model number: Manicure Set, UPC: 799445199218, Manufacturer: GIDIBII",B083J1Y349,,,,"Parent ASIN: B083J1Y349; Title: Nail Clipper Set, GIDIBII Luxury 18 in 1 Stainless Steel Nail Clipper Kit, Manicure Pedicure Care Tools with Portable Travel Case; Author: *; Description: *; Features: * - Details: Brand: GIDIBII, Blade Material: Stainless Steel, Item Dimensions LxWxH: 5.8 x 3.8 x 0.8 inches, Is Discontinued By Manufacturer: No, Product Dimensions: 5.8 x 3.8 x 0.8 inches; 11.99 Ounces, Item model number: Manicure Set, UPC: 799445199218, Manufacturer: GIDIBII; Store: Store: GIDIBII; Categories: *; Price: Price: None;"
All Beauty,Brazilian Straight Bundles Human Hair 3 Bundles 10A Straight Weave Hair Bundles 100% Unprocessed Virgin Hair Extensions Natural Black (22 24 26),3.8,24,,,None,"{'hi_res': ['https://m.media-amazon.com/images/I/71DvaC7lWES._SL1000_.jpg', 'https://m.media-amazon.com/images/I/61rI05dyDcL._SL1000_.jpg', 'https://m.media-amazon.com/images/I/71kAR0x+RVL._SL1000_.jpg', 'https://m.media-amazon.com/images/I/61z1RqtMTtL._SL1000_.jpg', 'https://m.media-amazon.com/images/I/61JF9avUq2S._SL1000_.jpg', 'https://m.media-amazon.com/images/I/61PywV+cxaS._SL1000_.jpg', 'https://m.media-amazon.com/images/I/61nDDlmX19L._SL1000_.jpg'], 'large': ['https://m.media-amazon.com/images/I/51FTGClqkUS.jpg', 'https://m.media-amazon.com/images/I/51BZ2epvMmL.jpg', 'https://m.media-amazon.com/images/I/51ulwNPQkrL.jpg', 'https://m.media-amazon.com/images/I/51B2HAQlBQL.jpg', 'https://m.media-amazon.com/images/I/51ehANpPt9S.jpg', 'https://m.media-amazon.com/images/I/51s648dywHS.jpg', 'https://m.media-amazon.com/images/I/51-FUSqiG8L.jpg'], 'thumb': ['https://m.media-amazon.com/images/I/51FTGClqkUS._SS40_.jpg', 'https://m.media-amazon.com/images/I/51BZ2epvMmL._SS40_.jpg', 'https://m.media-amazon.com/images/I/51ulwNPQkrL._SS40_.jpg', 'https://m.media-amazon.com/images/I/51B2HAQlBQL._SS40_.jpg', 'https://m.media-amazon.com/images/I/51ehANpPt9S._SS40_.jpg', 'https://m.media-amazon.com/images/I/51s648dywHS._SS40_.jpg', 'https://m.media-amazon.com/images/I/51-FUSqiG8L._SS40_.jpg'], 'variant': ['MAIN', 'PT01', 'PT02', 'PT03', 'PT04', 'PT05', 'PT06']}","{'title': ['Awesome!', 'Luster And Softness! It There! Cant Wait To Install!'], 'url': ['https://www.amazon.com/vdp/1ec36ca3f31f40039f45b491e6802999?ref=dp_vse_rvc_0', 'https://www.amazon.com/vdp/5009efbe84ad4985a4324fc3bc48eb41?ref=dp_vse_rvc_1'], 'user_id': ['AENPFG5YYA7ZENZG5Y6SSO2IU2AA', 'AEJXGWCECWBFSH6REGJRIV3GP66Q']}",ALIANNA,,"Brand: ALIANNA, Color: black, Material: Human Hair, Hair Type: Straight, Material Feature: Natural, Package Dimensions: 11.69 x 9.72 x 3.43 inches; 10.86 Ounces",B08QFGV5ZQ,,,,"Parent ASIN: B08QFGV5ZQ; Title: Brazilian Straight Bundles Human Hair 3 Bundles 10A Straight Weave Hair Bundles 100% Unprocessed Virgin Hair Extensions Natural Black (22 24 26); Author: *; Description: *; Features: * - Details: Brand: ALIANNA, Color: black, Material: Human Hair, Hair Type: Straight, Material Feature: Natural, Package Dimensions: 11.69 x 9.72 x 3.43 inches; 10.86 Ounces; Store: Store: ALIANNA; Categories: *; Price: Price: None;"
All Beauty,"3 Barrel Curling Iron, Milantia 3/4 Inch Mini Travel Curling Wand Hair for Small Curly, Dual Voltage Ceramic Tourmaline 19mm Crimper Hair Iron for Women - Fast Heating, Portable",3.8,121,,,None,"{'hi_res': ['https://m.media-amazon.com/images/I/71hwIctwylL._SL1500_.jpg', 'https://m.media-amazon.com/images/I/71LQArozOJL._SL1500_.jpg', 'https://m.media-amazon.com/images/I/7107aM8cO1L._SL1500_.jpg', 'https://m.media-amazon.com/images/I/812QXEENBFL._SL1500_.jpg', 'https://m.media-amazon.com/images/I/71iX7Py6jKL._SL1500_.jpg', 'https://m.media-amazon.com/images/I/71VOtjLBb4L._SL1500_.jpg', 'https://m.media-amazon.com/images/I/81b-ERoRCgL._SL1500_.jpg'], 'large': ['https://m.media-amazon.com/images/I/41w-5Shtf6L.jpg', 'https://m.media-amazon.com/images/I/41uWjHwvagL.jpg', 'https://m.media-amazon.com/images/I/41bZxVG83SL.jpg', 'https://m.media-amazon.com/images/I/51yXB+R40nL.jpg', 'https://m.media-amazon.com/images/I/51vZ3I3sSYL.jpg', 'https://m.media-amazon.com/images/I/51-w64KxrpL.jpg', 'https://m.media-amazon.com/images/I/51FPL4pE66L.jpg'], 'thumb': ['https://m.media-amazon.com/images/I/41w-5Shtf6L._SS40_.jpg', 'https://m.media-amazon.com/images/I/41uWjHwvagL._SS40_.jpg', 'https://m.media-amazon.com/images/I/41bZxVG83SL._SS40_.jpg', 'https://m.media-amazon.com/images/I/51yXB+R40nL._SS40_.jpg', 'https://m.media-amazon.com/images/I/51vZ3I3sSYL._SS40_.jpg', 'https://m.media-amazon.com/images/I/51-w64KxrpL._SS40_.jpg', 'https://m.media-amazon.com/images/I/51FPL4pE66L._SS40_.jpg'], 'variant': ['MAIN', 'PT01', 'PT02', 'PT03', 'PT04', 'PT05', 'PT06']}","{'title': ['Very mini'], 'url': ['https://www.amazon.com/vdp/23140456622b401d854825a0f9efb019?ref=dp_vse_rvc_0'], 'user_id': ['AHPS2TQ7OB7KBUOGPGRLATOZVOTQ']}",Milantia,,"Shape: Barrel, Brand: Milantia, Hair Type: All,Thick,Thin, Material: Ceramic, Power Source: Corded Electric, Product Dimensions: 9.25 x 1.97 x 1.97 inches; 12.63 Ounces, Manufacturer: Milantia",B08NPBQR9L,,,,"Parent ASIN: B08NPBQR9L; Title: 3 Barrel Curling Iron, Milantia 3/4 Inch Mini Travel Curling Wand Hair for Small Curly, Dual Voltage Ceramic Tourmaline 19mm Crimper Hair Iron for Women - Fast Heating, Portable; Author: *; Description: *; Features: * - Details: Shape: Barrel, Brand: Milantia, Hair Type: All,Thick,Thin, Material: Ceramic, Power Source: Corded Electric, Product Dimensions: 9.25 x 1.97 x 1.97 inches; 12.63 Ounces, Manufacturer: Milantia; Store: Store: Milantia; Categories: *; Price: Price: None;"
All Beauty,"Manicure and Pedicure Nail Clipper from POWERGROOMING - Powerful Trimmer for Thick and Thin Finger Nails and Toe Nails - Included Nail File and""Catcher"" for Easy Cleanup (1 Pack)",4.1,35,"A BETTER BUILD - We've seen the complaints when it comes to craftsmanship, so we've made absolutely sure to put our best foot forward here with these remarkable fingernail and toenail clippers! Designed with superior stainless steel and a precision cutting edge, you can rely on this clipper for years to come. No squeaks, creaks, rust, or hassle; simply a better grooming tool for you and your family!, ANY NAIL, ANYTIME - No matter if you have naturally thick and hearty nails or not, our clippers offer a smooth, clean cut with no jagged edges or nail splitting or cracking. It's an awesome grooming tool for both men and women, and even your babies and little ones! At POWERGROOMING, we believe in quality first, and our premium nail trimmers are no different., NO SLIP GRIP - Designed with the user in mind, our nail trimmers are built with an ergonomic design, ensuring a steady clean cut without losing your grip! It's the best choice to trim the squirmy little one's nails, and nothing beats us for at home DIY manicures and pedicures. Our remarkable set even includes a gorgeous and durable leather travel case! Everything ready-packed in a gift box for special occasions such as Christmas and birthdays., GOTTA CATCH THEM ALL - No muss, no fuss! Every one of our top quality grooming sets comes with an included nail catcher, so you don't have to go hunting for those pesky nail shards. Simply remove the attached catcher, and dump it in the trash. NOTHING could be easier. With POWERGROOMING, you'll get nothing but top-tier quality and convenience to boot., 100% GUARANTEED - Our customers are the most crucial part of our business, and that's a fact. We take pride in providing one of the very best available grooming kits for men and women, but we know that having protection on your investment is just as important, that that's why we offer a no hassle SATISFACTION GUARANTEE on every kit we sell. If for any reason you are unsatisfied with your order, all you have to do is let us know, and we'll be there to make it right!",,None,"{'hi_res': ['https://m.media-amazon.com/images/I/71uQlS7XruL._SL1500_.jpg', 'https://m.media-amazon.com/images/I/71E2mslD4JL._SL1500_.jpg', 'https://m.media-amazon.com/images/I/71PV8Cuj-fL._SL1500_.jpg', 'https://m.media-amazon.com/images/I/818VmO51w9L._SL1500_.jpg', 'https://m.media-amazon.com/images/I/81M2iZF4BpL._SL1500_.jpg', 'https://m.media-amazon.com/images/I/91Hx5ajAKEL._SL1500_.jpg', 'https://m.media-amazon.com/images/I/814MEjNdanL._SL1500_.jpg'], 'large': ['https://m.media-amazon.com/images/I/41quYpjAMmL.jpg', 'https://m.media-amazon.com/images/I/51xpbUjVOML.jpg', 'https://m.media-amazon.com/images/I/41Fqh3xtVcL.jpg', 'https://m.media-amazon.com/images/I/51pDNCX6AtL.jpg', 'https://m.media-amazon.com/images/I/51odNC5nsmL.jpg', 'https://m.media-amazon.com/images/I/51KObaiR4kL.jpg', 'https://m.media-amazon.com/images/I/51+WnnVKUuL.jpg'], 'thumb': ['https://m.media-amazon.com/images/I/41quYpjAMmL._SS40_.jpg', 'https://m.media-amazon.com/images/I/51xpbUjVOML._SS40_.jpg', 'https://m.media-amazon.com/images/I/41Fqh3xtVcL._SS40_.jpg', 'https://m.media-amazon.com/images/I/51pDNCX6AtL._SS40_.jpg', 'https://m.media-amazon.com/images/I/51odNC5nsmL._SS40_.jpg', 'https://m.media-amazon.com/images/I/51KObaiR4kL._SS40_.jpg', 'https://m.media-amazon.com/images/I/51+WnnVKUuL._SS40_.jpg'], 'variant': ['MAIN', 'PT01', 'PT02', 'PT03', 'PT04', 'PT05', 'PT06']}","{'title': [], 'url': [], 'user_id': []}",POWERGROOMING,,"Brand: POWERGROOMING, Material: Stainless Steel, Blade Edge: Straight, Blade Material: Stainless Steel, Target Audience: Women, Men, Package Dimensions: 3.8 x 1.3 x 1 inches; 3.21 Ounces, UPC: 653233212735, Manufacturer: POWERGROOMING",B07J3GH1W1,,,,"Parent ASIN: B07J3GH1W1; Title: Manicure and Pedicure Nail Clipper from POWERGROOMING - Powerful Trimmer for Thick and Thin Finger Nails and Toe Nails - Included Nail File and""Catcher"" for Easy Cleanup (1 Pack); Author: *; Description: *; Features: Features: A BETTER BUILD - We've seen the complaints when it comes to craftsmanship, so we've made absolutely sure to put our best foot forward here with these remarkable fingernail and toenail clippers! Designed with superior stainless steel and a precision cutting edge, you can rely on this clipper for years to come. No squeaks, creaks, rust, or hassle; simply a better grooming tool for you and your family!, ANY NAIL, ANYTIME - No matter if you have naturally thick and hearty nails or not, our clippers offer a smooth, clean cut with no jagged edges or nail splitting or cracking. It's an awesome grooming tool for both men and women, and even your babies and little ones! At POWERGROOMING, we believe in quality first, and our premium nail trimmers are no different., NO SLIP GRIP - Designed with the user in mind, our nail trimmers are built with an ergonomic design, ensuring a steady clean cut without losing your grip! It's the best choice to trim the squirmy little one's nails, and nothing beats us for at home DIY manicures and pedicures. Our remarkable set even includes a gorgeous and durable leather travel case! Everything ready-packed in a gift box for special occasions such as Christmas and birthdays., GOTTA CATCH THEM ALL - No muss, no fuss! Every one of our top quality grooming sets comes with an included nail catcher, so you don't have to go hunting for those pesky nail shards. Simply remove the attached catcher, and dump it in the trash. NOTHING could be easier. With POWERGROOMING, you'll get nothing but top-tier quality and convenience to boot., 100% GUARANTEED - Our customers are the most crucial part of our business, and that's a fact. We take pride in providing one of the very best available grooming kits for men and women, but we know that having protection on your investment is just as important, that that's why we offer a no hassle SATISFACTION GUARANTEE on every kit we sell. If for any reason you are unsatisfied with your order, all you have to do is let us know, and we'll be there to make it right! - Details: Brand: POWERGROOMING, Material: Stainless Steel, Blade Edge: Straight, Blade Material: Stainless Steel, Target Audience: Women, Men, Package Dimensions: 3.8 x 1.3 x 1 inches; 3.21 Ounces, UPC: 653233212735, Manufacturer: POWERGROOMING; Store: Store: POWERGROOMING; Categories: *; Price: Price: None;"
All Beauty,Acrylic Nail Powder Set Vcedas 24 Colors Acrylic Nail Art Tips UV Gel Carving Powder Dust Design Decoration 3D Manicure,4.0,54,,,None,"{'hi_res': ['https://m.media-amazon.com/images/I/61FmBq6rgNL._SL1000_.jpg', 'https://m.media-amazon.com/images/I/71wwHyy82vL._SL1500_.jpg', 'https://m.media-amazon.com/images/I/71u6hOQpG1L._SL1500_.jpg', 'https://m.media-amazon.com/images/I/71EIzJUqqLL._SL1500_.jpg', 'https://m.media-amazon.com/images/I/71bVoXYvj-L._SL1500_.jpg', 'https://m.media-amazon.com/images/I/71H9obKgolL._SL1500_.jpg', 'https://m.media-amazon.com/images/I/71mpjYDpguL._SL1500_.jpg'], 'large': ['https://m.media-amazon.com/images/I/41wH8QRuDNL.jpg', 'https://m.media-amazon.com/images/I/51oRFH+OZlL.jpg', 'https://m.media-amazon.com/images/I/51V7Zn1D1mL.jpg', 'https://m.media-amazon.com/images/I/41q4PHviigL.jpg', 'https://m.media-amazon.com/images/I/41LSQOxNKHL.jpg', 'https://m.media-amazon.com/images/I/51JltlIIusL.jpg', 'https://m.media-amazon.com/images/I/51mx2RvK1YL.jpg'], 'thumb': ['https://m.media-amazon.com/images/I/41wH8QRuDNL._SS40_.jpg', 'https://m.media-amazon.com/images/I/51oRFH+OZlL._SS40_.jpg', 'https://m.media-amazon.com/images/I/51V7Zn1D1mL._SS40_.jpg', 'https://m.media-amazon.com/images/I/41q4PHviigL._SS40_.jpg', 'https://m.media-amazon.com/images/I/41LSQOxNKHL._SS40_.jpg', 'https://m.media-amazon.com/images/I/51JltlIIusL._SS40_.jpg', 'https://m.media-amazon.com/images/I/51mx2RvK1YL._SS40_.jpg'], 'variant': ['MAIN', 'PT01', 'PT02', 'PT03', 'PT04', 'PT05', 'PT06']}","{'title': [], 'url': [], 'user_id': []}",Vcedas,,Product Dimensions: 5.91 x 3.94 x 0.79 inches; 1.3 Pounds,B08DRBZNZJ,,,,Parent ASIN: B08DRBZNZJ; Title: Acrylic Nail Powder Set Vcedas 24 Colors Acrylic Nail Art Tips UV Gel Carving Powder Dust Design Decoration 3D Manicure; Author: *; Description: *; Features: * - Details: Product Dimensions: 5.91 x 3.94 x 0.79 inches; 1.3 Pounds; Store: Store: Vcedas; Categories: *; Price: Price: None;
All Beauty,"Facial Steamer with Portable Mini Cold Facial Mister, Face Steamer for Facial Deep Cleaning, Nano Ionic Face Hot Steaming Machine for Home Facials Personal Moisturizing Skincare Beauty",4.1,66,,,None,"{'hi_res': ['https://m.media-amazon.com/images/I/618C9pHbg2S._SL1500_.jpg', 'https://m.media-amazon.com/images/I/71cr0SPHasL._SL1500_.jpg', 'https://m.media-amazon.com/images/I/61fm7CFy2gL._SL1000_.jpg', 'https://m.media-amazon.com/images/I/71vHVGKEFYL._SL1500_.jpg', 'https://m.media-amazon.com/images/I/71uETpCQCVL._SL1500_.jpg', 'https://m.media-amazon.com/images/I/71jOKCIHEpL._SL1500_.jpg'], 'large': ['https://m.media-amazon.com/images/I/41fa5hAbZoS.jpg', 'https://m.media-amazon.com/images/I/41X1on6IgsL.jpg', 'https://m.media-amazon.com/images/I/51rpFGNEWGL.jpg', 'https://m.media-amazon.com/images/I/51tPhXDfm8L.jpg', 'https://m.media-amazon.com/images/I/51T5GgQKtZL.jpg', 'https://m.media-amazon.com/images/I/51WY8te7qAL.jpg'], 'thumb': ['https://m.media-amazon.com/images/I/41fa5hAbZoS._SS40_.jpg', 'https://m.media-amazon.com/images/I/41X1on6IgsL._SS40_.jpg', 'https://m.media-amazon.com/images/I/51rpFGNEWGL._SS40_.jpg', 'https://m.media-amazon.com/images/I/51tPhXDfm8L._SS40_.jpg', 'https://m.media-amazon.com/images/I/51T5GgQKtZL._SS40_.jpg', 'https://m.media-amazon.com/images/I/51WY8te7qAL._SS40_.jpg'], 'variant': ['MAIN', 'PT01', 'PT02', 'PT03', 'PT04', 'PT05']}","{'title': ['Got stabbed while opening packaging all around horrible  buyer be ware', 'Makes the skin hydrated as well as Soothes the sinuses', 'ROSEFEAST  Facial Steamer with Cold Mister', 'Where is the steam? I tried it twice. No steam', '5 stars!!!'], 'url': ['https://www.amazon.com/vdp/0e42ed40a4b749ffbf78f060cc34cc8e?ref=dp_vse_rvc_0', 'https://www.amazon.com/vdp/0603e8c98d2a477485ef95a8d41b53c0?ref=dp_vse_rvc_1', 'https://www.amazon.com/vdp/0668e6c4a3694f058c4606b33c71b8c5?ref=dp_vse_rvc_2', 'https://www.amazon.com/vdp/0acaab25fbb14afba9c39fd9430197d3?ref=dp_vse_rvc_3', 'https://www.amazon.com/vdp/2706830831b74865985eba3df2cda304?ref=dp_vse_rvc_4'], 'user_id': ['AG2QALA4Y5F3PFK6DXMQKYUH2LIA', 'AGKLVYE6JOH5CMZUPG7E5GIDEIMA', '', 'AGLEOKVVSOHHGZPO3UV42UEUKNEA', 'AHOIAYSRI3RA5DG4RDDBBD3FBYGA']}",ROSEFEAST,,"Material: Cotton, Brand: ROSEFEAST, Power Source: Corded Electric, Product Benefits: Cold,Moisturizing,Relaxing,Clean,Aromatherapy, Package Dimensions: 8.31 x 7.87 x 4.57 inches; 1.57 Pounds, Manufacturer: ROSEFEAST",B08P4YQ3K5,,,,"Parent ASIN: B08P4YQ3K5; Title: Facial Steamer with Portable Mini Cold Facial Mister, Face Steamer for Facial Deep Cleaning, Nano Ionic Face Hot Steaming Machine for Home Facials Personal Moisturizing Skincare Beauty; Author: *; Description: *; Features: * - Details: Material: Cotton, Brand: ROSEFEAST, Power Source: Corded Electric, Product Benefits: Cold,Moisturizing,Relaxing,Clean,Aromatherapy, Package Dimensions: 8.31 x 7.87 x 4.57 inches; 1.57 Pounds, Manufacturer: ROSEFEAST; Store: Store: ROSEFEAST; Categories: *; Price: Price: None;"
All Beauty,Kneipp Shower Foam Goodbye Stress Water Mint & Rosemary 6.81 Oz,4.3,91,,,16.0,"{'hi_res': ['https://m.media-amazon.com/images/I/51avzOP1xsL._SL1201_.jpg', 'https://m.media-amazon.com/images/I/51POEDSh3AL._SL1201_.jpg', 'https://m.media-amazon.com/images/I/71Xn8Ez6rGL._SL1201_.jpg', 'https://m.media-amazon.com/images/I/61pdwBCd49L._SL1201_.jpg', 'https://m.media-amazon.com/images/I/61LTfi8gGCL._SL1201_.jpg'], 'large': ['https://m.media-amazon.com/images/I/319n9m61QHL.jpg', 'https://m.media-amazon.com/images/I/31I6UPS4pAL.jpg', 'https://m.media-amazon.com/images/I/51Qy4IeQfML.jpg', 'https://m.media-amazon.com/images/I/41TgVTsqVqL.jpg', 'https://m.media-amazon.com/images/I/41kN+bdem0L.jpg'], 'thumb': ['https://m.media-amazon.com/images/I/319n9m61QHL._SS40_.jpg', 'https://m.media-amazon.com/images/I/31I6UPS4pAL._SS40_.jpg', 'https://m.media-amazon.com/images/I/51Qy4IeQfML._SS40_.jpg', 'https://m.media-amazon.com/images/I/41TgVTsqVqL._SS40_.jpg', 'https://m.media-amazon.com/images/I/41kN+bdem0L._SS40_.jpg'], 'variant': ['MAIN', 'PT01', 'PT02', 'PT03', 'PT04']}","{'title': ['Yo! Stress relief isn’t the word. The scent alone calms my body.', 'Super foamy!', 'The Ritual of Happy Buddha Shower Foam - How To Video'], 'url': ['https://www.amazon.com/vdp/035661a1c5d745f7bf3ec9bfaa3674c9?ref=dp_vse_rvc_0', 'https://www.amazon.com/vdp/84a0e6082e504a338df8509b4cdf5b1f?ref=dp_vse_rvc_1', 'https://www.amazon.com/vdp/d00edbaeb0e240739d8f3640ccb1bdeb?ref=dp_vse_rvc_2'], 'user_id': ['AE3IBQDANZCQEUMBJD5ZFJ6WYENA', 'AGXZSO63CMLU2W4VLJLOYCIVOADA', '']}",Kneipp,,"Item Form: Foam, Skin Type: All, Brand: Kneipp, Scent: Rosemary, Material Feature: Plant Based, Package Dimensions: 8.2 x 2.5 x 2.5 inches; 9.59 Ounces",B08KGVBW41,,,,"Parent ASIN: B08KGVBW41; Title: Kneipp Shower Foam Goodbye Stress Water Mint & Rosemary 6.81 Oz; Author: *; Description: *; Features: * - Details: Item Form: Foam, Skin Type: All, Brand: Kneipp, Scent: Rosemary, Material Feature: Plant Based, Package Dimensions: 8.2 x 2.5 x 2.5 inches; 9.59 Ounces; Store: Store: Kneipp; Categories: *; Price: Price: 16.0;"
All Beauty,Strixaderm Lash Advance Eyelash Conditioner - Hypo Allergenic Eyebrow Enhancer Serum & Primer Mascara For Natural Eye Brow Growth & Thick Long Lashes,3.1,40,,,None,"{'hi_res': ['https://m.media-amazon.com/images/I/51xDQP48upL._SL1500_.jpg', 'https://m.media-amazon.com/images/I/81x8JdH6qpL._SL1500_.jpg', 'https://m.media-amazon.com/images/I/71ATdl3sGhL._SL1500_.jpg', 'https://m.media-amazon.com/images/I/61DXM7aHDLL._SL1000_.jpg', 'https://m.media-amazon.com/images/I/618CGTalzrL._SL1000_.jpg', 'https://m.media-amazon.com/images/I/71cFmzOgqbL._SL1000_.jpg', 'https://m.media-amazon.com/images/I/71U4kkd0b9L._SL1000_.jpg', 'https://m.media-amazon.com/images/I/61-y2hVW83L._SL1000_.jpg', 'https://m.media-amazon.com/images/I/71+tTlESIfL._SL1000_.jpg', 'https://m.media-amazon.com/images/I/8104IY0dlhL._SL1500_.jpg'], 'large': ['https://m.media-amazon.com/images/I/21ln5pm7NtL.jpg', 'https://m.media-amazon.com/images/I/41QyhEyYV0L.jpg', 'https://m.media-amazon.com/images/I/319MQ4S2mPL.jpg', 'https://m.media-amazon.com/images/I/51ftSBW+I-L.jpg', 'https://m.media-amazon.com/images/I/51DI598Io0L.jpg', 'https://m.media-amazon.com/images/I/51KWKZlToDL.jpg', 'https://m.media-amazon.com/images/I/51tQXjnA6CL.jpg', 'https://m.media-amazon.com/images/I/41CkvhgP1vL.jpg', 'https://m.media-amazon.com/images/I/51u4PmIaMYL.jpg', 'https://m.media-amazon.com/images/I/41W5ZUQbfCL.jpg'], 'thumb': ['https://m.media-amazon.com/images/I/21ln5pm7NtL._SS40_.jpg', 'https://m.media-amazon.com/images/I/41QyhEyYV0L._SS40_.jpg', 'https://m.media-amazon.com/images/I/319MQ4S2mPL._SS40_.jpg', 'https://m.media-amazon.com/images/I/51ftSBW+I-L._SS40_.jpg', 'https://m.media-amazon.com/images/I/51DI598Io0L._SS40_.jpg', 'https://m.media-amazon.com/images/I/51KWKZlToDL._SS40_.jpg', 'https://m.media-amazon.com/images/I/51tQXjnA6CL._SS40_.jpg', 'https://m.media-amazon.com/images/I/41CkvhgP1vL._SS40_.jpg', 'https://m.media-amazon.com/images/I/51u4PmIaMYL._SS40_.jpg', 'https://m.media-amazon.com/images/I/41W5ZUQbfCL._SS40_.jpg'], 'variant': ['MAIN', 'FRNT', 'BACK', 'PT01', 'PT02', 'PT03', 'PT04', 'PT05', 'PT06', 'LEFT']}","{'title': [], 'url': [], 'user_id': []}",STRIXADERM-MD,,"Package Dimensions: 4.4 x 1.4 x 1.3 inches; 0.81 Ounces, UPC: 096563380000",B07PCSRSND,,,,"Parent ASIN: B07PCSRSND; Title: Strixaderm Lash Advance Eyelash Conditioner - Hypo Allergenic Eyebrow Enhancer Serum & Primer Mascara For Natural Eye Brow Growth & Thick Long Lashes; Author: *; Description: *; Features: * - Details: Package Dimensions: 4.4 x 1.4 x 1.3 inches; 0.81 Ounces, UPC: 096563380000; Store: Store: STRIXADERM-MD; Categories: *; Price: Price: None;"
All Beauty,Argan Magic 100% Pure Argan Oil – Moisturizing Oil that Infuses Skin with Enriched Hydration | Leaves Skin Restored & Refreshed | Non-Greasy | Rich in Vitamin E | Made in USA | Cruelty Free (2 oz),4.1,77,,,None,"{'hi_res': ['https://m.media-amazon.com/images/I/511fRoja08L._SL1300_.jpg', 'https://m.media-amazon.com/images/I/611fHREILdL._SL1500_.jpg', 'https://m.media-amazon.com/images/I/61iGoLW28wL._SL1500_.jpg'], 'large': ['https://m.media-amazon.com/images/I/31ZtHCNL+mL.jpg', 'https://m.media-amazon.com/images/I/31Wtvr9riNL.jpg', 'https://m.media-amazon.com/images/I/314nPFvebEL.jpg'], 'thumb': ['https://m.media-amazon.com/images/I/31ZtHCNL+mL._SS40_.jpg', 'https://m.media-amazon.com/images/I/31Wtvr9riNL._SS40_.jpg', 'https://m.media-amazon.com/images/I/314nPFvebEL._SS40_.jpg'], 'variant': ['MAIN', 'PT01', 'PT02']}","{'title': [], 'url': [], 'user_id': []}",Argan Magic,,"Brand: Argan Magic, Item Form: Oil, Active Ingredients: Vitamin e, Unit Count: 2 Fl Oz, Number of Items: 1, Is Discontinued By Manufacturer: No, Package Dimensions: 4.2 x 1.1 x 1.1 inches; 2 Ounces, UPC: 605923474046",B00O2FGBJS,,,,"Parent ASIN: B00O2FGBJS; Title: Argan Magic 100% Pure Argan Oil – Moisturizing Oil that Infuses Skin with Enriched Hydration | Leaves Skin Restored & Refreshed | Non-Greasy | Rich in Vitamin E | Made in USA | Cruelty Free (2 oz); Author: *; Description: *; Features: * - Details: Brand: Argan Magic, Item Form: Oil, Active Ingredients: Vitamin e, Unit Count: 2 Fl Oz, Number of Items: 1, Is Discontinued By Manufacturer: No, Package Dimensions: 4.2 x 1.1 x 1.1 inches; 2 Ounces, UPC: 605923474046; Store: Store: Argan Magic; Categories: *; Price: Price: None;"
All Beauty,"Emilia Hypoallergenic Bath Oil for Babies - Paraben-Free Natural Baby Wash Enriched With Natural Oat Extract, Sunflower, Sweet Almond, Sesame, Calendula, and Chamomile 8.5 fl.oz.",3.6,20,,,None,"{'hi_res': ['https://m.media-amazon.com/images/I/71KQSItiLOL._SL1500_.jpg', 'https://m.media-amazon.com/images/I/71CfcDb3xZL._SL1500_.jpg'], 'large': ['https://m.media-amazon.com/images/I/31spKcCv71L.jpg', 'https://m.media-amazon.com/images/I/31wV3QiCRWL.jpg'], 'thumb': ['https://m.media-amazon.com/images/I/31spKcCv71L._SS40_.jpg', 'https://m.media-amazon.com/images/I/31wV3QiCRWL._SS40_.jpg'], 'variant': ['MAIN', 'PT01']}","{'title': [], 'url': [], 'user_id': []}",Emilia,,"Brand: Emilia, Scent: Chamomile, Item Form: Oil, Unit Count: 8.5 Fl Oz, Number of Items: 1, Is Discontinued By Manufacturer: No, Package Dimensions: 6.81 x 2.05 x 1.85 inches; 8.78 Ounces",B07FP2C8N8,,,,"Parent ASIN: B07FP2C8N8; Title: Emilia Hypoallergenic Bath Oil for Babies - Paraben-Free Natural Baby Wash Enriched With Natural Oat Extract, Sunflower, Sweet Almond, Sesame, Calendula, and Chamomile 8.5 fl.oz.; Author: *; Description: *; Features: * - Details: Brand: Emilia, Scent: Chamomile, Item Form: Oil, Unit Count: 8.5 Fl Oz, Number of Items: 1, Is Discontinued By Manufacturer: No, Package Dimensions: 6.81 x 2.05 x 1.85 inches; 8.78 Ounces; Store: Store: Emilia; Categories: *; Price: Price: None;"
All Beauty,"Shakira Perfumes - Dance for Women - Long Lasting - Femenine, Charming and Modern Perfume - Fruity Floral Notes - Ideal for Day Wear - 1.7 Fl Oz",4.4,3722,,,29.34,"{'hi_res': ['https://m.media-amazon.com/images/I/711GF10oX7L._SL1500_.jpg', 'https://m.media-amazon.com/images/I/61izCXC0euL._SL1500_.jpg', 'https://m.media-amazon.com/images/I/81+PQo1wx-L._SL1500_.jpg', 'https://m.media-amazon.com/images/I/812jDGSZxrL._SL1500_.jpg', None, 'https://m.media-amazon.com/images/I/51oX01JJiaL._SL1276_.jpg', None, 'https://m.media-amazon.com/images/I/61UQ3Jl2lIL._SL1000_.jpg', None], 'large': ['https://m.media-amazon.com/images/I/31Z30jOWshL.jpg', 'https://m.media-amazon.com/images/I/31GPs7zRdFL.jpg', 'https://m.media-amazon.com/images/I/41XsyD8N71L.jpg', 'https://m.media-amazon.com/images/I/41Tn--mVMHL.jpg', 'https://m.media-amazon.com/images/I/51EtMD5ThdL.jpg', 'https://m.media-amazon.com/images/I/31cLf2F27oL.jpg', 'https://m.media-amazon.com/images/I/519i4U6nfAL.jpg', 'https://m.media-amazon.com/images/I/4192CpEE9SL.jpg', 'https://m.media-amazon.com/images/I/41ooeFlF9KL.jpg'], 'thumb': ['https://m.media-amazon.com/images/I/31Z30jOWshL._SS40_.jpg', 'https://m.media-amazon.com/images/I/31GPs7zRdFL._SS40_.jpg', 'https://m.media-amazon.com/images/I/41XsyD8N71L._SS40_.jpg', 'https://m.media-amazon.com/images/I/41Tn--mVMHL._SS40_.jpg', 'https://m.media-amazon.com/images/I/51EtMD5ThdL._SS40_.jpg', 'https://m.media-amazon.com/images/I/31cLf2F27oL._SS40_.jpg', 'https://m.media-amazon.com/images/I/519i4U6nfAL._SS40_.jpg', 'https://m.media-amazon.com/images/I/4192CpEE9SL._SS40_.jpg', 'https://m.media-amazon.com/images/I/41ooeFlF9KL._SS40_.jpg'], 'variant': ['MAIN', 'PT01', 'PT02', 'PT03', 'PT04', 'PT05', 'PT06', 'PT07', 'INGR']}","{'title': ['Discover DANCE by SHAKIRA', 'Shakira Perfumes - S by Shakira for Women', 'Shakira Perfume I am Rock', 'Shakira Perfumes Floral '], 'url': ['https://www.amazon.com/vdp/845b58d353c14e9b8510fa6b942abd34?ref=dp_vse_rvc_0', 'https://www.amazon.com/vdp/019e7bac42da4d4981ca25335fa5a3f3?ref=dp_vse_rvc_1', 'https://www.amazon.com/vdp/068c0930cee34ebc88c431b537be3b74?ref=dp_vse_rvc_2', 'https://www.amazon.com/vdp/035039fb4f5545d0a35d0c27a59c6106?ref=dp_vse_rvc_3'], 'user_id': ['', '', '/shop/bestbrandsperfume', '']}",Shakira,,"Brand: Shakira, Item Form: Liquid, Item Volume: 50 Milliliters, Scent: Dance, Special Feature: Long Lasting, Is Discontinued By Manufacturer: No, Language: English, Product Dimensions: 2.64 x 2.05 x 5.63 inches; 1.76 Ounces, Item model number: 8411061823033",B0BTJ6SYKB,,,,"Parent ASIN: B0BTJ6SYKB; Title: Shakira Perfumes - Dance for Women - Long Lasting - Femenine, Charming and Modern Perfume - Fruity Floral Notes - Ideal for Day Wear - 1.7 Fl Oz; Author: *; Description: *; Features: * - Details: Brand: Shakira, Item Form: Liquid, Item Volume: 50 Milliliters, Scent: Dance, Special Feature: Long Lasting, Is Discontinued By Manufacturer: No, Language: English, Product Dimensions: 2.64 x 2.05 x 5.63 inches; 1.76 Ounces, Item model number: 8411061823033; Store: Store: Shakira; Categories: *; Price: Price: 29.34;"
All Beauty,"Glass spray bottle-16 ounce empty bottle ounce refillable container 2 packs, suitable for essential oils, cleaning products, aromatherapy, water mist plants with mist and air flow settings",4.5,223,,,None,"{'hi_res': ['https://m.media-amazon.com/images/I/61nfwoC5YfL._SL1000_.jpg', 'https://m.media-amazon.com/images/I/612sbLZ4HJL._SL1000_.jpg', 'https://m.media-amazon.com/images/I/61dhLOzSa0L._SL1000_.jpg', 'https://m.media-amazon.com/images/I/6186rrSdJxL._SL1000_.jpg', 'https://m.media-amazon.com/images/I/61kuKGo4afL._SL1000_.jpg', 'https://m.media-amazon.com/images/I/61HP2z0XVKL._SL1000_.jpg', 'https://m.media-amazon.com/images/I/61RamPZzBaL._SL1000_.jpg'], 'large': ['https://m.media-amazon.com/images/I/41NBy-zshGL.jpg', 'https://m.media-amazon.com/images/I/51sC3Rj3TwL.jpg', 'https://m.media-amazon.com/images/I/51eyg7iPQ1L.jpg', 'https://m.media-amazon.com/images/I/51QuksV1MdL.jpg', 'https://m.media-amazon.com/images/I/51MTWGn2hEL.jpg', 'https://m.media-amazon.com/images/I/511ILWTi1sL.jpg', 'https://m.media-amazon.com/images/I/511NLkZ2WML.jpg'], 'thumb': ['https://m.media-amazon.com/images/I/41NBy-zshGL._SS40_.jpg', 'https://m.media-amazon.com/images/I/51sC3Rj3TwL._SS40_.jpg', 'https://m.media-amazon.com/images/I/51eyg7iPQ1L._SS40_.jpg', 'https://m.media-amazon.com/images/I/51QuksV1MdL._SS40_.jpg', 'https://m.media-amazon.com/images/I/51MTWGn2hEL._SS40_.jpg', 'https://m.media-amazon.com/images/I/511ILWTi1sL._SS40_.jpg', 'https://m.media-amazon.com/images/I/511NLkZ2WML._SS40_.jpg'], 'variant': ['MAIN', 'PT01', 'PT02', 'PT03', 'PT04', 'PT05', 'PT06']}","{'title': [], 'url': [], 'user_id': []}",DS DOODLE SABBATH,,"Brand: DS DOODLE SABBATH, Capacity: 16 Ounces, Number of Items: 2, Item Dimensions LxWxH: 2.76 x 2.76 x 8.27 inches, Special Feature: Adjustable Nozzle, Product Dimensions: 2.76 x 2.76 x 8.27 inches; 1.4 Pounds, UPC: 619011520959",B089ZQ8Y95,,,,"Parent ASIN: B089ZQ8Y95; Title: Glass spray bottle-16 ounce empty bottle ounce refillable container 2 packs, suitable for essential oils, cleaning products, aromatherapy, water mist plants with mist and air flow settings; Author: *; Description: *; Features: * - Details: Brand: DS DOODLE SABBATH, Capacity: 16 Ounces, Number of Items: 2, Item Dimensions LxWxH: 2.76 x 2.76 x 8.27 inches, Special Feature: Adjustable Nozzle, Product Dimensions: 2.76 x 2.76 x 8.27 inches; 1.4 Pounds, UPC: 619011520959; Store: Store: DS DOODLE SABBATH; Categories: *; Price: Price: None;"
All Beauty,"Busy Co. Biodegradable Hydrating Hand Wipes, With Collagen and Peptides to Smooth and Improve Elasticity, 15 Individually Wrapped Wipes (Refresh Line - Fresh Citrus)",3.5,39,,,None,"{'hi_res': ['https://m.media-amazon.com/images/I/61fEK2eUi8L._SL1500_.jpg', 'https://m.media-amazon.com/images/I/51SmD2ZlmtL._SL1250_.jpg', 'https://m.media-amazon.com/images/I/61fX3RThjuL._SL1250_.jpg', 'https://m.media-amazon.com/images/I/81SrIcv+u5L._SL1500_.jpg', 'https://m.media-amazon.com/images/I/81tNSj-U8UL._SL1500_.jpg', 'https://m.media-amazon.com/images/I/91pENIi0jlL._SL1500_.jpg'], 'large': ['https://m.media-amazon.com/images/I/31v0cyqQP4L.jpg', 'https://m.media-amazon.com/images/I/31cC5r2WtJL.jpg', 'https://m.media-amazon.com/images/I/31LibCk1mHL.jpg', 'https://m.media-amazon.com/images/I/4180Kt3YgML.jpg', 'https://m.media-amazon.com/images/I/31HUpS8ROQL.jpg', 'https://m.media-amazon.com/images/I/41gxlijWkYL.jpg'], 'thumb': ['https://m.media-amazon.com/images/I/31v0cyqQP4L._SS40_.jpg', 'https://m.media-amazon.com/images/I/31cC5r2WtJL._SS40_.jpg', 'https://m.media-amazon.com/images/I/31LibCk1mHL._SS40_.jpg', 'https://m.media-amazon.com/images/I/4180Kt3YgML._SS40_.jpg', 'https://m.media-amazon.com/images/I/31HUpS8ROQL._SS40_.jpg', 'https://m.media-amazon.com/images/I/41gxlijWkYL._SS40_.jpg'], 'variant': ['MAIN', 'PT01', 'PT02', 'PT03', 'PT05', 'PT06']}","{'title': [], 'url': [], 'user_id': []}",BUSYCO,,"Brand: BUSYCO, Skin Type: All, Unit Count: 1.00 Count, Number of Items: 1, Age Range (Description): Adult, Product Dimensions: 4.5 x 7.3 x 3.5 inches; 4.16 Ounces",B08DK74M1P,,,,"Parent ASIN: B08DK74M1P; Title: Busy Co. Biodegradable Hydrating Hand Wipes, With Collagen and Peptides to Smooth and Improve Elasticity, 15 Individually Wrapped Wipes (Refresh Line - Fresh Citrus); Author: *; Description: *; Features: * - Details: Brand: BUSYCO, Skin Type: All, Unit Count: 1.00 Count, Number of Items: 1, Age Range (Description): Adult, Product Dimensions: 4.5 x 7.3 x 3.5 inches; 4.16 Ounces; Store: Store: BUSYCO; Categories: *; Price: Price: None;"
All Beauty,Bouquet Garni Body Shower White Musk - Unique Fragrance Decanting Engineering Method gives Long Lasting Rich Fragrance - Gentle and Mild Cleansing Scented Body Wash with Natural Surfactant 17.85 Fl Oz,4.0,212,"🌸 WHITE MUSK FRAGRANCE FROM SOUTHERN FRANCE PROVINCES - Bouquet Garni's White Musk fragrance is sensual and radiant scent blended of musk, vanilla and powdery flowers. Aroma Therapy in Southern France Provinces promises your daily life to be filled with joy by its plentiful fragrances., '🌸 LONG-LASTING FRAGRANCE BY OUR UNIQUE TECHNOLOGIES - Long-lasting rich fragrance based on thoughtfully-chosen premium flavors is created by our own unique fragrance decanting engineering method. We are proud of our deep and graceful fragrances from the technology, enrich your every day.', '🌸 HEALTHY CLEANSING WHILE MOISTURIZING FROM NATURAL INGREDIENTS - The ingredients extracted from salt and fruits allow gentle and healthy cleansing while softening and moisturizing the skin, maintaining it deeply hydrated, silky and smooth.', '🌸 SAFE INGREDIENTS - Safe products verified as low-irritation through rigorous human tests and certified CGMP by cosmetics manufacturing certification. All fragrances contained in the products certified IFRA, ensuring that the products can be safely used by everyone without harmful elements.', '🌸 FAST CALMING EFFECT WHILE CLEANSING - By 4 types of Lotus Flower extract contained in the product, perfectly calms and soothes the skin while cleansing, leaving the skin feeling smooth and protected.'",,13.99,"{'hi_res': ['https://m.media-amazon.com/images/I/61k48ydNimL._SL1000_.jpg', 'https://m.media-amazon.com/images/I/71tkSAzL1BS._SL1000_.jpg', 'https://m.media-amazon.com/images/I/61FLgoK7T9S._SL1000_.jpg', 'https://m.media-amazon.com/images/I/61cQ+J9Uk8S._SL1000_.jpg', 'https://m.media-amazon.com/images/I/61UewIxS7wS._SL1000_.jpg', 'https://m.media-amazon.com/images/I/61VpayS+noS._SL1000_.jpg', 'https://m.media-amazon.com/images/I/61sFwzX7BwS._SL1000_.jpg', 'https://m.media-amazon.com/images/I/51gsAW5bnYS._SL1000_.jpg', 'https://m.media-amazon.com/images/I/51GjdfoORES._SL1000_.jpg'], 'large': ['https://m.media-amazon.com/images/I/41Fg7XITx6L.jpg', 'https://m.media-amazon.com/images/I/51w3AxFff0S.jpg', 'https://m.media-amazon.com/images/I/51Qdjp9wdKS.jpg', 'https://m.media-amazon.com/images/I/41tJV1qbrES.jpg', 'https://m.media-amazon.com/images/I/51rwYe4aNsS.jpg', 'https://m.media-amazon.com/images/I/51rzg6AZZyS.jpg', 'https://m.media-amazon.com/images/I/51g+kt6XCJS.jpg', 'https://m.media-amazon.com/images/I/41dkhba8O7S.jpg', 'https://m.media-amazon.com/images/I/41fSI9GXXCS.jpg'], 'thumb': ['https://m.media-amazon.com/images/I/41Fg7XITx6L._SS40_.jpg', 'https://m.media-amazon.com/images/I/51w3AxFff0S._SS40_.jpg', 'https://m.media-amazon.com/images/I/51Qdjp9wdKS._SS40_.jpg', 'https://m.media-amazon.com/images/I/41tJV1qbrES._SS40_.jpg', 'https://m.media-amazon.com/images/I/51rwYe4aNsS._SS40_.jpg', 'https://m.media-amazon.com/images/I/51rzg6AZZyS._SS40_.jpg', 'https://m.media-amazon.com/images/I/51g+kt6XCJS._SS40_.jpg', 'https://m.media-amazon.com/images/I/41dkhba8O7S._SS40_.jpg', 'https://m.media-amazon.com/images/I/41fSI9GXXCS._SS40_.jpg'], 'variant': ['MAIN', 'PT01', 'PT02', 'PT03', 'PT04', 'PT05', 'PT06', 'PT07', 'PT08']}","{'title': ['lathers well', 'B Body Wash, body lotion  ', 'Bouquet Garni Body Wash & Lotion'], 'url': ['https://www.amazon.com/vdp/1a3d7eb650ae4d65b7475d649d31a582?ref=dp_vse_rvc_0', 'https://www.amazon.com/vdp/0bbdcf5d2d5f4e11ae5fea92f2c76865?ref=dp_vse_rvc_1', 'https://www.amazon.com/vdp/025ab0ff027a4e5486ef0f2d8488b674?ref=dp_vse_rvc_2'], 'user_id': ['AEPDHVN67EJ4NHL6IIN4Z5U35I3Q', '', '']}",Bouquet Garni,,"Item Form: Gel, Skin Type: All, Dry, Brand: Bouquet Garni, Scent: Garni, Material Feature: Natural, Package Dimensions: 8.23 x 6.34 x 3.66 inches; 1.34 Pounds",B08YJV9YL2,,,,"Parent ASIN: B08YJV9YL2; Title: Bouquet Garni Body Shower White Musk - Unique Fragrance Decanting Engineering Method gives Long Lasting Rich Fragrance - Gentle and Mild Cleansing Scented Body Wash with Natural Surfactant 17.85 Fl Oz; Author: *; Description: *; Features: Features: 🌸 WHITE MUSK FRAGRANCE FROM SOUTHERN FRANCE PROVINCES - Bouquet Garni's White Musk fragrance is sensual and radiant scent blended of musk, vanilla and powdery flowers. Aroma Therapy in Southern France Provinces promises your daily life to be filled with joy by its plentiful fragrances., '🌸 LONG-LASTING FRAGRANCE BY OUR UNIQUE TECHNOLOGIES - Long-lasting rich fragrance based on thoughtfully-chosen premium flavors is created by our own unique fragrance decanting engineering method. We are proud of our deep and graceful fragrances from the technology, enrich your every day.', '🌸 HEALTHY CLEANSING WHILE MOISTURIZING FROM NATURAL INGREDIENTS - The ingredients extracted from salt and fruits allow gentle and healthy cleansing while softening and moisturizing the skin, maintaining it deeply hydrated, silky and smooth.', '🌸 SAFE INGREDIENTS - Safe products verified as low-irritation through rigorous human tests and certified CGMP by cosmetics manufacturing certification. All fragrances contained in the products certified IFRA, ensuring that the products can be safely used by everyone without harmful elements.', '🌸 FAST CALMING EFFECT WHILE CLEANSING - By 4 types of Lotus Flower extract contained in the product, perfectly calms and soothes the skin while cleansing, leaving the skin feeling smooth and protected.' - Details: Item Form: Gel, Skin Type: All, Dry, Brand: Bouquet Garni, Scent: Garni, Material Feature: Natural, Package Dimensions: 8.23 x 6.34 x 3.66 inches; 1.34 Pounds; Store: Store: Bouquet Garni; Categories: *; Price: Price: 13.99;"
All Beauty,"CONBOLA Make Up Organizer 5 in 1 Dresser Organizer,Portable for Lipstick and Jewlry ,Makeup Organizer and Temporary Makeup Brush Holder,Multi-purpose for Girl Women.36.6cm18cm.(Blue)",3.5,38,,,None,"{'hi_res': ['https://m.media-amazon.com/images/I/714Qpp+DENL._SL1500_.jpg', 'https://m.media-amazon.com/images/I/81oyFvaKG7L._SL1500_.jpg', 'https://m.media-amazon.com/images/I/7188X60uozL._SL1500_.jpg', 'https://m.media-amazon.com/images/I/716+bhAjFFL._SL1500_.jpg', 'https://m.media-amazon.com/images/I/61nRE7SvubL._SL1000_.jpg', 'https://m.media-amazon.com/images/I/81adFX9cf5L._SL1500_.jpg'], 'large': ['https://m.media-amazon.com/images/I/51R-vRAHOLL.jpg', 'https://m.media-amazon.com/images/I/51FNHTwQbOL.jpg', 'https://m.media-amazon.com/images/I/51UD-dgw4IL.jpg', 'https://m.media-amazon.com/images/I/51rEuImOlwL.jpg', 'https://m.media-amazon.com/images/I/51g71Q6KmNL.jpg', 'https://m.media-amazon.com/images/I/51Ylf8Ab-oL.jpg'], 'thumb': ['https://m.media-amazon.com/images/I/51R-vRAHOLL._SS40_.jpg', 'https://m.media-amazon.com/images/I/51FNHTwQbOL._SS40_.jpg', 'https://m.media-amazon.com/images/I/51UD-dgw4IL._SS40_.jpg', 'https://m.media-amazon.com/images/I/51rEuImOlwL._SS40_.jpg', 'https://m.media-amazon.com/images/I/51g71Q6KmNL._SS40_.jpg', 'https://m.media-amazon.com/images/I/51Ylf8Ab-oL._SS40_.jpg'], 'variant': ['MAIN', 'PT01', 'PT02', 'PT03', 'PT04', 'PT05']}","{'title': ['It All Comes Apart', 'Conbola New Arrival Upgraded Detachable Makeup Organizer'], 'url': ['https://www.amazon.com/vdp/4f56deec4d4d4d79b6d2bac140f331d2?ref=dp_vse_rvc_0', 'https://www.amazon.com/vdp/177047cfdb914de7912533aa949e6a49?ref=dp_vse_rvc_1'], 'user_id': ['AHHOFNS3U2KOL3AC2TBD6SD32JLQ', '']}",CONBOLA,,"Material: Silicone, Special Feature: Portable, Color: Blue, Brand: CONBOLA, Mounting Type: Tabletop Mount, Unit Count: 1 Count, Package Type: Standard Packaging, Number of Items: 1, Package Dimensions: 15.08 x 7.44 x 1.5 inches; 1.65 Pounds, UPC: 750226660013",B08LZ6W8RF,,,,"Parent ASIN: B08LZ6W8RF; Title: CONBOLA Make Up Organizer 5 in 1 Dresser Organizer,Portable for Lipstick and Jewlry ,Makeup Organizer and Temporary Makeup Brush Holder,Multi-purpose for Girl Women.36.6cm18cm.(Blue); Author: *; Description: *; Features: * - Details: Material: Silicone, Special Feature: Portable, Color: Blue, Brand: CONBOLA, Mounting Type: Tabletop Mount, Unit Count: 1 Count, Package Type: Standard Packaging, Number of Items: 1, Package Dimensions: 15.08 x 7.44 x 1.5 inches; 1.65 Pounds, UPC: 750226660013; Store: Store: CONBOLA; Categories: *; Price: Price: None;"
All Beauty,"Hair Scrunchies for women,Including 3 Pcs Long Silk Satin Hair Scarf & 3 Pcs Bunny Ear Scrunchies & 3 Pcs Elastic Hair Bands Scrunchy and 7Pcs Pearl Hair Clips,(16Pcs/9Colors)",4.4,196,,,None,"{'hi_res': ['https://m.media-amazon.com/images/I/710WD+rYlES._SL1200_.jpg', 'https://m.media-amazon.com/images/I/611+KscHgfS._SL1200_.jpg', 'https://m.media-amazon.com/images/I/61P12mgXO9S._SL1200_.jpg', 'https://m.media-amazon.com/images/I/618P-pAB-qS._SL1200_.jpg', 'https://m.media-amazon.com/images/I/71EyBnhnV1S._SL1200_.jpg', 'https://m.media-amazon.com/images/I/61YWrSPh5VS._SL1200_.jpg', 'https://m.media-amazon.com/images/I/71H15je9vqS._SL1200_.jpg', 'https://m.media-amazon.com/images/I/61kvAM7DT+S._SL1200_.jpg', 'https://m.media-amazon.com/images/I/710WD+rYlES._SL1200_.jpg'], 'large': ['https://m.media-amazon.com/images/I/517eW-cFvHS.jpg', 'https://m.media-amazon.com/images/I/51F5pfWTj2S.jpg', 'https://m.media-amazon.com/images/I/51e0pp6xlyS.jpg', 'https://m.media-amazon.com/images/I/419mmuZfVXS.jpg', 'https://m.media-amazon.com/images/I/51E-0Z1Y1GS.jpg', 'https://m.media-amazon.com/images/I/51xtadFls3S.jpg', 'https://m.media-amazon.com/images/I/517c+Tfd3FS.jpg', 'https://m.media-amazon.com/images/I/51JUwvXvvsS.jpg', 'https://m.media-amazon.com/images/I/517eW-cFvHS.jpg'], 'thumb': ['https://m.media-amazon.com/images/I/517eW-cFvHS._SS40_.jpg', 'https://m.media-amazon.com/images/I/51F5pfWTj2S._SS40_.jpg', 'https://m.media-amazon.com/images/I/51e0pp6xlyS._SS40_.jpg', 'https://m.media-amazon.com/images/I/419mmuZfVXS._SS40_.jpg', 'https://m.media-amazon.com/images/I/51E-0Z1Y1GS._SS40_.jpg', 'https://m.media-amazon.com/images/I/51xtadFls3S._SS40_.jpg', 'https://m.media-amazon.com/images/I/517c+Tfd3FS._SS40_.jpg', 'https://m.media-amazon.com/images/I/51JUwvXvvsS._SS40_.jpg', 'https://m.media-amazon.com/images/I/517eW-cFvHS._SS40_.jpg'], 'variant': ['MAIN', 'PT01', 'PT02', 'PT03', 'PT04', 'PT05', 'PT06', 'PT07', 'PT08']}","{'title': [], 'url': [], 'user_id': []}",Suptikes,,"Material: Pearl, Silk, Item Form: Scrunchie, Brand: Suptikes, Item Dimensions LxWxH: 5 x 5 x 0.7 inches, Hair Type: Curly, Product Dimensions: 5 x 5 x 0.7 inches; 7.2 Ounces, UPC: 760635003608",B07VQR3W3Z,,,,"Parent ASIN: B07VQR3W3Z; Title: Hair Scrunchies for women,Including 3 Pcs Long Silk Satin Hair Scarf & 3 Pcs Bunny Ear Scrunchies & 3 Pcs Elastic Hair Bands Scrunchy and 7Pcs Pearl Hair Clips,(16Pcs/9Colors); Author: *; Description: *; Features: * - Details: Material: Pearl, Silk, Item Form: Scrunchie, Brand: Suptikes, Item Dimensions LxWxH: 5 x 5 x 0.7 inches, Hair Type: Curly, Product Dimensions: 5 x 5 x 0.7 inches; 7.2 Ounces, UPC: 760635003608; Store: Store: Suptikes; Categories: *; Price: Price: None;"
All Beauty,"FASCY LAB GREEN+ Korean Sunscreen — SPF 50+PA++++, Daily Facial Sunscreen, Sun Cream With Patented Ingredients, Korean Spf, Korean Sun Cream for Face — Paraben Free [1 x 1.69 Fl.Oz.]",4.5,32,,,24.99,"{'hi_res': ['https://m.media-amazon.com/images/I/61sV18d94lL._SL1500_.jpg', 'https://m.media-amazon.com/images/I/81Nh2IhXFpL._SL1500_.jpg', 'https://m.media-amazon.com/images/I/71uDBG3oZuL._SL1500_.jpg', 'https://m.media-amazon.com/images/I/71KGbKlSE5L._SL1500_.jpg', 'https://m.media-amazon.com/images/I/71W00fStTvL._SL1500_.jpg', 'https://m.media-amazon.com/images/I/71YdUVWLGaL._SL1500_.jpg', 'https://m.media-amazon.com/images/I/71kItnUyx-L._SL1500_.jpg', 'https://m.media-amazon.com/images/I/71llWUggxOL._SL1500_.jpg', 'https://m.media-amazon.com/images/I/713EWNBb2OL._SL1500_.jpg'], 'large': ['https://m.media-amazon.com/images/I/31LdTIRIbwL.jpg', 'https://m.media-amazon.com/images/I/51ezbWUkMzL.jpg', 'https://m.media-amazon.com/images/I/41jXp1Wlr3L.jpg', 'https://m.media-amazon.com/images/I/41KHwA5JJHL.jpg', 'https://m.media-amazon.com/images/I/51IVwrE3akL.jpg', 'https://m.media-amazon.com/images/I/41JWRtOYopL.jpg', 'https://m.media-amazon.com/images/I/51Vdj8qrzcL.jpg', 'https://m.media-amazon.com/images/I/51yz8lN5PEL.jpg', 'https://m.media-amazon.com/images/I/51niOsaRyOL.jpg'], 'thumb': ['https://m.media-amazon.com/images/I/31LdTIRIbwL._SS40_.jpg', 'https://m.media-amazon.com/images/I/51ezbWUkMzL._SS40_.jpg', 'https://m.media-amazon.com/images/I/41jXp1Wlr3L._SS40_.jpg', 'https://m.media-amazon.com/images/I/41KHwA5JJHL._SS40_.jpg', 'https://m.media-amazon.com/images/I/51IVwrE3akL._SS40_.jpg', 'https://m.media-amazon.com/images/I/41JWRtOYopL._SS40_.jpg', 'https://m.media-amazon.com/images/I/51Vdj8qrzcL._SS40_.jpg', 'https://m.media-amazon.com/images/I/51yz8lN5PEL._SS40_.jpg', 'https://m.media-amazon.com/images/I/51niOsaRyOL._SS40_.jpg'], 'variant': ['MAIN', 'PT01', 'PT02', 'PT03', 'PT04', 'PT05', 'PT06', 'PT07', 'PT08']}","{'title': ['💓💞🌤️☀️🌡️🔥 Strong SPF Protection & Anti-aging Benefits in One🔥🌡️☀️☀️🌤️💞💓'], 'url': ['https://www.amazon.com/vdp/0ebfd18f25384ce5aafb808feeb0f37a?ref=dp_vse_rvc_0'], 'user_id': ['AHZCZPQEBR4WWDQUI2HR5UO6AFXQ']}",Fascy,,"Sun Protection: 50 SPF, Item Weight: 50 Milligrams, Number of Items: 1, Unit Count: 1.69 Fl Oz, Skin Type: Dry, Item model number: KC",B08NJ5BTWG,,,,"Parent ASIN: B08NJ5BTWG; Title: FASCY LAB GREEN+ Korean Sunscreen — SPF 50+PA++++, Daily Facial Sunscreen, Sun Cream With Patented Ingredients, Korean Spf, Korean Sun Cream for Face — Paraben Free [1 x 1.69 Fl.Oz.]; Author: *; Description: *; Features: * - Details: Sun Protection: 50 SPF, Item Weight: 50 Milligrams, Number of Items: 1, Unit Count: 1.69 Fl Oz, Skin Type: Dry, Item model number: KC; Store: Store: Fascy; Categories: *; Price: Price: 24.99;"
All Beauty,Purple Hair Mask for Blonde with Keratin & Jojoba Oil - Platinum & Silver Hair - Instantly Eliminate Brassiness & Yellows - Made in USA - Hair Toner - Bleached & Highlighted Hair - Sulfate Free - 8 oz,3.9,545,,,None,"{'hi_res': ['https://m.media-amazon.com/images/I/81BqWgi3CGL._SL1500_.jpg', 'https://m.media-amazon.com/images/I/814MrJEGwVL._SL1500_.jpg', 'https://m.media-amazon.com/images/I/91prepSeRjL._SL1500_.jpg', 'https://m.media-amazon.com/images/I/91StoeoOL1L._SL1500_.jpg', 'https://m.media-amazon.com/images/I/91bmKs4TN4L._SL1500_.jpg', 'https://m.media-amazon.com/images/I/91rV4kS99EL._SL1500_.jpg', 'https://m.media-amazon.com/images/I/81-O-KD8NsL._SL1500_.jpg'], 'large': ['https://m.media-amazon.com/images/I/511NfEoTc4L.jpg', 'https://m.media-amazon.com/images/I/51fmzq-3AFL.jpg', 'https://m.media-amazon.com/images/I/51EGO4zFpuL.jpg', 'https://m.media-amazon.com/images/I/514VzpqRZdL.jpg', 'https://m.media-amazon.com/images/I/51BDWykWbCL.jpg', 'https://m.media-amazon.com/images/I/51v088RKQLL.jpg', 'https://m.media-amazon.com/images/I/51kEC9Aq-6L.jpg'], 'thumb': ['https://m.media-amazon.com/images/I/511NfEoTc4L._SS40_.jpg', 'https://m.media-amazon.com/images/I/51fmzq-3AFL._SS40_.jpg', 'https://m.media-amazon.com/images/I/51EGO4zFpuL._SS40_.jpg', 'https://m.media-amazon.com/images/I/514VzpqRZdL._SS40_.jpg', 'https://m.media-amazon.com/images/I/51BDWykWbCL._SS40_.jpg', 'https://m.media-amazon.com/images/I/51v088RKQLL._SS40_.jpg', 'https://m.media-amazon.com/images/I/51kEC9Aq-6L._SS40_.jpg'], 'variant': ['MAIN', 'PT01', 'PT02', 'PT03', 'PT04', 'PT05', 'PT08']}","{'title': ['Amazing, silky hair on demand!!', 'Purple Hair Mask', 'Orange or Yellow Hair? Tired of Color Fading? Magical Mask', 'Nourishing Keratin Hair Mask from Vitamins Hair Cosmetics ', 'Magical Mask to Extend Color & COOL Tones', 'Happy, Shiny, Voluptuous Hair, Need I say More? Keratin Mask'], 'url': ['https://www.amazon.com/vdp/0fed839530424a2697743fb239e5d003?ref=dp_vse_rvc_0', 'https://www.amazon.com/vdp/5dc9be9f9144473eb5a9a348d33ba116?ref=dp_vse_rvc_1', 'https://www.amazon.com/vdp/52a1587d80cb4264a4175d79607013dd?ref=dp_vse_rvc_2', 'https://www.amazon.com/vdp/15104cbf81f34fb99d90c16ff87ca741?ref=dp_vse_rvc_3', 'https://www.amazon.com/vdp/63ac0f27d1c84ed9ba5fbb0d1d160168?ref=dp_vse_rvc_4', 'https://www.amazon.com/vdp/83d1cd7522e449d8aead51c331bf2d69?ref=dp_vse_rvc_5'], 'user_id': ['AGBGZCMQHRTFLETD6C6LS2IIBBEQ', '', '', '', '', '']}",WELLUTION,,"Brand: WELLUTION, Item Form: Oil, Material Feature: Natural, Hair Type: Damaged,Dry,Color-treated, Product Benefits: Hydrating Treatment, Package Dimensions: 3.07 x 2.9 x 2.8 inches; 8 Ounces, UPC: 749715278440",B089RLLT5C,,,,"Parent ASIN: B089RLLT5C; Title: Purple Hair Mask for Blonde with Keratin & Jojoba Oil - Platinum & Silver Hair - Instantly Eliminate Brassiness & Yellows - Made in USA - Hair Toner - Bleached & Highlighted Hair - Sulfate Free - 8 oz; Author: *; Description: *; Features: * - Details: Brand: WELLUTION, Item Form: Oil, Material Feature: Natural, Hair Type: Damaged,Dry,Color-treated, Product Benefits: Hydrating Treatment, Package Dimensions: 3.07 x 2.9 x 2.8 inches; 8 Ounces, UPC: 749715278440; Store: Store: WELLUTION; Categories: *; Price: Price: None;"
All Beauty,WIS Acne Skin Pleiotropic Conditioning Face Mask Acne Scar Remover & zit Treatment & Blemish Fightting & Reduce Pores | Organic Mask Care Acne Prone skin-24 Pcs,4.4,67,"'In fast-paced life, the skin is prone to fatigue. In the face of the screen for a long time, the skin is dry and lustrous, and the skin has a variety of problems.', Effectively improve the skin's water shortage, showing soft and smooth skin. Balance water and oil, help oil secretion without greasy. Give elastic elastic skin to raise water., 'Double Moisturizing Essence - Hydrolyzed collagen is easily absorbed by skin, promoting skin collagen composition, so that the skin is smooth and youth. Small molecule hyaluronic acid, penetrate into the skin, turn on moisturizing mode.', 'Natural oil - Barba Suse oil locks the skin moisture, bringing the skin aqueous feeling. Glycerin improved dryness, the skin reaches water oil balance.', 'Tencel mask sheet is more slim. 3D cut, fitment for face. 25g essence gives skin adequate nutrition'",,None,"{'hi_res': ['https://m.media-amazon.com/images/I/61wEi-nblHL._SL1000_.jpg', 'https://m.media-amazon.com/images/I/71yV5cbSq-L._SL1000_.jpg', 'https://m.media-amazon.com/images/I/61Qn8qP6mxL._SL1000_.jpg', 'https://m.media-amazon.com/images/I/61TAQF4HwwL._SL1000_.jpg', 'https://m.media-amazon.com/images/I/61Y0vaiSgvL._SL1000_.jpg', 'https://m.media-amazon.com/images/I/61wbPB03EaL._SL1200_.jpg', 'https://m.media-amazon.com/images/I/61U+7wBTv8L._SL1000_.jpg'], 'large': ['https://m.media-amazon.com/images/I/41BOeYU0BbL.jpg', 'https://m.media-amazon.com/images/I/51bASiDJq8L.jpg', 'https://m.media-amazon.com/images/I/41iiX5BhK-L.jpg', 'https://m.media-amazon.com/images/I/51MLynATBFL.jpg', 'https://m.media-amazon.com/images/I/51uUXv7R1oL.jpg', 'https://m.media-amazon.com/images/I/410F0fVlwzL.jpg', 'https://m.media-amazon.com/images/I/51wcGabkmSL.jpg'], 'thumb': ['https://m.media-amazon.com/images/I/41BOeYU0BbL._SS40_.jpg', 'https://m.media-amazon.com/images/I/51bASiDJq8L._SS40_.jpg', 'https://m.media-amazon.com/images/I/41iiX5BhK-L._SS40_.jpg', 'https://m.media-amazon.com/images/I/51MLynATBFL._SS40_.jpg', 'https://m.media-amazon.com/images/I/51uUXv7R1oL._SS40_.jpg', 'https://m.media-amazon.com/images/I/410F0fVlwzL._SS40_.jpg', 'https://m.media-amazon.com/images/I/51wcGabkmSL._SS40_.jpg'], 'variant': ['MAIN', 'PT01', 'PT02', 'PT03', 'PT04', 'PT05', 'PT06']}","{'title': ['WIS Acne Treatment Facial Mask Skin Care ', 'WIS Skin Care', '+WIS+ Hyaluronic Acid Essence 24 Sheet Mask Review', 'Honest Review For +WIS+ Hyaluronic Acid Essence 24 Sheet Mask with Aloe Vera, Vitamin B5, Hydrating'], 'url': ['https://www.amazon.com/vdp/01457005a3ea456fb8ac60c8ca5bf799?ref=dp_vse_rvc_0', 'https://www.amazon.com/vdp/e67047b8eaa249018e8bbd95c68dcaf1?ref=dp_vse_rvc_1', 'https://www.amazon.com/vdp/0797a354a4c542e7a47edb2f9e88f9d9?ref=dp_vse_rvc_2', 'https://www.amazon.com/vdp/05c9332e8bd544d2a3199dbb486f0fe5?ref=dp_vse_rvc_3'], 'user_id': ['', '', '/shop/krismeyergirl', '/shop/influencer-65210b85']}",+WIS+,,"Brand: +WIS+, Item Form: Sheet, Product Benefits: Moisturizing, Scent: Aloe Vera, Skin Type: Acne Prone, Is Discontinued By Manufacturer: No, Package Dimensions: 8.07 x 4.61 x 3.66 inches; 1.83 Pounds",B07T4LKC4D,,,,"Parent ASIN: B07T4LKC4D; Title: WIS Acne Skin Pleiotropic Conditioning Face Mask Acne Scar Remover & zit Treatment & Blemish Fightting & Reduce Pores | Organic Mask Care Acne Prone skin-24 Pcs; Author: *; Description: *; Features: Features: 'In fast-paced life, the skin is prone to fatigue. In the face of the screen for a long time, the skin is dry and lustrous, and the skin has a variety of problems.', Effectively improve the skin's water shortage, showing soft and smooth skin. Balance water and oil, help oil secretion without greasy. Give elastic elastic skin to raise water., 'Double Moisturizing Essence - Hydrolyzed collagen is easily absorbed by skin, promoting skin collagen composition, so that the skin is smooth and youth. Small molecule hyaluronic acid, penetrate into the skin, turn on moisturizing mode.', 'Natural oil - Barba Suse oil locks the skin moisture, bringing the skin aqueous feeling. Glycerin improved dryness, the skin reaches water oil balance.', 'Tencel mask sheet is more slim. 3D cut, fitment for face. 25g essence gives skin adequate nutrition' - Details: Brand: +WIS+, Item Form: Sheet, Product Benefits: Moisturizing, Scent: Aloe Vera, Skin Type: Acne Prone, Is Discontinued By Manufacturer: No, Package Dimensions: 8.07 x 4.61 x 3.66 inches; 1.83 Pounds; Store: Store: +WIS+; Categories: *; Price: Price: None;"
All Beauty,"360 Lazy Susan Makeup Organizer, Rotating Bathroom Shelves Countertop Carousel Organizer Cosmetic Storage, Crystal Clear",4.6,214,,,None,"{'hi_res': ['https://m.media-amazon.com/images/I/71K1j+HFvrL._SL1500_.jpg', 'https://m.media-amazon.com/images/I/715HIZMpQiL._SL1006_.jpg', 'https://m.media-amazon.com/images/I/61Kczh4lmfL._SL1200_.jpg', 'https://m.media-amazon.com/images/I/71gBadAfPmL._SL1000_.jpg', 'https://m.media-amazon.com/images/I/71kKDbEb40L._SL1006_.jpg', 'https://m.media-amazon.com/images/I/71+ed46atZL._SL1500_.jpg', 'https://m.media-amazon.com/images/I/71RmBgf3-WL._SL1500_.jpg', 'https://m.media-amazon.com/images/I/71tB-rZUHoL._SL1500_.jpg', 'https://m.media-amazon.com/images/I/71ACL3msTDL._SL1500_.jpg'], 'large': ['https://m.media-amazon.com/images/I/5174kWBsglL.jpg', 'https://m.media-amazon.com/images/I/517sL76UeBL.jpg', 'https://m.media-amazon.com/images/I/51tCGMjeroL.jpg', 'https://m.media-amazon.com/images/I/51tpP5+hKcL.jpg', 'https://m.media-amazon.com/images/I/51q0PF13u6L.jpg', 'https://m.media-amazon.com/images/I/51rv0cssItL.jpg', 'https://m.media-amazon.com/images/I/51kvILTfM6L.jpg', 'https://m.media-amazon.com/images/I/41q4cITCMxL.jpg', 'https://m.media-amazon.com/images/I/41kWje+oEKL.jpg'], 'thumb': ['https://m.media-amazon.com/images/I/5174kWBsglL._SS40_.jpg', 'https://m.media-amazon.com/images/I/517sL76UeBL._SS40_.jpg', 'https://m.media-amazon.com/images/I/51tCGMjeroL._SS40_.jpg', 'https://m.media-amazon.com/images/I/51tpP5+hKcL._SS40_.jpg', 'https://m.media-amazon.com/images/I/51q0PF13u6L._SS40_.jpg', 'https://m.media-amazon.com/images/I/51rv0cssItL._SS40_.jpg', 'https://m.media-amazon.com/images/I/51kvILTfM6L._SS40_.jpg', 'https://m.media-amazon.com/images/I/41q4cITCMxL._SS40_.jpg', 'https://m.media-amazon.com/images/I/41kWje+oEKL._SS40_.jpg'], 'variant': ['MAIN', 'PT01', 'PT02', 'PT03', 'PT04', 'PT05', 'PT06', 'PT07', 'PT08']}","{'title': ['💋 BIG BEAUTY OR CRAFT OR SPICE ORGANIZER💋', '360 Lazy Susan Makeup Organizer, Clear', 'It’s Capability is In The Dozens', 'Holds an absolute TON!', 'Vanity Organization #vanity #founditonamazon', 'Makeup 3 level organizer', ""Wow I'm Obsessed with this Organizer!"", 'Absolutely love this ', 'Miserwe Makeup Organizer 360 Degree Rotation', 'Put all your makeup products on here '], 'url': ['https://www.amazon.com/vdp/255c88cb16174b58abf86dcf35faecbc?ref=dp_vse_rvc_0', 'https://www.amazon.com/vdp/806ce93156284c2aa4d17acd87cf0219?ref=dp_vse_rvc_1', 'https://www.amazon.com/vdp/6ec3facc70294b43b7e965b68c917b8b?ref=dp_vse_rvc_2', 'https://www.amazon.com/vdp/d0466585ab4e4cbf80c2c554b9b2d2ef?ref=dp_vse_rvc_3', 'https://www.amazon.com/vdp/0bc79de697cd443d834226a9201d2bbf?ref=dp_vse_rvc_4', 'https://www.amazon.com/vdp/0526bd480edd477eb312d77fa1038c55?ref=dp_vse_rvc_5', 'https://www.amazon.com/vdp/08f1f547a6da4833a4c4759a1c9f404c?ref=dp_vse_rvc_6', 'https://www.amazon.com/vdp/057b905fec7747d3849739dd23ccca2c?ref=dp_vse_rvc_7', 'https://www.amazon.com/vdp/0bb774350a7d4c2c94af675cd198dc82?ref=dp_vse_rvc_8', 'https://www.amazon.com/vdp/040811d5eed94d9dbaedb28cb14a353d?ref=dp_vse_rvc_9'], 'user_id': ['AE4TX7TPODSSRJG7SYTXX7DAHJ5Q', '', 'AHV6HOVIJUVZ2ZETJDA7KXFOOW6A', 'AEEPQRQCZ76OYON7INBFKM3JDGNA', '/shop/influencer-8dacc8ac', '/shop/the_realestatequeen', '/shop/jstbeingsuki', '/shop/influencer-b867e02f', '', '/shop/influencer-ce54e070']}",sanipoe,,"Mounting Type Tabletop Mount: , : Item Weight 0.3 Pounds, Special Feature: 360 Rotation, Brand: Sanipoe, Unit Count: 1.00 Count, Package Type: Standard Packaging, Number of Items: 1, Is Discontinued By Manufacturer: No, Product Dimensions: 60 x 48 x 36 inches; 4.8 Ounces, Item model number: EK-ZSyxhezi-190412-BK-FA, UPC: 745695305398",B07X8W7GJZ,,,,"Parent ASIN: B07X8W7GJZ; Title: 360 Lazy Susan Makeup Organizer, Rotating Bathroom Shelves Countertop Carousel Organizer Cosmetic Storage, Crystal Clear; Author: *; Description: *; Features: * - Details: Mounting Type Tabletop Mount: , : Item Weight 0.3 Pounds, Special Feature: 360 Rotation, Brand: Sanipoe, Unit Count: 1.00 Count, Package Type: Standard Packaging, Number of Items: 1, Is Discontinued By Manufacturer: No, Product Dimensions: 60 x 48 x 36 inches; 4.8 Ounces, Item model number: EK-ZSyxhezi-190412-BK-FA, UPC: 745695305398; Store: Store: sanipoe; Categories: *; Price: Price: None;"
All Beauty,"Sand & Sky Face Roller & Massager Tool. Aussie Skincare Essentials Firming Face Roller, Sculpt, Sooth & Contour to Banish Puffiness and Boost Serum Absorption.",4.8,26,"'Our Firming Face Roller replicates a gentle fingertip massage to help ease muscle tension and banish puffiness.', 'The twin rollers will boost the benefits and absorption of your favourite serums.', 'Pop on your favourite serum, face oil, or moisturiser. Gently move the roller in upwards, sweeping motions, from the centre of your chin across your cheekbones.', 'epeat daily, for 5-10 minutes, to simply roll your way to a sculpted, radiant and makeup-free contoured complexion.', 'To amp up the cooling and depuffing benefits, place your Firming Face Roller in the fridge before rolling.'",,None,"{'hi_res': ['https://m.media-amazon.com/images/I/61spHGNNMOL._SL1500_.jpg', 'https://m.media-amazon.com/images/I/71lmrg3FOnL._SL1500_.jpg', 'https://m.media-amazon.com/images/I/81Y0h1OTbNL._SL1500_.jpg', 'https://m.media-amazon.com/images/I/81W98ZNNlZL._SL1500_.jpg', 'https://m.media-amazon.com/images/I/81J96gCGkmL._SL1500_.jpg', 'https://m.media-amazon.com/images/I/81yNhcBFomL._SL1500_.jpg', 'https://m.media-amazon.com/images/I/71znG1P8GwL._SL1500_.jpg'], 'large': ['https://m.media-amazon.com/images/I/31C23BHaPVL.jpg', 'https://m.media-amazon.com/images/I/41uwKqY0w2L.jpg', 'https://m.media-amazon.com/images/I/51KYL5oRiuL.jpg', 'https://m.media-amazon.com/images/I/51c1QdKF2uL.jpg', 'https://m.media-amazon.com/images/I/51U21C-ePwL.jpg', 'https://m.media-amazon.com/images/I/51WtFukvAvL.jpg', 'https://m.media-amazon.com/images/I/41A9uM9iUJL.jpg'], 'thumb': ['https://m.media-amazon.com/images/I/31C23BHaPVL._SS40_.jpg', 'https://m.media-amazon.com/images/I/41uwKqY0w2L._SS40_.jpg', 'https://m.media-amazon.com/images/I/51KYL5oRiuL._SS40_.jpg', 'https://m.media-amazon.com/images/I/51c1QdKF2uL._SS40_.jpg', 'https://m.media-amazon.com/images/I/51U21C-ePwL._SS40_.jpg', 'https://m.media-amazon.com/images/I/51WtFukvAvL._SS40_.jpg', 'https://m.media-amazon.com/images/I/41A9uM9iUJL._SS40_.jpg'], 'variant': ['MAIN', 'PT01', 'PT02', 'PT03', 'PT04', 'PT05', 'PT06']}","{'title': [], 'url': [], 'user_id': []}",Sand & Sky,,"Package Dimensions: 8.19 x 6.46 x 2.95 inches; 9.35 Ounces, Manufacturer: Sand & Sky",B08RYN11N9,,,,"Parent ASIN: B08RYN11N9; Title: Sand & Sky Face Roller & Massager Tool. Aussie Skincare Essentials Firming Face Roller, Sculpt, Sooth & Contour to Banish Puffiness and Boost Serum Absorption.; Author: *; Description: *; Features: Features: 'Our Firming Face Roller replicates a gentle fingertip massage to help ease muscle tension and banish puffiness.', 'The twin rollers will boost the benefits and absorption of your favourite serums.', 'Pop on your favourite serum, face oil, or moisturiser. Gently move the roller in upwards, sweeping motions, from the centre of your chin across your cheekbones.', 'epeat daily, for 5-10 minutes, to simply roll your way to a sculpted, radiant and makeup-free contoured complexion.', 'To amp up the cooling and depuffing benefits, place your Firming Face Roller in the fridge before rolling.' - Details: Package Dimensions: 8.19 x 6.46 x 2.95 inches; 9.35 Ounces, Manufacturer: Sand & Sky; Store: Store: Sand & Sky; Categories: *; Price: Price: None;"
All Beauty,"12 Sheets 3D Iridescent Butterfly Nail Art Stickers for Fingernail Toenail, Self-Adhesive Butterfly Nail Decals, Holographic Glittery Butterfly Nail Decorations for Women Girls",3.9,42,,,None,"{'hi_res': [None, 'https://m.media-amazon.com/images/I/61XHu0M+uJL._SL1000_.jpg', 'https://m.media-amazon.com/images/I/71q-PRLvN8L._SL1000_.jpg', 'https://m.media-amazon.com/images/I/713kxaHCVoL._SL1000_.jpg', 'https://m.media-amazon.com/images/I/71ciZ3yw8YL._SL1000_.jpg', 'https://m.media-amazon.com/images/I/61QCzzdFO0L._SL1000_.jpg', 'https://m.media-amazon.com/images/I/71lr0AWVSTL._SL1000_.jpg'], 'large': ['https://m.media-amazon.com/images/I/616qORzFBBL.jpg', 'https://m.media-amazon.com/images/I/51dtDGvbUjL.jpg', 'https://m.media-amazon.com/images/I/611d+7q2rqL.jpg', 'https://m.media-amazon.com/images/I/6126FeV4AjL.jpg', 'https://m.media-amazon.com/images/I/61AsMQYSRIL.jpg', 'https://m.media-amazon.com/images/I/51Tl6xuCqLL.jpg', 'https://m.media-amazon.com/images/I/51dJ+yVv+8L.jpg'], 'thumb': ['https://m.media-amazon.com/images/I/616qORzFBBL._SS40_.jpg', 'https://m.media-amazon.com/images/I/51dtDGvbUjL._SS40_.jpg', 'https://m.media-amazon.com/images/I/611d+7q2rqL._SS40_.jpg', 'https://m.media-amazon.com/images/I/6126FeV4AjL._SS40_.jpg', 'https://m.media-amazon.com/images/I/61AsMQYSRIL._SS40_.jpg', 'https://m.media-amazon.com/images/I/51Tl6xuCqLL._SS40_.jpg', 'https://m.media-amazon.com/images/I/51dJ+yVv+8L._SS40_.jpg'], 'variant': ['MAIN', 'PT01', 'PT02', 'PT03', 'PT04', 'PT05', 'PT06']}","{'title': [], 'url': [], 'user_id': []}",RUUKON,,"Surface Recommendation nail: , : Shape Irregular, Installation Type Self-Adhesive: , Brand: RUUKON, Room Type: Anywhere, Theme: Butterflies,Butterfly, Number of Pieces: 12, Style: Floral, Age Range (Description): Adult, Reusability: Single Use, Item Form: Sheet, Pattern: Insect, Unit Count: 12.00 Count, Package Dimensions: 5.19 x 3.22 x 0.27 inches; 0.81 Ounces, UPC: 704129514447",B08JZD8HN4,,,,"Parent ASIN: B08JZD8HN4; Title: 12 Sheets 3D Iridescent Butterfly Nail Art Stickers for Fingernail Toenail, Self-Adhesive Butterfly Nail Decals, Holographic Glittery Butterfly Nail Decorations for Women Girls; Author: *; Description: *; Features: * - Details: Surface Recommendation nail: , : Shape Irregular, Installation Type Self-Adhesive: , Brand: RUUKON, Room Type: Anywhere, Theme: Butterflies,Butterfly, Number of Pieces: 12, Style: Floral, Age Range (Description): Adult, Reusability: Single Use, Item Form: Sheet, Pattern: Insect, Unit Count: 12.00 Count, Package Dimensions: 5.19 x 3.22 x 0.27 inches; 0.81 Ounces, UPC: 704129514447; Store: Store: RUUKON; Categories: *; Price: Price: None;"
All Beauty,Bodyguard Moisturizing Immunity Soap 6pk | 7 Essential Oils Clinically Evaluated to Boost Immunity and Protect | Moisturizes with Sweet Almond Oil | Healthy PH for Skin Microbiome,4.0,51,,,None,"{'hi_res': ['https://m.media-amazon.com/images/I/81wzvmLaPbL._SL1500_.jpg', 'https://m.media-amazon.com/images/I/71YEqi1odtL._SL1500_.jpg', 'https://m.media-amazon.com/images/I/61ynOCpW3GL._SL1500_.jpg', None, 'https://m.media-amazon.com/images/I/71BME-GYYBL._SL1500_.jpg', None, 'https://m.media-amazon.com/images/I/91psRDtXV9L._SL1500_.jpg', 'https://m.media-amazon.com/images/I/71YXn4A0hfL._SL1500_.jpg'], 'large': ['https://m.media-amazon.com/images/I/41fu-Y57eGL.jpg', 'https://m.media-amazon.com/images/I/41qu5Hgd0lL.jpg', 'https://m.media-amazon.com/images/I/41AE+g6LaVL.jpg', 'https://m.media-amazon.com/images/I/41WME9Z0cRL.jpg', 'https://m.media-amazon.com/images/I/51RmVeG7fQL.jpg', 'https://m.media-amazon.com/images/I/311e4KbsN7L.jpg', 'https://m.media-amazon.com/images/I/41ACr7g0HUL.jpg', 'https://m.media-amazon.com/images/I/31xJcJdpLjL.jpg'], 'thumb': ['https://m.media-amazon.com/images/I/41fu-Y57eGL._SS40_.jpg', 'https://m.media-amazon.com/images/I/41qu5Hgd0lL._SS40_.jpg', 'https://m.media-amazon.com/images/I/41AE+g6LaVL._SS40_.jpg', 'https://m.media-amazon.com/images/I/41WME9Z0cRL._SS40_.jpg', 'https://m.media-amazon.com/images/I/51RmVeG7fQL._SS40_.jpg', 'https://m.media-amazon.com/images/I/311e4KbsN7L._SS40_.jpg', 'https://m.media-amazon.com/images/I/41ACr7g0HUL._SS40_.jpg', 'https://m.media-amazon.com/images/I/31xJcJdpLjL._SS40_.jpg'], 'variant': ['MAIN', 'PT01', 'PT02', 'PT03', 'PT04', 'PT05', 'PT06', 'PT07']}","{'title': [], 'url': [], 'user_id': []}",Spa-Da,,"Item Form: Oil, Skin Type: Dry, Brand: Spa-Da, Scent: Cinnamon, Age Range (Description): Adult, Package Dimensions: 8 x 3.3 x 2 inches; 7.2 Ounces, UPC: 860003618998",B086TS3BKQ,,,,"Parent ASIN: B086TS3BKQ; Title: Bodyguard Moisturizing Immunity Soap 6pk | 7 Essential Oils Clinically Evaluated to Boost Immunity and Protect | Moisturizes with Sweet Almond Oil | Healthy PH for Skin Microbiome; Author: *; Description: *; Features: * - Details: Item Form: Oil, Skin Type: Dry, Brand: Spa-Da, Scent: Cinnamon, Age Range (Description): Adult, Package Dimensions: 8 x 3.3 x 2 inches; 7.2 Ounces, UPC: 860003618998; Store: Store: Spa-Da; Categories: *; Price: Price: None;"
All Beauty,MainBasics Headband with Buttons for Face Masks (Gray),3.7,125,,,None,"{'hi_res': ['https://m.media-amazon.com/images/I/71-AVBmqljL._SL1500_.jpg', 'https://m.media-amazon.com/images/I/91Dr2YbqYLL._SL1500_.jpg', 'https://m.media-amazon.com/images/I/91v11hP3elL._SL1500_.jpg', 'https://m.media-amazon.com/images/I/817MbMzBIFL._SL1500_.jpg', 'https://m.media-amazon.com/images/I/71kjA7CBpWL._SL1500_.jpg', 'https://m.media-amazon.com/images/I/41hmISm6uNL._SL1079_.jpg'], 'large': ['https://m.media-amazon.com/images/I/41ieGiDgASL.jpg', 'https://m.media-amazon.com/images/I/51sBqg-4yVL.jpg', 'https://m.media-amazon.com/images/I/61lxps6O2gL.jpg', 'https://m.media-amazon.com/images/I/415eBPQK4aL.jpg', 'https://m.media-amazon.com/images/I/41LNPHz02kL.jpg', 'https://m.media-amazon.com/images/I/31KlwaVoIQL.jpg'], 'thumb': ['https://m.media-amazon.com/images/I/41ieGiDgASL._SS40_.jpg', 'https://m.media-amazon.com/images/I/51sBqg-4yVL._SS40_.jpg', 'https://m.media-amazon.com/images/I/61lxps6O2gL._SS40_.jpg', 'https://m.media-amazon.com/images/I/415eBPQK4aL._SS40_.jpg', 'https://m.media-amazon.com/images/I/41LNPHz02kL._SS40_.jpg', 'https://m.media-amazon.com/images/I/31KlwaVoIQL._SS40_.jpg'], 'variant': ['MAIN', 'PT01', 'PT02', 'PT03', 'PT04', 'PT05']}","{'title': [], 'url': [], 'user_id': []}",MainBasics,,"Number of Items: 1, Brand: MainBasics, Unit Count: 1.00 Count, Package Dimensions: 9.5 x 3.5 x 0.3 inches; 0.81 Ounces, UPC: 790887351233",B088FBNQXW,,,,"Parent ASIN: B088FBNQXW; Title: MainBasics Headband with Buttons for Face Masks (Gray); Author: *; Description: *; Features: * - Details: Number of Items: 1, Brand: MainBasics, Unit Count: 1.00 Count, Package Dimensions: 9.5 x 3.5 x 0.3 inches; 0.81 Ounces, UPC: 790887351233; Store: Store: MainBasics; Categories: *; Price: Price: None;"
All Beauty,"WIS Hyaluronic Acid Facial Masks for Women Anti Aging, Moisturizing for All Skin Type 24 Pcs Sheet Mask, Daily Skin Care",4.1,31,,,None,"{'hi_res': ['https://m.media-amazon.com/images/I/517IjUohWZL._SL1000_.jpg', 'https://m.media-amazon.com/images/I/61VO-37HxEL._SL1000_.jpg', 'https://m.media-amazon.com/images/I/61dTWD+MTRL._SL1000_.jpg', 'https://m.media-amazon.com/images/I/61ouDJxfruL._SL1000_.jpg', 'https://m.media-amazon.com/images/I/61lZmS8GOfL._SL1000_.jpg', 'https://m.media-amazon.com/images/I/51WyEOP0CbL._SL1000_.jpg', 'https://m.media-amazon.com/images/I/61Zt5vsnB8L._SL1000_.jpg', None, 'https://m.media-amazon.com/images/I/616fSOmVOBL._SL1000_.jpg'], 'large': ['https://m.media-amazon.com/images/I/31BqNadpPtL.jpg', 'https://m.media-amazon.com/images/I/41BCGmLu-pL.jpg', 'https://m.media-amazon.com/images/I/51T52dmp26L.jpg', 'https://m.media-amazon.com/images/I/410TE87JfDL.jpg', 'https://m.media-amazon.com/images/I/41-PRrZbaRL.jpg', 'https://m.media-amazon.com/images/I/41nBdHGCv0L.jpg', 'https://m.media-amazon.com/images/I/51X17kdkIrL.jpg', 'https://m.media-amazon.com/images/I/51p+madi-5L.jpg', 'https://m.media-amazon.com/images/I/516sHM3newL.jpg'], 'thumb': ['https://m.media-amazon.com/images/I/31BqNadpPtL._SS40_.jpg', 'https://m.media-amazon.com/images/I/41BCGmLu-pL._SS40_.jpg', 'https://m.media-amazon.com/images/I/51T52dmp26L._SS40_.jpg', 'https://m.media-amazon.com/images/I/410TE87JfDL._SS40_.jpg', 'https://m.media-amazon.com/images/I/41-PRrZbaRL._SS40_.jpg', 'https://m.media-amazon.com/images/I/41nBdHGCv0L._SS40_.jpg', 'https://m.media-amazon.com/images/I/51X17kdkIrL._SS40_.jpg', 'https://m.media-amazon.com/images/I/51p+madi-5L._SS40_.jpg', 'https://m.media-amazon.com/images/I/516sHM3newL._SS40_.jpg'], 'variant': ['MAIN', 'PT01', 'PT02', 'PT03', 'PT04', 'PT05', 'PT06', 'PT07', 'PT08']}","{'title': ['WIS Skin Care'], 'url': ['https://www.amazon.com/vdp/e67047b8eaa249018e8bbd95c68dcaf1?ref=dp_vse_rvc_0'], 'user_id': ['']}",+WIS+,,"Brand: +WIS+, Item Form: Mask, Product Benefits: Moisturizing, Scent: Hyaluronic Acid, Skin Type: All, Package Dimensions: 6.18 x 5.04 x 4.13 inches; 1.83 Pounds",B08XZDXTG2,,,,"Parent ASIN: B08XZDXTG2; Title: WIS Hyaluronic Acid Facial Masks for Women Anti Aging, Moisturizing for All Skin Type 24 Pcs Sheet Mask, Daily Skin Care; Author: *; Description: *; Features: * - Details: Brand: +WIS+, Item Form: Mask, Product Benefits: Moisturizing, Scent: Hyaluronic Acid, Skin Type: All, Package Dimensions: 6.18 x 5.04 x 4.13 inches; 1.83 Pounds; Store: Store: +WIS+; Categories: *; Price: Price: None;"
All Beauty,Purple Shampoo and Conditioner Set - Blonde Shampoo - Made in USA - Purple Hair Silver Shampoo - Hair Toner Shampoo & Conditioner for Brassy Hair - Purple Toning Shampoo & Overtone Conditioner,3.7,56,,,None,"{'hi_res': ['https://m.media-amazon.com/images/I/61AIfblzl6L._SL1280_.jpg', 'https://m.media-amazon.com/images/I/71mY9VwpTFL._SL1280_.jpg', 'https://m.media-amazon.com/images/I/91XGkSpfhXL._SL1500_.jpg', 'https://m.media-amazon.com/images/I/71y79xcL3oL._SL1280_.jpg', 'https://m.media-amazon.com/images/I/71Nkj1xo5LL._SL1280_.jpg', 'https://m.media-amazon.com/images/I/91h3bEz955L._SL1500_.jpg'], 'large': ['https://m.media-amazon.com/images/I/414R3b3tfQL.jpg', 'https://m.media-amazon.com/images/I/51dkcvnNL9L.jpg', 'https://m.media-amazon.com/images/I/51U4a4giPSL.jpg', 'https://m.media-amazon.com/images/I/51ET4Cik9JL.jpg', 'https://m.media-amazon.com/images/I/51h8w3fQBEL.jpg', 'https://m.media-amazon.com/images/I/51KhFMv5U7L.jpg'], 'thumb': ['https://m.media-amazon.com/images/I/414R3b3tfQL._SS40_.jpg', 'https://m.media-amazon.com/images/I/51dkcvnNL9L._SS40_.jpg', 'https://m.media-amazon.com/images/I/51U4a4giPSL._SS40_.jpg', 'https://m.media-amazon.com/images/I/51ET4Cik9JL._SS40_.jpg', 'https://m.media-amazon.com/images/I/51h8w3fQBEL._SS40_.jpg', 'https://m.media-amazon.com/images/I/51KhFMv5U7L._SS40_.jpg'], 'variant': ['MAIN', 'PT01', 'PT02', 'PT03', 'PT04', 'PT05']}","{'title': ['Jhirmack Silver Brightening Shampoo Review', 'Purple Shampoo Review ', 'Watch before buying this set!', 'Purple shampoo and conditioner', 'What you need to know before buying this set!'], 'url': ['https://www.amazon.com/vdp/0feb5d18f4d345bdb22b6557cbb2d75a?ref=dp_vse_rvc_0', 'https://www.amazon.com/vdp/057ce777de7744ccb62a776571b6c1bd?ref=dp_vse_rvc_1', 'https://www.amazon.com/vdp/04fdf189918f42c282229235b0d0ca1d?ref=dp_vse_rvc_2', 'https://www.amazon.com/vdp/05cef6402c1a4dae98dfeadb00a37d78?ref=dp_vse_rvc_3', 'https://www.amazon.com/vdp/01ea72e8b215413786ad5f2cb27559b7?ref=dp_vse_rvc_4'], 'user_id': ['/shop/grantspicks', '/shop/merrburytiels', '/shop/acourtofthoughtsquestions', '', '/shop/acourtofthoughtsquestions']}",WELLUTION,,"Product Benefits: Hydrating,Shine,Nourishing, Brand: WELLUTION, Hair Type: Curly, Scent: Natural, Number of Items: 2, Package Dimensions: 7.5 x 3.8 x 2 inches; 1.2 Pounds, UPC: 749715278457",B08GMC48QF,,,,"Parent ASIN: B08GMC48QF; Title: Purple Shampoo and Conditioner Set - Blonde Shampoo - Made in USA - Purple Hair Silver Shampoo - Hair Toner Shampoo & Conditioner for Brassy Hair - Purple Toning Shampoo & Overtone Conditioner; Author: *; Description: *; Features: * - Details: Product Benefits: Hydrating,Shine,Nourishing, Brand: WELLUTION, Hair Type: Curly, Scent: Natural, Number of Items: 2, Package Dimensions: 7.5 x 3.8 x 2 inches; 1.2 Pounds, UPC: 749715278457; Store: Store: WELLUTION; Categories: *; Price: Price: None;"
All Beauty,"Spanature Lavender Hand & Body Lotion Travel Size Selection 4 Pack, Relaxing and Revitalizing Moisturizer for Rough and Dry Skin, Nourishing and Gentle for All Skin Types, Made In Korea - 75 ml/2.53oz",4.1,42,,,None,"{'hi_res': ['https://m.media-amazon.com/images/I/61nKtH97RzL._SL1500_.jpg', 'https://m.media-amazon.com/images/I/51W3BocHr1L._SL1500_.jpg', 'https://m.media-amazon.com/images/I/61j-mwRyQTL._SL1500_.jpg', 'https://m.media-amazon.com/images/I/71JZOLLiDTL._SL1500_.jpg', 'https://m.media-amazon.com/images/I/61hQLAGYHcL._SL1500_.jpg'], 'large': ['https://m.media-amazon.com/images/I/419nMP+8GxL.jpg', 'https://m.media-amazon.com/images/I/31eyWQjIj6L.jpg', 'https://m.media-amazon.com/images/I/317Nr2UkL8L.jpg', 'https://m.media-amazon.com/images/I/51htpJPbvkL.jpg', 'https://m.media-amazon.com/images/I/41tiigNWDEL.jpg'], 'thumb': ['https://m.media-amazon.com/images/I/419nMP+8GxL._SS40_.jpg', 'https://m.media-amazon.com/images/I/31eyWQjIj6L._SS40_.jpg', 'https://m.media-amazon.com/images/I/317Nr2UkL8L._SS40_.jpg', 'https://m.media-amazon.com/images/I/51htpJPbvkL._SS40_.jpg', 'https://m.media-amazon.com/images/I/41tiigNWDEL._SS40_.jpg'], 'variant': ['MAIN', 'PT01', 'PT02', 'PT03', 'PT04']}","{'title': [], 'url': [], 'user_id': []}",Spanature,,"Brand: Spanature, Scent: Lavender, Item Form: Lotion, Unit Count: 4.00 Count, Number of Items: 4, Package Dimensions: 5.08 x 4.29 x 2.91 inches; 1.06 Pounds, UPC: 088234470592",B08LPJT4MT,,,,"Parent ASIN: B08LPJT4MT; Title: Spanature Lavender Hand & Body Lotion Travel Size Selection 4 Pack, Relaxing and Revitalizing Moisturizer for Rough and Dry Skin, Nourishing and Gentle for All Skin Types, Made In Korea - 75 ml/2.53oz; Author: *; Description: *; Features: * - Details: Brand: Spanature, Scent: Lavender, Item Form: Lotion, Unit Count: 4.00 Count, Number of Items: 4, Package Dimensions: 5.08 x 4.29 x 2.91 inches; 1.06 Pounds, UPC: 088234470592; Store: Store: Spanature; Categories: *; Price: Price: None;"
All Beauty,LeiCare Tweezers Precision 2-Pack - Stainless Steel Slant Tweezers for Ingrown Hair – Professional Tweezer Set with Slanted Tips for Eyebrows and Splinter Removal - Eyebrow Plucker Kit,4.3,128,,,None,"{'hi_res': ['https://m.media-amazon.com/images/I/71uf78D7xCL._SL1500_.jpg', 'https://m.media-amazon.com/images/I/71hWyCkFBmL._SL1500_.jpg', 'https://m.media-amazon.com/images/I/711YVXrJW5L._SL1500_.jpg', 'https://m.media-amazon.com/images/I/613tQSA-TJL._SL1500_.jpg', 'https://m.media-amazon.com/images/I/613n25XP+xL._SL1500_.jpg', 'https://m.media-amazon.com/images/I/61+50K-5zkL._SL1500_.jpg', 'https://m.media-amazon.com/images/I/61HHeVGKCdL._SL1500_.jpg'], 'large': ['https://m.media-amazon.com/images/I/418IuXKPl0L.jpg', 'https://m.media-amazon.com/images/I/41lqqEYGoQL.jpg', 'https://m.media-amazon.com/images/I/41CosMHr8mL.jpg', 'https://m.media-amazon.com/images/I/31GCJYeOMVL.jpg', 'https://m.media-amazon.com/images/I/31HH5JOI10L.jpg', 'https://m.media-amazon.com/images/I/41GuCEdXSOL.jpg', 'https://m.media-amazon.com/images/I/41FvednTuxL.jpg'], 'thumb': ['https://m.media-amazon.com/images/I/418IuXKPl0L._SS40_.jpg', 'https://m.media-amazon.com/images/I/41lqqEYGoQL._SS40_.jpg', 'https://m.media-amazon.com/images/I/41CosMHr8mL._SS40_.jpg', 'https://m.media-amazon.com/images/I/31GCJYeOMVL._SS40_.jpg', 'https://m.media-amazon.com/images/I/31HH5JOI10L._SS40_.jpg', 'https://m.media-amazon.com/images/I/41GuCEdXSOL._SS40_.jpg', 'https://m.media-amazon.com/images/I/41FvednTuxL._SS40_.jpg'], 'variant': ['MAIN', 'PT01', 'PT02', 'PT03', 'PT04', 'PT05', 'PT06']}","{'title': ['Nice quality, I got them because they are easy to see.  The box the come in is a nice surprise'], 'url': ['https://www.amazon.com/vdp/830757ce48454554a48ea366affd7b6d?ref=dp_vse_rvc_0'], 'user_id': ['AFK4NH6MTDEVXXE5EB4KWKGKALEA']}",LeiCare,,Product Dimensions: 3.74 x 0.39 x 0.18 inches; 3.17 Ounces,B08BLX72TP,,,,Parent ASIN: B08BLX72TP; Title: LeiCare Tweezers Precision 2-Pack - Stainless Steel Slant Tweezers for Ingrown Hair – Professional Tweezer Set with Slanted Tips for Eyebrows and Splinter Removal - Eyebrow Plucker Kit; Author: *; Description: *; Features: * - Details: Product Dimensions: 3.74 x 0.39 x 0.18 inches; 3.17 Ounces; Store: Store: LeiCare; Categories: *; Price: Price: None;
All Beauty,"Nail Polish Gel Remover Tools Kit for Women with Nail Clip Caps, Nail File, Nail Remover Cotton Pads,Brush, 2-in-1 Cuticle Scraper and Pusher, Nail Separator",4.0,40,,,None,"{'hi_res': ['https://m.media-amazon.com/images/I/71fj9uJ7wwL._SL1500_.jpg', 'https://m.media-amazon.com/images/I/61WokGlOZCL._SL1000_.jpg', 'https://m.media-amazon.com/images/I/71HC9ddqA9L._SL1000_.jpg', 'https://m.media-amazon.com/images/I/61byaBpLnUL._SL1000_.jpg', 'https://m.media-amazon.com/images/I/612sh65Zk+L._SL1000_.jpg', 'https://m.media-amazon.com/images/I/61Cs0br2EvL._SL1000_.jpg', 'https://m.media-amazon.com/images/I/71sCHZB9fqL._SL1000_.jpg'], 'large': ['https://m.media-amazon.com/images/I/416OJ-cGGcL.jpg', 'https://m.media-amazon.com/images/I/517pIMhOrOL.jpg', 'https://m.media-amazon.com/images/I/5133Wi1yHAL.jpg', 'https://m.media-amazon.com/images/I/51WBMZMpfnL.jpg', 'https://m.media-amazon.com/images/I/41z1nqsWORL.jpg', 'https://m.media-amazon.com/images/I/41YtjS-6t6L.jpg', 'https://m.media-amazon.com/images/I/513B+A06kqL.jpg'], 'thumb': ['https://m.media-amazon.com/images/I/416OJ-cGGcL._SS40_.jpg', 'https://m.media-amazon.com/images/I/517pIMhOrOL._SS40_.jpg', 'https://m.media-amazon.com/images/I/5133Wi1yHAL._SS40_.jpg', 'https://m.media-amazon.com/images/I/51WBMZMpfnL._SS40_.jpg', 'https://m.media-amazon.com/images/I/41z1nqsWORL._SS40_.jpg', 'https://m.media-amazon.com/images/I/41YtjS-6t6L._SS40_.jpg', 'https://m.media-amazon.com/images/I/513B+A06kqL._SS40_.jpg'], 'variant': ['MAIN', 'PT01', 'PT02', 'PT03', 'PT04', 'PT05', 'PT06']}","{'title': [], 'url': [], 'user_id': []}",Lahien,,"Brand: Lahien, Item Form: Pad, Unit Count: 5.2911 Ounce, Package Dimensions: 7.99 x 5.82 x 1.69 inches; 4.16 Ounces, UPC: 782910194573",B08CZ5JZMZ,,,,"Parent ASIN: B08CZ5JZMZ; Title: Nail Polish Gel Remover Tools Kit for Women with Nail Clip Caps, Nail File, Nail Remover Cotton Pads,Brush, 2-in-1 Cuticle Scraper and Pusher, Nail Separator; Author: *; Description: *; Features: * - Details: Brand: Lahien, Item Form: Pad, Unit Count: 5.2911 Ounce, Package Dimensions: 7.99 x 5.82 x 1.69 inches; 4.16 Ounces, UPC: 782910194573; Store: Store: Lahien; Categories: *; Price: Price: None;"
All Beauty,YsesoAi 28 Pcs Hair Curlers Spiral Curls No Heat Wave Hair Curlers Styling Kit Spiral Hair Curlers Magic Hair Rollers with 2 Pieces Styling Hooks for Most Kinds of Hairstyles (20 cm/ 7.8 inches),3.2,131,,,None,"{'hi_res': ['https://m.media-amazon.com/images/I/81mBrc2NEaL._SL1500_.jpg', 'https://m.media-amazon.com/images/I/816exLOw+tL._SL1500_.jpg', 'https://m.media-amazon.com/images/I/81DsnrDqe+L._SL1500_.jpg', 'https://m.media-amazon.com/images/I/710wcLhMS+L._SL1500_.jpg', 'https://m.media-amazon.com/images/I/81A1uvj3l4L._SL1500_.jpg', 'https://m.media-amazon.com/images/I/81wwrE9GhfL._SL1500_.jpg', 'https://m.media-amazon.com/images/I/81bcPbv+ZoL._SL1500_.jpg'], 'large': ['https://m.media-amazon.com/images/I/51X2jX3FCiL.jpg', 'https://m.media-amazon.com/images/I/51w9Z+hNuJL.jpg', 'https://m.media-amazon.com/images/I/51Kg4Dp9oCL.jpg', 'https://m.media-amazon.com/images/I/51s-CZmm9kL.jpg', 'https://m.media-amazon.com/images/I/612Kn8csVUL.jpg', 'https://m.media-amazon.com/images/I/51GFEaQtqaL.jpg', 'https://m.media-amazon.com/images/I/516vlnMS2IL.jpg'], 'thumb': ['https://m.media-amazon.com/images/I/51X2jX3FCiL._SS40_.jpg', 'https://m.media-amazon.com/images/I/51w9Z+hNuJL._SS40_.jpg', 'https://m.media-amazon.com/images/I/51Kg4Dp9oCL._SS40_.jpg', 'https://m.media-amazon.com/images/I/51s-CZmm9kL._SS40_.jpg', 'https://m.media-amazon.com/images/I/612Kn8csVUL._SS40_.jpg', 'https://m.media-amazon.com/images/I/51GFEaQtqaL._SS40_.jpg', 'https://m.media-amazon.com/images/I/516vlnMS2IL._SS40_.jpg'], 'variant': ['MAIN', 'PT01', 'PT02', 'PT03', 'PT04', 'PT05', 'PT06']}","{'title': [], 'url': [], 'user_id': []}",YsesoAi,,"Hair Type: Curly, Brand: YsesoAi, Color: Pink, Blue, Ivory, Yellow, Green, Item Dimensions LxWxH: 1.5 x 1.7 x 1.1 inches, Unit Count: 1.00 Count, Product Dimensions: 1.5 x 1.7 x 1.1 inches; 6.38 Ounces, UPC: 745895771436",B08BLKFGND,,,,"Parent ASIN: B08BLKFGND; Title: YsesoAi 28 Pcs Hair Curlers Spiral Curls No Heat Wave Hair Curlers Styling Kit Spiral Hair Curlers Magic Hair Rollers with 2 Pieces Styling Hooks for Most Kinds of Hairstyles (20 cm/ 7.8 inches); Author: *; Description: *; Features: * - Details: Hair Type: Curly, Brand: YsesoAi, Color: Pink, Blue, Ivory, Yellow, Green, Item Dimensions LxWxH: 1.5 x 1.7 x 1.1 inches, Unit Count: 1.00 Count, Product Dimensions: 1.5 x 1.7 x 1.1 inches; 6.38 Ounces, UPC: 745895771436; Store: Store: YsesoAi; Categories: *; Price: Price: None;"
All Beauty,"LANGE HAIR Extendé Conditioning Detangler Hair Spray - Paraben Free Leave-in Conditioner Spray, Detangles and Hydrates Hair, Moisture & Shine | 4OZ",4.2,232,"'EXTENDÉ LEAVE IN FORTIFYING DETANGLER - If growing long, strong hair is your goal, Extendé it! Help your brushes glide through knots and tangles with ease.'",,16.8,"{'hi_res': ['https://m.media-amazon.com/images/I/41VdbtIfJhL._SL1500_.jpg', 'https://m.media-amazon.com/images/I/71zDSK+qNUL._SL1001_.jpg', 'https://m.media-amazon.com/images/I/71Yl1pwdGkL._SL1001_.jpg', 'https://m.media-amazon.com/images/I/717CZJ2FD+L._SL1001_.jpg', 'https://m.media-amazon.com/images/I/61iGu-ia0cL._SL1001_.jpg'], 'large': ['https://m.media-amazon.com/images/I/21LsNqX+06L.jpg', 'https://m.media-amazon.com/images/I/51S6XokCqcL.jpg', 'https://m.media-amazon.com/images/I/5161jhH1OCL.jpg', 'https://m.media-amazon.com/images/I/51UzlBWNahL.jpg', 'https://m.media-amazon.com/images/I/51B2xnRUt3L.jpg'], 'thumb': ['https://m.media-amazon.com/images/I/21LsNqX+06L._SS40_.jpg', 'https://m.media-amazon.com/images/I/51S6XokCqcL._SS40_.jpg', 'https://m.media-amazon.com/images/I/5161jhH1OCL._SS40_.jpg', 'https://m.media-amazon.com/images/I/51UzlBWNahL._SS40_.jpg', 'https://m.media-amazon.com/images/I/51B2xnRUt3L._SS40_.jpg'], 'variant': ['MAIN', 'PT01', 'PT02', 'PT03', 'PT05']}","{'title': ['LANGE HAIR Extende Conditioning Detangler Hair Spray', ""L'ange Hair Products"", 'The Oil Serum - Features & Highlights', 'Slicke Blowout Smooth Conditioner', 'Is this Shampoo Worth it?!', ""Our Point of View on L'ange Hair Masks"", 'Love love love', 'My secret to glossy expensive looking hair- Glass Spray', 'L’ange Hair Rejuvenate Keratin Recovery Treatment Spray', 'Lange Hair - Violet Purple Toning Shampoo'], 'url': ['https://www.amazon.com/vdp/bce7652703ac41c7879fa7cb6809cfa4?ref=dp_vse_rvc_0', 'https://www.amazon.com/vdp/e71a663050ca4eb89ff30442af279686?ref=dp_vse_rvc_1', 'https://www.amazon.com/vdp/08e8c79a08fd47829ef4cafc6c4f9f00?ref=dp_vse_rvc_2', 'https://www.amazon.com/vdp/c23de7fcfad44bdeb2be6ca8ffb712a7?ref=dp_vse_rvc_3', 'https://www.amazon.com/vdp/0d29ee18415844379a2a7f865c790939?ref=dp_vse_rvc_4', 'https://www.amazon.com/vdp/028e93d01f5d42bf985c32842e22eae7?ref=dp_vse_rvc_5', 'https://www.amazon.com/vdp/0109ffd2044848a89051156dfca76383?ref=dp_vse_rvc_6', 'https://www.amazon.com/vdp/0cfbf7cd13c942639272c2ff26aeb94a?ref=dp_vse_rvc_7', 'https://www.amazon.com/vdp/0008595569e54899b9fff894cc0ea588?ref=dp_vse_rvc_8', 'https://www.amazon.com/vdp/b157fa41d3914eadbfbce2c7ff8eb10d?ref=dp_vse_rvc_9'], 'user_id': ['', '', '', '', '/shop/mel_robbins_motivation', '/shop/influencer-20a38664', '/shop/beautywithkeryn_', '/shop/danielledunlop', '', '']}",,,"Item Form: Liquid, Material Feature: Paraben Free, Hair Type: Curly, Dry, Product Benefits: Helps protect color and reinforces strands, leaving them strong and vibrant, Age Range (Description): Adult, Package Dimensions: 6.5 x 1.4 x 1.4 inches; 4 Ounces, UPC: 793150592708",B07THLR7RR,,,,"Parent ASIN: B07THLR7RR; Title: LANGE HAIR Extendé Conditioning Detangler Hair Spray - Paraben Free Leave-in Conditioner Spray, Detangles and Hydrates Hair, Moisture & Shine | 4OZ; Author: *; Description: *; Features: Features: 'EXTENDÉ LEAVE IN FORTIFYING DETANGLER - If growing long, strong hair is your goal, Extendé it! Help your brushes glide through knots and tangles with ease.' - Details: Item Form: Liquid, Material Feature: Paraben Free, Hair Type: Curly, Dry, Product Benefits: Helps protect color and reinforces strands, leaving them strong and vibrant, Age Range (Description): Adult, Package Dimensions: 6.5 x 1.4 x 1.4 inches; 4 Ounces, UPC: 793150592708; Store: *; Categories: *; Price: Price: 16.8;"
Premium Beauty,AG Care Natural Remedy Apple Cider Vinegar Leave On Mist,4.4,265,,,21.0,"{'hi_res': ['https://m.media-amazon.com/images/I/61e+4OTh6nL._SL1500_.jpg', 'https://m.media-amazon.com/images/I/71C6Xlx09jL._SL1500_.jpg', None], 'large': ['https://m.media-amazon.com/images/I/31oLN+uIjjL.jpg', 'https://m.media-amazon.com/images/I/31K3o3+f+YL.jpg', 'https://m.media-amazon.com/images/I/51IgNaPHIHL.jpg'], 'thumb': ['https://m.media-amazon.com/images/I/31oLN+uIjjL._SX38_SY50_CR,0,0,38,50_.jpg', 'https://m.media-amazon.com/images/I/31K3o3+f+YL._SX38_SY50_CR,0,0,38,50_.jpg', 'https://m.media-amazon.com/images/I/51IgNaPHIHL._SX38_SY50_CR,0,0,38,50_.jpg'], 'variant': ['MAIN', 'PT01', 'INGR']}","{'title': [], 'url': [], 'user_id': []}",,,"Brand: AG Care, Item Form: Spray, Material Feature: Plant Based, Vegan, Hair Type: All, Color Treated, Product Benefits: Gently cleanses and seals cuticle to enhance shine. Superfoods and apple cider vinegar support soft, healthy hair.Gently cleanses and seals cuticle to enhance shine. Superfoods and apple cider vinegar support soft, healthy hair. See more, Product Dimensions: 1.75 x 1.75 x 6 inches; 6.14 Ounces, Item model number: 100150, UPC: 625336002391, Manufacturer: AG Hair, Country of Origin: Canada",B0BG6WX4DH,,,,"Parent ASIN: B0BG6WX4DH; Title: AG Care Natural Remedy Apple Cider Vinegar Leave On Mist; Author: *; Description: *; Features: * - Details: Brand: AG Care, Item Form: Spray, Material Feature: Plant Based, Vegan, Hair Type: All, Color Treated, Product Benefits: Gently cleanses and seals cuticle to enhance shine. Superfoods and apple cider vinegar support soft, healthy hair.Gently cleanses and seals cuticle to enhance shine. Superfoods and apple cider vinegar support soft, healthy hair. See more, Product Dimensions: 1.75 x 1.75 x 6 inches; 6.14 Ounces, Item model number: 100150, UPC: 625336002391, Manufacturer: AG Hair, Country of Origin: Canada; Store: *; Categories: *; Price: Price: 21.0;"
Premium Beauty,"Embryolisse Eau de Beaute Rosamelis Face Toner, 6.76 Fl Oz",3.4,28,,,None,"{'hi_res': ['https://m.media-amazon.com/images/I/51ZjT-uhXVL._SL1000_.jpg', 'https://m.media-amazon.com/images/I/51MMvTqss+L._SL1000_.jpg', 'https://m.media-amazon.com/images/I/617VUZvy9vL._SL1000_.jpg'], 'large': ['https://m.media-amazon.com/images/I/31pb1b+HkWL.jpg', 'https://m.media-amazon.com/images/I/314z7kK+cyL.jpg', 'https://m.media-amazon.com/images/I/41i6P+A59sL.jpg'], 'thumb': ['https://m.media-amazon.com/images/I/31pb1b+HkWL._SX38_SY50_CR,0,0,38,50_.jpg', 'https://m.media-amazon.com/images/I/314z7kK+cyL._SX38_SY50_CR,0,0,38,50_.jpg', 'https://m.media-amazon.com/images/I/41i6P+A59sL._SX38_SY50_CR,0,0,38,50_.jpg'], 'variant': ['MAIN', 'PT01', 'PT02']}","{'title': [], 'url': [], 'user_id': []}",,,"Is Discontinued By Manufacturer: No, Product Dimensions: 1.85 x 2.76 x 7.44 inches; 8.11 Ounces, Item model number: 501000, Manufacturer: Embryolisse",B00TK0VV68,,,,"Parent ASIN: B00TK0VV68; Title: Embryolisse Eau de Beaute Rosamelis Face Toner, 6.76 Fl Oz; Author: *; Description: *; Features: * - Details: Is Discontinued By Manufacturer: No, Product Dimensions: 1.85 x 2.76 x 7.44 inches; 8.11 Ounces, Item model number: 501000, Manufacturer: Embryolisse; Store: *; Categories: *; Price: Price: None;"
All Beauty,"BQAN 2 Pieces Wax Pencil for Rhinestones, Dual-ended Rhinestone Picker Dotting Tool, Wax Pen for DIY Nail Art, Rhinestone Gems Crystals Studs Picker With Pink Acrylic Handle (Pink & Pink)",4.2,19,,,None,"{'hi_res': ['https://m.media-amazon.com/images/I/61Vm85qv6ZL._SL1500_.jpg', 'https://m.media-amazon.com/images/I/61HRDVKJh7S._SL1500_.jpg', 'https://m.media-amazon.com/images/I/71uc+5X4kBS._SL1500_.jpg', 'https://m.media-amazon.com/images/I/71F4AAViYNL._SL1500_.jpg', 'https://m.media-amazon.com/images/I/61C5Fyxl9dL._SL1500_.jpg', 'https://m.media-amazon.com/images/I/61c23q1XHzL._SL1500_.jpg', 'https://m.media-amazon.com/images/I/61TzQhqgFjL._SL1500_.jpg', 'https://m.media-amazon.com/images/I/71XXpkigRtL._SL1500_.jpg', 'https://m.media-amazon.com/images/I/61RGL+UBCVL._SL1500_.jpg'], 'large': ['https://m.media-amazon.com/images/I/419Fejvg9DL.jpg', 'https://m.media-amazon.com/images/I/410u6fx-2QS.jpg', 'https://m.media-amazon.com/images/I/410+FZBIEyS.jpg', 'https://m.media-amazon.com/images/I/41Sg5JEsNeL.jpg', 'https://m.media-amazon.com/images/I/41oYdB5pBJL.jpg', 'https://m.media-amazon.com/images/I/41ylKOQRFGL.jpg', 'https://m.media-amazon.com/images/I/41GkMZ6bubL.jpg', 'https://m.media-amazon.com/images/I/51Nh1Pb8fSL.jpg', 'https://m.media-amazon.com/images/I/41Hy1mt0jCL.jpg'], 'thumb': ['https://m.media-amazon.com/images/I/419Fejvg9DL._SS40_.jpg', 'https://m.media-amazon.com/images/I/410u6fx-2QS._SS40_.jpg', 'https://m.media-amazon.com/images/I/410+FZBIEyS._SS40_.jpg', 'https://m.media-amazon.com/images/I/41Sg5JEsNeL._SS40_.jpg', 'https://m.media-amazon.com/images/I/41oYdB5pBJL._SS40_.jpg', 'https://m.media-amazon.com/images/I/41ylKOQRFGL._SS40_.jpg', 'https://m.media-amazon.com/images/I/41GkMZ6bubL._SS40_.jpg', 'https://m.media-amazon.com/images/I/51Nh1Pb8fSL._SS40_.jpg', 'https://m.media-amazon.com/images/I/41Hy1mt0jCL._SS40_.jpg'], 'variant': ['MAIN', 'PT01', 'PT02', 'PT03', 'PT04', 'PT05', 'PT06', 'PT07', 'PT08']}","{'title': ['Really nice'], 'url': ['https://www.amazon.com/vdp/00e99501aec447ae857c1f8c9115367a?ref=dp_vse_rvc_0'], 'user_id': ['AG5JPFPLKQYO7MQEZ63VM7HSNPGQ']}",BQAN,,"Package Dimensions: 7.6 x 3.54 x 1.46 inches; 2.89 Ounces, UPC: 710050098918",B093H28PD4,,,,"Parent ASIN: B093H28PD4; Title: BQAN 2 Pieces Wax Pencil for Rhinestones, Dual-ended Rhinestone Picker Dotting Tool, Wax Pen for DIY Nail Art, Rhinestone Gems Crystals Studs Picker With Pink Acrylic Handle (Pink & Pink); Author: *; Description: *; Features: * - Details: Package Dimensions: 7.6 x 3.54 x 1.46 inches; 2.89 Ounces, UPC: 710050098918; Store: Store: BQAN; Categories: *; Price: Price: None;"
All Beauty,"Headbands for Woman Pearls Headbands,Logiverl 2PCS Pearls Headband Elegant Hair Clip Hairpins Headwear Barrette Styling Tools Accessories for Christmas Gift",4.4,20,,,None,"{'hi_res': ['https://m.media-amazon.com/images/I/718ubQusvjL._SL1500_.jpg', 'https://m.media-amazon.com/images/I/71-Y7lMFAvL._SL1500_.jpg', 'https://m.media-amazon.com/images/I/81sb-B08KIL._SL1500_.jpg', 'https://m.media-amazon.com/images/I/71Iezvjsp7L._SL1500_.jpg', 'https://m.media-amazon.com/images/I/71+vFyFPM7L._SL1500_.jpg', 'https://m.media-amazon.com/images/I/7127e8tMaJL._SL1500_.jpg'], 'large': ['https://m.media-amazon.com/images/I/51jkSlN63BL.jpg', 'https://m.media-amazon.com/images/I/41xPsYppsdL.jpg', 'https://m.media-amazon.com/images/I/51Us6pnd3oL.jpg', 'https://m.media-amazon.com/images/I/51boYkVCuWL.jpg', 'https://m.media-amazon.com/images/I/41KDgvDMLKL.jpg', 'https://m.media-amazon.com/images/I/5164od49wCL.jpg'], 'thumb': ['https://m.media-amazon.com/images/I/51jkSlN63BL._SS40_.jpg', 'https://m.media-amazon.com/images/I/41xPsYppsdL._SS40_.jpg', 'https://m.media-amazon.com/images/I/51Us6pnd3oL._SS40_.jpg', 'https://m.media-amazon.com/images/I/51boYkVCuWL._SS40_.jpg', 'https://m.media-amazon.com/images/I/41KDgvDMLKL._SS40_.jpg', 'https://m.media-amazon.com/images/I/5164od49wCL._SS40_.jpg'], 'variant': ['MAIN', 'PT01', 'PT02', 'PT03', 'PT04', 'PT05']}","{'title': [], 'url': [], 'user_id': []}",Logiverl,,"Age Range (Description): Adult, Material: velvet, Fabric Type: Velvet, Number of Items: 2, Brand: Logiverl, Package Dimensions: 7.6 x 5.3 x 1.3 inches; 3.21 Ounces, UPC: 682365963406",B07YV9J2YZ,,,,"Parent ASIN: B07YV9J2YZ; Title: Headbands for Woman Pearls Headbands,Logiverl 2PCS Pearls Headband Elegant Hair Clip Hairpins Headwear Barrette Styling Tools Accessories for Christmas Gift; Author: *; Description: *; Features: * - Details: Age Range (Description): Adult, Material: velvet, Fabric Type: Velvet, Number of Items: 2, Brand: Logiverl, Package Dimensions: 7.6 x 5.3 x 1.3 inches; 3.21 Ounces, UPC: 682365963406; Store: Store: Logiverl; Categories: *; Price: Price: None;"
All Beauty,"Sdara Aloe Vera Gel For Face and Body - Organic & Natural, Soothing & Cooling For Sunburn Relief, Restorative For Dry Skin - Made In USA",3.8,30,,,None,"{'hi_res': ['https://m.media-amazon.com/images/I/61sKSZNRwAL._SL1500_.jpg', 'https://m.media-amazon.com/images/I/71fpEAVpW0L._SL1500_.jpg', 'https://m.media-amazon.com/images/I/71Cem1Gx2GL._SL1500_.jpg', 'https://m.media-amazon.com/images/I/61bvdo-51PL._SL1500_.jpg', 'https://m.media-amazon.com/images/I/71k-PDvcEKL._SL1500_.jpg', 'https://m.media-amazon.com/images/I/71Idt8ccNoL._SL1500_.jpg', 'https://m.media-amazon.com/images/I/616vcv-XVxL._SL1500_.jpg'], 'large': ['https://m.media-amazon.com/images/I/31e7lmwOCDL.jpg', 'https://m.media-amazon.com/images/I/51TDLWJH68L.jpg', 'https://m.media-amazon.com/images/I/51LBI2H-PNL.jpg', 'https://m.media-amazon.com/images/I/41XJsd8PjHL.jpg', 'https://m.media-amazon.com/images/I/41znyjv4kuL.jpg', 'https://m.media-amazon.com/images/I/51Iap9OUgFL.jpg', 'https://m.media-amazon.com/images/I/41hBbzRxClL.jpg'], 'thumb': ['https://m.media-amazon.com/images/I/31e7lmwOCDL._SS40_.jpg', 'https://m.media-amazon.com/images/I/51TDLWJH68L._SS40_.jpg', 'https://m.media-amazon.com/images/I/51LBI2H-PNL._SS40_.jpg', 'https://m.media-amazon.com/images/I/41XJsd8PjHL._SS40_.jpg', 'https://m.media-amazon.com/images/I/41znyjv4kuL._SS40_.jpg', 'https://m.media-amazon.com/images/I/51Iap9OUgFL._SS40_.jpg', 'https://m.media-amazon.com/images/I/41hBbzRxClL._SS40_.jpg'], 'variant': ['MAIN', 'PT01', 'PT02', 'PT03', 'PT04', 'PT05', 'PT06']}","{'title': ['Breaking Down Mineral Sunscreen With Gretchen '], 'url': ['https://www.amazon.com/vdp/55fb92d856464e5c883c3e4d69e94936?ref=dp_vse_rvc_0'], 'user_id': ['']}",Sdara Skincare,,"Brand: Sdara Skincare, Scent: Aloe Vera, Item Form: Gel, Unit Count: 1.00 Count, Number of Items: 1, Package Dimensions: 4.9 x 2.3 x 1.3 inches; 9.59 Ounces, UPC: 707486993085",B08879N2W3,,,,"Parent ASIN: B08879N2W3; Title: Sdara Aloe Vera Gel For Face and Body - Organic & Natural, Soothing & Cooling For Sunburn Relief, Restorative For Dry Skin - Made In USA; Author: *; Description: *; Features: * - Details: Brand: Sdara Skincare, Scent: Aloe Vera, Item Form: Gel, Unit Count: 1.00 Count, Number of Items: 1, Package Dimensions: 4.9 x 2.3 x 1.3 inches; 9.59 Ounces, UPC: 707486993085; Store: Store: Sdara Skincare; Categories: *; Price: Price: None;"
All Beauty,9 Pack Headbands Set -Messen Fashion Velvet Wide Hairband with Pearl Knitted Floral Fabric Cute Elegant Vintage Cross Knot Turban Elastic Hair Hoop Headwrap for Women Girls Hair Accessories,4.3,57,,,None,"{'hi_res': ['https://m.media-amazon.com/images/I/61AVVTIh9IL._SL1060_.jpg', 'https://m.media-amazon.com/images/I/61kvrWcBIpL._SL1060_.jpg', 'https://m.media-amazon.com/images/I/615JiWY24eL._SL1060_.jpg', 'https://m.media-amazon.com/images/I/6110GDL4K0L._SL1060_.jpg', 'https://m.media-amazon.com/images/I/61MEmfkFySL._SL1060_.jpg', 'https://m.media-amazon.com/images/I/61d05JkMT5L._SL1060_.jpg', 'https://m.media-amazon.com/images/I/71RGM1kP+3L._SL1060_.jpg', 'https://m.media-amazon.com/images/I/71JwFIdkeTL._SL1060_.jpg', 'https://m.media-amazon.com/images/I/71cGsMKsurL._SL1060_.jpg'], 'large': ['https://m.media-amazon.com/images/I/5189JNZUUGL.jpg', 'https://m.media-amazon.com/images/I/5135JgLl0OL.jpg', 'https://m.media-amazon.com/images/I/5180iGvikfL.jpg', 'https://m.media-amazon.com/images/I/51XcO7j0qAL.jpg', 'https://m.media-amazon.com/images/I/41NgydfSh-L.jpg', 'https://m.media-amazon.com/images/I/41HVFRvUNsL.jpg', 'https://m.media-amazon.com/images/I/519jinJU7ZL.jpg', 'https://m.media-amazon.com/images/I/516HUSMerbL.jpg', 'https://m.media-amazon.com/images/I/51KTe11PmIL.jpg'], 'thumb': ['https://m.media-amazon.com/images/I/5189JNZUUGL._SS40_.jpg', 'https://m.media-amazon.com/images/I/5135JgLl0OL._SS40_.jpg', 'https://m.media-amazon.com/images/I/5180iGvikfL._SS40_.jpg', 'https://m.media-amazon.com/images/I/51XcO7j0qAL._SS40_.jpg', 'https://m.media-amazon.com/images/I/41NgydfSh-L._SS40_.jpg', 'https://m.media-amazon.com/images/I/41HVFRvUNsL._SS40_.jpg', 'https://m.media-amazon.com/images/I/519jinJU7ZL._SS40_.jpg', 'https://m.media-amazon.com/images/I/516HUSMerbL._SS40_.jpg', 'https://m.media-amazon.com/images/I/51KTe11PmIL._SS40_.jpg'], 'variant': ['MAIN', 'PT01', 'PT02', 'PT03', 'PT04', 'PT05', 'PT06', 'PT07', 'PT08']}","{'title': [], 'url': [], 'user_id': []}",Messen,,Package Dimensions: 10.8 x 6.6 x 2.1 inches; 14.07 Ounces,B0837K9W6P,,,,Parent ASIN: B0837K9W6P; Title: 9 Pack Headbands Set -Messen Fashion Velvet Wide Hairband with Pearl Knitted Floral Fabric Cute Elegant Vintage Cross Knot Turban Elastic Hair Hoop Headwrap for Women Girls Hair Accessories; Author: *; Description: *; Features: * - Details: Package Dimensions: 10.8 x 6.6 x 2.1 inches; 14.07 Ounces; Store: Store: Messen; Categories: *; Price: Price: None;
All Beauty,"Rancco Dried Flower Buds Fragrant Petals Ball, 10 Kinds Natural Organic Flowers Ball, Premium Grade Dried Blooming Flower Tea Balls for Tea, Baking or Bath Bombs",3.1,81,,,None,"{'hi_res': ['https://m.media-amazon.com/images/I/81-R4v61P3L._SL1500_.jpg', 'https://m.media-amazon.com/images/I/81IZ7GVBUIL._SL1500_.jpg', 'https://m.media-amazon.com/images/I/717dmQs804L._SL1500_.jpg', 'https://m.media-amazon.com/images/I/81d88XUq2QL._SL1500_.jpg', 'https://m.media-amazon.com/images/I/81s6+PRb7ZL._SL1500_.jpg', 'https://m.media-amazon.com/images/I/71hUaskr3sL._SL1500_.jpg', 'https://m.media-amazon.com/images/I/71LJcT1ATHL._SL1500_.jpg'], 'large': ['https://m.media-amazon.com/images/I/517Ss4uZpkL.jpg', 'https://m.media-amazon.com/images/I/51x3iXcGH-L.jpg', 'https://m.media-amazon.com/images/I/5139ED-RpNL.jpg', 'https://m.media-amazon.com/images/I/51WyjAlC+9L.jpg', 'https://m.media-amazon.com/images/I/61qehBYD7SL.jpg', 'https://m.media-amazon.com/images/I/51lZxVkiP5L.jpg', 'https://m.media-amazon.com/images/I/51H8iYvfxxL.jpg'], 'thumb': ['https://m.media-amazon.com/images/I/517Ss4uZpkL._SS40_.jpg', 'https://m.media-amazon.com/images/I/51x3iXcGH-L._SS40_.jpg', 'https://m.media-amazon.com/images/I/5139ED-RpNL._SS40_.jpg', 'https://m.media-amazon.com/images/I/51WyjAlC+9L._SS40_.jpg', 'https://m.media-amazon.com/images/I/61qehBYD7SL._SS40_.jpg', 'https://m.media-amazon.com/images/I/51lZxVkiP5L._SS40_.jpg', 'https://m.media-amazon.com/images/I/51H8iYvfxxL._SS40_.jpg'], 'variant': ['MAIN', 'PT01', 'PT02', 'PT03', 'PT04', 'PT05', 'PT06']}","{'title': [], 'url': [], 'user_id': []}",Rancco,,"Brand: Rancco, Scent: Honey, Rose, Lily, Material Feature: Vegan, Unit Count: 10.00 Count, Number of Items: 10, Package Dimensions: 9.49 x 6.26 x 1.1 inches; 3.88 Ounces",B08KT7FCYY,,,,"Parent ASIN: B08KT7FCYY; Title: Rancco Dried Flower Buds Fragrant Petals Ball, 10 Kinds Natural Organic Flowers Ball, Premium Grade Dried Blooming Flower Tea Balls for Tea, Baking or Bath Bombs; Author: *; Description: *; Features: * - Details: Brand: Rancco, Scent: Honey, Rose, Lily, Material Feature: Vegan, Unit Count: 10.00 Count, Number of Items: 10, Package Dimensions: 9.49 x 6.26 x 1.1 inches; 3.88 Ounces; Store: Store: Rancco; Categories: *; Price: Price: None;"
All Beauty,"CESTLV Bamboo Charcoal Toothbrush + Toothpaste Kit (10 Pack Bulk), Hotel Amenities for Guest & Travel, BPA Free, Individually Boxed Dental Kits, Recyclable",4.1,50,,,None,"{'hi_res': ['https://m.media-amazon.com/images/I/91NhFratMiL._SL1500_.jpg', 'https://m.media-amazon.com/images/I/71VA-gUSZRL._SL1500_.jpg', 'https://m.media-amazon.com/images/I/71Dt1Nk1PQL._SL1500_.jpg', 'https://m.media-amazon.com/images/I/81fAWUqeY0L._SL1500_.jpg', 'https://m.media-amazon.com/images/I/81RgSPH9OSL._SL1500_.jpg', 'https://m.media-amazon.com/images/I/71KbAIdRXtL._SL1500_.jpg', 'https://m.media-amazon.com/images/I/81XmrLNg0PL._SL1500_.jpg'], 'large': ['https://m.media-amazon.com/images/I/51aqRtRKMCL.jpg', 'https://m.media-amazon.com/images/I/31xmAv14BEL.jpg', 'https://m.media-amazon.com/images/I/31RL2uZvNqL.jpg', 'https://m.media-amazon.com/images/I/41877FjZrOL.jpg', 'https://m.media-amazon.com/images/I/41cnDI9ON7L.jpg', 'https://m.media-amazon.com/images/I/41dJKDDbV-L.jpg', 'https://m.media-amazon.com/images/I/41aAKiCvsbL.jpg'], 'thumb': ['https://m.media-amazon.com/images/I/51aqRtRKMCL._SS40_.jpg', 'https://m.media-amazon.com/images/I/31xmAv14BEL._SS40_.jpg', 'https://m.media-amazon.com/images/I/31RL2uZvNqL._SS40_.jpg', 'https://m.media-amazon.com/images/I/41877FjZrOL._SS40_.jpg', 'https://m.media-amazon.com/images/I/41cnDI9ON7L._SS40_.jpg', 'https://m.media-amazon.com/images/I/41dJKDDbV-L._SS40_.jpg', 'https://m.media-amazon.com/images/I/41aAKiCvsbL._SS40_.jpg'], 'variant': ['MAIN', 'PT01', 'PT02', 'PT03', 'PT04', 'PT05', 'PT06']}","{'title': [""C'est La Vie - Luxury Hotel & Guest Amenities ""], 'url': ['https://www.amazon.com/vdp/6e2fe535e01e4afb9644aa288a4a3ed9?ref=dp_vse_rvc_0'], 'user_id': ['']}",C'est La Vie,,"Brand: C'est La Vie, Age Range (Description): Adult, Special Feature: Charcoal Toothbrush, Power Source: Battery Powered, Material Feature: Recyclable, Is Discontinued By Manufacturer: No, Package Dimensions: 7.4 x 3.62 x 2.2 inches; 7.05 Ounces, Item model number: 0011, UPC: 703980635810",B07DKRK8ZW,,,,"Parent ASIN: B07DKRK8ZW; Title: CESTLV Bamboo Charcoal Toothbrush + Toothpaste Kit (10 Pack Bulk), Hotel Amenities for Guest & Travel, BPA Free, Individually Boxed Dental Kits, Recyclable; Author: *; Description: *; Features: * - Details: Brand: C'est La Vie, Age Range (Description): Adult, Special Feature: Charcoal Toothbrush, Power Source: Battery Powered, Material Feature: Recyclable, Is Discontinued By Manufacturer: No, Package Dimensions: 7.4 x 3.62 x 2.2 inches; 7.05 Ounces, Item model number: 0011, UPC: 703980635810; Store: Store: C'est La Vie; Categories: *; Price: Price: None;"
All Beauty,"Baasha 4 Pcs Paddle Brush Set, Detangling Brush and Hair Comb Set, Thick Hair Brush Set for Men & Women, No More Tangle Hairbrush Comb Set, Hair Care Gift Set Hair Brush Comb Set",3.2,34,,,None,"{'hi_res': ['https://m.media-amazon.com/images/I/712AD0Hzm2L._SL1500_.jpg', 'https://m.media-amazon.com/images/I/719UiMJjnUL._SL1500_.jpg', 'https://m.media-amazon.com/images/I/71klhH3bdpL._SL1500_.jpg', 'https://m.media-amazon.com/images/I/71VlHZUt+2L._SL1500_.jpg', 'https://m.media-amazon.com/images/I/71dJx3ag6bL._SL1500_.jpg', 'https://m.media-amazon.com/images/I/71ax55QTNmL._SL1500_.jpg', 'https://m.media-amazon.com/images/I/71m8HP7ckcL._SL1500_.jpg'], 'large': ['https://m.media-amazon.com/images/I/51zW4ThRLFL.jpg', 'https://m.media-amazon.com/images/I/51jVJ7xi3nL.jpg', 'https://m.media-amazon.com/images/I/51hFAE5HDCL.jpg', 'https://m.media-amazon.com/images/I/51ApABVBD8L.jpg', 'https://m.media-amazon.com/images/I/51FPLQWWu7L.jpg', 'https://m.media-amazon.com/images/I/51ih0si6PTL.jpg', 'https://m.media-amazon.com/images/I/51q69Hq-5uL.jpg'], 'thumb': ['https://m.media-amazon.com/images/I/51zW4ThRLFL._SS40_.jpg', 'https://m.media-amazon.com/images/I/51jVJ7xi3nL._SS40_.jpg', 'https://m.media-amazon.com/images/I/51hFAE5HDCL._SS40_.jpg', 'https://m.media-amazon.com/images/I/51ApABVBD8L._SS40_.jpg', 'https://m.media-amazon.com/images/I/51FPLQWWu7L._SS40_.jpg', 'https://m.media-amazon.com/images/I/51ih0si6PTL._SS40_.jpg', 'https://m.media-amazon.com/images/I/51q69Hq-5uL._SS40_.jpg'], 'variant': ['MAIN', 'PT01', 'PT02', 'PT03', 'PT04', 'PT05', 'PT06']}","{'title': [], 'url': [], 'user_id': []}",Baasha,,"Brand: Baasha, Shape: Rectangular, Handle Material: Rubber, Plastic, Product Benefits: Detangle, Unit Count: 1.00 Count, Package Dimensions: 10.2 x 3.43 x 2.01 inches; 7.34 Ounces",B082MDFNZM,,,,"Parent ASIN: B082MDFNZM; Title: Baasha 4 Pcs Paddle Brush Set, Detangling Brush and Hair Comb Set, Thick Hair Brush Set for Men & Women, No More Tangle Hairbrush Comb Set, Hair Care Gift Set Hair Brush Comb Set; Author: *; Description: *; Features: * - Details: Brand: Baasha, Shape: Rectangular, Handle Material: Rubber, Plastic, Product Benefits: Detangle, Unit Count: 1.00 Count, Package Dimensions: 10.2 x 3.43 x 2.01 inches; 7.34 Ounces; Store: Store: Baasha; Categories: *; Price: Price: None;"
All Beauty,Altaba Long Wavy Wigs Ombre Red Synthetic Wigs Middle Part Natural Looking Heat Resistant Party Cosplay Full Wig for Women,3.1,11,,,None,"{'hi_res': ['https://m.media-amazon.com/images/I/71+zC+JfCdL._SL1500_.jpg', 'https://m.media-amazon.com/images/I/71Jl2OjQMYL._SL1200_.jpg', 'https://m.media-amazon.com/images/I/61I456STucL._SL1200_.jpg', 'https://m.media-amazon.com/images/I/617HJXyCmiL._SL1200_.jpg', 'https://m.media-amazon.com/images/I/81J3ax54YlL._SL1500_.jpg'], 'large': ['https://m.media-amazon.com/images/I/51I2aLaE9UL.jpg', 'https://m.media-amazon.com/images/I/515JpSb0ZXL.jpg', 'https://m.media-amazon.com/images/I/41tvCbWKeyL.jpg', 'https://m.media-amazon.com/images/I/41pSDa34+EL.jpg', 'https://m.media-amazon.com/images/I/51kCodlhc-L.jpg'], 'thumb': ['https://m.media-amazon.com/images/I/51I2aLaE9UL._SS40_.jpg', 'https://m.media-amazon.com/images/I/515JpSb0ZXL._SS40_.jpg', 'https://m.media-amazon.com/images/I/41tvCbWKeyL._SS40_.jpg', 'https://m.media-amazon.com/images/I/41pSDa34+EL._SS40_.jpg', 'https://m.media-amazon.com/images/I/51kCodlhc-L._SS40_.jpg'], 'variant': ['MAIN', 'PT01', 'PT02', 'PT03', 'PT05']}","{'title': [], 'url': [], 'user_id': []}",Altaba,,"Material: Synthetic, Hair Type: Wavy, Style: Wavy, Special Feature: Glueless, Brand: Altaba",B08JPKXJMV,,,,"Parent ASIN: B08JPKXJMV; Title: Altaba Long Wavy Wigs Ombre Red Synthetic Wigs Middle Part Natural Looking Heat Resistant Party Cosplay Full Wig for Women; Author: *; Description: *; Features: * - Details: Material: Synthetic, Hair Type: Wavy, Style: Wavy, Special Feature: Glueless, Brand: Altaba; Store: Store: Altaba; Categories: *; Price: Price: None;"
All Beauty,"Natwag Makeup Remover Pads,18 Pack 3.74 Inch Reusable Microfiber Cleansing Pad with Laundry Bag Suitable for All Skin Types,3 Color Facial Cleansing Pad Set.",4.6,128,,,None,"{'hi_res': ['https://m.media-amazon.com/images/I/71fwL-U9wtL._SL1100_.jpg', 'https://m.media-amazon.com/images/I/6151eHF0cjL._SL1100_.jpg', 'https://m.media-amazon.com/images/I/61Q4Er906NL._SL1100_.jpg', 'https://m.media-amazon.com/images/I/71DeErC48dL._SL1100_.jpg', 'https://m.media-amazon.com/images/I/7137ghawXYL._SL1100_.jpg', 'https://m.media-amazon.com/images/I/611h3G3ZdeL._SL1100_.jpg', 'https://m.media-amazon.com/images/I/71cDVvrYiQL._SL1100_.jpg'], 'large': ['https://m.media-amazon.com/images/I/51udutd3mpL.jpg', 'https://m.media-amazon.com/images/I/41t8Cm-TCEL.jpg', 'https://m.media-amazon.com/images/I/41NQzawrflL.jpg', 'https://m.media-amazon.com/images/I/51fYNbEy38L.jpg', 'https://m.media-amazon.com/images/I/51um2wYp8UL.jpg', 'https://m.media-amazon.com/images/I/51w1talUxqL.jpg', 'https://m.media-amazon.com/images/I/51Hv+CsuBML.jpg'], 'thumb': ['https://m.media-amazon.com/images/I/51udutd3mpL._SS40_.jpg', 'https://m.media-amazon.com/images/I/41t8Cm-TCEL._SS40_.jpg', 'https://m.media-amazon.com/images/I/41NQzawrflL._SS40_.jpg', 'https://m.media-amazon.com/images/I/51fYNbEy38L._SS40_.jpg', 'https://m.media-amazon.com/images/I/51um2wYp8UL._SS40_.jpg', 'https://m.media-amazon.com/images/I/51w1talUxqL._SS40_.jpg', 'https://m.media-amazon.com/images/I/51Hv+CsuBML._SS40_.jpg'], 'variant': ['MAIN', 'PT01', 'PT02', 'PT03', 'PT04', 'PT05', 'PT06']}","{'title': ['Really works!', 'Wipes off WATERPROOF makeup!!!'], 'url': ['https://www.amazon.com/vdp/394aed567d4247fe84554a318b51237c?ref=dp_vse_rvc_0', 'https://www.amazon.com/vdp/0987a054669b4824968b01764885eeb8?ref=dp_vse_rvc_1'], 'user_id': ['AEZFADGUHTMXYXZAZBJXUA6S6STA', 'AHY7MIUVAZRUPRYFU7QFKJYQ4I6A']}",Natwag,,"Brand: Natwag, Skin Type: All Skin,Dry, Material Feature: Reusable, Unit Count: 18.00 Count, Number of Items: 18, Package Dimensions: 4.4 x 4.37 x 2.59 inches; 3.84 Ounces, UPC: 745103569701",B087F14JSH,,,,"Parent ASIN: B087F14JSH; Title: Natwag Makeup Remover Pads,18 Pack 3.74 Inch Reusable Microfiber Cleansing Pad with Laundry Bag Suitable for All Skin Types,3 Color Facial Cleansing Pad Set.; Author: *; Description: *; Features: * - Details: Brand: Natwag, Skin Type: All Skin,Dry, Material Feature: Reusable, Unit Count: 18.00 Count, Number of Items: 18, Package Dimensions: 4.4 x 4.37 x 2.59 inches; 3.84 Ounces, UPC: 745103569701; Store: Store: Natwag; Categories: *; Price: Price: None;"
All Beauty,"Mr. Pristine Organic Beard Conditioner to Grow, Thicken, Moisturize and Protect Your Beard, 8.5 oz.",3.8,14,"'HEALTHY PRODUCT: Formulated to aid in healthy beard growth, this beard shampoo and conditioner kit hydrates, cleans and softens, giving your beard shine and life. We make our beard conditioner with our top Beard Oil to provide you with the deepest miniaturization and best beard growth conditioner possible. Say goodbye to itchy irritated skin and get rid of beard dandruff!', '100% ALL NATURAL: Our beard balm is made of the highest quality natural ingredients and gives non-greasy balm in all day to condition and soften your beard. Mr. Pristine beard conditioner is designed to help new hair to grow in hair follicles. When sebum and debris get caught in your beard follicles, it can clog things up and prevent hair growth. It penetrates with vitamins to nourish the skin and keep beard growing as it should.', 'BEST USE: Apply the desired amount and massage directly into beard until evenly distributed either in the shower or over a sink. Let the conditioner stay in the beard for 2-4 minutes. Then risen well with warm water. Do this in your daily grooming routine to maintain a fresh, well-managed look and watch the head-turning results.', 'PERFECT MEN’S GIFT IDEA: Have you been trying to change how your beard look and feel? Then it would be best if you gifted yourself Mr. Pristine Beard Conditioner. Perfect gift for Birthdays, Christmas, and other Holidays for any handyman, father, boyfriend, men, or husband. Change how they look and feel as you share the love with men in your life!', 100% SATISFACTION GUARANTEED: Satisfaction guaranteed, No more beardruff, and more dry, frizzy, and flaky to touch beard and, most importantly, no ingredients that are harsh on your skin! If for any reason you're not 100% satisfied, we will REFUND your money or send you a pair of new replacements without any BS. Please don't hesitate to contact us; we will always be here if you need us.",,None,"{'hi_res': ['https://m.media-amazon.com/images/I/51L0vrTeHML._SL1000_.jpg', 'https://m.media-amazon.com/images/I/516fXtvGsXL._SL1000_.jpg', 'https://m.media-amazon.com/images/I/718vk8sm6lL._SL1500_.jpg', 'https://m.media-amazon.com/images/I/71Q7riFzhAL._SL1500_.jpg', 'https://m.media-amazon.com/images/I/71PZZ0uCJpL._SL1500_.jpg'], 'large': ['https://m.media-amazon.com/images/I/41StTVZQMUL.jpg', 'https://m.media-amazon.com/images/I/41+IPPFQ21L.jpg', 'https://m.media-amazon.com/images/I/31ha42W5PtL.jpg', 'https://m.media-amazon.com/images/I/41BokjrLrwL.jpg', 'https://m.media-amazon.com/images/I/31GZpSFzvdL.jpg'], 'thumb': ['https://m.media-amazon.com/images/I/41StTVZQMUL._SS40_.jpg', 'https://m.media-amazon.com/images/I/41+IPPFQ21L._SS40_.jpg', 'https://m.media-amazon.com/images/I/31ha42W5PtL._SS40_.jpg', 'https://m.media-amazon.com/images/I/41BokjrLrwL._SS40_.jpg', 'https://m.media-amazon.com/images/I/31GZpSFzvdL._SS40_.jpg'], 'variant': ['MAIN', 'PT01', 'PT02', 'PT03', 'PT04']}","{'title': ['Mr. Pristine Organic Beard Grooming Kit for Men'], 'url': ['https://www.amazon.com/vdp/cb1d0ee76cc6496e9577b24c5b257c1f?ref=dp_vse_rvc_0'], 'user_id': ['']}",Mr. Pristine,,"Brand: Mr. Pristine, Material Feature: Natural, Hair Type: Dry, Age Range (Description): Adult, Unit Count: 8.5 Fl Oz, Package Dimensions: 3.1 x 2.5 x 2.36 inches; 7.76 Ounces, UPC: 627843801825, Manufacturer: Mr. Pristine",B085J354CL,,,,"Parent ASIN: B085J354CL; Title: Mr. Pristine Organic Beard Conditioner to Grow, Thicken, Moisturize and Protect Your Beard, 8.5 oz.; Author: *; Description: *; Features: Features: 'HEALTHY PRODUCT: Formulated to aid in healthy beard growth, this beard shampoo and conditioner kit hydrates, cleans and softens, giving your beard shine and life. We make our beard conditioner with our top Beard Oil to provide you with the deepest miniaturization and best beard growth conditioner possible. Say goodbye to itchy irritated skin and get rid of beard dandruff!', '100% ALL NATURAL: Our beard balm is made of the highest quality natural ingredients and gives non-greasy balm in all day to condition and soften your beard. Mr. Pristine beard conditioner is designed to help new hair to grow in hair follicles. When sebum and debris get caught in your beard follicles, it can clog things up and prevent hair growth. It penetrates with vitamins to nourish the skin and keep beard growing as it should.', 'BEST USE: Apply the desired amount and massage directly into beard until evenly distributed either in the shower or over a sink. Let the conditioner stay in the beard for 2-4 minutes. Then risen well with warm water. Do this in your daily grooming routine to maintain a fresh, well-managed look and watch the head-turning results.', 'PERFECT MEN’S GIFT IDEA: Have you been trying to change how your beard look and feel? Then it would be best if you gifted yourself Mr. Pristine Beard Conditioner. Perfect gift for Birthdays, Christmas, and other Holidays for any handyman, father, boyfriend, men, or husband. Change how they look and feel as you share the love with men in your life!', 100% SATISFACTION GUARANTEED: Satisfaction guaranteed, No more beardruff, and more dry, frizzy, and flaky to touch beard and, most importantly, no ingredients that are harsh on your skin! If for any reason you're not 100% satisfied, we will REFUND your money or send you a pair of new replacements without any BS. Please don't hesitate to contact us; we will always be here if you need us. - Details: Brand: Mr. Pristine, Material Feature: Natural, Hair Type: Dry, Age Range (Description): Adult, Unit Count: 8.5 Fl Oz, Package Dimensions: 3.1 x 2.5 x 2.36 inches; 7.76 Ounces, UPC: 627843801825, Manufacturer: Mr. Pristine; Store: Store: Mr. Pristine; Categories: *; Price: Price: None;"
All Beauty,"BJÖRN HALL Nurse Headband with Buttons for Face Mask | Elastic Swimsuit Material, Smooth & Stretchy | Ear Saver Headband with Buttons | Perfect for Nurses, Doctors & Medical Students",4.1,52,,,None,"{'hi_res': ['https://m.media-amazon.com/images/I/61qUtCtPIpL._SL1000_.jpg', 'https://m.media-amazon.com/images/I/71NebytPgCL._SL1500_.jpg', 'https://m.media-amazon.com/images/I/81bWexGuw9L._SL1500_.jpg', 'https://m.media-amazon.com/images/I/71Izq8x3eiL._SL1500_.jpg', 'https://m.media-amazon.com/images/I/71fSYqRyFDL._SL1500_.jpg', 'https://m.media-amazon.com/images/I/81psp4K7G3L._SL1500_.jpg', 'https://m.media-amazon.com/images/I/61ZkNoP7EKL._SL1500_.jpg', 'https://m.media-amazon.com/images/I/71LPYD-s3TL._SL1500_.jpg', 'https://m.media-amazon.com/images/I/81sNpJzowCL._SL1500_.jpg'], 'large': ['https://m.media-amazon.com/images/I/51UKU35T0VL.jpg', 'https://m.media-amazon.com/images/I/41TZMOh5RPL.jpg', 'https://m.media-amazon.com/images/I/41JkyX2JgBL.jpg', 'https://m.media-amazon.com/images/I/41t9dJM2cSL.jpg', 'https://m.media-amazon.com/images/I/41rqCFU6HXL.jpg', 'https://m.media-amazon.com/images/I/41Bbof9jPTL.jpg', 'https://m.media-amazon.com/images/I/31MaDLpOI4L.jpg', 'https://m.media-amazon.com/images/I/41-eFoSuMBL.jpg', 'https://m.media-amazon.com/images/I/41Eaxoz-gwL.jpg'], 'thumb': ['https://m.media-amazon.com/images/I/51UKU35T0VL._SS40_.jpg', 'https://m.media-amazon.com/images/I/41TZMOh5RPL._SS40_.jpg', 'https://m.media-amazon.com/images/I/41JkyX2JgBL._SS40_.jpg', 'https://m.media-amazon.com/images/I/41t9dJM2cSL._SS40_.jpg', 'https://m.media-amazon.com/images/I/41rqCFU6HXL._SS40_.jpg', 'https://m.media-amazon.com/images/I/41Bbof9jPTL._SS40_.jpg', 'https://m.media-amazon.com/images/I/31MaDLpOI4L._SS40_.jpg', 'https://m.media-amazon.com/images/I/41-eFoSuMBL._SS40_.jpg', 'https://m.media-amazon.com/images/I/41Eaxoz-gwL._SS40_.jpg'], 'variant': ['MAIN', 'PT01', 'PT02', 'PT03', 'PT04', 'PT05', 'PT06', 'PT07', 'PT08']}","{'title': ['BJORN HALL Nurse Headband With Buttons For Mask - Black'], 'url': ['https://www.amazon.com/vdp/46a2a37f2c3b4d0d836cb8cbd1654f36?ref=dp_vse_rvc_0'], 'user_id': ['']}",Björn Hall,,Package Dimensions: 5.4 x 4.9 x 0.5 inches; 0.81 Ounces,B086YBQ8M7,,,,"Parent ASIN: B086YBQ8M7; Title: BJÖRN HALL Nurse Headband with Buttons for Face Mask | Elastic Swimsuit Material, Smooth & Stretchy | Ear Saver Headband with Buttons | Perfect for Nurses, Doctors & Medical Students; Author: *; Description: *; Features: * - Details: Package Dimensions: 5.4 x 4.9 x 0.5 inches; 0.81 Ounces; Store: Store: Björn Hall; Categories: *; Price: Price: None;"
All Beauty,Automatic Hand Soap/Sanitizer Dispenser Kit - Table liquid Dispenser Pump Station 13.5 oz. Alcohol-Based Sprayer,4.0,20,,,None,"{'hi_res': ['https://m.media-amazon.com/images/I/51EVJnYmqiL._SL1100_.jpg', 'https://m.media-amazon.com/images/I/61Aeeu+FxeL._SL1478_.jpg', 'https://m.media-amazon.com/images/I/51g25fDfa2L._SL1001_.jpg', 'https://m.media-amazon.com/images/I/61PNnfJbtpL._SL1001_.jpg', 'https://m.media-amazon.com/images/I/61yAC7tEWLL._SL1001_.jpg', 'https://m.media-amazon.com/images/I/61k5Ap+Od8L._SL1170_.jpg', 'https://m.media-amazon.com/images/I/61Thkuvy1YL._SL1001_.jpg', None, 'https://m.media-amazon.com/images/I/51EVJnYmqiL._SL1100_.jpg'], 'large': ['https://m.media-amazon.com/images/I/31sRi-FbWaL.jpg', 'https://m.media-amazon.com/images/I/41bmXmN1peL.jpg', 'https://m.media-amazon.com/images/I/41S0nB2LmrL.jpg', 'https://m.media-amazon.com/images/I/51ccTpPIobL.jpg', 'https://m.media-amazon.com/images/I/41fMrHHAeXL.jpg', 'https://m.media-amazon.com/images/I/41XkS9pubcL.jpg', 'https://m.media-amazon.com/images/I/51t8NWABdCL.jpg', 'https://m.media-amazon.com/images/I/41-8PW8p1kL.jpg', 'https://m.media-amazon.com/images/I/31sRi-FbWaL.jpg'], 'thumb': ['https://m.media-amazon.com/images/I/31sRi-FbWaL._SS40_.jpg', 'https://m.media-amazon.com/images/I/41bmXmN1peL._SS40_.jpg', 'https://m.media-amazon.com/images/I/41S0nB2LmrL._SS40_.jpg', 'https://m.media-amazon.com/images/I/51ccTpPIobL._SS40_.jpg', 'https://m.media-amazon.com/images/I/41fMrHHAeXL._SS40_.jpg', 'https://m.media-amazon.com/images/I/41XkS9pubcL._SS40_.jpg', 'https://m.media-amazon.com/images/I/51t8NWABdCL._SS40_.jpg', 'https://m.media-amazon.com/images/I/41-8PW8p1kL._SS40_.jpg', 'https://m.media-amazon.com/images/I/31sRi-FbWaL._SS40_.jpg'], 'variant': ['MAIN', 'PT01', 'PT02', 'PT03', 'PT04', 'PT05', 'PT06', 'PT07', 'PT08']}","{'title': ['Works great'], 'url': ['https://www.amazon.com/vdp/ea92031f74f549e685690ac7eccba354?ref=dp_vse_rvc_0'], 'user_id': ['AGDW3N2ZE7QIK47UXMPC6E6W2CAA']}",YAPASPT,,"Color: Transparent, Material: Abs, Brand: YAPASPT, Number of Sets: 1, Package Dimensions: 8.4 x 4 x 3.5 inches; 10.41 Ounces, UPC: 710050025280",B089YGZZYP,,,,"Parent ASIN: B089YGZZYP; Title: Automatic Hand Soap/Sanitizer Dispenser Kit - Table liquid Dispenser Pump Station 13.5 oz. Alcohol-Based Sprayer; Author: *; Description: *; Features: * - Details: Color: Transparent, Material: Abs, Brand: YAPASPT, Number of Sets: 1, Package Dimensions: 8.4 x 4 x 3.5 inches; 10.41 Ounces, UPC: 710050025280; Store: Store: YAPASPT; Categories: *; Price: Price: None;"
All Beauty,"Automatic Curling Iron, Rechargeable Cordless Hair Curler with LCD Digital Display and 6 Temperature Settings, Fast Heating Portable Automatic Hair Curler for Styling Hair Anytime ( Pink )",2.7,84,,,None,"{'hi_res': ['https://m.media-amazon.com/images/I/716ovFq-yIL._SL1500_.jpg', 'https://m.media-amazon.com/images/I/81m5fbJd8tL._SL1500_.jpg', 'https://m.media-amazon.com/images/I/81T+KEb38kL._SL1500_.jpg', 'https://m.media-amazon.com/images/I/81tOC0q2jHL._SL1500_.jpg', 'https://m.media-amazon.com/images/I/81dPucF-6hL._SL1500_.jpg', 'https://m.media-amazon.com/images/I/71Onwvp9JZL._SL1500_.jpg'], 'large': ['https://m.media-amazon.com/images/I/51-SyWv7NJL.jpg', 'https://m.media-amazon.com/images/I/51ooc5NwUTL.jpg', 'https://m.media-amazon.com/images/I/51zv2R9vTGL.jpg', 'https://m.media-amazon.com/images/I/51cE+L5aELL.jpg', 'https://m.media-amazon.com/images/I/51ePtgekSeL.jpg', 'https://m.media-amazon.com/images/I/51TFRhobSFL.jpg'], 'thumb': ['https://m.media-amazon.com/images/I/51-SyWv7NJL._SS40_.jpg', 'https://m.media-amazon.com/images/I/51ooc5NwUTL._SS40_.jpg', 'https://m.media-amazon.com/images/I/51zv2R9vTGL._SS40_.jpg', 'https://m.media-amazon.com/images/I/51cE+L5aELL._SS40_.jpg', 'https://m.media-amazon.com/images/I/51ePtgekSeL._SS40_.jpg', 'https://m.media-amazon.com/images/I/51TFRhobSFL._SS40_.jpg'], 'variant': ['MAIN', 'PT01', 'PT02', 'PT03', 'PT04', 'PT05']}","{'title': ['Cordless Hair Curler', 'Curling Iron that I can use safely', 'Absolutely love this product!', 'Easy to use, works well', 'Great even for long hair!!', 'automatic curling iron', 'Very easy to use and works great on curls', 'Cordless Auto Curler', 'Practical operation of automatic curler', ' Cordless Automatic Curling Iron- get beautiful curls easily!'], 'url': ['https://www.amazon.com/vdp/0474663bfca04624b5f70755229f5be8?ref=dp_vse_rvc_0', 'https://www.amazon.com/vdp/0bb90b333f9b4e41831d234b8cac527d?ref=dp_vse_rvc_1', 'https://www.amazon.com/vdp/0a3bea655bf543ba8ade25b88580ee01?ref=dp_vse_rvc_2', 'https://www.amazon.com/vdp/0e28903536754808959d8f7f58e5dd9d?ref=dp_vse_rvc_3', 'https://www.amazon.com/vdp/078afd93cc7a4dee921ef317043c08c8?ref=dp_vse_rvc_4', 'https://www.amazon.com/vdp/01ac48065d5744dbac7fc195ebead751?ref=dp_vse_rvc_5', 'https://www.amazon.com/vdp/0798b4504e3149629b160e105a338524?ref=dp_vse_rvc_6', 'https://www.amazon.com/vdp/0785565c6c944caea31b9c7832ef9182?ref=dp_vse_rvc_7', 'https://www.amazon.com/vdp/023c1983dbc9458b95cedf747e8e900f?ref=dp_vse_rvc_8', 'https://www.amazon.com/vdp/0f882d48451043309e73a1bff508bfe3?ref=dp_vse_rvc_9'], 'user_id': ['', 'AFXNLS7EBLQBTVO2JTLYGXG7SX3Q', 'AGUG2XRAL5GOGDMASC3344LFDJUQ', 'AE6JJ3LKVLMZXTAVNFV3FUZJFIPQ', 'AHXWDPD6MYIQMIODPVIZOC4PGXJQ', '', '', '', '', '']}",LUZZAM,,"Brand: LUZZAM, Hair Type: Curly, Material: Ceramic, Color: Pink, Product Dimensions: 2.36 x 1.97 x 7.48 inches; 15.2 Ounces, Manufacturer: LUZZAM",B09G22586Y,,,,"Parent ASIN: B09G22586Y; Title: Automatic Curling Iron, Rechargeable Cordless Hair Curler with LCD Digital Display and 6 Temperature Settings, Fast Heating Portable Automatic Hair Curler for Styling Hair Anytime ( Pink ); Author: *; Description: *; Features: * - Details: Brand: LUZZAM, Hair Type: Curly, Material: Ceramic, Color: Pink, Product Dimensions: 2.36 x 1.97 x 7.48 inches; 15.2 Ounces, Manufacturer: LUZZAM; Store: Store: LUZZAM; Categories: *; Price: Price: None;"
All Beauty,"2020 UPGRADED Exfoliating Loofah Sponge Pads, Natural Luffa Material Loofah Pads Shower Body Scruber for Men/Women Bath Spa and Shower (3 Pack)",4.0,308,,,None,"{'hi_res': ['https://m.media-amazon.com/images/I/71UhuraWg7L._SL1000_.jpg', 'https://m.media-amazon.com/images/I/61CLPdeEhbL._SL1000_.jpg', 'https://m.media-amazon.com/images/I/61QTve3CWLL._SL1000_.jpg', 'https://m.media-amazon.com/images/I/71KDfgAr1HL._SL1200_.jpg', 'https://m.media-amazon.com/images/I/71BaP9fnLVL._SL1000_.jpg', 'https://m.media-amazon.com/images/I/61v0jTapstL._SL1200_.jpg', 'https://m.media-amazon.com/images/I/71BgtD0OY0L._SL1200_.jpg'], 'large': ['https://m.media-amazon.com/images/I/510lo90bmQL.jpg', 'https://m.media-amazon.com/images/I/513VZ6X5k3L.jpg', 'https://m.media-amazon.com/images/I/41t0CQkCzDL.jpg', 'https://m.media-amazon.com/images/I/518W03qu0ML.jpg', 'https://m.media-amazon.com/images/I/51gwCuTU1ML.jpg', 'https://m.media-amazon.com/images/I/51EndItoYHL.jpg', 'https://m.media-amazon.com/images/I/51S6YwysIqL.jpg'], 'thumb': ['https://m.media-amazon.com/images/I/510lo90bmQL._SS40_.jpg', 'https://m.media-amazon.com/images/I/513VZ6X5k3L._SS40_.jpg', 'https://m.media-amazon.com/images/I/41t0CQkCzDL._SS40_.jpg', 'https://m.media-amazon.com/images/I/518W03qu0ML._SS40_.jpg', 'https://m.media-amazon.com/images/I/51gwCuTU1ML._SS40_.jpg', 'https://m.media-amazon.com/images/I/51EndItoYHL._SS40_.jpg', 'https://m.media-amazon.com/images/I/51S6YwysIqL._SS40_.jpg'], 'variant': ['MAIN', 'PT01', 'PT02', 'PT03', 'PT04', 'PT05', 'PT06']}","{'title': [], 'url': [], 'user_id': []}",Marsheepy,,"Material: Loofah, Brand: Marsheepy, Style: Pad, Item Form: Pad, Number of Pieces: 3, Package Dimensions: 8 x 6 x 2 inches; 3.21 Ounces, UPC: 780317215334, Manufacturer: Anthone Amo",B08B5FJMHM,,,,"Parent ASIN: B08B5FJMHM; Title: 2020 UPGRADED Exfoliating Loofah Sponge Pads, Natural Luffa Material Loofah Pads Shower Body Scruber for Men/Women Bath Spa and Shower (3 Pack); Author: *; Description: *; Features: * - Details: Material: Loofah, Brand: Marsheepy, Style: Pad, Item Form: Pad, Number of Pieces: 3, Package Dimensions: 8 x 6 x 2 inches; 3.21 Ounces, UPC: 780317215334, Manufacturer: Anthone Amo; Store: Store: Marsheepy; Categories: *; Price: Price: None;"
All Beauty,Long Black Wavy Wig with Bangs for Women Synthetic Wigs Natural Looking Realistic Wigs Hair for Daily Party Cosplay Use,2.9,37,,,None,"{'hi_res': ['https://m.media-amazon.com/images/I/61IlKVS+TJL._SL1000_.jpg'], 'large': ['https://m.media-amazon.com/images/I/415wIGe6l1L.jpg'], 'thumb': ['https://m.media-amazon.com/images/I/415wIGe6l1L._SS40_.jpg'], 'variant': ['PT03']}","{'title': [], 'url': [], 'user_id': []}",HNYBEE,,"Item Dimensions LxWxH: 24 x 6.3 x 1.57 inches, Hair Type: Wavy, Style: Wavy, Brand: HNYBEE, Age Range (Description): Adult, Product Dimensions: 24 x 6.3 x 1.57 inches; 14.32 Ounces, UPC: 723509998806",B08S2LYN64,,,,"Parent ASIN: B08S2LYN64; Title: Long Black Wavy Wig with Bangs for Women Synthetic Wigs Natural Looking Realistic Wigs Hair for Daily Party Cosplay Use; Author: *; Description: *; Features: * - Details: Item Dimensions LxWxH: 24 x 6.3 x 1.57 inches, Hair Type: Wavy, Style: Wavy, Brand: HNYBEE, Age Range (Description): Adult, Product Dimensions: 24 x 6.3 x 1.57 inches; 14.32 Ounces, UPC: 723509998806; Store: Store: HNYBEE; Categories: *; Price: Price: None;"
All Beauty,QTMY Wide Headbands Fashion Women Baroque Crystal Gemstone Hair Accessories Head Band Fashion Headwear Hairbands for Women,3.6,38,,,None,"{'hi_res': ['https://m.media-amazon.com/images/I/61U+UxmQlJL._SL1000_.jpg', None, None, 'https://m.media-amazon.com/images/I/71mEWPl3r6L._SL1200_.jpg', 'https://m.media-amazon.com/images/I/715MOlqPn3L._SL1200_.jpg', 'https://m.media-amazon.com/images/I/71mX1BxooTL._SL1200_.jpg', 'https://m.media-amazon.com/images/I/61Ukxvj0OuL._SL1001_.jpg'], 'large': ['https://m.media-amazon.com/images/I/412DMeV+3ML.jpg', 'https://m.media-amazon.com/images/I/41cfGnNQ20L.jpg', 'https://m.media-amazon.com/images/I/41XVmCExBRL.jpg', 'https://m.media-amazon.com/images/I/51xZqwE5tNL.jpg', 'https://m.media-amazon.com/images/I/510-VSIMZ2L.jpg', 'https://m.media-amazon.com/images/I/51q9x4QTTXL.jpg', 'https://m.media-amazon.com/images/I/41UTAOQOFPL.jpg'], 'thumb': ['https://m.media-amazon.com/images/I/412DMeV+3ML._SS40_.jpg', 'https://m.media-amazon.com/images/I/41cfGnNQ20L._SS40_.jpg', 'https://m.media-amazon.com/images/I/41XVmCExBRL._SS40_.jpg', 'https://m.media-amazon.com/images/I/51xZqwE5tNL._SS40_.jpg', 'https://m.media-amazon.com/images/I/510-VSIMZ2L._SS40_.jpg', 'https://m.media-amazon.com/images/I/51q9x4QTTXL._SS40_.jpg', 'https://m.media-amazon.com/images/I/41UTAOQOFPL._SS40_.jpg'], 'variant': ['MAIN', 'PT01', 'PT02', 'PT03', 'PT04', 'PT05', 'PT06']}","{'title': [], 'url': [], 'user_id': []}",QTMY,,"Age Range (Description): Adult, Occasion: Wedding, Birthday, Material: Plastic, Number of Items: 1, Brand: QTMY, Is Discontinued By Manufacturer: No, Package Dimensions: 6.5 x 5.94 x 1.97 inches; 5.61 Ounces, Item model number: ZJ",B086N2SY91,,,,"Parent ASIN: B086N2SY91; Title: QTMY Wide Headbands Fashion Women Baroque Crystal Gemstone Hair Accessories Head Band Fashion Headwear Hairbands for Women; Author: *; Description: *; Features: * - Details: Age Range (Description): Adult, Occasion: Wedding, Birthday, Material: Plastic, Number of Items: 1, Brand: QTMY, Is Discontinued By Manufacturer: No, Package Dimensions: 6.5 x 5.94 x 1.97 inches; 5.61 Ounces, Item model number: ZJ; Store: Store: QTMY; Categories: *; Price: Price: None;"
All Beauty,"Hand Crafted Ceramic Aromatherapy Essential Oil Diffuser,100ml Fragrant Room Sprays Ultrasonic Aroma Mist Atomizer BPA-Free, Waterless Auto Shut-Off and 7 Color Night Lights for Office Home Study Yoga",4.0,55,"'★The Ultrasonic Aroma Diffuser uses high frequency Ultrasonic technology that vibrates cool water inside the unit creating an ultra fine mist into the air. When oils are added to the water, they are immediately dispersed into the air providing a pleasant environment.', ★Use low-noise fans, almost no fan noise. There are considerate anti splash techniques, Whisper-quiet operation won't interfere with your study, work or sleep.100ml,Working time: up to 6 hours, '★This aroma diffuser have 7 color changing lamps for your choice, nightlight, programmable on/off cycles and auto shut-off. lights would change the colors in a breath light mode .Press LED lights button (left one) once to changing light; Press twice to steady color light; Press third seconds to turn the light off.', '★Press misting button (right one) to turn on continuous misting mode; Press twice to turn on intermittent misting mode; Press third time to turn the misting off. Misting takes up to 10 minutes to reach full output. Misting output will vary from different indoor temperature and humidity.The unit will automatically shut off when the water level gets too low.', '★FCC This device complies with FCC Part 15 and 18 of FCC Rules..Backed by 60 days money-back and 12-month worry-free warranty.'",,None,"{'hi_res': ['https://m.media-amazon.com/images/I/513g4WD8v9L._SL1300_.jpg', 'https://m.media-amazon.com/images/I/71HPsD7YKwL._SL1300_.jpg', 'https://m.media-amazon.com/images/I/61KW+G5nJKL._SL1300_.jpg', 'https://m.media-amazon.com/images/I/61NLwCMZQEL._SL1300_.jpg', 'https://m.media-amazon.com/images/I/61aI87PDIxL._SL1300_.jpg', 'https://m.media-amazon.com/images/I/61wReTheydL._SL1300_.jpg', 'https://m.media-amazon.com/images/I/71qUJ91saOL._SL1500_.jpg'], 'large': ['https://m.media-amazon.com/images/I/31WsvyCfUeL.jpg', 'https://m.media-amazon.com/images/I/51-Cp3glItL.jpg', 'https://m.media-amazon.com/images/I/41S7iSHc3SL.jpg', 'https://m.media-amazon.com/images/I/41KK22t5VEL.jpg', 'https://m.media-amazon.com/images/I/41fQNvv-KOL.jpg', 'https://m.media-amazon.com/images/I/41NK-xJovlL.jpg', 'https://m.media-amazon.com/images/I/41BVOnMxltL.jpg'], 'thumb': ['https://m.media-amazon.com/images/I/31WsvyCfUeL._SS40_.jpg', 'https://m.media-amazon.com/images/I/51-Cp3glItL._SS40_.jpg', 'https://m.media-amazon.com/images/I/41S7iSHc3SL._SS40_.jpg', 'https://m.media-amazon.com/images/I/41KK22t5VEL._SS40_.jpg', 'https://m.media-amazon.com/images/I/41fQNvv-KOL._SS40_.jpg', 'https://m.media-amazon.com/images/I/41NK-xJovlL._SS40_.jpg', 'https://m.media-amazon.com/images/I/41BVOnMxltL._SS40_.jpg'], 'variant': ['MAIN', 'PT01', 'PT02', 'PT03', 'PT05', 'PT06', 'PT07']}","{'title': ['Definitely not hand crafted', 'Beautiful decor and diffuser!  Not plastic which is great!!'], 'url': ['https://www.amazon.com/vdp/e2d904eeeccc45bb8f0153fe3186b124?ref=dp_vse_rvc_0', 'https://www.amazon.com/vdp/129ee503c58f40b1b37da4f2855630e2?ref=dp_vse_rvc_1'], 'user_id': ['AEOGEBLUN3GTQD42HK7QPXMK2GXA', 'AET5WHPB76S35QODOABY522DCDPQ']}",BRNBW,,"Brand: BRNBW, Material: Ceramic, Special Feature: Multiple Light Setting, Automatic Shut Off, Power Source: Corded Electric, Capacity: 100 Milliliters, Product Dimensions: 3.6 x 3.6 x 6.3 inches; 1.12 Pounds, UPC: 665059186312",B07T3Z58HL,,,,"Parent ASIN: B07T3Z58HL; Title: Hand Crafted Ceramic Aromatherapy Essential Oil Diffuser,100ml Fragrant Room Sprays Ultrasonic Aroma Mist Atomizer BPA-Free, Waterless Auto Shut-Off and 7 Color Night Lights for Office Home Study Yoga; Author: *; Description: *; Features: Features: '★The Ultrasonic Aroma Diffuser uses high frequency Ultrasonic technology that vibrates cool water inside the unit creating an ultra fine mist into the air. When oils are added to the water, they are immediately dispersed into the air providing a pleasant environment.', ★Use low-noise fans, almost no fan noise. There are considerate anti splash techniques, Whisper-quiet operation won't interfere with your study, work or sleep.100ml,Working time: up to 6 hours, '★This aroma diffuser have 7 color changing lamps for your choice, nightlight, programmable on/off cycles and auto shut-off. lights would change the colors in a breath light mode .Press LED lights button (left one) once to changing light; Press twice to steady color light; Press third seconds to turn the light off.', '★Press misting button (right one) to turn on continuous misting mode; Press twice to turn on intermittent misting mode; Press third time to turn the misting off. Misting takes up to 10 minutes to reach full output. Misting output will vary from different indoor temperature and humidity.The unit will automatically shut off when the water level gets too low.', '★FCC This device complies with FCC Part 15 and 18 of FCC Rules..Backed by 60 days money-back and 12-month worry-free warranty.' - Details: Brand: BRNBW, Material: Ceramic, Special Feature: Multiple Light Setting, Automatic Shut Off, Power Source: Corded Electric, Capacity: 100 Milliliters, Product Dimensions: 3.6 x 3.6 x 6.3 inches; 1.12 Pounds, UPC: 665059186312; Store: Store: BRNBW; Categories: *; Price: Price: None;"
All Beauty,"WIS Hyaluronic Acid Moisturizing Facial Mask for Women Anti-aging, Deep Hydrating, Remove Wrinkles, 24 Pack Sheet Mask for Dry and Sensitive Skin Care",4.2,46,,,None,"{'hi_res': ['https://m.media-amazon.com/images/I/51aOCmfiJlL._SL1000_.jpg', 'https://m.media-amazon.com/images/I/61lZmS8GOfL._SL1000_.jpg', 'https://m.media-amazon.com/images/I/71FCJRP+J-L._SL1500_.jpg', 'https://m.media-amazon.com/images/I/71mffDAZgzL._SL1500_.jpg', 'https://m.media-amazon.com/images/I/71uV2pEjLuL._SL1500_.jpg', 'https://m.media-amazon.com/images/I/51WyEOP0CbL._SL1000_.jpg', 'https://m.media-amazon.com/images/I/71zAReT0mpL._SL1500_.jpg', 'https://m.media-amazon.com/images/I/61Zt5vsnB8L._SL1000_.jpg', 'https://m.media-amazon.com/images/I/61VO-37HxEL._SL1000_.jpg'], 'large': ['https://m.media-amazon.com/images/I/41VFy+5YMTL.jpg', 'https://m.media-amazon.com/images/I/41-PRrZbaRL.jpg', 'https://m.media-amazon.com/images/I/510YAm8xuLL.jpg', 'https://m.media-amazon.com/images/I/417p83437KL.jpg', 'https://m.media-amazon.com/images/I/41eKaUDSgYL.jpg', 'https://m.media-amazon.com/images/I/41nBdHGCv0L.jpg', 'https://m.media-amazon.com/images/I/51nyoZe8P7L.jpg', 'https://m.media-amazon.com/images/I/51X17kdkIrL.jpg', 'https://m.media-amazon.com/images/I/41BCGmLu-pL.jpg'], 'thumb': ['https://m.media-amazon.com/images/I/41VFy+5YMTL._SS40_.jpg', 'https://m.media-amazon.com/images/I/41-PRrZbaRL._SS40_.jpg', 'https://m.media-amazon.com/images/I/510YAm8xuLL._SS40_.jpg', 'https://m.media-amazon.com/images/I/417p83437KL._SS40_.jpg', 'https://m.media-amazon.com/images/I/41eKaUDSgYL._SS40_.jpg', 'https://m.media-amazon.com/images/I/41nBdHGCv0L._SS40_.jpg', 'https://m.media-amazon.com/images/I/51nyoZe8P7L._SS40_.jpg', 'https://m.media-amazon.com/images/I/51X17kdkIrL._SS40_.jpg', 'https://m.media-amazon.com/images/I/41BCGmLu-pL._SS40_.jpg'], 'variant': ['MAIN', 'PT01', 'PT02', 'PT03', 'PT04', 'PT05', 'PT06', 'PT07', 'PT08']}","{'title': ['WIS Hyaluronic Acid Moisturizing Mask', 'WIS Skin Care', '+WIS+ Hyaluronic Acid Essence 24 Sheet Mask Review', 'WIS Collagen Eye Mask Anti-aging Wrinkle eye mask,30 Pairs ', 'Honest Review For +WIS+ Hyaluronic Acid Essence 24 Sheet Mask with Aloe Vera, Vitamin B5, Hydrating'], 'url': ['https://www.amazon.com/vdp/36534453133b4a6fb9943d1ad6467477?ref=dp_vse_rvc_0', 'https://www.amazon.com/vdp/e67047b8eaa249018e8bbd95c68dcaf1?ref=dp_vse_rvc_1', 'https://www.amazon.com/vdp/0797a354a4c542e7a47edb2f9e88f9d9?ref=dp_vse_rvc_2', 'https://www.amazon.com/vdp/2dd8e16c98ce43cc935b889ddbb6025c?ref=dp_vse_rvc_3', 'https://www.amazon.com/vdp/05c9332e8bd544d2a3199dbb486f0fe5?ref=dp_vse_rvc_4'], 'user_id': ['', '', '/shop/krismeyergirl', '', '/shop/influencer-65210b85']}",+WIS+,,"Brand: +WIS+, Item Form: Sheet, Product Benefits: Hydrating, Scent: Hyaluronic Acid, Skin Type: All, Package Dimensions: 6.22 x 5.04 x 4.02 inches; 1.83 Pounds",B08PVH18Z6,,,,"Parent ASIN: B08PVH18Z6; Title: WIS Hyaluronic Acid Moisturizing Facial Mask for Women Anti-aging, Deep Hydrating, Remove Wrinkles, 24 Pack Sheet Mask for Dry and Sensitive Skin Care; Author: *; Description: *; Features: * - Details: Brand: +WIS+, Item Form: Sheet, Product Benefits: Hydrating, Scent: Hyaluronic Acid, Skin Type: All, Package Dimensions: 6.22 x 5.04 x 4.02 inches; 1.83 Pounds; Store: Store: +WIS+; Categories: *; Price: Price: None;"
All Beauty,"OGANA CELL Peptide Concentrating Amazing Lotion 2.03 fl.oz. (60ml) - 650ppm Peptide Contained Mild Moisturizing Facial Lotion, Hypoallergenic Natural Ingredients for Sensitive Skin",4.5,26,,,None,"{'hi_res': ['https://m.media-amazon.com/images/I/51c9EMlJ93L._SL1500_.jpg', 'https://m.media-amazon.com/images/I/51frrWfyioL._SL1500_.jpg', 'https://m.media-amazon.com/images/I/61AljXm8GoL._SL1500_.jpg', 'https://m.media-amazon.com/images/I/71N42VU3K6L._SL1500_.jpg', 'https://m.media-amazon.com/images/I/81eFBHxQm-L._SL1500_.jpg', 'https://m.media-amazon.com/images/I/61kEBrDwnrL._SL1500_.jpg', 'https://m.media-amazon.com/images/I/71deilL-bVL._SL1500_.jpg'], 'large': ['https://m.media-amazon.com/images/I/21R88ZimSjL.jpg', 'https://m.media-amazon.com/images/I/11oGZiZ2yiL.jpg', 'https://m.media-amazon.com/images/I/31aFAsIZJ7L.jpg', 'https://m.media-amazon.com/images/I/31a0XqWuC+L.jpg', 'https://m.media-amazon.com/images/I/31NOtcR3cbL.jpg', 'https://m.media-amazon.com/images/I/31jkpvhm5FL.jpg', 'https://m.media-amazon.com/images/I/31wmvZZah9L.jpg'], 'thumb': ['https://m.media-amazon.com/images/I/21R88ZimSjL._SS40_.jpg', 'https://m.media-amazon.com/images/I/11oGZiZ2yiL._SS40_.jpg', 'https://m.media-amazon.com/images/I/31aFAsIZJ7L._SS40_.jpg', 'https://m.media-amazon.com/images/I/31a0XqWuC+L._SS40_.jpg', 'https://m.media-amazon.com/images/I/31NOtcR3cbL._SS40_.jpg', 'https://m.media-amazon.com/images/I/31jkpvhm5FL._SS40_.jpg', 'https://m.media-amazon.com/images/I/31wmvZZah9L._SS40_.jpg'], 'variant': ['MAIN', 'PT01', 'PT02', 'PT03', 'PT04', 'PT05', 'PT06']}","{'title': [], 'url': [], 'user_id': []}",OGANA CELL,,"Brand: OGANA CELL, Item Form: Lotion, Unit Count: 2.03 Fl Oz, Number of Items: 1, Use for: Whole Body",B07RBSLNFR,,,,"Parent ASIN: B07RBSLNFR; Title: OGANA CELL Peptide Concentrating Amazing Lotion 2.03 fl.oz. (60ml) - 650ppm Peptide Contained Mild Moisturizing Facial Lotion, Hypoallergenic Natural Ingredients for Sensitive Skin; Author: *; Description: *; Features: * - Details: Brand: OGANA CELL, Item Form: Lotion, Unit Count: 2.03 Fl Oz, Number of Items: 1, Use for: Whole Body; Store: Store: OGANA CELL; Categories: *; Price: Price: None;"
All Beauty,"MD Complete Bright & Healthy Vitamin C+ Vitalizing Face Serum| with Vitamin C, Vitamin E and Herbal Extracts | Potent Antioxidant Protection, Nourishes, Brightens and Evens Skin 0.5 fl oz",4.2,53,,,None,"{'hi_res': ['https://m.media-amazon.com/images/I/51y8J0fr5yL._SL1000_.jpg', 'https://m.media-amazon.com/images/I/51egt5e6jYL._SL1000_.jpg', 'https://m.media-amazon.com/images/I/51MJ-tL4IGL._SL1000_.jpg', 'https://m.media-amazon.com/images/I/61cLIBSE2WL._SL1000_.jpg', 'https://m.media-amazon.com/images/I/61DPMYTJskL._SL1000_.jpg'], 'large': ['https://m.media-amazon.com/images/I/31mMsNI-nlL.jpg', 'https://m.media-amazon.com/images/I/41rbaysvIZL.jpg', 'https://m.media-amazon.com/images/I/41eLersuVKL.jpg', 'https://m.media-amazon.com/images/I/41PNYmToTCL.jpg', 'https://m.media-amazon.com/images/I/51-TBj0lKlL.jpg'], 'thumb': ['https://m.media-amazon.com/images/I/31mMsNI-nlL._SS40_.jpg', 'https://m.media-amazon.com/images/I/41rbaysvIZL._SS40_.jpg', 'https://m.media-amazon.com/images/I/41eLersuVKL._SS40_.jpg', 'https://m.media-amazon.com/images/I/41PNYmToTCL._SS40_.jpg', 'https://m.media-amazon.com/images/I/51-TBj0lKlL._SS40_.jpg'], 'variant': ['MAIN', 'PT01', 'PT02', 'PT03', 'PT04']}","{'title': [], 'url': [], 'user_id': []}",MD Complete by Dr. Brian Zelickson,,"Skin Type: Acne Prone, Sensitive, Use for: Face, Scent: Aloe, Brand: MD Complete by Dr. Brian Zelickson, Item Form: Serum, Is Discontinued By Manufacturer: No, Product Dimensions: 1.05 x 1.63 x 3.75 inches; 4.97 Ounces, UPC: 850458005573",B08BZ1RHPS,,,,"Parent ASIN: B08BZ1RHPS; Title: MD Complete Bright & Healthy Vitamin C+ Vitalizing Face Serum| with Vitamin C, Vitamin E and Herbal Extracts | Potent Antioxidant Protection, Nourishes, Brightens and Evens Skin 0.5 fl oz; Author: *; Description: *; Features: * - Details: Skin Type: Acne Prone, Sensitive, Use for: Face, Scent: Aloe, Brand: MD Complete by Dr. Brian Zelickson, Item Form: Serum, Is Discontinued By Manufacturer: No, Product Dimensions: 1.05 x 1.63 x 3.75 inches; 4.97 Ounces, UPC: 850458005573; Store: Store: MD Complete by Dr. Brian Zelickson; Categories: *; Price: Price: None;"
All Beauty,"Soo'AE Sweet Pink Bubble Mask, Clarifying & Softening, 1 Count",3.6,15,,,None,"{'hi_res': ['https://m.media-amazon.com/images/I/71d0568Ng4L._SL1500_.jpg', 'https://m.media-amazon.com/images/I/31Q4DFvKI9S._SL1000_.jpg', 'https://m.media-amazon.com/images/I/41hB+W3fHiS._SL1000_.jpg', 'https://m.media-amazon.com/images/I/51Mdl267y1L._SL1000_.jpg'], 'large': ['https://m.media-amazon.com/images/I/41zCgQbNVLL.jpg', 'https://m.media-amazon.com/images/I/210bNpOsICS.jpg', 'https://m.media-amazon.com/images/I/31rRFMZsiJS.jpg', 'https://m.media-amazon.com/images/I/315dgvr6seL.jpg'], 'thumb': ['https://m.media-amazon.com/images/I/41zCgQbNVLL._SS40_.jpg', 'https://m.media-amazon.com/images/I/210bNpOsICS._SS40_.jpg', 'https://m.media-amazon.com/images/I/31rRFMZsiJS._SS40_.jpg', 'https://m.media-amazon.com/images/I/315dgvr6seL._SS40_.jpg'], 'variant': ['MAIN', 'PT01', 'PT02', 'PT03']}","{'title': [], 'url': [], 'user_id': []}",SOOAE,,"Brand: SOOAE, Item Form: Cream, Product Benefits: Softening,Softer, Scent: Peach, Special Feature: Not Tested On Animals, Product Dimensions: 3.5 x 0.1 x 5.5 inches; 0.32 Ounces",B08GS1G9BH,,,,"Parent ASIN: B08GS1G9BH; Title: Soo'AE Sweet Pink Bubble Mask, Clarifying & Softening, 1 Count; Author: *; Description: *; Features: * - Details: Brand: SOOAE, Item Form: Cream, Product Benefits: Softening,Softer, Scent: Peach, Special Feature: Not Tested On Animals, Product Dimensions: 3.5 x 0.1 x 5.5 inches; 0.32 Ounces; Store: Store: SOOAE; Categories: *; Price: Price: None;"
All Beauty,"Maestee 9 Pcs Gel Nail Polish Kit, 6 Colors (8ml) with Base and Top Coat and Matte Top Gel (8ml) Neon Nail Polish Hot Neon City Collection Soak Off Nail Gel Polish Starter Professional Kit Best Mothers Day Gift",4.3,31,,,None,"{'hi_res': ['https://m.media-amazon.com/images/I/61TYbSY3w3S._SL1000_.jpg', 'https://m.media-amazon.com/images/I/61uMUfZsDxS._SL1000_.jpg', 'https://m.media-amazon.com/images/I/61XUzGlcQYS._SL1000_.jpg', 'https://m.media-amazon.com/images/I/61cceIAZ7sS._SL1000_.jpg', 'https://m.media-amazon.com/images/I/614hByaWCtS._SL1000_.jpg', 'https://m.media-amazon.com/images/I/71-HcL2Q+dS._SL1000_.jpg', 'https://m.media-amazon.com/images/I/61mdeDK34tS._SL1000_.jpg'], 'large': ['https://m.media-amazon.com/images/I/51xexfqne+S.jpg', 'https://m.media-amazon.com/images/I/51gMB8aaABS.jpg', 'https://m.media-amazon.com/images/I/51pxKo1kiKS.jpg', 'https://m.media-amazon.com/images/I/51ReVlQZ0NS.jpg', 'https://m.media-amazon.com/images/I/51EKXPGBffS.jpg', 'https://m.media-amazon.com/images/I/51GWNe2+AzS.jpg', 'https://m.media-amazon.com/images/I/51ngJ6RokMS.jpg'], 'thumb': ['https://m.media-amazon.com/images/I/51xexfqne+S._SS40_.jpg', 'https://m.media-amazon.com/images/I/51gMB8aaABS._SS40_.jpg', 'https://m.media-amazon.com/images/I/51pxKo1kiKS._SS40_.jpg', 'https://m.media-amazon.com/images/I/51ReVlQZ0NS._SS40_.jpg', 'https://m.media-amazon.com/images/I/51EKXPGBffS._SS40_.jpg', 'https://m.media-amazon.com/images/I/51GWNe2+AzS._SS40_.jpg', 'https://m.media-amazon.com/images/I/51ngJ6RokMS._SS40_.jpg'], 'variant': ['MAIN', 'PT01', 'PT02', 'PT03', 'PT04', 'PT05', 'PT06']}","{'title': ['Bright Colors'], 'url': ['https://www.amazon.com/vdp/0e6233c07a604a57af1b1b583400cc08?ref=dp_vse_rvc_0'], 'user_id': ['AHHOFNS3U2KOL3AC2TBD6SD32JLQ']}",maestee,,"Brand: maestee, Item Form: Gel, Finish Type: Matte,Glossy, Material Feature: Non-Toxic, Cruelty Free, Age Range (Description): Adult, Unit Count: 1.00 Fl Oz, Number of Items: 9, Number of Pieces: 9, Liquid Volume: 0.27 Fluid Ounces, Package Dimensions: 11.69 x 3.66 x 1.42 inches; 14.07 Ounces",B08W8LKLHB,,,,"Parent ASIN: B08W8LKLHB; Title: Maestee 9 Pcs Gel Nail Polish Kit, 6 Colors (8ml) with Base and Top Coat and Matte Top Gel (8ml) Neon Nail Polish Hot Neon City Collection Soak Off Nail Gel Polish Starter Professional Kit Best Mothers Day Gift; Author: *; Description: *; Features: * - Details: Brand: maestee, Item Form: Gel, Finish Type: Matte,Glossy, Material Feature: Non-Toxic, Cruelty Free, Age Range (Description): Adult, Unit Count: 1.00 Fl Oz, Number of Items: 9, Number of Pieces: 9, Liquid Volume: 0.27 Fluid Ounces, Package Dimensions: 11.69 x 3.66 x 1.42 inches; 14.07 Ounces; Store: Store: maestee; Categories: *; Price: Price: None;"
All Beauty,"Sam&Helen Magnetic Eyelashes With Eyeliner Kit, 5Pairs Magnetic Eyelashes And 2 Tubes Magnetic Eyeliners With Eyelash Applicator-No Glue Needed",4.0,34,,,None,"{'hi_res': ['https://m.media-amazon.com/images/I/71vDprNFklL._SL1500_.jpg', 'https://m.media-amazon.com/images/I/81K8MBXOU-L._SL1500_.jpg', 'https://m.media-amazon.com/images/I/71C6dnnRKhL._SL1500_.jpg', 'https://m.media-amazon.com/images/I/81YzEqSRr6L._SL1500_.jpg', 'https://m.media-amazon.com/images/I/71lonICAAsL._SL1500_.jpg', 'https://m.media-amazon.com/images/I/81rZ98Xng4L._SL1500_.jpg'], 'large': ['https://m.media-amazon.com/images/I/51NZXtoL4IL.jpg', 'https://m.media-amazon.com/images/I/51-pqK+qXLL.jpg', 'https://m.media-amazon.com/images/I/51v9cv14azL.jpg', 'https://m.media-amazon.com/images/I/51UGKKHHLEL.jpg', 'https://m.media-amazon.com/images/I/51s3MKTZwKL.jpg', 'https://m.media-amazon.com/images/I/514k86VnOyL.jpg'], 'thumb': ['https://m.media-amazon.com/images/I/51NZXtoL4IL._SS40_.jpg', 'https://m.media-amazon.com/images/I/51-pqK+qXLL._SS40_.jpg', 'https://m.media-amazon.com/images/I/51v9cv14azL._SS40_.jpg', 'https://m.media-amazon.com/images/I/51UGKKHHLEL._SS40_.jpg', 'https://m.media-amazon.com/images/I/51s3MKTZwKL._SS40_.jpg', 'https://m.media-amazon.com/images/I/514k86VnOyL._SS40_.jpg'], 'variant': ['MAIN', 'PT01', 'PT02', 'PT03', 'PT04', 'PT05']}","{'title': [], 'url': [], 'user_id': []}",Sam&Helen,,"Brand: Sam&Helen, Item Dimensions LxWxH: 5.51 x 5.71 x 0.63 inches, Material Feature: Gluten Free, Item Form: Pair, Mounting Type: Eyelash Glue, Product Dimensions: 5.51 x 5.71 x 0.63 inches; 2.4 Ounces",B086JN17SK,,,,"Parent ASIN: B086JN17SK; Title: Sam&Helen Magnetic Eyelashes With Eyeliner Kit, 5Pairs Magnetic Eyelashes And 2 Tubes Magnetic Eyeliners With Eyelash Applicator-No Glue Needed; Author: *; Description: *; Features: * - Details: Brand: Sam&Helen, Item Dimensions LxWxH: 5.51 x 5.71 x 0.63 inches, Material Feature: Gluten Free, Item Form: Pair, Mounting Type: Eyelash Glue, Product Dimensions: 5.51 x 5.71 x 0.63 inches; 2.4 Ounces; Store: Store: Sam&Helen; Categories: *; Price: Price: None;"
All Beauty,"Kopari Bubblegum Lip Gloss Kit | Strawberry, Grape, and Bubble Gum Flavors | Hydrating Blend of Shea Butter and Coconut Oil to Nourish and Soothe Chapped Lips | Vegan and Cruelty-Free",4.5,40,"'Bubble Gum Lip Kit is infused with three bubblicious flavors including Strawberry, Grape, and Bubble Gum for lusciously hydrated lips.', 'Ultra hydrating and non-sticky, these glossies will give your lips the perfect amount of shine. Say bye to dry lips and hello to luscious hydration.', 'Formulated with Shea Butter, Squalene, and Organic Coconut Oil these glossies deeply moisturize, smooth, and leave your lips smelling delicious!', 'Gently squeeze the tube and glide on your favorite Lip Glossy for the perfect amount of shine.', 'Made In The USA: Kopari skin care products are manufactured using only the best ingredients and made with love in sustainable, solar powered labs in Southern California. All products are proudly non GMO, sulfate free, cruelty free and paraben free.'",,27.99,"{'hi_res': ['https://m.media-amazon.com/images/I/61A1Al1jimL._SL1500_.jpg', 'https://m.media-amazon.com/images/I/91qvZdtaKJL._SL1500_.jpg', 'https://m.media-amazon.com/images/I/71VWO32kxJL._SL1500_.jpg', 'https://m.media-amazon.com/images/I/71KvK8NNdOL._SL1500_.jpg'], 'large': ['https://m.media-amazon.com/images/I/31GoF4kr80L.jpg', 'https://m.media-amazon.com/images/I/61Ny4s78WlL.jpg', 'https://m.media-amazon.com/images/I/51H7a0spNsL.jpg', 'https://m.media-amazon.com/images/I/41kqvqYgCmL.jpg'], 'thumb': ['https://m.media-amazon.com/images/I/31GoF4kr80L._SS40_.jpg', 'https://m.media-amazon.com/images/I/61Ny4s78WlL._SS40_.jpg', 'https://m.media-amazon.com/images/I/51H7a0spNsL._SS40_.jpg', 'https://m.media-amazon.com/images/I/41kqvqYgCmL._SS40_.jpg'], 'variant': ['MAIN', 'PT01', 'PT02', 'PT03']}","{'title': ['Kopari Coconut Melt Review!', 'How good is the Kopari Ultra Restore Body Butter? ', 'Forever Faves Kit ', 'My honest review on Kopari hydrating vitamin c shower oil', 'Dry skin?? WHO IS SHEEEEE', 'Worth it? Watch First! Full Demo Kopari Ultra Body Butter ', 'Kopari All Time Favs'], 'url': ['https://www.amazon.com/vdp/0f7348f591fb4d2e868722002298740b?ref=dp_vse_rvc_0', 'https://www.amazon.com/vdp/0f2c15851abc44c6b961ba716c9fdc76?ref=dp_vse_rvc_1', 'https://www.amazon.com/vdp/040b51d400c54dc48fae673d4508a949?ref=dp_vse_rvc_2', 'https://www.amazon.com/vdp/0ac04163cd824c6fa9a050f50b1ea01f?ref=dp_vse_rvc_3', 'https://www.amazon.com/vdp/0239bd3526184ddaa5c47b3c47b43799?ref=dp_vse_rvc_4', 'https://www.amazon.com/vdp/044b2c45ea2e4218a8b6c5af13991658?ref=dp_vse_rvc_5', 'https://www.amazon.com/vdp/0052c41994a54b93a22a9b7c066ec90f?ref=dp_vse_rvc_6'], 'user_id': ['/shop/influencer-920c4033', '/shop/influencer-721d3996', '', '/shop/msteganfierce', '/shop/influencer-be59c901', '/shop/professornez', '/shop/influencer-aa3440bf']}",Kopari,,"Brand: Kopari, Skin Type: Dry, Item Form: Gel, Finish Type: Sheer, Product Benefits: Hydrating,Smoothening,Soothing,Shine,Nourishing, Package Dimensions: 4.69 x 3.19 x 1.34 inches; 1.76 Ounces, UPC: 850036833345",B09SH1FD9S,,,,"Parent ASIN: B09SH1FD9S; Title: Kopari Bubblegum Lip Gloss Kit | Strawberry, Grape, and Bubble Gum Flavors | Hydrating Blend of Shea Butter and Coconut Oil to Nourish and Soothe Chapped Lips | Vegan and Cruelty-Free; Author: *; Description: *; Features: Features: 'Bubble Gum Lip Kit is infused with three bubblicious flavors including Strawberry, Grape, and Bubble Gum for lusciously hydrated lips.', 'Ultra hydrating and non-sticky, these glossies will give your lips the perfect amount of shine. Say bye to dry lips and hello to luscious hydration.', 'Formulated with Shea Butter, Squalene, and Organic Coconut Oil these glossies deeply moisturize, smooth, and leave your lips smelling delicious!', 'Gently squeeze the tube and glide on your favorite Lip Glossy for the perfect amount of shine.', 'Made In The USA: Kopari skin care products are manufactured using only the best ingredients and made with love in sustainable, solar powered labs in Southern California. All products are proudly non GMO, sulfate free, cruelty free and paraben free.' - Details: Brand: Kopari, Skin Type: Dry, Item Form: Gel, Finish Type: Sheer, Product Benefits: Hydrating,Smoothening,Soothing,Shine,Nourishing, Package Dimensions: 4.69 x 3.19 x 1.34 inches; 1.76 Ounces, UPC: 850036833345; Store: Store: Kopari; Categories: *; Price: Price: 27.99;"
All Beauty,"Water Flosser Cordless Teeth Cleaner, SOOCAS Professional Oral Irrigator 230ML Portable and Rechargeable Water Dental Flosser with 3 Modes and 4 Jet Tips, IPX7 Waterproof, USB Charged for 30 Days Use",4.1,112,,,None,"{'hi_res': ['https://m.media-amazon.com/images/I/51GKgBAxHKL._SL1500_.jpg', 'https://m.media-amazon.com/images/I/61YWoFrLY7L._SL1000_.jpg', 'https://m.media-amazon.com/images/I/61Pf0f3xHxL._SL1000_.jpg', 'https://m.media-amazon.com/images/I/71Mox-QmpOL._SL1000_.jpg', 'https://m.media-amazon.com/images/I/61taG0wUl9L._SL1000_.jpg', 'https://m.media-amazon.com/images/I/51KFOsu+iJL._SL1000_.jpg', 'https://m.media-amazon.com/images/I/51ydyaGDtKL._SL1000_.jpg', 'https://m.media-amazon.com/images/I/51wr4gfIw3L._SL1000_.jpg'], 'large': ['https://m.media-amazon.com/images/I/314sDuNSdQL.jpg', 'https://m.media-amazon.com/images/I/41DNucbn1eL.jpg', 'https://m.media-amazon.com/images/I/51fmQSrU27L.jpg', 'https://m.media-amazon.com/images/I/51oYgOrywoL.jpg', 'https://m.media-amazon.com/images/I/41cHkJ1vX+L.jpg', 'https://m.media-amazon.com/images/I/41XKuUZjdoL.jpg', 'https://m.media-amazon.com/images/I/412Ms79IslL.jpg', 'https://m.media-amazon.com/images/I/41KztdYPNPL.jpg'], 'thumb': ['https://m.media-amazon.com/images/I/314sDuNSdQL._SS40_.jpg', 'https://m.media-amazon.com/images/I/41DNucbn1eL._SS40_.jpg', 'https://m.media-amazon.com/images/I/51fmQSrU27L._SS40_.jpg', 'https://m.media-amazon.com/images/I/51oYgOrywoL._SS40_.jpg', 'https://m.media-amazon.com/images/I/41cHkJ1vX+L._SS40_.jpg', 'https://m.media-amazon.com/images/I/41XKuUZjdoL._SS40_.jpg', 'https://m.media-amazon.com/images/I/412Ms79IslL._SS40_.jpg', 'https://m.media-amazon.com/images/I/41KztdYPNPL._SS40_.jpg'], 'variant': ['MAIN', 'PT01', 'PT02', 'PT03', 'PT04', 'PT06', 'PT07', 'PT08']}","{'title': [], 'url': [], 'user_id': []}",SOOCAS,,"Brand: SOOCAS, Power Source: Battery Powered, Special Feature: Por, Multiple Operation Modes, Multiple Tips, Unit Count: 1.00 Count, Tank Volume: 230 Milliliters, Package Dimensions: 9.49 x 4.41 x 3.23 inches; 1.08 Pounds, Item model number: SOOCAS W3, Manufacturer: SOOCAS",B07LCHCD6Q,,,,"Parent ASIN: B07LCHCD6Q; Title: Water Flosser Cordless Teeth Cleaner, SOOCAS Professional Oral Irrigator 230ML Portable and Rechargeable Water Dental Flosser with 3 Modes and 4 Jet Tips, IPX7 Waterproof, USB Charged for 30 Days Use; Author: *; Description: *; Features: * - Details: Brand: SOOCAS, Power Source: Battery Powered, Special Feature: Por, Multiple Operation Modes, Multiple Tips, Unit Count: 1.00 Count, Tank Volume: 230 Milliliters, Package Dimensions: 9.49 x 4.41 x 3.23 inches; 1.08 Pounds, Item model number: SOOCAS W3, Manufacturer: SOOCAS; Store: Store: SOOCAS; Categories: *; Price: Price: None;"
All Beauty,"Pretty Frank Natural Deodorant Jar- No Aluminum Deodorant for Women, Men, Teens, & Kids – Paraben Sulfate Free Cream Deodorant with Shea Butter, Coconut Oil, Vitamin E & Baking Soda (Jasmine)",4.3,60,,,None,"{'hi_res': ['https://m.media-amazon.com/images/I/61WBglOTm6L._SL1500_.jpg', 'https://m.media-amazon.com/images/I/916yYFhjjpL._SL1500_.jpg', 'https://m.media-amazon.com/images/I/61Le94bFJoL._SL1080_.jpg', 'https://m.media-amazon.com/images/I/61jzZH94vBL._SL1080_.jpg', 'https://m.media-amazon.com/images/I/61Sp9arZfEL._SL1500_.jpg', 'https://m.media-amazon.com/images/I/618JrktM7eL._SL1080_.jpg'], 'large': ['https://m.media-amazon.com/images/I/31ICEUJ4OYL.jpg', 'https://m.media-amazon.com/images/I/61YH8Xwu67L.jpg', 'https://m.media-amazon.com/images/I/41dPbVZadXL.jpg', 'https://m.media-amazon.com/images/I/412l4VxLM-L.jpg', 'https://m.media-amazon.com/images/I/41mcxLoUyQL.jpg', 'https://m.media-amazon.com/images/I/41qgW25tJEL.jpg'], 'thumb': ['https://m.media-amazon.com/images/I/31ICEUJ4OYL._SS40_.jpg', 'https://m.media-amazon.com/images/I/61YH8Xwu67L._SS40_.jpg', 'https://m.media-amazon.com/images/I/41dPbVZadXL._SS40_.jpg', 'https://m.media-amazon.com/images/I/412l4VxLM-L._SS40_.jpg', 'https://m.media-amazon.com/images/I/41mcxLoUyQL._SS40_.jpg', 'https://m.media-amazon.com/images/I/41qgW25tJEL._SS40_.jpg'], 'variant': ['MAIN', 'PT01', 'PT02', 'PT03', 'PT06', 'PT07']}","{'title': [], 'url': [], 'user_id': []}",PRETTY FRANK,,"Brand: PRETTY FRANK, Item Form: Cream, Scent: Jasmine, Coconut, Material Feature: Natural, Number of Items: 1, Package Dimensions: 3.42 x 2.79 x 2.59 inches; 5.61 Ounces",B086MN4SRX,,,,"Parent ASIN: B086MN4SRX; Title: Pretty Frank Natural Deodorant Jar- No Aluminum Deodorant for Women, Men, Teens, & Kids – Paraben Sulfate Free Cream Deodorant with Shea Butter, Coconut Oil, Vitamin E & Baking Soda (Jasmine); Author: *; Description: *; Features: * - Details: Brand: PRETTY FRANK, Item Form: Cream, Scent: Jasmine, Coconut, Material Feature: Natural, Number of Items: 1, Package Dimensions: 3.42 x 2.79 x 2.59 inches; 5.61 Ounces; Store: Store: PRETTY FRANK; Categories: *; Price: Price: None;"
All Beauty,Biutee Starry Sky Nail Gel Firework Nail Gel With black Nail Polish Gel 8ml UV LED,4.1,108,,,None,"{'hi_res': ['https://m.media-amazon.com/images/I/71b4DvbJXFL._SL1200_.jpg', 'https://m.media-amazon.com/images/I/513gFgL1IVL._SL1200_.jpg', 'https://m.media-amazon.com/images/I/61x+oVThOgL._SL1200_.jpg', 'https://m.media-amazon.com/images/I/61KtpIl4TZL._SL1200_.jpg', 'https://m.media-amazon.com/images/I/7190h0LUaLL._SL1200_.jpg', 'https://m.media-amazon.com/images/I/712974aqBZL._SL1200_.jpg', 'https://m.media-amazon.com/images/I/71zQdzZc9zL._SL1200_.jpg', 'https://m.media-amazon.com/images/I/714KSqWFo+L._SL1200_.jpg', 'https://m.media-amazon.com/images/I/71hZ+kw+97L._SL1200_.jpg'], 'large': ['https://m.media-amazon.com/images/I/51nWAeEuArL.jpg', 'https://m.media-amazon.com/images/I/31yCkNdxenL.jpg', 'https://m.media-amazon.com/images/I/41spUqwoSzL.jpg', 'https://m.media-amazon.com/images/I/51jI4K8Y8HL.jpg', 'https://m.media-amazon.com/images/I/51XoBPkv+3L.jpg', 'https://m.media-amazon.com/images/I/51EUc7BFUxL.jpg', 'https://m.media-amazon.com/images/I/61jwLxV-WeL.jpg', 'https://m.media-amazon.com/images/I/51k0wVhuZKL.jpg', 'https://m.media-amazon.com/images/I/51SPoJ-om5L.jpg'], 'thumb': ['https://m.media-amazon.com/images/I/51nWAeEuArL._SS40_.jpg', 'https://m.media-amazon.com/images/I/31yCkNdxenL._SS40_.jpg', 'https://m.media-amazon.com/images/I/41spUqwoSzL._SS40_.jpg', 'https://m.media-amazon.com/images/I/51jI4K8Y8HL._SS40_.jpg', 'https://m.media-amazon.com/images/I/51XoBPkv+3L._SS40_.jpg', 'https://m.media-amazon.com/images/I/51EUc7BFUxL._SS40_.jpg', 'https://m.media-amazon.com/images/I/61jwLxV-WeL._SS40_.jpg', 'https://m.media-amazon.com/images/I/51k0wVhuZKL._SS40_.jpg', 'https://m.media-amazon.com/images/I/51SPoJ-om5L._SS40_.jpg'], 'variant': ['MAIN', 'PT01', 'PT02', 'PT03', 'PT04', 'PT05', 'PT06', 'PT07', 'PT08']}","{'title': [], 'url': [], 'user_id': []}",Biutee,,"Brand: Biutee, Item Form: Gel, Type: Gel, Material Feature: Non-Toxic, Cruelty Free, Age Range (Description): Adult, Unit Count: 3.5274 Ounce, Number of Items: 2, Liquid Volume: 0.27 Fluid Ounces, Package Dimensions: 4.92 x 3.31 x 1.77 inches; 4.59 Ounces",B086W18W1W,,,,"Parent ASIN: B086W18W1W; Title: Biutee Starry Sky Nail Gel Firework Nail Gel With black Nail Polish Gel 8ml UV LED; Author: *; Description: *; Features: * - Details: Brand: Biutee, Item Form: Gel, Type: Gel, Material Feature: Non-Toxic, Cruelty Free, Age Range (Description): Adult, Unit Count: 3.5274 Ounce, Number of Items: 2, Liquid Volume: 0.27 Fluid Ounces, Package Dimensions: 4.92 x 3.31 x 1.77 inches; 4.59 Ounces; Store: Store: Biutee; Categories: *; Price: Price: None;"
All Beauty,"John Frieda Detox and Repair Shampoo and Conditioner Set with Nourishing Avocado Oil and Green Tea, 8.45 Fl Oz (Pack of 2)",4.5,242,'REMOVE BUILD UP - John Frieda Detox and Repair Shampoo and Conditioner set provide stressed hair with rich nutrients and revitalizes hair immediately.',"'John Frieda Detox and Repair Shampoo and Conditioner set removes product build up and revitalizes dry and stressed hair. Detox and Repair moisturizes and cleanses damaged hair and leaves hair visibly healthy and repaired. With antioxidant rich green tea and nourishing avocado oil. Your hair is exposed to many daily challenges that could make it look stressed and lifeless. Styling, product build up, and environmental influences can strain hair and can reduce the effect of caring ingredients. With antioxidant rich green tea and nourishing avocado oil, John Frieda Detox and Repair removes product build up and revitalizes hair immediately. The result: Repaired and healthy looking hair with silky shine. Satisfaction Guaranteed. Limitations may apply.'",None,"{'hi_res': ['https://m.media-amazon.com/images/I/71wF+v3JCgL._SL1500_.jpg', 'https://m.media-amazon.com/images/I/71U7KZf320L._SL1500_.jpg', 'https://m.media-amazon.com/images/I/714ZVL7QqFL._SL1500_.jpg', 'https://m.media-amazon.com/images/I/71WDTJJYTfL._SL1500_.jpg'], 'large': ['https://m.media-amazon.com/images/I/419XRELM7CL.jpg', 'https://m.media-amazon.com/images/I/41ouInpppTL.jpg', 'https://m.media-amazon.com/images/I/410oDZpef2L.jpg', 'https://m.media-amazon.com/images/I/3162fUq9RNL.jpg'], 'thumb': ['https://m.media-amazon.com/images/I/419XRELM7CL._SS40_.jpg', 'https://m.media-amazon.com/images/I/41ouInpppTL._SS40_.jpg', 'https://m.media-amazon.com/images/I/410oDZpef2L._SS40_.jpg', 'https://m.media-amazon.com/images/I/3162fUq9RNL._SS40_.jpg'], 'variant': ['MAIN', 'PT01', 'PT02', 'PT03']}","{'title': ['Hacks to Conquer Your Fitness, Beauty and Travel Goals'], 'url': ['https://www.amazon.com/vdp/954fd9f11eb7421fb3a4ad20c0fa1c04?ref=dp_vse_rvc_0'], 'user_id': ['AGPOSSKWVV6YCIT76VCUYCHBDQ7Q']}",John Frieda,,"Product Benefits: Detoxifying, Brand: John Frieda, Hair Type: All, Dry, Number of Items: 2, Unit Count: 16.9 Fl Oz, Product Dimensions: 3 x 3.8 x 9.06 inches; 8.45 Ounces, UPC: 717226276545",B08XJWLLKQ,,,,"Parent ASIN: B08XJWLLKQ; Title: John Frieda Detox and Repair Shampoo and Conditioner Set with Nourishing Avocado Oil and Green Tea, 8.45 Fl Oz (Pack of 2); Author: *; Description: Description: 'John Frieda Detox and Repair Shampoo and Conditioner set removes product build up and revitalizes dry and stressed hair. Detox and Repair moisturizes and cleanses damaged hair and leaves hair visibly healthy and repaired. With antioxidant rich green tea and nourishing avocado oil. Your hair is exposed to many daily challenges that could make it look stressed and lifeless. Styling, product build up, and environmental influences can strain hair and can reduce the effect of caring ingredients. With antioxidant rich green tea and nourishing avocado oil, John Frieda Detox and Repair removes product build up and revitalizes hair immediately. The result: Repaired and healthy looking hair with silky shine. Satisfaction Guaranteed. Limitations may apply.'; Features: Features: 'REMOVE BUILD UP - John Frieda Detox and Repair Shampoo and Conditioner set provide stressed hair with rich nutrients and revitalizes hair immediately.' - Details: Product Benefits: Detoxifying, Brand: John Frieda, Hair Type: All, Dry, Number of Items: 2, Unit Count: 16.9 Fl Oz, Product Dimensions: 3 x 3.8 x 9.06 inches; 8.45 Ounces, UPC: 717226276545; Store: Store: John Frieda; Categories: *; Price: Price: None;"
All Beauty,"PINROSE Perfumes Bold Soul - Eau de Parfum Petals (Fragrance Towelettes) - Vegan, Cruelty-free, and Hypoallergenic Scent with Essential Oils - Notes of Crushed Blackberry, Tuberose, Vanilla, Cinnamon and Patchouli",4.0,251,"WHAT'S A PETAL? A petal is an innovative way to apply or refresh PINROSE perfumes, anytime, anywhere; each one contains the perfect dose of fragrance on a convenient, ultra-portable towelette., 'BOLD SOUL: This warm floral is a diva, a dynamo, your liquid get-up-and-go, the scent equivalent of a peacock with colors ablaze.', 'CLEAN BEAUTY: All PINROSE products are HYPOALLERGENIC, VEGAN + paraben, phthalate and CRUELTY FREE. We never test on animals or use animal ingredients.', 'THE FULL COLLECTION: Visit our Amazon store to discover the many ways you can enjoy the PINROSE scent made just for you.', 'PERFUMES WITH PERSONALITY: Every PINROSE scent was designed with a clear vision of the sensory impact it should make. Within every PINROSE fragrance is a world of textures, tastes, music, art and energy that invite you to SMELL LIFE IN COLOR.'",,10.0,"{'hi_res': ['https://m.media-amazon.com/images/I/71e4Yz9N0QL._SL1500_.jpg', 'https://m.media-amazon.com/images/I/71l4EwMtgyL._SL1500_.jpg', 'https://m.media-amazon.com/images/I/71ju5j4uI0L._SL1500_.jpg', 'https://m.media-amazon.com/images/I/51ZgprnEGgL._SL1100_.jpg'], 'large': ['https://m.media-amazon.com/images/I/319jfzor2KL.jpg', 'https://m.media-amazon.com/images/I/31DTtSh5tlL.jpg', 'https://m.media-amazon.com/images/I/418GdGq45LL.jpg', 'https://m.media-amazon.com/images/I/41uWmdV4X3L.jpg'], 'thumb': ['https://m.media-amazon.com/images/I/319jfzor2KL._SS40_.jpg', 'https://m.media-amazon.com/images/I/31DTtSh5tlL._SS40_.jpg', 'https://m.media-amazon.com/images/I/418GdGq45LL._SS40_.jpg', 'https://m.media-amazon.com/images/I/41uWmdV4X3L._SS40_.jpg'], 'variant': ['MAIN', 'PT01', 'PT02', 'PT03']}","{'title': [], 'url': [], 'user_id': []}",PINROSE,,"Brand: PINROSE, Item Form: Spray, Scent: Bold Soul, Special Feature: Portable, Fragrance Concentration: eau_de_parfum, Package Dimensions: 3 x 3 x 0.05 inches; 0.49 Ounces, UPC: 850016075529",B0B2L218H2,,,,"Parent ASIN: B0B2L218H2; Title: PINROSE Perfumes Bold Soul - Eau de Parfum Petals (Fragrance Towelettes) - Vegan, Cruelty-free, and Hypoallergenic Scent with Essential Oils - Notes of Crushed Blackberry, Tuberose, Vanilla, Cinnamon and Patchouli; Author: *; Description: *; Features: Features: WHAT'S A PETAL? A petal is an innovative way to apply or refresh PINROSE perfumes, anytime, anywhere; each one contains the perfect dose of fragrance on a convenient, ultra-portable towelette., 'BOLD SOUL: This warm floral is a diva, a dynamo, your liquid get-up-and-go, the scent equivalent of a peacock with colors ablaze.', 'CLEAN BEAUTY: All PINROSE products are HYPOALLERGENIC, VEGAN + paraben, phthalate and CRUELTY FREE. We never test on animals or use animal ingredients.', 'THE FULL COLLECTION: Visit our Amazon store to discover the many ways you can enjoy the PINROSE scent made just for you.', 'PERFUMES WITH PERSONALITY: Every PINROSE scent was designed with a clear vision of the sensory impact it should make. Within every PINROSE fragrance is a world of textures, tastes, music, art and energy that invite you to SMELL LIFE IN COLOR.' - Details: Brand: PINROSE, Item Form: Spray, Scent: Bold Soul, Special Feature: Portable, Fragrance Concentration: eau_de_parfum, Package Dimensions: 3 x 3 x 0.05 inches; 0.49 Ounces, UPC: 850016075529; Store: Store: PINROSE; Categories: *; Price: Price: 10.0;"
All Beauty,20 PCS Zoostliss Nail Polish Remover Clips,4.5,112,,,None,"{'hi_res': ['https://m.media-amazon.com/images/I/611RGFIZWNL._SL1500_.jpg', 'https://m.media-amazon.com/images/I/61aEPdbxghL._SL1500_.jpg', 'https://m.media-amazon.com/images/I/61oBJjDa0LL._SL1500_.jpg', 'https://m.media-amazon.com/images/I/61ktAJSpArL._SL1500_.jpg', 'https://m.media-amazon.com/images/I/610kIGRROsL._SL1500_.jpg', 'https://m.media-amazon.com/images/I/61XZb4Iej2L._SL1500_.jpg', 'https://m.media-amazon.com/images/I/61sW8lssClL._SL1500_.jpg', 'https://m.media-amazon.com/images/I/51ubvYfq62L._SL1500_.jpg', 'https://m.media-amazon.com/images/I/510Bu2L6XmL._SL1500_.jpg'], 'large': ['https://m.media-amazon.com/images/I/41rsQ6Xa4sL.jpg', 'https://m.media-amazon.com/images/I/41EdH14+6RL.jpg', 'https://m.media-amazon.com/images/I/41oLCJUS2DL.jpg', 'https://m.media-amazon.com/images/I/41BVk-UMGmL.jpg', 'https://m.media-amazon.com/images/I/410haLfbI0L.jpg', 'https://m.media-amazon.com/images/I/41EjEuddfhL.jpg', 'https://m.media-amazon.com/images/I/31yLJjTpaZL.jpg', 'https://m.media-amazon.com/images/I/31dwTTtVnLL.jpg', 'https://m.media-amazon.com/images/I/31he3BoMTcL.jpg'], 'thumb': ['https://m.media-amazon.com/images/I/41rsQ6Xa4sL._SS40_.jpg', 'https://m.media-amazon.com/images/I/41EdH14+6RL._SS40_.jpg', 'https://m.media-amazon.com/images/I/41oLCJUS2DL._SS40_.jpg', 'https://m.media-amazon.com/images/I/41BVk-UMGmL._SS40_.jpg', 'https://m.media-amazon.com/images/I/410haLfbI0L._SS40_.jpg', 'https://m.media-amazon.com/images/I/41EjEuddfhL._SS40_.jpg', 'https://m.media-amazon.com/images/I/31yLJjTpaZL._SS40_.jpg', 'https://m.media-amazon.com/images/I/31dwTTtVnLL._SS40_.jpg', 'https://m.media-amazon.com/images/I/31he3BoMTcL._SS40_.jpg'], 'variant': ['MAIN', 'PT01', 'PT02', 'PT03', 'PT04', 'PT05', 'PT06', 'PT07', 'PT08']}","{'title': [], 'url': [], 'user_id': []}",Zoostliss,,"Brand: Zoostliss, Number of Items: 20, Unit Count: 20 Count, Package Dimensions: 6.6 x 5.1 x 1.8 inches; 3.99 Ounces",B086VK22QT,,,,"Parent ASIN: B086VK22QT; Title: 20 PCS Zoostliss Nail Polish Remover Clips; Author: *; Description: *; Features: * - Details: Brand: Zoostliss, Number of Items: 20, Unit Count: 20 Count, Package Dimensions: 6.6 x 5.1 x 1.8 inches; 3.99 Ounces; Store: Store: Zoostliss; Categories: *; Price: Price: None;"
All Beauty,"35.4 Inch Extra Long Silicone Back Scrubber for Shower, 2021 Updated Lengthen Back Scrubber Brush for Men and Women, Exfoliating Back Washer with Wall Hooks, Easy Clean, Comfortable Massage (Green 27.5in)",3.8,76,,,None,"{'hi_res': ['https://m.media-amazon.com/images/I/51upXeIGWOL._SL1000_.jpg', 'https://m.media-amazon.com/images/I/61JF6RdvkFL._SL1000_.jpg', 'https://m.media-amazon.com/images/I/61ay4gSvZhL._SL1000_.jpg', 'https://m.media-amazon.com/images/I/613rnOLYI9L._SL1000_.jpg', 'https://m.media-amazon.com/images/I/61WOiO84oSL._SL1000_.jpg', 'https://m.media-amazon.com/images/I/61M7-46D2wL._SL1000_.jpg', 'https://m.media-amazon.com/images/I/61fipVeVQiL._SL1000_.jpg', 'https://m.media-amazon.com/images/I/61+iC33Nr2L._SL1000_.jpg', 'https://m.media-amazon.com/images/I/61Lk5LbCQdL._SL1000_.jpg'], 'large': ['https://m.media-amazon.com/images/I/41vWD6FKBZL.jpg', 'https://m.media-amazon.com/images/I/51Y1uBqkadL.jpg', 'https://m.media-amazon.com/images/I/51Pj3z3DTrL.jpg', 'https://m.media-amazon.com/images/I/41NqF9Dc6aL.jpg', 'https://m.media-amazon.com/images/I/51te+tbZhwL.jpg', 'https://m.media-amazon.com/images/I/511A9P5ltbL.jpg', 'https://m.media-amazon.com/images/I/41z91S5U3aL.jpg', 'https://m.media-amazon.com/images/I/51mUSBbRbnL.jpg', 'https://m.media-amazon.com/images/I/51ga7QZ6sUL.jpg'], 'thumb': ['https://m.media-amazon.com/images/I/41vWD6FKBZL._SS40_.jpg', 'https://m.media-amazon.com/images/I/51Y1uBqkadL._SS40_.jpg', 'https://m.media-amazon.com/images/I/51Pj3z3DTrL._SS40_.jpg', 'https://m.media-amazon.com/images/I/41NqF9Dc6aL._SS40_.jpg', 'https://m.media-amazon.com/images/I/51te+tbZhwL._SS40_.jpg', 'https://m.media-amazon.com/images/I/511A9P5ltbL._SS40_.jpg', 'https://m.media-amazon.com/images/I/41z91S5U3aL._SS40_.jpg', 'https://m.media-amazon.com/images/I/51mUSBbRbnL._SS40_.jpg', 'https://m.media-amazon.com/images/I/51ga7QZ6sUL._SS40_.jpg'], 'variant': ['MAIN', 'PT01', 'PT02', 'PT03', 'PT04', 'PT05', 'PT06', 'PT07', 'PT08']}","{'title': [], 'url': [], 'user_id': []}",MAORULU,,"Package Dimensions: 8.75 x 5.5 x 2.6 inches; 6.38 Ounces, UPC: 757173533773, Manufacturer: MAORULU",B08FD2KP9R,,,,"Parent ASIN: B08FD2KP9R; Title: 35.4 Inch Extra Long Silicone Back Scrubber for Shower, 2021 Updated Lengthen Back Scrubber Brush for Men and Women, Exfoliating Back Washer with Wall Hooks, Easy Clean, Comfortable Massage (Green 27.5in); Author: *; Description: *; Features: * - Details: Package Dimensions: 8.75 x 5.5 x 2.6 inches; 6.38 Ounces, UPC: 757173533773, Manufacturer: MAORULU; Store: Store: MAORULU; Categories: *; Price: Price: None;"
All Beauty,SELF/ish Men's Face Scrub | Exfoliating Facial Cleanser | Deep Cleansing | Effective Shave Prep & Beard Exfoliator for Men | Natural Ingredients | 3.4fl oz,4.4,266,,,None,"{'hi_res': ['https://m.media-amazon.com/images/I/71wTIBj9nGL._SL1500_.jpg', 'https://m.media-amazon.com/images/I/8174G1SqVRL._SL1500_.jpg', 'https://m.media-amazon.com/images/I/71ztg8RkhEL._SL1500_.jpg', 'https://m.media-amazon.com/images/I/81duo1RBNPL._SL1500_.jpg', 'https://m.media-amazon.com/images/I/71mbqzFKOFL._SL1500_.jpg', 'https://m.media-amazon.com/images/I/71Mn8ObbAQL._SL1500_.jpg', 'https://m.media-amazon.com/images/I/71-A-k3D0UL._SL1500_.jpg', 'https://m.media-amazon.com/images/I/A1Xlsc0qHNL._SL1500_.jpg', 'https://m.media-amazon.com/images/I/91+UySS9IXL._SL1500_.jpg'], 'large': ['https://m.media-amazon.com/images/I/314uwlw9NoL.jpg', 'https://m.media-amazon.com/images/I/41OT4Hajx6L.jpg', 'https://m.media-amazon.com/images/I/41quOuA04OL.jpg', 'https://m.media-amazon.com/images/I/41SwO05nQNL.jpg', 'https://m.media-amazon.com/images/I/51MKuRcOmVL.jpg', 'https://m.media-amazon.com/images/I/51O3a7w6UsL.jpg', 'https://m.media-amazon.com/images/I/51rJuo5SJ-L.jpg', 'https://m.media-amazon.com/images/I/51BWcWhzxFL.jpg', 'https://m.media-amazon.com/images/I/5169MDW6kJL.jpg'], 'thumb': ['https://m.media-amazon.com/images/I/314uwlw9NoL._SS40_.jpg', 'https://m.media-amazon.com/images/I/41OT4Hajx6L._SS40_.jpg', 'https://m.media-amazon.com/images/I/41quOuA04OL._SS40_.jpg', 'https://m.media-amazon.com/images/I/41SwO05nQNL._SS40_.jpg', 'https://m.media-amazon.com/images/I/51MKuRcOmVL._SS40_.jpg', 'https://m.media-amazon.com/images/I/51O3a7w6UsL._SS40_.jpg', 'https://m.media-amazon.com/images/I/51rJuo5SJ-L._SS40_.jpg', 'https://m.media-amazon.com/images/I/51BWcWhzxFL._SS40_.jpg', 'https://m.media-amazon.com/images/I/5169MDW6kJL._SS40_.jpg'], 'variant': ['MAIN', 'PT01', 'PT02', 'PT03', 'PT04', 'PT05', 'PT06', 'PT07', 'PT08']}","{'title': [], 'url': [], 'user_id': []}",MELARQT,,"Brand: MELARQT, Item Form: Scrub, Skin Type: Acne Prone, Product Benefits: Exfoliating, Material Feature: Natural, Package Dimensions: 6.26 x 2.09 x 2.01 inches; 4.73 Ounces, Department: Men, UPC: 810042384002",B08BFH35VX,,,,"Parent ASIN: B08BFH35VX; Title: SELF/ish Men's Face Scrub | Exfoliating Facial Cleanser | Deep Cleansing | Effective Shave Prep & Beard Exfoliator for Men | Natural Ingredients | 3.4fl oz; Author: *; Description: *; Features: * - Details: Brand: MELARQT, Item Form: Scrub, Skin Type: Acne Prone, Product Benefits: Exfoliating, Material Feature: Natural, Package Dimensions: 6.26 x 2.09 x 2.01 inches; 4.73 Ounces, Department: Men, UPC: 810042384002; Store: Store: MELARQT; Categories: *; Price: Price: None;"
All Beauty,"Bioré J-Beauty Makeup Removing Moisturizing Cleansing Jelly, Top Japanese Makeup Remover, Gentle Skin Cleanser, Mild Floral Fragrance, Non-Greasy, 7.8 Ounce",4.4,879,"'RESIDUE-FREE, CLEANSING MAKE UP REMOVER - Wipe makeup right off with this non-greasy formula and leave no sticky residue behind for a fully clean complexion.', TOP JAPANESE MAKEUP REMOVING BRAND - A product from Japan's #1 makeup removing brand* that dissolves and removes makeup without greasy or sticky residue., 'HYDRATING, CONDITIONING JELLY - Formulated with conditioning beauty essence that hydrates your skin and leaves it feeling clean and fresh.', 'REMOVES MAKEUP - From full face of makeup to fully clean. This jelly works to remove makeup from your face.', 'CLEANSING JELLY MOISTURIZES SKIN - Easily removes makeup, while moisturizing skin without leaving behind a sticky residue.'","'Bioré J-Beauty Makeup Removing Moisturizing Cleansing Jelly is a non-greasy makeup remover that removes dirt and impurities from deep below the surface of your skin. This top Japanese makeup remover glides on gently and leaves no sticky residue. Formulated with conditioning beauty essence, this jelly leaves skin feeling moisturized and free of makeup. Satisfaction Guaranteed. Limitations may apply.'",11.95,"{'hi_res': ['https://m.media-amazon.com/images/I/71NPLUT9ROL._SL1500_.jpg', 'https://m.media-amazon.com/images/I/61M1GPTlG-L._SL1200_.jpg', 'https://m.media-amazon.com/images/I/51AdmYbzoVL._SL1000_.jpg'], 'large': ['https://m.media-amazon.com/images/I/418v-RMRiCL.jpg', 'https://m.media-amazon.com/images/I/41l-E09VvlL.jpg', 'https://m.media-amazon.com/images/I/41-YeJZJxwL.jpg'], 'thumb': ['https://m.media-amazon.com/images/I/418v-RMRiCL._SS40_.jpg', 'https://m.media-amazon.com/images/I/41l-E09VvlL._SS40_.jpg', 'https://m.media-amazon.com/images/I/41-YeJZJxwL._SS40_.jpg'], 'variant': ['MAIN', 'PT01', 'PT02']}","{'title': [], 'url': [], 'user_id': []}",Bioré,,"Product Dimensions: 1.56 x 2.5 x 7.25 inches; 10.08 Ounces, Item model number: 28077_obs, UPC: 019100264557, Manufacturer: Kao USA Inc.",B0914JBBTV,,,,"Parent ASIN: B0914JBBTV; Title: Bioré J-Beauty Makeup Removing Moisturizing Cleansing Jelly, Top Japanese Makeup Remover, Gentle Skin Cleanser, Mild Floral Fragrance, Non-Greasy, 7.8 Ounce; Author: *; Description: Description: 'Bioré J-Beauty Makeup Removing Moisturizing Cleansing Jelly is a non-greasy makeup remover that removes dirt and impurities from deep below the surface of your skin. This top Japanese makeup remover glides on gently and leaves no sticky residue. Formulated with conditioning beauty essence, this jelly leaves skin feeling moisturized and free of makeup. Satisfaction Guaranteed. Limitations may apply.'; Features: Features: 'RESIDUE-FREE, CLEANSING MAKE UP REMOVER - Wipe makeup right off with this non-greasy formula and leave no sticky residue behind for a fully clean complexion.', TOP JAPANESE MAKEUP REMOVING BRAND - A product from Japan's #1 makeup removing brand* that dissolves and removes makeup without greasy or sticky residue., 'HYDRATING, CONDITIONING JELLY - Formulated with conditioning beauty essence that hydrates your skin and leaves it feeling clean and fresh.', 'REMOVES MAKEUP - From full face of makeup to fully clean. This jelly works to remove makeup from your face.', 'CLEANSING JELLY MOISTURIZES SKIN - Easily removes makeup, while moisturizing skin without leaving behind a sticky residue.' - Details: Product Dimensions: 1.56 x 2.5 x 7.25 inches; 10.08 Ounces, Item model number: 28077_obs, UPC: 019100264557, Manufacturer: Kao USA Inc.; Store: Store: Bioré; Categories: *; Price: Price: 11.95;"
All Beauty,"Glow Line Individual Hand Wipes - Hand Wipes Travel Size, Lavender Rose Travel Hand Wipes - Moist Towelettes Individually Wrapped, Wet Wipes Individually Wrapped w/Murumuru Seed & Peptides - 15 ct",3.3,27,,,None,"{'hi_res': ['https://m.media-amazon.com/images/I/61YQZ0HiVUL._SL1500_.jpg', 'https://m.media-amazon.com/images/I/612DUKIcMSL._SL1500_.jpg', 'https://m.media-amazon.com/images/I/612OCtwDxfL._SL1500_.jpg', 'https://m.media-amazon.com/images/I/61MWKWkThCL._SL1500_.jpg', 'https://m.media-amazon.com/images/I/61viRKxtYfL._SL1500_.jpg', 'https://m.media-amazon.com/images/I/61aIwMJP8vL._SL1500_.jpg', 'https://m.media-amazon.com/images/I/71gRA+4HDXL._SL1500_.jpg', 'https://m.media-amazon.com/images/I/61zoopzV5lL._SL1500_.jpg'], 'large': ['https://m.media-amazon.com/images/I/41ab4XNfGyL.jpg', 'https://m.media-amazon.com/images/I/41JHtDm0V9L.jpg', 'https://m.media-amazon.com/images/I/41KFtJ7HelL.jpg', 'https://m.media-amazon.com/images/I/41BzDnzShwL.jpg', 'https://m.media-amazon.com/images/I/41UIaY5fvSL.jpg', 'https://m.media-amazon.com/images/I/41jllmbwnYL.jpg', 'https://m.media-amazon.com/images/I/514SBE5DZXL.jpg', 'https://m.media-amazon.com/images/I/41ZyP4ESmiL.jpg'], 'thumb': ['https://m.media-amazon.com/images/I/41ab4XNfGyL._SS40_.jpg', 'https://m.media-amazon.com/images/I/41JHtDm0V9L._SS40_.jpg', 'https://m.media-amazon.com/images/I/41KFtJ7HelL._SS40_.jpg', 'https://m.media-amazon.com/images/I/41BzDnzShwL._SS40_.jpg', 'https://m.media-amazon.com/images/I/41UIaY5fvSL._SS40_.jpg', 'https://m.media-amazon.com/images/I/41jllmbwnYL._SS40_.jpg', 'https://m.media-amazon.com/images/I/514SBE5DZXL._SS40_.jpg', 'https://m.media-amazon.com/images/I/41ZyP4ESmiL._SS40_.jpg'], 'variant': ['MAIN', 'PT01', 'PT02', 'PT03', 'PT04', 'PT05', 'PT06', 'PT07']}","{'title': ['The really do make your hands feel soft.', '15 ct Glow Line - Lavender Rose Hand Wipe'], 'url': ['https://www.amazon.com/vdp/08c49760afde4367976c3861d8c047a3?ref=dp_vse_rvc_0', 'https://www.amazon.com/vdp/06331f116e5b4efb81095aac1ee7d075?ref=dp_vse_rvc_1'], 'user_id': ['AGQVIK642RW5T3JX35NBPUR4ZKUA', '']}",BUSYCO,,"Brand: BUSYCO, Skin Type: All, Unit Count: 15.00 Count, Number of Items: 1, Age Range (Description): Adult, Product Dimensions: 4.5 x 7.3 x 3.5 inches; 3.21 Ounces",B08DK4NDM3,,,,"Parent ASIN: B08DK4NDM3; Title: Glow Line Individual Hand Wipes - Hand Wipes Travel Size, Lavender Rose Travel Hand Wipes - Moist Towelettes Individually Wrapped, Wet Wipes Individually Wrapped w/Murumuru Seed & Peptides - 15 ct; Author: *; Description: *; Features: * - Details: Brand: BUSYCO, Skin Type: All, Unit Count: 15.00 Count, Number of Items: 1, Age Range (Description): Adult, Product Dimensions: 4.5 x 7.3 x 3.5 inches; 3.21 Ounces; Store: Store: BUSYCO; Categories: *; Price: Price: None;"
All Beauty,"Simply Dana Coconut Lip Scrub, Exfoliate and Plump Your Lips, 0.4 oz (12g)",3.9,18,,,None,"{'hi_res': ['https://m.media-amazon.com/images/I/714mxM1tsnL._SL1500_.jpg', 'https://m.media-amazon.com/images/I/81wjXnyXPOL._SL1500_.jpg', 'https://m.media-amazon.com/images/I/91CzwlYvQiL._SL1500_.jpg', 'https://m.media-amazon.com/images/I/81ECmH9QWoL._SL1500_.jpg', 'https://m.media-amazon.com/images/I/81nP3wEbd6L._SL1500_.jpg', 'https://m.media-amazon.com/images/I/817ASunw-6L._SL1500_.jpg', 'https://m.media-amazon.com/images/I/81Q+4uuSEjL._SL1500_.jpg'], 'large': ['https://m.media-amazon.com/images/I/41PRib7xtuL.jpg', 'https://m.media-amazon.com/images/I/51fvn30UMFL.jpg', 'https://m.media-amazon.com/images/I/51iBMkdqEpL.jpg', 'https://m.media-amazon.com/images/I/41Q-lVXCPlL.jpg', 'https://m.media-amazon.com/images/I/510wL3XZZxL.jpg', 'https://m.media-amazon.com/images/I/415aDBGjtvL.jpg', 'https://m.media-amazon.com/images/I/41k5dS7llwL.jpg'], 'thumb': ['https://m.media-amazon.com/images/I/41PRib7xtuL._SS40_.jpg', 'https://m.media-amazon.com/images/I/51fvn30UMFL._SS40_.jpg', 'https://m.media-amazon.com/images/I/51iBMkdqEpL._SS40_.jpg', 'https://m.media-amazon.com/images/I/41Q-lVXCPlL._SS40_.jpg', 'https://m.media-amazon.com/images/I/510wL3XZZxL._SS40_.jpg', 'https://m.media-amazon.com/images/I/415aDBGjtvL._SS40_.jpg', 'https://m.media-amazon.com/images/I/41k5dS7llwL._SS40_.jpg'], 'variant': ['MAIN', 'PT01', 'PT02', 'PT03', 'PT04', 'PT05', 'PT06']}","{'title': [], 'url': [], 'user_id': []}",Simply Dana,,"Brand: Simply Dana, Skin Type: Dry, Product Benefits: Exfoliating, Material Feature: Natural, Unit Count: 1.00 Count, Product Dimensions: 1.57 x 1.38 x 1.38 inches; 1.13 Ounces, UPC: 672975914059",B08RQZ3F3L,,,,"Parent ASIN: B08RQZ3F3L; Title: Simply Dana Coconut Lip Scrub, Exfoliate and Plump Your Lips, 0.4 oz (12g); Author: *; Description: *; Features: * - Details: Brand: Simply Dana, Skin Type: Dry, Product Benefits: Exfoliating, Material Feature: Natural, Unit Count: 1.00 Count, Product Dimensions: 1.57 x 1.38 x 1.38 inches; 1.13 Ounces, UPC: 672975914059; Store: Store: Simply Dana; Categories: *; Price: Price: None;"
All Beauty,"Gel Nail Polish Set, Glitter 6 Colors Gel Polish Kit Popular Nail Art Design Soak Off LED Lamp Nail Polish Gel Manicure Kit Gifts Set for Girls Women Professional DIY Home Use",3.7,45,,,None,"{'hi_res': ['https://m.media-amazon.com/images/I/81iyjXP6stL._SL1500_.jpg', 'https://m.media-amazon.com/images/I/91S8ZKgn6LL._SL1500_.jpg', 'https://m.media-amazon.com/images/I/81ORjAHD1dL._SL1500_.jpg', 'https://m.media-amazon.com/images/I/81ZAoVuloqL._SL1500_.jpg', 'https://m.media-amazon.com/images/I/81fTaPq56AL._SL1500_.jpg', 'https://m.media-amazon.com/images/I/71dM2kW5wSL._SL1500_.jpg', 'https://m.media-amazon.com/images/I/71ejWBLVXdL._SL1200_.jpg'], 'large': ['https://m.media-amazon.com/images/I/51ZVBEbqzwL.jpg', 'https://m.media-amazon.com/images/I/615U7GaVNYL.jpg', 'https://m.media-amazon.com/images/I/51xJTMxmq6L.jpg', 'https://m.media-amazon.com/images/I/416kqBgUlVL.jpg', 'https://m.media-amazon.com/images/I/51UEgKzztVL.jpg', 'https://m.media-amazon.com/images/I/41cAVtKz8GL.jpg', 'https://m.media-amazon.com/images/I/519628a1HSL.jpg'], 'thumb': ['https://m.media-amazon.com/images/I/51ZVBEbqzwL._SS40_.jpg', 'https://m.media-amazon.com/images/I/615U7GaVNYL._SS40_.jpg', 'https://m.media-amazon.com/images/I/51xJTMxmq6L._SS40_.jpg', 'https://m.media-amazon.com/images/I/416kqBgUlVL._SS40_.jpg', 'https://m.media-amazon.com/images/I/51UEgKzztVL._SS40_.jpg', 'https://m.media-amazon.com/images/I/41cAVtKz8GL._SS40_.jpg', 'https://m.media-amazon.com/images/I/519628a1HSL._SS40_.jpg'], 'variant': ['MAIN', 'PT01', 'PT02', 'PT03', 'PT04', 'PT05', 'PT06']}","{'title': ['Love the sparkles ✨', 'ANZUO Shimmer Gel Nail Polish Set 6 Colors', 'ANZUO GEL NAIl POLISH'], 'url': ['https://www.amazon.com/vdp/f9a4f49be88549bb91f6611a9b08d3b4?ref=dp_vse_rvc_0', 'https://www.amazon.com/vdp/f1017189f5e84328a42fae472864b843?ref=dp_vse_rvc_1', 'https://www.amazon.com/vdp/31057b1865e54cf28f5a48c529b89415?ref=dp_vse_rvc_2'], 'user_id': ['AHWPZHJ4F5WMUMMN3GRW5FHRW5QQ', '', '']}",Anzuo,,"Brand: Anzuo, Item Form: Gel, Type: gel, Finish Type: Shimmery, Special Feature: Long Lasting, Material Feature: Non-Toxic, Cruelty Free, Age Range (Description): Adult, Unit Count: 6.00 Count, Number of Items: 6, Number of Pieces: 6, Product Dimensions: 5.12 x 3.15 x 3.54 inches; 10.23 Ounces",B08CVCLVS2,,,,"Parent ASIN: B08CVCLVS2; Title: Gel Nail Polish Set, Glitter 6 Colors Gel Polish Kit Popular Nail Art Design Soak Off LED Lamp Nail Polish Gel Manicure Kit Gifts Set for Girls Women Professional DIY Home Use; Author: *; Description: *; Features: * - Details: Brand: Anzuo, Item Form: Gel, Type: gel, Finish Type: Shimmery, Special Feature: Long Lasting, Material Feature: Non-Toxic, Cruelty Free, Age Range (Description): Adult, Unit Count: 6.00 Count, Number of Items: 6, Number of Pieces: 6, Product Dimensions: 5.12 x 3.15 x 3.54 inches; 10.23 Ounces; Store: Store: Anzuo; Categories: *; Price: Price: None;"
All Beauty,20pcs Nail Tips Clips for Quick Building Polygel Nail Forms Nail Tips Clip for Finger Nail Extension DIY Manicure Nail Art Tool,4.0,1048,,,None,"{'hi_res': ['https://m.media-amazon.com/images/I/61xQePD6DWL._SL1025_.jpg', 'https://m.media-amazon.com/images/I/61KHwZXt6iL._SL1025_.jpg', 'https://m.media-amazon.com/images/I/61E94Gy3CtL._SL1025_.jpg', 'https://m.media-amazon.com/images/I/61TU0f9Km5L._SL1025_.jpg', 'https://m.media-amazon.com/images/I/61AOtH6G0QL._SL1025_.jpg', 'https://m.media-amazon.com/images/I/51HfD+xOO5L._SL1025_.jpg', 'https://m.media-amazon.com/images/I/61sJ2ld5z9L._SL1025_.jpg'], 'large': ['https://m.media-amazon.com/images/I/51FNeXfbBbL.jpg', 'https://m.media-amazon.com/images/I/41obGjiI-ZL.jpg', 'https://m.media-amazon.com/images/I/41vXAlZheML.jpg', 'https://m.media-amazon.com/images/I/41c8+r4PYbL.jpg', 'https://m.media-amazon.com/images/I/41lwXJKCrRL.jpg', 'https://m.media-amazon.com/images/I/41Xjco9R2TL.jpg', 'https://m.media-amazon.com/images/I/41KjJK8Zw1L.jpg'], 'thumb': ['https://m.media-amazon.com/images/I/51FNeXfbBbL._SS40_.jpg', 'https://m.media-amazon.com/images/I/41obGjiI-ZL._SS40_.jpg', 'https://m.media-amazon.com/images/I/41vXAlZheML._SS40_.jpg', 'https://m.media-amazon.com/images/I/41c8+r4PYbL._SS40_.jpg', 'https://m.media-amazon.com/images/I/41lwXJKCrRL._SS40_.jpg', 'https://m.media-amazon.com/images/I/41Xjco9R2TL._SS40_.jpg', 'https://m.media-amazon.com/images/I/41KjJK8Zw1L._SS40_.jpg'], 'variant': ['MAIN', 'PT01', 'PT02', 'PT03', 'PT04', 'PT05', 'PT06']}","{'title': [], 'url': [], 'user_id': []}",tiggell,,"Size: 20 Count (Pack of 1), Material: Plastic, Brand: Tiggell, Style: French, Coverage: Full Well Tips, Package Dimensions: 8.98 x 6.85 x 2.2 inches; 4.16 Ounces, UPC: 795853588163",B088LPYXNQ,,,,"Parent ASIN: B088LPYXNQ; Title: 20pcs Nail Tips Clips for Quick Building Polygel Nail Forms Nail Tips Clip for Finger Nail Extension DIY Manicure Nail Art Tool; Author: *; Description: *; Features: * - Details: Size: 20 Count (Pack of 1), Material: Plastic, Brand: Tiggell, Style: French, Coverage: Full Well Tips, Package Dimensions: 8.98 x 6.85 x 2.2 inches; 4.16 Ounces, UPC: 795853588163; Store: Store: tiggell; Categories: *; Price: Price: None;"
All Beauty,"BeautyStat Cosmetics Universal Moisture Essence, 100% Pure Squalane, Face Oil, Moisturizer, 30ml, 1oz",4.5,99,,,40.0,"{'hi_res': ['https://m.media-amazon.com/images/I/71bEhz0q0GL._SL1500_.jpg', 'https://m.media-amazon.com/images/I/61edK8QeHJL._SL1500_.jpg', 'https://m.media-amazon.com/images/I/81legmUJXcL._SL1500_.jpg', 'https://m.media-amazon.com/images/I/81B5HLmehmL._SL1500_.jpg', 'https://m.media-amazon.com/images/I/81w6uisa6RL._SL1500_.jpg', 'https://m.media-amazon.com/images/I/71Wbp9Cwq+L._SL1500_.jpg', 'https://m.media-amazon.com/images/I/81bJD1BvtaL._SL1500_.jpg', 'https://m.media-amazon.com/images/I/815xKOCzvQL._SL1500_.jpg', 'https://m.media-amazon.com/images/I/81+YlpQkSKL._SL1500_.jpg'], 'large': ['https://m.media-amazon.com/images/I/41iMZc68TOL.jpg', 'https://m.media-amazon.com/images/I/313vY0XTDvL.jpg', 'https://m.media-amazon.com/images/I/516gZ2JJnLL.jpg', 'https://m.media-amazon.com/images/I/51vKRHWO3aL.jpg', 'https://m.media-amazon.com/images/I/41BBeH87CgL.jpg', 'https://m.media-amazon.com/images/I/51RkkA18OeL.jpg', 'https://m.media-amazon.com/images/I/41pAfYko2FL.jpg', 'https://m.media-amazon.com/images/I/41ztGxkRltL.jpg', 'https://m.media-amazon.com/images/I/51TW3jYArFL.jpg'], 'thumb': ['https://m.media-amazon.com/images/I/41iMZc68TOL._SS40_.jpg', 'https://m.media-amazon.com/images/I/313vY0XTDvL._SS40_.jpg', 'https://m.media-amazon.com/images/I/516gZ2JJnLL._SS40_.jpg', 'https://m.media-amazon.com/images/I/51vKRHWO3aL._SS40_.jpg', 'https://m.media-amazon.com/images/I/41BBeH87CgL._SS40_.jpg', 'https://m.media-amazon.com/images/I/51RkkA18OeL._SS40_.jpg', 'https://m.media-amazon.com/images/I/41pAfYko2FL._SS40_.jpg', 'https://m.media-amazon.com/images/I/41ztGxkRltL._SS40_.jpg', 'https://m.media-amazon.com/images/I/51TW3jYArFL._SS40_.jpg'], 'variant': ['MAIN', 'PT01', 'PT02', 'PT03', 'PT04', 'PT05', 'PT06', 'PT07', 'PT08']}","{'title': ['Universal Moisture Essence ', 'Hailey Bieber talks skincare', 'How To Use - Universal Microbiome Purifying Radiance Mask', 'Beauty stat universal c skin refiner all skincare types', 'Beauty stat c skin refiner all skincare types with spf ', 'Universal C Eye Perfector '], 'url': ['https://www.amazon.com/vdp/083dbbe267884c7cac33e4819db7a921?ref=dp_vse_rvc_0', 'https://www.amazon.com/vdp/0485a77872ff4b139aef4b8416437643?ref=dp_vse_rvc_1', 'https://www.amazon.com/vdp/0343b765b8c646f1a4865d327600db4c?ref=dp_vse_rvc_2', 'https://www.amazon.com/vdp/0996b573e3584530a57462821c04b58e?ref=dp_vse_rvc_3', 'https://www.amazon.com/vdp/070bce5025ea4650ad6c96bf8150475a?ref=dp_vse_rvc_4', 'https://www.amazon.com/vdp/0436f6021ee84f39aa5d5d6550a5e139?ref=dp_vse_rvc_5'], 'user_id': ['', '', '', '/shop/influencer-acdd3060', '/shop/influencer-acdd3060', '']}",BeautyStat,,"Brand: BeautyStat, Item Form: Oil, Unit Count: 1.00 Fl Oz, Number of Items: 1, Use for: Face, Package Dimensions: 6.2 x 3 x 3 inches; 2.4 Ounces, UPC: 860001453058, Manufacturer: BeautyStat",B08RRSPNWV,,,,"Parent ASIN: B08RRSPNWV; Title: BeautyStat Cosmetics Universal Moisture Essence, 100% Pure Squalane, Face Oil, Moisturizer, 30ml, 1oz; Author: *; Description: *; Features: * - Details: Brand: BeautyStat, Item Form: Oil, Unit Count: 1.00 Fl Oz, Number of Items: 1, Use for: Face, Package Dimensions: 6.2 x 3 x 3 inches; 2.4 Ounces, UPC: 860001453058, Manufacturer: BeautyStat; Store: Store: BeautyStat; Categories: *; Price: Price: 40.0;"
All Beauty,"6 Pack Spray Bottles,Empty Plastic Clear Small Transparent Travel Bottles Pump Bottle Lotion Dispenser Bottle Set,Refillable Liquid Containers 3oz and 2 oz",4.3,166,,,None,"{'hi_res': ['https://m.media-amazon.com/images/I/51ayxMGuOyL._SL1000_.jpg', 'https://m.media-amazon.com/images/I/51vCBVZU5jS._SL1000_.jpg', 'https://m.media-amazon.com/images/I/51HYbqxdCnS._SL1000_.jpg', 'https://m.media-amazon.com/images/I/516+C60zxIS._SL1000_.jpg', 'https://m.media-amazon.com/images/I/61yF-VmkwzS._SL1000_.jpg', 'https://m.media-amazon.com/images/I/61NPM-WIZQL._SL1000_.jpg', 'https://m.media-amazon.com/images/I/61O3E6d8a9L._SL1000_.jpg'], 'large': ['https://m.media-amazon.com/images/I/41-tfLnDYDL.jpg', 'https://m.media-amazon.com/images/I/41T0P6iDksS.jpg', 'https://m.media-amazon.com/images/I/411Ddo38r7S.jpg', 'https://m.media-amazon.com/images/I/41F6CzvJSES.jpg', 'https://m.media-amazon.com/images/I/41qrFYi+A4S.jpg', 'https://m.media-amazon.com/images/I/51LFZ8EvrUL.jpg', 'https://m.media-amazon.com/images/I/5162Qcv8tcL.jpg'], 'thumb': ['https://m.media-amazon.com/images/I/41-tfLnDYDL._SS40_.jpg', 'https://m.media-amazon.com/images/I/41T0P6iDksS._SS40_.jpg', 'https://m.media-amazon.com/images/I/411Ddo38r7S._SS40_.jpg', 'https://m.media-amazon.com/images/I/41F6CzvJSES._SS40_.jpg', 'https://m.media-amazon.com/images/I/41qrFYi+A4S._SS40_.jpg', 'https://m.media-amazon.com/images/I/51LFZ8EvrUL._SS40_.jpg', 'https://m.media-amazon.com/images/I/5162Qcv8tcL._SS40_.jpg'], 'variant': ['MAIN', 'PT01', 'PT02', 'PT03', 'PT04', 'PT05', 'PT06']}","{'title': ['Great for carrying sanitizer'], 'url': ['https://www.amazon.com/vdp/850595f7fd5d417d8cd52173964d1443?ref=dp_vse_rvc_0'], 'user_id': ['AF6K6BYIVS6OZ5MMONRL6LOBQ77A']}",Cehomi,,Package Dimensions: 8.98 x 6.14 x 1.1 inches; 0.81 Ounces,B08693T3XR,,,,"Parent ASIN: B08693T3XR; Title: 6 Pack Spray Bottles,Empty Plastic Clear Small Transparent Travel Bottles Pump Bottle Lotion Dispenser Bottle Set,Refillable Liquid Containers 3oz and 2 oz; Author: *; Description: *; Features: * - Details: Package Dimensions: 8.98 x 6.14 x 1.1 inches; 0.81 Ounces; Store: Store: Cehomi; Categories: *; Price: Price: None;"
All Beauty,"Laloirelle Luminous Face Oil - Organic Pomegranate Oil, Cacao Oil Infused W/Brightening White Peony Root, Marigold Flower, Lotus Leaf - Glowing Skin That Feels Hydrated, Plump and Firm - 1.0 fl oz",4.1,15,,,None,"{'hi_res': [None, 'https://m.media-amazon.com/images/I/61YBurKwc9L._SL1000_.jpg', None, None, 'https://m.media-amazon.com/images/I/61-n8JzYOjL._SL1000_.jpg'], 'large': ['https://m.media-amazon.com/images/I/31nNP3gT2yL.jpg', 'https://m.media-amazon.com/images/I/41Mow+wjDtL.jpg', 'https://m.media-amazon.com/images/I/61PlhHJlCbL.jpg', 'https://m.media-amazon.com/images/I/41vU1C0E8tL.jpg', 'https://m.media-amazon.com/images/I/51--bbcZClL.jpg'], 'thumb': ['https://m.media-amazon.com/images/I/31nNP3gT2yL._SS40_.jpg', 'https://m.media-amazon.com/images/I/41Mow+wjDtL._SS40_.jpg', 'https://m.media-amazon.com/images/I/61PlhHJlCbL._SS40_.jpg', 'https://m.media-amazon.com/images/I/41vU1C0E8tL._SS40_.jpg', 'https://m.media-amazon.com/images/I/51--bbcZClL._SS40_.jpg'], 'variant': ['MAIN', 'PT01', 'PT02', 'PT03', 'PT04']}","{'title': [], 'url': [], 'user_id': []}",Laloirelle,,"Brand: Laloirelle, Scent: Pomegranate, Item Form: Oil, Unit Count: 1.00 Fl Oz, Use for: Face, Package Dimensions: 5.67 x 2.36 x 2.32 inches; 4.55 Ounces",B08DXLRTSB,,,,"Parent ASIN: B08DXLRTSB; Title: Laloirelle Luminous Face Oil - Organic Pomegranate Oil, Cacao Oil Infused W/Brightening White Peony Root, Marigold Flower, Lotus Leaf - Glowing Skin That Feels Hydrated, Plump and Firm - 1.0 fl oz; Author: *; Description: *; Features: * - Details: Brand: Laloirelle, Scent: Pomegranate, Item Form: Oil, Unit Count: 1.00 Fl Oz, Use for: Face, Package Dimensions: 5.67 x 2.36 x 2.32 inches; 4.55 Ounces; Store: Store: Laloirelle; Categories: *; Price: Price: None;"
All Beauty,Glitter Poly Nail Gel Extensions Builder Gel UV/LED Soak Off Acrylic Fashion Gel Polish Set for Nails Beginner DIY Nail Art at Home 8 colors-15g (Pink series),4.2,69,,,None,"{'hi_res': ['https://m.media-amazon.com/images/I/71XH7lbgiOL._SL1000_.jpg', 'https://m.media-amazon.com/images/I/71RHA70A+ML._SL1000_.jpg', 'https://m.media-amazon.com/images/I/61lzejVaSvL._SL1000_.jpg', 'https://m.media-amazon.com/images/I/61CJPpPz5hL._SL1000_.jpg', 'https://m.media-amazon.com/images/I/6153OvgRqeL._SL1000_.jpg', 'https://m.media-amazon.com/images/I/71-QWc43FUL._SL1000_.jpg', 'https://m.media-amazon.com/images/I/61N7mTt3ReL._SL1000_.jpg'], 'large': ['https://m.media-amazon.com/images/I/51F8IBHbRYL.jpg', 'https://m.media-amazon.com/images/I/51Gsh+Sy+bL.jpg', 'https://m.media-amazon.com/images/I/51I1GNGMp7L.jpg', 'https://m.media-amazon.com/images/I/51KCNOXIgTL.jpg', 'https://m.media-amazon.com/images/I/51ed-7ia7JL.jpg', 'https://m.media-amazon.com/images/I/51abWDXBlyL.jpg', 'https://m.media-amazon.com/images/I/51Bw1y05PcL.jpg'], 'thumb': ['https://m.media-amazon.com/images/I/51F8IBHbRYL._SS40_.jpg', 'https://m.media-amazon.com/images/I/51Gsh+Sy+bL._SS40_.jpg', 'https://m.media-amazon.com/images/I/51I1GNGMp7L._SS40_.jpg', 'https://m.media-amazon.com/images/I/51KCNOXIgTL._SS40_.jpg', 'https://m.media-amazon.com/images/I/51ed-7ia7JL._SS40_.jpg', 'https://m.media-amazon.com/images/I/51abWDXBlyL._SS40_.jpg', 'https://m.media-amazon.com/images/I/51Bw1y05PcL._SS40_.jpg'], 'variant': ['MAIN', 'PT01', 'PT02', 'PT03', 'PT04', 'PT05', 'PT06']}","{'title': ['perfect blue style poly nail', 'Sweet Pink  Gel Poly Nail'], 'url': ['https://www.amazon.com/vdp/0b44d1fb0dbf45da80cfa5236de8bdc2?ref=dp_vse_rvc_0', 'https://www.amazon.com/vdp/0a22dd44e6954d39b96d27a3d9e1e9f5?ref=dp_vse_rvc_1'], 'user_id': ['', '']}",MIZHSE,,"Brand: MIZHSE, Item Form: Gel, Finish Type: Shimmery, Material Feature: Non-Toxic, Cruelty Free, Age Range (Description): Adult, Unit Count: 478.00 Count, Number of Items: 9, Package Dimensions: 9.76 x 4.88 x 1.42 inches; 12.8 Ounces",B08DHZW3LK,,,,"Parent ASIN: B08DHZW3LK; Title: Glitter Poly Nail Gel Extensions Builder Gel UV/LED Soak Off Acrylic Fashion Gel Polish Set for Nails Beginner DIY Nail Art at Home 8 colors-15g (Pink series); Author: *; Description: *; Features: * - Details: Brand: MIZHSE, Item Form: Gel, Finish Type: Shimmery, Material Feature: Non-Toxic, Cruelty Free, Age Range (Description): Adult, Unit Count: 478.00 Count, Number of Items: 9, Package Dimensions: 9.76 x 4.88 x 1.42 inches; 12.8 Ounces; Store: Store: MIZHSE; Categories: *; Price: Price: None;"
All Beauty,"Qiray Hair Ties For Women Coil Hair Ties,Large Lace Phnom Penh,5 Colors 10 Pieces.",4.3,62,,,None,"{'hi_res': ['https://m.media-amazon.com/images/I/81i3FW387-L._SL1500_.jpg', 'https://m.media-amazon.com/images/I/71oYQp1HpTL._SL1002_.jpg', 'https://m.media-amazon.com/images/I/71EmwQPRQCL._SL1500_.jpg', 'https://m.media-amazon.com/images/I/61mgc3Qi8lL._SL1002_.jpg', 'https://m.media-amazon.com/images/I/61LzDYWjZdL._SL1002_.jpg', 'https://m.media-amazon.com/images/I/515usb+Ej-L._SL1002_.jpg'], 'large': ['https://m.media-amazon.com/images/I/41bym1x3V8L.jpg', 'https://m.media-amazon.com/images/I/510K6zRzXCL.jpg', 'https://m.media-amazon.com/images/I/41NsCIx82rL.jpg', 'https://m.media-amazon.com/images/I/41Ffg0ijIHL.jpg', 'https://m.media-amazon.com/images/I/41ISa8EJqvL.jpg', 'https://m.media-amazon.com/images/I/31SWkiDjCbL.jpg'], 'thumb': ['https://m.media-amazon.com/images/I/41bym1x3V8L._SS40_.jpg', 'https://m.media-amazon.com/images/I/510K6zRzXCL._SS40_.jpg', 'https://m.media-amazon.com/images/I/41NsCIx82rL._SS40_.jpg', 'https://m.media-amazon.com/images/I/41Ffg0ijIHL._SS40_.jpg', 'https://m.media-amazon.com/images/I/41ISa8EJqvL._SS40_.jpg', 'https://m.media-amazon.com/images/I/31SWkiDjCbL._SS40_.jpg'], 'variant': ['MAIN', 'PT01', 'PT02', 'PT03', 'PT05', 'PT06']}","{'title': ['Qiray hair ties for women-1005'], 'url': ['https://www.amazon.com/vdp/189bf75ed142483ea960d1c8c293e12a?ref=dp_vse_rvc_0'], 'user_id': ['']}",Qiray,,"Material: Rubber, Item Form: elastic, Brand: Qiray, Item Dimensions LxWxH: 3.15 x 3.15 x 2.36 inches, Number of Pieces: 10, Product Dimensions: 3.15 x 3.15 x 2.36 inches; 2.82 Ounces, UPC: 655160582486",B081D2R47W,,,,"Parent ASIN: B081D2R47W; Title: Qiray Hair Ties For Women Coil Hair Ties,Large Lace Phnom Penh,5 Colors 10 Pieces.; Author: *; Description: *; Features: * - Details: Material: Rubber, Item Form: elastic, Brand: Qiray, Item Dimensions LxWxH: 3.15 x 3.15 x 2.36 inches, Number of Pieces: 10, Product Dimensions: 3.15 x 3.15 x 2.36 inches; 2.82 Ounces, UPC: 655160582486; Store: Store: Qiray; Categories: *; Price: Price: None;"
Premium Beauty,"Caudalie Vinosource SOS Intense Hydration Set: Hydrating Trio for Sensitive Skin including a Daily Foam Cleanser, Hydrating Serum, Facial Moisturizer",4.7,62,,,None,"{'hi_res': ['https://m.media-amazon.com/images/I/8158NpLOnkL._SL1500_.jpg', 'https://m.media-amazon.com/images/I/91niLcT28NL._SL1500_.jpg'], 'large': ['https://m.media-amazon.com/images/I/41fQsbpTerL.jpg', 'https://m.media-amazon.com/images/I/51zdsQQ2kTL.jpg'], 'thumb': ['https://m.media-amazon.com/images/I/41fQsbpTerL._SX38_SY50_CR,0,0,38,50_.jpg', 'https://m.media-amazon.com/images/I/51zdsQQ2kTL._SX38_SY50_CR,0,0,38,50_.jpg'], 'variant': ['MAIN', 'PT01']}","{'title': [], 'url': [], 'user_id': []}",,,Package Dimensions: 6.93 x 5.35 x 2.64 inches; 14.5 Ounces,B08H4SYXR4,,,,"Parent ASIN: B08H4SYXR4; Title: Caudalie Vinosource SOS Intense Hydration Set: Hydrating Trio for Sensitive Skin including a Daily Foam Cleanser, Hydrating Serum, Facial Moisturizer; Author: *; Description: *; Features: * - Details: Package Dimensions: 6.93 x 5.35 x 2.64 inches; 14.5 Ounces; Store: *; Categories: *; Price: Price: None;"
All Beauty,"SOFTACULOUS Foot Peeling Mask Booties – 2 Pairs, Baby Soft Skin in 7 Days",4.4,39,,,None,"{'hi_res': ['https://m.media-amazon.com/images/I/819LJ5DE-PL._SL1500_.jpg', 'https://m.media-amazon.com/images/I/71n-6NVC-QL._SL1500_.jpg', 'https://m.media-amazon.com/images/I/81ivZyEjazL._SL1500_.jpg', 'https://m.media-amazon.com/images/I/71har5mZtFL._SL1500_.jpg', 'https://m.media-amazon.com/images/I/71u7qahFRtL._SL1500_.jpg', 'https://m.media-amazon.com/images/I/81A-ODQqLBL._SL1500_.jpg', 'https://m.media-amazon.com/images/I/61xev88g3eL._SL1500_.jpg', 'https://m.media-amazon.com/images/I/71LQKNFE94L._SL1500_.jpg'], 'large': ['https://m.media-amazon.com/images/I/51la4K4tYSL.jpg', 'https://m.media-amazon.com/images/I/51xtPPrbgEL.jpg', 'https://m.media-amazon.com/images/I/51+399LE-tL.jpg', 'https://m.media-amazon.com/images/I/51c5L77rxmL.jpg', 'https://m.media-amazon.com/images/I/51Lz6M7o4bL.jpg', 'https://m.media-amazon.com/images/I/51mznq6h8HL.jpg', 'https://m.media-amazon.com/images/I/31vbMf2md-L.jpg', 'https://m.media-amazon.com/images/I/41wGOnRawmL.jpg'], 'thumb': ['https://m.media-amazon.com/images/I/51la4K4tYSL._SS40_.jpg', 'https://m.media-amazon.com/images/I/51xtPPrbgEL._SS40_.jpg', 'https://m.media-amazon.com/images/I/51+399LE-tL._SS40_.jpg', 'https://m.media-amazon.com/images/I/51c5L77rxmL._SS40_.jpg', 'https://m.media-amazon.com/images/I/51Lz6M7o4bL._SS40_.jpg', 'https://m.media-amazon.com/images/I/51mznq6h8HL._SS40_.jpg', 'https://m.media-amazon.com/images/I/31vbMf2md-L._SS40_.jpg', 'https://m.media-amazon.com/images/I/41wGOnRawmL._SS40_.jpg'], 'variant': ['MAIN', 'PT01', 'PT02', 'PT03', 'PT04', 'PT05', 'PT06', 'PT07']}","{'title': [], 'url': [], 'user_id': []}",SuiteMade,,"Package Dimensions: 7.87 x 5.91 x 1.14 inches; 4 Ounces, Item model number: STM-FMP-LAV, UPC: 734038263785",B07SY7WPS4,,,,"Parent ASIN: B07SY7WPS4; Title: SOFTACULOUS Foot Peeling Mask Booties – 2 Pairs, Baby Soft Skin in 7 Days; Author: *; Description: *; Features: * - Details: Package Dimensions: 7.87 x 5.91 x 1.14 inches; 4 Ounces, Item model number: STM-FMP-LAV, UPC: 734038263785; Store: Store: SuiteMade; Categories: *; Price: Price: None;"
All Beauty,"Heyedrate Activated Charcoal Soap Bar and Face Wash | Organic, Vegan, Natural Soap made with Dead Sea Mud and Our Essential Oil Blend (1 Pack (5 Ounces))",4.4,87,,,None,"{'hi_res': ['https://m.media-amazon.com/images/I/71SNveoRRbL._SL1500_.jpg', 'https://m.media-amazon.com/images/I/81xMDlyU1ZL._SL1500_.jpg', 'https://m.media-amazon.com/images/I/71ui656xRBL._SL1500_.jpg', 'https://m.media-amazon.com/images/I/81tVNdYENkL._SL1500_.jpg', 'https://m.media-amazon.com/images/I/81HreBiJEUL._SL1500_.jpg', 'https://m.media-amazon.com/images/I/81sfO8BETBL._SL1500_.jpg', 'https://m.media-amazon.com/images/I/81OP1Hoz1LL._SL1500_.jpg', 'https://m.media-amazon.com/images/I/81jvA2RTB6L._SL1500_.jpg'], 'large': ['https://m.media-amazon.com/images/I/41+lv2zeePL.jpg', 'https://m.media-amazon.com/images/I/41WcCEMTSoL.jpg', 'https://m.media-amazon.com/images/I/410yPj+aRwL.jpg', 'https://m.media-amazon.com/images/I/51sqG2566FL.jpg', 'https://m.media-amazon.com/images/I/51AJ3FgtGcL.jpg', 'https://m.media-amazon.com/images/I/41j88qVIe2L.jpg', 'https://m.media-amazon.com/images/I/51GaoxCspnL.jpg', 'https://m.media-amazon.com/images/I/51vhrIoDy4L.jpg'], 'thumb': ['https://m.media-amazon.com/images/I/41+lv2zeePL._SS40_.jpg', 'https://m.media-amazon.com/images/I/41WcCEMTSoL._SS40_.jpg', 'https://m.media-amazon.com/images/I/410yPj+aRwL._SS40_.jpg', 'https://m.media-amazon.com/images/I/51sqG2566FL._SS40_.jpg', 'https://m.media-amazon.com/images/I/51AJ3FgtGcL._SS40_.jpg', 'https://m.media-amazon.com/images/I/41j88qVIe2L._SS40_.jpg', 'https://m.media-amazon.com/images/I/51GaoxCspnL._SS40_.jpg', 'https://m.media-amazon.com/images/I/51vhrIoDy4L._SS40_.jpg'], 'variant': ['MAIN', 'PT01', 'PT02', 'PT03', 'PT04', 'PT05', 'PT06', 'PT07']}","{'title': [], 'url': [], 'user_id': []}",Eye Love,,"Item Form: Bar, Brand: Eye Love, Scent: Eucalyptus, Coconut, Grapefruit, Rosemary, Material Feature: Organic, Natural, Vegan, Age Range (Description): Adult, Product Dimensions: 4 x 1 x 1 inches; 4.97 Ounces, UPC: 850436007827",B08N6YHQXT,,,,"Parent ASIN: B08N6YHQXT; Title: Heyedrate Activated Charcoal Soap Bar and Face Wash | Organic, Vegan, Natural Soap made with Dead Sea Mud and Our Essential Oil Blend (1 Pack (5 Ounces)); Author: *; Description: *; Features: * - Details: Item Form: Bar, Brand: Eye Love, Scent: Eucalyptus, Coconut, Grapefruit, Rosemary, Material Feature: Organic, Natural, Vegan, Age Range (Description): Adult, Product Dimensions: 4 x 1 x 1 inches; 4.97 Ounces, UPC: 850436007827; Store: Store: Eye Love; Categories: *; Price: Price: None;"
All Beauty,Nxconsu 12Pcs Headbands for Women Girls Teens Elastic Hair Bands Silky Solid Colors Pleated Crinkle Head Band Fashion Trendy Outfit Colorful Thin Comfortable Hair Accessories for Home Work Gym Casual,4.6,31,,,None,"{'hi_res': ['https://m.media-amazon.com/images/I/71QgMZEytxL._SL1500_.jpg', 'https://m.media-amazon.com/images/I/81DIXh1C+UL._SL1500_.jpg', 'https://m.media-amazon.com/images/I/81YQPdEBvGL._SL1500_.jpg', 'https://m.media-amazon.com/images/I/71L4D-MhJCL._SL1500_.jpg', 'https://m.media-amazon.com/images/I/71NRvYMV4tL._SL1500_.jpg', 'https://m.media-amazon.com/images/I/71cMH3jNPRL._SL1500_.jpg', 'https://m.media-amazon.com/images/I/61DtZW93X6L._SL1500_.jpg'], 'large': ['https://m.media-amazon.com/images/I/41YOfosBmTL.jpg', 'https://m.media-amazon.com/images/I/51NU1ZpvzeL.jpg', 'https://m.media-amazon.com/images/I/510p0s4OgOL.jpg', 'https://m.media-amazon.com/images/I/41KKcaz9QGL.jpg', 'https://m.media-amazon.com/images/I/41vhk2pVY4L.jpg', 'https://m.media-amazon.com/images/I/41EQlMCHeHL.jpg', 'https://m.media-amazon.com/images/I/31I5wnVnR2L.jpg'], 'thumb': ['https://m.media-amazon.com/images/I/41YOfosBmTL._SS40_.jpg', 'https://m.media-amazon.com/images/I/51NU1ZpvzeL._SS40_.jpg', 'https://m.media-amazon.com/images/I/510p0s4OgOL._SS40_.jpg', 'https://m.media-amazon.com/images/I/41KKcaz9QGL._SS40_.jpg', 'https://m.media-amazon.com/images/I/41vhk2pVY4L._SS40_.jpg', 'https://m.media-amazon.com/images/I/41EQlMCHeHL._SS40_.jpg', 'https://m.media-amazon.com/images/I/31I5wnVnR2L._SS40_.jpg'], 'variant': ['MAIN', 'PT01', 'PT02', 'PT03', 'PT04', 'PT05', 'PT06']}","{'title': ['$1.33 each ... soft colors'], 'url': ['https://www.amazon.com/vdp/9f040fa4d9a24357936bef6fd471d444?ref=dp_vse_rvc_0'], 'user_id': ['AHHOFNS3U2KOL3AC2TBD6SD32JLQ']}",Nxconsu,,"Material: Plastic, Fabric Type: elastic, Number of Items: 1, Brand: Nxconsu, Size: 12 Count (Pack of 1), Package Dimensions: 11.06 x 9.76 x 1.46 inches; 6.38 Ounces",B08QHP717Z,,,,"Parent ASIN: B08QHP717Z; Title: Nxconsu 12Pcs Headbands for Women Girls Teens Elastic Hair Bands Silky Solid Colors Pleated Crinkle Head Band Fashion Trendy Outfit Colorful Thin Comfortable Hair Accessories for Home Work Gym Casual; Author: *; Description: *; Features: * - Details: Material: Plastic, Fabric Type: elastic, Number of Items: 1, Brand: Nxconsu, Size: 12 Count (Pack of 1), Package Dimensions: 11.06 x 9.76 x 1.46 inches; 6.38 Ounces; Store: Store: Nxconsu; Categories: *; Price: Price: None;"
All Beauty,"The Henna Guys Hair Finishing Stick, Frizz Control Hair products, Broken Baby Hair Gel - Hair Wax Stick for Flyaway Hair - Faster & Quickest Solution for Neat Hair Styles (1 Pack)",3.8,55,,,None,"{'hi_res': ['https://m.media-amazon.com/images/I/71ANGNS4cmL._SL1500_.jpg', None, 'https://m.media-amazon.com/images/I/71ANGNS4cmL._SL1500_.jpg'], 'large': ['https://m.media-amazon.com/images/I/51XCk-W0leL.jpg', 'https://m.media-amazon.com/images/I/51P9QCasuKL.jpg', 'https://m.media-amazon.com/images/I/51XCk-W0leL.jpg'], 'thumb': ['https://m.media-amazon.com/images/I/51XCk-W0leL._SS40_.jpg', 'https://m.media-amazon.com/images/I/51P9QCasuKL._SS40_.jpg', 'https://m.media-amazon.com/images/I/51XCk-W0leL._SS40_.jpg'], 'variant': ['MAIN', 'PT01', 'PT02']}","{'title': ['Hair Finishing Stick'], 'url': ['https://www.amazon.com/vdp/0742e5460291454291a93578dcf0c21f?ref=dp_vse_rvc_0'], 'user_id': ['']}",The Henna Guys,,"Package Information: Box, Brand: The Henna Guys, Item Form: Gel, Hair Type: Damaged, Unit Count: 1.00 Count, Package Dimensions: 5.08 x 1.14 x 1.02 inches; 1.34 Ounces",B0842BXM5M,,,,"Parent ASIN: B0842BXM5M; Title: The Henna Guys Hair Finishing Stick, Frizz Control Hair products, Broken Baby Hair Gel - Hair Wax Stick for Flyaway Hair - Faster & Quickest Solution for Neat Hair Styles (1 Pack); Author: *; Description: *; Features: * - Details: Package Information: Box, Brand: The Henna Guys, Item Form: Gel, Hair Type: Damaged, Unit Count: 1.00 Count, Package Dimensions: 5.08 x 1.14 x 1.02 inches; 1.34 Ounces; Store: Store: The Henna Guys; Categories: *; Price: Price: None;"
All Beauty,Huxley Secret of Sahara Clay Mask Balanced Blend 4.23 fl. oz. | Korean Clay Mask to Refine Pores and Absorb Excess Oil and Sebum | Made with Moroccan Rhassoul Clay,4.6,30,,,34.95,"{'hi_res': ['https://m.media-amazon.com/images/I/61Q+I076G9L._SL1500_.jpg', 'https://m.media-amazon.com/images/I/61OvwClcOLL._SL1000_.jpg', 'https://m.media-amazon.com/images/I/71JJhexk8mL._SL1500_.jpg', 'https://m.media-amazon.com/images/I/71O-qv0+o5L._SL1500_.jpg', 'https://m.media-amazon.com/images/I/61IkXVBVElL._SL1500_.jpg', 'https://m.media-amazon.com/images/I/71EDS1aU3xL._SL1500_.jpg', 'https://m.media-amazon.com/images/I/71nyO0dYZuL._SL1500_.jpg'], 'large': ['https://m.media-amazon.com/images/I/213q+zp7XoL.jpg', 'https://m.media-amazon.com/images/I/51pM+ulBx8L.jpg', 'https://m.media-amazon.com/images/I/41qgxX6JNVL.jpg', 'https://m.media-amazon.com/images/I/41toY1ScDuL.jpg', 'https://m.media-amazon.com/images/I/21JzxmCaRqL.jpg', 'https://m.media-amazon.com/images/I/21Gi38Xj67L.jpg', 'https://m.media-amazon.com/images/I/21QXo-7juiL.jpg'], 'thumb': ['https://m.media-amazon.com/images/I/213q+zp7XoL._SS40_.jpg', 'https://m.media-amazon.com/images/I/51pM+ulBx8L._SS40_.jpg', 'https://m.media-amazon.com/images/I/41qgxX6JNVL._SS40_.jpg', 'https://m.media-amazon.com/images/I/41toY1ScDuL._SS40_.jpg', 'https://m.media-amazon.com/images/I/21JzxmCaRqL._SS40_.jpg', 'https://m.media-amazon.com/images/I/21Gi38Xj67L._SS40_.jpg', 'https://m.media-amazon.com/images/I/21QXo-7juiL._SS40_.jpg'], 'variant': ['MAIN', 'PT01', 'PT02', 'PT03', 'PT04', 'PT05', 'PT06']}","{'title': [], 'url': [], 'user_id': []}",Huxley,,"Brand: Huxley, Item Form: Clay, Skin Type: Sensitive, Special Feature: Hypoallergenic, Unit Count: 4.23 Fl Oz, Product Dimensions: 2.68 x 2.68 x 6.97 inches; 6.38 Ounces",B08L4HTQ3R,,,,"Parent ASIN: B08L4HTQ3R; Title: Huxley Secret of Sahara Clay Mask Balanced Blend 4.23 fl. oz. | Korean Clay Mask to Refine Pores and Absorb Excess Oil and Sebum | Made with Moroccan Rhassoul Clay; Author: *; Description: *; Features: * - Details: Brand: Huxley, Item Form: Clay, Skin Type: Sensitive, Special Feature: Hypoallergenic, Unit Count: 4.23 Fl Oz, Product Dimensions: 2.68 x 2.68 x 6.97 inches; 6.38 Ounces; Store: Store: Huxley; Categories: *; Price: Price: 34.95;"
All Beauty,BeautyStat Mini Universal Essentials Skin Care Kit - 3 in 1: Universal C Skin Refiner + Universal Pro Bio Moisture Boost Cream + Universal Moisture Essence | Created by a Veteran Cosmetic Chemist,4.1,580,,,None,"{'hi_res': ['https://m.media-amazon.com/images/I/71M5S1WTWFL._SL1500_.jpg', 'https://m.media-amazon.com/images/I/81Hn+vypj5L._SL1500_.jpg', 'https://m.media-amazon.com/images/I/812pie4Ni4L._SL1500_.jpg', 'https://m.media-amazon.com/images/I/71VLZVBnoPL._SL1500_.jpg', 'https://m.media-amazon.com/images/I/81lxh+j85qL._SL1500_.jpg', 'https://m.media-amazon.com/images/I/817gYahZwdL._SL1500_.jpg', 'https://m.media-amazon.com/images/I/81hpe1eb-PL._SL1500_.jpg', 'https://m.media-amazon.com/images/I/81mxZD80XDL._SL1500_.jpg', 'https://m.media-amazon.com/images/I/81+YlpQkSKL._SL1500_.jpg'], 'large': ['https://m.media-amazon.com/images/I/41q+-Em3rbL.jpg', 'https://m.media-amazon.com/images/I/51APvtB-GxL.jpg', 'https://m.media-amazon.com/images/I/51nJPuEjwbL.jpg', 'https://m.media-amazon.com/images/I/51J82pcKsaL.jpg', 'https://m.media-amazon.com/images/I/41pahsQDxGL.jpg', 'https://m.media-amazon.com/images/I/51-CzYUEErL.jpg', 'https://m.media-amazon.com/images/I/51wwfPl1jML.jpg', 'https://m.media-amazon.com/images/I/51WAnGvbm4L.jpg', 'https://m.media-amazon.com/images/I/51TW3jYArFL.jpg'], 'thumb': ['https://m.media-amazon.com/images/I/41q+-Em3rbL._SS40_.jpg', 'https://m.media-amazon.com/images/I/51APvtB-GxL._SS40_.jpg', 'https://m.media-amazon.com/images/I/51nJPuEjwbL._SS40_.jpg', 'https://m.media-amazon.com/images/I/51J82pcKsaL._SS40_.jpg', 'https://m.media-amazon.com/images/I/41pahsQDxGL._SS40_.jpg', 'https://m.media-amazon.com/images/I/51-CzYUEErL._SS40_.jpg', 'https://m.media-amazon.com/images/I/51wwfPl1jML._SS40_.jpg', 'https://m.media-amazon.com/images/I/51WAnGvbm4L._SS40_.jpg', 'https://m.media-amazon.com/images/I/51TW3jYArFL._SS40_.jpg'], 'variant': ['MAIN', 'PT01', 'PT02', 'PT03', 'PT04', 'PT05', 'PT06', 'PT07', 'PT08']}","{'title': ['The Mini Universal Essentials Kit is here!! ', 'HONEST review of Kosas Glow IV Vitamin-Infused Skin Enhancer', 'Hailey Bieber talks skincare'], 'url': ['https://www.amazon.com/vdp/cfe45b40516641eabcb69b7a4061ee3d?ref=dp_vse_rvc_0', 'https://www.amazon.com/vdp/0f3e8cf5ad374da9bf4db31bdedb4eb7?ref=dp_vse_rvc_1', 'https://www.amazon.com/vdp/0485a77872ff4b139aef4b8416437643?ref=dp_vse_rvc_2'], 'user_id': ['', '/shop/benhart', '']}",BeautyStat,,"Package Dimensions: 6.73 x 4.88 x 2.48 inches; 4.97 Ounces, UPC: 860001453065",B08S1LWF9V,,,,"Parent ASIN: B08S1LWF9V; Title: BeautyStat Mini Universal Essentials Skin Care Kit - 3 in 1: Universal C Skin Refiner + Universal Pro Bio Moisture Boost Cream + Universal Moisture Essence | Created by a Veteran Cosmetic Chemist; Author: *; Description: *; Features: * - Details: Package Dimensions: 6.73 x 4.88 x 2.48 inches; 4.97 Ounces, UPC: 860001453065; Store: Store: BeautyStat; Categories: *; Price: Price: None;"
All Beauty,"Poly Nail Gel Kit, 7 Colors Nail Extension Gel with UV Lamp, Poly Extension Decoration Kit, Base Top Coat Set with Rhinestone, Nail Molds, Complete Nail Art Gel Kits for DIY Manicure, Pink Nude Series",3.9,715,,,None,"{'hi_res': ['https://m.media-amazon.com/images/I/71iixgzs7rL._SL1500_.jpg', 'https://m.media-amazon.com/images/I/717ejzsB3SL._SL1500_.jpg', 'https://m.media-amazon.com/images/I/71liHDbbvlL._SL1500_.jpg', 'https://m.media-amazon.com/images/I/61LEK-7HYvL._SL1500_.jpg', 'https://m.media-amazon.com/images/I/71ZARJosh+L._SL1500_.jpg', 'https://m.media-amazon.com/images/I/71FQ2ud1lsL._SL1500_.jpg', 'https://m.media-amazon.com/images/I/71jaiqktIJL._SL1500_.jpg'], 'large': ['https://m.media-amazon.com/images/I/51Q+TEqcHZL.jpg', 'https://m.media-amazon.com/images/I/51OZ4YRnZAL.jpg', 'https://m.media-amazon.com/images/I/51vsLIzIMVL.jpg', 'https://m.media-amazon.com/images/I/410vzhSR8qL.jpg', 'https://m.media-amazon.com/images/I/51qbpawidVL.jpg', 'https://m.media-amazon.com/images/I/41WJfoA8uEL.jpg', 'https://m.media-amazon.com/images/I/41LwZQMIwiL.jpg'], 'thumb': ['https://m.media-amazon.com/images/I/51Q+TEqcHZL._SS40_.jpg', 'https://m.media-amazon.com/images/I/51OZ4YRnZAL._SS40_.jpg', 'https://m.media-amazon.com/images/I/51vsLIzIMVL._SS40_.jpg', 'https://m.media-amazon.com/images/I/410vzhSR8qL._SS40_.jpg', 'https://m.media-amazon.com/images/I/51qbpawidVL._SS40_.jpg', 'https://m.media-amazon.com/images/I/41WJfoA8uEL._SS40_.jpg', 'https://m.media-amazon.com/images/I/41LwZQMIwiL._SS40_.jpg'], 'variant': ['MAIN', 'PT01', 'PT02', 'PT03', 'PT04', 'PT05', 'PT06']}","{'title': ['Nail Tech tries Poly Gel 1st time lol helpful tips at end', 'I had high hopes, but no.', 'Newbie have to own (slip solution must buy)', 'how to use poly gel nail  kit'], 'url': ['https://www.amazon.com/vdp/f2ddd65290004d83add145e4ae90f04f?ref=dp_vse_rvc_0', 'https://www.amazon.com/vdp/3281e513a2444c79b22ea7dccc4c3408?ref=dp_vse_rvc_1', 'https://www.amazon.com/vdp/05ac12ad7395473da17869f5892d180f?ref=dp_vse_rvc_2', 'https://www.amazon.com/vdp/441a4e6759e34011a05c7558be75a0ff?ref=dp_vse_rvc_3'], 'user_id': ['AFNPR7WUNJGNXD57FNCMQEXMACWA', 'AEDXTVYBZ5BHFSWYYR5GAUXGX3EA', 'AEK3NUIR4PCXRMZTWH4KDEE4WLTA', '']}",AIFAIFA,,"Color: Pink, Brand: AIFAIFA, Finish Type: Shimmery, Item Form: Gel, Product Dimensions: 5.9 x 5.9 x 5.9 inches; 1.5 Pounds",B087G54FLM,,,,"Parent ASIN: B087G54FLM; Title: Poly Nail Gel Kit, 7 Colors Nail Extension Gel with UV Lamp, Poly Extension Decoration Kit, Base Top Coat Set with Rhinestone, Nail Molds, Complete Nail Art Gel Kits for DIY Manicure, Pink Nude Series; Author: *; Description: *; Features: * - Details: Color: Pink, Brand: AIFAIFA, Finish Type: Shimmery, Item Form: Gel, Product Dimensions: 5.9 x 5.9 x 5.9 inches; 1.5 Pounds; Store: Store: AIFAIFA; Categories: *; Price: Price: None;"
All Beauty,Pine Gel Nail Polish Set Chameleon Shimmering Color and Black 7.5 ml LED UV Cured Soak Off Nail Gel for Nail Art Manicure,4.0,58,,,None,"{'hi_res': ['https://m.media-amazon.com/images/I/71CbjvJeUcL._SL1050_.jpg', 'https://m.media-amazon.com/images/I/71nItmZuUzL._SL1050_.jpg', 'https://m.media-amazon.com/images/I/71zymDYUsfL._SL1050_.jpg', 'https://m.media-amazon.com/images/I/61FYGcrYaCL._SL1050_.jpg', 'https://m.media-amazon.com/images/I/81zlO4eOybL._SL1500_.jpg', 'https://m.media-amazon.com/images/I/81tHDgdQirL._SL1500_.jpg', 'https://m.media-amazon.com/images/I/811Tsdf-JNL._SL1500_.jpg', 'https://m.media-amazon.com/images/I/61O1Ee2wqCL._SL1050_.jpg', 'https://m.media-amazon.com/images/I/71TWKpFVB1L._SL1050_.jpg'], 'large': ['https://m.media-amazon.com/images/I/510Z+cspVyL.jpg', 'https://m.media-amazon.com/images/I/51AaSqmd+BL.jpg', 'https://m.media-amazon.com/images/I/51O9j1Uj-LL.jpg', 'https://m.media-amazon.com/images/I/51VonSqnCPL.jpg', 'https://m.media-amazon.com/images/I/51yeFOhwvrL.jpg', 'https://m.media-amazon.com/images/I/51aEcMYJbsL.jpg', 'https://m.media-amazon.com/images/I/41yEfOGniaL.jpg', 'https://m.media-amazon.com/images/I/41m9ST0BLtL.jpg', 'https://m.media-amazon.com/images/I/51N383C+luL.jpg'], 'thumb': ['https://m.media-amazon.com/images/I/510Z+cspVyL._SS40_.jpg', 'https://m.media-amazon.com/images/I/51AaSqmd+BL._SS40_.jpg', 'https://m.media-amazon.com/images/I/51O9j1Uj-LL._SS40_.jpg', 'https://m.media-amazon.com/images/I/51VonSqnCPL._SS40_.jpg', 'https://m.media-amazon.com/images/I/51yeFOhwvrL._SS40_.jpg', 'https://m.media-amazon.com/images/I/51aEcMYJbsL._SS40_.jpg', 'https://m.media-amazon.com/images/I/41yEfOGniaL._SS40_.jpg', 'https://m.media-amazon.com/images/I/41m9ST0BLtL._SS40_.jpg', 'https://m.media-amazon.com/images/I/51N383C+luL._SS40_.jpg'], 'variant': ['MAIN', 'PT01', 'PT02', 'PT03', 'PT04', 'PT05', 'PT06', 'PT07', 'PT08']}","{'title': ['It’s like 10 colors instead of 5!'], 'url': ['https://www.amazon.com/vdp/e61b79b1513d4c779b5bf7eabaf5479d?ref=dp_vse_rvc_0'], 'user_id': ['AEEPQRQCZ76OYON7INBFKM3JDGNA']}",pine,,"Brand: Pine, Item Form: Gel, Type: Gel, Finish Type: Shimmery, Material Feature: Non-Toxic, Cruelty Free, Age Range (Description): Adult, Unit Count: 1 Count, Number of Items: 1, Liquid Volume: 0.25 Fluid Ounces, Package Dimensions: 4.96 x 3.7 x 2.91 inches; 9.14 Ounces, UPC: 738628890993",B085SY4WC3,,,,"Parent ASIN: B085SY4WC3; Title: Pine Gel Nail Polish Set Chameleon Shimmering Color and Black 7.5 ml LED UV Cured Soak Off Nail Gel for Nail Art Manicure; Author: *; Description: *; Features: * - Details: Brand: Pine, Item Form: Gel, Type: Gel, Finish Type: Shimmery, Material Feature: Non-Toxic, Cruelty Free, Age Range (Description): Adult, Unit Count: 1 Count, Number of Items: 1, Liquid Volume: 0.25 Fluid Ounces, Package Dimensions: 4.96 x 3.7 x 2.91 inches; 9.14 Ounces, UPC: 738628890993; Store: Store: pine; Categories: *; Price: Price: None;"
All Beauty,"Cancun Collection Cacao Body Bronzer – Superfood Infused Sunless Tanning Lotion with Cacao 5.1 fl.oz, For Instant Tan in 1 minute.",3.8,39,,,None,"{'hi_res': ['https://m.media-amazon.com/images/I/51xf7lYy+LL._SL1000_.jpg', 'https://m.media-amazon.com/images/I/51yq6Rn-VCL._SL1000_.jpg', 'https://m.media-amazon.com/images/I/61EPSx-5RHL._SL1000_.jpg', 'https://m.media-amazon.com/images/I/61D3MHKeY+L._SL1000_.jpg', 'https://m.media-amazon.com/images/I/61EiRg-A32L._SL1000_.jpg', 'https://m.media-amazon.com/images/I/61T+IJ1RHnL._SL1000_.jpg'], 'large': ['https://m.media-amazon.com/images/I/31vkVcpsCEL.jpg', 'https://m.media-amazon.com/images/I/41zIZBwxrLL.jpg', 'https://m.media-amazon.com/images/I/511FSp8V0QL.jpg', 'https://m.media-amazon.com/images/I/51m1BFKU3yL.jpg', 'https://m.media-amazon.com/images/I/51CBiFfd+jL.jpg', 'https://m.media-amazon.com/images/I/51JGYuLl0FL.jpg'], 'thumb': ['https://m.media-amazon.com/images/I/31vkVcpsCEL._SS40_.jpg', 'https://m.media-amazon.com/images/I/41zIZBwxrLL._SS40_.jpg', 'https://m.media-amazon.com/images/I/511FSp8V0QL._SS40_.jpg', 'https://m.media-amazon.com/images/I/51m1BFKU3yL._SS40_.jpg', 'https://m.media-amazon.com/images/I/51CBiFfd+jL._SS40_.jpg', 'https://m.media-amazon.com/images/I/51JGYuLl0FL._SS40_.jpg'], 'variant': ['MAIN', 'PT01', 'PT02', 'PT03', 'PT04', 'PT05']}","{'title': [], 'url': [], 'user_id': []}",Cancun Collection,,"Item Form: Lotion, Skin Type: All, Brand: Cancun Collection, Skin Tone: All, Material Feature: Antioxidant, Package Dimensions: 5.1 x 4.6 x 1 inches; 14.39 Ounces, UPC: 659436986640",B07SV4HTMC,,,,"Parent ASIN: B07SV4HTMC; Title: Cancun Collection Cacao Body Bronzer – Superfood Infused Sunless Tanning Lotion with Cacao 5.1 fl.oz, For Instant Tan in 1 minute.; Author: *; Description: *; Features: * - Details: Item Form: Lotion, Skin Type: All, Brand: Cancun Collection, Skin Tone: All, Material Feature: Antioxidant, Package Dimensions: 5.1 x 4.6 x 1 inches; 14.39 Ounces, UPC: 659436986640; Store: Store: Cancun Collection; Categories: *; Price: Price: None;"
All Beauty,Workman's Friend Ultimate Hand Care Bundle,4.5,41,,,None,"{'hi_res': ['https://m.media-amazon.com/images/I/71e-VPhGDhL._SL1000_.jpg', 'https://m.media-amazon.com/images/I/81jN7GYY5ZL._SL1500_.jpg', 'https://m.media-amazon.com/images/I/81lg-LRxH1L._SL1500_.jpg', 'https://m.media-amazon.com/images/I/811l9lq8LCL._SL1500_.jpg', 'https://m.media-amazon.com/images/I/71-5sowAO5L._SL1200_.jpg'], 'large': ['https://m.media-amazon.com/images/I/51AsZiWjQYL.jpg', 'https://m.media-amazon.com/images/I/41X7ozf1vwL.jpg', 'https://m.media-amazon.com/images/I/41YOP2FCCRL.jpg', 'https://m.media-amazon.com/images/I/51W-js7sIhL.jpg', 'https://m.media-amazon.com/images/I/511iehQCz3L.jpg'], 'thumb': ['https://m.media-amazon.com/images/I/51AsZiWjQYL._SS40_.jpg', 'https://m.media-amazon.com/images/I/41X7ozf1vwL._SS40_.jpg', 'https://m.media-amazon.com/images/I/41YOP2FCCRL._SS40_.jpg', 'https://m.media-amazon.com/images/I/51W-js7sIhL._SS40_.jpg', 'https://m.media-amazon.com/images/I/511iehQCz3L._SS40_.jpg'], 'variant': ['MAIN', 'PT01', 'PT02', 'PT03', 'PT04']}","{'title': [], 'url': [], 'user_id': []}",WORKMAN'S FRIEND,,"Package Dimensions: 9 x 4.5 x 2.3 inches; 1.3 Pounds, UPC: 023857030709",B082VKPJV5,,,,"Parent ASIN: B082VKPJV5; Title: Workman's Friend Ultimate Hand Care Bundle; Author: *; Description: *; Features: * - Details: Package Dimensions: 9 x 4.5 x 2.3 inches; 1.3 Pounds, UPC: 023857030709; Store: Store: WORKMAN'S FRIEND; Categories: *; Price: Price: None;"
All Beauty,"Disney Frozen - Townley Girl Mega Nail Set with Nail Dryer Foldable Gift Set for Parties, Sleepovers and Makeovers",4.4,178,,,None,"{'hi_res': ['https://m.media-amazon.com/images/I/912a2JuOWfL._SL1500_.jpg', 'https://m.media-amazon.com/images/I/91nclsKP+uL._SL1500_.jpg', 'https://m.media-amazon.com/images/I/91PWVpkYYkL._SL1500_.jpg', 'https://m.media-amazon.com/images/I/918nF4BnZPL._SL1500_.jpg', 'https://m.media-amazon.com/images/I/91QlPgOAY-L._SL1500_.jpg', 'https://m.media-amazon.com/images/I/91O+t8NDA2L._SL1500_.jpg', 'https://m.media-amazon.com/images/I/A123B70ZqsL._SL1500_.jpg', 'https://m.media-amazon.com/images/I/A1rEYk5jKeL._SL1500_.jpg', 'https://m.media-amazon.com/images/I/91IqSnWWVkL._SL1500_.jpg'], 'large': ['https://m.media-amazon.com/images/I/51vP++sJLBL.jpg', 'https://m.media-amazon.com/images/I/51FQTicjWSL.jpg', 'https://m.media-amazon.com/images/I/516Ssia0mWL.jpg', 'https://m.media-amazon.com/images/I/51efMwCMXvL.jpg', 'https://m.media-amazon.com/images/I/51pK8mNI3KL.jpg', 'https://m.media-amazon.com/images/I/51uM4THFwAL.jpg', 'https://m.media-amazon.com/images/I/61ljm9qRqCL.jpg', 'https://m.media-amazon.com/images/I/51xcjxnKEuL.jpg', 'https://m.media-amazon.com/images/I/51ITKBDcXOL.jpg'], 'thumb': ['https://m.media-amazon.com/images/I/51vP++sJLBL._SS40_.jpg', 'https://m.media-amazon.com/images/I/51FQTicjWSL._SS40_.jpg', 'https://m.media-amazon.com/images/I/516Ssia0mWL._SS40_.jpg', 'https://m.media-amazon.com/images/I/51efMwCMXvL._SS40_.jpg', 'https://m.media-amazon.com/images/I/51pK8mNI3KL._SS40_.jpg', 'https://m.media-amazon.com/images/I/51uM4THFwAL._SS40_.jpg', 'https://m.media-amazon.com/images/I/61ljm9qRqCL._SS40_.jpg', 'https://m.media-amazon.com/images/I/51xcjxnKEuL._SS40_.jpg', 'https://m.media-amazon.com/images/I/51ITKBDcXOL._SS40_.jpg'], 'variant': ['MAIN', 'PT01', 'PT02', 'PT03', 'PT04', 'PT05', 'PT06', 'PT07', 'PT08']}","{'title': [], 'url': [], 'user_id': []}",Townley Girl,,"Package Dimensions: 11.18 x 11.06 x 2.8 inches; 1.87 Pounds, Item model number: FZ2169GA, UPC: 719565451850",B08CVTNQP1,,,,"Parent ASIN: B08CVTNQP1; Title: Disney Frozen - Townley Girl Mega Nail Set with Nail Dryer Foldable Gift Set for Parties, Sleepovers and Makeovers; Author: *; Description: *; Features: * - Details: Package Dimensions: 11.18 x 11.06 x 2.8 inches; 1.87 Pounds, Item model number: FZ2169GA, UPC: 719565451850; Store: Store: Townley Girl; Categories: *; Price: Price: None;"
All Beauty,"NeoCell Overnighter Collagen, 9.3oz",4.4,57,,,None,"{'hi_res': ['https://m.media-amazon.com/images/I/81u2JpAlM2L._SL1500_.jpg', 'https://m.media-amazon.com/images/I/8102vot7JwL._SL1500_.jpg', 'https://m.media-amazon.com/images/I/81jfcY9ySnL._SL1500_.jpg', None], 'large': ['https://m.media-amazon.com/images/I/41ZHCqXNOSL.jpg', 'https://m.media-amazon.com/images/I/51uz8ttSKpL.jpg', 'https://m.media-amazon.com/images/I/51vczHzWFsL.jpg', 'https://m.media-amazon.com/images/I/51PDSYBUoLL.jpg'], 'thumb': ['https://m.media-amazon.com/images/I/41ZHCqXNOSL._SS40_.jpg', 'https://m.media-amazon.com/images/I/51uz8ttSKpL._SS40_.jpg', 'https://m.media-amazon.com/images/I/51vczHzWFsL._SS40_.jpg', 'https://m.media-amazon.com/images/I/51PDSYBUoLL._SS40_.jpg'], 'variant': ['MAIN', 'PT01', 'PT02', 'PT03']}","{'title': [], 'url': [], 'user_id': []}",NeoCell,,"Brand: NeoCell, Item Form: Powder, Active Ingredients: Vitamin c,zinc, Unit Count: 9.3 Ounce, Number of Items: 1, Package Dimensions: 5.55 x 5.08 x 3.46 inches; 9.3 Ounces, UPC: 016185130623",B08XQYZWCS,,,,"Parent ASIN: B08XQYZWCS; Title: NeoCell Overnighter Collagen, 9.3oz; Author: *; Description: *; Features: * - Details: Brand: NeoCell, Item Form: Powder, Active Ingredients: Vitamin c,zinc, Unit Count: 9.3 Ounce, Number of Items: 1, Package Dimensions: 5.55 x 5.08 x 3.46 inches; 9.3 Ounces, UPC: 016185130623; Store: Store: NeoCell; Categories: *; Price: Price: None;"
All Beauty,"Spanature Aloe Vera Hand & Body Lotion Travel Size Selection, 4 Pack, Relaxing and Revitalizing Moisturizer for Rough and Dry Skin, Nourishing and Gentle for All Skin Types, Made In Korea - 75 ml/2.53oz",3.9,31,,,None,"{'hi_res': ['https://m.media-amazon.com/images/I/61fj-55Rt6L._SL1500_.jpg', 'https://m.media-amazon.com/images/I/510IU4dvRSL._SL1500_.jpg', 'https://m.media-amazon.com/images/I/61e1kP8N7fL._SL1500_.jpg', 'https://m.media-amazon.com/images/I/71wHm-z6+lL._SL1500_.jpg', 'https://m.media-amazon.com/images/I/61xoa3IPyuL._SL1500_.jpg'], 'large': ['https://m.media-amazon.com/images/I/417RLCZu-GL.jpg', 'https://m.media-amazon.com/images/I/31TtbrigCgL.jpg', 'https://m.media-amazon.com/images/I/31SY4FxAB-L.jpg', 'https://m.media-amazon.com/images/I/51IfY9OVvrL.jpg', 'https://m.media-amazon.com/images/I/416jFJgepuL.jpg'], 'thumb': ['https://m.media-amazon.com/images/I/417RLCZu-GL._SS40_.jpg', 'https://m.media-amazon.com/images/I/31TtbrigCgL._SS40_.jpg', 'https://m.media-amazon.com/images/I/31SY4FxAB-L._SS40_.jpg', 'https://m.media-amazon.com/images/I/51IfY9OVvrL._SS40_.jpg', 'https://m.media-amazon.com/images/I/416jFJgepuL._SS40_.jpg'], 'variant': ['MAIN', 'PT01', 'PT02', 'PT03', 'PT04']}","{'title': ['Guys need eye cream & Barstool Sports made one. Check it out'], 'url': ['https://www.amazon.com/vdp/07dd69b64ba34504bcae5d27f2136ccb?ref=dp_vse_rvc_0'], 'user_id': ['/shop/influencer-feaf66d7']}",Spanature,,"Brand: Spanature, Item Form: Lotion, Unit Count: 10.1 Ounce, Number of Items: 4, Use for: Hands, Package Dimensions: 4.21 x 3.62 x 2.8 inches; 1.05 Pounds, UPC: 088234470585",B08LPGZMQK,,,,"Parent ASIN: B08LPGZMQK; Title: Spanature Aloe Vera Hand & Body Lotion Travel Size Selection, 4 Pack, Relaxing and Revitalizing Moisturizer for Rough and Dry Skin, Nourishing and Gentle for All Skin Types, Made In Korea - 75 ml/2.53oz; Author: *; Description: *; Features: * - Details: Brand: Spanature, Item Form: Lotion, Unit Count: 10.1 Ounce, Number of Items: 4, Use for: Hands, Package Dimensions: 4.21 x 3.62 x 2.8 inches; 1.05 Pounds, UPC: 088234470585; Store: Store: Spanature; Categories: *; Price: Price: None;"
All Beauty,"4D Silk Fiber Lash Mascara, 2pcs Waterproof Mascara & Fiber Set, Longer Thicker Voluminous Eyelashes, No Clumping, No Smudging Lasting All Day",4.3,12,,,None,"{'hi_res': ['https://m.media-amazon.com/images/I/71xT2fqgHnS._SL1500_.jpg', 'https://m.media-amazon.com/images/I/61+biPg1gyS._SL1500_.jpg', 'https://m.media-amazon.com/images/I/710123UOGBS._SL1500_.jpg', 'https://m.media-amazon.com/images/I/71UTeKfj6qL._SL1500_.jpg', 'https://m.media-amazon.com/images/I/71fOoHuVH9S._SL1500_.jpg', 'https://m.media-amazon.com/images/I/71U3BenIGoS._SL1500_.jpg', 'https://m.media-amazon.com/images/I/81CZXUFJZwS._SL1500_.jpg', 'https://m.media-amazon.com/images/I/81zV3X2okzS._SL1500_.jpg', 'https://m.media-amazon.com/images/I/71sO6c60uCS._SL1500_.jpg'], 'large': ['https://m.media-amazon.com/images/I/51SV4z10m0S.jpg', 'https://m.media-amazon.com/images/I/41AsgVjH+fS.jpg', 'https://m.media-amazon.com/images/I/51GNReAAiES.jpg', 'https://m.media-amazon.com/images/I/51sWbrL-YxL.jpg', 'https://m.media-amazon.com/images/I/51-vPc+YHfS.jpg', 'https://m.media-amazon.com/images/I/51fk6NV6jRS.jpg', 'https://m.media-amazon.com/images/I/51RG4dAHXgS.jpg', 'https://m.media-amazon.com/images/I/51sU3BqgrcS.jpg', 'https://m.media-amazon.com/images/I/51FfZVWSAMS.jpg'], 'thumb': ['https://m.media-amazon.com/images/I/51SV4z10m0S._SS40_.jpg', 'https://m.media-amazon.com/images/I/41AsgVjH+fS._SS40_.jpg', 'https://m.media-amazon.com/images/I/51GNReAAiES._SS40_.jpg', 'https://m.media-amazon.com/images/I/51sWbrL-YxL._SS40_.jpg', 'https://m.media-amazon.com/images/I/51-vPc+YHfS._SS40_.jpg', 'https://m.media-amazon.com/images/I/51fk6NV6jRS._SS40_.jpg', 'https://m.media-amazon.com/images/I/51RG4dAHXgS._SS40_.jpg', 'https://m.media-amazon.com/images/I/51sU3BqgrcS._SS40_.jpg', 'https://m.media-amazon.com/images/I/51FfZVWSAMS._SS40_.jpg'], 'variant': ['MAIN', 'PT01', 'PT02', 'PT03', 'PT04', 'PT05', 'PT06', 'PT07', 'PT08']}","{'title': [], 'url': [], 'user_id': []}",Arlega+,,"Color: black, Special Feature: Water, Smudge Proof, Non Clumping, Brand: Arlega+, Specialty: Waterproof, Number of Items: 1, Package Dimensions: 6.69 x 2.8 x 1.06 inches; 4.16 Ounces, UPC: 193995030692 193995032320",B091GG4N2X,,,,"Parent ASIN: B091GG4N2X; Title: 4D Silk Fiber Lash Mascara, 2pcs Waterproof Mascara & Fiber Set, Longer Thicker Voluminous Eyelashes, No Clumping, No Smudging Lasting All Day; Author: *; Description: *; Features: * - Details: Color: black, Special Feature: Water, Smudge Proof, Non Clumping, Brand: Arlega+, Specialty: Waterproof, Number of Items: 1, Package Dimensions: 6.69 x 2.8 x 1.06 inches; 4.16 Ounces, UPC: 193995030692 193995032320; Store: Store: Arlega+; Categories: *; Price: Price: None;"
All Beauty,"AAVRANI Travel Discovery Skin Care Set with Exfoliating Cleanser & Facial Mask, Toning Serum, Softening Day & Night Moisturizer & Eye Cream Treatment, Facial Kit for Glowing Skin & Healthy Complexion",4.5,65,,,None,"{'hi_res': ['https://m.media-amazon.com/images/I/71MC-HV03RL._SL1500_.jpg', 'https://m.media-amazon.com/images/I/51mPSens+2L._SL1000_.jpg', 'https://m.media-amazon.com/images/I/5158H85K+eL._SL1162_.jpg', 'https://m.media-amazon.com/images/I/81tr8LnYdSL._SL1500_.jpg', 'https://m.media-amazon.com/images/I/81F620VdvkL._SL1500_.jpg', 'https://m.media-amazon.com/images/I/81iGY4FKkHL._SL1500_.jpg', 'https://m.media-amazon.com/images/I/61ITiIaSQPL._SL1500_.jpg'], 'large': ['https://m.media-amazon.com/images/I/51HLOuFO0QL.jpg', 'https://m.media-amazon.com/images/I/41D2+Gz9u4L.jpg', 'https://m.media-amazon.com/images/I/31P8gtPVmML.jpg', 'https://m.media-amazon.com/images/I/51RobRrYk-L.jpg', 'https://m.media-amazon.com/images/I/51C4Y9ba4aL.jpg', 'https://m.media-amazon.com/images/I/51EXj4RHPLL.jpg', 'https://m.media-amazon.com/images/I/31VhqcOqDiL.jpg'], 'thumb': ['https://m.media-amazon.com/images/I/51HLOuFO0QL._SS40_.jpg', 'https://m.media-amazon.com/images/I/41D2+Gz9u4L._SS40_.jpg', 'https://m.media-amazon.com/images/I/31P8gtPVmML._SS40_.jpg', 'https://m.media-amazon.com/images/I/51RobRrYk-L._SS40_.jpg', 'https://m.media-amazon.com/images/I/51C4Y9ba4aL._SS40_.jpg', 'https://m.media-amazon.com/images/I/51EXj4RHPLL._SS40_.jpg', 'https://m.media-amazon.com/images/I/31VhqcOqDiL._SS40_.jpg'], 'variant': ['MAIN', 'PT01', 'PT03', 'PT04', 'PT05', 'PT06', 'PT07']}","{'title': ['Vampire PLLA Infusion Jelly Mask for Facials '], 'url': ['https://www.amazon.com/vdp/0418e3b574b24fa9b8b933171e67a143?ref=dp_vse_rvc_0'], 'user_id': ['']}",AAVRANI,,"Package Dimensions: 6.38 x 6.06 x 0.87 inches; 1.26 Pounds, UPC: 860003591253",B0949MJRHK,,,,"Parent ASIN: B0949MJRHK; Title: AAVRANI Travel Discovery Skin Care Set with Exfoliating Cleanser & Facial Mask, Toning Serum, Softening Day & Night Moisturizer & Eye Cream Treatment, Facial Kit for Glowing Skin & Healthy Complexion; Author: *; Description: *; Features: * - Details: Package Dimensions: 6.38 x 6.06 x 0.87 inches; 1.26 Pounds, UPC: 860003591253; Store: Store: AAVRANI; Categories: *; Price: Price: None;"
All Beauty,"Hard Wax Beads,WAXNOW 2lb Wax Beans for Hair Removal, All-Purpose Use for Full Body, Golden Glitter Added, Hard Wax for Legs, Brazilian Bikini, Underarm, Face, Larger Refill for Wax Warmer Kit",4.3,192,,,None,"{'hi_res': ['https://m.media-amazon.com/images/I/716Q5vkhVvL._SL1500_.jpg', 'https://m.media-amazon.com/images/I/71fvLMaKxcL._SL1500_.jpg', 'https://m.media-amazon.com/images/I/71ZAintXd1L._SL1500_.jpg', 'https://m.media-amazon.com/images/I/81Iu2ZxFSFL._SL1500_.jpg', 'https://m.media-amazon.com/images/I/81aHSGfvQ-L._SL1500_.jpg', 'https://m.media-amazon.com/images/I/81HPg6OJfxL._SL1500_.jpg'], 'large': ['https://m.media-amazon.com/images/I/51-s5ejbN3L.jpg', 'https://m.media-amazon.com/images/I/516Ajh1KmuL.jpg', 'https://m.media-amazon.com/images/I/41YpJMtP9FL.jpg', 'https://m.media-amazon.com/images/I/51fZ2jwCcnL.jpg', 'https://m.media-amazon.com/images/I/51kI2leLuqL.jpg', 'https://m.media-amazon.com/images/I/51ignf-50vL.jpg'], 'thumb': ['https://m.media-amazon.com/images/I/51-s5ejbN3L._SS40_.jpg', 'https://m.media-amazon.com/images/I/516Ajh1KmuL._SS40_.jpg', 'https://m.media-amazon.com/images/I/41YpJMtP9FL._SS40_.jpg', 'https://m.media-amazon.com/images/I/51fZ2jwCcnL._SS40_.jpg', 'https://m.media-amazon.com/images/I/51kI2leLuqL._SS40_.jpg', 'https://m.media-amazon.com/images/I/51ignf-50vL._SS40_.jpg'], 'variant': ['MAIN', 'PT01', 'PT02', 'PT03', 'PT04', 'PT05']}","{'title': ['non-strip waxing by professional', 'Easy to use ', 'Large area waxing', 'Amazing wax! Smooth and shinning!', 'WAXNOW hard wax hair removal', 'smooth wax for salon', 'I feel like a bald man 🧖🏻\u200d♀️', 'works great on armpit', 'The shimmer is nice.', 'GIRLEARLE 2.5lb Ballet Dancer Wax Beads for Hair Removal'], 'url': ['https://www.amazon.com/vdp/2682cf7110984a9d988bc79d9dc140f3?ref=dp_vse_rvc_0', 'https://www.amazon.com/vdp/0a8404b9ae56439fb7e295a430542e56?ref=dp_vse_rvc_1', 'https://www.amazon.com/vdp/7539549313904df7a517a714a0b46ac6?ref=dp_vse_rvc_2', 'https://www.amazon.com/vdp/b829d1c154d446cfb8311cb0b257e9ad?ref=dp_vse_rvc_3', 'https://www.amazon.com/vdp/b1b34b12a1ba464fabcc12508da82b06?ref=dp_vse_rvc_4', 'https://www.amazon.com/vdp/b202f6a380284975814d675c54b45802?ref=dp_vse_rvc_5', 'https://www.amazon.com/vdp/8a8aab4084a44086bfea13c1bb06bda9?ref=dp_vse_rvc_6', 'https://www.amazon.com/vdp/d53692b4b0bb44d893be731cc01ea441?ref=dp_vse_rvc_7', 'https://www.amazon.com/vdp/053839e4975c4eca8577e847e3cc4098?ref=dp_vse_rvc_8', 'https://www.amazon.com/vdp/0be81981db1b4c60931890cc3db3e0c6?ref=dp_vse_rvc_9'], 'user_id': ['AF3HM7AACAAYN45QK3CBAUQKQ5HA', 'AGVVD5H5BMYCNQ6WMCOH7VTJCSOQ', 'AF42EFXGZNYLN5B2BBJP3YVJHSFQ', 'AECZWCLPG4QRU4ZIWFUTRYQK3BGA', '', 'AFRO62LW5EWMAU2E3TIKL6TLPHTA', 'AEP3ZNYJNMMR7LSE2SLIQWKBQUGQ', '', 'AGGXNMZLBGDUIWESNHMUTCQOYFMQ', '']}",WAXNOW,,"Item Form: Wax, Skin Type: Sensitive, Brand: WAXNOW, Number of Items: 1, Unit Count: 32 Ounce, Package Dimensions: 10.08 x 6.93 x 2.28 inches; 2.04 Pounds, UPC: 795890020053",B08VDCWKHV,,,,"Parent ASIN: B08VDCWKHV; Title: Hard Wax Beads,WAXNOW 2lb Wax Beans for Hair Removal, All-Purpose Use for Full Body, Golden Glitter Added, Hard Wax for Legs, Brazilian Bikini, Underarm, Face, Larger Refill for Wax Warmer Kit; Author: *; Description: *; Features: * - Details: Item Form: Wax, Skin Type: Sensitive, Brand: WAXNOW, Number of Items: 1, Unit Count: 32 Ounce, Package Dimensions: 10.08 x 6.93 x 2.28 inches; 2.04 Pounds, UPC: 795890020053; Store: Store: WAXNOW; Categories: *; Price: Price: None;"
Premium Beauty,"Murad Hydration Intense Recovery Cream - Deeply Moisturizes Severely Dry and Stressed Skin - For Face and Eyes, 1.7 Fl Oz",3.9,136,,,86.0,"{'hi_res': ['https://m.media-amazon.com/images/I/61bm4GqLQxL._SL1500_.jpg', 'https://m.media-amazon.com/images/I/71LVGIrj2AL._SL1500_.jpg', 'https://m.media-amazon.com/images/I/61-VddPpk3L._SL1500_.jpg', 'https://m.media-amazon.com/images/I/61nzPA88kUL._SL1500_.jpg', 'https://m.media-amazon.com/images/I/81ioNknq9DL._SL1500_.jpg', 'https://m.media-amazon.com/images/I/714nMdCJzkL._SL1500_.jpg'], 'large': ['https://m.media-amazon.com/images/I/31GfYv5bILL.jpg', 'https://m.media-amazon.com/images/I/411JQRd1snL.jpg', 'https://m.media-amazon.com/images/I/31dphHmDKaL.jpg', 'https://m.media-amazon.com/images/I/31D1+-0dyrL.jpg', 'https://m.media-amazon.com/images/I/51r8cZsPNnL.jpg', 'https://m.media-amazon.com/images/I/41wvpehIDVL.jpg'], 'thumb': ['https://m.media-amazon.com/images/I/31GfYv5bILL._SX38_SY50_CR,0,0,38,50_.jpg', 'https://m.media-amazon.com/images/I/411JQRd1snL._SX38_SY50_CR,0,0,38,50_.jpg', 'https://m.media-amazon.com/images/I/31dphHmDKaL._SX38_SY50_CR,0,0,38,50_.jpg', 'https://m.media-amazon.com/images/I/31D1+-0dyrL._SX38_SY50_CR,0,0,38,50_.jpg', 'https://m.media-amazon.com/images/I/51r8cZsPNnL._SX38_SY50_CR,0,0,38,50_.jpg', 'https://m.media-amazon.com/images/I/41wvpehIDVL._SX38_SY50_CR,0,0,38,50_.jpg'], 'variant': ['MAIN', 'PT01', 'PT02', 'PT04', 'PT05', 'PT06']}","{'title': ['Murad Branded Video'], 'url': ['https://www.amazon.com/vdp/02c8b5a78f3048999416b124df857938?ref=dp_vse_rvc_0'], 'user_id': ['']}",,,"Brand: Murad, Scent: Unscented, Item Form: Cream, Active Ingredients: Vitamin A, Unit Count: 1.7 Fl Oz, Language: English, Product Dimensions: 2.91 x 2.91 x 1.69 inches; 7.2 Ounces, Item model number: 15293, UPC: 767332152936",B08SQZ1B3W,,,,"Parent ASIN: B08SQZ1B3W; Title: Murad Hydration Intense Recovery Cream - Deeply Moisturizes Severely Dry and Stressed Skin - For Face and Eyes, 1.7 Fl Oz; Author: *; Description: *; Features: * - Details: Brand: Murad, Scent: Unscented, Item Form: Cream, Active Ingredients: Vitamin A, Unit Count: 1.7 Fl Oz, Language: English, Product Dimensions: 2.91 x 2.91 x 1.69 inches; 7.2 Ounces, Item model number: 15293, UPC: 767332152936; Store: *; Categories: *; Price: Price: 86.0;"
All Beauty,"Yolife Acrylic Nail Brush with100% Pure Kolinsky Sable, Nail Art Brush With Brilliant crystal Handle, for Manicure Pedicure (6#, Silver)",4.3,27,,,None,"{'hi_res': ['https://m.media-amazon.com/images/I/61TxfUzuehL._SL1500_.jpg', 'https://m.media-amazon.com/images/I/71V9ADRsMNL._SL1500_.jpg', 'https://m.media-amazon.com/images/I/61RlHX5BpnL._SL1500_.jpg', 'https://m.media-amazon.com/images/I/71FSACim9zL._SL1500_.jpg', 'https://m.media-amazon.com/images/I/717Lc4y0mYL._SL1500_.jpg', 'https://m.media-amazon.com/images/I/81vB+wxZQ9L._SL1500_.jpg', 'https://m.media-amazon.com/images/I/71rImkAKDqL._SL1500_.jpg'], 'large': ['https://m.media-amazon.com/images/I/417KR8hJ7tL.jpg', 'https://m.media-amazon.com/images/I/41Mdi5rdoPL.jpg', 'https://m.media-amazon.com/images/I/41BsiIOznWL.jpg', 'https://m.media-amazon.com/images/I/41QC2zjayPL.jpg', 'https://m.media-amazon.com/images/I/41UjQp8mI2L.jpg', 'https://m.media-amazon.com/images/I/51Ev3VFWfeL.jpg', 'https://m.media-amazon.com/images/I/513pzjOKKSL.jpg'], 'thumb': ['https://m.media-amazon.com/images/I/417KR8hJ7tL._SS40_.jpg', 'https://m.media-amazon.com/images/I/41Mdi5rdoPL._SS40_.jpg', 'https://m.media-amazon.com/images/I/41BsiIOznWL._SS40_.jpg', 'https://m.media-amazon.com/images/I/41QC2zjayPL._SS40_.jpg', 'https://m.media-amazon.com/images/I/41UjQp8mI2L._SS40_.jpg', 'https://m.media-amazon.com/images/I/51Ev3VFWfeL._SS40_.jpg', 'https://m.media-amazon.com/images/I/513pzjOKKSL._SS40_.jpg'], 'variant': ['MAIN', 'PT01', 'PT02', 'PT03', 'PT04', 'PT05', 'PT06']}","{'title': [], 'url': [], 'user_id': []}",YOLIFE,,"Color: Silver, Brand: YOLIFE, Unit Count: 1.00 Count, Is Discontinued By Manufacturer: No, Package Dimensions: 7.75 x 2 x 0.3 inches; 3.21 Ounces",B08CC6YRLJ,,,,"Parent ASIN: B08CC6YRLJ; Title: Yolife Acrylic Nail Brush with100% Pure Kolinsky Sable, Nail Art Brush With Brilliant crystal Handle, for Manicure Pedicure (6#, Silver); Author: *; Description: *; Features: * - Details: Color: Silver, Brand: YOLIFE, Unit Count: 1.00 Count, Is Discontinued By Manufacturer: No, Package Dimensions: 7.75 x 2 x 0.3 inches; 3.21 Ounces; Store: Store: YOLIFE; Categories: *; Price: Price: None;"
All Beauty,Calendula Soap With Coconut Oil Soap - Natural Body Soap | Best Body Bar For Dry & Sensitive Skin | Use As A Bath Soap & Face Pure Extracts (2.64 Ounce),3.8,77,,,None,"{'hi_res': ['https://m.media-amazon.com/images/I/61OeWynYBQL._SL1500_.jpg', 'https://m.media-amazon.com/images/I/51czuQxtE9L._SL1500_.jpg', 'https://m.media-amazon.com/images/I/71rhz5EJk0L._SL1500_.jpg', 'https://m.media-amazon.com/images/I/71GdryAQKCL._SL1500_.jpg', 'https://m.media-amazon.com/images/I/61Bi8mW83dL._SL1500_.jpg', 'https://m.media-amazon.com/images/I/61JssLGM9CL._SL1500_.jpg', 'https://m.media-amazon.com/images/I/51SR6UKCQJL._SL1500_.jpg', 'https://m.media-amazon.com/images/I/61C2kf3aMQL._SL1036_.jpg'], 'large': ['https://m.media-amazon.com/images/I/41tz+A5n5kL.jpg', 'https://m.media-amazon.com/images/I/21lU2AbWWjL.jpg', 'https://m.media-amazon.com/images/I/51DWGPY5SLL.jpg', 'https://m.media-amazon.com/images/I/41jtNnCxtnL.jpg', 'https://m.media-amazon.com/images/I/41h3iDyD0fL.jpg', 'https://m.media-amazon.com/images/I/41s9xLa+1yL.jpg', 'https://m.media-amazon.com/images/I/31hCQCJuLYL.jpg', 'https://m.media-amazon.com/images/I/51tQti2E78L.jpg'], 'thumb': ['https://m.media-amazon.com/images/I/41tz+A5n5kL._SS40_.jpg', 'https://m.media-amazon.com/images/I/21lU2AbWWjL._SS40_.jpg', 'https://m.media-amazon.com/images/I/51DWGPY5SLL._SS40_.jpg', 'https://m.media-amazon.com/images/I/41jtNnCxtnL._SS40_.jpg', 'https://m.media-amazon.com/images/I/41h3iDyD0fL._SS40_.jpg', 'https://m.media-amazon.com/images/I/41s9xLa+1yL._SS40_.jpg', 'https://m.media-amazon.com/images/I/31hCQCJuLYL._SS40_.jpg', 'https://m.media-amazon.com/images/I/51tQti2E78L._SS40_.jpg'], 'variant': ['MAIN', 'PT01', 'PT02', 'PT03', 'PT04', 'PT05', 'PT06', 'PT07']}","{'title': [], 'url': [], 'user_id': []}",Pure Extracts,,"Item Form: Bar, Skin Type: Sensitive, Brand: Pure Extracts, Scent: Calendula, Material Feature: Natural, Package Dimensions: 3.23 x 2.2 x 1.34 inches; 4.16 Ounces",B08KHRF9NY,,,,"Parent ASIN: B08KHRF9NY; Title: Calendula Soap With Coconut Oil Soap - Natural Body Soap | Best Body Bar For Dry & Sensitive Skin | Use As A Bath Soap & Face Pure Extracts (2.64 Ounce); Author: *; Description: *; Features: * - Details: Item Form: Bar, Skin Type: Sensitive, Brand: Pure Extracts, Scent: Calendula, Material Feature: Natural, Package Dimensions: 3.23 x 2.2 x 1.34 inches; 4.16 Ounces; Store: Store: Pure Extracts; Categories: *; Price: Price: None;"
All Beauty,"TIANG Facial Steamer, Nano Ionic Mist Face Steamer, Hydrating Mist Sprayer Water Oxygen Injection, Nano Steamer Portable Mist Humidifier, for Face Mini Spa Rejuvenation, Moisturizing Refreshing",4.4,14,,,None,"{'hi_res': ['https://m.media-amazon.com/images/I/61HMagRYyvS._SL1500_.jpg', 'https://m.media-amazon.com/images/I/71j6SMe3HFL._SL1500_.jpg', 'https://m.media-amazon.com/images/I/6140+VRn8jL._SL1500_.jpg', 'https://m.media-amazon.com/images/I/71I+TYkiiaL._SL1500_.jpg', 'https://m.media-amazon.com/images/I/61y4EqYk9bS._SL1500_.jpg', 'https://m.media-amazon.com/images/I/71jiunBSpiS._SL1500_.jpg', 'https://m.media-amazon.com/images/I/513z1Tw6w7S._SL1500_.jpg', 'https://m.media-amazon.com/images/I/61IXTdnFzTS._SL1500_.jpg'], 'large': ['https://m.media-amazon.com/images/I/31aFVwLzluS.jpg', 'https://m.media-amazon.com/images/I/516jdGYFqvL.jpg', 'https://m.media-amazon.com/images/I/41m8vGEHBnL.jpg', 'https://m.media-amazon.com/images/I/51PUFfZUmpL.jpg', 'https://m.media-amazon.com/images/I/41OqpgIgX0S.jpg', 'https://m.media-amazon.com/images/I/510jpeDquVS.jpg', 'https://m.media-amazon.com/images/I/31xBtyBfj-S.jpg', 'https://m.media-amazon.com/images/I/419Fkzs3x+S.jpg'], 'thumb': ['https://m.media-amazon.com/images/I/31aFVwLzluS._SS40_.jpg', 'https://m.media-amazon.com/images/I/516jdGYFqvL._SS40_.jpg', 'https://m.media-amazon.com/images/I/41m8vGEHBnL._SS40_.jpg', 'https://m.media-amazon.com/images/I/51PUFfZUmpL._SS40_.jpg', 'https://m.media-amazon.com/images/I/41OqpgIgX0S._SS40_.jpg', 'https://m.media-amazon.com/images/I/510jpeDquVS._SS40_.jpg', 'https://m.media-amazon.com/images/I/31xBtyBfj-S._SS40_.jpg', 'https://m.media-amazon.com/images/I/419Fkzs3x+S._SS40_.jpg'], 'variant': ['MAIN', 'PT01', 'PT02', 'PT03', 'PT04', 'PT05', 'PT06', 'PT07']}","{'title': ['Mister', 'Amazing', 'Light Weight !'], 'url': ['https://www.amazon.com/vdp/025e314f6db6441fbf8c9a89161c157f?ref=dp_vse_rvc_0', 'https://www.amazon.com/vdp/0ccab82450c340dab0bcb0203804a1fc?ref=dp_vse_rvc_1', 'https://www.amazon.com/vdp/0526c47bc34e4804ba8592c5b056460a?ref=dp_vse_rvc_2'], 'user_id': ['AGXZWOM4OGQCEWKEEY2LDDSKCYYQ', 'AHJEIPMHBZWP5MMLE2CB4NOCNSVA', 'AHS36RONQ4MAEPOXJZ4T7C3VDWHA']}",TIANG,,"Brand: TIANG, Item Form: Liquid, Oil, Lotion, Spray, Unit Count: 1.00 Count, Number of Items: 1, Use for: Face, Product Dimensions: 7.09 x 1.61 x 1.61 inches; 6.17 Ounces, UPC: 757249753050",B09671G4KH,,,,"Parent ASIN: B09671G4KH; Title: TIANG Facial Steamer, Nano Ionic Mist Face Steamer, Hydrating Mist Sprayer Water Oxygen Injection, Nano Steamer Portable Mist Humidifier, for Face Mini Spa Rejuvenation, Moisturizing Refreshing; Author: *; Description: *; Features: * - Details: Brand: TIANG, Item Form: Liquid, Oil, Lotion, Spray, Unit Count: 1.00 Count, Number of Items: 1, Use for: Face, Product Dimensions: 7.09 x 1.61 x 1.61 inches; 6.17 Ounces, UPC: 757249753050; Store: Store: TIANG; Categories: *; Price: Price: None;"
All Beauty,"Study Buddy Clay Mask with Detoxifying Bentonite, 3 fl. oz., Exfoliates, Brightens and Clears Pores, Clay Draws Out Impurities and Improves Skin's Texture and Tone by Higher Education Skincare",4.1,36,,,None,"{'hi_res': ['https://m.media-amazon.com/images/I/51bUnFy1CQL._SL1500_.jpg', 'https://m.media-amazon.com/images/I/51B+-0iFJeL._SL1080_.jpg', 'https://m.media-amazon.com/images/I/51QEp9vsYlL._SL1500_.jpg', 'https://m.media-amazon.com/images/I/61-k7uvIzbL._SL1500_.jpg', 'https://m.media-amazon.com/images/I/714dLsxdUwL._SL1200_.jpg', 'https://m.media-amazon.com/images/I/419nGZcQrTL._SL1080_.jpg', None, 'https://m.media-amazon.com/images/I/51nlvVKZ22L._SL1080_.jpg', 'https://m.media-amazon.com/images/I/416kxaCJlxL._SL1080_.jpg'], 'large': ['https://m.media-amazon.com/images/I/310RjkaNQ0L.jpg', 'https://m.media-amazon.com/images/I/31JJM2WTotL.jpg', 'https://m.media-amazon.com/images/I/31f1S-FIMsL.jpg', 'https://m.media-amazon.com/images/I/31X8gyWJkcL.jpg', 'https://m.media-amazon.com/images/I/51MLm0afQTL.jpg', 'https://m.media-amazon.com/images/I/31Q2mdw3KRL.jpg', 'https://m.media-amazon.com/images/I/51zdNxpo7xL.jpg', 'https://m.media-amazon.com/images/I/31xfEEdTcYL.jpg', 'https://m.media-amazon.com/images/I/21vhWDOD8yL.jpg'], 'thumb': ['https://m.media-amazon.com/images/I/310RjkaNQ0L._SS40_.jpg', 'https://m.media-amazon.com/images/I/31JJM2WTotL._SS40_.jpg', 'https://m.media-amazon.com/images/I/31f1S-FIMsL._SS40_.jpg', 'https://m.media-amazon.com/images/I/31X8gyWJkcL._SS40_.jpg', 'https://m.media-amazon.com/images/I/51MLm0afQTL._SS40_.jpg', 'https://m.media-amazon.com/images/I/31Q2mdw3KRL._SS40_.jpg', 'https://m.media-amazon.com/images/I/51zdNxpo7xL._SS40_.jpg', 'https://m.media-amazon.com/images/I/31xfEEdTcYL._SS40_.jpg', 'https://m.media-amazon.com/images/I/21vhWDOD8yL._SS40_.jpg'], 'variant': ['MAIN', 'PT01', 'PT02', 'PT03', 'PT04', 'PT05', 'PT06', 'PT07', 'PT08']}","{'title': [], 'url': [], 'user_id': []}",Higher Education,,"Brand: Higher Education, Item Form: Clay, Product Benefits: Exfoliating, Scent: Exfoliating, Skin Type: All, Is Discontinued By Manufacturer: No, Package Dimensions: 5.6 x 3.6 x 1.3 inches; 5.61 Ounces, UPC: 811381035006",B07M9D3WYW,,,,"Parent ASIN: B07M9D3WYW; Title: Study Buddy Clay Mask with Detoxifying Bentonite, 3 fl. oz., Exfoliates, Brightens and Clears Pores, Clay Draws Out Impurities and Improves Skin's Texture and Tone by Higher Education Skincare; Author: *; Description: *; Features: * - Details: Brand: Higher Education, Item Form: Clay, Product Benefits: Exfoliating, Scent: Exfoliating, Skin Type: All, Is Discontinued By Manufacturer: No, Package Dimensions: 5.6 x 3.6 x 1.3 inches; 5.61 Ounces, UPC: 811381035006; Store: Store: Higher Education; Categories: *; Price: Price: None;"
All Beauty,"Panama Jack Sunscreen Lip Balm - SPF 45, Tropical & Mango 6 Pack Plus, Broad Spectrum UVA-UVB Sunscreen Protection, Prevents & Soothes Dry, Chapped Lips",4.9,66,,,None,"{'hi_res': ['https://m.media-amazon.com/images/I/81QIiBvrjxS._SL1500_.jpg', 'https://m.media-amazon.com/images/I/81mgvSX5VKL._SL1500_.jpg', 'https://m.media-amazon.com/images/I/610GmlsUm2L._SL1200_.jpg', 'https://m.media-amazon.com/images/I/71yZ9citmzL._SL1500_.jpg', 'https://m.media-amazon.com/images/I/71s2nHyvxRL._SL1500_.jpg', 'https://m.media-amazon.com/images/I/71Cb2zEj7ML._SL1500_.jpg', 'https://m.media-amazon.com/images/I/713Rc8Q4ofL._SL1200_.jpg', 'https://m.media-amazon.com/images/I/615DP-VCJYS._SL1200_.jpg', 'https://m.media-amazon.com/images/I/619CNSCfOPS._SL1200_.jpg'], 'large': ['https://m.media-amazon.com/images/I/51wV9FMjsZS.jpg', 'https://m.media-amazon.com/images/I/51BJqAczNnL.jpg', 'https://m.media-amazon.com/images/I/416IYQJ18KL.jpg', 'https://m.media-amazon.com/images/I/41cwZd+T+4L.jpg', 'https://m.media-amazon.com/images/I/41KWvFunNNL.jpg', 'https://m.media-amazon.com/images/I/51+6jinPIjL.jpg', 'https://m.media-amazon.com/images/I/61Q3xvLxqaL.jpg', 'https://m.media-amazon.com/images/I/41gaugJJkGS.jpg', 'https://m.media-amazon.com/images/I/41ChI94CM8S.jpg'], 'thumb': ['https://m.media-amazon.com/images/I/51wV9FMjsZS._SS40_.jpg', 'https://m.media-amazon.com/images/I/51BJqAczNnL._SS40_.jpg', 'https://m.media-amazon.com/images/I/416IYQJ18KL._SS40_.jpg', 'https://m.media-amazon.com/images/I/41cwZd+T+4L._SS40_.jpg', 'https://m.media-amazon.com/images/I/41KWvFunNNL._SS40_.jpg', 'https://m.media-amazon.com/images/I/51+6jinPIjL._SS40_.jpg', 'https://m.media-amazon.com/images/I/61Q3xvLxqaL._SS40_.jpg', 'https://m.media-amazon.com/images/I/41gaugJJkGS._SS40_.jpg', 'https://m.media-amazon.com/images/I/41ChI94CM8S._SS40_.jpg'], 'variant': ['MAIN', 'PT01', 'PT02', 'PT03', 'PT04', 'PT05', 'PT06', 'PT07', 'PT08']}","{'title': [], 'url': [], 'user_id': []}",Panama Jack,,"Scent: Mango, Product Benefits: Soothing, Item Weight: 4.25 Grams, Number of Items: 6, Unit Count: 1.00 Count, Package Dimensions: 5.08 x 4.72 x 1.34 inches; 0.15 Ounces",B08G5YVHQP,,,,"Parent ASIN: B08G5YVHQP; Title: Panama Jack Sunscreen Lip Balm - SPF 45, Tropical & Mango 6 Pack Plus, Broad Spectrum UVA-UVB Sunscreen Protection, Prevents & Soothes Dry, Chapped Lips; Author: *; Description: *; Features: * - Details: Scent: Mango, Product Benefits: Soothing, Item Weight: 4.25 Grams, Number of Items: 6, Unit Count: 1.00 Count, Package Dimensions: 5.08 x 4.72 x 1.34 inches; 0.15 Ounces; Store: Store: Panama Jack; Categories: *; Price: Price: None;"
All Beauty,"Beauhair Lace Front Wigs Human Hair Pre Plucked Brazilian Deep Wave 13x4 Lace Frontal Wig with Baby Hair 9A Natural Hair Wigs for Black Women(16, Deep Wigs)",3.0,29,,,None,"{'hi_res': ['https://m.media-amazon.com/images/I/71NhvcHCbqL._SL1001_.jpg', 'https://m.media-amazon.com/images/I/71EgWbb2UFL._SL1000_.jpg', 'https://m.media-amazon.com/images/I/71NhvcHCbqL._SL1001_.jpg', 'https://m.media-amazon.com/images/I/714mXuNKYhL._SL1050_.jpg', None, 'https://m.media-amazon.com/images/I/71cu+puevSL._SL1000_.jpg', 'https://m.media-amazon.com/images/I/71YJ5dNsawL._SL1001_.jpg'], 'large': ['https://m.media-amazon.com/images/I/51et7ldNJfL.jpg', 'https://m.media-amazon.com/images/I/51GGp0v03RL.jpg', 'https://m.media-amazon.com/images/I/51et7ldNJfL.jpg', 'https://m.media-amazon.com/images/I/51gy4Q-GXpL.jpg', 'https://m.media-amazon.com/images/I/51FkyVgbLLL.jpg', 'https://m.media-amazon.com/images/I/6161W0PdsyL.jpg', 'https://m.media-amazon.com/images/I/51KhGFzd6DL.jpg'], 'thumb': ['https://m.media-amazon.com/images/I/51et7ldNJfL._SS40_.jpg', 'https://m.media-amazon.com/images/I/51GGp0v03RL._SS40_.jpg', 'https://m.media-amazon.com/images/I/51et7ldNJfL._SS40_.jpg', 'https://m.media-amazon.com/images/I/51gy4Q-GXpL._SS40_.jpg', 'https://m.media-amazon.com/images/I/51FkyVgbLLL._SS40_.jpg', 'https://m.media-amazon.com/images/I/6161W0PdsyL._SS40_.jpg', 'https://m.media-amazon.com/images/I/51KhGFzd6DL._SS40_.jpg'], 'variant': ['MAIN', 'PT01', 'PT02', 'PT05', 'PT06', 'PT07', 'PT08']}","{'title': ['Beautiful Hair but the lace.'], 'url': ['https://www.amazon.com/vdp/13a2d77dbb144b04b9782f8d4e5712fd?ref=dp_vse_rvc_0'], 'user_id': ['AERAKNJ2BURBP5RGO5VZCBHIP4NA']}",Beauhair,,"Material: Human Hair, Hair Type: Wavy, Style: Modern, Brand: Beauhair, Age Range (Description): Adult, Package Dimensions: 9.61 x 6.18 x 2.52 inches; 8.78 Ounces",B08LG68MGH,,,,"Parent ASIN: B08LG68MGH; Title: Beauhair Lace Front Wigs Human Hair Pre Plucked Brazilian Deep Wave 13x4 Lace Frontal Wig with Baby Hair 9A Natural Hair Wigs for Black Women(16, Deep Wigs); Author: *; Description: *; Features: * - Details: Material: Human Hair, Hair Type: Wavy, Style: Modern, Brand: Beauhair, Age Range (Description): Adult, Package Dimensions: 9.61 x 6.18 x 2.52 inches; 8.78 Ounces; Store: Store: Beauhair; Categories: *; Price: Price: None;"
All Beauty,"UV LED Nail Lamp Mercase,72W Gel uv light for Fingernail & Toenail Gel Based Polishes – Portable Nail Curing Light with 36pcs LEDs, 4 Timer Settings & Smart Sensor (White)",4.2,64,,,None,"{'hi_res': ['https://m.media-amazon.com/images/I/615hhii8SVL._SL1500_.jpg', 'https://m.media-amazon.com/images/I/71JbwV6O3zL._SL1500_.jpg', 'https://m.media-amazon.com/images/I/71cDy-SO7NL._SL1500_.jpg', 'https://m.media-amazon.com/images/I/61BfG+uXZUL._SL1500_.jpg', 'https://m.media-amazon.com/images/I/71CMwHLBOZL._SL1500_.jpg', 'https://m.media-amazon.com/images/I/71a3tR5avCL._SL1500_.jpg', 'https://m.media-amazon.com/images/I/71nJQr142uL._SL1500_.jpg', 'https://m.media-amazon.com/images/I/71hmB+VReiL._SL1500_.jpg'], 'large': ['https://m.media-amazon.com/images/I/315aSg-lBuL.jpg', 'https://m.media-amazon.com/images/I/51cmXGtMTpL.jpg', 'https://m.media-amazon.com/images/I/516xsFBe2HL.jpg', 'https://m.media-amazon.com/images/I/41R4XDn4N3L.jpg', 'https://m.media-amazon.com/images/I/412Pe1frNaL.jpg', 'https://m.media-amazon.com/images/I/51dWzZpvbDL.jpg', 'https://m.media-amazon.com/images/I/414kau10urL.jpg', 'https://m.media-amazon.com/images/I/51wrxz9gv4L.jpg'], 'thumb': ['https://m.media-amazon.com/images/I/315aSg-lBuL._SS40_.jpg', 'https://m.media-amazon.com/images/I/51cmXGtMTpL._SS40_.jpg', 'https://m.media-amazon.com/images/I/516xsFBe2HL._SS40_.jpg', 'https://m.media-amazon.com/images/I/41R4XDn4N3L._SS40_.jpg', 'https://m.media-amazon.com/images/I/412Pe1frNaL._SS40_.jpg', 'https://m.media-amazon.com/images/I/51dWzZpvbDL._SS40_.jpg', 'https://m.media-amazon.com/images/I/414kau10urL._SS40_.jpg', 'https://m.media-amazon.com/images/I/51wrxz9gv4L._SS40_.jpg'], 'variant': ['MAIN', 'PT01', 'PT02', 'PT03', 'PT04', 'PT05', 'PT06', 'PT07']}","{'title': [], 'url': [], 'user_id': []}",Mercase,,,B08MT8L5ZL,,,,"Parent ASIN: B08MT8L5ZL; Title: UV LED Nail Lamp Mercase,72W Gel uv light for Fingernail & Toenail Gel Based Polishes – Portable Nail Curing Light with 36pcs LEDs, 4 Timer Settings & Smart Sensor (White); Author: *; Description: *; Features: * - *; Store: Store: Mercase; Categories: *; Price: Price: None;"
All Beauty,"O!GETi Vitamin C Foam Cleanser | Foaming Facial Cleanser, Perfect Pore Cleansing Foam, Face Wash for Dry & Sensitive Skin, Sebum Reducing, Moisture Control & Minimizing Pores, Korean Skin Care, Gift for Women, Paraben-free, 4.23 Oz (120g)",4.5,160,"'🍋Vitalizing Cleanser Vitamin C + Vita 12 Complex improves uneven skin and visibly smoothes rough skin texture.', '🍋Rich Micro Bubble Cleanser Rich micro bubble formula completely adheres to the skin, effectively delivering ingredients and removing skin impurities.', '🍋Balanced Cleansing The creamy base and moisturizing texture ensures a balanced foam cleansing', 🍋Excellent moisturizing power After washing your face, it doesn't make your skin dry and gives you a moist finish, '🍋All Skin Types A soft foam cleanser that contains centella, panthenol, and tangerine extracts which refreshes the skin without over drying it.'",,14.0,"{'hi_res': ['https://m.media-amazon.com/images/I/51DGFwD8niL._SL1001_.jpg', 'https://m.media-amazon.com/images/I/51FruVJ1lrL._SL1000_.jpg', 'https://m.media-amazon.com/images/I/61DzbWY1yML._SL1000_.jpg', 'https://m.media-amazon.com/images/I/714WvlljrvL._SL1000_.jpg', 'https://m.media-amazon.com/images/I/61PylvbwSmL._SL1000_.jpg'], 'large': ['https://m.media-amazon.com/images/I/41HzYrJ74pL.jpg', 'https://m.media-amazon.com/images/I/415PrOS-myL.jpg', 'https://m.media-amazon.com/images/I/51kTYNa8MdL.jpg', 'https://m.media-amazon.com/images/I/51wXR859GUL.jpg', 'https://m.media-amazon.com/images/I/41vcqz6B-HL.jpg'], 'thumb': ['https://m.media-amazon.com/images/I/41HzYrJ74pL._SS40_.jpg', 'https://m.media-amazon.com/images/I/415PrOS-myL._SS40_.jpg', 'https://m.media-amazon.com/images/I/51kTYNa8MdL._SS40_.jpg', 'https://m.media-amazon.com/images/I/51wXR859GUL._SS40_.jpg', 'https://m.media-amazon.com/images/I/41vcqz6B-HL._SS40_.jpg'], 'variant': ['MAIN', 'PT01', 'PT02', 'PT03', 'PT04']}","{'title': [], 'url': [], 'user_id': []}",O!GETi,,"Item Form: Foam, Skin Type: All, Brand: O!GETi, Scent: Tangerine, Material Feature: Natural",B08TR1MKHD,,,,"Parent ASIN: B08TR1MKHD; Title: O!GETi Vitamin C Foam Cleanser | Foaming Facial Cleanser, Perfect Pore Cleansing Foam, Face Wash for Dry & Sensitive Skin, Sebum Reducing, Moisture Control & Minimizing Pores, Korean Skin Care, Gift for Women, Paraben-free, 4.23 Oz (120g); Author: *; Description: *; Features: Features: '🍋Vitalizing Cleanser Vitamin C + Vita 12 Complex improves uneven skin and visibly smoothes rough skin texture.', '🍋Rich Micro Bubble Cleanser Rich micro bubble formula completely adheres to the skin, effectively delivering ingredients and removing skin impurities.', '🍋Balanced Cleansing The creamy base and moisturizing texture ensures a balanced foam cleansing', 🍋Excellent moisturizing power After washing your face, it doesn't make your skin dry and gives you a moist finish, '🍋All Skin Types A soft foam cleanser that contains centella, panthenol, and tangerine extracts which refreshes the skin without over drying it.' - Details: Item Form: Foam, Skin Type: All, Brand: O!GETi, Scent: Tangerine, Material Feature: Natural; Store: Store: O!GETi; Categories: *; Price: Price: 14.0;"
All Beauty,12ML Refillable Perfume Atomizer Bottle for Travel Spray Scent Pump Case Pack of 5,3.9,53,,,None,"{'hi_res': ['https://m.media-amazon.com/images/I/71K3ppzXOyL._SL1001_.jpg', 'https://m.media-amazon.com/images/I/71q2JM9fPpL._SL1001_.jpg', 'https://m.media-amazon.com/images/I/61sClLqjtsL._SL1001_.jpg', 'https://m.media-amazon.com/images/I/61lnnNu6xbL._SL1001_.jpg', 'https://m.media-amazon.com/images/I/61n--45c82L._SL1001_.jpg', 'https://m.media-amazon.com/images/I/61eqBfcNdiL._SL1001_.jpg', 'https://m.media-amazon.com/images/I/61Qcp6GC1EL._SL1001_.jpg'], 'large': ['https://m.media-amazon.com/images/I/51C3gsQHheL.jpg', 'https://m.media-amazon.com/images/I/51ttMr+vPDL.jpg', 'https://m.media-amazon.com/images/I/418+8OlarbL.jpg', 'https://m.media-amazon.com/images/I/511fKdfCwFL.jpg', 'https://m.media-amazon.com/images/I/41EaRVLvWGL.jpg', 'https://m.media-amazon.com/images/I/519ad7+CAgL.jpg', 'https://m.media-amazon.com/images/I/51bIMycAgkL.jpg'], 'thumb': ['https://m.media-amazon.com/images/I/51C3gsQHheL._SS40_.jpg', 'https://m.media-amazon.com/images/I/51ttMr+vPDL._SS40_.jpg', 'https://m.media-amazon.com/images/I/418+8OlarbL._SS40_.jpg', 'https://m.media-amazon.com/images/I/511fKdfCwFL._SS40_.jpg', 'https://m.media-amazon.com/images/I/41EaRVLvWGL._SS40_.jpg', 'https://m.media-amazon.com/images/I/519ad7+CAgL._SS40_.jpg', 'https://m.media-amazon.com/images/I/51bIMycAgkL._SS40_.jpg'], 'variant': ['MAIN', 'PT01', 'PT02', 'PT03', 'PT04', 'PT05', 'PT06']}","{'title': ['this came in handy'], 'url': ['https://www.amazon.com/vdp/9b4cbbc9398e42019bde9e6f302b1972?ref=dp_vse_rvc_0'], 'user_id': ['AGC5G4QBT3FTUAGFGMJ6OKPT74VA']}",Rioa,,"Is Discontinued By Manufacturer: No, Product Dimensions: 0.71 x 0.71 x 4.13 inches; 4.8 Ounces, Item model number: Surface Matalic Bottle, UPC: 753940391508",B015A5DGG4,,,,"Parent ASIN: B015A5DGG4; Title: 12ML Refillable Perfume Atomizer Bottle for Travel Spray Scent Pump Case Pack of 5; Author: *; Description: *; Features: * - Details: Is Discontinued By Manufacturer: No, Product Dimensions: 0.71 x 0.71 x 4.13 inches; 4.8 Ounces, Item model number: Surface Matalic Bottle, UPC: 753940391508; Store: Store: Rioa; Categories: *; Price: Price: None;"
All Beauty,"Multicolors Crimped Bobby Pins, 96 Counts 2 Inches Non Slip Grip Hair Pins For Women, Safe Rubber Tips & Strong Grip Bob Pins, Bobby Pins Blonde, Black, Brown, Green",4.5,60,,,None,"{'hi_res': ['https://m.media-amazon.com/images/I/7151fUj0iSL._SL1200_.jpg', 'https://m.media-amazon.com/images/I/71tzph99C0L._SL1500_.jpg', 'https://m.media-amazon.com/images/I/61s0-Qm7q3L._SL1000_.jpg', 'https://m.media-amazon.com/images/I/51Rqx4Q5FpL._SL1000_.jpg', 'https://m.media-amazon.com/images/I/61xxk7wmAnL._SL1000_.jpg', 'https://m.media-amazon.com/images/I/61i7e421XoL._SL1000_.jpg', 'https://m.media-amazon.com/images/I/71a2mVE2ugL._SL1000_.jpg'], 'large': ['https://m.media-amazon.com/images/I/51SddNfCFRL.jpg', 'https://m.media-amazon.com/images/I/41GkLViwxOL.jpg', 'https://m.media-amazon.com/images/I/51DA8QrS1fL.jpg', 'https://m.media-amazon.com/images/I/41Ul3iRC6ZL.jpg', 'https://m.media-amazon.com/images/I/513xC-VdYlL.jpg', 'https://m.media-amazon.com/images/I/51QHCe7vEaL.jpg', 'https://m.media-amazon.com/images/I/61+8StD1l8L.jpg'], 'thumb': ['https://m.media-amazon.com/images/I/51SddNfCFRL._SS40_.jpg', 'https://m.media-amazon.com/images/I/41GkLViwxOL._SS40_.jpg', 'https://m.media-amazon.com/images/I/51DA8QrS1fL._SS40_.jpg', 'https://m.media-amazon.com/images/I/41Ul3iRC6ZL._SS40_.jpg', 'https://m.media-amazon.com/images/I/513xC-VdYlL._SS40_.jpg', 'https://m.media-amazon.com/images/I/51QHCe7vEaL._SS40_.jpg', 'https://m.media-amazon.com/images/I/61+8StD1l8L._SS40_.jpg'], 'variant': ['MAIN', 'PT01', 'PT02', 'PT03', 'PT04', 'PT05', 'PT06']}","{'title': ['Great variety pack!'], 'url': ['https://www.amazon.com/vdp/d2b96648cc0a4eefb8ec57cfec051315?ref=dp_vse_rvc_0'], 'user_id': ['AEUG6XOJRTM6PALFYZTXUOXU6XAQ']}",DARONGFENG,,"Brand: DARONGFENG, Hair Type: All, Color: Gray,Green,Brown, Age Range (Description): Adult, Material: Metal, Rubber, Package Dimensions: 4.8 x 3.8 x 0.7 inches; 3.21 Ounces, Item model number: Hair pins-D96-4, UPC: 741416436082",B087PJ121M,,,,"Parent ASIN: B087PJ121M; Title: Multicolors Crimped Bobby Pins, 96 Counts 2 Inches Non Slip Grip Hair Pins For Women, Safe Rubber Tips & Strong Grip Bob Pins, Bobby Pins Blonde, Black, Brown, Green; Author: *; Description: *; Features: * - Details: Brand: DARONGFENG, Hair Type: All, Color: Gray,Green,Brown, Age Range (Description): Adult, Material: Metal, Rubber, Package Dimensions: 4.8 x 3.8 x 0.7 inches; 3.21 Ounces, Item model number: Hair pins-D96-4, UPC: 741416436082; Store: Store: DARONGFENG; Categories: *; Price: Price: None;"
All Beauty,"Pharmacopia Tangerine-Flavored Lip Balm - Set of 2, 0.25oz - Nourishing Herbal Lip Elixir with 100% Natural and Certified Organic Ingredients",4.4,37,,,None,"{'hi_res': ['https://m.media-amazon.com/images/I/716CKFhZxlL._SL1500_.jpg', 'https://m.media-amazon.com/images/I/71XlYj5BhgL._SL1500_.jpg', 'https://m.media-amazon.com/images/I/91iD2nyvcQL._SL1500_.jpg', 'https://m.media-amazon.com/images/I/91sV+abqdNL._SL1500_.jpg'], 'large': ['https://m.media-amazon.com/images/I/41dTRMUTXKL.jpg', 'https://m.media-amazon.com/images/I/41X4y0bx0aL.jpg', 'https://m.media-amazon.com/images/I/51dft6kEmLL.jpg', 'https://m.media-amazon.com/images/I/51AdOrh4HZL.jpg'], 'thumb': ['https://m.media-amazon.com/images/I/41dTRMUTXKL._SS40_.jpg', 'https://m.media-amazon.com/images/I/41X4y0bx0aL._SS40_.jpg', 'https://m.media-amazon.com/images/I/51dft6kEmLL._SS40_.jpg', 'https://m.media-amazon.com/images/I/51AdOrh4HZL._SS40_.jpg'], 'variant': ['MAIN', 'PT01', 'PT02', 'PT03']}","{'title': ['Our Point of View on Pharmacopia Hotel Body Wash Set'], 'url': ['https://www.amazon.com/vdp/08fc99f9f012424ab3e83dee1f07bbd8?ref=dp_vse_rvc_0'], 'user_id': ['/shop/influencer-20a38664']}",Pharmacopia,,"Brand: Pharmacopia, Item Form: Balm, Finish Type: Natural, Skin Type: Dry, Product Benefits: Hydrating,Soothing,Nourishing, Package Dimensions: 3.6 x 1.7 x 0.7 inches; 0.25 Ounces, UPC: 087819800366",B07Z3NRMBS,,,,"Parent ASIN: B07Z3NRMBS; Title: Pharmacopia Tangerine-Flavored Lip Balm - Set of 2, 0.25oz - Nourishing Herbal Lip Elixir with 100% Natural and Certified Organic Ingredients; Author: *; Description: *; Features: * - Details: Brand: Pharmacopia, Item Form: Balm, Finish Type: Natural, Skin Type: Dry, Product Benefits: Hydrating,Soothing,Nourishing, Package Dimensions: 3.6 x 1.7 x 0.7 inches; 0.25 Ounces, UPC: 087819800366; Store: Store: Pharmacopia; Categories: *; Price: Price: None;"
All Beauty,"Revitalizing N.M.F Intensive Hydrating Serum that treats Dull, Tired, Dry and Sensitive Skin from Manilla Natural Skincare",3.8,25,,,None,"{'hi_res': ['https://m.media-amazon.com/images/I/919q-pGlshL._SL1500_.jpg', 'https://m.media-amazon.com/images/I/91-X4JmCtSL._SL1500_.jpg', 'https://m.media-amazon.com/images/I/814KfNM6kBL._SL1500_.jpg', 'https://m.media-amazon.com/images/I/81JHBbiXycL._SL1500_.jpg'], 'large': ['https://m.media-amazon.com/images/I/414Q8zGd2bL.jpg', 'https://m.media-amazon.com/images/I/51x9JlfuF+L.jpg', 'https://m.media-amazon.com/images/I/41C2mb64l3L.jpg', 'https://m.media-amazon.com/images/I/41LNIe2aj6L.jpg'], 'thumb': ['https://m.media-amazon.com/images/I/414Q8zGd2bL._SS40_.jpg', 'https://m.media-amazon.com/images/I/51x9JlfuF+L._SS40_.jpg', 'https://m.media-amazon.com/images/I/41C2mb64l3L._SS40_.jpg', 'https://m.media-amazon.com/images/I/41LNIe2aj6L._SS40_.jpg'], 'variant': ['MAIN', 'PT01', 'PT02', 'PT03']}","{'title': [], 'url': [], 'user_id': []}",Manilla Natural Skincare,,"Skin Type: mature, Product Benefits: Hydration, Brand: Manilla Natural Skincare, Material Feature: Natural, Recommended Uses For Product: Hydrating,Wrinkles, Is Discontinued By Manufacturer: No, Product Dimensions: 1.38 x 1.38 x 3.54 inches; 3.99 Ounces",B081MQD52C,,,,"Parent ASIN: B081MQD52C; Title: Revitalizing N.M.F Intensive Hydrating Serum that treats Dull, Tired, Dry and Sensitive Skin from Manilla Natural Skincare; Author: *; Description: *; Features: * - Details: Skin Type: mature, Product Benefits: Hydration, Brand: Manilla Natural Skincare, Material Feature: Natural, Recommended Uses For Product: Hydrating,Wrinkles, Is Discontinued By Manufacturer: No, Product Dimensions: 1.38 x 1.38 x 3.54 inches; 3.99 Ounces; Store: Store: Manilla Natural Skincare; Categories: *; Price: Price: None;"
All Beauty,"Claireceuticals Sweet Almond Oil for Hair, Face & Skin - Organic Almond Oil for Skin - Pure Almond Oil Moisturizer for Dry Skin - Facial Moisturizer for Women - Ideal Dandruff Remover - 1.69 Fl Oz",4.1,16,,,None,"{'hi_res': ['https://m.media-amazon.com/images/I/71ndfwi71VL._SL1500_.jpg', 'https://m.media-amazon.com/images/I/81fX8PN9OAL._SL1500_.jpg', 'https://m.media-amazon.com/images/I/91BjiAa1TWL._SL1500_.jpg', 'https://m.media-amazon.com/images/I/81o7EPic11L._SL1500_.jpg', 'https://m.media-amazon.com/images/I/81i1GfZaHeL._SL1500_.jpg', 'https://m.media-amazon.com/images/I/81OCxIEXg-L._SL1500_.jpg', 'https://m.media-amazon.com/images/I/71774iwhqPS._SL1500_.jpg'], 'large': ['https://m.media-amazon.com/images/I/51kQVP3BS6L.jpg', 'https://m.media-amazon.com/images/I/51MCvl7C8kL.jpg', 'https://m.media-amazon.com/images/I/51RWEWmrZBL.jpg', 'https://m.media-amazon.com/images/I/51qZB1vs+gL.jpg', 'https://m.media-amazon.com/images/I/51BLUcy4aXL.jpg', 'https://m.media-amazon.com/images/I/51EVX+UeSPL.jpg', 'https://m.media-amazon.com/images/I/51+zfrAlTvS.jpg'], 'thumb': ['https://m.media-amazon.com/images/I/51kQVP3BS6L._SS40_.jpg', 'https://m.media-amazon.com/images/I/51MCvl7C8kL._SS40_.jpg', 'https://m.media-amazon.com/images/I/51RWEWmrZBL._SS40_.jpg', 'https://m.media-amazon.com/images/I/51qZB1vs+gL._SS40_.jpg', 'https://m.media-amazon.com/images/I/51BLUcy4aXL._SS40_.jpg', 'https://m.media-amazon.com/images/I/51EVX+UeSPL._SS40_.jpg', 'https://m.media-amazon.com/images/I/51+zfrAlTvS._SS40_.jpg'], 'variant': ['MAIN', 'PT01', 'PT02', 'PT03', 'PT04', 'PT05', 'PT07']}","{'title': [], 'url': [], 'user_id': []}",CLAIRECEUTICALS,,"Brand: CLAIRECEUTICALS, Item Form: Oil, Unit Count: 1.7 Fl Oz, Skin Type: All, Item Volume: 100 Milliliters",B08HDG9F44,,,,"Parent ASIN: B08HDG9F44; Title: Claireceuticals Sweet Almond Oil for Hair, Face & Skin - Organic Almond Oil for Skin - Pure Almond Oil Moisturizer for Dry Skin - Facial Moisturizer for Women - Ideal Dandruff Remover - 1.69 Fl Oz; Author: *; Description: *; Features: * - Details: Brand: CLAIRECEUTICALS, Item Form: Oil, Unit Count: 1.7 Fl Oz, Skin Type: All, Item Volume: 100 Milliliters; Store: Store: CLAIRECEUTICALS; Categories: *; Price: Price: None;"
All Beauty,"ABOUT ME MediAnswer Collagen Firming Up Mask 4ea (1box) 25g - 77% Pure Collagen Extract Anti-Aging Total Care Facial Mask Sheet, Powerful Hydrating and Anti-Wrinkle Night Skin Care",4.2,63,,,None,"{'hi_res': ['https://m.media-amazon.com/images/I/513H34VhsRL._SL1024_.jpg', 'https://m.media-amazon.com/images/I/51fRsX7lygL._SL1024_.jpg', 'https://m.media-amazon.com/images/I/61NN3Y1f-PL._SL1024_.jpg', 'https://m.media-amazon.com/images/I/51AfUDzURwL._SL1024_.jpg', 'https://m.media-amazon.com/images/I/51rTQakmvoL._SL1024_.jpg'], 'large': ['https://m.media-amazon.com/images/I/41kg3SuIDlL.jpg', 'https://m.media-amazon.com/images/I/419skLK3peL.jpg', 'https://m.media-amazon.com/images/I/41L2iHSE33L.jpg', 'https://m.media-amazon.com/images/I/31-DQcmd+NL.jpg', 'https://m.media-amazon.com/images/I/31y3rnIKWML.jpg'], 'thumb': ['https://m.media-amazon.com/images/I/41kg3SuIDlL._SS40_.jpg', 'https://m.media-amazon.com/images/I/419skLK3peL._SS40_.jpg', 'https://m.media-amazon.com/images/I/41L2iHSE33L._SS40_.jpg', 'https://m.media-amazon.com/images/I/31-DQcmd+NL._SS40_.jpg', 'https://m.media-amazon.com/images/I/31y3rnIKWML._SS40_.jpg'], 'variant': ['MAIN', 'PT01', 'PT02', 'PT03', 'PT04']}","{'title': [], 'url': [], 'user_id': []}",Samyang,,"Brand: Samyang, Item Form: Sheet, Product Benefits: Hydrating,Anti-aging, Scent: Fresh, Special Feature: Not Tested On Animals, Is Discontinued By Manufacturer: No, Package Dimensions: 7.1 x 6.3 x 0.9 inches; 0.88 Ounces",B07J1LYVHC,,,,"Parent ASIN: B07J1LYVHC; Title: ABOUT ME MediAnswer Collagen Firming Up Mask 4ea (1box) 25g - 77% Pure Collagen Extract Anti-Aging Total Care Facial Mask Sheet, Powerful Hydrating and Anti-Wrinkle Night Skin Care; Author: *; Description: *; Features: * - Details: Brand: Samyang, Item Form: Sheet, Product Benefits: Hydrating,Anti-aging, Scent: Fresh, Special Feature: Not Tested On Animals, Is Discontinued By Manufacturer: No, Package Dimensions: 7.1 x 6.3 x 0.9 inches; 0.88 Ounces; Store: Store: Samyang; Categories: *; Price: Price: None;"
All Beauty,Lemon Oil Towelettes - 20 Count,4.9,142,"'DISPOSABLE TOWELS: Keep your hands clean and soft with our natural alternative to harsh chemical-based products. Our travel size wipes use quality essential oils to clean your hands without drying out your skin. Our refreshing and cleansing travel towels are so easy to use!', TRAVEL FRIENDLY: Our travel wipes are excellent companions for trips or long flights. They can be used on the bus, subway, or in public restrooms. These no-rinse shower wipes can help you refresh yourself when you're on the go. Our handy facial wipes are great for hot and humid days. Always stay fresh and ready to take on the day!, 'MULTIPURPOSE: Our facial cleansing wipes can also be used to cleanse your hands instead of using drying sprays. They are fantastic body wipes for women and men while they are traveling. They also make great camping wipes, a necessity if you will be in the wilderness for a while and still want to stay fresh and clean.', 'AROMATHERAPY TOWELETTES: Our handy wipes are perfect for every day use. With a variety of different scents, you can enhance your day to both energize the beginning of it or soothe yourself at the end.', 'CONVENIENT & PORTABLE: All of our body wipes are small and individually wrapped, ready to take on the go! Toss in your purse, suitcase, wallet, pocket, or backpack. These wipes are so much easier to carry around than a spray and work (almost) as well as a shower!'","The Essential Oil Towelettes from Herban Essentials combines clean hands with soothing scents. Our travel hand wipes work to keep your hands clean and skin soft. They also work as face cleansing wipes, face cloths, body wipes for adults bathing, and body wipes for men when you are traveling and cannot stop to take a shower. If you need a midday refresher, use one of our citrus moisture towelettes for an energizing pick-me-up! Our collection includes lemon wipes, facial wipes cleansing cloths, a natural towelette, and men's wipes.",16.0,"{'hi_res': ['https://m.media-amazon.com/images/I/713Km8mm48S._SL1500_.jpg', None], 'large': ['https://m.media-amazon.com/images/I/41Nyrj4my7S.jpg', 'https://m.media-amazon.com/images/I/318gWK6CNLL.jpg'], 'thumb': ['https://m.media-amazon.com/images/I/41Nyrj4my7S._SS40_.jpg', 'https://m.media-amazon.com/images/I/318gWK6CNLL._SS40_.jpg'], 'variant': ['MAIN', 'PT01']}","{'title': ['Treela 200 Pieces Moist Cotton Towel Moist Towelette '], 'url': ['https://www.amazon.com/vdp/0bef33aa2acc4e6facc83029123570bb?ref=dp_vse_rvc_0'], 'user_id': ['']}",Herban Essentials,,"Brand: Herban Essentials, Skin Type: All, Material Feature: Natural, Unit Count: 1.00 Count, Number of Items: 1, Is Discontinued By Manufacturer: No, Product Dimensions: 7 x 1 x 6 inches; 5.29 Ounces, Manufacturer: Herban Essentials, Country of Origin: USA",B096S4RQNH,,,,"Parent ASIN: B096S4RQNH; Title: Lemon Oil Towelettes - 20 Count; Author: *; Description: Description: The Essential Oil Towelettes from Herban Essentials combines clean hands with soothing scents. Our travel hand wipes work to keep your hands clean and skin soft. They also work as face cleansing wipes, face cloths, body wipes for adults bathing, and body wipes for men when you are traveling and cannot stop to take a shower. If you need a midday refresher, use one of our citrus moisture towelettes for an energizing pick-me-up! Our collection includes lemon wipes, facial wipes cleansing cloths, a natural towelette, and men's wipes.; Features: Features: 'DISPOSABLE TOWELS: Keep your hands clean and soft with our natural alternative to harsh chemical-based products. Our travel size wipes use quality essential oils to clean your hands without drying out your skin. Our refreshing and cleansing travel towels are so easy to use!', TRAVEL FRIENDLY: Our travel wipes are excellent companions for trips or long flights. They can be used on the bus, subway, or in public restrooms. These no-rinse shower wipes can help you refresh yourself when you're on the go. Our handy facial wipes are great for hot and humid days. Always stay fresh and ready to take on the day!, 'MULTIPURPOSE: Our facial cleansing wipes can also be used to cleanse your hands instead of using drying sprays. They are fantastic body wipes for women and men while they are traveling. They also make great camping wipes, a necessity if you will be in the wilderness for a while and still want to stay fresh and clean.', 'AROMATHERAPY TOWELETTES: Our handy wipes are perfect for every day use. With a variety of different scents, you can enhance your day to both energize the beginning of it or soothe yourself at the end.', 'CONVENIENT & PORTABLE: All of our body wipes are small and individually wrapped, ready to take on the go! Toss in your purse, suitcase, wallet, pocket, or backpack. These wipes are so much easier to carry around than a spray and work (almost) as well as a shower!' - Details: Brand: Herban Essentials, Skin Type: All, Material Feature: Natural, Unit Count: 1.00 Count, Number of Items: 1, Is Discontinued By Manufacturer: No, Product Dimensions: 7 x 1 x 6 inches; 5.29 Ounces, Manufacturer: Herban Essentials, Country of Origin: USA; Store: Store: Herban Essentials; Categories: *; Price: Price: 16.0;"
All Beauty,Gentlehomme Face Moisturizer For Men - Mens Facial Lotion with Neroli Essential Oil Scent - Collagen & Stem Cells - Daily Anti-Aging Moisturizer for Dry & Oily Skin - 4 oz,4.3,54,,,None,"{'hi_res': ['https://m.media-amazon.com/images/I/71iqu0Acf0L._SL1500_.jpg', 'https://m.media-amazon.com/images/I/711t0WZqvRL._SL1500_.jpg', 'https://m.media-amazon.com/images/I/71sFTFG68ML._SL1500_.jpg', 'https://m.media-amazon.com/images/I/716TeEGlx-L._SL1500_.jpg', 'https://m.media-amazon.com/images/I/51L3aNL5o-L._SL1080_.jpg'], 'large': ['https://m.media-amazon.com/images/I/41xpZT3ej6L.jpg', 'https://m.media-amazon.com/images/I/41bJr3U2AUL.jpg', 'https://m.media-amazon.com/images/I/41RduQhZvML.jpg', 'https://m.media-amazon.com/images/I/41rmwDoGxWL.jpg', 'https://m.media-amazon.com/images/I/41cvM3NYi1L.jpg'], 'thumb': ['https://m.media-amazon.com/images/I/41xpZT3ej6L._SS40_.jpg', 'https://m.media-amazon.com/images/I/41bJr3U2AUL._SS40_.jpg', 'https://m.media-amazon.com/images/I/41RduQhZvML._SS40_.jpg', 'https://m.media-amazon.com/images/I/41rmwDoGxWL._SS40_.jpg', 'https://m.media-amazon.com/images/I/41cvM3NYi1L._SS40_.jpg'], 'variant': ['MAIN', 'PT01', 'PT02', 'PT03', 'PT04']}","{'title': [], 'url': [], 'user_id': []}",Gentlehomme,,"Brand: Gentlehomme, Scent: Fresh, Item Form: Lotion, Unit Count: 1.00 Count, Number of Items: 1, Package Dimensions: 3 x 2.83 x 2.4 inches; 4 Ounces, UPC: 860001419924",B0851QJPZY,,,,"Parent ASIN: B0851QJPZY; Title: Gentlehomme Face Moisturizer For Men - Mens Facial Lotion with Neroli Essential Oil Scent - Collagen & Stem Cells - Daily Anti-Aging Moisturizer for Dry & Oily Skin - 4 oz; Author: *; Description: *; Features: * - Details: Brand: Gentlehomme, Scent: Fresh, Item Form: Lotion, Unit Count: 1.00 Count, Number of Items: 1, Package Dimensions: 3 x 2.83 x 2.4 inches; 4 Ounces, UPC: 860001419924; Store: Store: Gentlehomme; Categories: *; Price: Price: None;"
All Beauty,"CAXIRO IPL Hair Removal Device for Women and Man, Permanent Reduction in Hair Regrowth for Body, Face & Precision Areas (Bikini and Underarms)",2.8,19,,,49.99,"{'hi_res': ['https://m.media-amazon.com/images/I/61q2h0vh0tL._SL1500_.jpg', 'https://m.media-amazon.com/images/I/71Z1N7f3WvL._SL1500_.jpg', 'https://m.media-amazon.com/images/I/71E-H0Z+HXL._SL1500_.jpg', 'https://m.media-amazon.com/images/I/71Dp-eBziXL._SL1500_.jpg', 'https://m.media-amazon.com/images/I/61AdMnUaeiL._SL1500_.jpg', 'https://m.media-amazon.com/images/I/71Fi-1DkKcL._SL1500_.jpg', 'https://m.media-amazon.com/images/I/71jnTjB63VL._SL1500_.jpg'], 'large': ['https://m.media-amazon.com/images/I/41AW3gAupqL.jpg', 'https://m.media-amazon.com/images/I/41EFi2qSbcL.jpg', 'https://m.media-amazon.com/images/I/41VM3qMJ0dL.jpg', 'https://m.media-amazon.com/images/I/511164RNvdL.jpg', 'https://m.media-amazon.com/images/I/41HOP5EkmbL.jpg', 'https://m.media-amazon.com/images/I/51GmbrqmkRL.jpg', 'https://m.media-amazon.com/images/I/41kQBlOiz-L.jpg'], 'thumb': ['https://m.media-amazon.com/images/I/41AW3gAupqL._SS40_.jpg', 'https://m.media-amazon.com/images/I/41EFi2qSbcL._SS40_.jpg', 'https://m.media-amazon.com/images/I/41VM3qMJ0dL._SS40_.jpg', 'https://m.media-amazon.com/images/I/511164RNvdL._SS40_.jpg', 'https://m.media-amazon.com/images/I/41HOP5EkmbL._SS40_.jpg', 'https://m.media-amazon.com/images/I/51GmbrqmkRL._SS40_.jpg', 'https://m.media-amazon.com/images/I/41kQBlOiz-L._SS40_.jpg'], 'variant': ['MAIN', 'PT01', 'PT02', 'PT03', 'PT04', 'PT05', 'PT06']}","{'title': [], 'url': [], 'user_id': []}",CAXIRO,,"Package Dimensions: 7.76 x 7.68 x 2.32 inches; 1.48 Pounds, UPC: 791324774318",B08VJ7CZW3,,,,"Parent ASIN: B08VJ7CZW3; Title: CAXIRO IPL Hair Removal Device for Women and Man, Permanent Reduction in Hair Regrowth for Body, Face & Precision Areas (Bikini and Underarms); Author: *; Description: *; Features: * - Details: Package Dimensions: 7.76 x 7.68 x 2.32 inches; 1.48 Pounds, UPC: 791324774318; Store: Store: CAXIRO; Categories: *; Price: Price: 49.99;"
All Beauty,EASYDEW Fill Up Volume Spot 0.67 fl oz -Anti-Aging Filler Spot Good for Topical Wrinkle Care with Hyaluronic Acid I Moisturizer with Instant Filling Effect and Skin Renewal | For Topical Area,4.1,68,,,None,"{'hi_res': ['https://m.media-amazon.com/images/I/51TfKENF9UL._SL1200_.jpg', 'https://m.media-amazon.com/images/I/61SKTtbWFqS._SL1200_.jpg', 'https://m.media-amazon.com/images/I/51EN7KnxcKL._SL1200_.jpg', 'https://m.media-amazon.com/images/I/61ulvU-8fDL._SL1200_.jpg', 'https://m.media-amazon.com/images/I/61cKVyIoqwS._SL1200_.jpg'], 'large': ['https://m.media-amazon.com/images/I/31tRHX9JXHL.jpg', 'https://m.media-amazon.com/images/I/410Sb3194CS.jpg', 'https://m.media-amazon.com/images/I/41179DrgWEL.jpg', 'https://m.media-amazon.com/images/I/41bGQbizufL.jpg', 'https://m.media-amazon.com/images/I/41Gcwq6qpJS.jpg'], 'thumb': ['https://m.media-amazon.com/images/I/31tRHX9JXHL._SS40_.jpg', 'https://m.media-amazon.com/images/I/410Sb3194CS._SS40_.jpg', 'https://m.media-amazon.com/images/I/41179DrgWEL._SS40_.jpg', 'https://m.media-amazon.com/images/I/41bGQbizufL._SS40_.jpg', 'https://m.media-amazon.com/images/I/41Gcwq6qpJS._SS40_.jpg'], 'variant': ['MAIN', 'PT02', 'PT03', 'PT04', 'PT05']}","{'title': ['My Experience Using This Cream for 11 Years', 'Blurs and Fills in Fine Lines and Wrinkles', '10hr skin tight video ', 'HONEST Review of Insta Tox by Serious Skincare - Watch First', 'TIME CONTROL- FOR YOUR EYES ONLY -NO.904', 'You need to know this before buying. Roc Retinol Face Filler', 'Summer Beauty From Skincare to Makeup'], 'url': ['https://www.amazon.com/vdp/02c087915c284941a4607015165bfb20?ref=dp_vse_rvc_0', 'https://www.amazon.com/vdp/005738fd0e6c4c4fa942a7b229ab54c5?ref=dp_vse_rvc_1', 'https://www.amazon.com/vdp/03d5d70904574cbc8c3cb193d6b11680?ref=dp_vse_rvc_2', 'https://www.amazon.com/vdp/0da91a628a2d4a9f82a97b6a27efca55?ref=dp_vse_rvc_3', 'https://www.amazon.com/vdp/a9042ce6a24745b0a3fedc2235ac0798?ref=dp_vse_rvc_4', 'https://www.amazon.com/vdp/0e8d8550a1c343faa7889208054148e8?ref=dp_vse_rvc_5', 'https://www.amazon.com/vdp/0f672ea1e7aa4c0ea20c110702f3b4c7?ref=dp_vse_rvc_6'], 'user_id': ['/shop/katieromeoart', '/shop/jennbeautystyleover50', '', '/shop/jasonalex28', '', '/shop/samifamily', '/shop/jennbeautystyleover50']}",EASYDEW,,"Brand: EASYDEW, Scent: Aloe Vera, Item Form: Cream, Active Ingredients: Hyaluronic acid, Number of Items: 1, Product Dimensions: 1.46 x 0.91 x 5.71 inches; 1.41 Ounces",B07VDCD17L,,,,"Parent ASIN: B07VDCD17L; Title: EASYDEW Fill Up Volume Spot 0.67 fl oz -Anti-Aging Filler Spot Good for Topical Wrinkle Care with Hyaluronic Acid I Moisturizer with Instant Filling Effect and Skin Renewal | For Topical Area; Author: *; Description: *; Features: * - Details: Brand: EASYDEW, Scent: Aloe Vera, Item Form: Cream, Active Ingredients: Hyaluronic acid, Number of Items: 1, Product Dimensions: 1.46 x 0.91 x 5.71 inches; 1.41 Ounces; Store: Store: EASYDEW; Categories: *; Price: Price: None;"
All Beauty,"Amtidy Solid Color Vintage Modern Style Elastic Women's Rhinestone Crown Tiara, Bridal Wedding Dance Party Birthday Party Women's Headband Tiara, Queen Tiara With Comb（Silver）",4.0,56,,,None,"{'hi_res': ['https://m.media-amazon.com/images/I/813bsUeiiML._SL1500_.jpg'], 'large': ['https://m.media-amazon.com/images/I/51VnL7KtbXL.jpg'], 'thumb': ['https://m.media-amazon.com/images/I/51VnL7KtbXL._SS40_.jpg'], 'variant': ['MAIN']}","{'title': [], 'url': [], 'user_id': []}",Amtidy,,"Material: Rubber, Fabric Type: Elastic, Brand: Amtidy, Item Form: Spiral, Unit Count: 10.00 Count, Package Dimensions: 11.65 x 5.63 x 3.23 inches; 12.03 Ounces, UPC: 782931993780",B08BYKQS9S,,,,"Parent ASIN: B08BYKQS9S; Title: Amtidy Solid Color Vintage Modern Style Elastic Women's Rhinestone Crown Tiara, Bridal Wedding Dance Party Birthday Party Women's Headband Tiara, Queen Tiara With Comb（Silver）; Author: *; Description: *; Features: * - Details: Material: Rubber, Fabric Type: Elastic, Brand: Amtidy, Item Form: Spiral, Unit Count: 10.00 Count, Package Dimensions: 11.65 x 5.63 x 3.23 inches; 12.03 Ounces, UPC: 782931993780; Store: Store: Amtidy; Categories: *; Price: Price: None;"
All Beauty,"Laloirelle Deep Hydration Face Oil - Nourishing Helichrysum Oil, Avocado Oil Infused With Red Ginseng, Shitake Mushroom, Elderflower - Unparalleled For Moisturizing Very Dry, Dull or Aging Skin - 1.0 fl oz",4.4,14,,,None,"{'hi_res': [None, 'https://m.media-amazon.com/images/I/61OPyj5L+yL._SL1000_.jpg', None, None, 'https://m.media-amazon.com/images/I/61-n8JzYOjL._SL1000_.jpg'], 'large': ['https://m.media-amazon.com/images/I/31bxutoDiDL.jpg', 'https://m.media-amazon.com/images/I/41cyxO3m7TL.jpg', 'https://m.media-amazon.com/images/I/61UuR30rg7L.jpg', 'https://m.media-amazon.com/images/I/51aPal1AYhL.jpg', 'https://m.media-amazon.com/images/I/51--bbcZClL.jpg'], 'thumb': ['https://m.media-amazon.com/images/I/31bxutoDiDL._SS40_.jpg', 'https://m.media-amazon.com/images/I/41cyxO3m7TL._SS40_.jpg', 'https://m.media-amazon.com/images/I/61UuR30rg7L._SS40_.jpg', 'https://m.media-amazon.com/images/I/51aPal1AYhL._SS40_.jpg', 'https://m.media-amazon.com/images/I/51--bbcZClL._SS40_.jpg'], 'variant': ['MAIN', 'PT01', 'PT02', 'PT03', 'PT04']}","{'title': [], 'url': [], 'user_id': []}",Laloirelle,,"Brand: Laloirelle, Item Form: Oil, Unit Count: 1.00 Fl Oz, Number of Items: 1, Use for: Face, Package Dimensions: 5.67 x 2.32 x 2.32 inches; 4.69 Ounces, Item model number: DH30",B08DXZ5VXB,,,,"Parent ASIN: B08DXZ5VXB; Title: Laloirelle Deep Hydration Face Oil - Nourishing Helichrysum Oil, Avocado Oil Infused With Red Ginseng, Shitake Mushroom, Elderflower - Unparalleled For Moisturizing Very Dry, Dull or Aging Skin - 1.0 fl oz; Author: *; Description: *; Features: * - Details: Brand: Laloirelle, Item Form: Oil, Unit Count: 1.00 Fl Oz, Number of Items: 1, Use for: Face, Package Dimensions: 5.67 x 2.32 x 2.32 inches; 4.69 Ounces, Item model number: DH30; Store: Store: Laloirelle; Categories: *; Price: Price: None;"
All Beauty,"Qiray Hair Ties Hair Accessories Set For Girls and Women,Large Retractable Cotton,18 Colors 36 Pieces.",4.2,37,,,None,"{'hi_res': ['https://m.media-amazon.com/images/I/81zAmoMkHIL._SL1500_.jpg', 'https://m.media-amazon.com/images/I/618kVO7uqtL._SL1020_.jpg', 'https://m.media-amazon.com/images/I/61jYoFEM+1L._SL1020_.jpg', 'https://m.media-amazon.com/images/I/61DRd-ZEhSL._SL1020_.jpg', 'https://m.media-amazon.com/images/I/51GZcOntN1L._SL1020_.jpg', 'https://m.media-amazon.com/images/I/61V7mFVHKLL._SL1020_.jpg'], 'large': ['https://m.media-amazon.com/images/I/41WfhAwtNOL.jpg', 'https://m.media-amazon.com/images/I/517XYABnTnL.jpg', 'https://m.media-amazon.com/images/I/41UzJwBY6-L.jpg', 'https://m.media-amazon.com/images/I/51B8Lz67HeL.jpg', 'https://m.media-amazon.com/images/I/41Kq1A2SwiL.jpg', 'https://m.media-amazon.com/images/I/31oq1nCQl5L.jpg'], 'thumb': ['https://m.media-amazon.com/images/I/41WfhAwtNOL._SS40_.jpg', 'https://m.media-amazon.com/images/I/517XYABnTnL._SS40_.jpg', 'https://m.media-amazon.com/images/I/41UzJwBY6-L._SS40_.jpg', 'https://m.media-amazon.com/images/I/51B8Lz67HeL._SS40_.jpg', 'https://m.media-amazon.com/images/I/41Kq1A2SwiL._SS40_.jpg', 'https://m.media-amazon.com/images/I/31oq1nCQl5L._SS40_.jpg'], 'variant': ['MAIN', 'PT01', 'PT02', 'PT04', 'PT05', 'PT06']}","{'title': [], 'url': [], 'user_id': []}",Qiray,,"Material: Cotton, Item Form: Elastic, Brand: Qiray, Item Dimensions LxWxH: 5.51 x 5.51 x 1.57 inches, Hair Type: Straight, Product Dimensions: 5.51 x 5.51 x 1.57 inches; 3.99 Ounces, UPC: 655160582479",B07YL4485K,,,,"Parent ASIN: B07YL4485K; Title: Qiray Hair Ties Hair Accessories Set For Girls and Women,Large Retractable Cotton,18 Colors 36 Pieces.; Author: *; Description: *; Features: * - Details: Material: Cotton, Item Form: Elastic, Brand: Qiray, Item Dimensions LxWxH: 5.51 x 5.51 x 1.57 inches, Hair Type: Straight, Product Dimensions: 5.51 x 5.51 x 1.57 inches; 3.99 Ounces, UPC: 655160582479; Store: Store: Qiray; Categories: *; Price: Price: None;"
All Beauty,"Magnesium Serum For Kids - All Natural Rub for Kids and Babies, Toxic Free + Free Magnesium Chart PDF",3.7,122,"'HELP KIDS CALM DOWN - Our magnesium serum is designed to help kids and babies (older than 9 months) relax. The added benefit of Fulvic Acid carries nutrients directly to the cells, which means better results without extreme amounts of magnesium chloride.', PERFECT FOR SENSITIVE SKIN - This child calming aid is designed not to itch or burn your little one's dry and sensitive skin. It’s a perfect solution for calming at nap time and bedtime. Gently release one pump and apply it between the shoulder blades., 'ALL NATURAL INGREDIENTS - Our baby calming aid is made with All-Natural, Organic, Certified ToxicFree Ingredients and no Artificial Fragrances, Dyes, Detergents, or Parabens.', 'GREAT SMELL - Our great smelling magnesium rub for kids is recommended for ages 9 months and up. It’s gentle and easy to rub in', 'PHYSICIAN FORMULATED - Raise Them Well is a family-owned company led by a physician & his wife who are also the parents of 4 boys. Our goal is to create innovative products that fill a need for parents & families making parenting a tad bit easier'",,25.99,"{'hi_res': ['https://m.media-amazon.com/images/I/61SY4ATf4CS._SL1500_.jpg', None, None, None, 'https://m.media-amazon.com/images/I/71KGKqZvwDS._SL1500_.jpg'], 'large': ['https://m.media-amazon.com/images/I/31DA9e6KR0S.jpg', 'https://m.media-amazon.com/images/I/41IzgwERpgL.jpg', 'https://m.media-amazon.com/images/I/41p-VOAq8ZL.jpg', 'https://m.media-amazon.com/images/I/41wDC7IvyFL.jpg', 'https://m.media-amazon.com/images/I/41mq4viCpTS.jpg'], 'thumb': ['https://m.media-amazon.com/images/I/31DA9e6KR0S._SS40_.jpg', 'https://m.media-amazon.com/images/I/41IzgwERpgL._SS40_.jpg', 'https://m.media-amazon.com/images/I/41p-VOAq8ZL._SS40_.jpg', 'https://m.media-amazon.com/images/I/41wDC7IvyFL._SS40_.jpg', 'https://m.media-amazon.com/images/I/41mq4viCpTS._SS40_.jpg'], 'variant': ['MAIN', 'PT01', 'PT02', 'PT03', 'PT04']}","{'title': ['MAV Nutrition Quality Ingredients', 'Thousands of testimonials support us!', 'Magnesium deficiency in kids?', 'Pink Stork Brand Video ', 'Active Anxiousness ADHD focus and attention supplement', 'Relaxed and Happy Kids with Magnesium !!!', 'You will love this Magnesium Oil Spray for Kids!', 'This Helps My Toddler With Sleep and Constipation! '], 'url': ['https://www.amazon.com/vdp/07edc0f34f9748c2b67e1d3216c3623c?ref=dp_vse_rvc_0', 'https://www.amazon.com/vdp/096a43ebd5aa4e1ebf572994ce36767a?ref=dp_vse_rvc_1', 'https://www.amazon.com/vdp/0fff88fe0c464c75bdb57a5847d02e23?ref=dp_vse_rvc_2', 'https://www.amazon.com/vdp/0374f1652e8441d58640ead1dfd6d999?ref=dp_vse_rvc_3', 'https://www.amazon.com/vdp/0042eeb6974e47588c1e51ecf9076592?ref=dp_vse_rvc_4', 'https://www.amazon.com/vdp/0ef4a57d740d475fba4f1bfa9f8695db?ref=dp_vse_rvc_5', 'https://www.amazon.com/vdp/000aedefaaed4d5f9a83b8123201aa48?ref=dp_vse_rvc_6', 'https://www.amazon.com/vdp/0fea4030b1b84cd595a590b6ae7ede00?ref=dp_vse_rvc_7'], 'user_id': ['', '', '', '', '/shop/andersen.jess14', '', '', '/shop/startingstrongman']}",Raise Them Well,,"Brand: Raise Them Well, Item Form: Liquid, Unit Count: 2 Fl. Oz, Flavor: Unflavored, Number of Items: 1, Is Discontinued By Manufacturer: No, Package Dimensions: 4.41 x 1.5 x 1.5 inches; 3.2 Ounces, UPC: 853647007044, Manufacturer: Raise Them Well",B0713VF172,,,,"Parent ASIN: B0713VF172; Title: Magnesium Serum For Kids - All Natural Rub for Kids and Babies, Toxic Free + Free Magnesium Chart PDF; Author: *; Description: *; Features: Features: 'HELP KIDS CALM DOWN - Our magnesium serum is designed to help kids and babies (older than 9 months) relax. The added benefit of Fulvic Acid carries nutrients directly to the cells, which means better results without extreme amounts of magnesium chloride.', PERFECT FOR SENSITIVE SKIN - This child calming aid is designed not to itch or burn your little one's dry and sensitive skin. It’s a perfect solution for calming at nap time and bedtime. Gently release one pump and apply it between the shoulder blades., 'ALL NATURAL INGREDIENTS - Our baby calming aid is made with All-Natural, Organic, Certified ToxicFree Ingredients and no Artificial Fragrances, Dyes, Detergents, or Parabens.', 'GREAT SMELL - Our great smelling magnesium rub for kids is recommended for ages 9 months and up. It’s gentle and easy to rub in', 'PHYSICIAN FORMULATED - Raise Them Well is a family-owned company led by a physician & his wife who are also the parents of 4 boys. Our goal is to create innovative products that fill a need for parents & families making parenting a tad bit easier' - Details: Brand: Raise Them Well, Item Form: Liquid, Unit Count: 2 Fl. Oz, Flavor: Unflavored, Number of Items: 1, Is Discontinued By Manufacturer: No, Package Dimensions: 4.41 x 1.5 x 1.5 inches; 3.2 Ounces, UPC: 853647007044, Manufacturer: Raise Them Well; Store: Store: Raise Them Well; Categories: *; Price: Price: 25.99;"
All Beauty,"NEW Challenger Men's Rinse Free Hand Wash - 1oz - Portable, 30% Alcohol Hand Wash both Cleans & Moisturizes. Hydrates Hands, Forearms, & Skin - Cleansing 30% Alc. Based Formula Washes and Nourishes",4.3,38,"'What It Does:', 'Who It’s For:', 'How It Works:', 'Key Ingredients:', 'Who We Are:'",,None,"{'hi_res': ['https://m.media-amazon.com/images/I/71cmeweVrQL._SL1500_.jpg', 'https://m.media-amazon.com/images/I/716dRaxw7mL._SL1500_.jpg', 'https://m.media-amazon.com/images/I/71t+r5ECBvL._SL1500_.jpg', 'https://m.media-amazon.com/images/I/71GJaqc596L._SL1500_.jpg', 'https://m.media-amazon.com/images/I/81Fmtwm8muL._SL1500_.jpg', 'https://m.media-amazon.com/images/I/7192xBBJ6xL._SL1500_.jpg', 'https://m.media-amazon.com/images/I/71ZR554awkL._SL1500_.jpg'], 'large': ['https://m.media-amazon.com/images/I/41ZEFWZ0mKL.jpg', 'https://m.media-amazon.com/images/I/41MtQ3nuLjL.jpg', 'https://m.media-amazon.com/images/I/41+42o3naoL.jpg', 'https://m.media-amazon.com/images/I/41ZA7Bmd9IL.jpg', 'https://m.media-amazon.com/images/I/51cczQa7SdL.jpg', 'https://m.media-amazon.com/images/I/414yxvfhIiL.jpg', 'https://m.media-amazon.com/images/I/51CBdPDdctL.jpg'], 'thumb': ['https://m.media-amazon.com/images/I/41ZEFWZ0mKL._SS40_.jpg', 'https://m.media-amazon.com/images/I/41MtQ3nuLjL._SS40_.jpg', 'https://m.media-amazon.com/images/I/41+42o3naoL._SS40_.jpg', 'https://m.media-amazon.com/images/I/41ZA7Bmd9IL._SS40_.jpg', 'https://m.media-amazon.com/images/I/51cczQa7SdL._SS40_.jpg', 'https://m.media-amazon.com/images/I/414yxvfhIiL._SS40_.jpg', 'https://m.media-amazon.com/images/I/51CBdPDdctL._SS40_.jpg'], 'variant': ['MAIN', 'PT01', 'PT02', 'PT03', 'PT04', 'PT05', 'PT06']}","{'title': [], 'url': [], 'user_id': []}",Challenger,,"Item Form: Liquid, Skin Type: Dry, Brand: Challenger, Scent: Aloe Vera, Age Range (Description): Adult, Package Dimensions: 4 x 1 x 1 inches; 2.4 Ounces, UPC: 851264008338",B087J3H22J,,,,"Parent ASIN: B087J3H22J; Title: NEW Challenger Men's Rinse Free Hand Wash - 1oz - Portable, 30% Alcohol Hand Wash both Cleans & Moisturizes. Hydrates Hands, Forearms, & Skin - Cleansing 30% Alc. Based Formula Washes and Nourishes; Author: *; Description: *; Features: Features: 'What It Does:', 'Who It’s For:', 'How It Works:', 'Key Ingredients:', 'Who We Are:' - Details: Item Form: Liquid, Skin Type: Dry, Brand: Challenger, Scent: Aloe Vera, Age Range (Description): Adult, Package Dimensions: 4 x 1 x 1 inches; 2.4 Ounces, UPC: 851264008338; Store: Store: Challenger; Categories: *; Price: Price: None;"
All Beauty,"QIC 4D Silk Fiber Lash Mascara, Fiber Mascara, Waterproof Mascara, Natural Thick Thickening and Lengthening Mascara Lasting All Day",3.0,29,,,None,"{'hi_res': ['https://m.media-amazon.com/images/I/61S8UV4Tw7L._SL1200_.jpg', 'https://m.media-amazon.com/images/I/61zw+gT6VEL._SL1200_.jpg', 'https://m.media-amazon.com/images/I/61YSX-xr91L._SL1200_.jpg', 'https://m.media-amazon.com/images/I/61c5uzDnQ7L._SL1200_.jpg', 'https://m.media-amazon.com/images/I/61LHA+mcvAL._SL1200_.jpg', 'https://m.media-amazon.com/images/I/61tushUYjlL._SL1200_.jpg', 'https://m.media-amazon.com/images/I/712mgCei6zL._SL1500_.jpg'], 'large': ['https://m.media-amazon.com/images/I/51aMgKSzH7L.jpg', 'https://m.media-amazon.com/images/I/41GOTtgWNWL.jpg', 'https://m.media-amazon.com/images/I/51+Z-ZhqC0L.jpg', 'https://m.media-amazon.com/images/I/41HVqH1DFEL.jpg', 'https://m.media-amazon.com/images/I/41C0zsI41+L.jpg', 'https://m.media-amazon.com/images/I/5167Pyf9KJL.jpg', 'https://m.media-amazon.com/images/I/511AVNSjCnL.jpg'], 'thumb': ['https://m.media-amazon.com/images/I/51aMgKSzH7L._SS40_.jpg', 'https://m.media-amazon.com/images/I/41GOTtgWNWL._SS40_.jpg', 'https://m.media-amazon.com/images/I/51+Z-ZhqC0L._SS40_.jpg', 'https://m.media-amazon.com/images/I/41HVqH1DFEL._SS40_.jpg', 'https://m.media-amazon.com/images/I/41C0zsI41+L._SS40_.jpg', 'https://m.media-amazon.com/images/I/5167Pyf9KJL._SS40_.jpg', 'https://m.media-amazon.com/images/I/511AVNSjCnL._SS40_.jpg'], 'variant': ['MAIN', 'PT01', 'PT02', 'PT03', 'PT04', 'PT05', 'PT06']}","{'title': [], 'url': [], 'user_id': []}",Joruby,,"Brand: Joruby, Unit Count: 1.00 Count, Water Resistance Level: Waterproof, Package Dimensions: 5.3 x 0.8 x 0.8 inches; 0.81 Ounces",B081M5R5L5,,,,"Parent ASIN: B081M5R5L5; Title: QIC 4D Silk Fiber Lash Mascara, Fiber Mascara, Waterproof Mascara, Natural Thick Thickening and Lengthening Mascara Lasting All Day; Author: *; Description: *; Features: * - Details: Brand: Joruby, Unit Count: 1.00 Count, Water Resistance Level: Waterproof, Package Dimensions: 5.3 x 0.8 x 0.8 inches; 0.81 Ounces; Store: Store: Joruby; Categories: *; Price: Price: None;"
All Beauty,Girzzur fashion headbands for women-(6 Pack) yoga running headbands for women nonslip of wide boho Face washing makeup cloth hair bands,4.4,130,,,None,"{'hi_res': ['https://m.media-amazon.com/images/I/81OH9OYM7fL._SL1500_.jpg', 'https://m.media-amazon.com/images/I/71xUOjwzXJL._SL1500_.jpg', 'https://m.media-amazon.com/images/I/51pgDZ3eRsL._SL1000_.jpg', 'https://m.media-amazon.com/images/I/71IbnFLRAoL._SL1500_.jpg', 'https://m.media-amazon.com/images/I/71NqBjMsDZL._SL1000_.jpg', 'https://m.media-amazon.com/images/I/61IGkDhTFML._SL1000_.jpg', 'https://m.media-amazon.com/images/I/812rc-8E1+L._SL1200_.jpg'], 'large': ['https://m.media-amazon.com/images/I/51I9dsRb5DL.jpg', 'https://m.media-amazon.com/images/I/51nxkYvLPJL.jpg', 'https://m.media-amazon.com/images/I/41LJrxNdv9L.jpg', 'https://m.media-amazon.com/images/I/41xbSQIU6-L.jpg', 'https://m.media-amazon.com/images/I/51swacg-WHL.jpg', 'https://m.media-amazon.com/images/I/51ffgVRn8OL.jpg', 'https://m.media-amazon.com/images/I/61OJFkabmKL.jpg'], 'thumb': ['https://m.media-amazon.com/images/I/51I9dsRb5DL._SS40_.jpg', 'https://m.media-amazon.com/images/I/51nxkYvLPJL._SS40_.jpg', 'https://m.media-amazon.com/images/I/41LJrxNdv9L._SS40_.jpg', 'https://m.media-amazon.com/images/I/41xbSQIU6-L._SS40_.jpg', 'https://m.media-amazon.com/images/I/51swacg-WHL._SS40_.jpg', 'https://m.media-amazon.com/images/I/51ffgVRn8OL._SS40_.jpg', 'https://m.media-amazon.com/images/I/61OJFkabmKL._SS40_.jpg'], 'variant': ['MAIN', 'PT01', 'PT02', 'PT03', 'PT04', 'PT05', 'PT06']}","{'title': [], 'url': [], 'user_id': []}",Girzzur,,"Age Range (Description): Adult, Material: Spandex, Fabric Type: Cloth,Elastic,Spandex,Nylon, Number of Items: 6, Brand: Girzzur, Package Dimensions: 11.06 x 7.68 x 2.56 inches; 4.16 Ounces, Item model number: NVSTD-01, UPC: 782937993012",B0885W8GCL,,,,"Parent ASIN: B0885W8GCL; Title: Girzzur fashion headbands for women-(6 Pack) yoga running headbands for women nonslip of wide boho Face washing makeup cloth hair bands; Author: *; Description: *; Features: * - Details: Age Range (Description): Adult, Material: Spandex, Fabric Type: Cloth,Elastic,Spandex,Nylon, Number of Items: 6, Brand: Girzzur, Package Dimensions: 11.06 x 7.68 x 2.56 inches; 4.16 Ounces, Item model number: NVSTD-01, UPC: 782937993012; Store: Store: Girzzur; Categories: *; Price: Price: None;"
All Beauty,Nxconsu 8Pcs Rhinestone Headbands for Women Girls Teens Kids Fashion Comfort No Hurting Hair Accessories Thin Hair Bands Crystal Exquisite Color Selection,4.4,104,,,None,"{'hi_res': ['https://m.media-amazon.com/images/I/71zTxNPWgIL._SL1500_.jpg', 'https://m.media-amazon.com/images/I/61tfaHXBL7L._SL1500_.jpg', 'https://m.media-amazon.com/images/I/61wLvfRhmVL._SL1500_.jpg', None, 'https://m.media-amazon.com/images/I/71Mq4aRXtIL._SL1500_.jpg', 'https://m.media-amazon.com/images/I/71IpFgxryzL._SL1500_.jpg', 'https://m.media-amazon.com/images/I/81LVk8WsJHL._SL1500_.jpg'], 'large': ['https://m.media-amazon.com/images/I/51WSGIJFw+L.jpg', 'https://m.media-amazon.com/images/I/41c1jq0k+ZL.jpg', 'https://m.media-amazon.com/images/I/41WSCfDy9-L.jpg', 'https://m.media-amazon.com/images/I/41LHBKgGLlL.jpg', 'https://m.media-amazon.com/images/I/410sSFdRFTL.jpg', 'https://m.media-amazon.com/images/I/41a-tJBzDjL.jpg', 'https://m.media-amazon.com/images/I/51pplP-JrOL.jpg'], 'thumb': ['https://m.media-amazon.com/images/I/51WSGIJFw+L._SS40_.jpg', 'https://m.media-amazon.com/images/I/41c1jq0k+ZL._SS40_.jpg', 'https://m.media-amazon.com/images/I/41WSCfDy9-L._SS40_.jpg', 'https://m.media-amazon.com/images/I/41LHBKgGLlL._SS40_.jpg', 'https://m.media-amazon.com/images/I/410sSFdRFTL._SS40_.jpg', 'https://m.media-amazon.com/images/I/41a-tJBzDjL._SS40_.jpg', 'https://m.media-amazon.com/images/I/51pplP-JrOL._SS40_.jpg'], 'variant': ['MAIN', 'PT01', 'PT02', 'PT03', 'PT04', 'PT05', 'PT06']}","{'title': [], 'url': [], 'user_id': []}",Nxconsu,,"Age Range (Description): Child, Occasion: Wedding, Birthday, Material: Silk, Cotton, Fabric Type: Rhinestone, Number of Items: 1, Package Dimensions: 8.15 x 6.77 x 1.54 inches; 8.5 Ounces",B08G149DSD,,,,"Parent ASIN: B08G149DSD; Title: Nxconsu 8Pcs Rhinestone Headbands for Women Girls Teens Kids Fashion Comfort No Hurting Hair Accessories Thin Hair Bands Crystal Exquisite Color Selection; Author: *; Description: *; Features: * - Details: Age Range (Description): Child, Occasion: Wedding, Birthday, Material: Silk, Cotton, Fabric Type: Rhinestone, Number of Items: 1, Package Dimensions: 8.15 x 6.77 x 1.54 inches; 8.5 Ounces; Store: Store: Nxconsu; Categories: *; Price: Price: None;"
All Beauty,"NeWisdom 72 PCS Toddler Girls Hair Accessory Set with Gift Packing Organization Box, Gifts for Grandkids, Cute Hair Bows Hair Clips Hair Bands for Girls Toddlers, Multi-Style Elastic Hair Ties Hair Accessories for Baby Girls Age 3 4 5 6",3.7,58,"'36 Pairs Hair Acessories IncludedTop toddler girls hair accessories kits,coming with 12 hair bows,12 hair bands,12 hair clips,make it easy to match toddlers clothes, shoes.', DETACHABLE STORAGE BOX Nice organizer storage box for little girls jewelry, Hair bows,Hair Brushes, Combs, Necklaces, Rings,Nail Supplies,etc. Mom doesn't worry about the girl accessories can not be found anymore., 'GIFTS Packing Coming with gifts packing, make it an ideal gifts for girls birthday,xmas day.top gifts for preschool girls,baby girls and toddlers.', 'SURPRISE THE GIRL No matter you are a mom, dad, uncle, aunt, grandfather, grandmother, we believe this gift would surprise your lovely girl.', 'GUARANTEE If you are not happy with your purchase for any reason in 30 days, please get in touch with us for a replacement or refund. Order today risk free!'",,None,"{'hi_res': ['https://m.media-amazon.com/images/I/8110CdqTiLL._SL1500_.jpg', 'https://m.media-amazon.com/images/I/61TExjhq6XL._SL1000_.jpg', 'https://m.media-amazon.com/images/I/613nxI5b1PL._SL1000_.jpg', 'https://m.media-amazon.com/images/I/61N1goGpgnL._SL1000_.jpg', 'https://m.media-amazon.com/images/I/61FywSkg9wL._SL1000_.jpg', 'https://m.media-amazon.com/images/I/61MmwUnESnL._SL1000_.jpg', 'https://m.media-amazon.com/images/I/61Gfx6XCQsL._SL1000_.jpg'], 'large': ['https://m.media-amazon.com/images/I/512GNvRfemL.jpg', 'https://m.media-amazon.com/images/I/51rkfBdjP6L.jpg', 'https://m.media-amazon.com/images/I/51rEPoq36nL.jpg', 'https://m.media-amazon.com/images/I/519xwNJK19L.jpg', 'https://m.media-amazon.com/images/I/51pzf3TScnL.jpg', 'https://m.media-amazon.com/images/I/51-kBqrNvuL.jpg', 'https://m.media-amazon.com/images/I/51385zBPLSL.jpg'], 'thumb': ['https://m.media-amazon.com/images/I/512GNvRfemL._SS40_.jpg', 'https://m.media-amazon.com/images/I/51rkfBdjP6L._SS40_.jpg', 'https://m.media-amazon.com/images/I/51rEPoq36nL._SS40_.jpg', 'https://m.media-amazon.com/images/I/519xwNJK19L._SS40_.jpg', 'https://m.media-amazon.com/images/I/51pzf3TScnL._SS40_.jpg', 'https://m.media-amazon.com/images/I/51-kBqrNvuL._SS40_.jpg', 'https://m.media-amazon.com/images/I/51385zBPLSL._SS40_.jpg'], 'variant': ['MAIN', 'PT01', 'PT02', 'PT03', 'PT04', 'PT05', 'PT06']}","{'title': [], 'url': [], 'user_id': []}",NeWisdom,,"Brand: NeWisdom, Hair Type: All, Color: GirlsKit, Age Range (Description): Babies, Embellishment: Bow, Is Discontinued By Manufacturer: No, Product Dimensions: 10.83 x 7.28 x 1.77 inches; 14.57 Ounces, Manufacturer recommended age: 5 months and up, Item model number: NW-GirlsKit-36Grid, Department: Baby-girls, UPC: 778942698455, Manufacturer: NeWisdom",B07HR754WV,,,,"Parent ASIN: B07HR754WV; Title: NeWisdom 72 PCS Toddler Girls Hair Accessory Set with Gift Packing Organization Box, Gifts for Grandkids, Cute Hair Bows Hair Clips Hair Bands for Girls Toddlers, Multi-Style Elastic Hair Ties Hair Accessories for Baby Girls Age 3 4 5 6; Author: *; Description: *; Features: Features: '36 Pairs Hair Acessories IncludedTop toddler girls hair accessories kits,coming with 12 hair bows,12 hair bands,12 hair clips,make it easy to match toddlers clothes, shoes.', DETACHABLE STORAGE BOX Nice organizer storage box for little girls jewelry, Hair bows,Hair Brushes, Combs, Necklaces, Rings,Nail Supplies,etc. Mom doesn't worry about the girl accessories can not be found anymore., 'GIFTS Packing Coming with gifts packing, make it an ideal gifts for girls birthday,xmas day.top gifts for preschool girls,baby girls and toddlers.', 'SURPRISE THE GIRL No matter you are a mom, dad, uncle, aunt, grandfather, grandmother, we believe this gift would surprise your lovely girl.', 'GUARANTEE If you are not happy with your purchase for any reason in 30 days, please get in touch with us for a replacement or refund. Order today risk free!' - Details: Brand: NeWisdom, Hair Type: All, Color: GirlsKit, Age Range (Description): Babies, Embellishment: Bow, Is Discontinued By Manufacturer: No, Product Dimensions: 10.83 x 7.28 x 1.77 inches; 14.57 Ounces, Manufacturer recommended age: 5 months and up, Item model number: NW-GirlsKit-36Grid, Department: Baby-girls, UPC: 778942698455, Manufacturer: NeWisdom; Store: Store: NeWisdom; Categories: *; Price: Price: None;"
All Beauty,lilah b. - Bronzed Beauty Bronzer Duo - b. sunkissed - Multipurpose Bronzer Duo to Highlight + Contour and Blend,4.1,36,,,None,"{'hi_res': ['https://m.media-amazon.com/images/I/61xNmXOMr+L._SL1500_.jpg', 'https://m.media-amazon.com/images/I/813qr14MZPL._SL1500_.jpg', 'https://m.media-amazon.com/images/I/713QS-3I+PL._SL1500_.jpg', 'https://m.media-amazon.com/images/I/81v2QcEhjaL._SL1500_.jpg', 'https://m.media-amazon.com/images/I/71SRuM0z+sL._SL1500_.jpg'], 'large': ['https://m.media-amazon.com/images/I/31wQX8h56aL.jpg', 'https://m.media-amazon.com/images/I/51vl9TiSkmL.jpg', 'https://m.media-amazon.com/images/I/515Xp+MJqUL.jpg', 'https://m.media-amazon.com/images/I/51WCHEwuHgL.jpg', 'https://m.media-amazon.com/images/I/51MzSmKFBlL.jpg'], 'thumb': ['https://m.media-amazon.com/images/I/31wQX8h56aL._SS40_.jpg', 'https://m.media-amazon.com/images/I/51vl9TiSkmL._SS40_.jpg', 'https://m.media-amazon.com/images/I/515Xp+MJqUL._SS40_.jpg', 'https://m.media-amazon.com/images/I/51WCHEwuHgL._SS40_.jpg', 'https://m.media-amazon.com/images/I/51MzSmKFBlL._SS40_.jpg'], 'variant': ['MAIN', 'PT01', 'PT02', 'PT03', 'PT04']}","{'title': [], 'url': [], 'user_id': []}",LILAH B,,"Brand: LILAH B, Skin Tone: All, Unit Count: 1.00 Count, Number of Items: 1, Style: Compact, Package Dimensions: 3.8 x 3.5 x 1 inches; 0.32 Ounces, UPC: 851078006100",B01EK2F1PC,,,,"Parent ASIN: B01EK2F1PC; Title: lilah b. - Bronzed Beauty Bronzer Duo - b. sunkissed - Multipurpose Bronzer Duo to Highlight + Contour and Blend; Author: *; Description: *; Features: * - Details: Brand: LILAH B, Skin Tone: All, Unit Count: 1.00 Count, Number of Items: 1, Style: Compact, Package Dimensions: 3.8 x 3.5 x 1 inches; 0.32 Ounces, UPC: 851078006100; Store: Store: LILAH B; Categories: *; Price: Price: None;"
All Beauty,"Travel Friendly Face Cleanser, Quick Cleansing Dry Tissue 20 Packs - Dry Facial Wipes Makeup Remover Travel Size, Exfoliating Wipes For Face",4.8,21,,,None,"{'hi_res': ['https://m.media-amazon.com/images/I/71+iROG+DpL._SL1500_.jpg', 'https://m.media-amazon.com/images/I/71ptrwjt0OL._SL1500_.jpg', 'https://m.media-amazon.com/images/I/71aQACW2whL._SL1500_.jpg', 'https://m.media-amazon.com/images/I/81GQKn8Go+L._SL1500_.jpg', 'https://m.media-amazon.com/images/I/81uyz1DY5jL._SL1500_.jpg', 'https://m.media-amazon.com/images/I/81ZqMs9GxBL._SL1500_.jpg'], 'large': ['https://m.media-amazon.com/images/I/41WG+VMDDUL.jpg', 'https://m.media-amazon.com/images/I/51OfgIjMFrL.jpg', 'https://m.media-amazon.com/images/I/51Fp+8sBmAL.jpg', 'https://m.media-amazon.com/images/I/51mipCiYpQL.jpg', 'https://m.media-amazon.com/images/I/51F8N7d2VTL.jpg', 'https://m.media-amazon.com/images/I/51QGLW013LL.jpg'], 'thumb': ['https://m.media-amazon.com/images/I/41WG+VMDDUL._SS40_.jpg', 'https://m.media-amazon.com/images/I/51OfgIjMFrL._SS40_.jpg', 'https://m.media-amazon.com/images/I/51Fp+8sBmAL._SS40_.jpg', 'https://m.media-amazon.com/images/I/51mipCiYpQL._SS40_.jpg', 'https://m.media-amazon.com/images/I/51F8N7d2VTL._SS40_.jpg', 'https://m.media-amazon.com/images/I/51QGLW013LL._SS40_.jpg'], 'variant': ['MAIN', 'PT01', 'PT02', 'PT03', 'PT04', 'PT05']}","{'title': [], 'url': [], 'user_id': []}",a DAILY SELF-CARE COSMETICS avajar,,"Brand: a DAILY SELF-CARE COSMETICS avajar, Skin Type: All Skin,Dry, Material Feature: Natural, Unit Count: 20.00 Count, Number of Items: 20, Product Dimensions: 5.51 x 2.76 x 3.94 inches; 3.21 Ounces",B083BGJ4P9,,,,"Parent ASIN: B083BGJ4P9; Title: Travel Friendly Face Cleanser, Quick Cleansing Dry Tissue 20 Packs - Dry Facial Wipes Makeup Remover Travel Size, Exfoliating Wipes For Face; Author: *; Description: *; Features: * - Details: Brand: a DAILY SELF-CARE COSMETICS avajar, Skin Type: All Skin,Dry, Material Feature: Natural, Unit Count: 20.00 Count, Number of Items: 20, Product Dimensions: 5.51 x 2.76 x 3.94 inches; 3.21 Ounces; Store: Store: a DAILY SELF-CARE COSMETICS avajar; Categories: *; Price: Price: None;"
All Beauty,NAILGIL Poly Nail Gel (Temperature),3.2,47,,,None,"{'hi_res': ['https://m.media-amazon.com/images/I/61Tta+HAVCL._SL1000_.jpg', 'https://m.media-amazon.com/images/I/71xY28eSeJL._SL1500_.jpg', 'https://m.media-amazon.com/images/I/61ztd38BQaL._SL1500_.jpg', 'https://m.media-amazon.com/images/I/71xEl46vWFL._SL1500_.jpg', 'https://m.media-amazon.com/images/I/71fOW3jE4hL._SL1500_.jpg', 'https://m.media-amazon.com/images/I/71gzk2jcquL._SL1500_.jpg', 'https://m.media-amazon.com/images/I/71YiA5cQsnL._SL1500_.jpg', 'https://m.media-amazon.com/images/I/71GZip2MksL._SL1500_.jpg'], 'large': ['https://m.media-amazon.com/images/I/51BCY+pZCmL.jpg', 'https://m.media-amazon.com/images/I/51b4vrPQ6lL.jpg', 'https://m.media-amazon.com/images/I/412bNceim7L.jpg', 'https://m.media-amazon.com/images/I/51YXzjMVbJL.jpg', 'https://m.media-amazon.com/images/I/51SvubRN5vL.jpg', 'https://m.media-amazon.com/images/I/51CvxZVdeNL.jpg', 'https://m.media-amazon.com/images/I/510VCIrmNSL.jpg', 'https://m.media-amazon.com/images/I/51632Bv2eXL.jpg'], 'thumb': ['https://m.media-amazon.com/images/I/51BCY+pZCmL._SS40_.jpg', 'https://m.media-amazon.com/images/I/51b4vrPQ6lL._SS40_.jpg', 'https://m.media-amazon.com/images/I/412bNceim7L._SS40_.jpg', 'https://m.media-amazon.com/images/I/51YXzjMVbJL._SS40_.jpg', 'https://m.media-amazon.com/images/I/51SvubRN5vL._SS40_.jpg', 'https://m.media-amazon.com/images/I/51CvxZVdeNL._SS40_.jpg', 'https://m.media-amazon.com/images/I/510VCIrmNSL._SS40_.jpg', 'https://m.media-amazon.com/images/I/51632Bv2eXL._SS40_.jpg'], 'variant': ['MAIN', 'PT01', 'PT02', 'PT03', 'PT04', 'PT05', 'PT06', 'PT07']}","{'title': [], 'url': [], 'user_id': []}",NAIL GIL,,"Brand: NAIL GIL, Item Form: Gel, Type: gel, Unit Count: 1.00 Count, Item Dimensions LxWxH: 9.45 x 4.72 x 1.18 inches",B088TXBCB5,,,,"Parent ASIN: B088TXBCB5; Title: NAILGIL Poly Nail Gel (Temperature); Author: *; Description: *; Features: * - Details: Brand: NAIL GIL, Item Form: Gel, Type: gel, Unit Count: 1.00 Count, Item Dimensions LxWxH: 9.45 x 4.72 x 1.18 inches; Store: Store: NAIL GIL; Categories: *; Price: Price: None;"
All Beauty,"Wonder4 Electric Callus Remover - Rechargeable Electric Foot File Callus Shaver Hard Skin Remover Pedicure Tools with 3 in 1 Roller Heads, for Cracked Heels Calluses and Dead Skin",3.4,39,,,None,"{'hi_res': ['https://m.media-amazon.com/images/I/61pvszV2bOL._SL1005_.jpg', 'https://m.media-amazon.com/images/I/61KiPv5tGlL._SL1005_.jpg', 'https://m.media-amazon.com/images/I/614kPtmeLbL._SL1005_.jpg', 'https://m.media-amazon.com/images/I/71pekQjcouL._SL1500_.jpg', 'https://m.media-amazon.com/images/I/71m1PRBmt4L._SL1500_.jpg', 'https://m.media-amazon.com/images/I/61NgOcaIB3L._SL1005_.jpg', 'https://m.media-amazon.com/images/I/71837xTg6FL._SL1500_.jpg'], 'large': ['https://m.media-amazon.com/images/I/410urIbyp6L.jpg', 'https://m.media-amazon.com/images/I/41YQL-W69RL.jpg', 'https://m.media-amazon.com/images/I/41JbHc1Nw3L.jpg', 'https://m.media-amazon.com/images/I/51eE5d07yKL.jpg', 'https://m.media-amazon.com/images/I/51GD2fdhv+L.jpg', 'https://m.media-amazon.com/images/I/41xzwPvQ49L.jpg', 'https://m.media-amazon.com/images/I/51kbiLxFkuL.jpg'], 'thumb': ['https://m.media-amazon.com/images/I/410urIbyp6L._SS40_.jpg', 'https://m.media-amazon.com/images/I/41YQL-W69RL._SS40_.jpg', 'https://m.media-amazon.com/images/I/41JbHc1Nw3L._SS40_.jpg', 'https://m.media-amazon.com/images/I/51eE5d07yKL._SS40_.jpg', 'https://m.media-amazon.com/images/I/51GD2fdhv+L._SS40_.jpg', 'https://m.media-amazon.com/images/I/41xzwPvQ49L._SS40_.jpg', 'https://m.media-amazon.com/images/I/51kbiLxFkuL._SS40_.jpg'], 'variant': ['MAIN', 'PT01', 'PT02', 'PT03', 'PT04', 'PT05', 'PT06']}","{'title': [], 'url': [], 'user_id': []}",Wonder4,,"Brand: Wonder4, Is Electric: Yes, Item Form: Roller, Style: Modern, Unit Count: 11.4 Ounce",B08BRS98SF,,,,"Parent ASIN: B08BRS98SF; Title: Wonder4 Electric Callus Remover - Rechargeable Electric Foot File Callus Shaver Hard Skin Remover Pedicure Tools with 3 in 1 Roller Heads, for Cracked Heels Calluses and Dead Skin; Author: *; Description: *; Features: * - Details: Brand: Wonder4, Is Electric: Yes, Item Form: Roller, Style: Modern, Unit Count: 11.4 Ounce; Store: Store: Wonder4; Categories: *; Price: Price: None;"
All Beauty,Easydew EX Repair Control Renewal Moisture 1.70 fl.oz.,3.8,50,,,None,"{'hi_res': ['https://m.media-amazon.com/images/I/51nvNO5yKFL._SL1500_.jpg', 'https://m.media-amazon.com/images/I/71QteGQjVRL._SL1300_.jpg', 'https://m.media-amazon.com/images/I/614HJYP2gJL._SL1300_.jpg', 'https://m.media-amazon.com/images/I/511LfJWemEL._SL1200_.jpg', 'https://m.media-amazon.com/images/I/719OFiR4BBL._SL1500_.jpg', 'https://m.media-amazon.com/images/I/51CqXiWMbRL._SL1200_.jpg'], 'large': ['https://m.media-amazon.com/images/I/31H7oE5YV7L.jpg', 'https://m.media-amazon.com/images/I/51vjPPnRx0L.jpg', 'https://m.media-amazon.com/images/I/41WPMd1W7NL.jpg', 'https://m.media-amazon.com/images/I/31amEXUoJ3L.jpg', 'https://m.media-amazon.com/images/I/31PMIF9srJL.jpg', 'https://m.media-amazon.com/images/I/419A3RcXFEL.jpg'], 'thumb': ['https://m.media-amazon.com/images/I/31H7oE5YV7L._SS40_.jpg', 'https://m.media-amazon.com/images/I/51vjPPnRx0L._SS40_.jpg', 'https://m.media-amazon.com/images/I/41WPMd1W7NL._SS40_.jpg', 'https://m.media-amazon.com/images/I/31amEXUoJ3L._SS40_.jpg', 'https://m.media-amazon.com/images/I/31PMIF9srJL._SS40_.jpg', 'https://m.media-amazon.com/images/I/419A3RcXFEL._SS40_.jpg'], 'variant': ['MAIN', 'PT01', 'PT02', 'PT03', 'PT05', 'PT06']}","{'title': ['Easydew EX Repair Control Line, Enhancing Skin Barrier & Regenerate Skin', 'Easydew EX Repair Control Renewal Moisture '], 'url': ['https://www.amazon.com/vdp/8a7ff062f0cd413a82fa262fa4ce4d33?ref=dp_vse_rvc_0', 'https://www.amazon.com/vdp/54a9c2c453c94d06a6588e1692bc8dd9?ref=dp_vse_rvc_1'], 'user_id': ['', '']}",EASYDEW,,"Brand: EASYDEW, Item Form: Cream, Unit Count: 1.7 Fl Oz, Number of Items: 1, Skin Type: Sensitive,All Skin Types, Is Discontinued By Manufacturer: No, Package Dimensions: 6.69 x 2.87 x 2.52 inches; 3.53 Ounces",B01N7A5AGF,,,,"Parent ASIN: B01N7A5AGF; Title: Easydew EX Repair Control Renewal Moisture 1.70 fl.oz.; Author: *; Description: *; Features: * - Details: Brand: EASYDEW, Item Form: Cream, Unit Count: 1.7 Fl Oz, Number of Items: 1, Skin Type: Sensitive,All Skin Types, Is Discontinued By Manufacturer: No, Package Dimensions: 6.69 x 2.87 x 2.52 inches; 3.53 Ounces; Store: Store: EASYDEW; Categories: *; Price: Price: None;"
All Beauty,"2oz / 60ml Glass Spray Bottles for DIY Refill, Essential Oils, Pillow Mists,Fine Mist Spray -3Packs Amber Color",4.5,74,,,None,"{'hi_res': ['https://m.media-amazon.com/images/I/61OQpcbgNyL._SL1200_.jpg', 'https://m.media-amazon.com/images/I/71KGqXruy2L._SL1200_.jpg', 'https://m.media-amazon.com/images/I/619Ko84EE+L._SL1200_.jpg', 'https://m.media-amazon.com/images/I/61kWzZus0rL._SL1200_.jpg', 'https://m.media-amazon.com/images/I/61ageZczrXL._SL1200_.jpg', 'https://m.media-amazon.com/images/I/61183q2allL._SL1200_.jpg'], 'large': ['https://m.media-amazon.com/images/I/418Mtkj-mpL.jpg', 'https://m.media-amazon.com/images/I/51GQ1WKounL.jpg', 'https://m.media-amazon.com/images/I/4102SitbI7L.jpg', 'https://m.media-amazon.com/images/I/41TlOStgbFL.jpg', 'https://m.media-amazon.com/images/I/41Lfzqe7GsL.jpg', 'https://m.media-amazon.com/images/I/41uzkgPkxsL.jpg'], 'thumb': ['https://m.media-amazon.com/images/I/418Mtkj-mpL._SS40_.jpg', 'https://m.media-amazon.com/images/I/51GQ1WKounL._SS40_.jpg', 'https://m.media-amazon.com/images/I/4102SitbI7L._SS40_.jpg', 'https://m.media-amazon.com/images/I/41TlOStgbFL._SS40_.jpg', 'https://m.media-amazon.com/images/I/41Lfzqe7GsL._SS40_.jpg', 'https://m.media-amazon.com/images/I/41uzkgPkxsL._SS40_.jpg'], 'variant': ['MAIN', 'PT01', 'PT02', 'PT03', 'PT04', 'PT05']}","{'title': [], 'url': [], 'user_id': []}",EagleKing,,"Brand: EagleKing, Material: Glass, Capacity: 2 Ounces, Number of Items: 3, Special Feature: Mist Spray, Package Dimensions: 6.3 x 6.1 x 1.7 inches; 8.78 Ounces",B088YHN4JT,,,,"Parent ASIN: B088YHN4JT; Title: 2oz / 60ml Glass Spray Bottles for DIY Refill, Essential Oils, Pillow Mists,Fine Mist Spray -3Packs Amber Color; Author: *; Description: *; Features: * - Details: Brand: EagleKing, Material: Glass, Capacity: 2 Ounces, Number of Items: 3, Special Feature: Mist Spray, Package Dimensions: 6.3 x 6.1 x 1.7 inches; 8.78 Ounces; Store: Store: EagleKing; Categories: *; Price: Price: None;"
All Beauty,Avajar Blue LED Hydrating Cream Mask 5 Pack - Hydrating Face Masks for Women | Moisturizing Face Mask for Girls | Collagen Face Sheet Masks Set | Korean Face Mask Sheets Pack | Sheet Mask For Face,3.6,27,,,None,"{'hi_res': ['https://m.media-amazon.com/images/I/51Ov61FUEtL._SL1150_.jpg', 'https://m.media-amazon.com/images/I/61tWebQwN5L._SL1500_.jpg', 'https://m.media-amazon.com/images/I/71k6QsWzf4L._SL1500_.jpg', 'https://m.media-amazon.com/images/I/71wvGneERrL._SL1500_.jpg', 'https://m.media-amazon.com/images/I/71DSKfWtwyL._SL1500_.jpg', 'https://m.media-amazon.com/images/I/61WNPsZ3Y8L._SL1500_.jpg'], 'large': ['https://m.media-amazon.com/images/I/312jKYe+71L.jpg', 'https://m.media-amazon.com/images/I/41kNCyEUEgL.jpg', 'https://m.media-amazon.com/images/I/41mpRshh+4L.jpg', 'https://m.media-amazon.com/images/I/41h4Wlh1FPL.jpg', 'https://m.media-amazon.com/images/I/51UP3pwJr7L.jpg', 'https://m.media-amazon.com/images/I/41t-bxt7xwL.jpg'], 'thumb': ['https://m.media-amazon.com/images/I/312jKYe+71L._SS40_.jpg', 'https://m.media-amazon.com/images/I/41kNCyEUEgL._SS40_.jpg', 'https://m.media-amazon.com/images/I/41mpRshh+4L._SS40_.jpg', 'https://m.media-amazon.com/images/I/41h4Wlh1FPL._SS40_.jpg', 'https://m.media-amazon.com/images/I/51UP3pwJr7L._SS40_.jpg', 'https://m.media-amazon.com/images/I/41t-bxt7xwL._SS40_.jpg'], 'variant': ['MAIN', 'PT01', 'PT02', 'PT03', 'PT04', 'PT05']}","{'title': ['Avajar Launching Party'], 'url': ['https://www.amazon.com/vdp/19ac631cbd4441c5bc6b01203efaf5c6?ref=dp_vse_rvc_0'], 'user_id': ['']}",a DAILY SELF-CARE COSMETICS avajar,,"Brand: a DAILY SELF-CARE COSMETICS avajar, Item Form: Cream, Sheet, Product Benefits: Hydrating,Moisture, Scent: Hydrating, Skin Type: Sensitive, Product Dimensions: 5.67 x 0.98 x 7.28 inches; 6.38 Ounces",B083B67373,,,,"Parent ASIN: B083B67373; Title: Avajar Blue LED Hydrating Cream Mask 5 Pack - Hydrating Face Masks for Women | Moisturizing Face Mask for Girls | Collagen Face Sheet Masks Set | Korean Face Mask Sheets Pack | Sheet Mask For Face; Author: *; Description: *; Features: * - Details: Brand: a DAILY SELF-CARE COSMETICS avajar, Item Form: Cream, Sheet, Product Benefits: Hydrating,Moisture, Scent: Hydrating, Skin Type: Sensitive, Product Dimensions: 5.67 x 0.98 x 7.28 inches; 6.38 Ounces; Store: Store: a DAILY SELF-CARE COSMETICS avajar; Categories: *; Price: Price: None;"
All Beauty,"EASYDEW Starter Moist Whip Foam 5.07 fl oz - Non-Drying, Gentle & Purifying Foaming Cleanser with Ceramide I Exfoliating Daily Face Wash that Removes Dirts and Makeup",4.6,27,"'🧼\xa0GENTLE & MILD MICRO BUBBLE CLEANSER- Daily foaming face wash with micro cleansing technology which gently and mildly cleanses dirt, excess oil impurities, and makeup.', '🧼 DEEP CLEANSING PENETRATING INTO PORES- Smallest Particle of Hydrogen Water cleans inside the pores effectively.', '🧼 NO MORE DRY SKIN- Panthenol & Ceramide NP moisturize and refresh skin.', '🧼 BE A DERMATOLOGIST ON YOUR OWN- With DW-EGF, Professional daily skincare like home spa is possible by your hands. Effective Korean Beauty Routine for All.', '🧼 MEDICALLY USED INGREDIENT, DW-EGF- Known as ‘YOUTH PROTEIN’, EGF is a natural protein in our skin that produces collagen and elastin. DW-EGF is a medical grade human EGF made by Daewoong Pharmaceuticals, a leading Korean Pharmaceutical company.'",,None,"{'hi_res': ['https://m.media-amazon.com/images/I/51MyOJ+u9dL._SL1200_.jpg', 'https://m.media-amazon.com/images/I/51gAYWdQxcL._SL1200_.jpg', 'https://m.media-amazon.com/images/I/616Ox17cQQL._SL1200_.jpg', 'https://m.media-amazon.com/images/I/613fV2e6NqL._SL1200_.jpg', 'https://m.media-amazon.com/images/I/61K6zyjJ+yL._SL1200_.jpg', 'https://m.media-amazon.com/images/I/61kZ7xibqvL._SL1200_.jpg'], 'large': ['https://m.media-amazon.com/images/I/31QBuiOdnoL.jpg', 'https://m.media-amazon.com/images/I/41Qm4RfqFsL.jpg', 'https://m.media-amazon.com/images/I/418Rvh6TDSL.jpg', 'https://m.media-amazon.com/images/I/41+BvxDqhRL.jpg', 'https://m.media-amazon.com/images/I/411zS0S+SdL.jpg', 'https://m.media-amazon.com/images/I/411CZ7Vr3-L.jpg'], 'thumb': ['https://m.media-amazon.com/images/I/31QBuiOdnoL._SS40_.jpg', 'https://m.media-amazon.com/images/I/41Qm4RfqFsL._SS40_.jpg', 'https://m.media-amazon.com/images/I/418Rvh6TDSL._SS40_.jpg', 'https://m.media-amazon.com/images/I/41+BvxDqhRL._SS40_.jpg', 'https://m.media-amazon.com/images/I/411zS0S+SdL._SS40_.jpg', 'https://m.media-amazon.com/images/I/411CZ7Vr3-L._SS40_.jpg'], 'variant': ['MAIN', 'PT01', 'PT02', 'PT03', 'PT04', 'PT05']}","{'title': [], 'url': [], 'user_id': []}",EASYDEW,,"Item Form: Cream, Skin Type: All, Oily to combination skin, Normal to dry skin, Sensitive to acne-prone skin, Brand: EASYDEW, Scent: Light floral, Material Feature: Cruelty Free, Product Dimensions: 2.28 x 1.81 x 7.01 inches; 6.74 Ounces, Manufacturer: Cosmax",B07YS9W97B,,,,"Parent ASIN: B07YS9W97B; Title: EASYDEW Starter Moist Whip Foam 5.07 fl oz - Non-Drying, Gentle & Purifying Foaming Cleanser with Ceramide I Exfoliating Daily Face Wash that Removes Dirts and Makeup; Author: *; Description: *; Features: Features: '🧼\xa0GENTLE & MILD MICRO BUBBLE CLEANSER- Daily foaming face wash with micro cleansing technology which gently and mildly cleanses dirt, excess oil impurities, and makeup.', '🧼 DEEP CLEANSING PENETRATING INTO PORES- Smallest Particle of Hydrogen Water cleans inside the pores effectively.', '🧼 NO MORE DRY SKIN- Panthenol & Ceramide NP moisturize and refresh skin.', '🧼 BE A DERMATOLOGIST ON YOUR OWN- With DW-EGF, Professional daily skincare like home spa is possible by your hands. Effective Korean Beauty Routine for All.', '🧼 MEDICALLY USED INGREDIENT, DW-EGF- Known as ‘YOUTH PROTEIN’, EGF is a natural protein in our skin that produces collagen and elastin. DW-EGF is a medical grade human EGF made by Daewoong Pharmaceuticals, a leading Korean Pharmaceutical company.' - Details: Item Form: Cream, Skin Type: All, Oily to combination skin, Normal to dry skin, Sensitive to acne-prone skin, Brand: EASYDEW, Scent: Light floral, Material Feature: Cruelty Free, Product Dimensions: 2.28 x 1.81 x 7.01 inches; 6.74 Ounces, Manufacturer: Cosmax; Store: Store: EASYDEW; Categories: *; Price: Price: None;"
All Beauty,Scrunchie Holder Stands with 8 Pack Large Size Scrunchies - Acrylic Hair Ties Organizer for Teenage Girls and VSCO Girls Gift Stuff,4.7,352,,,None,"{'hi_res': ['https://m.media-amazon.com/images/I/71M8PNT-aBL._SL1500_.jpg', 'https://m.media-amazon.com/images/I/71CuBU4Bl8L._SL1500_.jpg', 'https://m.media-amazon.com/images/I/81lN2LPQnML._SL1500_.jpg', 'https://m.media-amazon.com/images/I/7185dhxt43L._SL1500_.jpg', 'https://m.media-amazon.com/images/I/71reArG9HYL._SL1500_.jpg', 'https://m.media-amazon.com/images/I/81ZqdNgkt-L._SL1500_.jpg'], 'large': ['https://m.media-amazon.com/images/I/51r8vXNRIuL.jpg', 'https://m.media-amazon.com/images/I/51nDunc91rL.jpg', 'https://m.media-amazon.com/images/I/513VW-YolHL.jpg', 'https://m.media-amazon.com/images/I/413D0YyWVkL.jpg', 'https://m.media-amazon.com/images/I/41Y1VFyF0TL.jpg', 'https://m.media-amazon.com/images/I/51vljt5ribL.jpg'], 'thumb': ['https://m.media-amazon.com/images/I/51r8vXNRIuL._SS40_.jpg', 'https://m.media-amazon.com/images/I/51nDunc91rL._SS40_.jpg', 'https://m.media-amazon.com/images/I/513VW-YolHL._SS40_.jpg', 'https://m.media-amazon.com/images/I/413D0YyWVkL._SS40_.jpg', 'https://m.media-amazon.com/images/I/41Y1VFyF0TL._SS40_.jpg', 'https://m.media-amazon.com/images/I/51vljt5ribL._SS40_.jpg'], 'variant': ['MAIN', 'PT01', 'PT02', 'PT03', 'PT04', 'PT05']}","{'title': ['Scrunchies are too Tight on Post', 'Scrunchie Holder Stands with 8 Pack Large Size Scrunchies', 'Strawbre Scrunchie Holder Stand Organizer Acrylic'], 'url': ['https://www.amazon.com/vdp/07434e8b9358446aaf3405f934512a95?ref=dp_vse_rvc_0', 'https://www.amazon.com/vdp/c4cdae49e83247ae98845841747b92d2?ref=dp_vse_rvc_1', 'https://www.amazon.com/vdp/0db784fabc994c8e9bac41635f67fad8?ref=dp_vse_rvc_2'], 'user_id': ['AHHOFNS3U2KOL3AC2TBD6SD32JLQ', '', '']}",Beeager,,"Color: Yellow,Gray,White, Material: Acrylic, Item Form: Scrunchie, Brand: Beeager, Hair Type: Straight, Package Dimensions: 10.55 x 3.98 x 3.7 inches; 10.86 Ounces",B08S3B8Y5G,,,,"Parent ASIN: B08S3B8Y5G; Title: Scrunchie Holder Stands with 8 Pack Large Size Scrunchies - Acrylic Hair Ties Organizer for Teenage Girls and VSCO Girls Gift Stuff; Author: *; Description: *; Features: * - Details: Color: Yellow,Gray,White, Material: Acrylic, Item Form: Scrunchie, Brand: Beeager, Hair Type: Straight, Package Dimensions: 10.55 x 3.98 x 3.7 inches; 10.86 Ounces; Store: Store: Beeager; Categories: *; Price: Price: None;"
All Beauty,Biutee Nail Stamping Plates 5pcs Templates With Stamper Scraper Set Nail Art Plates set animal flower Christmas halloween design,3.9,223,"'High Quality-The plate made of 304 stainless steal,Durable and Sturdy.You can get image easily.', 'Perfect Kit-The set include 5pcs manicure plate,1 stamper ,1 scrapers.', 'Double Protection-Both two sides of plate have transparent blue film, well protected from scratches and damaged.', 'For better product performance, we recommend to use our nail stamping polish . Reference Asin: B07GKQ684X,B07H5DP23K.', Warmest Service-No matter any problem you meet,don't hesitate to contact us,we will solve it for you.",,7.99,"{'hi_res': ['https://m.media-amazon.com/images/I/7109-HHZxeS._SL1000_.jpg', 'https://m.media-amazon.com/images/I/7139Rm1c22L._SL1168_.jpg', 'https://m.media-amazon.com/images/I/71WeMTgHfmL._SL1172_.jpg', 'https://m.media-amazon.com/images/I/71X9KeQZdiL._SL1172_.jpg', 'https://m.media-amazon.com/images/I/71Co8DPuW-L._SL1158_.jpg', 'https://m.media-amazon.com/images/I/717Lkx82tBL._SL1162_.jpg', 'https://m.media-amazon.com/images/I/61MD-zhWRyL._SL1000_.jpg', None], 'large': ['https://m.media-amazon.com/images/I/61YVUB9CiZS.jpg', 'https://m.media-amazon.com/images/I/61gwX6QhhjL.jpg', 'https://m.media-amazon.com/images/I/51dlOWYDR9L.jpg', 'https://m.media-amazon.com/images/I/510iV5z6U+L.jpg', 'https://m.media-amazon.com/images/I/61XGF0qqIQL.jpg', 'https://m.media-amazon.com/images/I/61WN-2lQgzL.jpg', 'https://m.media-amazon.com/images/I/51EVZFzsROL.jpg', 'https://m.media-amazon.com/images/I/31zVvUro7eL.jpg'], 'thumb': ['https://m.media-amazon.com/images/I/61YVUB9CiZS._SS40_.jpg', 'https://m.media-amazon.com/images/I/61gwX6QhhjL._SS40_.jpg', 'https://m.media-amazon.com/images/I/51dlOWYDR9L._SS40_.jpg', 'https://m.media-amazon.com/images/I/510iV5z6U+L._SS40_.jpg', 'https://m.media-amazon.com/images/I/61XGF0qqIQL._SS40_.jpg', 'https://m.media-amazon.com/images/I/61WN-2lQgzL._SS40_.jpg', 'https://m.media-amazon.com/images/I/51EVZFzsROL._SS40_.jpg', 'https://m.media-amazon.com/images/I/31zVvUro7eL._SS40_.jpg'], 'variant': ['MAIN', 'PT01', 'PT02', 'PT03', 'PT04', 'PT05', 'PT06', 'PT07']}","{'title': ['Biutee nail stamping polish gel and plates ', 'The animals patterns nail stamping plate', 'The starry sky patterns nail stamping plate'], 'url': ['https://www.amazon.com/vdp/2506236864064cb3a7c6da81b53a536b?ref=dp_vse_rvc_0', 'https://www.amazon.com/vdp/06abad4b2579434cbe2d40b2ef936d3d?ref=dp_vse_rvc_1', 'https://www.amazon.com/vdp/04043912946a4101851e9cb5ed6bd5d7?ref=dp_vse_rvc_2'], 'user_id': ['', '', '']}",Biutee,,"Is Discontinued By Manufacturer: No, Package Dimensions: 6.42 x 5.75 x 1.18 inches; 5.47 Ounces, Item model number: TOOL-AT-755, Manufacturer: Biutee",B08G4Y4SFV,,,,"Parent ASIN: B08G4Y4SFV; Title: Biutee Nail Stamping Plates 5pcs Templates With Stamper Scraper Set Nail Art Plates set animal flower Christmas halloween design; Author: *; Description: *; Features: Features: 'High Quality-The plate made of 304 stainless steal,Durable and Sturdy.You can get image easily.', 'Perfect Kit-The set include 5pcs manicure plate,1 stamper ,1 scrapers.', 'Double Protection-Both two sides of plate have transparent blue film, well protected from scratches and damaged.', 'For better product performance, we recommend to use our nail stamping polish . Reference Asin: B07GKQ684X,B07H5DP23K.', Warmest Service-No matter any problem you meet,don't hesitate to contact us,we will solve it for you. - Details: Is Discontinued By Manufacturer: No, Package Dimensions: 6.42 x 5.75 x 1.18 inches; 5.47 Ounces, Item model number: TOOL-AT-755, Manufacturer: Biutee; Store: Store: Biutee; Categories: *; Price: Price: 7.99;"
All Beauty,"MAD | Cosmetic's Makeup Remover Cleansing Towelettes, Daily cleansing face wipes to remove waterproof mascara, alcohol free , with Vitamin E 25 count",3.3,71,,,None,"{'hi_res': [None, None], 'large': ['https://m.media-amazon.com/images/I/41uYRaQKUbL.jpg', 'https://m.media-amazon.com/images/I/511ReBNQLoL.jpg'], 'thumb': ['https://m.media-amazon.com/images/I/41uYRaQKUbL._SS40_.jpg', 'https://m.media-amazon.com/images/I/511ReBNQLoL._SS40_.jpg'], 'variant': ['MAIN', 'PT01']}","{'title': ['Not great for heavy makeup'], 'url': ['https://www.amazon.com/vdp/c162e3e288a945179d6fa5b09a9ee43e?ref=dp_vse_rvc_0'], 'user_id': ['AGXZSO63CMLU2W4VLJLOYCIVOADA']}",JUST FOR TOTS BY MAD,,"Brand: JUST FOR TOTS BY MAD, Skin Type: Oily, Unit Count: 25.00 Count, Number of Items: 1, Age Range (Description): Adult, Product Dimensions: 6.3 x 7.87 x 1.97 inches; 7.16 Ounces, UPC: 685757511926",B0851T7HDS,,,,"Parent ASIN: B0851T7HDS; Title: MAD | Cosmetic's Makeup Remover Cleansing Towelettes, Daily cleansing face wipes to remove waterproof mascara, alcohol free , with Vitamin E 25 count; Author: *; Description: *; Features: * - Details: Brand: JUST FOR TOTS BY MAD, Skin Type: Oily, Unit Count: 25.00 Count, Number of Items: 1, Age Range (Description): Adult, Product Dimensions: 6.3 x 7.87 x 1.97 inches; 7.16 Ounces, UPC: 685757511926; Store: Store: JUST FOR TOTS BY MAD; Categories: *; Price: Price: None;"
All Beauty,"FRESHME Mud Mask - Facial Mask Kaolinite Clay Masks Cleansing and Moisturizing Brightening Smoothing Face Mask, 3.4 fl oz",3.5,24,,,None,"{'hi_res': ['https://m.media-amazon.com/images/I/716BSVTk8qL._SL1500_.jpg', 'https://m.media-amazon.com/images/I/81HDyd5aeaL._SL1500_.jpg', 'https://m.media-amazon.com/images/I/813b41vN41L._SL1500_.jpg', 'https://m.media-amazon.com/images/I/71rkzJPWIiL._SL1500_.jpg', 'https://m.media-amazon.com/images/I/71khvCU+guL._SL1500_.jpg', 'https://m.media-amazon.com/images/I/71CAPcuiqyL._SL1500_.jpg', 'https://m.media-amazon.com/images/I/71ksZj0+mbL._SL1500_.jpg'], 'large': ['https://m.media-amazon.com/images/I/4116zMYsnZL.jpg', 'https://m.media-amazon.com/images/I/51r4crDnrlL.jpg', 'https://m.media-amazon.com/images/I/51PP2YkgboL.jpg', 'https://m.media-amazon.com/images/I/51cGx36IGEL.jpg', 'https://m.media-amazon.com/images/I/51SL927DiOL.jpg', 'https://m.media-amazon.com/images/I/51HIOV1bE3L.jpg', 'https://m.media-amazon.com/images/I/51xDkVA8ljL.jpg'], 'thumb': ['https://m.media-amazon.com/images/I/4116zMYsnZL._SS40_.jpg', 'https://m.media-amazon.com/images/I/51r4crDnrlL._SS40_.jpg', 'https://m.media-amazon.com/images/I/51PP2YkgboL._SS40_.jpg', 'https://m.media-amazon.com/images/I/51cGx36IGEL._SS40_.jpg', 'https://m.media-amazon.com/images/I/51SL927DiOL._SS40_.jpg', 'https://m.media-amazon.com/images/I/51HIOV1bE3L._SS40_.jpg', 'https://m.media-amazon.com/images/I/51xDkVA8ljL._SS40_.jpg'], 'variant': ['MAIN', 'PT01', 'PT02', 'PT03', 'PT04', 'PT05', 'PT06']}","{'title': [], 'url': [], 'user_id': []}",FRESHME,,"Brand: FRESHME, Item Form: Clay, Product Benefits: Moisturizing, Skin Type: Acne Prone, Special Feature: Not Tested On Animals, Package Dimensions: 5.87 x 1.89 x 1.85 inches; 4.9 Ounces",B08CH5PC9W,,,,"Parent ASIN: B08CH5PC9W; Title: FRESHME Mud Mask - Facial Mask Kaolinite Clay Masks Cleansing and Moisturizing Brightening Smoothing Face Mask, 3.4 fl oz; Author: *; Description: *; Features: * - Details: Brand: FRESHME, Item Form: Clay, Product Benefits: Moisturizing, Skin Type: Acne Prone, Special Feature: Not Tested On Animals, Package Dimensions: 5.87 x 1.89 x 1.85 inches; 4.9 Ounces; Store: Store: FRESHME; Categories: *; Price: Price: None;"
All Beauty,"QTMY Fashion Rhinestone Flower Headband,Wide Hair Hoop for Women,Hair Accessories Head Band Headwear,White",4.2,47,,"'QTMY Fashion Rhinestone Flower Headband,Wide Hair Hoop for Women,Hair Accessories Head Band Headwear,White'",None,"{'hi_res': ['https://m.media-amazon.com/images/I/61frSH+tmWL._SL1000_.jpg', None, None, None, 'https://m.media-amazon.com/images/I/71sg1-JcT1L._SL1000_.jpg'], 'large': ['https://m.media-amazon.com/images/I/51EfvUhc2yL.jpg', 'https://m.media-amazon.com/images/I/41hKGaFO81L.jpg', 'https://m.media-amazon.com/images/I/418F7dMLQlL.jpg', 'https://m.media-amazon.com/images/I/41+Ppzcy5oL.jpg', 'https://m.media-amazon.com/images/I/51evYYa4ITL.jpg'], 'thumb': ['https://m.media-amazon.com/images/I/51EfvUhc2yL._SS40_.jpg', 'https://m.media-amazon.com/images/I/41hKGaFO81L._SS40_.jpg', 'https://m.media-amazon.com/images/I/418F7dMLQlL._SS40_.jpg', 'https://m.media-amazon.com/images/I/41+Ppzcy5oL._SS40_.jpg', 'https://m.media-amazon.com/images/I/51evYYa4ITL._SS40_.jpg'], 'variant': ['MAIN', 'PT01', 'PT02', 'PT03', 'PT04']}","{'title': [], 'url': [], 'user_id': []}",QTMY,,"Color: White, Age Range (Description): Adult, Occasion: Wedding, Material: Pearl, Fabric Type: Velvet, Is Discontinued By Manufacturer: No, Package Dimensions: 5.79 x 5.51 x 1.69 inches; 4.59 Ounces",B0895XPZNT,,,,"Parent ASIN: B0895XPZNT; Title: QTMY Fashion Rhinestone Flower Headband,Wide Hair Hoop for Women,Hair Accessories Head Band Headwear,White; Author: *; Description: Description: 'QTMY Fashion Rhinestone Flower Headband,Wide Hair Hoop for Women,Hair Accessories Head Band Headwear,White'; Features: * - Details: Color: White, Age Range (Description): Adult, Occasion: Wedding, Material: Pearl, Fabric Type: Velvet, Is Discontinued By Manufacturer: No, Package Dimensions: 5.79 x 5.51 x 1.69 inches; 4.59 Ounces; Store: Store: QTMY; Categories: *; Price: Price: None;"
All Beauty,NIRA Skincare Laser & Serum Bundle - Includes Anti-Aging Laser & Hyaluronic Acid Serum - Reduces Appearance of Fine Lines & Wrinkles - FDA Cleared,3.8,109,"'POWERFUL ANTI-AGING DUO - This powerful anti-aging duo includes our Skincare Laser & Hyaluronic Acid Serum Bundle. Reduce fine lines & wrinkles, stimulate natural collagen production & hydrate skin for glowing, radiant results.', 'AT-HOME LASER TREATMENT - The NIRA Anti-Aging Laser is the first & only painless at-home laser for wrinkle reduction. Our non-fractional, patented technology is FDA cleared to reduce fine lines for visible results in just 2 minutes a day.', 'HYALURONIC ACID SERUM - Our Hyaluronic Acid Serum contains four all-natural ingredients to lock in moisture, diminish the appearance of fine lines & wrinkles, and drive antioxidant activity, resulting in skin that appears softer, smoother & firmer.', 'SAME GREAT RESULTS - The treatment is simple, fast & effective—and can be used in the comfort of your own home. NIRA’s technology is the same used by professional dermatologists— but at a fraction of the price & without irritation.', 'HOW TO USE - Wash & dry face completely. Use NIRA Anti-Aging Skincare Laser for 2 minutes to stimulate collagen & reduce wrinkles. Finish with NIRA Hyaluronic Acid Serum for dramatic, faster & longer-lasting results.'",,None,"{'hi_res': ['https://m.media-amazon.com/images/I/51naovR4R0L._SL1500_.jpg', 'https://m.media-amazon.com/images/I/81mQcZsSdxL._SL1500_.jpg', 'https://m.media-amazon.com/images/I/71MEksn0XWL._SL1500_.jpg', 'https://m.media-amazon.com/images/I/71bxROqXddL._SL1500_.jpg', 'https://m.media-amazon.com/images/I/71Rj3m0elTL._SL1500_.jpg', 'https://m.media-amazon.com/images/I/71GzghCV3QL._SL1500_.jpg'], 'large': ['https://m.media-amazon.com/images/I/31OE9icA9xL.jpg', 'https://m.media-amazon.com/images/I/51rsUPvgc3L.jpg', 'https://m.media-amazon.com/images/I/415SnCd4dEL.jpg', 'https://m.media-amazon.com/images/I/413bpyFXRCL.jpg', 'https://m.media-amazon.com/images/I/41iV2YFe-xL.jpg', 'https://m.media-amazon.com/images/I/51QZJkWrgyL.jpg'], 'thumb': ['https://m.media-amazon.com/images/I/31OE9icA9xL._SS40_.jpg', 'https://m.media-amazon.com/images/I/51rsUPvgc3L._SS40_.jpg', 'https://m.media-amazon.com/images/I/415SnCd4dEL._SS40_.jpg', 'https://m.media-amazon.com/images/I/413bpyFXRCL._SS40_.jpg', 'https://m.media-amazon.com/images/I/41iV2YFe-xL._SS40_.jpg', 'https://m.media-amazon.com/images/I/51QZJkWrgyL._SS40_.jpg'], 'variant': ['MAIN', 'PT01', 'PT02', 'PT03', 'PT04', 'PT05']}","{'title': [], 'url': [], 'user_id': []}",Nira,,"Skin Type: Dry, Product Benefits: Hydration, Use for: Face, Scent: Aloe, Brand: Nira",B08P2DZB4X,,,,"Parent ASIN: B08P2DZB4X; Title: NIRA Skincare Laser & Serum Bundle - Includes Anti-Aging Laser & Hyaluronic Acid Serum - Reduces Appearance of Fine Lines & Wrinkles - FDA Cleared; Author: *; Description: *; Features: Features: 'POWERFUL ANTI-AGING DUO - This powerful anti-aging duo includes our Skincare Laser & Hyaluronic Acid Serum Bundle. Reduce fine lines & wrinkles, stimulate natural collagen production & hydrate skin for glowing, radiant results.', 'AT-HOME LASER TREATMENT - The NIRA Anti-Aging Laser is the first & only painless at-home laser for wrinkle reduction. Our non-fractional, patented technology is FDA cleared to reduce fine lines for visible results in just 2 minutes a day.', 'HYALURONIC ACID SERUM - Our Hyaluronic Acid Serum contains four all-natural ingredients to lock in moisture, diminish the appearance of fine lines & wrinkles, and drive antioxidant activity, resulting in skin that appears softer, smoother & firmer.', 'SAME GREAT RESULTS - The treatment is simple, fast & effective—and can be used in the comfort of your own home. NIRA’s technology is the same used by professional dermatologists— but at a fraction of the price & without irritation.', 'HOW TO USE - Wash & dry face completely. Use NIRA Anti-Aging Skincare Laser for 2 minutes to stimulate collagen & reduce wrinkles. Finish with NIRA Hyaluronic Acid Serum for dramatic, faster & longer-lasting results.' - Details: Skin Type: Dry, Product Benefits: Hydration, Use for: Face, Scent: Aloe, Brand: Nira; Store: Store: Nira; Categories: *; Price: Price: None;"
All Beauty,MOSTORY Glitter Crystal Liquid Eyeshadow Set - 4 Pack Pigmented Liquid Eye shadows Matte Shimmer Metallic Quick Dry Crease Resistant Long Lasting Flake-Proof Blendable Non-Greasy Eye Makeup (4 Pack),4.3,160,,,None,"{'hi_res': ['https://m.media-amazon.com/images/I/81aIrOtqkmL._SL1500_.jpg', 'https://m.media-amazon.com/images/I/917Gk6V1rsL._SL1500_.jpg', 'https://m.media-amazon.com/images/I/71zpNWV3xTL._SL1500_.jpg', 'https://m.media-amazon.com/images/I/81vGeKMulxL._SL1500_.jpg', 'https://m.media-amazon.com/images/I/81klHfapyBL._SL1500_.jpg', 'https://m.media-amazon.com/images/I/81kLIon+rBL._SL1500_.jpg', 'https://m.media-amazon.com/images/I/71gBVV9GwIL._SL1500_.jpg'], 'large': ['https://m.media-amazon.com/images/I/51dZmXCYDgL.jpg', 'https://m.media-amazon.com/images/I/61b9BlUCjtL.jpg', 'https://m.media-amazon.com/images/I/51avGE9XdjL.jpg', 'https://m.media-amazon.com/images/I/51MAsBeYAaL.jpg', 'https://m.media-amazon.com/images/I/51Shd16blUL.jpg', 'https://m.media-amazon.com/images/I/51liz+dKP0L.jpg', 'https://m.media-amazon.com/images/I/41DBUgMa+eL.jpg'], 'thumb': ['https://m.media-amazon.com/images/I/51dZmXCYDgL._SS40_.jpg', 'https://m.media-amazon.com/images/I/61b9BlUCjtL._SS40_.jpg', 'https://m.media-amazon.com/images/I/51avGE9XdjL._SS40_.jpg', 'https://m.media-amazon.com/images/I/51MAsBeYAaL._SS40_.jpg', 'https://m.media-amazon.com/images/I/51Shd16blUL._SS40_.jpg', 'https://m.media-amazon.com/images/I/51liz+dKP0L._SS40_.jpg', 'https://m.media-amazon.com/images/I/41DBUgMa+eL._SS40_.jpg'], 'variant': ['MAIN', 'PT01', 'PT02', 'PT03', 'PT04', 'PT05', 'PT06']}","{'title': ['Great Color Payoff with SPARKLE!', 'MOSTORY! My Favorite Brand!', 'Absolutely love these the colors and shimmer!', 'Gorgeous!! Such A Great Set!', 'So Amazing Liquid Glitter Eyeshadow Set.', 'Gorgeous!! Such A Great Set!', 'MOSTORY Glitter Crystal Liquid Eyeshadow Set'], 'url': ['https://www.amazon.com/vdp/02fac498638b43709f2124db9eb800e2?ref=dp_vse_rvc_0', 'https://www.amazon.com/vdp/1fa23675c41145fe9224a7952e37c945?ref=dp_vse_rvc_1', 'https://www.amazon.com/vdp/645ef0275acd4fd99133a43236f36f40?ref=dp_vse_rvc_2', 'https://www.amazon.com/vdp/0fb8088e4b20461786efb1852d1dd840?ref=dp_vse_rvc_3', 'https://www.amazon.com/vdp/01a15eadfc894a968270f67416a6af44?ref=dp_vse_rvc_4', 'https://www.amazon.com/vdp/9e78299c3c714f01904fb4debda1ec9c?ref=dp_vse_rvc_5', 'https://www.amazon.com/vdp/46e6df306f3c40e58787c23ef270ead1?ref=dp_vse_rvc_6'], 'user_id': ['AFWA4H2ZY5MA33KIWHDSSBG6YKIQ', 'AHNU5TOAFQ4I63HA45SXCBLYIPTA', 'AGVEGDXFDLMYQP6TX4ARP7R7KMOA', 'AGRWDEYYOJFZKFGPYNHDUWUCIM5A', 'AECEOXB7LRNP56LWN3HYXCOGCHFA', 'AFQAUXLMHNCWGEISZTEMZRTEJMLQ', '']}",MOSTORY,,"Brand: MOSTORY, Item Form: Liquid, Finish Type: Matte, Special Feature: Long last, Crease proof, Blendable, Product Benefits: Long Lasting, Package Dimensions: 4.84 x 4.49 x 0.87 inches; 5.11 Ounces",B08DK5D9J5,,,,"Parent ASIN: B08DK5D9J5; Title: MOSTORY Glitter Crystal Liquid Eyeshadow Set - 4 Pack Pigmented Liquid Eye shadows Matte Shimmer Metallic Quick Dry Crease Resistant Long Lasting Flake-Proof Blendable Non-Greasy Eye Makeup (4 Pack); Author: *; Description: *; Features: * - Details: Brand: MOSTORY, Item Form: Liquid, Finish Type: Matte, Special Feature: Long last, Crease proof, Blendable, Product Benefits: Long Lasting, Package Dimensions: 4.84 x 4.49 x 0.87 inches; 5.11 Ounces; Store: Store: MOSTORY; Categories: *; Price: Price: None;"
All Beauty,"Florona Hibiscus Air Freshener Room Spray for Deep Sleep 100 ml - Pure & Unrefined Pillow Mist & Linen Spray (Hibiscus,100 ml)",3.6,21,,,None,"{'hi_res': ['https://m.media-amazon.com/images/I/81e+iUXFgGS._SL1500_.jpg', 'https://m.media-amazon.com/images/I/81y+jW8lMoS._SL1500_.jpg', 'https://m.media-amazon.com/images/I/81lzBIqZzYS._SL1500_.jpg', 'https://m.media-amazon.com/images/I/81vVlssRdIS._SL1500_.jpg', 'https://m.media-amazon.com/images/I/81AihPh0qzS._SL1500_.jpg'], 'large': ['https://m.media-amazon.com/images/I/51ve9HnXruS.jpg', 'https://m.media-amazon.com/images/I/51qvlqxYMqS.jpg', 'https://m.media-amazon.com/images/I/51XV2ZCw1sS.jpg', 'https://m.media-amazon.com/images/I/51dlhmIZSDS.jpg', 'https://m.media-amazon.com/images/I/515U99HqLbS.jpg'], 'thumb': ['https://m.media-amazon.com/images/I/51ve9HnXruS._SS40_.jpg', 'https://m.media-amazon.com/images/I/51qvlqxYMqS._SS40_.jpg', 'https://m.media-amazon.com/images/I/51XV2ZCw1sS._SS40_.jpg', 'https://m.media-amazon.com/images/I/51dlhmIZSDS._SS40_.jpg', 'https://m.media-amazon.com/images/I/515U99HqLbS._SS40_.jpg'], 'variant': ['MAIN', 'PT01', 'PT02', 'PT04', 'PT05']}","{'title': [], 'url': [], 'user_id': []}",FLORONA,,"Package Dimensions: 5.75 x 1.73 x 1.69 inches; 4.73 Ounces, Manufacturer: FLORONA",B08T7GPT1D,,,,"Parent ASIN: B08T7GPT1D; Title: Florona Hibiscus Air Freshener Room Spray for Deep Sleep 100 ml - Pure & Unrefined Pillow Mist & Linen Spray (Hibiscus,100 ml); Author: *; Description: *; Features: * - Details: Package Dimensions: 5.75 x 1.73 x 1.69 inches; 4.73 Ounces, Manufacturer: FLORONA; Store: Store: FLORONA; Categories: *; Price: Price: None;"
All Beauty,"Spanature Olive Hand & Body Lotion Travel Size Selection, 4 Pack, Revitalizing Moisturizer for Rough and Dry Skin, Nourishing and Gentle for All Skin Types, Made In Korea - 75 ml/2.53oz",4.8,47,,,None,"{'hi_res': ['https://m.media-amazon.com/images/I/61e1Gyao1tL._SL1500_.jpg', 'https://m.media-amazon.com/images/I/51M9q7IXsyL._SL1500_.jpg', 'https://m.media-amazon.com/images/I/61aZngpCO5L._SL1500_.jpg', 'https://m.media-amazon.com/images/I/717961NHNKL._SL1500_.jpg', 'https://m.media-amazon.com/images/I/61yUHzkFwML._SL1500_.jpg'], 'large': ['https://m.media-amazon.com/images/I/41CR0gCEnXL.jpg', 'https://m.media-amazon.com/images/I/31Z-k5CuX0L.jpg', 'https://m.media-amazon.com/images/I/31uEqWLXv1L.jpg', 'https://m.media-amazon.com/images/I/51VGZ1DpnfL.jpg', 'https://m.media-amazon.com/images/I/4186aIdXq3L.jpg'], 'thumb': ['https://m.media-amazon.com/images/I/41CR0gCEnXL._SS40_.jpg', 'https://m.media-amazon.com/images/I/31Z-k5CuX0L._SS40_.jpg', 'https://m.media-amazon.com/images/I/31uEqWLXv1L._SS40_.jpg', 'https://m.media-amazon.com/images/I/51VGZ1DpnfL._SS40_.jpg', 'https://m.media-amazon.com/images/I/4186aIdXq3L._SS40_.jpg'], 'variant': ['MAIN', 'PT01', 'PT02', 'PT03', 'PT04']}","{'title': ['Argan Lotion, Baebody, Amazon beauty', 'Baebody Argan Body Lotion'], 'url': ['https://www.amazon.com/vdp/06894ad3fe9d48558f089a83313a29ef?ref=dp_vse_rvc_0', 'https://www.amazon.com/vdp/0837abaddc174e90b92b02ebe3c11f85?ref=dp_vse_rvc_1'], 'user_id': ['/shop/influencer-86200309', '']}",Spanature,,"Brand: Spanature, Item Form: Lotion, Unit Count: 1.00 Count, Number of Items: 4, Use for: Hands, Is Discontinued By Manufacturer: No, Package Dimensions: 6.1 x 1.89 x 1.5 inches; 2.4 Ounces",B01M24DUXH,,,,"Parent ASIN: B01M24DUXH; Title: Spanature Olive Hand & Body Lotion Travel Size Selection, 4 Pack, Revitalizing Moisturizer for Rough and Dry Skin, Nourishing and Gentle for All Skin Types, Made In Korea - 75 ml/2.53oz; Author: *; Description: *; Features: * - Details: Brand: Spanature, Item Form: Lotion, Unit Count: 1.00 Count, Number of Items: 4, Use for: Hands, Is Discontinued By Manufacturer: No, Package Dimensions: 6.1 x 1.89 x 1.5 inches; 2.4 Ounces; Store: Store: Spanature; Categories: *; Price: Price: None;"
All Beauty,Gents of London Design Paste Matt Firm Hold Professional Hair Styling Wax (3 oz),4.0,277,,,None,"{'hi_res': ['https://m.media-amazon.com/images/I/61tET5+DDXL._SL1000_.jpg', None, 'https://m.media-amazon.com/images/I/71g9dBa6WkL._SL1000_.jpg', 'https://m.media-amazon.com/images/I/61F5eelF0mL._SL1000_.jpg', 'https://m.media-amazon.com/images/I/71IgDBAR6TL._SL1500_.jpg'], 'large': ['https://m.media-amazon.com/images/I/51DGfRmCTvL.jpg', 'https://m.media-amazon.com/images/I/51mXadeFrPL.jpg', 'https://m.media-amazon.com/images/I/51W0CY55YQL.jpg', 'https://m.media-amazon.com/images/I/51kjdWZY1WL.jpg', 'https://m.media-amazon.com/images/I/41fwH38qwhL.jpg'], 'thumb': ['https://m.media-amazon.com/images/I/51DGfRmCTvL._SS40_.jpg', 'https://m.media-amazon.com/images/I/51mXadeFrPL._SS40_.jpg', 'https://m.media-amazon.com/images/I/51W0CY55YQL._SS40_.jpg', 'https://m.media-amazon.com/images/I/51kjdWZY1WL._SS40_.jpg', 'https://m.media-amazon.com/images/I/41fwH38qwhL._SS40_.jpg'], 'variant': ['MAIN', 'PT01', 'PT02', 'PT03', 'PT04']}","{'title': [], 'url': [], 'user_id': []}",GENTS OF LONDON,,"Hair Type: All, Scent: Aloe, Liquid Volume: 3 Fluid Ounces, Item Form: Wax, Brand: GENTS OF LONDON",B07ND4HPHT,,,,"Parent ASIN: B07ND4HPHT; Title: Gents of London Design Paste Matt Firm Hold Professional Hair Styling Wax (3 oz); Author: *; Description: *; Features: * - Details: Hair Type: All, Scent: Aloe, Liquid Volume: 3 Fluid Ounces, Item Form: Wax, Brand: GENTS OF LONDON; Store: Store: GENTS OF LONDON; Categories: *; Price: Price: None;"
All Beauty,"Face and Body Paint Kit By Color Technik 24 Professional Oil Based Flash Colors, 2 Sets of 12 Color Palettes, 6 Paint Brushes 70 Stencils 2 Sponges Non-Toxic For Adults & Kids Halloween Painting Party",4.0,155,,,None,"{'hi_res': ['https://m.media-amazon.com/images/I/71IXf6ja-fL._SL1500_.jpg', 'https://m.media-amazon.com/images/I/711suo73HrL._SL1500_.jpg', 'https://m.media-amazon.com/images/I/7145lpz2U-L._SL1500_.jpg', 'https://m.media-amazon.com/images/I/71HgEeXPKsL._SL1500_.jpg', 'https://m.media-amazon.com/images/I/71o+spwEUxL._SL1500_.jpg', 'https://m.media-amazon.com/images/I/61EkVyGZ7kL._SL1006_.jpg', 'https://m.media-amazon.com/images/I/71IXf6ja-fL._SL1500_.jpg'], 'large': ['https://m.media-amazon.com/images/I/51j5o-AVgBL.jpg', 'https://m.media-amazon.com/images/I/41oBqeAAgiL.jpg', 'https://m.media-amazon.com/images/I/51ilW0IyuoL.jpg', 'https://m.media-amazon.com/images/I/41O+ZScSdnL.jpg', 'https://m.media-amazon.com/images/I/51etjKzlkoL.jpg', 'https://m.media-amazon.com/images/I/41l3OChS-PL.jpg', 'https://m.media-amazon.com/images/I/51j5o-AVgBL.jpg'], 'thumb': ['https://m.media-amazon.com/images/I/51j5o-AVgBL._SS40_.jpg', 'https://m.media-amazon.com/images/I/41oBqeAAgiL._SS40_.jpg', 'https://m.media-amazon.com/images/I/51ilW0IyuoL._SS40_.jpg', 'https://m.media-amazon.com/images/I/41O+ZScSdnL._SS40_.jpg', 'https://m.media-amazon.com/images/I/51etjKzlkoL._SS40_.jpg', 'https://m.media-amazon.com/images/I/41l3OChS-PL._SS40_.jpg', 'https://m.media-amazon.com/images/I/51j5o-AVgBL._SS40_.jpg'], 'variant': ['MAIN', 'PT01', 'PT02', 'PT03', 'PT04', 'PT05', 'PT07']}","{'title': [], 'url': [], 'user_id': []}",Color Technik,,"Brand: Color Technik, Package Information: Palette, Package Type: Palette, Skin Type: Sensitive, Package Dimensions: 9 x 5 x 1 inches; 8.78 Ounces, Item model number: CTFPS24",B07Z548TKH,,,,"Parent ASIN: B07Z548TKH; Title: Face and Body Paint Kit By Color Technik 24 Professional Oil Based Flash Colors, 2 Sets of 12 Color Palettes, 6 Paint Brushes 70 Stencils 2 Sponges Non-Toxic For Adults & Kids Halloween Painting Party; Author: *; Description: *; Features: * - Details: Brand: Color Technik, Package Information: Palette, Package Type: Palette, Skin Type: Sensitive, Package Dimensions: 9 x 5 x 1 inches; 8.78 Ounces, Item model number: CTFPS24; Store: Store: Color Technik; Categories: *; Price: Price: None;"
All Beauty,"Karuna 7 Days of Glow - Face & Eye Mask Variety Pack (7 Sheets), Hydrate, Brighten and Glow",4.4,34,,,None,"{'hi_res': ['https://m.media-amazon.com/images/I/81tOWzmJQML._SL1500_.jpg', 'https://m.media-amazon.com/images/I/81O8OZF3IIL._SL1500_.jpg', 'https://m.media-amazon.com/images/I/81EWClze0AL._SL1500_.jpg', 'https://m.media-amazon.com/images/I/71aIwIOBrZL._SL1500_.jpg', 'https://m.media-amazon.com/images/I/71cbD6-N6RL._SL1500_.jpg', 'https://m.media-amazon.com/images/I/81Kkhm4b1CL._SL1500_.jpg'], 'large': ['https://m.media-amazon.com/images/I/41WlRyVse8L.jpg', 'https://m.media-amazon.com/images/I/41oWgh7BCQL.jpg', 'https://m.media-amazon.com/images/I/41n-JBRMzXL.jpg', 'https://m.media-amazon.com/images/I/31hX0Ov9toL.jpg', 'https://m.media-amazon.com/images/I/41O3vxU9ylL.jpg', 'https://m.media-amazon.com/images/I/31rco4n0KrL.jpg'], 'thumb': ['https://m.media-amazon.com/images/I/41WlRyVse8L._SS40_.jpg', 'https://m.media-amazon.com/images/I/41oWgh7BCQL._SS40_.jpg', 'https://m.media-amazon.com/images/I/41n-JBRMzXL._SS40_.jpg', 'https://m.media-amazon.com/images/I/31hX0Ov9toL._SS40_.jpg', 'https://m.media-amazon.com/images/I/41O3vxU9ylL._SS40_.jpg', 'https://m.media-amazon.com/images/I/31rco4n0KrL._SS40_.jpg'], 'variant': ['MAIN', 'PT01', 'PT02', 'PT03', 'PT04', 'PT05']}","{'title': ['Purifying Bubble Mask with Green Tea, Charcoal & Amino Acids', 'How to use a Face Sheet Mask !', 'Focus on your self care while you #workfromhome', 'Gentle on your face and so moisturizing! My winter friend!', 'The BEST Hydromask!'], 'url': ['https://www.amazon.com/vdp/09c09bd4bd80422697059f91b7a8bfa5?ref=dp_vse_rvc_0', 'https://www.amazon.com/vdp/8db27d68d3ac4fb39f116bf7d676a65e?ref=dp_vse_rvc_1', 'https://www.amazon.com/vdp/0efaf3bf036f4e4a9ed3a0280a97affe?ref=dp_vse_rvc_2', 'https://www.amazon.com/vdp/0837acf6b2e6442c83ae54435eec59fc?ref=dp_vse_rvc_3', 'https://www.amazon.com/vdp/0698ac7c8f1446a5af63f80fcc10d8ea?ref=dp_vse_rvc_4'], 'user_id': ['', '/shop/punjabibeautyonduty', '/shop/influencer-79fa82aa', '/shop/artbykirsten', '/shop/fitwjazz']}",Karuna,,"Package Dimensions: 7.05 x 5.04 x 1.57 inches; 8.75 Ounces, UPC: 857950007333",B08GYJY8F2,,,,"Parent ASIN: B08GYJY8F2; Title: Karuna 7 Days of Glow - Face & Eye Mask Variety Pack (7 Sheets), Hydrate, Brighten and Glow; Author: *; Description: *; Features: * - Details: Package Dimensions: 7.05 x 5.04 x 1.57 inches; 8.75 Ounces, UPC: 857950007333; Store: Store: Karuna; Categories: *; Price: Price: None;"
All Beauty,LXIANGN Nail Glass Cup With Lid Cute Dappen Dishes 2PCS Heart Shaped Bowl Glass Mini Crystal Bowls for Nail Art Manicure Care Tools,4.0,75,,,None,"{'hi_res': ['https://m.media-amazon.com/images/I/81gIveUwGIL._SL1500_.jpg', 'https://m.media-amazon.com/images/I/714b7qmF0WL._SL1500_.jpg', 'https://m.media-amazon.com/images/I/71c1pQHDfQL._SL1500_.jpg', 'https://m.media-amazon.com/images/I/71fHbExrvML._SL1500_.jpg', 'https://m.media-amazon.com/images/I/71lMiH81i2L._SL1500_.jpg', 'https://m.media-amazon.com/images/I/715f9TAwuxL._SL1500_.jpg', 'https://m.media-amazon.com/images/I/716wMHDx69L._SL1500_.jpg'], 'large': ['https://m.media-amazon.com/images/I/51J21gp8GYL.jpg', 'https://m.media-amazon.com/images/I/51h8UT1qduL.jpg', 'https://m.media-amazon.com/images/I/41ZI3yGVmIL.jpg', 'https://m.media-amazon.com/images/I/51pfDCe6XvL.jpg', 'https://m.media-amazon.com/images/I/41ONp9b2u6L.jpg', 'https://m.media-amazon.com/images/I/51h5rU28KEL.jpg', 'https://m.media-amazon.com/images/I/519J5qeaeTL.jpg'], 'thumb': ['https://m.media-amazon.com/images/I/51J21gp8GYL._SS40_.jpg', 'https://m.media-amazon.com/images/I/51h8UT1qduL._SS40_.jpg', 'https://m.media-amazon.com/images/I/41ZI3yGVmIL._SS40_.jpg', 'https://m.media-amazon.com/images/I/51pfDCe6XvL._SS40_.jpg', 'https://m.media-amazon.com/images/I/41ONp9b2u6L._SS40_.jpg', 'https://m.media-amazon.com/images/I/51h5rU28KEL._SS40_.jpg', 'https://m.media-amazon.com/images/I/519J5qeaeTL._SS40_.jpg'], 'variant': ['MAIN', 'PT01', 'PT02', 'PT03', 'PT04', 'PT05', 'PT06']}","{'title': [], 'url': [], 'user_id': []}",LXIANGN,,,B08R3F946X,,,,Parent ASIN: B08R3F946X; Title: LXIANGN Nail Glass Cup With Lid Cute Dappen Dishes 2PCS Heart Shaped Bowl Glass Mini Crystal Bowls for Nail Art Manicure Care Tools; Author: *; Description: *; Features: * - *; Store: Store: LXIANGN; Categories: *; Price: Price: None;
All Beauty,"Bath Body Brush with Super Comfy Bristles for Universal Skin,Long Bamboo Handle Gentle Exfoliation Improve Skin's Health and Beauty Wet or Dry Brushing Back Scrubber for Shower",4.4,45,"'【Suit Most Skin Included Sensitive People】The brush head is made of about 1.2 million nanofibers bristles, which is very soft and comfortable, deeply clean pores,can be used with body scrubs,especially suitable for children and women.', 【Protect Your Skin 】Long-term use of an exfoliating brush may cause your skin to become thin and fragile, so we think you need at least one comfortable brush on standby that won't harm your skin.Also you can use it with body scrubs to exfoliate.Dry brush can promote blood circulation and improve skin health.When the bristles are wet, you can combine the shower gel to give you a good bathing experience and cleaning effect., '【Non-slip Long Handle】A bamboo handle about 16inch long, easily washes all parts of the body, such as the back and legs.There is also a hanging rope design at the handle, which is used for hanging and storage', 'Simply rinse after use and hang up to dry. Please place in a ventilated place', 'If you have any questions, please contact us by email and we will get back to you as soon as possible.'","'Bath Body Exfoliating Brush,Shower Back Cleaning Scrubber with Long Handle,Dry or Wet Skin Exfoliator Brush with Soft Bristles Back Washer', 'Perfect for Daily Hygiene and Sensitive Skin.', 'Soft Nylon Bristles Be Easier to produce abundant foam,Just add some gel on it and rub the bristles.', 'This Brush will help you a better bath experience, Feel Fresh and Renewed Every Day.', 'Long Reach Handle', 'The Extended 16 inches Long Handle Will Use More Friendly.', 'Note：this brush bristles is too soft so if you want to exfoliate, we recommend using it with a body scrub.'",None,"{'hi_res': ['https://m.media-amazon.com/images/I/41M7Deat0IL._SL1000_.jpg', 'https://m.media-amazon.com/images/I/418z7+K4dTL._SL1000_.jpg', 'https://m.media-amazon.com/images/I/61XU0RsQI-L._SL1000_.jpg', None, None, 'https://m.media-amazon.com/images/I/51wr2CJl17L._SL1000_.jpg'], 'large': ['https://m.media-amazon.com/images/I/31eXoVhnObL.jpg', 'https://m.media-amazon.com/images/I/3102l8iNk6L.jpg', 'https://m.media-amazon.com/images/I/41brENPd6UL.jpg', 'https://m.media-amazon.com/images/I/510szndyZoL.jpg', 'https://m.media-amazon.com/images/I/31LbOxM1MyL.jpg', 'https://m.media-amazon.com/images/I/41IBIA9xCPL.jpg'], 'thumb': ['https://m.media-amazon.com/images/I/31eXoVhnObL._SS40_.jpg', 'https://m.media-amazon.com/images/I/3102l8iNk6L._SS40_.jpg', 'https://m.media-amazon.com/images/I/41brENPd6UL._SS40_.jpg', 'https://m.media-amazon.com/images/I/510szndyZoL._SS40_.jpg', 'https://m.media-amazon.com/images/I/31LbOxM1MyL._SS40_.jpg', 'https://m.media-amazon.com/images/I/41IBIA9xCPL._SS40_.jpg'], 'variant': ['MAIN', 'PT01', 'PT02', 'PT03', 'PT04', 'PT05']}","{'title': ['Body brush display'], 'url': ['https://www.amazon.com/vdp/cd21d932998d40b9bd35f43c66cf1e96?ref=dp_vse_rvc_0'], 'user_id': ['']}",Zhaoyun,,"Product Dimensions: 17 x 4 x 2 inches; 7.55 Ounces, Manufacturer: Zhaoyun",B08N9RT9YD,,,,"Parent ASIN: B08N9RT9YD; Title: Bath Body Brush with Super Comfy Bristles for Universal Skin,Long Bamboo Handle Gentle Exfoliation Improve Skin's Health and Beauty Wet or Dry Brushing Back Scrubber for Shower; Author: *; Description: Description: 'Bath Body Exfoliating Brush,Shower Back Cleaning Scrubber with Long Handle,Dry or Wet Skin Exfoliator Brush with Soft Bristles Back Washer', 'Perfect for Daily Hygiene and Sensitive Skin.', 'Soft Nylon Bristles Be Easier to produce abundant foam,Just add some gel on it and rub the bristles.', 'This Brush will help you a better bath experience, Feel Fresh and Renewed Every Day.', 'Long Reach Handle', 'The Extended 16 inches Long Handle Will Use More Friendly.', 'Note：this brush bristles is too soft so if you want to exfoliate, we recommend using it with a body scrub.'; Features: Features: '【Suit Most Skin Included Sensitive People】The brush head is made of about 1.2 million nanofibers bristles, which is very soft and comfortable, deeply clean pores,can be used with body scrubs,especially suitable for children and women.', 【Protect Your Skin 】Long-term use of an exfoliating brush may cause your skin to become thin and fragile, so we think you need at least one comfortable brush on standby that won't harm your skin.Also you can use it with body scrubs to exfoliate.Dry brush can promote blood circulation and improve skin health.When the bristles are wet, you can combine the shower gel to give you a good bathing experience and cleaning effect., '【Non-slip Long Handle】A bamboo handle about 16inch long, easily washes all parts of the body, such as the back and legs.There is also a hanging rope design at the handle, which is used for hanging and storage', 'Simply rinse after use and hang up to dry. Please place in a ventilated place', 'If you have any questions, please contact us by email and we will get back to you as soon as possible.' - Details: Product Dimensions: 17 x 4 x 2 inches; 7.55 Ounces, Manufacturer: Zhaoyun; Store: Store: Zhaoyun; Categories: *; Price: Price: None;"
All Beauty,"UV LED Nail Lamp – 128W Rapid-Curing Gel Nails Dryer for Manicures and Pedicures – Dual-Voltage with Extra-Long Cable, Multi-Language Manual – Professional Gel Lamp for Homes or Salons by OVLUX, Gold",4.3,93,,,None,"{'hi_res': [None], 'large': ['https://m.media-amazon.com/images/I/31U0K-zgN-S.jpg'], 'thumb': ['https://m.media-amazon.com/images/I/31U0K-zgN-S._SS40_.jpg'], 'variant': ['MAIN']}","{'title': [], 'url': [], 'user_id': []}",OVLUX,,"Brand: OVLUX, Special Feature: Energy Efficient, Light Source Type: LED, Material: Gel, Connectivity Technology: USB, Package Dimensions: 9.4 x 8.3 x 4.3 inches; 1.55 Pounds, UPC: 765453999881",B08L6GXY2S,,,,"Parent ASIN: B08L6GXY2S; Title: UV LED Nail Lamp – 128W Rapid-Curing Gel Nails Dryer for Manicures and Pedicures – Dual-Voltage with Extra-Long Cable, Multi-Language Manual – Professional Gel Lamp for Homes or Salons by OVLUX, Gold; Author: *; Description: *; Features: * - Details: Brand: OVLUX, Special Feature: Energy Efficient, Light Source Type: LED, Material: Gel, Connectivity Technology: USB, Package Dimensions: 9.4 x 8.3 x 4.3 inches; 1.55 Pounds, UPC: 765453999881; Store: Store: OVLUX; Categories: *; Price: Price: None;"
All Beauty,"QTMY Crystal Gemstone Headbands Baroque Hair Accessories Head Band Fashion Headwear Hairbands for Women,Pink",4.3,44,"'❤️【What You Get】Our hair accessory is great for matching your everchanging styles, they are also suit for any occasions, such as bad hair days, exercise, working, traveling, the beach, backpacking and even underneath a sundress as a bandeau! Perfect for many hairstyles, such as Bun Updo,dreadlocks,bob,braids,ponytail.', '❤️【One Size Fit Most】This wonderful headband set features built-in a stretchy plastic hair hoop for a easy fit, while the fabric crosses in front to create an adorable knotted style. Each headband is about 6.7 inches high and 5.5 inches in width. The hair hoops is great stretchy for both girls and women. Super durable material which is not easy to broke or slip and with no harm to your scalp.', ❤️【Ideal Gifts for Friends and Family】As we all know, the pearl pattern and the velvet fabric is the hottest element in 2019,we combine them together to give you different experience.Let you be the brightest one in the crowd. Noble and wonderful headband for yourself wear them as you like or share with your girlfriends, sisters, mother etc. Give it as a perfect gift on birthdays, anniversaries, valentine's day, mother's day or any other festivals., '❤️【Multiple Functions】The turban headbands not only keep you a wonderful fashion looking but also keep your hair when wash face or make up! These headwear with faux pearl beading design will make you look more charming and fashionable. Suitble for indoor and outdoor use, such as parties, wedding ceremony, dating, concerts or just daily wear.', '❤️【Risk Free】If you are not completely satisfied with your purchase or the product is damaged in transit, broken, please contact us promptly.'",,22.99,"{'hi_res': ['https://m.media-amazon.com/images/I/61QmX0qxLkL._SL1002_.jpg', None, 'https://m.media-amazon.com/images/I/51Mnv2ovzhL._SL1000_.jpg', None, None], 'large': ['https://m.media-amazon.com/images/I/41DbF31fVHL.jpg', 'https://m.media-amazon.com/images/I/41yGz8i9C5L.jpg', 'https://m.media-amazon.com/images/I/41JHj9srGPL.jpg', 'https://m.media-amazon.com/images/I/411Sk0bHmtL.jpg', 'https://m.media-amazon.com/images/I/511lJlabLnL.jpg'], 'thumb': ['https://m.media-amazon.com/images/I/41DbF31fVHL._SS40_.jpg', 'https://m.media-amazon.com/images/I/41yGz8i9C5L._SS40_.jpg', 'https://m.media-amazon.com/images/I/41JHj9srGPL._SS40_.jpg', 'https://m.media-amazon.com/images/I/411Sk0bHmtL._SS40_.jpg', 'https://m.media-amazon.com/images/I/511lJlabLnL._SS40_.jpg'], 'variant': ['MAIN', 'PT01', 'PT02', 'PT03', 'PT04']}","{'title': ['QTMY Headband 200', '@KetosisMom Reviews Jeweled Headband for Women'], 'url': ['https://www.amazon.com/vdp/a3e2a176876c419790337b93223e1d55?ref=dp_vse_rvc_0', 'https://www.amazon.com/vdp/0c45bf4e797d43c99d4bfcf6cfe7a4be?ref=dp_vse_rvc_1'], 'user_id': ['', '/shop/influencer-7c350aac']}",QTMY,,"Is Discontinued By Manufacturer: No, Package Dimensions: 7.32 x 5.63 x 1.02 inches; 2.82 Ounces, Item model number: ZJ, Department: womens, Manufacturer: QTMY",B086Q2J3F2,,,,"Parent ASIN: B086Q2J3F2; Title: QTMY Crystal Gemstone Headbands Baroque Hair Accessories Head Band Fashion Headwear Hairbands for Women,Pink; Author: *; Description: *; Features: Features: '❤️【What You Get】Our hair accessory is great for matching your everchanging styles, they are also suit for any occasions, such as bad hair days, exercise, working, traveling, the beach, backpacking and even underneath a sundress as a bandeau! Perfect for many hairstyles, such as Bun Updo,dreadlocks,bob,braids,ponytail.', '❤️【One Size Fit Most】This wonderful headband set features built-in a stretchy plastic hair hoop for a easy fit, while the fabric crosses in front to create an adorable knotted style. Each headband is about 6.7 inches high and 5.5 inches in width. The hair hoops is great stretchy for both girls and women. Super durable material which is not easy to broke or slip and with no harm to your scalp.', ❤️【Ideal Gifts for Friends and Family】As we all know, the pearl pattern and the velvet fabric is the hottest element in 2019,we combine them together to give you different experience.Let you be the brightest one in the crowd. Noble and wonderful headband for yourself wear them as you like or share with your girlfriends, sisters, mother etc. Give it as a perfect gift on birthdays, anniversaries, valentine's day, mother's day or any other festivals., '❤️【Multiple Functions】The turban headbands not only keep you a wonderful fashion looking but also keep your hair when wash face or make up! These headwear with faux pearl beading design will make you look more charming and fashionable. Suitble for indoor and outdoor use, such as parties, wedding ceremony, dating, concerts or just daily wear.', '❤️【Risk Free】If you are not completely satisfied with your purchase or the product is damaged in transit, broken, please contact us promptly.' - Details: Is Discontinued By Manufacturer: No, Package Dimensions: 7.32 x 5.63 x 1.02 inches; 2.82 Ounces, Item model number: ZJ, Department: womens, Manufacturer: QTMY; Store: Store: QTMY; Categories: *; Price: Price: 22.99;"
All Beauty,senvenski Gel Nail Polish Top and Base Coat Shine Mirror Eggshell Fur Matte Crystal Cat Eye Effect No Wipe Art Set Soak Off UV LED Lacquer Clear Resin Home Salon Use 6pcs (TB6-001),3.7,34,,,None,"{'hi_res': ['https://m.media-amazon.com/images/I/71QFfXa4BvL._SL1500_.jpg', 'https://m.media-amazon.com/images/I/71KiStAgaAL._SL1500_.jpg', 'https://m.media-amazon.com/images/I/71mD6CH-mML._SL1500_.jpg', 'https://m.media-amazon.com/images/I/818n6YawPJL._SL1500_.jpg', 'https://m.media-amazon.com/images/I/71D8TK520sL._SL1500_.jpg', 'https://m.media-amazon.com/images/I/71bbibcrE9L._SL1500_.jpg', 'https://m.media-amazon.com/images/I/71rZVG06olL._SL1500_.jpg', 'https://m.media-amazon.com/images/I/61HDLWByJiL._SL1500_.jpg', 'https://m.media-amazon.com/images/I/71+jUCYRMdL._SL1500_.jpg'], 'large': ['https://m.media-amazon.com/images/I/51BP9K-EGiL.jpg', 'https://m.media-amazon.com/images/I/51INamegblL.jpg', 'https://m.media-amazon.com/images/I/51iSWSY6+DL.jpg', 'https://m.media-amazon.com/images/I/61CCEyz37ZL.jpg', 'https://m.media-amazon.com/images/I/51acukNbXoL.jpg', 'https://m.media-amazon.com/images/I/512E-uxt4UL.jpg', 'https://m.media-amazon.com/images/I/51hKztodMSL.jpg', 'https://m.media-amazon.com/images/I/41fZ6FIg10L.jpg', 'https://m.media-amazon.com/images/I/51uCf8e7JWL.jpg'], 'thumb': ['https://m.media-amazon.com/images/I/51BP9K-EGiL._SS40_.jpg', 'https://m.media-amazon.com/images/I/51INamegblL._SS40_.jpg', 'https://m.media-amazon.com/images/I/51iSWSY6+DL._SS40_.jpg', 'https://m.media-amazon.com/images/I/61CCEyz37ZL._SS40_.jpg', 'https://m.media-amazon.com/images/I/51acukNbXoL._SS40_.jpg', 'https://m.media-amazon.com/images/I/512E-uxt4UL._SS40_.jpg', 'https://m.media-amazon.com/images/I/51hKztodMSL._SS40_.jpg', 'https://m.media-amazon.com/images/I/41fZ6FIg10L._SS40_.jpg', 'https://m.media-amazon.com/images/I/51uCf8e7JWL._SS40_.jpg'], 'variant': ['MAIN', 'PT01', 'PT02', 'PT03', 'PT04', 'PT05', 'PT06', 'PT07', 'PT08']}","{'title': [], 'url': [], 'user_id': []}",senvenski,,,B08W4WQMNM,,,,Parent ASIN: B08W4WQMNM; Title: senvenski Gel Nail Polish Top and Base Coat Shine Mirror Eggshell Fur Matte Crystal Cat Eye Effect No Wipe Art Set Soak Off UV LED Lacquer Clear Resin Home Salon Use 6pcs (TB6-001); Author: *; Description: *; Features: * - *; Store: Store: senvenski; Categories: *; Price: Price: None;
All Beauty,"SAMYANG ABOUTME Red Recipe Super Cleansing Balm 3.04 oz. (90ml) - Soft Melting Milk Texture Makeup Cleansing Balm, Mineral Contained Nourishing & Soothing Cleansing, Rose Scented",4.1,81,,,None,"{'hi_res': ['https://m.media-amazon.com/images/I/51wWojA49EL._SL1024_.jpg', 'https://m.media-amazon.com/images/I/61HLGY47scL._SL1024_.jpg', 'https://m.media-amazon.com/images/I/51xYr7dzS1L._SL1024_.jpg', 'https://m.media-amazon.com/images/I/51Albbim7IL._SL1024_.jpg', 'https://m.media-amazon.com/images/I/5176H043EXL._SL1024_.jpg', 'https://m.media-amazon.com/images/I/61B9u-PQjeL._SL1024_.jpg', 'https://m.media-amazon.com/images/I/71YC5beQcQL._SL1024_.jpg'], 'large': ['https://m.media-amazon.com/images/I/41z6VmAAecL.jpg', 'https://m.media-amazon.com/images/I/51jyd5aK8tL.jpg', 'https://m.media-amazon.com/images/I/41vGaQbvMcL.jpg', 'https://m.media-amazon.com/images/I/41Tm2HN0OrL.jpg', 'https://m.media-amazon.com/images/I/41mpYfGRnUL.jpg', 'https://m.media-amazon.com/images/I/41dhazHWiRL.jpg', 'https://m.media-amazon.com/images/I/519O1LEutsL.jpg'], 'thumb': ['https://m.media-amazon.com/images/I/41z6VmAAecL._SS40_.jpg', 'https://m.media-amazon.com/images/I/51jyd5aK8tL._SS40_.jpg', 'https://m.media-amazon.com/images/I/41vGaQbvMcL._SS40_.jpg', 'https://m.media-amazon.com/images/I/41Tm2HN0OrL._SS40_.jpg', 'https://m.media-amazon.com/images/I/41mpYfGRnUL._SS40_.jpg', 'https://m.media-amazon.com/images/I/41dhazHWiRL._SS40_.jpg', 'https://m.media-amazon.com/images/I/519O1LEutsL._SS40_.jpg'], 'variant': ['MAIN', 'PT01', 'PT02', 'PT03', 'PT04', 'PT05', 'PT06']}","{'title': [], 'url': [], 'user_id': []}",Samyang,,Package Dimensions: 3.66 x 3.39 x 2.36 inches; 5.57 Ounces,B07PHWX88W,,,,"Parent ASIN: B07PHWX88W; Title: SAMYANG ABOUTME Red Recipe Super Cleansing Balm 3.04 oz. (90ml) - Soft Melting Milk Texture Makeup Cleansing Balm, Mineral Contained Nourishing & Soothing Cleansing, Rose Scented; Author: *; Description: *; Features: * - Details: Package Dimensions: 3.66 x 3.39 x 2.36 inches; 5.57 Ounces; Store: Store: Samyang; Categories: *; Price: Price: None;"
All Beauty,"RAREKIND Fade Matte Lipstick by Amorepacific - 10 Colors, Cruelty-Free Nourishing Lip Stick, Velvety-smooth, Long-Lasting Moisturizing Lipstick - 3.2g Maple Road",3.8,38,,,None,"{'hi_res': ['https://m.media-amazon.com/images/I/61cp6GRm88L._SL1500_.jpg', 'https://m.media-amazon.com/images/I/81iAAjgLMWL._SL1500_.jpg', 'https://m.media-amazon.com/images/I/81NflCrX2WL._SL1500_.jpg', 'https://m.media-amazon.com/images/I/81jGGUWTm5L._SL1500_.jpg', 'https://m.media-amazon.com/images/I/81Ao5BlgZTL._SL1500_.jpg', 'https://m.media-amazon.com/images/I/816GYsJMFmL._SL1500_.jpg'], 'large': ['https://m.media-amazon.com/images/I/417owFyAf8L.jpg', 'https://m.media-amazon.com/images/I/51RfB59QmaL.jpg', 'https://m.media-amazon.com/images/I/51o-aaQLisL.jpg', 'https://m.media-amazon.com/images/I/51nh4+d0cTL.jpg', 'https://m.media-amazon.com/images/I/51z99n-vQpL.jpg', 'https://m.media-amazon.com/images/I/51f-tpkElnL.jpg'], 'thumb': ['https://m.media-amazon.com/images/I/417owFyAf8L._SS40_.jpg', 'https://m.media-amazon.com/images/I/51RfB59QmaL._SS40_.jpg', 'https://m.media-amazon.com/images/I/51o-aaQLisL._SS40_.jpg', 'https://m.media-amazon.com/images/I/51nh4+d0cTL._SS40_.jpg', 'https://m.media-amazon.com/images/I/51z99n-vQpL._SS40_.jpg', 'https://m.media-amazon.com/images/I/51f-tpkElnL._SS40_.jpg'], 'variant': ['MAIN', 'PT01', 'PT02', 'PT03', 'PT04', 'PT05']}","{'title': ['RARE KIND Lipstick', 'RAREKIND Smooth Lip Stick', 'RARKIND Lip Gloss '], 'url': ['https://www.amazon.com/vdp/d0e056ca5e7041c4af15a7a7163e7e6b?ref=dp_vse_rvc_0', 'https://www.amazon.com/vdp/3afe83972703492dbbc00db784bcba4b?ref=dp_vse_rvc_1', 'https://www.amazon.com/vdp/28fa2ccf58da41ba98e8faff2c524064?ref=dp_vse_rvc_2'], 'user_id': ['', '', '']}",RAREKIND,,Package Dimensions: 3.3 x 0.9 x 0.9 inches; 0.95 Ounces,B08BY91SGT,,,,"Parent ASIN: B08BY91SGT; Title: RAREKIND Fade Matte Lipstick by Amorepacific - 10 Colors, Cruelty-Free Nourishing Lip Stick, Velvety-smooth, Long-Lasting Moisturizing Lipstick - 3.2g Maple Road; Author: *; Description: *; Features: * - Details: Package Dimensions: 3.3 x 0.9 x 0.9 inches; 0.95 Ounces; Store: Store: RAREKIND; Categories: *; Price: Price: None;"
All Beauty,"Natural Solution Himalayan Pink Salt Body Scrub with Organic Marula Essential Oil, Moisturizes and Nourishes Face & Skin - 12.3 Oz",3.8,38,"'Natural Solution Himalayan Pink Salt Body Scrub With Marula Oil Works As an Anti-Aging Agent, Protecting Your Skin From Damaging Free Radicals, and Preventing Wrinkles and Fine Lines.', 'Infused with Himalayan Pink Salt, Which Is Rich In Minerals, and Natural Marula Oil, It Helps Revitalize and Invigorate Your Skin, While Leaving It Moisturized and Refreshed.', 'Himalayan Salt Body Scrub Will Help You Relax & Wash Away Tension. Himalayan Salt Provides a Perfect Mineral-Rich Buffer To Remove The Dull, Dead Skin Cells, Bringing New Life To Your Skin.', 'Apply a Generous Amount to Wet Skin While Moving in Circular Motion. Rinse with Water. Use 3-4 Times Per Week For Best Result. Recommended To Use Other Natural Solution Products.'","'Natural Solution Organic Marula Oil Body Scrub Exfoliate and nourish your skin with this luxurious Natural Solution body scrub made with organic marula oil. Marula oil is a natural oil & is known for its ability to moisturize and protect the skin, as well as to reduce the appearance of wrinkles and fine lines. This body scrub is also made with Himalayan pink salt, which is a natural exfoliator that helps to remove dead skin cells and leave your skin feeling smooth and soft. The scrub is gentle enough for daily use, and it is perfect for all skin types. Usage: Apply a generous amount of scrub to wet skin. Massage in circular motions for 2-3 minutes. Rinse with water. Use 2 times per week for best results. Caution: Avoid contact with eyes. If contact occurs, rinse immediately with water. Keep out of reach of children. Store in a cool, dry place. Benefits: 1- Exfoliates and removes dead skin cells 2- Moisturizes and nourishes the skin 3- Protects the skin from free radicals 4- Leaves skin feeling smooth and soft 5-Suitable for all skin types'",9.99,"{'hi_res': ['https://m.media-amazon.com/images/I/61uAUK60QPL._SL1500_.jpg', 'https://m.media-amazon.com/images/I/71gZT01VnqL._SL1500_.jpg', 'https://m.media-amazon.com/images/I/71X2rISyXYL._SL1500_.jpg', 'https://m.media-amazon.com/images/I/71ppCvobQGL._SL1500_.jpg', 'https://m.media-amazon.com/images/I/71UgseIcAdL._SL1500_.jpg', 'https://m.media-amazon.com/images/I/71Bp7xWW3SL._SL1500_.jpg', 'https://m.media-amazon.com/images/I/717fu7ezYPL._SL1500_.jpg', 'https://m.media-amazon.com/images/I/61QngkOsdaL._SL1500_.jpg'], 'large': ['https://m.media-amazon.com/images/I/412D3dgvpxL.jpg', 'https://m.media-amazon.com/images/I/41TtiSh8tvL.jpg', 'https://m.media-amazon.com/images/I/51WWRKLO52L.jpg', 'https://m.media-amazon.com/images/I/51DY1bb0HRL.jpg', 'https://m.media-amazon.com/images/I/41uD5NgV2IL.jpg', 'https://m.media-amazon.com/images/I/41yEys4ABfL.jpg', 'https://m.media-amazon.com/images/I/51GBO8j3o7L.jpg', 'https://m.media-amazon.com/images/I/41R7mrSd7aL.jpg'], 'thumb': ['https://m.media-amazon.com/images/I/412D3dgvpxL._SS40_.jpg', 'https://m.media-amazon.com/images/I/41TtiSh8tvL._SS40_.jpg', 'https://m.media-amazon.com/images/I/51WWRKLO52L._SS40_.jpg', 'https://m.media-amazon.com/images/I/51DY1bb0HRL._SS40_.jpg', 'https://m.media-amazon.com/images/I/41uD5NgV2IL._SS40_.jpg', 'https://m.media-amazon.com/images/I/41yEys4ABfL._SS40_.jpg', 'https://m.media-amazon.com/images/I/51GBO8j3o7L._SS40_.jpg', 'https://m.media-amazon.com/images/I/41R7mrSd7aL._SS40_.jpg'], 'variant': ['MAIN', 'PT01', 'PT02', 'PT03', 'PT04', 'PT05', 'PT06', 'PT07']}","{'title': [' Himalayan Pink Salt Body Scrub', 'Relaxing and Purifying for Younger Looking Skin Every Day', 'Natural Solution bath scrub, natural and organic', 'Provides Your Skin a Refined Healthy Glow', 'Natural Solution Himalayan Pink Salt Body Scrub', 'Ultra Hydrating and Exfoliating Scrub for Nourishing Body ', 'Natural Solution Pink Salt Body Scrub for Detoxification', ' Amazing Skin Conditioners That Prevents Dryness', 'Watch Before Buying! ', 'ogx sea kelp! Awesome!'], 'url': ['https://www.amazon.com/vdp/041eff860d9644bcb917222fce5f149d?ref=dp_vse_rvc_0', 'https://www.amazon.com/vdp/02b2c6e666544e9eaca665e6399205bb?ref=dp_vse_rvc_1', 'https://www.amazon.com/vdp/04447346b2c640309b216650e41053b3?ref=dp_vse_rvc_2', 'https://www.amazon.com/vdp/0562cfc92b9f4321932cea8c99603e47?ref=dp_vse_rvc_3', 'https://www.amazon.com/vdp/09e694479ff64fcb8c465018080b36f4?ref=dp_vse_rvc_4', 'https://www.amazon.com/vdp/029cb2b1b7524d76b871255658277d37?ref=dp_vse_rvc_5', 'https://www.amazon.com/vdp/03140f43d86a4bb18fa0be9a29a61c16?ref=dp_vse_rvc_6', 'https://www.amazon.com/vdp/04f6999931b840caa64d6936111ae3da?ref=dp_vse_rvc_7', 'https://www.amazon.com/vdp/0b879626eb40440e973981bb710c8031?ref=dp_vse_rvc_8', 'https://www.amazon.com/vdp/01b531f0159542a3b2fa5bf82a748171?ref=dp_vse_rvc_9'], 'user_id': ['', '', '', '', '', '', '', '', '/shop/influencer-b7f21677', '/shop/influencer-816f5943']}",Natural Solution,,"Is Discontinued By Manufacturer: No, Product Dimensions: 3.75 x 3.75 x 3.6 inches; 12.35 Ounces, Item model number: 8246E, UPC: 818581019775, Manufacturer: Natural Solution",B076DBLG1K,,,,"Parent ASIN: B076DBLG1K; Title: Natural Solution Himalayan Pink Salt Body Scrub with Organic Marula Essential Oil, Moisturizes and Nourishes Face & Skin - 12.3 Oz; Author: *; Description: Description: 'Natural Solution Organic Marula Oil Body Scrub Exfoliate and nourish your skin with this luxurious Natural Solution body scrub made with organic marula oil. Marula oil is a natural oil & is known for its ability to moisturize and protect the skin, as well as to reduce the appearance of wrinkles and fine lines. This body scrub is also made with Himalayan pink salt, which is a natural exfoliator that helps to remove dead skin cells and leave your skin feeling smooth and soft. The scrub is gentle enough for daily use, and it is perfect for all skin types. Usage: Apply a generous amount of scrub to wet skin. Massage in circular motions for 2-3 minutes. Rinse with water. Use 2 times per week for best results. Caution: Avoid contact with eyes. If contact occurs, rinse immediately with water. Keep out of reach of children. Store in a cool, dry place. Benefits: 1- Exfoliates and removes dead skin cells 2- Moisturizes and nourishes the skin 3- Protects the skin from free radicals 4- Leaves skin feeling smooth and soft 5-Suitable for all skin types'; Features: Features: 'Natural Solution Himalayan Pink Salt Body Scrub With Marula Oil Works As an Anti-Aging Agent, Protecting Your Skin From Damaging Free Radicals, and Preventing Wrinkles and Fine Lines.', 'Infused with Himalayan Pink Salt, Which Is Rich In Minerals, and Natural Marula Oil, It Helps Revitalize and Invigorate Your Skin, While Leaving It Moisturized and Refreshed.', 'Himalayan Salt Body Scrub Will Help You Relax & Wash Away Tension. Himalayan Salt Provides a Perfect Mineral-Rich Buffer To Remove The Dull, Dead Skin Cells, Bringing New Life To Your Skin.', 'Apply a Generous Amount to Wet Skin While Moving in Circular Motion. Rinse with Water. Use 3-4 Times Per Week For Best Result. Recommended To Use Other Natural Solution Products.' - Details: Is Discontinued By Manufacturer: No, Product Dimensions: 3.75 x 3.75 x 3.6 inches; 12.35 Ounces, Item model number: 8246E, UPC: 818581019775, Manufacturer: Natural Solution; Store: Store: Natural Solution; Categories: *; Price: Price: 9.99;"
All Beauty,"2 Pack Hair Towel Wrap Turban Microfiber Drying Shower and Bath, Twist Head Towels with Button, Magic Quick Dryer, Hair Care for Women and Girls, One Wrap Plus One Cap and Two Velvet Hair Bands",4.1,50,,,None,"{'hi_res': ['https://m.media-amazon.com/images/I/71yrCtQO7XL._SL1500_.jpg', 'https://m.media-amazon.com/images/I/61HJ5cNuOpL._SL1000_.jpg', 'https://m.media-amazon.com/images/I/61OiRrxX7mL._SL1000_.jpg', 'https://m.media-amazon.com/images/I/51xLm7YXLAL._SL1000_.jpg', 'https://m.media-amazon.com/images/I/61nRaVnH79L._SL1000_.jpg', 'https://m.media-amazon.com/images/I/51bPI5d4IVL._SL1000_.jpg', 'https://m.media-amazon.com/images/I/71W8VCxtJOL._SL1500_.jpg'], 'large': ['https://m.media-amazon.com/images/I/51yuMaY39JL.jpg', 'https://m.media-amazon.com/images/I/51UNt8utdFL.jpg', 'https://m.media-amazon.com/images/I/51P-46ztfgL.jpg', 'https://m.media-amazon.com/images/I/41LoMlzBuXL.jpg', 'https://m.media-amazon.com/images/I/41eKuqWLHwL.jpg', 'https://m.media-amazon.com/images/I/41pkTYCwXhL.jpg', 'https://m.media-amazon.com/images/I/51PyQa3N+sL.jpg'], 'thumb': ['https://m.media-amazon.com/images/I/51yuMaY39JL._SS40_.jpg', 'https://m.media-amazon.com/images/I/51UNt8utdFL._SS40_.jpg', 'https://m.media-amazon.com/images/I/51P-46ztfgL._SS40_.jpg', 'https://m.media-amazon.com/images/I/41LoMlzBuXL._SS40_.jpg', 'https://m.media-amazon.com/images/I/41eKuqWLHwL._SS40_.jpg', 'https://m.media-amazon.com/images/I/41pkTYCwXhL._SS40_.jpg', 'https://m.media-amazon.com/images/I/51PyQa3N+sL._SS40_.jpg'], 'variant': ['MAIN', 'PT01', 'PT02', 'PT03', 'PT04', 'PT05', 'PT06']}","{'title': [], 'url': [], 'user_id': []}",MEETWIN,,,B0841WQNNZ,,,,"Parent ASIN: B0841WQNNZ; Title: 2 Pack Hair Towel Wrap Turban Microfiber Drying Shower and Bath, Twist Head Towels with Button, Magic Quick Dryer, Hair Care for Women and Girls, One Wrap Plus One Cap and Two Velvet Hair Bands; Author: *; Description: *; Features: * - *; Store: Store: MEETWIN; Categories: *; Price: Price: None;"
All Beauty,"Follain Everybody Bar Soap | Lavender & Bergamot, Skin Moisturizing Hand & Body Cleanser with Shea Butter, Argan Oil, Hydrate for Softer Skin, Non-Drying, Rich-Lather, Cruelty Free, 5 oz",4.1,55,,,None,"{'hi_res': ['https://m.media-amazon.com/images/I/61S9a9ZfU8S._SL1500_.jpg', 'https://m.media-amazon.com/images/I/410SW-Ua8jS._SL1500_.jpg', 'https://m.media-amazon.com/images/I/81TmWlLN3hL._SL1500_.jpg', 'https://m.media-amazon.com/images/I/71yMr3uQWDL._SL1500_.jpg', 'https://m.media-amazon.com/images/I/71+eixtsj7S._SL1500_.jpg', 'https://m.media-amazon.com/images/I/61YTP7Opi+S._SL1395_.jpg'], 'large': ['https://m.media-amazon.com/images/I/31lRNYQKmJS.jpg', 'https://m.media-amazon.com/images/I/21cEu7molhS.jpg', 'https://m.media-amazon.com/images/I/41Px7F4HKaL.jpg', 'https://m.media-amazon.com/images/I/41Ako1Jx-4L.jpg', 'https://m.media-amazon.com/images/I/41pfywrDVXS.jpg', 'https://m.media-amazon.com/images/I/41fnW1qjFjS.jpg'], 'thumb': ['https://m.media-amazon.com/images/I/31lRNYQKmJS._SS40_.jpg', 'https://m.media-amazon.com/images/I/21cEu7molhS._SS40_.jpg', 'https://m.media-amazon.com/images/I/41Px7F4HKaL._SS40_.jpg', 'https://m.media-amazon.com/images/I/41Ako1Jx-4L._SS40_.jpg', 'https://m.media-amazon.com/images/I/41pfywrDVXS._SS40_.jpg', 'https://m.media-amazon.com/images/I/41fnW1qjFjS._SS40_.jpg'], 'variant': ['MAIN', 'PT01', 'PT02', 'PT03', 'PT04', 'PT05']}","{'title': ['Dove Beauty Bar with Deep Moisture Pink, 3.75 oz', ' New Gratiae organic beauty by nature silky body butter'], 'url': ['https://www.amazon.com/vdp/0294067533884abf9130806b6dba0af5?ref=dp_vse_rvc_0', 'https://www.amazon.com/vdp/049b1cbd98a74926bd229a35243fac3f?ref=dp_vse_rvc_1'], 'user_id': ['', '']}",Follain,,"Item Form: Bar, Skin Type: Sensitive, Brand: Follain, Scent: Bergamot,Lavender, Material Feature: Cru, Non GMO, Dermatologist Tested, Product Dimensions: 3.75 x 2.25 x 1 inches; 5.11 Ounces, Item model number: 692764483009, UPC: 692764483009",B086N136NH,,,,"Parent ASIN: B086N136NH; Title: Follain Everybody Bar Soap | Lavender & Bergamot, Skin Moisturizing Hand & Body Cleanser with Shea Butter, Argan Oil, Hydrate for Softer Skin, Non-Drying, Rich-Lather, Cruelty Free, 5 oz; Author: *; Description: *; Features: * - Details: Item Form: Bar, Skin Type: Sensitive, Brand: Follain, Scent: Bergamot,Lavender, Material Feature: Cru, Non GMO, Dermatologist Tested, Product Dimensions: 3.75 x 2.25 x 1 inches; 5.11 Ounces, Item model number: 692764483009, UPC: 692764483009; Store: Store: Follain; Categories: *; Price: Price: None;"
All Beauty,Biutee Poly Nail Gel Kit 15ml 0.53oz Pink Nail Extension Gel Builder Gel Long Lasting Nail Salon Nail Art Design DIY at Home Beginner Friendly…,3.6,85,,,None,"{'hi_res': ['https://m.media-amazon.com/images/I/61iX1ffPQtL._SL1200_.jpg', 'https://m.media-amazon.com/images/I/51xHCMfOm6L._SL1200_.jpg', 'https://m.media-amazon.com/images/I/610MQyvfE5L._SL1200_.jpg', 'https://m.media-amazon.com/images/I/61g0n2YoffL._SL1200_.jpg', 'https://m.media-amazon.com/images/I/61O7I1QHb4L._SL1200_.jpg', 'https://m.media-amazon.com/images/I/51CQsZHNrmL._SL1200_.jpg', 'https://m.media-amazon.com/images/I/61cpeWdwnXL._SL1200_.jpg', 'https://m.media-amazon.com/images/I/61n1fWQt+JL._SL1200_.jpg'], 'large': ['https://m.media-amazon.com/images/I/4180yYsk+7L.jpg', 'https://m.media-amazon.com/images/I/31QiXxlh0KL.jpg', 'https://m.media-amazon.com/images/I/4103g2iRuNL.jpg', 'https://m.media-amazon.com/images/I/415up7uzTKL.jpg', 'https://m.media-amazon.com/images/I/51AiuoptzeL.jpg', 'https://m.media-amazon.com/images/I/41+B8GIFGXL.jpg', 'https://m.media-amazon.com/images/I/513kw5jDjAL.jpg', 'https://m.media-amazon.com/images/I/41bnKq3DWpL.jpg'], 'thumb': ['https://m.media-amazon.com/images/I/4180yYsk+7L._SS40_.jpg', 'https://m.media-amazon.com/images/I/31QiXxlh0KL._SS40_.jpg', 'https://m.media-amazon.com/images/I/4103g2iRuNL._SS40_.jpg', 'https://m.media-amazon.com/images/I/415up7uzTKL._SS40_.jpg', 'https://m.media-amazon.com/images/I/51AiuoptzeL._SS40_.jpg', 'https://m.media-amazon.com/images/I/41+B8GIFGXL._SS40_.jpg', 'https://m.media-amazon.com/images/I/513kw5jDjAL._SS40_.jpg', 'https://m.media-amazon.com/images/I/41bnKq3DWpL._SS40_.jpg'], 'variant': ['MAIN', 'PT01', 'PT02', 'PT03', 'PT04', 'PT05', 'PT06', 'PT07']}","{'title': ['Biutee Nail Poly Gel '], 'url': ['https://www.amazon.com/vdp/fca19145d9814d74abcc333cd14ed081?ref=dp_vse_rvc_0'], 'user_id': ['']}",Biutee,,Package Dimensions: 3.5 x 2 x 1.5 inches; 0.81 Ounces,B085QDWHQJ,,,,Parent ASIN: B085QDWHQJ; Title: Biutee Poly Nail Gel Kit 15ml 0.53oz Pink Nail Extension Gel Builder Gel Long Lasting Nail Salon Nail Art Design DIY at Home Beginner Friendly…; Author: *; Description: *; Features: * - Details: Package Dimensions: 3.5 x 2 x 1.5 inches; 0.81 Ounces; Store: Store: Biutee; Categories: *; Price: Price: None;
All Beauty,"[the SAEM] Derma Plan Cleansing Bubble Pad 15pcs - One Step Gentle Makeup Cleansing Wipes Produce Fine & Dense Bubbles, Hypoallergenic Formula, Pore Clean, Mild Exfoliation",3.6,28,,,None,"{'hi_res': ['https://m.media-amazon.com/images/I/51vW2a9rP3L._SL1024_.jpg', 'https://m.media-amazon.com/images/I/61KmKvYZgpL._SL1024_.jpg', 'https://m.media-amazon.com/images/I/51v4zfR7ceL._SL1024_.jpg', 'https://m.media-amazon.com/images/I/61KnUt5gGZL._SL1024_.jpg'], 'large': ['https://m.media-amazon.com/images/I/41NmuDv4lmL.jpg', 'https://m.media-amazon.com/images/I/415gsfnoMfL.jpg', 'https://m.media-amazon.com/images/I/31a2aH9YIiL.jpg', 'https://m.media-amazon.com/images/I/41OvKajBSwL.jpg'], 'thumb': ['https://m.media-amazon.com/images/I/41NmuDv4lmL._SS40_.jpg', 'https://m.media-amazon.com/images/I/415gsfnoMfL._SS40_.jpg', 'https://m.media-amazon.com/images/I/31a2aH9YIiL._SS40_.jpg', 'https://m.media-amazon.com/images/I/41OvKajBSwL._SS40_.jpg'], 'variant': ['MAIN', 'PT01', 'PT02', 'PT03']}","{'title': [], 'url': [], 'user_id': []}",THESAEM,,"Brand: THESAEM, Skin Type: Sensitive, Unit Count: 15.00 Count, Number of Items: 1, Age Range (Description): Adult, Package Dimensions: 3.9 x 3.9 x 1.8 inches; 3.21 Ounces",B0851C4YPC,,,,"Parent ASIN: B0851C4YPC; Title: [the SAEM] Derma Plan Cleansing Bubble Pad 15pcs - One Step Gentle Makeup Cleansing Wipes Produce Fine & Dense Bubbles, Hypoallergenic Formula, Pore Clean, Mild Exfoliation; Author: *; Description: *; Features: * - Details: Brand: THESAEM, Skin Type: Sensitive, Unit Count: 15.00 Count, Number of Items: 1, Age Range (Description): Adult, Package Dimensions: 3.9 x 3.9 x 1.8 inches; 3.21 Ounces; Store: Store: THESAEM; Categories: *; Price: Price: None;"
All Beauty,Moisturizing Facial Emulsion for Restoring Hydrating Smoothing Skin from Manilla Natural Skincare,4.4,30,,,None,"{'hi_res': ['https://m.media-amazon.com/images/I/71DGLhpsmGL._SL1500_.jpg', 'https://m.media-amazon.com/images/I/910QSLhi+kL._SL1500_.jpg', 'https://m.media-amazon.com/images/I/91kGNxYsaCL._SL1500_.jpg', 'https://m.media-amazon.com/images/I/81JHBbiXycL._SL1500_.jpg'], 'large': ['https://m.media-amazon.com/images/I/31gE4r-QgCL.jpg', 'https://m.media-amazon.com/images/I/51CNeSua8VL.jpg', 'https://m.media-amazon.com/images/I/41oWqV5hP0L.jpg', 'https://m.media-amazon.com/images/I/41LNIe2aj6L.jpg'], 'thumb': ['https://m.media-amazon.com/images/I/31gE4r-QgCL._SS40_.jpg', 'https://m.media-amazon.com/images/I/51CNeSua8VL._SS40_.jpg', 'https://m.media-amazon.com/images/I/41oWqV5hP0L._SS40_.jpg', 'https://m.media-amazon.com/images/I/41LNIe2aj6L._SS40_.jpg'], 'variant': ['MAIN', 'PT01', 'PT02', 'PT03']}","{'title': [], 'url': [], 'user_id': []}",Manilla Natural Skincare,,"Brand: Manilla Natural Skincare, Scent: Coconut, Item Form: Serum, Unit Count: 1.00 Fl Oz, Skin Type: Sensitive, Is Discontinued By Manufacturer: No, Product Dimensions: 1.5 x 1.5 x 5.9 inches; 2.19 Ounces",B08C71WBLC,,,,"Parent ASIN: B08C71WBLC; Title: Moisturizing Facial Emulsion for Restoring Hydrating Smoothing Skin from Manilla Natural Skincare; Author: *; Description: *; Features: * - Details: Brand: Manilla Natural Skincare, Scent: Coconut, Item Form: Serum, Unit Count: 1.00 Fl Oz, Skin Type: Sensitive, Is Discontinued By Manufacturer: No, Product Dimensions: 1.5 x 1.5 x 5.9 inches; 2.19 Ounces; Store: Store: Manilla Natural Skincare; Categories: *; Price: Price: None;"
All Beauty,"Foot Peel Mask For Cracked Heels, Dead Skin & Calluses - Make Your Feet Baby Soft & Get a Smooth Skin, Removes & Repairs Rough Heels",2.9,30,,,None,"{'hi_res': ['https://m.media-amazon.com/images/I/8153tQXLM5L._SL1500_.jpg'], 'large': ['https://m.media-amazon.com/images/I/51pUq3mF2lL.jpg'], 'thumb': ['https://m.media-amazon.com/images/I/51pUq3mF2lL._SS40_.jpg'], 'variant': ['MAIN']}","{'title': [], 'url': [], 'user_id': []}",Monikahair,,UPC: 739515020639,B087Z9X39L,,,,"Parent ASIN: B087Z9X39L; Title: Foot Peel Mask For Cracked Heels, Dead Skin & Calluses - Make Your Feet Baby Soft & Get a Smooth Skin, Removes & Repairs Rough Heels; Author: *; Description: *; Features: * - Details: UPC: 739515020639; Store: Store: Monikahair; Categories: *; Price: Price: None;"
All Beauty,"Follain Mattifying Moisturizer: Oil Control | Hydrating, Daily Facial Lotion, Oil-Free, Smooth Fine Lines, Supports Anti-Aging, Oil Control, Combination to Oily Skin, Peptide Complex, Cruelty Free, 1.7 fl oz",4.2,50,,,None,"{'hi_res': ['https://m.media-amazon.com/images/I/71D49eLkrWS._SL1500_.jpg', 'https://m.media-amazon.com/images/I/61MREtrO8lS._SL1500_.jpg', 'https://m.media-amazon.com/images/I/71iC+5d3qZS._SL1500_.jpg', 'https://m.media-amazon.com/images/I/51EpJ4pYvLS._SL1500_.jpg', 'https://m.media-amazon.com/images/I/61f6zkkuimS._SL1500_.jpg', 'https://m.media-amazon.com/images/I/719GvDCNIYS._SL1500_.jpg', 'https://m.media-amazon.com/images/I/71-ji+oVHIS._SL1500_.jpg'], 'large': ['https://m.media-amazon.com/images/I/41MDkYLsz3S.jpg', 'https://m.media-amazon.com/images/I/41e5ldEum3S.jpg', 'https://m.media-amazon.com/images/I/411DjQJcz8S.jpg', 'https://m.media-amazon.com/images/I/31yF63+uFaS.jpg', 'https://m.media-amazon.com/images/I/41CTB9OWgoS.jpg', 'https://m.media-amazon.com/images/I/41B0P1s1cIS.jpg', 'https://m.media-amazon.com/images/I/41tnROpX6ZS.jpg'], 'thumb': ['https://m.media-amazon.com/images/I/41MDkYLsz3S._SS40_.jpg', 'https://m.media-amazon.com/images/I/41e5ldEum3S._SS40_.jpg', 'https://m.media-amazon.com/images/I/411DjQJcz8S._SS40_.jpg', 'https://m.media-amazon.com/images/I/31yF63+uFaS._SS40_.jpg', 'https://m.media-amazon.com/images/I/41CTB9OWgoS._SS40_.jpg', 'https://m.media-amazon.com/images/I/41B0P1s1cIS._SS40_.jpg', 'https://m.media-amazon.com/images/I/41tnROpX6ZS._SS40_.jpg'], 'variant': ['MAIN', 'PT01', 'PT02', 'PT03', 'PT04', 'PT06', 'PT07']}","{'title': ['Follain Mattifying Moisturizer: Oil Control', 'Reveal Your Best Skin'], 'url': ['https://www.amazon.com/vdp/5a545de84e6e4f29a5950656a7ab1b57?ref=dp_vse_rvc_0', 'https://www.amazon.com/vdp/0fd28d4cbc234cdbbc607d5630f65ca8?ref=dp_vse_rvc_1'], 'user_id': ['', '']}",Follain,,"Package Dimensions: 4 x 2 x 2 inches; 3.99 Ounces, UPC: 850016280022",B08CL46XNM,,,,"Parent ASIN: B08CL46XNM; Title: Follain Mattifying Moisturizer: Oil Control | Hydrating, Daily Facial Lotion, Oil-Free, Smooth Fine Lines, Supports Anti-Aging, Oil Control, Combination to Oily Skin, Peptide Complex, Cruelty Free, 1.7 fl oz; Author: *; Description: *; Features: * - Details: Package Dimensions: 4 x 2 x 2 inches; 3.99 Ounces, UPC: 850016280022; Store: Store: Follain; Categories: *; Price: Price: None;"
All Beauty,Eye Mask Natural Mulberry 100% Silk Super Smooth Sleep Eye Mask for Eye Mask for Puffy Eyes for Dry Eyes for Dark Circles Sleeping Travel While Camping Multi Purpose Men and Women Eye Mask,3.0,23,,,None,"{'hi_res': ['https://m.media-amazon.com/images/I/61UZ-Kds4PL._SL1200_.jpg', 'https://m.media-amazon.com/images/I/61RgX5ochBL._SL1200_.jpg', 'https://m.media-amazon.com/images/I/71Svu04V2jL._SL1200_.jpg', 'https://m.media-amazon.com/images/I/617cjzo+3+L._SL1200_.jpg', 'https://m.media-amazon.com/images/I/71PHbcSEsYL._SL1200_.jpg', 'https://m.media-amazon.com/images/I/61q1kGgMEWL._SL1200_.jpg', 'https://m.media-amazon.com/images/I/71fPP4QZ3pL._SL1200_.jpg'], 'large': ['https://m.media-amazon.com/images/I/41Xdq+KpRoL.jpg', 'https://m.media-amazon.com/images/I/5124RUXAYUL.jpg', 'https://m.media-amazon.com/images/I/51eaoPznczL.jpg', 'https://m.media-amazon.com/images/I/516Z6esvXQL.jpg', 'https://m.media-amazon.com/images/I/51vQF+6LGIL.jpg', 'https://m.media-amazon.com/images/I/410NPMoKFCL.jpg', 'https://m.media-amazon.com/images/I/513mwfrxUEL.jpg'], 'thumb': ['https://m.media-amazon.com/images/I/41Xdq+KpRoL._SS40_.jpg', 'https://m.media-amazon.com/images/I/5124RUXAYUL._SS40_.jpg', 'https://m.media-amazon.com/images/I/51eaoPznczL._SS40_.jpg', 'https://m.media-amazon.com/images/I/516Z6esvXQL._SS40_.jpg', 'https://m.media-amazon.com/images/I/51vQF+6LGIL._SS40_.jpg', 'https://m.media-amazon.com/images/I/410NPMoKFCL._SS40_.jpg', 'https://m.media-amazon.com/images/I/513mwfrxUEL._SS40_.jpg'], 'variant': ['MAIN', 'PT01', 'PT02', 'PT03', 'PT04', 'PT05', 'PT06']}","{'title': [], 'url': [], 'user_id': []}",,,Package Dimensions: 7.3 x 1.6 x 0.4 inches; 0.81 Ounces,B07HN1L8NQ,,,,Parent ASIN: B07HN1L8NQ; Title: Eye Mask Natural Mulberry 100% Silk Super Smooth Sleep Eye Mask for Eye Mask for Puffy Eyes for Dry Eyes for Dark Circles Sleeping Travel While Camping Multi Purpose Men and Women Eye Mask; Author: *; Description: *; Features: * - Details: Package Dimensions: 7.3 x 1.6 x 0.4 inches; 0.81 Ounces; Store: *; Categories: *; Price: Price: None;
All Beauty,"Argan Magic Color Protection Hair Mask – Nourishes, Hydrates & Helps to Protect Color Treated Hair | Enriched with Moringa Oil & Botanical Extracts | Made in USA | Paraben Free | Cruelty Free (8 oz)",3.8,46,,,13.88,"{'hi_res': ['https://m.media-amazon.com/images/I/61R648EjrZL._SL1200_.jpg', 'https://m.media-amazon.com/images/I/617rCrGnbXL._SL1200_.jpg', 'https://m.media-amazon.com/images/I/61SmRADgN-L._SL1200_.jpg', 'https://m.media-amazon.com/images/I/718vhFtgswL._SL1200_.jpg', 'https://m.media-amazon.com/images/I/71wEVa-WoIL._SL1200_.jpg', 'https://m.media-amazon.com/images/I/71eyOvzC3zL._SL1200_.jpg'], 'large': ['https://m.media-amazon.com/images/I/4164nSQCC-L.jpg', 'https://m.media-amazon.com/images/I/41iH+DK5ZIL.jpg', 'https://m.media-amazon.com/images/I/41aC4bn+1qL.jpg', 'https://m.media-amazon.com/images/I/511tK1emPtL.jpg', 'https://m.media-amazon.com/images/I/516YoanXpDL.jpg', 'https://m.media-amazon.com/images/I/51vnydoq5LL.jpg'], 'thumb': ['https://m.media-amazon.com/images/I/4164nSQCC-L._SS40_.jpg', 'https://m.media-amazon.com/images/I/41iH+DK5ZIL._SS40_.jpg', 'https://m.media-amazon.com/images/I/41aC4bn+1qL._SS40_.jpg', 'https://m.media-amazon.com/images/I/511tK1emPtL._SS40_.jpg', 'https://m.media-amazon.com/images/I/516YoanXpDL._SS40_.jpg', 'https://m.media-amazon.com/images/I/51vnydoq5LL._SS40_.jpg'], 'variant': ['MAIN', 'PT01', 'PT02', 'PT03', 'PT04', 'PT05']}","{'title': ['Argan Magic Color Protect Review - Do I recommend it?', 'such an amazing leave-in spray!!', 'My hair feels so much softer and stronger '], 'url': ['https://www.amazon.com/vdp/049ef7e37d2e4b21afb10a9345fac995?ref=dp_vse_rvc_0', 'https://www.amazon.com/vdp/08c341dc2c424d5f92d722f85bd84c9c?ref=dp_vse_rvc_1', 'https://www.amazon.com/vdp/091827279feb41c9a805f9b67d1f7850?ref=dp_vse_rvc_2'], 'user_id': ['/shop/learnaboutsecuritycameras', '/shop/reeganhonaker', '/shop/priastle_']}",Argan Magic,,"Brand: Argan Magic, Item Form: Cream, Material Feature: Natural, Cruelty Free, Paraben Free, Hair Type: Color Treated, Product Benefits: Hydrating, Package Dimensions: 4.45 x 4.09 x 3.43 inches; 8 Ounces, UPC: 605923470710",B07L9H27SH,,,,"Parent ASIN: B07L9H27SH; Title: Argan Magic Color Protection Hair Mask – Nourishes, Hydrates & Helps to Protect Color Treated Hair | Enriched with Moringa Oil & Botanical Extracts | Made in USA | Paraben Free | Cruelty Free (8 oz); Author: *; Description: *; Features: * - Details: Brand: Argan Magic, Item Form: Cream, Material Feature: Natural, Cruelty Free, Paraben Free, Hair Type: Color Treated, Product Benefits: Hydrating, Package Dimensions: 4.45 x 4.09 x 3.43 inches; 8 Ounces, UPC: 605923470710; Store: Store: Argan Magic; Categories: *; Price: Price: 13.88;"
All Beauty,"Aloe Vera Gel 100% Natural Moisturisers - Pure Organic Fresh Soothing Aloe-Vera Moisturizing Gel Skin Hair, Aloe Leaf Wash-free Clean After Sun Face Body (8.8 oz)",4.4,315,,,None,"{'hi_res': ['https://m.media-amazon.com/images/I/71cF4Yb7MoL._SL1500_.jpg', 'https://m.media-amazon.com/images/I/61XCYKChe6L._SL1000_.jpg', 'https://m.media-amazon.com/images/I/61cc73PdsJL._SL1000_.jpg', 'https://m.media-amazon.com/images/I/61uZOyKG+pL._SL1000_.jpg', 'https://m.media-amazon.com/images/I/61UTwdyEHcL._SL1000_.jpg', 'https://m.media-amazon.com/images/I/61gymsyrqUL._SL1000_.jpg', 'https://m.media-amazon.com/images/I/61DDvhHbGeL._SL1000_.jpg', 'https://m.media-amazon.com/images/I/61X32229JWL._SL1000_.jpg', 'https://m.media-amazon.com/images/I/61AAQHd8pRL._SL1000_.jpg'], 'large': ['https://m.media-amazon.com/images/I/51LsgyXngwL.jpg', 'https://m.media-amazon.com/images/I/5151t3NGKqL.jpg', 'https://m.media-amazon.com/images/I/51nSgEJdW1L.jpg', 'https://m.media-amazon.com/images/I/51+MpUqtHTL.jpg', 'https://m.media-amazon.com/images/I/51owILXSpTL.jpg', 'https://m.media-amazon.com/images/I/51UrqX5KsqL.jpg', 'https://m.media-amazon.com/images/I/51MDwlq4xCL.jpg', 'https://m.media-amazon.com/images/I/519SGFRJvfL.jpg', 'https://m.media-amazon.com/images/I/51Tsl6DwzkL.jpg'], 'thumb': ['https://m.media-amazon.com/images/I/51LsgyXngwL._SS40_.jpg', 'https://m.media-amazon.com/images/I/5151t3NGKqL._SS40_.jpg', 'https://m.media-amazon.com/images/I/51nSgEJdW1L._SS40_.jpg', 'https://m.media-amazon.com/images/I/51+MpUqtHTL._SS40_.jpg', 'https://m.media-amazon.com/images/I/51owILXSpTL._SS40_.jpg', 'https://m.media-amazon.com/images/I/51UrqX5KsqL._SS40_.jpg', 'https://m.media-amazon.com/images/I/51MDwlq4xCL._SS40_.jpg', 'https://m.media-amazon.com/images/I/519SGFRJvfL._SS40_.jpg', 'https://m.media-amazon.com/images/I/51Tsl6DwzkL._SS40_.jpg'], 'variant': ['MAIN', 'PT01', 'PT02', 'PT03', 'PT04', 'PT05', 'PT06', 'PT07', 'PT08']}","{'title': ['Just what I need', 'Organic Aloe Vera Gel'], 'url': ['https://www.amazon.com/vdp/2370f9d434a3496993f06e5c65b67a51?ref=dp_vse_rvc_0', 'https://www.amazon.com/vdp/756e2d6a7f4e4830af3919c5785f7ad9?ref=dp_vse_rvc_1'], 'user_id': ['AF3EOWI22UV3J2IZL3WLVJEIXAUQ', '']}",CIMIY,,"Brand: CIMIY, Scent: Aloe Vera, Item Form: Gel, Unit Count: 8.8 Fl Oz, Number of Items: 1, Product Dimensions: 5.91 x 1.57 x 1.57 inches; 11.22 Ounces",B086VYKNDF,,,,"Parent ASIN: B086VYKNDF; Title: Aloe Vera Gel 100% Natural Moisturisers - Pure Organic Fresh Soothing Aloe-Vera Moisturizing Gel Skin Hair, Aloe Leaf Wash-free Clean After Sun Face Body (8.8 oz); Author: *; Description: *; Features: * - Details: Brand: CIMIY, Scent: Aloe Vera, Item Form: Gel, Unit Count: 8.8 Fl Oz, Number of Items: 1, Product Dimensions: 5.91 x 1.57 x 1.57 inches; 11.22 Ounces; Store: Store: CIMIY; Categories: *; Price: Price: None;"
All Beauty,CARLA Lacto Biome Balancing Cream Skin Care for Sensitive Dry Skin Face Hydrating Moisturizer,3.1,20,,,None,"{'hi_res': ['https://m.media-amazon.com/images/I/41HABFdB9vL._SL1000_.jpg', 'https://m.media-amazon.com/images/I/61hJJHTzWRL._SL1000_.jpg', 'https://m.media-amazon.com/images/I/61OOu8o3noL._SL1000_.jpg', 'https://m.media-amazon.com/images/I/61MW4zf+HWL._SL1000_.jpg', 'https://m.media-amazon.com/images/I/61JRDj49rQL._SL1000_.jpg', 'https://m.media-amazon.com/images/I/71mQjci1ziL._SL1000_.jpg', 'https://m.media-amazon.com/images/I/51sXJ48BRWL._SL1000_.jpg'], 'large': ['https://m.media-amazon.com/images/I/21bu14Qb5UL.jpg', 'https://m.media-amazon.com/images/I/41Ga0TO7uoL.jpg', 'https://m.media-amazon.com/images/I/51zEenHIxjL.jpg', 'https://m.media-amazon.com/images/I/51T-K-mbnhL.jpg', 'https://m.media-amazon.com/images/I/416izH6uFlL.jpg', 'https://m.media-amazon.com/images/I/51cXVwI50DL.jpg', 'https://m.media-amazon.com/images/I/41MELF5XzlL.jpg'], 'thumb': ['https://m.media-amazon.com/images/I/21bu14Qb5UL._SS40_.jpg', 'https://m.media-amazon.com/images/I/41Ga0TO7uoL._SS40_.jpg', 'https://m.media-amazon.com/images/I/51zEenHIxjL._SS40_.jpg', 'https://m.media-amazon.com/images/I/51T-K-mbnhL._SS40_.jpg', 'https://m.media-amazon.com/images/I/416izH6uFlL._SS40_.jpg', 'https://m.media-amazon.com/images/I/51cXVwI50DL._SS40_.jpg', 'https://m.media-amazon.com/images/I/41MELF5XzlL._SS40_.jpg'], 'variant': ['MAIN', 'PT01', 'PT02', 'PT03', 'PT04', 'PT05', 'PT06']}","{'title': [], 'url': [], 'user_id': []}",NY FASHIONCITY,,"Brand: NY FASHIONCITY, Item Form: Cream, Unit Count: 4.3387 Ounce, Use for: Face, Skin Type: Sensitive, UPC: 191752068773",B08P7PSMRR,,,,"Parent ASIN: B08P7PSMRR; Title: CARLA Lacto Biome Balancing Cream Skin Care for Sensitive Dry Skin Face Hydrating Moisturizer; Author: *; Description: *; Features: * - Details: Brand: NY FASHIONCITY, Item Form: Cream, Unit Count: 4.3387 Ounce, Use for: Face, Skin Type: Sensitive, UPC: 191752068773; Store: Store: NY FASHIONCITY; Categories: *; Price: Price: None;"
All Beauty,Untangled Fine Tooth Pin Tail Parting Comb - For Difficult Styling and Hair Extensions,5.0,14,,,None,"{'hi_res': ['https://m.media-amazon.com/images/I/71DnptAMWOL._SL1500_.jpg', 'https://m.media-amazon.com/images/I/71XOiqAY0NL._SL1500_.jpg', 'https://m.media-amazon.com/images/I/61EbyhgxBsL._SL1500_.jpg', 'https://m.media-amazon.com/images/I/81zSpvgTuZL._SL1500_.jpg', 'https://m.media-amazon.com/images/I/918aevi58ZL._SL1500_.jpg'], 'large': ['https://m.media-amazon.com/images/I/41sfrM+ckrL.jpg', 'https://m.media-amazon.com/images/I/41ueoKoV+EL.jpg', 'https://m.media-amazon.com/images/I/31LPJI5LknL.jpg', 'https://m.media-amazon.com/images/I/41sN2IMgy3L.jpg', 'https://m.media-amazon.com/images/I/41ZQQ2s3CeL.jpg'], 'thumb': ['https://m.media-amazon.com/images/I/41sfrM+ckrL._SS40_.jpg', 'https://m.media-amazon.com/images/I/41ueoKoV+EL._SS40_.jpg', 'https://m.media-amazon.com/images/I/31LPJI5LknL._SS40_.jpg', 'https://m.media-amazon.com/images/I/41sN2IMgy3L._SS40_.jpg', 'https://m.media-amazon.com/images/I/41ZQQ2s3CeL._SS40_.jpg'], 'variant': ['MAIN', 'PT01', 'PT02', 'PT03', 'PT04']}","{'title': ['Untangled - Before and After', 'Untangled with Heat Tools'], 'url': ['https://www.amazon.com/vdp/9e47096c2f1a49afb47db71148983f56?ref=dp_vse_rvc_0', 'https://www.amazon.com/vdp/7ebf660253054bccaeff5b755d9c581f?ref=dp_vse_rvc_1'], 'user_id': ['', '']}",Untangled,,"Material: Stainless Steel, Brand: Untangled, Hair Type: Fine, Thin, Unit Count: 1.00 Count",B088TYPM71,,,,"Parent ASIN: B088TYPM71; Title: Untangled Fine Tooth Pin Tail Parting Comb - For Difficult Styling and Hair Extensions; Author: *; Description: *; Features: * - Details: Material: Stainless Steel, Brand: Untangled, Hair Type: Fine, Thin, Unit Count: 1.00 Count; Store: Store: Untangled; Categories: *; Price: Price: None;"
All Beauty,"Lesentia Tinted Moisturizer with SPF 31 – Tinted Moisturizer For Face With Spf and Blemish Concealer with All Natural Ingredients like Shea Butter, Jojoba Oil, Vitamin E and Zinc* (Medium - 2fl oz)",3.1,32,,,None,"{'hi_res': ['https://m.media-amazon.com/images/I/71+VSaiqB7L._SL1500_.jpg', 'https://m.media-amazon.com/images/I/913O5i9bAAS._SL1500_.jpg'], 'large': ['https://m.media-amazon.com/images/I/314aRiGFUhL.jpg', 'https://m.media-amazon.com/images/I/51e9NJ+ephS.jpg'], 'thumb': ['https://m.media-amazon.com/images/I/314aRiGFUhL._SS40_.jpg', 'https://m.media-amazon.com/images/I/51e9NJ+ephS._SS40_.jpg'], 'variant': ['MAIN', 'PT01']}","{'title': [], 'url': [], 'user_id': []}",L'esentia,,"Brand: L'esentia, Scent: Unscented, Item Form: Oil, Active Ingredients: jojoba,vitamin e,zinc, Unit Count: 2.00 Fl Oz, Package Dimensions: 6.77 x 2.32 x 2.24 inches; 5.29 Ounces, UPC: 850016254009",B0855L611L,,,,"Parent ASIN: B0855L611L; Title: Lesentia Tinted Moisturizer with SPF 31 – Tinted Moisturizer For Face With Spf and Blemish Concealer with All Natural Ingredients like Shea Butter, Jojoba Oil, Vitamin E and Zinc* (Medium - 2fl oz); Author: *; Description: *; Features: * - Details: Brand: L'esentia, Scent: Unscented, Item Form: Oil, Active Ingredients: jojoba,vitamin e,zinc, Unit Count: 2.00 Fl Oz, Package Dimensions: 6.77 x 2.32 x 2.24 inches; 5.29 Ounces, UPC: 850016254009; Store: Store: L'esentia; Categories: *; Price: Price: None;"
All Beauty,"Charyeah Bath Pillow Bathtub Spa Pillow With Powerful Gripping Suctions, Comfortable and Soft 2-Panel Cushions for Head, Neck, Back and Shoulder Support,Fits Hot Tub, Jacuzzi, Spas",3.9,116,,,None,"{'hi_res': ['https://m.media-amazon.com/images/I/515lYGwdRbL._SL1500_.jpg', 'https://m.media-amazon.com/images/I/61jhBmMeqCL._SL1500_.jpg', 'https://m.media-amazon.com/images/I/71Lqxh64DFL._SL1500_.jpg', 'https://m.media-amazon.com/images/I/61w-oXJcyfL._SL1500_.jpg', 'https://m.media-amazon.com/images/I/71CTaGahvaL._SL1500_.jpg', 'https://m.media-amazon.com/images/I/61RfQiNVJeL._SL1500_.jpg', 'https://m.media-amazon.com/images/I/61cHKnlnoXL._SL1500_.jpg'], 'large': ['https://m.media-amazon.com/images/I/21Pq3JdsB1L.jpg', 'https://m.media-amazon.com/images/I/41kitNyWklL.jpg', 'https://m.media-amazon.com/images/I/517n2yG5mJL.jpg', 'https://m.media-amazon.com/images/I/41GyQW0WsFL.jpg', 'https://m.media-amazon.com/images/I/41PtWWDQq7L.jpg', 'https://m.media-amazon.com/images/I/41O76QzT3EL.jpg', 'https://m.media-amazon.com/images/I/41M71ls8T2L.jpg'], 'thumb': ['https://m.media-amazon.com/images/I/21Pq3JdsB1L._SS40_.jpg', 'https://m.media-amazon.com/images/I/41kitNyWklL._SS40_.jpg', 'https://m.media-amazon.com/images/I/517n2yG5mJL._SS40_.jpg', 'https://m.media-amazon.com/images/I/41GyQW0WsFL._SS40_.jpg', 'https://m.media-amazon.com/images/I/41PtWWDQq7L._SS40_.jpg', 'https://m.media-amazon.com/images/I/41O76QzT3EL._SS40_.jpg', 'https://m.media-amazon.com/images/I/41M71ls8T2L._SS40_.jpg'], 'variant': ['MAIN', 'PT01', 'PT02', 'PT03', 'PT04', 'PT05', 'PT06']}","{'title': [], 'url': [], 'user_id': []}",Charyeah,,"Package Dimensions: 14.33 x 12.28 x 2.2 inches; 9.95 Ounces, UPC: 787937393473",B082DXHTX8,,,,"Parent ASIN: B082DXHTX8; Title: Charyeah Bath Pillow Bathtub Spa Pillow With Powerful Gripping Suctions, Comfortable and Soft 2-Panel Cushions for Head, Neck, Back and Shoulder Support,Fits Hot Tub, Jacuzzi, Spas; Author: *; Description: *; Features: * - Details: Package Dimensions: 14.33 x 12.28 x 2.2 inches; 9.95 Ounces, UPC: 787937393473; Store: Store: Charyeah; Categories: *; Price: Price: None;"
All Beauty,Pine Gel Nail Polish Set 6 Colors Purple Blue Cat Eye Glitter Gel Polish 7.5 ml Soak Off UV LED Cure Home Salon Manicure,4.2,88,,,None,"{'hi_res': ['https://m.media-amazon.com/images/I/61uuZo2-O8L._SL1050_.jpg', 'https://m.media-amazon.com/images/I/71TEonam1IL._SL1050_.jpg', 'https://m.media-amazon.com/images/I/61SSKBkIazL._SL1050_.jpg', 'https://m.media-amazon.com/images/I/71cDn64pUoL._SL1500_.jpg', 'https://m.media-amazon.com/images/I/81zlO4eOybL._SL1500_.jpg', 'https://m.media-amazon.com/images/I/81KlTkaS6TL._SL1500_.jpg', 'https://m.media-amazon.com/images/I/811Tsdf-JNL._SL1500_.jpg', 'https://m.media-amazon.com/images/I/61O1Ee2wqCL._SL1050_.jpg', 'https://m.media-amazon.com/images/I/71TWKpFVB1L._SL1050_.jpg'], 'large': ['https://m.media-amazon.com/images/I/51KgJj83vZL.jpg', 'https://m.media-amazon.com/images/I/51PZVqWvFSL.jpg', 'https://m.media-amazon.com/images/I/51WniYA4OaL.jpg', 'https://m.media-amazon.com/images/I/41pn52PSI1L.jpg', 'https://m.media-amazon.com/images/I/51yeFOhwvrL.jpg', 'https://m.media-amazon.com/images/I/51-4vQ73dYL.jpg', 'https://m.media-amazon.com/images/I/41yEfOGniaL.jpg', 'https://m.media-amazon.com/images/I/41m9ST0BLtL.jpg', 'https://m.media-amazon.com/images/I/51N383C+luL.jpg'], 'thumb': ['https://m.media-amazon.com/images/I/51KgJj83vZL._SS40_.jpg', 'https://m.media-amazon.com/images/I/51PZVqWvFSL._SS40_.jpg', 'https://m.media-amazon.com/images/I/51WniYA4OaL._SS40_.jpg', 'https://m.media-amazon.com/images/I/41pn52PSI1L._SS40_.jpg', 'https://m.media-amazon.com/images/I/51yeFOhwvrL._SS40_.jpg', 'https://m.media-amazon.com/images/I/51-4vQ73dYL._SS40_.jpg', 'https://m.media-amazon.com/images/I/41yEfOGniaL._SS40_.jpg', 'https://m.media-amazon.com/images/I/41m9ST0BLtL._SS40_.jpg', 'https://m.media-amazon.com/images/I/51N383C+luL._SS40_.jpg'], 'variant': ['MAIN', 'PT01', 'PT02', 'PT03', 'PT04', 'PT05', 'PT06', 'PT07', 'PT08']}","{'title': ['Very nice gel polishes'], 'url': ['https://www.amazon.com/vdp/5219dc8495904c43a1eab23e159413bb?ref=dp_vse_rvc_0'], 'user_id': ['AGXZSO63CMLU2W4VLJLOYCIVOADA']}",pine,,"Brand: Pine, Item Form: Gel, Type: Gel, Finish Type: Shimmery, Material Feature: Non-Toxic, Cruelty Free, Age Range (Description): Adult, Unit Count: 9.524 Ounce, Number of Items: 6, Liquid Volume: 0.25 Fluid Ounces, Item Dimensions LxWxH: 4.84 x 2.87 x 3.58 inches, Product Dimensions: 4.84 x 2.87 x 3.58 inches; 9.77 Ounces, UPC: 738628890955",B085TFXLH1,,,,"Parent ASIN: B085TFXLH1; Title: Pine Gel Nail Polish Set 6 Colors Purple Blue Cat Eye Glitter Gel Polish 7.5 ml Soak Off UV LED Cure Home Salon Manicure; Author: *; Description: *; Features: * - Details: Brand: Pine, Item Form: Gel, Type: Gel, Finish Type: Shimmery, Material Feature: Non-Toxic, Cruelty Free, Age Range (Description): Adult, Unit Count: 9.524 Ounce, Number of Items: 6, Liquid Volume: 0.25 Fluid Ounces, Item Dimensions LxWxH: 4.84 x 2.87 x 3.58 inches, Product Dimensions: 4.84 x 2.87 x 3.58 inches; 9.77 Ounces, UPC: 738628890955; Store: Store: pine; Categories: *; Price: Price: None;"
Premium Beauty,Caudalie Favorites Set,4.6,489,,,None,"{'hi_res': ['https://m.media-amazon.com/images/I/71rtGj+ddvL._SL1436_.jpg', 'https://m.media-amazon.com/images/I/71Od4Oa4pVL._SL1500_.jpg'], 'large': ['https://m.media-amazon.com/images/I/41ueEISd04L.jpg', 'https://m.media-amazon.com/images/I/41mdb3MHFcL.jpg'], 'thumb': ['https://m.media-amazon.com/images/I/41ueEISd04L._SX38_SY50_CR,0,0,38,50_.jpg', 'https://m.media-amazon.com/images/I/41mdb3MHFcL._SX38_SY50_CR,0,0,38,50_.jpg'], 'variant': ['MAIN', 'PT01']}","{'title': [], 'url': [], 'user_id': []}",,,"Package Dimensions: 9.09 x 6.54 x 2.05 inches; 9.59 Ounces, Item model number: 2346203",B085NYYLQ8,,,,"Parent ASIN: B085NYYLQ8; Title: Caudalie Favorites Set; Author: *; Description: *; Features: * - Details: Package Dimensions: 9.09 x 6.54 x 2.05 inches; 9.59 Ounces, Item model number: 2346203; Store: *; Categories: *; Price: Price: None;"
Premium Beauty,Kneipp Body Lotion (Lavender),4.0,57,,,None,"{'hi_res': ['https://m.media-amazon.com/images/I/61EW9viFUoL._SL1500_.jpg', 'https://m.media-amazon.com/images/I/A1v4eaeoFDL._SL1500_.jpg', 'https://m.media-amazon.com/images/I/81wzx5VzUaL._SL1500_.jpg', 'https://m.media-amazon.com/images/I/71YIt3WJmNL._SL1201_.jpg', 'https://m.media-amazon.com/images/I/61g0u7GuxPL._SL1238_.jpg'], 'large': ['https://m.media-amazon.com/images/I/41SMYbCZJ7L.jpg', 'https://m.media-amazon.com/images/I/510hTbM5+vL.jpg', 'https://m.media-amazon.com/images/I/51DiUh6C-ML.jpg', 'https://m.media-amazon.com/images/I/51szEnbHvCL.jpg', 'https://m.media-amazon.com/images/I/41QTinJJOHL.jpg'], 'thumb': ['https://m.media-amazon.com/images/I/41SMYbCZJ7L._SX38_SY50_CR,0,0,38,50_.jpg', 'https://m.media-amazon.com/images/I/510hTbM5+vL._SX38_SY50_CR,0,0,38,50_.jpg', 'https://m.media-amazon.com/images/I/51DiUh6C-ML._SX38_SY50_CR,0,0,38,50_.jpg', 'https://m.media-amazon.com/images/I/51szEnbHvCL._SX38_SY50_CR,0,0,38,50_.jpg', 'https://m.media-amazon.com/images/I/41QTinJJOHL._SX38_SY50_CR,0,0,38,50_.jpg'], 'variant': ['MAIN', 'PT01', 'PT02', 'PT03', 'PT04']}","{'title': [], 'url': [], 'user_id': []}",,,"Brand: Kneipp, Scent: Lavender, Item Form: Lotion, Active Ingredients: lavender,vitamin a, Unit Count: 1.00 Count, Is Discontinued By Manufacturer: No, Product Dimensions: 5.2 x 2.72 x 13.7 inches; 7.05 Ounces",B01MSF13T1,,,,"Parent ASIN: B01MSF13T1; Title: Kneipp Body Lotion (Lavender); Author: *; Description: *; Features: * - Details: Brand: Kneipp, Scent: Lavender, Item Form: Lotion, Active Ingredients: lavender,vitamin a, Unit Count: 1.00 Count, Is Discontinued By Manufacturer: No, Product Dimensions: 5.2 x 2.72 x 13.7 inches; 7.05 Ounces; Store: *; Categories: *; Price: Price: None;"
All Beauty,Glass Nail File - JORLAI 2PC Nano Nail Shiner Nail Files Polisher Glass Nail Buffers Professional Crystal Manicure Tools Kit for Natural Nails,4.5,62,,,None,"{'hi_res': ['https://m.media-amazon.com/images/I/61VEm+sKk7L._SL1200_.jpg', 'https://m.media-amazon.com/images/I/61K+HGk3sRL._SL1200_.jpg', 'https://m.media-amazon.com/images/I/71+aJFO47-L._SL1200_.jpg', 'https://m.media-amazon.com/images/I/71-XoVf14hL._SL1200_.jpg', 'https://m.media-amazon.com/images/I/71buONxnA2L._SL1200_.jpg', 'https://m.media-amazon.com/images/I/61e3DCEf8QL._SL1200_.jpg', 'https://m.media-amazon.com/images/I/71nnlEkCXbL._SL1200_.jpg'], 'large': ['https://m.media-amazon.com/images/I/41LVDuBjK2L.jpg', 'https://m.media-amazon.com/images/I/41QYvpeGqfL.jpg', 'https://m.media-amazon.com/images/I/5119AE7Z+aL.jpg', 'https://m.media-amazon.com/images/I/41lQA-XsnYL.jpg', 'https://m.media-amazon.com/images/I/51+BUOmTlSL.jpg', 'https://m.media-amazon.com/images/I/41V8oF0bPCL.jpg', 'https://m.media-amazon.com/images/I/51PgWY8sMKL.jpg'], 'thumb': ['https://m.media-amazon.com/images/I/41LVDuBjK2L._SS40_.jpg', 'https://m.media-amazon.com/images/I/41QYvpeGqfL._SS40_.jpg', 'https://m.media-amazon.com/images/I/5119AE7Z+aL._SS40_.jpg', 'https://m.media-amazon.com/images/I/41lQA-XsnYL._SS40_.jpg', 'https://m.media-amazon.com/images/I/51+BUOmTlSL._SS40_.jpg', 'https://m.media-amazon.com/images/I/41V8oF0bPCL._SS40_.jpg', 'https://m.media-amazon.com/images/I/51PgWY8sMKL._SS40_.jpg'], 'variant': ['MAIN', 'PT01', 'PT02', 'PT03', 'PT04', 'PT05', 'PT06']}","{'title': [], 'url': [], 'user_id': []}",JORLAI,,"Package Dimensions: 4.2 x 2.5 x 0.4 inches; 1.59 Ounces, UPC: 712322500167",B088TGQFNM,,,,"Parent ASIN: B088TGQFNM; Title: Glass Nail File - JORLAI 2PC Nano Nail Shiner Nail Files Polisher Glass Nail Buffers Professional Crystal Manicure Tools Kit for Natural Nails; Author: *; Description: *; Features: * - Details: Package Dimensions: 4.2 x 2.5 x 0.4 inches; 1.59 Ounces, UPC: 712322500167; Store: Store: JORLAI; Categories: *; Price: Price: None;"
All Beauty,"obmwang 10 Pieces Metal Headband for Women's Hair, Hair Hoop Spring Wavy Hair Band Non-Slip Headwear Hair Accessories for Women Girls Men (Multicolor)",3.3,23,,,None,"{'hi_res': ['https://m.media-amazon.com/images/I/61wQhXxpfdL._SL1050_.jpg', 'https://m.media-amazon.com/images/I/61vXHXYwxdL._SL1050_.jpg', 'https://m.media-amazon.com/images/I/71rNzAzy8gL._SL1500_.jpg', 'https://m.media-amazon.com/images/I/71eNQHDwZtL._SL1050_.jpg', 'https://m.media-amazon.com/images/I/71EdAtQU+0L._SL1050_.jpg'], 'large': ['https://m.media-amazon.com/images/I/51aNBhTI69L.jpg', 'https://m.media-amazon.com/images/I/41PZC7goQtL.jpg', 'https://m.media-amazon.com/images/I/41Aw8uNrgOL.jpg', 'https://m.media-amazon.com/images/I/51BYfkO2dfL.jpg', 'https://m.media-amazon.com/images/I/51Z3mEP0ztL.jpg'], 'thumb': ['https://m.media-amazon.com/images/I/51aNBhTI69L._SS40_.jpg', 'https://m.media-amazon.com/images/I/41PZC7goQtL._SS40_.jpg', 'https://m.media-amazon.com/images/I/41Aw8uNrgOL._SS40_.jpg', 'https://m.media-amazon.com/images/I/51BYfkO2dfL._SS40_.jpg', 'https://m.media-amazon.com/images/I/51Z3mEP0ztL._SS40_.jpg'], 'variant': ['MAIN', 'PT01', 'PT02', 'PT04', 'PT06']}","{'title': [], 'url': [], 'user_id': []}",obmwang,,"Age Range (Description): Adult, Material: Plastic, Metal, Brand: Obmwang, Item Form: Wrap, Package Dimensions: 7.5 x 7 x 2.1 inches; 7.2 Ounces",B08D6PPL42,,,,"Parent ASIN: B08D6PPL42; Title: obmwang 10 Pieces Metal Headband for Women's Hair, Hair Hoop Spring Wavy Hair Band Non-Slip Headwear Hair Accessories for Women Girls Men (Multicolor); Author: *; Description: *; Features: * - Details: Age Range (Description): Adult, Material: Plastic, Metal, Brand: Obmwang, Item Form: Wrap, Package Dimensions: 7.5 x 7 x 2.1 inches; 7.2 Ounces; Store: Store: obmwang; Categories: *; Price: Price: None;"
All Beauty,"TINY BUDDHA Mindfulness Gift Set Includes Soothing Bath and Shower Gel, Relaxing Pillow Spray, Calming Essential Oil Roll-On, Lychee Flower Scented Candle and Daily Mindfulness Practice Guide",4.5,25,,,None,"{'hi_res': [None, 'https://m.media-amazon.com/images/I/71hmQCEhhQS._SL1500_.jpg', 'https://m.media-amazon.com/images/I/71v2unuplgS._SL1500_.jpg', 'https://m.media-amazon.com/images/I/71hgSOXC2FS._SL1500_.jpg', 'https://m.media-amazon.com/images/I/81MQwwX0ubS._SL1500_.jpg', 'https://m.media-amazon.com/images/I/71Jxd9A17xS._SL1500_.jpg', 'https://m.media-amazon.com/images/I/71d0PDS1IcS._SL1500_.jpg', 'https://m.media-amazon.com/images/I/71hmQCEhhQS._SL1500_.jpg'], 'large': ['https://m.media-amazon.com/images/I/31P+31-ivuL.jpg', 'https://m.media-amazon.com/images/I/51ixG+ekEDS.jpg', 'https://m.media-amazon.com/images/I/51a4h3KjyCS.jpg', 'https://m.media-amazon.com/images/I/51P+SOZF4rS.jpg', 'https://m.media-amazon.com/images/I/512YJAkxHPS.jpg', 'https://m.media-amazon.com/images/I/51ro19aWb0S.jpg', 'https://m.media-amazon.com/images/I/41WBm5iiDWS.jpg', 'https://m.media-amazon.com/images/I/51ixG+ekEDS.jpg'], 'thumb': ['https://m.media-amazon.com/images/I/31P+31-ivuL._SS40_.jpg', 'https://m.media-amazon.com/images/I/51ixG+ekEDS._SS40_.jpg', 'https://m.media-amazon.com/images/I/51a4h3KjyCS._SS40_.jpg', 'https://m.media-amazon.com/images/I/51P+SOZF4rS._SS40_.jpg', 'https://m.media-amazon.com/images/I/512YJAkxHPS._SS40_.jpg', 'https://m.media-amazon.com/images/I/51ro19aWb0S._SS40_.jpg', 'https://m.media-amazon.com/images/I/41WBm5iiDWS._SS40_.jpg', 'https://m.media-amazon.com/images/I/51ixG+ekEDS._SS40_.jpg'], 'variant': ['MAIN', 'PT01', 'PT02', 'PT03', 'PT04', 'PT05', 'PT06', 'PT07']}","{'title': [], 'url': [], 'user_id': []}",Tiny Buddha,,"Brand: Tiny Buddha, Special Feature: Scented, Seasons: All Seasons, Item Volume: 1 Fluid Ounces, Unit Count: 12.00 Fl Oz, Package Dimensions: 8.35 x 8.07 x 2.52 inches; 1.45 Pounds, Manufacturer: KMI Brands",B08P5579KC,,,,"Parent ASIN: B08P5579KC; Title: TINY BUDDHA Mindfulness Gift Set Includes Soothing Bath and Shower Gel, Relaxing Pillow Spray, Calming Essential Oil Roll-On, Lychee Flower Scented Candle and Daily Mindfulness Practice Guide; Author: *; Description: *; Features: * - Details: Brand: Tiny Buddha, Special Feature: Scented, Seasons: All Seasons, Item Volume: 1 Fluid Ounces, Unit Count: 12.00 Fl Oz, Package Dimensions: 8.35 x 8.07 x 2.52 inches; 1.45 Pounds, Manufacturer: KMI Brands; Store: Store: Tiny Buddha; Categories: *; Price: Price: None;"
Premium Beauty,Red Carpet Manicure Starter Kits,4.0,88,,,49.99,"{'hi_res': [None, 'https://m.media-amazon.com/images/I/71J5ZPMfntL._SL1500_.jpg', 'https://m.media-amazon.com/images/I/81tpstArfmL._SL1500_.jpg', 'https://m.media-amazon.com/images/I/71s86PZpewL._SL1500_.jpg', 'https://m.media-amazon.com/images/I/81K8jRE+onL._SL1500_.jpg', 'https://m.media-amazon.com/images/I/51cOon446lL._SL1500_.jpg', 'https://m.media-amazon.com/images/I/51XeBvormVL._SL1500_.jpg', 'https://m.media-amazon.com/images/I/51utDcIADWL._SL1500_.jpg', 'https://m.media-amazon.com/images/I/61ylWosFv2L._SL1500_.jpg'], 'large': ['https://m.media-amazon.com/images/I/21hMuqglNoL.jpg', 'https://m.media-amazon.com/images/I/414nGE2svtL.jpg', 'https://m.media-amazon.com/images/I/41ZNlNoHBML.jpg', 'https://m.media-amazon.com/images/I/41prhtznx4L.jpg', 'https://m.media-amazon.com/images/I/51zRZ+ha8vL.jpg', 'https://m.media-amazon.com/images/I/31Up+yJKb7L.jpg', 'https://m.media-amazon.com/images/I/31pfIfyuRIL.jpg', 'https://m.media-amazon.com/images/I/31x6-MXX+FL.jpg', 'https://m.media-amazon.com/images/I/31PFbmtZlWL.jpg'], 'thumb': ['https://m.media-amazon.com/images/I/21hMuqglNoL._SX38_SY50_CR,0,0,38,50_.jpg', 'https://m.media-amazon.com/images/I/414nGE2svtL._SX38_SY50_CR,0,0,38,50_.jpg', 'https://m.media-amazon.com/images/I/41ZNlNoHBML._SX38_SY50_CR,0,0,38,50_.jpg', 'https://m.media-amazon.com/images/I/41prhtznx4L._SX38_SY50_CR,0,0,38,50_.jpg', 'https://m.media-amazon.com/images/I/51zRZ+ha8vL._SX38_SY50_CR,0,0,38,50_.jpg', 'https://m.media-amazon.com/images/I/31Up+yJKb7L._SX38_SY50_CR,0,0,38,50_.jpg', 'https://m.media-amazon.com/images/I/31pfIfyuRIL._SX38_SY50_CR,0,0,38,50_.jpg', 'https://m.media-amazon.com/images/I/31x6-MXX+FL._SX38_SY50_CR,0,0,38,50_.jpg', 'https://m.media-amazon.com/images/I/31PFbmtZlWL._SX38_SY50_CR,0,0,38,50_.jpg'], 'variant': ['MAIN', 'PT01', 'PT02', 'PT03', 'PT04', 'PT05', 'PT06', 'PT07', 'PT08']}","{'title': [], 'url': [], 'user_id': []}",,,"Color: RCM Essentials Starter Kit, Material: Acrylic, Brand: RC Red Carpet Manicure, Finish Type: Glossy, Item Form: Gel, Is Discontinued By Manufacturer: No, UPC: 817248203854, Manufacturer: RC Red Carpet Manicure/ Zupishi",B0BC273JJR,,,,"Parent ASIN: B0BC273JJR; Title: Red Carpet Manicure Starter Kits; Author: *; Description: *; Features: * - Details: Color: RCM Essentials Starter Kit, Material: Acrylic, Brand: RC Red Carpet Manicure, Finish Type: Glossy, Item Form: Gel, Is Discontinued By Manufacturer: No, UPC: 817248203854, Manufacturer: RC Red Carpet Manicure/ Zupishi; Store: *; Categories: *; Price: Price: 49.99;"
Premium Beauty,MAELYS VIRTUE Neck Firming Cream,3.6,44,,,54.0,"{'hi_res': ['https://m.media-amazon.com/images/I/51NfwbPCU5L._SL1424_.jpg', 'https://m.media-amazon.com/images/I/71ZIEEAMKEL._SL1403_.jpg', 'https://m.media-amazon.com/images/I/71Co2t937ML._SL1395_.jpg', 'https://m.media-amazon.com/images/I/51d0pQgZwmL._SL1000_.jpg', 'https://m.media-amazon.com/images/I/71d58vi3ugL._SL1500_.jpg', 'https://m.media-amazon.com/images/I/6140mIbsH7L._SL1500_.jpg', 'https://m.media-amazon.com/images/I/71LQ53sTanL._SL1500_.jpg', None, 'https://m.media-amazon.com/images/I/81G+ME7boXL._SL1403_.jpg', 'https://m.media-amazon.com/images/I/81lzTi8DbPL._SL1406_.jpg', 'https://m.media-amazon.com/images/I/61qOWFAuj8L._SL1398_.jpg'], 'large': ['https://m.media-amazon.com/images/I/31yAd4MSosL.jpg', 'https://m.media-amazon.com/images/I/41lqp3avY4L.jpg', 'https://m.media-amazon.com/images/I/511DlzwYQIL.jpg', 'https://m.media-amazon.com/images/I/417JLYE6MbL.jpg', 'https://m.media-amazon.com/images/I/31snbDgosDL.jpg', 'https://m.media-amazon.com/images/I/41gJixF37TL.jpg', 'https://m.media-amazon.com/images/I/31w9TX674kL.jpg', 'https://m.media-amazon.com/images/I/21j-rTTSJxL.jpg', 'https://m.media-amazon.com/images/I/51nP0tu244L.jpg', 'https://m.media-amazon.com/images/I/51ZQhLwNOgL.jpg', 'https://m.media-amazon.com/images/I/31C8gIocAYL.jpg'], 'thumb': ['https://m.media-amazon.com/images/I/31yAd4MSosL._SX38_SY50_CR,0,0,38,50_.jpg', 'https://m.media-amazon.com/images/I/41lqp3avY4L._SX38_SY50_CR,0,0,38,50_.jpg', 'https://m.media-amazon.com/images/I/511DlzwYQIL._SX38_SY50_CR,0,0,38,50_.jpg', 'https://m.media-amazon.com/images/I/417JLYE6MbL._SX38_SY50_CR,0,0,38,50_.jpg', 'https://m.media-amazon.com/images/I/31snbDgosDL._SX38_SY50_CR,0,0,38,50_.jpg', 'https://m.media-amazon.com/images/I/41gJixF37TL._SX38_SY50_CR,0,0,38,50_.jpg', 'https://m.media-amazon.com/images/I/31w9TX674kL._SX38_SY50_CR,0,0,38,50_.jpg', 'https://m.media-amazon.com/images/I/21j-rTTSJxL._SX38_SY50_CR,0,0,38,50_.jpg', 'https://m.media-amazon.com/images/I/51nP0tu244L._SX38_SY50_CR,0,0,38,50_.jpg', 'https://m.media-amazon.com/images/I/51ZQhLwNOgL._SX38_SY50_CR,0,0,38,50_.jpg', 'https://m.media-amazon.com/images/I/31C8gIocAYL._SX38_SY50_CR,0,0,38,50_.jpg'], 'variant': ['MAIN', 'FRNT', 'BACK', 'PT01', 'PT02', 'PT03', 'PT04', 'PT12', 'LEFT', 'RGHT', 'TOPP']}","{'title': [], 'url': [], 'user_id': []}",,,"Brand: MAELYS, Item Form: Cream, Unit Count: 1.76 Ounce, Number of Items: 1, Use for: Face, Package Dimensions: 3.46 x 3.39 x 2.8 inches; 1.76 Ounces, Item model number: B07PBWVV5K, Manufacturer: B4Y LABORATORIES LTD",B07PBWVV5K,,,,"Parent ASIN: B07PBWVV5K; Title: MAELYS VIRTUE Neck Firming Cream; Author: *; Description: *; Features: * - Details: Brand: MAELYS, Item Form: Cream, Unit Count: 1.76 Ounce, Number of Items: 1, Use for: Face, Package Dimensions: 3.46 x 3.39 x 2.8 inches; 1.76 Ounces, Item model number: B07PBWVV5K, Manufacturer: B4Y LABORATORIES LTD; Store: *; Categories: *; Price: Price: 54.0;"
All Beauty,"Mr. Pristine Organic Beard Shampoo with Natural Essential Oils for Moisturizing Skin & Hair, 8.5 oz.",4.4,14,"'TAME YOUR BEARD: MR. Pristine Beard Shampoo is packed full of carefully selected ingredients that melt quickly into the skin, leaving it thoroughly hydrated and replenished. Every bottle will leave your facial hair stubble clean and fresh without irritation on the skin; you will have a healthy, soft & well-conditioned beard. Ideal for everyday use with all kinds of beards from stubble to long or thick beards.', 'NATURAL INGREDIENTS: This beard maintenance shampoo is made with green tea, peppermint, and chamomile to give you the deepest miniaturization and best beard growth conditioner possible. It helps manage even the straggliest beard!', 'BEST USE: Apply the desired amount and massage directly into beard until evenly distributed either in the shower or over a sink. Let conditioner stay in the beard for 2-4 minutes. Then risen well with warm water. Do this in your daily grooming routine to maintain a fresh, well-managed look and watch the head-turning results.', 'MADE FOR MEN: For far too long, men have had to choose their grooming products from brands that specialize in women’s beauty; our products were formulated exclusively for men to help them look & smell their best with an aromatic scent that doesn’t overpower. We guarantee you’ll love the scent!', 'SATISFACTION GUARANTEE: MR. Pristine is a small owned company right here in Canada, which started as we were looking for products to improve our beards. Every product we make goes through vigorous testing to ensure every customer gets the best, and we can guarantee 100% satisfaction with your purchase. If for any reason you are not satisfied, please don’t hesitate to contact us and we will fully refund your money, no question asked.'",,None,"{'hi_res': ['https://m.media-amazon.com/images/I/51h2lfR-cRL._SL1000_.jpg', 'https://m.media-amazon.com/images/I/51ILw3nZ9uL._SL1000_.jpg', 'https://m.media-amazon.com/images/I/619lmDmYu3L._SL1500_.jpg', 'https://m.media-amazon.com/images/I/71gL3C+S4xL._SL1500_.jpg', 'https://m.media-amazon.com/images/I/71GwEOZ-9xL._SL1500_.jpg'], 'large': ['https://m.media-amazon.com/images/I/41Zc2-w1WrL.jpg', 'https://m.media-amazon.com/images/I/41-rzuY4BAL.jpg', 'https://m.media-amazon.com/images/I/31CP+AF7p3L.jpg', 'https://m.media-amazon.com/images/I/314I6WH42wL.jpg', 'https://m.media-amazon.com/images/I/319ADYtjHdL.jpg'], 'thumb': ['https://m.media-amazon.com/images/I/41Zc2-w1WrL._SS40_.jpg', 'https://m.media-amazon.com/images/I/41-rzuY4BAL._SS40_.jpg', 'https://m.media-amazon.com/images/I/31CP+AF7p3L._SS40_.jpg', 'https://m.media-amazon.com/images/I/314I6WH42wL._SS40_.jpg', 'https://m.media-amazon.com/images/I/319ADYtjHdL._SS40_.jpg'], 'variant': ['MAIN', 'PT01', 'PT02', 'PT03', 'PT04']}","{'title': [], 'url': [], 'user_id': []}",Mr. Pristine,,"Brand: Mr. Pristine, Item Form: Liquid, Hair Type: Color Treated, Scent: Peppermint, Age Range (Description): Adult, Package Dimensions: 5.21 x 2.8 x 2.3 inches; 7.76 Ounces, UPC: 627843801832, Manufacturer: Mr. Pristine",B085J24382,,,,"Parent ASIN: B085J24382; Title: Mr. Pristine Organic Beard Shampoo with Natural Essential Oils for Moisturizing Skin & Hair, 8.5 oz.; Author: *; Description: *; Features: Features: 'TAME YOUR BEARD: MR. Pristine Beard Shampoo is packed full of carefully selected ingredients that melt quickly into the skin, leaving it thoroughly hydrated and replenished. Every bottle will leave your facial hair stubble clean and fresh without irritation on the skin; you will have a healthy, soft & well-conditioned beard. Ideal for everyday use with all kinds of beards from stubble to long or thick beards.', 'NATURAL INGREDIENTS: This beard maintenance shampoo is made with green tea, peppermint, and chamomile to give you the deepest miniaturization and best beard growth conditioner possible. It helps manage even the straggliest beard!', 'BEST USE: Apply the desired amount and massage directly into beard until evenly distributed either in the shower or over a sink. Let conditioner stay in the beard for 2-4 minutes. Then risen well with warm water. Do this in your daily grooming routine to maintain a fresh, well-managed look and watch the head-turning results.', 'MADE FOR MEN: For far too long, men have had to choose their grooming products from brands that specialize in women’s beauty; our products were formulated exclusively for men to help them look & smell their best with an aromatic scent that doesn’t overpower. We guarantee you’ll love the scent!', 'SATISFACTION GUARANTEE: MR. Pristine is a small owned company right here in Canada, which started as we were looking for products to improve our beards. Every product we make goes through vigorous testing to ensure every customer gets the best, and we can guarantee 100% satisfaction with your purchase. If for any reason you are not satisfied, please don’t hesitate to contact us and we will fully refund your money, no question asked.' - Details: Brand: Mr. Pristine, Item Form: Liquid, Hair Type: Color Treated, Scent: Peppermint, Age Range (Description): Adult, Package Dimensions: 5.21 x 2.8 x 2.3 inches; 7.76 Ounces, UPC: 627843801832, Manufacturer: Mr. Pristine; Store: Store: Mr. Pristine; Categories: *; Price: Price: None;"
All Beauty,6 Pack Soft Headband BEoffer Coral Fleece Women Makeup Spa Head Bands Turban Fashion Bow Bowknot Hairlace Headwear Wash Face Hair Holder Elastic Top Knot Bandage Girl Baby Hair Accessories 6 Colors,4.6,957,,,None,"{'hi_res': ['https://m.media-amazon.com/images/I/712LsxR27nL._SL1500_.jpg', 'https://m.media-amazon.com/images/I/71VBtg2k6iL._SL1500_.jpg', 'https://m.media-amazon.com/images/I/71AIFtdz-rL._SL1500_.jpg', 'https://m.media-amazon.com/images/I/71mbenYohmL._SL1500_.jpg', 'https://m.media-amazon.com/images/I/71tpDrIKi9L._SL1500_.jpg', 'https://m.media-amazon.com/images/I/71WzUJUwIaL._SL1500_.jpg'], 'large': ['https://m.media-amazon.com/images/I/414Hd2-AilL.jpg', 'https://m.media-amazon.com/images/I/41fLcyGgyXL.jpg', 'https://m.media-amazon.com/images/I/41VEE9ndPGL.jpg', 'https://m.media-amazon.com/images/I/51vy5hB01YL.jpg', 'https://m.media-amazon.com/images/I/51Fm8q7sCPL.jpg', 'https://m.media-amazon.com/images/I/41qomo-9tZL.jpg'], 'thumb': ['https://m.media-amazon.com/images/I/414Hd2-AilL._SS40_.jpg', 'https://m.media-amazon.com/images/I/41fLcyGgyXL._SS40_.jpg', 'https://m.media-amazon.com/images/I/41VEE9ndPGL._SS40_.jpg', 'https://m.media-amazon.com/images/I/51vy5hB01YL._SS40_.jpg', 'https://m.media-amazon.com/images/I/51Fm8q7sCPL._SS40_.jpg', 'https://m.media-amazon.com/images/I/41qomo-9tZL._SS40_.jpg'], 'variant': ['MAIN', 'PT01', 'PT02', 'PT03', 'PT04', 'PT05']}","{'title': [], 'url': [], 'user_id': []}",BEoffer,,"Age Range (Description): Baby, Material: Elastic, Fabric Type: Fleece, Number of Items: 6, Recommended Uses For Product: Face Makeup, Product Dimensions: 7.28 x 1.97 x 0.67 inches; 1.16 Ounces, Item model number: BH-002, UPC: 799899729252",B082NKQ4ZT,,,,"Parent ASIN: B082NKQ4ZT; Title: 6 Pack Soft Headband BEoffer Coral Fleece Women Makeup Spa Head Bands Turban Fashion Bow Bowknot Hairlace Headwear Wash Face Hair Holder Elastic Top Knot Bandage Girl Baby Hair Accessories 6 Colors; Author: *; Description: *; Features: * - Details: Age Range (Description): Baby, Material: Elastic, Fabric Type: Fleece, Number of Items: 6, Recommended Uses For Product: Face Makeup, Product Dimensions: 7.28 x 1.97 x 0.67 inches; 1.16 Ounces, Item model number: BH-002, UPC: 799899729252; Store: Store: BEoffer; Categories: *; Price: Price: None;"
All Beauty,"2 Pack Foundation Full Coverage Liquid Foundation, Foundation Primer, 4 Makeup Sponge, Cosmetic Bag, 24HR Matte Oil Control Concealer Foundation (Nude #102+Buff Beige #104)",4.4,23,,,None,"{'hi_res': ['https://m.media-amazon.com/images/I/61yKNbKpVuL._SL1500_.jpg', 'https://m.media-amazon.com/images/I/519O-ZiwezS._SL1001_.jpg', None, 'https://m.media-amazon.com/images/I/51OpPpE6rDS._SL1001_.jpg', None, 'https://m.media-amazon.com/images/I/61ONrsCM+FL._SL1500_.jpg', 'https://m.media-amazon.com/images/I/51ECA7eErnS._SL1001_.jpg'], 'large': ['https://m.media-amazon.com/images/I/41vPAMn43vL.jpg', 'https://m.media-amazon.com/images/I/41TMOt9ytaS.jpg', 'https://m.media-amazon.com/images/I/41estjRusES.jpg', 'https://m.media-amazon.com/images/I/41JDqvOFdaS.jpg', 'https://m.media-amazon.com/images/I/41qj82RbRUL.jpg', 'https://m.media-amazon.com/images/I/41dmgn3Hp+L.jpg', 'https://m.media-amazon.com/images/I/41MAzsz8NCS.jpg'], 'thumb': ['https://m.media-amazon.com/images/I/41vPAMn43vL._SS40_.jpg', 'https://m.media-amazon.com/images/I/41TMOt9ytaS._SS40_.jpg', 'https://m.media-amazon.com/images/I/41estjRusES._SS40_.jpg', 'https://m.media-amazon.com/images/I/41JDqvOFdaS._SS40_.jpg', 'https://m.media-amazon.com/images/I/41qj82RbRUL._SS40_.jpg', 'https://m.media-amazon.com/images/I/41dmgn3Hp+L._SS40_.jpg', 'https://m.media-amazon.com/images/I/41MAzsz8NCS._SS40_.jpg'], 'variant': ['MAIN', 'PT01', 'PT02', 'PT03', 'PT04', 'PT05', 'PT06']}","{'title': [], 'url': [], 'user_id': []}",Onkessy,,"Item Form: Liquid, Color: Beige, Skin Type: All, Finish Type: Matte, Recommended Uses For Product: Makeup Sponge, Product Dimensions: 7.48 x 0.79 x 5.51 inches; 8.47 Ounces",B08SBV6Z57,,,,"Parent ASIN: B08SBV6Z57; Title: 2 Pack Foundation Full Coverage Liquid Foundation, Foundation Primer, 4 Makeup Sponge, Cosmetic Bag, 24HR Matte Oil Control Concealer Foundation (Nude #102+Buff Beige #104); Author: *; Description: *; Features: * - Details: Item Form: Liquid, Color: Beige, Skin Type: All, Finish Type: Matte, Recommended Uses For Product: Makeup Sponge, Product Dimensions: 7.48 x 0.79 x 5.51 inches; 8.47 Ounces; Store: Store: Onkessy; Categories: *; Price: Price: None;"
All Beauty,"lorelo 20 pieces Hair Curlers, Hair Rollers Spiral Curls Styling Kit No Heat Hair Curlers with Styling Hooks for Girls Woman",4.0,41,,,None,"{'hi_res': ['https://m.media-amazon.com/images/I/71t3PwABLmL._SL1001_.jpg', 'https://m.media-amazon.com/images/I/61ExkckXAJL._SL1001_.jpg', 'https://m.media-amazon.com/images/I/51pn2JYyBUL._SL1001_.jpg', 'https://m.media-amazon.com/images/I/61YJ8EuqUIL._SL1001_.jpg', 'https://m.media-amazon.com/images/I/61QWqF-wmVL._SL1001_.jpg', 'https://m.media-amazon.com/images/I/61S8yyES0aL._SL1001_.jpg', 'https://m.media-amazon.com/images/I/71erWuK3D0L._SL1001_.jpg'], 'large': ['https://m.media-amazon.com/images/I/513H54TUGtL.jpg', 'https://m.media-amazon.com/images/I/51cTozONvaL.jpg', 'https://m.media-amazon.com/images/I/41H002r+umL.jpg', 'https://m.media-amazon.com/images/I/51MiYHb8tGL.jpg', 'https://m.media-amazon.com/images/I/51JoaG8EVCL.jpg', 'https://m.media-amazon.com/images/I/51720+ud41L.jpg', 'https://m.media-amazon.com/images/I/51iTpH-V-ZL.jpg'], 'thumb': ['https://m.media-amazon.com/images/I/513H54TUGtL._SS40_.jpg', 'https://m.media-amazon.com/images/I/51cTozONvaL._SS40_.jpg', 'https://m.media-amazon.com/images/I/41H002r+umL._SS40_.jpg', 'https://m.media-amazon.com/images/I/51MiYHb8tGL._SS40_.jpg', 'https://m.media-amazon.com/images/I/51JoaG8EVCL._SS40_.jpg', 'https://m.media-amazon.com/images/I/51720+ud41L._SS40_.jpg', 'https://m.media-amazon.com/images/I/51iTpH-V-ZL._SS40_.jpg'], 'variant': ['MAIN', 'PT01', 'PT02', 'PT03', 'PT04', 'PT05', 'PT06']}","{'title': [], 'url': [], 'user_id': []}",lorelo,,"Number of Items: 20, Material: Silicone, Brand: Lorelo, Unit Count: 1.00 Count, Package Dimensions: 10.59 x 9.02 x 2.8 inches; 9.59 Ounces, UPC: 619156721396",B087FTZSZH,,,,"Parent ASIN: B087FTZSZH; Title: lorelo 20 pieces Hair Curlers, Hair Rollers Spiral Curls Styling Kit No Heat Hair Curlers with Styling Hooks for Girls Woman; Author: *; Description: *; Features: * - Details: Number of Items: 20, Material: Silicone, Brand: Lorelo, Unit Count: 1.00 Count, Package Dimensions: 10.59 x 9.02 x 2.8 inches; 9.59 Ounces, UPC: 619156721396; Store: Store: lorelo; Categories: *; Price: Price: None;"
All Beauty,Hetianmei® Pink Rhinestone Headbands for Women，Jewel Headband，Bling Diamond Headbands Crystal Fashion Sparkly Jeweled Thick Headbands for Woman,4.4,101,,,None,"{'hi_res': ['https://m.media-amazon.com/images/I/71yqAT8bzwL._SL1500_.jpg', 'https://m.media-amazon.com/images/I/616IczyR0ZL._SL1100_.jpg', 'https://m.media-amazon.com/images/I/51sQb9JdVRL._SL1100_.jpg', 'https://m.media-amazon.com/images/I/71LRtbofIqL._SL1100_.jpg', 'https://m.media-amazon.com/images/I/714EQPpwJiL._SL1100_.jpg', 'https://m.media-amazon.com/images/I/71Qjhay-U6L._SL1100_.jpg'], 'large': ['https://m.media-amazon.com/images/I/41X1Dsp2-AL.jpg', 'https://m.media-amazon.com/images/I/41bI3GvGZkL.jpg', 'https://m.media-amazon.com/images/I/41-avEaUHsL.jpg', 'https://m.media-amazon.com/images/I/51fzw1KaSqL.jpg', 'https://m.media-amazon.com/images/I/51Qy8CN6ewL.jpg', 'https://m.media-amazon.com/images/I/51rlR85UIbL.jpg'], 'thumb': ['https://m.media-amazon.com/images/I/41X1Dsp2-AL._SS40_.jpg', 'https://m.media-amazon.com/images/I/41bI3GvGZkL._SS40_.jpg', 'https://m.media-amazon.com/images/I/41-avEaUHsL._SS40_.jpg', 'https://m.media-amazon.com/images/I/51fzw1KaSqL._SS40_.jpg', 'https://m.media-amazon.com/images/I/51Qy8CN6ewL._SS40_.jpg', 'https://m.media-amazon.com/images/I/51rlR85UIbL._SS40_.jpg'], 'variant': ['MAIN', 'PT01', 'PT02', 'PT03', 'PT04', 'PT05']}","{'title': [], 'url': [], 'user_id': []}",Hetianmei,,"Color: Pink, Age Range (Description): Adult, Material: Crystal Rhinestone, Crystal, Fabric Type: Velvet, Number of Items: 1, Product Dimensions: 6.69 x 5.51 x 1.38 inches; 3.53 Ounces",B08HQSK576,,,,"Parent ASIN: B08HQSK576; Title: Hetianmei® Pink Rhinestone Headbands for Women，Jewel Headband，Bling Diamond Headbands Crystal Fashion Sparkly Jeweled Thick Headbands for Woman; Author: *; Description: *; Features: * - Details: Color: Pink, Age Range (Description): Adult, Material: Crystal Rhinestone, Crystal, Fabric Type: Velvet, Number of Items: 1, Product Dimensions: 6.69 x 5.51 x 1.38 inches; 3.53 Ounces; Store: Store: Hetianmei; Categories: *; Price: Price: None;"
All Beauty,"DeepDream Portable Electric Nail Drill - Professional Efile Nail Drill Kit For Acrylic, Gel Nails, Manicure Pedicure Polishing Shape Tools with 11Pcs Nail Drill Bits and 36 Sanding Bands",4.5,259,,,None,"{'hi_res': ['https://m.media-amazon.com/images/I/51TEKYcYicL._SL1000_.jpg', 'https://m.media-amazon.com/images/I/61-oXMf2PZL._SL1001_.jpg', 'https://m.media-amazon.com/images/I/61Tbt11Y6aL._SL1001_.jpg', 'https://m.media-amazon.com/images/I/61t9HCmWTxL._SL1001_.jpg', 'https://m.media-amazon.com/images/I/61sLbvOd+kL._SL1001_.jpg', 'https://m.media-amazon.com/images/I/61UxFYx0LHL._SL1001_.jpg', 'https://m.media-amazon.com/images/I/51TEKYcYicL._SL1000_.jpg', 'https://m.media-amazon.com/images/I/61Tbt11Y6aL._SL1001_.jpg'], 'large': ['https://m.media-amazon.com/images/I/41PJLLUW9xL.jpg', 'https://m.media-amazon.com/images/I/51gzOyTzbDL.jpg', 'https://m.media-amazon.com/images/I/41eQ-dYBKNL.jpg', 'https://m.media-amazon.com/images/I/51jmc629pjL.jpg', 'https://m.media-amazon.com/images/I/51q5tO8xBFL.jpg', 'https://m.media-amazon.com/images/I/41pbzef2qiL.jpg', 'https://m.media-amazon.com/images/I/41PJLLUW9xL.jpg', 'https://m.media-amazon.com/images/I/41eQ-dYBKNL.jpg'], 'thumb': ['https://m.media-amazon.com/images/I/41PJLLUW9xL._SS40_.jpg', 'https://m.media-amazon.com/images/I/51gzOyTzbDL._SS40_.jpg', 'https://m.media-amazon.com/images/I/41eQ-dYBKNL._SS40_.jpg', 'https://m.media-amazon.com/images/I/51jmc629pjL._SS40_.jpg', 'https://m.media-amazon.com/images/I/51q5tO8xBFL._SS40_.jpg', 'https://m.media-amazon.com/images/I/41pbzef2qiL._SS40_.jpg', 'https://m.media-amazon.com/images/I/41PJLLUW9xL._SS40_.jpg', 'https://m.media-amazon.com/images/I/41eQ-dYBKNL._SS40_.jpg'], 'variant': ['MAIN', 'PT01', 'PT02', 'PT03', 'PT04', 'PT05', 'PT06', 'PT07']}","{'title': [], 'url': [], 'user_id': []}",Deep Dream,,"Brand: Deep Dream, Power Source: Battery Powered, Maximum Rotational Speed: 20000 RPM, Is Discontinued By Manufacturer: No, Package Dimensions: 8 x 4 x 2.6 inches; 10.41 Ounces, UPC: 191762584966, Manufacturer: Deep Dream",B088NVJSJT,,,,"Parent ASIN: B088NVJSJT; Title: DeepDream Portable Electric Nail Drill - Professional Efile Nail Drill Kit For Acrylic, Gel Nails, Manicure Pedicure Polishing Shape Tools with 11Pcs Nail Drill Bits and 36 Sanding Bands; Author: *; Description: *; Features: * - Details: Brand: Deep Dream, Power Source: Battery Powered, Maximum Rotational Speed: 20000 RPM, Is Discontinued By Manufacturer: No, Package Dimensions: 8 x 4 x 2.6 inches; 10.41 Ounces, UPC: 191762584966, Manufacturer: Deep Dream; Store: Store: Deep Dream; Categories: *; Price: Price: None;"
All Beauty,Women Facial Razor for Hair Removal - Dermaplaning Tool Peach Fuzz Trimmer Womens Fine Hair Remover Eyebrow Razors and Dermaplane Face Shavers Women's Exfoliating for Sensitive Skin Essential Travel,4.3,535,"'🌷 100% Japanese Blades QUALITY Guranteed. *** DIAMOND CUT FOR PRECISION ***Official US Trademarked Product.', '🌷 REMOVE FACIAL HAIR “peach fuzz” in the privacy of your home DERMAPLANING and during work travel.', '🌷 ACHIEVE PERFECTLY SHAPED EYEBROWS with painless and effortless actions. No more tweezing pain.', '🌷 GREAT TRAVEL RAZOR for cleanup of little detailed areas during vacation & works well with sensitive skin.', '🌷 30-DAY MONEY-BACK GUARANTEE & 100% refund of your purchase price, no questions asked.'",MODEMODE Women's Facial Razor Home Dermaplaning - Eyebrow Razor For Women Face Peach Fuzz Hair Removal Womens Face Exfoliating At Daily Eyebrow Shaping Tool,7.49,"{'hi_res': [None, None, None, None], 'large': ['https://m.media-amazon.com/images/I/41YZHPlhn+L.jpg', 'https://m.media-amazon.com/images/I/41YZHPlhn+L.jpg', 'https://m.media-amazon.com/images/I/31wb3AUhKNL.jpg', 'https://m.media-amazon.com/images/I/41K1bhrYERL.jpg'], 'thumb': ['https://m.media-amazon.com/images/I/41YZHPlhn+L._SS40_.jpg', 'https://m.media-amazon.com/images/I/41YZHPlhn+L._SS40_.jpg', 'https://m.media-amazon.com/images/I/31wb3AUhKNL._SS40_.jpg', 'https://m.media-amazon.com/images/I/41K1bhrYERL._SS40_.jpg'], 'variant': ['MAIN', 'PT01', 'PT03', 'PT04']}","{'title': [], 'url': [], 'user_id': []}",MODEMODE,,"Brand: MODEMODE, Number of Blades: 1, Unit Count: 5.0 Count, Skin Type: Sensitive, Number of Items: 1, Package Dimensions: 5 x 1.2 x 0.5 inches; 1.59 Ounces, Manufacturer: MODEMODE",B07R3BMYBG,,,,"Parent ASIN: B07R3BMYBG; Title: Women Facial Razor for Hair Removal - Dermaplaning Tool Peach Fuzz Trimmer Womens Fine Hair Remover Eyebrow Razors and Dermaplane Face Shavers Women's Exfoliating for Sensitive Skin Essential Travel; Author: *; Description: Description: MODEMODE Women's Facial Razor Home Dermaplaning - Eyebrow Razor For Women Face Peach Fuzz Hair Removal Womens Face Exfoliating At Daily Eyebrow Shaping Tool; Features: Features: '🌷 100% Japanese Blades QUALITY Guranteed. *** DIAMOND CUT FOR PRECISION ***Official US Trademarked Product.', '🌷 REMOVE FACIAL HAIR “peach fuzz” in the privacy of your home DERMAPLANING and during work travel.', '🌷 ACHIEVE PERFECTLY SHAPED EYEBROWS with painless and effortless actions. No more tweezing pain.', '🌷 GREAT TRAVEL RAZOR for cleanup of little detailed areas during vacation & works well with sensitive skin.', '🌷 30-DAY MONEY-BACK GUARANTEE & 100% refund of your purchase price, no questions asked.' - Details: Brand: MODEMODE, Number of Blades: 1, Unit Count: 5.0 Count, Skin Type: Sensitive, Number of Items: 1, Package Dimensions: 5 x 1.2 x 0.5 inches; 1.59 Ounces, Manufacturer: MODEMODE; Store: Store: MODEMODE; Categories: *; Price: Price: 7.49;"
All Beauty,"1513 by LA LA LEAF - All Natural Facial Cream, 750mg Quick Absorbing Hemp Moisturizer with Rosehip, Carrot Seed and Provitamin B5 - Smooths Wrinkles for Firm Glowing Skin - Paraben-free, Cruelty-free, Vegan",4.0,30,,,None,"{'hi_res': ['https://m.media-amazon.com/images/I/51g1FsbrMGL._SL1372_.jpg', 'https://m.media-amazon.com/images/I/71AH8FIjOUL._SL1500_.jpg', 'https://m.media-amazon.com/images/I/71QMtt0BQrL._SL1500_.jpg', 'https://m.media-amazon.com/images/I/71lPNPTd42L._SL1500_.jpg', 'https://m.media-amazon.com/images/I/71BLPCaVw6L._SL1500_.jpg', 'https://m.media-amazon.com/images/I/610CW5SbsaL._SL1500_.jpg', 'https://m.media-amazon.com/images/I/71bvJVlr6aL._SL1500_.jpg', 'https://m.media-amazon.com/images/I/71OoF0PsoVL._SL1500_.jpg'], 'large': ['https://m.media-amazon.com/images/I/31FbqPookpL.jpg', 'https://m.media-amazon.com/images/I/517qhaFe3nL.jpg', 'https://m.media-amazon.com/images/I/51NdCeIe6EL.jpg', 'https://m.media-amazon.com/images/I/51wZMdPHyJL.jpg', 'https://m.media-amazon.com/images/I/41BHu7rLopL.jpg', 'https://m.media-amazon.com/images/I/41olT5BpwWL.jpg', 'https://m.media-amazon.com/images/I/51l9SV5PxmL.jpg', 'https://m.media-amazon.com/images/I/41yzVghObjL.jpg'], 'thumb': ['https://m.media-amazon.com/images/I/31FbqPookpL._SS40_.jpg', 'https://m.media-amazon.com/images/I/517qhaFe3nL._SS40_.jpg', 'https://m.media-amazon.com/images/I/51NdCeIe6EL._SS40_.jpg', 'https://m.media-amazon.com/images/I/51wZMdPHyJL._SS40_.jpg', 'https://m.media-amazon.com/images/I/41BHu7rLopL._SS40_.jpg', 'https://m.media-amazon.com/images/I/41olT5BpwWL._SS40_.jpg', 'https://m.media-amazon.com/images/I/51l9SV5PxmL._SS40_.jpg', 'https://m.media-amazon.com/images/I/41yzVghObjL._SS40_.jpg'], 'variant': ['MAIN', 'PT01', 'PT02', 'PT03', 'PT04', 'PT05', 'PT06', 'PT07']}","{'title': [], 'url': [], 'user_id': []}",LA LA LEAF,,"Brand: LA LA LEAF, Item Form: Cream, Unit Count: 1.00 Fl Oz, Number of Items: 1, Use for: Whole Body, Package Dimensions: 7.1 x 3.2 x 2 inches; 2.4 Ounces",B08C37KWRR,,,,"Parent ASIN: B08C37KWRR; Title: 1513 by LA LA LEAF - All Natural Facial Cream, 750mg Quick Absorbing Hemp Moisturizer with Rosehip, Carrot Seed and Provitamin B5 - Smooths Wrinkles for Firm Glowing Skin - Paraben-free, Cruelty-free, Vegan; Author: *; Description: *; Features: * - Details: Brand: LA LA LEAF, Item Form: Cream, Unit Count: 1.00 Fl Oz, Number of Items: 1, Use for: Whole Body, Package Dimensions: 7.1 x 3.2 x 2 inches; 2.4 Ounces; Store: Store: LA LA LEAF; Categories: *; Price: Price: None;"
All Beauty,"1800 Watt Hair Dryer with Diffuser Hot and Cool Settings 2 Speed Adjustable Negative Ionic Hair Blow Dryer 2 Smoothing Concentrators and 1 Hair Scalp Massager Shampoo Brush for Curly Hair,Woman,Kids",4.3,301,,,None,"{'hi_res': ['https://m.media-amazon.com/images/I/71st1+cGHNL._SL1500_.jpg', 'https://m.media-amazon.com/images/I/71bg9TQsgHL._SL1000_.jpg', 'https://m.media-amazon.com/images/I/61q0COlmN+L._SL1000_.jpg', 'https://m.media-amazon.com/images/I/61RgHjwq-UL._SL1000_.jpg', 'https://m.media-amazon.com/images/I/61Rn0YbZWWL._SL1000_.jpg', 'https://m.media-amazon.com/images/I/61-rze0kuyL._SL1000_.jpg', 'https://m.media-amazon.com/images/I/61T4cP0-ZHL._SL1500_.jpg', 'https://m.media-amazon.com/images/I/612y7rhGt9L._SL1000_.jpg', 'https://m.media-amazon.com/images/I/61TF-36d9OL._SL1000_.jpg'], 'large': ['https://m.media-amazon.com/images/I/41-M07k5SvL.jpg', 'https://m.media-amazon.com/images/I/51scUJviHbL.jpg', 'https://m.media-amazon.com/images/I/51HR-T4Ke7L.jpg', 'https://m.media-amazon.com/images/I/51mGMELK6OL.jpg', 'https://m.media-amazon.com/images/I/519RKSOOk4L.jpg', 'https://m.media-amazon.com/images/I/516+ivKTgkL.jpg', 'https://m.media-amazon.com/images/I/41hVBnzrBGL.jpg', 'https://m.media-amazon.com/images/I/51Qckrp26YL.jpg', 'https://m.media-amazon.com/images/I/51V9wZzY2CL.jpg'], 'thumb': ['https://m.media-amazon.com/images/I/41-M07k5SvL._SS40_.jpg', 'https://m.media-amazon.com/images/I/51scUJviHbL._SS40_.jpg', 'https://m.media-amazon.com/images/I/51HR-T4Ke7L._SS40_.jpg', 'https://m.media-amazon.com/images/I/51mGMELK6OL._SS40_.jpg', 'https://m.media-amazon.com/images/I/519RKSOOk4L._SS40_.jpg', 'https://m.media-amazon.com/images/I/516+ivKTgkL._SS40_.jpg', 'https://m.media-amazon.com/images/I/41hVBnzrBGL._SS40_.jpg', 'https://m.media-amazon.com/images/I/51Qckrp26YL._SS40_.jpg', 'https://m.media-amazon.com/images/I/51V9wZzY2CL._SS40_.jpg'], 'variant': ['MAIN', 'PT01', 'PT02', 'PT03', 'PT04', 'PT05', 'PT06', 'PT07', 'PT08']}","{'title': [], 'url': [], 'user_id': []}",Lassie,,"Brand: Lassie, Wattage: 2000 watts, Power Source: Corded Electric, Special Feature: Comb, Massage, Hot, Blow, Included Components: Diffuser, Concentrator, Product Dimensions: 11.4 x 9.4 x 3.7 inches; 2.43 Pounds, Manufacturer: Lassie",B082VYX7G8,,,,"Parent ASIN: B082VYX7G8; Title: 1800 Watt Hair Dryer with Diffuser Hot and Cool Settings 2 Speed Adjustable Negative Ionic Hair Blow Dryer 2 Smoothing Concentrators and 1 Hair Scalp Massager Shampoo Brush for Curly Hair,Woman,Kids; Author: *; Description: *; Features: * - Details: Brand: Lassie, Wattage: 2000 watts, Power Source: Corded Electric, Special Feature: Comb, Massage, Hot, Blow, Included Components: Diffuser, Concentrator, Product Dimensions: 11.4 x 9.4 x 3.7 inches; 2.43 Pounds, Manufacturer: Lassie; Store: Store: Lassie; Categories: *; Price: Price: None;"
All Beauty,"VILLAGE11FACTORY Cica Cream, Centella Soothing and Repairing Cream for Dry and Irritated Skin, Moisturizer, Anti-Wrinkles, Lightweight, Relieves Irritated Skin, Fragrance Free, Dermatologically Tested, 1.69 fl oz 50ml",4.3,345,"'Multi-purpose Cream Soothing cream for dry skin irritations: Cica recipe to soothe sensitive skin and provide moisture and nutrition. 50% Centella and Cica 4X Complex, long-lasting moisture with a fresh texture.', 'Repair Repair synergy with cica and panthenol. Soothes damaged skin quickly, creates a cica barrier to protect the skin from the external environment and gives a calming effect.', 'Natural Ingredients The oriental extracts of Centella Extract and Madecassoside help mantain the soothing power for a long time.', Moisturizing With Panthenol to elevate Cica's abilities. Long lasting moisture with a fresh melting feeling. Recharges moisture layer by layer, absorbing deeply into the skin., 'Recommended For Dry and sensitive skin, redness, irritated skin, rough skin. Tip: you can apply it on dry skin in your elbows, apply twice if your skin has become sensitive due to cold weather. Use it as a sleeping mask at night if you need a deep soothing.'",,13.89,"{'hi_res': ['https://m.media-amazon.com/images/I/51wDayNkOQL._SL1000_.jpg', 'https://m.media-amazon.com/images/I/51s-lhiCvNL._SL1000_.jpg', 'https://m.media-amazon.com/images/I/71A3scSJhyL._SL1500_.jpg', 'https://m.media-amazon.com/images/I/51squOUWFPL._SL1080_.jpg', 'https://m.media-amazon.com/images/I/61Q2RzFLlaL._SL1080_.jpg', 'https://m.media-amazon.com/images/I/61Yj53bwYhL._SL1080_.jpg', 'https://m.media-amazon.com/images/I/61GXaB6ZGuL._SL1080_.jpg', 'https://m.media-amazon.com/images/I/71GKAFDoHeL._SL1500_.jpg', 'https://m.media-amazon.com/images/I/51NUJBNhIQL._SL1000_.jpg'], 'large': ['https://m.media-amazon.com/images/I/31DqywgS3vL.jpg', 'https://m.media-amazon.com/images/I/31kGv0F7dcL.jpg', 'https://m.media-amazon.com/images/I/41yLzJznhGL.jpg', 'https://m.media-amazon.com/images/I/416PN3pyRZL.jpg', 'https://m.media-amazon.com/images/I/51wOMorryEL.jpg', 'https://m.media-amazon.com/images/I/51nD-yfTV8L.jpg', 'https://m.media-amazon.com/images/I/51KtwrOc8BL.jpg', 'https://m.media-amazon.com/images/I/41gxC0ck3pL.jpg', 'https://m.media-amazon.com/images/I/41330sNPH+L.jpg'], 'thumb': ['https://m.media-amazon.com/images/I/31DqywgS3vL._SS40_.jpg', 'https://m.media-amazon.com/images/I/31kGv0F7dcL._SS40_.jpg', 'https://m.media-amazon.com/images/I/41yLzJznhGL._SS40_.jpg', 'https://m.media-amazon.com/images/I/416PN3pyRZL._SS40_.jpg', 'https://m.media-amazon.com/images/I/51wOMorryEL._SS40_.jpg', 'https://m.media-amazon.com/images/I/51nD-yfTV8L._SS40_.jpg', 'https://m.media-amazon.com/images/I/51KtwrOc8BL._SS40_.jpg', 'https://m.media-amazon.com/images/I/41gxC0ck3pL._SS40_.jpg', 'https://m.media-amazon.com/images/I/41330sNPH+L._SS40_.jpg'], 'variant': ['MAIN', 'PT01', 'PT02', 'PT03', 'PT04', 'PT05', 'PT06', 'PT07', 'PT08']}","{'title': [], 'url': [], 'user_id': []}",VILLAGE11FACTORY,,"Brand: VILLAGE11FACTORY, Scent: Fresh, Item Form: Cream, Active Ingredients: hyaluronic_acid, Unit Count: 1.7 Fl Oz, Package Dimensions: 5.2 x 1.97 x 1.46 inches; 2.47 Ounces",B0859CYSTM,,,,"Parent ASIN: B0859CYSTM; Title: VILLAGE11FACTORY Cica Cream, Centella Soothing and Repairing Cream for Dry and Irritated Skin, Moisturizer, Anti-Wrinkles, Lightweight, Relieves Irritated Skin, Fragrance Free, Dermatologically Tested, 1.69 fl oz 50ml; Author: *; Description: *; Features: Features: 'Multi-purpose Cream Soothing cream for dry skin irritations: Cica recipe to soothe sensitive skin and provide moisture and nutrition. 50% Centella and Cica 4X Complex, long-lasting moisture with a fresh texture.', 'Repair Repair synergy with cica and panthenol. Soothes damaged skin quickly, creates a cica barrier to protect the skin from the external environment and gives a calming effect.', 'Natural Ingredients The oriental extracts of Centella Extract and Madecassoside help mantain the soothing power for a long time.', Moisturizing With Panthenol to elevate Cica's abilities. Long lasting moisture with a fresh melting feeling. Recharges moisture layer by layer, absorbing deeply into the skin., 'Recommended For Dry and sensitive skin, redness, irritated skin, rough skin. Tip: you can apply it on dry skin in your elbows, apply twice if your skin has become sensitive due to cold weather. Use it as a sleeping mask at night if you need a deep soothing.' - Details: Brand: VILLAGE11FACTORY, Scent: Fresh, Item Form: Cream, Active Ingredients: hyaluronic_acid, Unit Count: 1.7 Fl Oz, Package Dimensions: 5.2 x 1.97 x 1.46 inches; 2.47 Ounces; Store: Store: VILLAGE11FACTORY; Categories: *; Price: Price: 13.89;"
All Beauty,"MIZON Cicaluronic Line, Cicaluronic Cleansing Balm, Makeup Remover, Centella Asiatica,Hyaluronic Acid, One Step Cleansing (2.7 fl oz)",4.5,442,"🔹One Step Cleansing Cleansing balm that quickly and easily melts even the strongest of makeup and removes impurities. A cleansing balm that doesn't sting the eyes or dry up your skin!, '🔹More than a Cleanser Completely cleanses and hydrates in one simple step! Adds moisture and soothes the skin, providing a refreshing finish without an oily residue.', 🔹 Premium Complex Catering to meet your needs, we MIZON's created our original complex that brings a cooling effect and much more care to your skin. Cicaluronic is the perfect mix of 8 kinds of Hyaluronic Acids and 8 types of Centella Asiatica., '🔹Key Ingredients Centella Asiatica & Hyaluronic Acid are well-known ingredients that soothe and highly hydrate sensitive and acne-prone skin, solving skin troubles and dryness at once.', '🔹Bonus Ingredients This Cicaluronic Cleansing Balm has other key ingredients like Aloe, Jojoba, Turmeric, and Basil. These ingredients have soothing properties for a moist finish look.'",,18.0,"{'hi_res': ['https://m.media-amazon.com/images/I/41T0WWla-qL._SL1080_.jpg', 'https://m.media-amazon.com/images/I/51kpjqEUulL._SL1000_.jpg', 'https://m.media-amazon.com/images/I/61Rz914ne1L._SL1000_.jpg', 'https://m.media-amazon.com/images/I/619d2a00Z0L._SL1000_.jpg', 'https://m.media-amazon.com/images/I/718mlh3ry5L._SL1500_.jpg', 'https://m.media-amazon.com/images/I/815G9EL3-uL._SL1500_.jpg', 'https://m.media-amazon.com/images/I/71p1QKWO3VL._SL1500_.jpg', 'https://m.media-amazon.com/images/I/51Z3SmHatIL._SL1215_.jpg'], 'large': ['https://m.media-amazon.com/images/I/21KzEm4ql9L.jpg', 'https://m.media-amazon.com/images/I/41lG8-4U4YL.jpg', 'https://m.media-amazon.com/images/I/41s8xHKl1VL.jpg', 'https://m.media-amazon.com/images/I/41+Urcq13CL.jpg', 'https://m.media-amazon.com/images/I/31vF2S4hIjL.jpg', 'https://m.media-amazon.com/images/I/41I3VJrkLrL.jpg', 'https://m.media-amazon.com/images/I/31w7lP5n+rL.jpg', 'https://m.media-amazon.com/images/I/41chJijDE-L.jpg'], 'thumb': ['https://m.media-amazon.com/images/I/21KzEm4ql9L._SS40_.jpg', 'https://m.media-amazon.com/images/I/41lG8-4U4YL._SS40_.jpg', 'https://m.media-amazon.com/images/I/41s8xHKl1VL._SS40_.jpg', 'https://m.media-amazon.com/images/I/41+Urcq13CL._SS40_.jpg', 'https://m.media-amazon.com/images/I/31vF2S4hIjL._SS40_.jpg', 'https://m.media-amazon.com/images/I/41I3VJrkLrL._SS40_.jpg', 'https://m.media-amazon.com/images/I/31w7lP5n+rL._SS40_.jpg', 'https://m.media-amazon.com/images/I/41chJijDE-L._SS40_.jpg'], 'variant': ['MAIN', 'PT01', 'PT02', 'PT03', 'PT04', 'PT05', 'PT06', 'PT07']}","{'title': ['Mizon Cicaluronic Cleansing Balm', 'Cicaluronic Cleansing Balm, Make-up Remover by Mizon', 'OK balm', 'MIZON Cicaluronic Cleansing Balm', 'Gets the job done!', 'Cicaluronic Moisturizer Video'], 'url': ['https://www.amazon.com/vdp/060d6da738ae4604b8f1fc3ae586672c?ref=dp_vse_rvc_0', 'https://www.amazon.com/vdp/02cd0e057990486db7edb1911d135dc0?ref=dp_vse_rvc_1', 'https://www.amazon.com/vdp/edd79c5312804a7398c65825976d49c8?ref=dp_vse_rvc_2', 'https://www.amazon.com/vdp/0a3d5f1128d344f4b378bea7fbdbb83c?ref=dp_vse_rvc_3', 'https://www.amazon.com/vdp/0f05f5fd3100434cae927e4dc1a90e92?ref=dp_vse_rvc_4', 'https://www.amazon.com/vdp/008adb9c2ae24c2f899f8d83f3b5be69?ref=dp_vse_rvc_5'], 'user_id': ['', '', 'AE2CTADTALTKJFIXZHCSVZF4NHPQ', '', 'AG4MQ35SK2G464UIIYMVAGRNRCMA', '']}",MIZON,,"Package Dimensions: 2.99 x 2.91 x 2.05 inches; 6.74 Ounces, Item model number: 8809606850345",B08L3J4FB9,,,,"Parent ASIN: B08L3J4FB9; Title: MIZON Cicaluronic Line, Cicaluronic Cleansing Balm, Makeup Remover, Centella Asiatica,Hyaluronic Acid, One Step Cleansing (2.7 fl oz); Author: *; Description: *; Features: Features: 🔹One Step Cleansing Cleansing balm that quickly and easily melts even the strongest of makeup and removes impurities. A cleansing balm that doesn't sting the eyes or dry up your skin!, '🔹More than a Cleanser Completely cleanses and hydrates in one simple step! Adds moisture and soothes the skin, providing a refreshing finish without an oily residue.', 🔹 Premium Complex Catering to meet your needs, we MIZON's created our original complex that brings a cooling effect and much more care to your skin. Cicaluronic is the perfect mix of 8 kinds of Hyaluronic Acids and 8 types of Centella Asiatica., '🔹Key Ingredients Centella Asiatica & Hyaluronic Acid are well-known ingredients that soothe and highly hydrate sensitive and acne-prone skin, solving skin troubles and dryness at once.', '🔹Bonus Ingredients This Cicaluronic Cleansing Balm has other key ingredients like Aloe, Jojoba, Turmeric, and Basil. These ingredients have soothing properties for a moist finish look.' - Details: Package Dimensions: 2.99 x 2.91 x 2.05 inches; 6.74 Ounces, Item model number: 8809606850345; Store: Store: MIZON; Categories: *; Price: Price: 18.0;"
All Beauty,"Color Me Cosmetics Gel Manicure Kit with LED Lamp - DIY Gel Nail Starter Set with Prep, Base and Top Coat, 2 Gel Polish Colors & Nail Tools - Beginner Nail Kit with Everything You Need Made in USA*",3.9,54,,,None,"{'hi_res': ['https://m.media-amazon.com/images/I/71AsRfsZhUL._SL1500_.jpg', 'https://m.media-amazon.com/images/I/614cJLWexdL._SL1080_.jpg', 'https://m.media-amazon.com/images/I/71ns21DL0fL._SL1500_.jpg', 'https://m.media-amazon.com/images/I/61XwPEZDFvL._SL1080_.jpg', 'https://m.media-amazon.com/images/I/71MrpuIqxlL._SL1500_.jpg', 'https://m.media-amazon.com/images/I/618s9VSwpJL._SL1080_.jpg', 'https://m.media-amazon.com/images/I/61MddqKdGZL._SL1080_.jpg'], 'large': ['https://m.media-amazon.com/images/I/41iZDN+BQmL.jpg', 'https://m.media-amazon.com/images/I/51kol34JOTL.jpg', 'https://m.media-amazon.com/images/I/41H9XyNE+pL.jpg', 'https://m.media-amazon.com/images/I/41yfrNEfJQL.jpg', 'https://m.media-amazon.com/images/I/51AhJCi7dqL.jpg', 'https://m.media-amazon.com/images/I/51QaaEEVUpL.jpg', 'https://m.media-amazon.com/images/I/41ZiloElVbL.jpg'], 'thumb': ['https://m.media-amazon.com/images/I/41iZDN+BQmL._SS40_.jpg', 'https://m.media-amazon.com/images/I/51kol34JOTL._SS40_.jpg', 'https://m.media-amazon.com/images/I/41H9XyNE+pL._SS40_.jpg', 'https://m.media-amazon.com/images/I/41yfrNEfJQL._SS40_.jpg', 'https://m.media-amazon.com/images/I/51AhJCi7dqL._SS40_.jpg', 'https://m.media-amazon.com/images/I/51QaaEEVUpL._SS40_.jpg', 'https://m.media-amazon.com/images/I/41ZiloElVbL._SS40_.jpg'], 'variant': ['MAIN', 'PT01', 'PT02', 'PT03', 'PT04', 'PT05', 'PT06']}","{'title': [], 'url': [], 'user_id': []}",Color Me Cosmetics,,"Material: Acrylic, Brand: Color Me Cosmetics, Included Components: Top Coat, Nail File, Finish Type: Glossy, Item Form: Gel, Package Dimensions: 8.6 x 7.6 x 2.7 inches; 1.4 Pounds",B0813ZQG3T,,,,"Parent ASIN: B0813ZQG3T; Title: Color Me Cosmetics Gel Manicure Kit with LED Lamp - DIY Gel Nail Starter Set with Prep, Base and Top Coat, 2 Gel Polish Colors & Nail Tools - Beginner Nail Kit with Everything You Need Made in USA*; Author: *; Description: *; Features: * - Details: Material: Acrylic, Brand: Color Me Cosmetics, Included Components: Top Coat, Nail File, Finish Type: Glossy, Item Form: Gel, Package Dimensions: 8.6 x 7.6 x 2.7 inches; 1.4 Pounds; Store: Store: Color Me Cosmetics; Categories: *; Price: Price: None;"
All Beauty,"Face Lift Tapes for Instant Face, Neck and Eye Lift Kit Tape",2.3,16,,,None,"{'hi_res': ['https://m.media-amazon.com/images/I/61S1AfK+L8L._SL1275_.jpg', None, 'https://m.media-amazon.com/images/I/41UwbsXbnNL._SL1000_.jpg', 'https://m.media-amazon.com/images/I/41mygzaqS9L._SL1000_.jpg'], 'large': ['https://m.media-amazon.com/images/I/410zXP-EAaL.jpg', 'https://m.media-amazon.com/images/I/51nDVxalNiL.jpg', 'https://m.media-amazon.com/images/I/31mQ1Al24LL.jpg', 'https://m.media-amazon.com/images/I/21KjQqJu2xL.jpg'], 'thumb': ['https://m.media-amazon.com/images/I/410zXP-EAaL._SS40_.jpg', 'https://m.media-amazon.com/images/I/51nDVxalNiL._SS40_.jpg', 'https://m.media-amazon.com/images/I/31mQ1Al24LL._SS40_.jpg', 'https://m.media-amazon.com/images/I/21KjQqJu2xL._SS40_.jpg'], 'variant': ['MAIN', 'PT01', 'PT02', 'PT03']}","{'title': [], 'url': [], 'user_id': []}",C CRYSTAL LEMON,,"Brand: C CRYSTAL LEMON, Unit Count: 40.00 Count, Skin Tone: All, Package Dimensions: 5.67 x 3.35 x 0.87 inches; 0.6 Ounces, UPC: 725330346603",B07VG2W8TT,,,,"Parent ASIN: B07VG2W8TT; Title: Face Lift Tapes for Instant Face, Neck and Eye Lift Kit Tape; Author: *; Description: *; Features: * - Details: Brand: C CRYSTAL LEMON, Unit Count: 40.00 Count, Skin Tone: All, Package Dimensions: 5.67 x 3.35 x 0.87 inches; 0.6 Ounces, UPC: 725330346603; Store: Store: C CRYSTAL LEMON; Categories: *; Price: Price: None;"
All Beauty,Segbeauty empty bottle 290,4.8,4920,,,None,"{'hi_res': ['https://m.media-amazon.com/images/I/51U7dZhvu8L._SL1500_.jpg', 'https://m.media-amazon.com/images/I/71aTTrBRhwL._SL1500_.jpg', 'https://m.media-amazon.com/images/I/71IGqAXIs1L._SL1500_.jpg', 'https://m.media-amazon.com/images/I/61X3pfSBAtL._SL1500_.jpg', 'https://m.media-amazon.com/images/I/61AHlZqqjoL._SL1500_.jpg', 'https://m.media-amazon.com/images/I/8160tsGjunL._SL1500_.jpg'], 'large': ['https://m.media-amazon.com/images/I/31oTJurWykL.jpg', 'https://m.media-amazon.com/images/I/510OXZJMzEL.jpg', 'https://m.media-amazon.com/images/I/51AkIBlhgeL.jpg', 'https://m.media-amazon.com/images/I/31DUWhla92L.jpg', 'https://m.media-amazon.com/images/I/31+dJT6GfiL.jpg', 'https://m.media-amazon.com/images/I/51i3lPKZQbL.jpg'], 'thumb': ['https://m.media-amazon.com/images/I/31oTJurWykL._SS40_.jpg', 'https://m.media-amazon.com/images/I/510OXZJMzEL._SS40_.jpg', 'https://m.media-amazon.com/images/I/51AkIBlhgeL._SS40_.jpg', 'https://m.media-amazon.com/images/I/31DUWhla92L._SS40_.jpg', 'https://m.media-amazon.com/images/I/31+dJT6GfiL._SS40_.jpg', 'https://m.media-amazon.com/images/I/51i3lPKZQbL._SS40_.jpg'], 'variant': ['MAIN', 'PT01', 'PT02', 'PT03', 'PT04', 'PT05']}","{'title': [], 'url': [], 'user_id': []}",TruuMe,,"Brand: Segbeauty, Color: Clear, Material Type Free: Dairy Free, Item Weight: 3.4 Ounces, Bottle Nipple Type: Vented, Package Dimensions: 7.99 x 3.19 x 2.24 inches; 3.4 Ounces, Item model number: AM-160083-03, UPC: 701822757553 701822760621",B07TLMZL3T,,,,"Parent ASIN: B07TLMZL3T; Title: Segbeauty empty bottle 290; Author: *; Description: *; Features: * - Details: Brand: Segbeauty, Color: Clear, Material Type Free: Dairy Free, Item Weight: 3.4 Ounces, Bottle Nipple Type: Vented, Package Dimensions: 7.99 x 3.19 x 2.24 inches; 3.4 Ounces, Item model number: AM-160083-03, UPC: 701822757553 701822760621; Store: Store: TruuMe; Categories: *; Price: Price: None;"
All Beauty,3D Mask Bracket - Internal Support Holder Frame Nose Breathing Smoothly- Lipstick Protection Cool Mask Bracket - DIY Face Mask Accessories - 5Pcs (L-Adult),3.5,156,"'❤-Outfits Set Include: 1 pack of 5 3D mask bracket (not including mask or cloth, etc.).', '❤-Size: about 10*9*4.2cm / 3.9*3.51*1.64 inches, enough space for various masks.', '❤-Unique design: designed to fit the face of the nose bridge, breathing more smoothly, breathable and not stuffy.', '❤-Ideal Saver for Makeup - It makes the mask not to stick lipstick, protecting your perfect makeup from being messed up.If you wear glasses, 3D Inner Bracket can also prevent the lens from fogging because of more breathing space.', '❤ 3D Inner Bracket also suitable for various ma-sks.Using double sided tape or thread to fasten the silicone frame onto the mask can make it work better.'","'❤-Outfits Set Include: 1 pack of 5 3D mask bracket (not including mask or cloth, etc.). ❤-Size: about 10*9*4.2cm / 3.9*3.51*1.64 inches, enough space for various masks. ❤-Unique design: designed to fit the face of the nose bridge, breathing more smoothly, breathable and not stuffy. ❤-Ideal Saver for Makeup - It makes the mask not to stick lipstick, protecting your perfect makeup from being messed up.If you wear glasses, 3D Inner Bracket can also prevent the lens from fogging because of more breathing space. ❤ 3D Inner Bracket also suitable for various ma-sks.Using double sided tape or thread to fasten the silicone frame onto the mask can make it work better.'",None,"{'hi_res': ['https://m.media-amazon.com/images/I/51CYx8thi3L._SL1005_.jpg', 'https://m.media-amazon.com/images/I/51hkCT1WlvL._SL1005_.jpg', 'https://m.media-amazon.com/images/I/61gHuibDawL._SL1005_.jpg', 'https://m.media-amazon.com/images/I/61sRvNDAdXL._SL1005_.jpg', 'https://m.media-amazon.com/images/I/61d2QBAqRTL._SL1005_.jpg', 'https://m.media-amazon.com/images/I/61V5xzrGBVL._SL1005_.jpg', 'https://m.media-amazon.com/images/I/41sS5hZpNFL._SL1001_.jpg'], 'large': ['https://m.media-amazon.com/images/I/41zP3WSEd-L.jpg', 'https://m.media-amazon.com/images/I/41TK78rBb1L.jpg', 'https://m.media-amazon.com/images/I/5194GRXq5oL.jpg', 'https://m.media-amazon.com/images/I/41H5INdzYDL.jpg', 'https://m.media-amazon.com/images/I/51J7NTvJuqL.jpg', 'https://m.media-amazon.com/images/I/51B6utPX-EL.jpg', 'https://m.media-amazon.com/images/I/311pVDtu2FL.jpg'], 'thumb': ['https://m.media-amazon.com/images/I/41zP3WSEd-L._SS40_.jpg', 'https://m.media-amazon.com/images/I/41TK78rBb1L._SS40_.jpg', 'https://m.media-amazon.com/images/I/5194GRXq5oL._SS40_.jpg', 'https://m.media-amazon.com/images/I/41H5INdzYDL._SS40_.jpg', 'https://m.media-amazon.com/images/I/51J7NTvJuqL._SS40_.jpg', 'https://m.media-amazon.com/images/I/51B6utPX-EL._SS40_.jpg', 'https://m.media-amazon.com/images/I/311pVDtu2FL._SS40_.jpg'], 'variant': ['MAIN', 'PT01', 'PT02', 'PT03', 'PT04', 'PT05', 'PT06']}","{'title': [], 'url': [], 'user_id': []}",Vedory,,"Package Dimensions: 6.3 x 4.72 x 2.36 inches; 1.41 Ounces, UPC: 800914455053, Manufacturer: Vedory",B08FBHNBP1,,,,"Parent ASIN: B08FBHNBP1; Title: 3D Mask Bracket - Internal Support Holder Frame Nose Breathing Smoothly- Lipstick Protection Cool Mask Bracket - DIY Face Mask Accessories - 5Pcs (L-Adult); Author: *; Description: Description: '❤-Outfits Set Include: 1 pack of 5 3D mask bracket (not including mask or cloth, etc.). ❤-Size: about 10*9*4.2cm / 3.9*3.51*1.64 inches, enough space for various masks. ❤-Unique design: designed to fit the face of the nose bridge, breathing more smoothly, breathable and not stuffy. ❤-Ideal Saver for Makeup - It makes the mask not to stick lipstick, protecting your perfect makeup from being messed up.If you wear glasses, 3D Inner Bracket can also prevent the lens from fogging because of more breathing space. ❤ 3D Inner Bracket also suitable for various ma-sks.Using double sided tape or thread to fasten the silicone frame onto the mask can make it work better.'; Features: Features: '❤-Outfits Set Include: 1 pack of 5 3D mask bracket (not including mask or cloth, etc.).', '❤-Size: about 10*9*4.2cm / 3.9*3.51*1.64 inches, enough space for various masks.', '❤-Unique design: designed to fit the face of the nose bridge, breathing more smoothly, breathable and not stuffy.', '❤-Ideal Saver for Makeup - It makes the mask not to stick lipstick, protecting your perfect makeup from being messed up.If you wear glasses, 3D Inner Bracket can also prevent the lens from fogging because of more breathing space.', '❤ 3D Inner Bracket also suitable for various ma-sks.Using double sided tape or thread to fasten the silicone frame onto the mask can make it work better.' - Details: Package Dimensions: 6.3 x 4.72 x 2.36 inches; 1.41 Ounces, UPC: 800914455053, Manufacturer: Vedory; Store: Store: Vedory; Categories: *; Price: Price: None;"
All Beauty,"Purple Shampoo and Conditioner Set - No, Orange, Yellow or Brassy Tones - Best Toner Treatment for Brassiness - Blonde, Grey, Bleached or Silver Hair - Sulfate Free",4.0,876,,,None,"{'hi_res': ['https://m.media-amazon.com/images/I/71ppDx21ACS._SL1350_.jpg', 'https://m.media-amazon.com/images/I/818lqrrRRnL._SL1500_.jpg', 'https://m.media-amazon.com/images/I/81876c9uIGL._SL1500_.jpg', 'https://m.media-amazon.com/images/I/81FpsqfteVL._SL1500_.jpg', 'https://m.media-amazon.com/images/I/81xzwmTw-GL._SL1500_.jpg', 'https://m.media-amazon.com/images/I/81iQxnYvcHL._SL1500_.jpg', 'https://m.media-amazon.com/images/I/811tb9ZZMWL._SL1500_.jpg', 'https://m.media-amazon.com/images/I/71RtYMz8ZLL._SL1350_.jpg'], 'large': ['https://m.media-amazon.com/images/I/51W8yMkxGiS.jpg', 'https://m.media-amazon.com/images/I/51I9O7eQn4L.jpg', 'https://m.media-amazon.com/images/I/51oAcxfyJdL.jpg', 'https://m.media-amazon.com/images/I/51-++4auZ0L.jpg', 'https://m.media-amazon.com/images/I/51jByGBiw1L.jpg', 'https://m.media-amazon.com/images/I/51Z-QMApOXL.jpg', 'https://m.media-amazon.com/images/I/51dV9D-qWXL.jpg', 'https://m.media-amazon.com/images/I/5159ufHZNtL.jpg'], 'thumb': ['https://m.media-amazon.com/images/I/51W8yMkxGiS._SS40_.jpg', 'https://m.media-amazon.com/images/I/51I9O7eQn4L._SS40_.jpg', 'https://m.media-amazon.com/images/I/51oAcxfyJdL._SS40_.jpg', 'https://m.media-amazon.com/images/I/51-++4auZ0L._SS40_.jpg', 'https://m.media-amazon.com/images/I/51jByGBiw1L._SS40_.jpg', 'https://m.media-amazon.com/images/I/51Z-QMApOXL._SS40_.jpg', 'https://m.media-amazon.com/images/I/51dV9D-qWXL._SS40_.jpg', 'https://m.media-amazon.com/images/I/5159ufHZNtL._SS40_.jpg'], 'variant': ['MAIN', 'PT01', 'PT02', 'PT03', 'PT04', 'PT05', 'PT06', 'PT07']}","{'title': [], 'url': [], 'user_id': []}",PURE NATURE LUX SPA,,"Product Benefits: Nourishing,Clean,Gentle, Material Type Free: Sulfate Free, Item Form: Gel, Brand: PURE NATURE LUX SPA, Hair Type: Color, Package Dimensions: 7.68 x 6.06 x 3.19 inches; 2.68 Pounds, Item model number: PURE NATURE LUX SPA, UPC: 765066671143",B08RY6S25W,,,,"Parent ASIN: B08RY6S25W; Title: Purple Shampoo and Conditioner Set - No, Orange, Yellow or Brassy Tones - Best Toner Treatment for Brassiness - Blonde, Grey, Bleached or Silver Hair - Sulfate Free; Author: *; Description: *; Features: * - Details: Product Benefits: Nourishing,Clean,Gentle, Material Type Free: Sulfate Free, Item Form: Gel, Brand: PURE NATURE LUX SPA, Hair Type: Color, Package Dimensions: 7.68 x 6.06 x 3.19 inches; 2.68 Pounds, Item model number: PURE NATURE LUX SPA, UPC: 765066671143; Store: Store: PURE NATURE LUX SPA; Categories: *; Price: Price: None;"
All Beauty,"Pretty Frank Natural Deodorant - No Aluminum Deodorant for Women, Men, Teens, & Kids – Paraben Sulfate Free Solid Deodorant Featuring Shea Butter, Coconut Oil, Vitamin E & Baking Soda (Lavender)",3.9,114,,,None,"{'hi_res': ['https://m.media-amazon.com/images/I/61qfWanz31L._SL1500_.jpg', 'https://m.media-amazon.com/images/I/91sMbFq+pSL._SL1500_.jpg', 'https://m.media-amazon.com/images/I/81BssEAeDsL._SL1500_.jpg', 'https://m.media-amazon.com/images/I/717keaj39IL._SL1500_.jpg', 'https://m.media-amazon.com/images/I/71xBvorqB7L._SL1500_.jpg', 'https://m.media-amazon.com/images/I/81h4icS6ZiL._SL1500_.jpg'], 'large': ['https://m.media-amazon.com/images/I/31jMOrr9ubL.jpg', 'https://m.media-amazon.com/images/I/51EgZXuZsqL.jpg', 'https://m.media-amazon.com/images/I/41ca6lrfO8L.jpg', 'https://m.media-amazon.com/images/I/411naeTZLLL.jpg', 'https://m.media-amazon.com/images/I/41NVqewJoNL.jpg', 'https://m.media-amazon.com/images/I/51xAyadhmNL.jpg'], 'thumb': ['https://m.media-amazon.com/images/I/31jMOrr9ubL._SS40_.jpg', 'https://m.media-amazon.com/images/I/51EgZXuZsqL._SS40_.jpg', 'https://m.media-amazon.com/images/I/41ca6lrfO8L._SS40_.jpg', 'https://m.media-amazon.com/images/I/411naeTZLLL._SS40_.jpg', 'https://m.media-amazon.com/images/I/41NVqewJoNL._SS40_.jpg', 'https://m.media-amazon.com/images/I/51xAyadhmNL._SS40_.jpg'], 'variant': ['MAIN', 'PT01', 'PT02', 'PT03', 'PT04', 'PT05']}","{'title': [], 'url': [], 'user_id': []}",PRETTY FRANK,,"Brand: PRETTY FRANK, Item Form: Powder, Scent: Lavender, Coconut, Material Feature: Natural, Number of Items: 1, Package Dimensions: 5.87 x 5.12 x 1.14 inches; 4.23 Ounces, Item model number: DSF-BS-LAV",B086M8MZGB,,,,"Parent ASIN: B086M8MZGB; Title: Pretty Frank Natural Deodorant - No Aluminum Deodorant for Women, Men, Teens, & Kids – Paraben Sulfate Free Solid Deodorant Featuring Shea Butter, Coconut Oil, Vitamin E & Baking Soda (Lavender); Author: *; Description: *; Features: * - Details: Brand: PRETTY FRANK, Item Form: Powder, Scent: Lavender, Coconut, Material Feature: Natural, Number of Items: 1, Package Dimensions: 5.87 x 5.12 x 1.14 inches; 4.23 Ounces, Item model number: DSF-BS-LAV; Store: Store: PRETTY FRANK; Categories: *; Price: Price: None;"
All Beauty,Hylunia Hydrate Body Wash - Energizing Blend With Mango 8.5 oz,3.4,30,,,None,"{'hi_res': [None, None, None, None, None, None], 'large': ['https://m.media-amazon.com/images/I/31Ixbh+JFaL.jpg', 'https://m.media-amazon.com/images/I/41sV80zCS9L.jpg', 'https://m.media-amazon.com/images/I/41WDRRkefFL.jpg', 'https://m.media-amazon.com/images/I/315scpm5WgL.jpg', 'https://m.media-amazon.com/images/I/31gbM0s7I5L.jpg', 'https://m.media-amazon.com/images/I/41DgfeADsVL.jpg'], 'thumb': ['https://m.media-amazon.com/images/I/31Ixbh+JFaL._SS40_.jpg', 'https://m.media-amazon.com/images/I/41sV80zCS9L._SS40_.jpg', 'https://m.media-amazon.com/images/I/41WDRRkefFL._SS40_.jpg', 'https://m.media-amazon.com/images/I/315scpm5WgL._SS40_.jpg', 'https://m.media-amazon.com/images/I/31gbM0s7I5L._SS40_.jpg', 'https://m.media-amazon.com/images/I/41DgfeADsVL._SS40_.jpg'], 'variant': ['MAIN', 'PT01', 'PT02', 'PT03', 'PT04', 'PT05']}","{'title': [], 'url': [], 'user_id': []}",Hylunia,,"Product Dimensions: 2 x 2 x 5 inches; 11.22 Ounces, Item model number: 059ENM-250-R, UPC: 185449000313",B07YNDWRCB,,,,"Parent ASIN: B07YNDWRCB; Title: Hylunia Hydrate Body Wash - Energizing Blend With Mango 8.5 oz; Author: *; Description: *; Features: * - Details: Product Dimensions: 2 x 2 x 5 inches; 11.22 Ounces, Item model number: 059ENM-250-R, UPC: 185449000313; Store: Store: Hylunia; Categories: *; Price: Price: None;"
All Beauty,"SAISZE Jaw Exerciser, Facial Fat Burner Double Chin Reducer Eliminator for Jawline Shaper, Neck Muscle Training Helps Face Slimming for Men Women (Blue)",3.2,42,,,None,"{'hi_res': ['https://m.media-amazon.com/images/I/518SsNC-OyL._SL1000_.jpg', 'https://m.media-amazon.com/images/I/719sR5VpX0L._SL1500_.jpg', 'https://m.media-amazon.com/images/I/71g62Xd6RUL._SL1500_.jpg', 'https://m.media-amazon.com/images/I/71s3oYkTS0L._SL1500_.jpg', 'https://m.media-amazon.com/images/I/612o7MAzU9L._SL1500_.jpg', 'https://m.media-amazon.com/images/I/71TwMfhCffL._SL1500_.jpg', 'https://m.media-amazon.com/images/I/71BYnTLoLWL._SL1500_.jpg'], 'large': ['https://m.media-amazon.com/images/I/41Qc-EdfakL.jpg', 'https://m.media-amazon.com/images/I/51vkmg56xUL.jpg', 'https://m.media-amazon.com/images/I/51e-A2XJiZL.jpg', 'https://m.media-amazon.com/images/I/41Lm3J-cavL.jpg', 'https://m.media-amazon.com/images/I/41EpBwKA6bL.jpg', 'https://m.media-amazon.com/images/I/510bmTP13YL.jpg', 'https://m.media-amazon.com/images/I/41ubhXofKsL.jpg'], 'thumb': ['https://m.media-amazon.com/images/I/41Qc-EdfakL._SS40_.jpg', 'https://m.media-amazon.com/images/I/51vkmg56xUL._SS40_.jpg', 'https://m.media-amazon.com/images/I/51e-A2XJiZL._SS40_.jpg', 'https://m.media-amazon.com/images/I/41Lm3J-cavL._SS40_.jpg', 'https://m.media-amazon.com/images/I/41EpBwKA6bL._SS40_.jpg', 'https://m.media-amazon.com/images/I/510bmTP13YL._SS40_.jpg', 'https://m.media-amazon.com/images/I/41ubhXofKsL._SS40_.jpg'], 'variant': ['MAIN', 'PT01', 'PT02', 'PT03', 'PT04', 'PT05', 'PT06']}","{'title': [], 'url': [], 'user_id': []}",SAISZE,,Package Dimensions: 7.68 x 4.69 x 1.77 inches; 2.4 Ounces,B08L3W279N,,,,"Parent ASIN: B08L3W279N; Title: SAISZE Jaw Exerciser, Facial Fat Burner Double Chin Reducer Eliminator for Jawline Shaper, Neck Muscle Training Helps Face Slimming for Men Women (Blue); Author: *; Description: *; Features: * - Details: Package Dimensions: 7.68 x 4.69 x 1.77 inches; 2.4 Ounces; Store: Store: SAISZE; Categories: *; Price: Price: None;"
All Beauty,2PCS Hair Clips Hairpin Headwear Styling Tools Double Layer Twist Plait Tools Hairstyle Hair Twister Clip Multi-Layer Hollow Woven Double Bangs for Knitting Hair,3.8,15,,,None,"{'hi_res': ['https://m.media-amazon.com/images/I/610XC-D-nyL._SL1001_.jpg', 'https://m.media-amazon.com/images/I/61X-vrMfjQL._SL1001_.jpg', 'https://m.media-amazon.com/images/I/5158rwHo21L._SL1001_.jpg', 'https://m.media-amazon.com/images/I/51Bvh9QOHUL._SL1001_.jpg'], 'large': ['https://m.media-amazon.com/images/I/41PTiCMRUdL.jpg', 'https://m.media-amazon.com/images/I/51b2wBqoDtL.jpg', 'https://m.media-amazon.com/images/I/31jgUMyvlzL.jpg', 'https://m.media-amazon.com/images/I/31lr7fHs8rL.jpg'], 'thumb': ['https://m.media-amazon.com/images/I/41PTiCMRUdL._SS40_.jpg', 'https://m.media-amazon.com/images/I/51b2wBqoDtL._SS40_.jpg', 'https://m.media-amazon.com/images/I/31jgUMyvlzL._SS40_.jpg', 'https://m.media-amazon.com/images/I/31lr7fHs8rL._SS40_.jpg'], 'variant': ['MAIN', 'PT01', 'PT02', 'PT03']}","{'title': [], 'url': [], 'user_id': []}",ZDU,,"Brand: ZDU, Hair Type: All, Age Range (Description): Adult, Occasion: Wedding, Birthdays, Unit Count: 1.00 Count, Package Dimensions: 4.68 x 2.4 x 1.06 inches; 0.63 Ounces",B08GC5GSNG,,,,"Parent ASIN: B08GC5GSNG; Title: 2PCS Hair Clips Hairpin Headwear Styling Tools Double Layer Twist Plait Tools Hairstyle Hair Twister Clip Multi-Layer Hollow Woven Double Bangs for Knitting Hair; Author: *; Description: *; Features: * - Details: Brand: ZDU, Hair Type: All, Age Range (Description): Adult, Occasion: Wedding, Birthdays, Unit Count: 1.00 Count, Package Dimensions: 4.68 x 2.4 x 1.06 inches; 0.63 Ounces; Store: Store: ZDU; Categories: *; Price: Price: None;"
All Beauty,Wiwoseo Faux Mink Lashes False Eyelashes Dramatic 20MM Long Wispy Cat Eyes Look Lashes 20 Pairs Mixed 2 Styles Fake Eye Lashes Wholesale Pack,4.4,74,,,None,"{'hi_res': ['https://m.media-amazon.com/images/I/91EsvK9tJbL._SL1500_.jpg', 'https://m.media-amazon.com/images/I/81ipniuPnbL._SL1500_.jpg', 'https://m.media-amazon.com/images/I/91fnv06YO5L._SL1500_.jpg', 'https://m.media-amazon.com/images/I/91KPeyaugwL._SL1500_.jpg', 'https://m.media-amazon.com/images/I/914RLAiq14L._SL1500_.jpg', 'https://m.media-amazon.com/images/I/91GrTpH5quL._SL1500_.jpg', 'https://m.media-amazon.com/images/I/91D1qpPsXSL._SL1500_.jpg'], 'large': ['https://m.media-amazon.com/images/I/51LQHMc65IL.jpg', 'https://m.media-amazon.com/images/I/51gT6INOLVL.jpg', 'https://m.media-amazon.com/images/I/51-al-beXAL.jpg', 'https://m.media-amazon.com/images/I/612oebW8JpL.jpg', 'https://m.media-amazon.com/images/I/61EycvpKP1L.jpg', 'https://m.media-amazon.com/images/I/61MyoEs2v9L.jpg', 'https://m.media-amazon.com/images/I/51e-y+VWV7L.jpg'], 'thumb': ['https://m.media-amazon.com/images/I/51LQHMc65IL._SS40_.jpg', 'https://m.media-amazon.com/images/I/51gT6INOLVL._SS40_.jpg', 'https://m.media-amazon.com/images/I/51-al-beXAL._SS40_.jpg', 'https://m.media-amazon.com/images/I/612oebW8JpL._SS40_.jpg', 'https://m.media-amazon.com/images/I/61EycvpKP1L._SS40_.jpg', 'https://m.media-amazon.com/images/I/61MyoEs2v9L._SS40_.jpg', 'https://m.media-amazon.com/images/I/51e-y+VWV7L._SS40_.jpg'], 'variant': ['MAIN', 'PT01', 'PT02', 'PT03', 'PT04', 'PT05', 'PT06']}","{'title': [], 'url': [], 'user_id': []}",wiwoseo,,"Brand: Wiwoseo, Material: Faux Mink, Cotton, Material Feature: Cruelty Free, Item Form: Pair, Mounting Type: Eyelash Glue, Package Dimensions: 9 x 7.6 x 0.7 inches; 1.59 Ounces, Item model number: F1507-5",B08HCMNLKD,,,,"Parent ASIN: B08HCMNLKD; Title: Wiwoseo Faux Mink Lashes False Eyelashes Dramatic 20MM Long Wispy Cat Eyes Look Lashes 20 Pairs Mixed 2 Styles Fake Eye Lashes Wholesale Pack; Author: *; Description: *; Features: * - Details: Brand: Wiwoseo, Material: Faux Mink, Cotton, Material Feature: Cruelty Free, Item Form: Pair, Mounting Type: Eyelash Glue, Package Dimensions: 9 x 7.6 x 0.7 inches; 1.59 Ounces, Item model number: F1507-5; Store: Store: wiwoseo; Categories: *; Price: Price: None;"
All Beauty,"Gel UV Nail Lamp, AsperX 150W LED Nail Dryer Gel Nail Polish Light Curing Lamp Kit Smart Auto-sensing with 10/30/60/99s Timer",4.3,621,,,None,"{'hi_res': ['https://m.media-amazon.com/images/I/61tj23pCzmL._SL1200_.jpg', 'https://m.media-amazon.com/images/I/61WNC6lcqDL._SL1200_.jpg', 'https://m.media-amazon.com/images/I/61C+g+K-wOL._SL1200_.jpg', 'https://m.media-amazon.com/images/I/71vS9sWObhL._SL1200_.jpg', 'https://m.media-amazon.com/images/I/51RhM903XtL._SL1200_.jpg', 'https://m.media-amazon.com/images/I/61EVpuKQ4zL._SL1200_.jpg', 'https://m.media-amazon.com/images/I/61x-xSUxBpL._SL1200_.jpg'], 'large': ['https://m.media-amazon.com/images/I/412-IbzR3CL.jpg', 'https://m.media-amazon.com/images/I/41yiuq9gv8L.jpg', 'https://m.media-amazon.com/images/I/412dazEEAtL.jpg', 'https://m.media-amazon.com/images/I/51vXkHBmGcL.jpg', 'https://m.media-amazon.com/images/I/41YcfM20-tL.jpg', 'https://m.media-amazon.com/images/I/51C4JfUYglL.jpg', 'https://m.media-amazon.com/images/I/41N2Zh95AGL.jpg'], 'thumb': ['https://m.media-amazon.com/images/I/412-IbzR3CL._SS40_.jpg', 'https://m.media-amazon.com/images/I/41yiuq9gv8L._SS40_.jpg', 'https://m.media-amazon.com/images/I/412dazEEAtL._SS40_.jpg', 'https://m.media-amazon.com/images/I/51vXkHBmGcL._SS40_.jpg', 'https://m.media-amazon.com/images/I/41YcfM20-tL._SS40_.jpg', 'https://m.media-amazon.com/images/I/51C4JfUYglL._SS40_.jpg', 'https://m.media-amazon.com/images/I/41N2Zh95AGL._SS40_.jpg'], 'variant': ['MAIN', 'PT01', 'PT02', 'PT03', 'PT04', 'PT05', 'PT06']}","{'title': [], 'url': [], 'user_id': []}",AsperX,,"Brand: AsperX, Material: Gel, Item Dimensions LxWxH: 8.9 x 8.03 x 4.33 inches, Product Dimensions: 8.9\D x 8.03\W x 4.33\H",B085ZRVDKP,,,,"Parent ASIN: B085ZRVDKP; Title: Gel UV Nail Lamp, AsperX 150W LED Nail Dryer Gel Nail Polish Light Curing Lamp Kit Smart Auto-sensing with 10/30/60/99s Timer; Author: *; Description: *; Features: * - Details: Brand: AsperX, Material: Gel, Item Dimensions LxWxH: 8.9 x 8.03 x 4.33 inches, Product Dimensions: 8.9\D x 8.03\W x 4.33\H; Store: Store: AsperX; Categories: *; Price: Price: None;"
All Beauty,"Maya Mari -  Castor Oil Shampoo for Women, Strengthening and Moisturizing Shampoo for Coarse, Textured, and Curly Hair, 32 oz",4.1,46,,,None,"{'hi_res': [None, None, None, None, None, None, None, None, 'https://m.media-amazon.com/images/I/71vQ9wX9LCL._SL1500_.jpg'], 'large': ['https://m.media-amazon.com/images/I/41YmA4-V1gS.jpg', 'https://m.media-amazon.com/images/I/51XL0uMfsmS.jpg', 'https://m.media-amazon.com/images/I/51akgdc-luS.jpg', 'https://m.media-amazon.com/images/I/51jmQcJui1S.jpg', 'https://m.media-amazon.com/images/I/51oRMI6ehZS.jpg', 'https://m.media-amazon.com/images/I/51YlwRcrsSS.jpg', 'https://m.media-amazon.com/images/I/51JmzxXj0eS.jpg', 'https://m.media-amazon.com/images/I/51EqVR0U1IS.jpg', 'https://m.media-amazon.com/images/I/31gIeBOZIPL.jpg'], 'thumb': ['https://m.media-amazon.com/images/I/41YmA4-V1gS._SS40_.jpg', 'https://m.media-amazon.com/images/I/51XL0uMfsmS._SS40_.jpg', 'https://m.media-amazon.com/images/I/51akgdc-luS._SS40_.jpg', 'https://m.media-amazon.com/images/I/51jmQcJui1S._SS40_.jpg', 'https://m.media-amazon.com/images/I/51oRMI6ehZS._SS40_.jpg', 'https://m.media-amazon.com/images/I/51YlwRcrsSS._SS40_.jpg', 'https://m.media-amazon.com/images/I/51JmzxXj0eS._SS40_.jpg', 'https://m.media-amazon.com/images/I/51EqVR0U1IS._SS40_.jpg', 'https://m.media-amazon.com/images/I/31gIeBOZIPL._SS40_.jpg'], 'variant': ['MAIN', 'PT01', 'PT02', 'PT03', 'PT04', 'PT05', 'PT06', 'PT07', 'PT08']}","{'title': [], 'url': [], 'user_id': []}",MAYA MARI,,"Brand: MAYA MARI, Item Form: Liquid, Hair Type: Damaged Hair,Curly Hair, Age Range (Description): Adult, Material Type Free: Paraben Free, Product Dimensions: 4 x 8 x 11 inches; 2 Pounds, Item model number: MMCACCSP, UPC: 850004068229, Manufacturer: HGI Brands",B087ZQG11L,,,,"Parent ASIN: B087ZQG11L; Title: Maya Mari -  Castor Oil Shampoo for Women, Strengthening and Moisturizing Shampoo for Coarse, Textured, and Curly Hair, 32 oz; Author: *; Description: *; Features: * - Details: Brand: MAYA MARI, Item Form: Liquid, Hair Type: Damaged Hair,Curly Hair, Age Range (Description): Adult, Material Type Free: Paraben Free, Product Dimensions: 4 x 8 x 11 inches; 2 Pounds, Item model number: MMCACCSP, UPC: 850004068229, Manufacturer: HGI Brands; Store: Store: MAYA MARI; Categories: *; Price: Price: None;"
All Beauty,"Magnetic Eyelashes with Eyeliner, Invisible Magnetic Mink Magnetic Lashes Kits with 2 Liquid Eyeliner 6 Reusable Waterproof False Eyelashes, Eyelash Tweezers, Best Magnetic Eyeliner for Daily, Party",3.9,67,"'SUPRISE 2 MAGIC EYELINER- You can use the eyeliner pens to apply the eyelashes, Say goodbye to goopy glue,There are one traditional tube shaped eyeliner, and one pen-like eyeliner. The traditional tube shaped eyeliner can better ensure that the eyeliner does not dry. The pen-like eyeliner is used to depict finer Eyeliner details. The two complement each other', 'Portable for Everywhere- Mirror, eyeliner, eyelashes, perfect kit for eye makeup. You can take the small case go anywhere. SISILILY eyelashes are lightweight and comfortable. No more fuss,be ready in an instant.Designed to look natural.', 'VARIETY TYPES FOR YOUR CHOICE- 6 Different mink eyelashes style,As Daily out, Dating,Wedding, Halloween parties, Make-up parties and shopping to help you create a glamorous, natural look. Full strip and fluffy long lashes will give you a more glamorous and feminine look.Meet all your requirement', 'NEWEST EYELINER AND INVISIBLE EYELASHES KIT- Strong Magnet, No glue needed,Only use with the liquid eyeliner in the kit. Hide the old version of the prominent magnet, invisible magnet to make false eyelashes and eyes more fit. Both the eyelashes and eyeliner contain mild and skin-friendly ingredients, 100% safe. No more allergic to glue. Lightweight,healthy and Easy to use,Say goodbye to Protruding magnets eyelashes!', 'Excellent Service- As a perfect gift, congratulations, romantic valentines, anniversary or birthday present ideas for women, mom, girls of all ages. Quality is of the utmost importance to us, We produce our products using high-quality materials and adhere to strict quality control standards! If you encounter any problems during use, please feel free to contact us, we will provide instructions for use, if you encounter any quality problems, We will give you a full refund and a full or repla'",,None,"{'hi_res': ['https://m.media-amazon.com/images/I/81GwgKX1hiL._SL1500_.jpg', 'https://m.media-amazon.com/images/I/812FNEnVwXL._SL1500_.jpg', 'https://m.media-amazon.com/images/I/71YkJgXbVvL._SL1500_.jpg', 'https://m.media-amazon.com/images/I/81roXZ3Kd0L._SL1500_.jpg', 'https://m.media-amazon.com/images/I/71Tcn6x4ZtL._SL1500_.jpg', 'https://m.media-amazon.com/images/I/71O38dPi-3L._SL1500_.jpg', 'https://m.media-amazon.com/images/I/81o5ATmRCfL._SL1500_.jpg', 'https://m.media-amazon.com/images/I/81DEdvUYqwL._SL1500_.jpg'], 'large': ['https://m.media-amazon.com/images/I/51M2IBMsW-L.jpg', 'https://m.media-amazon.com/images/I/51XhbhwtN1L.jpg', 'https://m.media-amazon.com/images/I/51b9Eb4nc3L.jpg', 'https://m.media-amazon.com/images/I/51mhNqrk6ML.jpg', 'https://m.media-amazon.com/images/I/51IvBZZZthL.jpg', 'https://m.media-amazon.com/images/I/51x54H8MaAL.jpg', 'https://m.media-amazon.com/images/I/61fkvuuDk5L.jpg', 'https://m.media-amazon.com/images/I/51q8Bz8CwaL.jpg'], 'thumb': ['https://m.media-amazon.com/images/I/51M2IBMsW-L._SS40_.jpg', 'https://m.media-amazon.com/images/I/51XhbhwtN1L._SS40_.jpg', 'https://m.media-amazon.com/images/I/51b9Eb4nc3L._SS40_.jpg', 'https://m.media-amazon.com/images/I/51mhNqrk6ML._SS40_.jpg', 'https://m.media-amazon.com/images/I/51IvBZZZthL._SS40_.jpg', 'https://m.media-amazon.com/images/I/51x54H8MaAL._SS40_.jpg', 'https://m.media-amazon.com/images/I/61fkvuuDk5L._SS40_.jpg', 'https://m.media-amazon.com/images/I/51q8Bz8CwaL._SS40_.jpg'], 'variant': ['MAIN', 'PT01', 'PT02', 'PT03', 'PT04', 'PT05', 'PT06', 'PT07']}","{'title': [], 'url': [], 'user_id': []}",SISILILY,,"Color: Black, Brand: SISILILY, Material: Mink Fur, Item Dimensions LxWxH: 6.61 x 0.98 x 7.4 inches, Material Feature: Gluten Free, Product Dimensions: 6.61 x 0.98 x 7.4 inches; 5.61 Ounces, Item model number: Magnetic Eyelashes-01, UPC: 763043958041, Manufacturer: Viciley Cosmetic",B08NTD1NM1,,,,"Parent ASIN: B08NTD1NM1; Title: Magnetic Eyelashes with Eyeliner, Invisible Magnetic Mink Magnetic Lashes Kits with 2 Liquid Eyeliner 6 Reusable Waterproof False Eyelashes, Eyelash Tweezers, Best Magnetic Eyeliner for Daily, Party; Author: *; Description: *; Features: Features: 'SUPRISE 2 MAGIC EYELINER- You can use the eyeliner pens to apply the eyelashes, Say goodbye to goopy glue,There are one traditional tube shaped eyeliner, and one pen-like eyeliner. The traditional tube shaped eyeliner can better ensure that the eyeliner does not dry. The pen-like eyeliner is used to depict finer Eyeliner details. The two complement each other', 'Portable for Everywhere- Mirror, eyeliner, eyelashes, perfect kit for eye makeup. You can take the small case go anywhere. SISILILY eyelashes are lightweight and comfortable. No more fuss,be ready in an instant.Designed to look natural.', 'VARIETY TYPES FOR YOUR CHOICE- 6 Different mink eyelashes style,As Daily out, Dating,Wedding, Halloween parties, Make-up parties and shopping to help you create a glamorous, natural look. Full strip and fluffy long lashes will give you a more glamorous and feminine look.Meet all your requirement', 'NEWEST EYELINER AND INVISIBLE EYELASHES KIT- Strong Magnet, No glue needed,Only use with the liquid eyeliner in the kit. Hide the old version of the prominent magnet, invisible magnet to make false eyelashes and eyes more fit. Both the eyelashes and eyeliner contain mild and skin-friendly ingredients, 100% safe. No more allergic to glue. Lightweight,healthy and Easy to use,Say goodbye to Protruding magnets eyelashes!', 'Excellent Service- As a perfect gift, congratulations, romantic valentines, anniversary or birthday present ideas for women, mom, girls of all ages. Quality is of the utmost importance to us, We produce our products using high-quality materials and adhere to strict quality control standards! If you encounter any problems during use, please feel free to contact us, we will provide instructions for use, if you encounter any quality problems, We will give you a full refund and a full or repla' - Details: Color: Black, Brand: SISILILY, Material: Mink Fur, Item Dimensions LxWxH: 6.61 x 0.98 x 7.4 inches, Material Feature: Gluten Free, Product Dimensions: 6.61 x 0.98 x 7.4 inches; 5.61 Ounces, Item model number: Magnetic Eyelashes-01, UPC: 763043958041, Manufacturer: Viciley Cosmetic; Store: Store: SISILILY; Categories: *; Price: Price: None;"
All Beauty,"AUGNORYE 13 Pcs Hair Cutting Scissors Kit, Professional Hair Barber Scissors Kit with Thinning Shears, Home Hair Shears for Women, Men, Kids",3.9,37,,,None,"{'hi_res': ['https://m.media-amazon.com/images/I/61usQ6uKhDL._SL1001_.jpg', 'https://m.media-amazon.com/images/I/61-HN-HFk2L._SL1001_.jpg', 'https://m.media-amazon.com/images/I/61jH879nAnL._SL1001_.jpg', 'https://m.media-amazon.com/images/I/61sw+TfcFhL._SL1001_.jpg', 'https://m.media-amazon.com/images/I/51tkDWTjBdL._SL1001_.jpg', 'https://m.media-amazon.com/images/I/61zZki+eaIL._SL1001_.jpg', 'https://m.media-amazon.com/images/I/71KHB8v18TL._SL1001_.jpg', 'https://m.media-amazon.com/images/I/71ZXGUbPW1L._SL1001_.jpg'], 'large': ['https://m.media-amazon.com/images/I/51PbwXJghHL.jpg', 'https://m.media-amazon.com/images/I/51ku623Q41L.jpg', 'https://m.media-amazon.com/images/I/51-AkOi1nwL.jpg', 'https://m.media-amazon.com/images/I/51zFoGMuXAL.jpg', 'https://m.media-amazon.com/images/I/41uaQsQjGHL.jpg', 'https://m.media-amazon.com/images/I/51X1J6d985L.jpg', 'https://m.media-amazon.com/images/I/51RG++4cNJL.jpg', 'https://m.media-amazon.com/images/I/51Rl1jgvS3L.jpg'], 'thumb': ['https://m.media-amazon.com/images/I/51PbwXJghHL._SS40_.jpg', 'https://m.media-amazon.com/images/I/51ku623Q41L._SS40_.jpg', 'https://m.media-amazon.com/images/I/51-AkOi1nwL._SS40_.jpg', 'https://m.media-amazon.com/images/I/51zFoGMuXAL._SS40_.jpg', 'https://m.media-amazon.com/images/I/41uaQsQjGHL._SS40_.jpg', 'https://m.media-amazon.com/images/I/51X1J6d985L._SS40_.jpg', 'https://m.media-amazon.com/images/I/51RG++4cNJL._SS40_.jpg', 'https://m.media-amazon.com/images/I/51Rl1jgvS3L._SS40_.jpg'], 'variant': ['MAIN', 'PT01', 'PT02', 'PT03', 'PT04', 'PT05', 'PT06', 'PT07']}","{'title': [], 'url': [], 'user_id': []}",AUGNORYE,,"Brand: AUGNORYE, Included Components: Scissors, Unit Count: 1.00 Count, Blade Material: Stainless Steel",B088X2WPTX,,,,"Parent ASIN: B088X2WPTX; Title: AUGNORYE 13 Pcs Hair Cutting Scissors Kit, Professional Hair Barber Scissors Kit with Thinning Shears, Home Hair Shears for Women, Men, Kids; Author: *; Description: *; Features: * - Details: Brand: AUGNORYE, Included Components: Scissors, Unit Count: 1.00 Count, Blade Material: Stainless Steel; Store: Store: AUGNORYE; Categories: *; Price: Price: None;"
All Beauty,"Burt's Bees Baby Bath Time Kit with Ultra Gentle Lotion, Bubble Bath, Foaming Shampoo & Wash, Nourishing Baby Oil, and Face & Hand Cloths",4.5,45,"'GENTLE, EFFECTIVE AND NATURAL: Made for baby’s delicate skin with natural origin ingredients and formulated without parabens, phthalates, SLS, petrolatum or synthetic fragrances', 'BABY SHOWER GIFT: This baby bath gift set contains travel size cleansing and moisturizing baby skin care products that make a thoughtful and useful gift for mom and newborn alike', 'ALL-IN-ONE COLLECTION OF BABY CARE ESSENTIALS: This baby starter kit comes with Ultra Gentle Lotion, Bubble Bath, Foaming Shampoo and Wash, Nourishing Baby Oil, and Face and Hand Cloths', READY FOR BATH TIME: Shampoo and wash with a tear-free formula foams up to a luxurious, creamy lather to gently cleanse baby's sensitive skin and hair; finish with lotion and baby oil to moisturize, PEDIATRICIAN TESTED: These baby bath time products are clinically proven to be safe, effective and non-irritating to nurture baby's delicate skin, gentle enough to use every day","'Babies deserve a fresh start in life with ingredients from nature that are gentle for their delicate skin. Experience our most popular natural Burts Bees Baby products together in one. Our gentle, effective and natural baby products cleanse, soften and help moisturize babys precious skin safely and naturally. Its easy to make bath time fun with the mild, tear-free bubble bath, then simply cleanse with the foaming 2-in-1 baby shampoo and body wash. Finish by moisturizing with ultra gentle lotion and nourishing baby oil to keep skin soft and fresh. A pack of face and hand cloths is handy for on-the-go cleansing. These baby care essentials are pediatrician tested, gentle enough to use every day and formulated without parabens, phthalates, SLS, petrolatum or synthetic fragrances, so you can feel good about caring for babys delicate skin. This new baby gift basket is a sweet gift for any baby shower occasion.'",None,"{'hi_res': ['https://m.media-amazon.com/images/I/61p8EhKQG4L._SL1500_.jpg', 'https://m.media-amazon.com/images/I/61Q53NKDFfS._SL1200_.jpg', 'https://m.media-amazon.com/images/I/51Pc8wVa6dS._SL1200_.jpg', 'https://m.media-amazon.com/images/I/41cU0O3ebDS._SL1200_.jpg', 'https://m.media-amazon.com/images/I/41uXx8xZm6S._SL1200_.jpg', 'https://m.media-amazon.com/images/I/51L0IA0ckRS._SL1200_.jpg', 'https://m.media-amazon.com/images/I/51QvdAwSIDS._SL1200_.jpg'], 'large': ['https://m.media-amazon.com/images/I/41qBbvqOg9L.jpg', 'https://m.media-amazon.com/images/I/51pdLjwIsjS.jpg', 'https://m.media-amazon.com/images/I/311ESEEAf+S.jpg', 'https://m.media-amazon.com/images/I/21zR1Y1D5jS.jpg', 'https://m.media-amazon.com/images/I/21PHw7URi2S.jpg', 'https://m.media-amazon.com/images/I/31ICageK0fS.jpg', 'https://m.media-amazon.com/images/I/31ODsmsswoS.jpg'], 'thumb': ['https://m.media-amazon.com/images/I/41qBbvqOg9L._SS40_.jpg', 'https://m.media-amazon.com/images/I/51pdLjwIsjS._SS40_.jpg', 'https://m.media-amazon.com/images/I/311ESEEAf+S._SS40_.jpg', 'https://m.media-amazon.com/images/I/21zR1Y1D5jS._SS40_.jpg', 'https://m.media-amazon.com/images/I/21PHw7URi2S._SS40_.jpg', 'https://m.media-amazon.com/images/I/31ICageK0fS._SS40_.jpg', 'https://m.media-amazon.com/images/I/31ODsmsswoS._SS40_.jpg'], 'variant': ['MAIN', 'PT01', 'PT03', 'PT04', 'PT05', 'PT07', 'PT08']}","{'title': [], 'url': [], 'user_id': []}",Burt's Bees,,"Item Form: Lotion, Skin Type: All, Brand: Burt's Bees, Scent: See Individual Packaging, Material Feature: Cruelty Free, Product Dimensions: 11.5 x 6.44 x 3.19 inches; 3.13 Pounds, Item model number: TU_33789, UPC: 792850911796, Manufacturer: AmazonUs/BURBP",B08MC3ZLV4,,,,"Parent ASIN: B08MC3ZLV4; Title: Burt's Bees Baby Bath Time Kit with Ultra Gentle Lotion, Bubble Bath, Foaming Shampoo & Wash, Nourishing Baby Oil, and Face & Hand Cloths; Author: *; Description: Description: 'Babies deserve a fresh start in life with ingredients from nature that are gentle for their delicate skin. Experience our most popular natural Burts Bees Baby products together in one. Our gentle, effective and natural baby products cleanse, soften and help moisturize babys precious skin safely and naturally. Its easy to make bath time fun with the mild, tear-free bubble bath, then simply cleanse with the foaming 2-in-1 baby shampoo and body wash. Finish by moisturizing with ultra gentle lotion and nourishing baby oil to keep skin soft and fresh. A pack of face and hand cloths is handy for on-the-go cleansing. These baby care essentials are pediatrician tested, gentle enough to use every day and formulated without parabens, phthalates, SLS, petrolatum or synthetic fragrances, so you can feel good about caring for babys delicate skin. This new baby gift basket is a sweet gift for any baby shower occasion.'; Features: Features: 'GENTLE, EFFECTIVE AND NATURAL: Made for baby’s delicate skin with natural origin ingredients and formulated without parabens, phthalates, SLS, petrolatum or synthetic fragrances', 'BABY SHOWER GIFT: This baby bath gift set contains travel size cleansing and moisturizing baby skin care products that make a thoughtful and useful gift for mom and newborn alike', 'ALL-IN-ONE COLLECTION OF BABY CARE ESSENTIALS: This baby starter kit comes with Ultra Gentle Lotion, Bubble Bath, Foaming Shampoo and Wash, Nourishing Baby Oil, and Face and Hand Cloths', READY FOR BATH TIME: Shampoo and wash with a tear-free formula foams up to a luxurious, creamy lather to gently cleanse baby's sensitive skin and hair; finish with lotion and baby oil to moisturize, PEDIATRICIAN TESTED: These baby bath time products are clinically proven to be safe, effective and non-irritating to nurture baby's delicate skin, gentle enough to use every day - Details: Item Form: Lotion, Skin Type: All, Brand: Burt's Bees, Scent: See Individual Packaging, Material Feature: Cruelty Free, Product Dimensions: 11.5 x 6.44 x 3.19 inches; 3.13 Pounds, Item model number: TU_33789, UPC: 792850911796, Manufacturer: AmazonUs/BURBP; Store: Store: Burt's Bees; Categories: *; Price: Price: None;"
All Beauty,"GENSKIN Generation Skin Hydrating Marine Algae Eye Patches | Hydrate, Plump, Brighten Eye Area 180g/6.34 Oz - 30 pairs",4.5,109,,,34.95,"{'hi_res': ['https://m.media-amazon.com/images/I/61wbTZ8dkEL._SL1500_.jpg', 'https://m.media-amazon.com/images/I/51FbvOsGEJL._SL1500_.jpg', 'https://m.media-amazon.com/images/I/716a2PRQStL._SL1500_.jpg', 'https://m.media-amazon.com/images/I/71aQS7ROOyL._SL1500_.jpg', 'https://m.media-amazon.com/images/I/81ASsrhHcOL._SL1500_.jpg', 'https://m.media-amazon.com/images/I/815f8ddfhAL._SL1500_.jpg', 'https://m.media-amazon.com/images/I/813FrG3YRuL._SL1500_.jpg', 'https://m.media-amazon.com/images/I/61g4JlmdGyL._SL1500_.jpg'], 'large': ['https://m.media-amazon.com/images/I/41Quqzvj7KL.jpg', 'https://m.media-amazon.com/images/I/31VWxFm80mL.jpg', 'https://m.media-amazon.com/images/I/41T+kEZ0gqL.jpg', 'https://m.media-amazon.com/images/I/61uFRp1ueUL.jpg', 'https://m.media-amazon.com/images/I/51HVAvk5pqL.jpg', 'https://m.media-amazon.com/images/I/51cGH4Hb3BL.jpg', 'https://m.media-amazon.com/images/I/51O1UvexX2L.jpg', 'https://m.media-amazon.com/images/I/41zjFrztRiL.jpg'], 'thumb': ['https://m.media-amazon.com/images/I/41Quqzvj7KL._SS40_.jpg', 'https://m.media-amazon.com/images/I/31VWxFm80mL._SS40_.jpg', 'https://m.media-amazon.com/images/I/41T+kEZ0gqL._SS40_.jpg', 'https://m.media-amazon.com/images/I/61uFRp1ueUL._SS40_.jpg', 'https://m.media-amazon.com/images/I/51HVAvk5pqL._SS40_.jpg', 'https://m.media-amazon.com/images/I/51cGH4Hb3BL._SS40_.jpg', 'https://m.media-amazon.com/images/I/51O1UvexX2L._SS40_.jpg', 'https://m.media-amazon.com/images/I/41zjFrztRiL._SS40_.jpg'], 'variant': ['MAIN', 'PT01', 'PT02', 'PT03', 'PT04', 'PT05', 'PT06', 'PT07']}","{'title': [], 'url': [], 'user_id': []}",GENSKIN,,"Brand: GENSKIN, Item Form: Patch, Product Benefits: Hydrating, Scent: Fresh, Skin Type: Dry, Product Dimensions: 3.14 x 3.14 x 1.57 inches; 5.93 Ounces, Item model number: 1220601",B08KWN77LW,,,,"Parent ASIN: B08KWN77LW; Title: GENSKIN Generation Skin Hydrating Marine Algae Eye Patches | Hydrate, Plump, Brighten Eye Area 180g/6.34 Oz - 30 pairs; Author: *; Description: *; Features: * - Details: Brand: GENSKIN, Item Form: Patch, Product Benefits: Hydrating, Scent: Fresh, Skin Type: Dry, Product Dimensions: 3.14 x 3.14 x 1.57 inches; 5.93 Ounces, Item model number: 1220601; Store: Store: GENSKIN; Categories: *; Price: Price: 34.95;"
All Beauty,"5pcs Nail Art Liner Brushes, Lystaii Dual-ended Painting Nail Design Brush Pen Include Liner Brushes and Dotting Pen Nail Art Point Drill Drawing Brush Double Ended Dotting Tools Set 5,7,9,11,14mm",4.0,83,,,None,"{'hi_res': ['https://m.media-amazon.com/images/I/51iIxU+deHL._SL1009_.jpg', 'https://m.media-amazon.com/images/I/61s5uHzSrKL._SL1009_.jpg', 'https://m.media-amazon.com/images/I/614X77FfcHL._SL1009_.jpg', 'https://m.media-amazon.com/images/I/617wm04ytdL._SL1009_.jpg', 'https://m.media-amazon.com/images/I/61WohdZojRL._SL1009_.jpg', 'https://m.media-amazon.com/images/I/61CI5NfDUIL._SL1009_.jpg', 'https://m.media-amazon.com/images/I/6151J6ZEatL._SL1009_.jpg', 'https://m.media-amazon.com/images/I/61CEbMysTHL._SL1009_.jpg'], 'large': ['https://m.media-amazon.com/images/I/41c2bcpb8iL.jpg', 'https://m.media-amazon.com/images/I/41kAOpHKXVL.jpg', 'https://m.media-amazon.com/images/I/41dv7bzEAjL.jpg', 'https://m.media-amazon.com/images/I/51hnh6K2ZXL.jpg', 'https://m.media-amazon.com/images/I/41oBbC+oObL.jpg', 'https://m.media-amazon.com/images/I/51z28zfu2bL.jpg', 'https://m.media-amazon.com/images/I/41cavIijBAL.jpg', 'https://m.media-amazon.com/images/I/516I3WnqsUL.jpg'], 'thumb': ['https://m.media-amazon.com/images/I/41c2bcpb8iL._SS40_.jpg', 'https://m.media-amazon.com/images/I/41kAOpHKXVL._SS40_.jpg', 'https://m.media-amazon.com/images/I/41dv7bzEAjL._SS40_.jpg', 'https://m.media-amazon.com/images/I/51hnh6K2ZXL._SS40_.jpg', 'https://m.media-amazon.com/images/I/41oBbC+oObL._SS40_.jpg', 'https://m.media-amazon.com/images/I/51z28zfu2bL._SS40_.jpg', 'https://m.media-amazon.com/images/I/41cavIijBAL._SS40_.jpg', 'https://m.media-amazon.com/images/I/516I3WnqsUL._SS40_.jpg'], 'variant': ['MAIN', 'PT01', 'PT02', 'PT03', 'PT04', 'PT05', 'PT06', 'PT07']}","{'title': [], 'url': [], 'user_id': []}",Lystaii,,Package Dimensions: 9.41 x 3.86 x 0.75 inches; 1.41 Ounces,B08B3SJNL5,,,,"Parent ASIN: B08B3SJNL5; Title: 5pcs Nail Art Liner Brushes, Lystaii Dual-ended Painting Nail Design Brush Pen Include Liner Brushes and Dotting Pen Nail Art Point Drill Drawing Brush Double Ended Dotting Tools Set 5,7,9,11,14mm; Author: *; Description: *; Features: * - Details: Package Dimensions: 9.41 x 3.86 x 0.75 inches; 1.41 Ounces; Store: Store: Lystaii; Categories: *; Price: Price: None;"
All Beauty,"C'est Moi Gentle Cleansing Water | Gentle, Fragrance-Free Cleanser Removes Makeup and Refreshes Skin, Made with Cornflower Water, Aloe Vera, and Strawberry, Kiwi, and Apple Extracts | 5.9 fl oz.",4.4,66,,,9.99,"{'hi_res': ['https://m.media-amazon.com/images/I/61YWq-3xnkL._SL1500_.jpg', 'https://m.media-amazon.com/images/I/91ExLFbD6SS._SL1500_.jpg', 'https://m.media-amazon.com/images/I/71DpbbrDtIS._SL1500_.jpg', 'https://m.media-amazon.com/images/I/71xWzrfmToS._SL1500_.jpg'], 'large': ['https://m.media-amazon.com/images/I/31W8L-vFNDL.jpg', 'https://m.media-amazon.com/images/I/41Ae7WXyxNS.jpg', 'https://m.media-amazon.com/images/I/51AoXO6SFJS.jpg', 'https://m.media-amazon.com/images/I/51BlDn3bFuS.jpg'], 'thumb': ['https://m.media-amazon.com/images/I/31W8L-vFNDL._SS40_.jpg', 'https://m.media-amazon.com/images/I/41Ae7WXyxNS._SS40_.jpg', 'https://m.media-amazon.com/images/I/51AoXO6SFJS._SS40_.jpg', 'https://m.media-amazon.com/images/I/51BlDn3bFuS._SS40_.jpg'], 'variant': ['MAIN', 'PT02', 'PT03', 'PT04']}","{'title': [], 'url': [], 'user_id': []}",C'est Moi,,"Item Form: Liquid, Skin Type: Acne Prone,Sensitive, Brand: C'est Moi, Scent: Kiwi, Strawberry, Unscented, Aloe Vera, Age Range (Description): Adult, Product Dimensions: 1.84 x 1.84 x 6.06 inches; 7.69 Ounces, UPC: 039897626055",B086VRRD99,,,,"Parent ASIN: B086VRRD99; Title: C'est Moi Gentle Cleansing Water | Gentle, Fragrance-Free Cleanser Removes Makeup and Refreshes Skin, Made with Cornflower Water, Aloe Vera, and Strawberry, Kiwi, and Apple Extracts | 5.9 fl oz.; Author: *; Description: *; Features: * - Details: Item Form: Liquid, Skin Type: Acne Prone,Sensitive, Brand: C'est Moi, Scent: Kiwi, Strawberry, Unscented, Aloe Vera, Age Range (Description): Adult, Product Dimensions: 1.84 x 1.84 x 6.06 inches; 7.69 Ounces, UPC: 039897626055; Store: Store: C'est Moi; Categories: *; Price: Price: 9.99;"
All Beauty,"LUXAZA 6 PCS Purple Eyeshadow Stick,Light Shimmer Cream Eyeshadow Crayon,Pro Smoky Waterproof & Long Lasting Eyeshadow Stick Set",3.5,363,,,None,"{'hi_res': ['https://m.media-amazon.com/images/I/81g+v8so2ZL._SL1500_.jpg', 'https://m.media-amazon.com/images/I/81fF-NbZ6AL._SL1500_.jpg', 'https://m.media-amazon.com/images/I/61mVP7gdSLL._SL1000_.jpg', 'https://m.media-amazon.com/images/I/71g2hdbmzBL._SL1200_.jpg', 'https://m.media-amazon.com/images/I/61p5ziBrisL._SL1000_.jpg', 'https://m.media-amazon.com/images/I/614NE+k-GwL._SL1000_.jpg', 'https://m.media-amazon.com/images/I/71sMi0aC9eL._SL1200_.jpg'], 'large': ['https://m.media-amazon.com/images/I/512+uFpn0VL.jpg', 'https://m.media-amazon.com/images/I/51rs6oiIJNL.jpg', 'https://m.media-amazon.com/images/I/513pf5UuwXL.jpg', 'https://m.media-amazon.com/images/I/510bIrqeW4L.jpg', 'https://m.media-amazon.com/images/I/51cUZt1CFqL.jpg', 'https://m.media-amazon.com/images/I/51yytgJ9EeL.jpg', 'https://m.media-amazon.com/images/I/51sa6Ur0MgL.jpg'], 'thumb': ['https://m.media-amazon.com/images/I/512+uFpn0VL._SS40_.jpg', 'https://m.media-amazon.com/images/I/51rs6oiIJNL._SS40_.jpg', 'https://m.media-amazon.com/images/I/513pf5UuwXL._SS40_.jpg', 'https://m.media-amazon.com/images/I/510bIrqeW4L._SS40_.jpg', 'https://m.media-amazon.com/images/I/51cUZt1CFqL._SS40_.jpg', 'https://m.media-amazon.com/images/I/51yytgJ9EeL._SS40_.jpg', 'https://m.media-amazon.com/images/I/51sa6Ur0MgL._SS40_.jpg'], 'variant': ['MAIN', 'PT01', 'PT02', 'PT03', 'PT04', 'PT05', 'PT06']}","{'title': [], 'url': [], 'user_id': []}",LUXAZA,,"Brand: LUXAZA, Item Form: Crayon,Cream Eyeshadow, Finish Type: Metallic, Special Feature: Waterproof, Long lasting, Product Benefits: Long Lasting, Package Dimensions: 5.83 x 5 x 0.87 inches; 3.21 Ounces",B08MPK4JRB,,,,"Parent ASIN: B08MPK4JRB; Title: LUXAZA 6 PCS Purple Eyeshadow Stick,Light Shimmer Cream Eyeshadow Crayon,Pro Smoky Waterproof & Long Lasting Eyeshadow Stick Set; Author: *; Description: *; Features: * - Details: Brand: LUXAZA, Item Form: Crayon,Cream Eyeshadow, Finish Type: Metallic, Special Feature: Waterproof, Long lasting, Product Benefits: Long Lasting, Package Dimensions: 5.83 x 5 x 0.87 inches; 3.21 Ounces; Store: Store: LUXAZA; Categories: *; Price: Price: None;"
All Beauty,KRISNICE Gel Nail Polish Kit- 6 Colors Blue Olive Turquoise Lavender Purple Gel Polish Set Glitter Nail Polish Soak Off LED Gel Nail Kit Nail Art Manicure Salon DIY at Home Gifts for Women (KCS6-010),4.5,18,,,None,"{'hi_res': ['https://m.media-amazon.com/images/I/713tBBEAkqS._SL1500_.jpg', 'https://m.media-amazon.com/images/I/51nxTfhlH5L._SL1000_.jpg', 'https://m.media-amazon.com/images/I/61XXfIishwL._SL1000_.jpg', 'https://m.media-amazon.com/images/I/61mm08Bd-WL._SL1000_.jpg', 'https://m.media-amazon.com/images/I/71KFUE85lIL._SL1500_.jpg', 'https://m.media-amazon.com/images/I/61HDLWByJiL._SL1500_.jpg', 'https://m.media-amazon.com/images/I/61G86+wZGDL._SL1500_.jpg', 'https://m.media-amazon.com/images/I/71MrcYEBv8L._SL1500_.jpg'], 'large': ['https://m.media-amazon.com/images/I/51YM6ZJyx4S.jpg', 'https://m.media-amazon.com/images/I/41JT+OZrjnL.jpg', 'https://m.media-amazon.com/images/I/41RgNyibT5L.jpg', 'https://m.media-amazon.com/images/I/51NY3c71UmL.jpg', 'https://m.media-amazon.com/images/I/51T7+RxrX3L.jpg', 'https://m.media-amazon.com/images/I/41fZ6FIg10L.jpg', 'https://m.media-amazon.com/images/I/41247Daq-VL.jpg', 'https://m.media-amazon.com/images/I/51ThaEZFmEL.jpg'], 'thumb': ['https://m.media-amazon.com/images/I/51YM6ZJyx4S._SS40_.jpg', 'https://m.media-amazon.com/images/I/41JT+OZrjnL._SS40_.jpg', 'https://m.media-amazon.com/images/I/41RgNyibT5L._SS40_.jpg', 'https://m.media-amazon.com/images/I/51NY3c71UmL._SS40_.jpg', 'https://m.media-amazon.com/images/I/51T7+RxrX3L._SS40_.jpg', 'https://m.media-amazon.com/images/I/41fZ6FIg10L._SS40_.jpg', 'https://m.media-amazon.com/images/I/41247Daq-VL._SS40_.jpg', 'https://m.media-amazon.com/images/I/51ThaEZFmEL._SS40_.jpg'], 'variant': ['MAIN', 'PT01', 'PT02', 'PT03', 'PT04', 'PT05', 'PT06', 'PT07']}","{'title': [], 'url': [], 'user_id': []}",KRISNICE,,"Brand: KRISNICE, Item Form: Gel, Color: Blue,Olive,Turquoise,Purple, Type: gel, Finish Type: Shimmery, Special Feature: Long Lasting, Age Range (Description): Adult, Unit Count: 6.00 Count, Liquid Volume: 7.3 Milliliters, Item Dimensions LxWxH: 5.51 x 3.94 x 0.59 inches, Is Discontinued By Manufacturer: No, Product Dimensions: 5.51 x 3.94 x 0.59 inches; 1.41 Ounces, Item model number: KCS6-010, UPC: 613635849250",B0895FHBVG,,,,"Parent ASIN: B0895FHBVG; Title: KRISNICE Gel Nail Polish Kit- 6 Colors Blue Olive Turquoise Lavender Purple Gel Polish Set Glitter Nail Polish Soak Off LED Gel Nail Kit Nail Art Manicure Salon DIY at Home Gifts for Women (KCS6-010); Author: *; Description: *; Features: * - Details: Brand: KRISNICE, Item Form: Gel, Color: Blue,Olive,Turquoise,Purple, Type: gel, Finish Type: Shimmery, Special Feature: Long Lasting, Age Range (Description): Adult, Unit Count: 6.00 Count, Liquid Volume: 7.3 Milliliters, Item Dimensions LxWxH: 5.51 x 3.94 x 0.59 inches, Is Discontinued By Manufacturer: No, Product Dimensions: 5.51 x 3.94 x 0.59 inches; 1.41 Ounces, Item model number: KCS6-010, UPC: 613635849250; Store: Store: KRISNICE; Categories: *; Price: Price: None;"
All Beauty,"2-Pack Puretize 16.9 Oz Hand Sanitizing Gel w/Pump Tops - Extra Strength 70% Ethyl Alcohol - Moisturizing Formula with Aloe Vera, Vitamin E & Botanical Extracts - Quick Drying Formula",4.6,835,,,None,"{'hi_res': ['https://m.media-amazon.com/images/I/61vbRoE4+eL._SL1500_.jpg', 'https://m.media-amazon.com/images/I/710Uhnl9zdL._SL1500_.jpg', 'https://m.media-amazon.com/images/I/71Kw7Ek0NDL._SL1500_.jpg'], 'large': ['https://m.media-amazon.com/images/I/41puEkUN5-L.jpg', 'https://m.media-amazon.com/images/I/41KcxQx9SqL.jpg', 'https://m.media-amazon.com/images/I/51hdNyiM0dL.jpg'], 'thumb': ['https://m.media-amazon.com/images/I/41puEkUN5-L._SS40_.jpg', 'https://m.media-amazon.com/images/I/41KcxQx9SqL._SS40_.jpg', 'https://m.media-amazon.com/images/I/51hdNyiM0dL._SS40_.jpg'], 'variant': ['MAIN', 'PT01', 'PT02']}","{'title': [], 'url': [], 'user_id': []}",Pure Daily Care,,"Brand: Pure Daily Care, Unit Count: 33.8 Fl Oz, Number of Items: 2, Special Feature: Moisturizing, Scent: Unscented, Package Dimensions: 7 x 6.5 x 4.5 inches; 1.06 Pounds, UPC: 810016711360",B087D7MVHB,,,,"Parent ASIN: B087D7MVHB; Title: 2-Pack Puretize 16.9 Oz Hand Sanitizing Gel w/Pump Tops - Extra Strength 70% Ethyl Alcohol - Moisturizing Formula with Aloe Vera, Vitamin E & Botanical Extracts - Quick Drying Formula; Author: *; Description: *; Features: * - Details: Brand: Pure Daily Care, Unit Count: 33.8 Fl Oz, Number of Items: 2, Special Feature: Moisturizing, Scent: Unscented, Package Dimensions: 7 x 6.5 x 4.5 inches; 1.06 Pounds, UPC: 810016711360; Store: Store: Pure Daily Care; Categories: *; Price: Price: None;"
All Beauty,"Magnetic Eyelashes Kit,Magnetic Eyelashes and Eyeliner Kit,with Most Natural Look,12 Pairs Magnetic Eyelashes & 3 Magnetic Eyeliner,Reusable Magnetic Eyelashes,No Glue Need",2.9,14,,,None,"{'hi_res': ['https://m.media-amazon.com/images/I/81+724qta4L._SL1500_.jpg', 'https://m.media-amazon.com/images/I/71C5xIOW2JL._SL1500_.jpg', 'https://m.media-amazon.com/images/I/81GPep85fBL._SL1500_.jpg', 'https://m.media-amazon.com/images/I/71gcGebVUYL._SL1500_.jpg', 'https://m.media-amazon.com/images/I/716eYFUBcuL._SL1500_.jpg', None, 'https://m.media-amazon.com/images/I/81-21GVDfdL._SL1500_.jpg'], 'large': ['https://m.media-amazon.com/images/I/51Ug2C1ZLpL.jpg', 'https://m.media-amazon.com/images/I/5156flzNpKL.jpg', 'https://m.media-amazon.com/images/I/514vavhJ-mL.jpg', 'https://m.media-amazon.com/images/I/51A-E2fOoRL.jpg', 'https://m.media-amazon.com/images/I/51lwHDN-s1L.jpg', 'https://m.media-amazon.com/images/I/5143dDs6w5L.jpg', 'https://m.media-amazon.com/images/I/615Ns1Ev+AL.jpg'], 'thumb': ['https://m.media-amazon.com/images/I/51Ug2C1ZLpL._SS40_.jpg', 'https://m.media-amazon.com/images/I/5156flzNpKL._SS40_.jpg', 'https://m.media-amazon.com/images/I/514vavhJ-mL._SS40_.jpg', 'https://m.media-amazon.com/images/I/51A-E2fOoRL._SS40_.jpg', 'https://m.media-amazon.com/images/I/51lwHDN-s1L._SS40_.jpg', 'https://m.media-amazon.com/images/I/5143dDs6w5L._SS40_.jpg', 'https://m.media-amazon.com/images/I/615Ns1Ev+AL._SS40_.jpg'], 'variant': ['MAIN', 'PT01', 'PT02', 'PT03', 'PT04', 'PT05', 'PT06']}","{'title': [], 'url': [], 'user_id': []}",STRONGLO,,"Brand: STRONGLO, Item Dimensions LxWxH: 6.22 x 5.91 x 1.38 inches, Material Feature: Glue Free, Item Form: Pair, Mounting Type: Eyelash Glue, Product Dimensions: 6.22 x 5.91 x 1.38 inches; 3.21 Ounces",B08DNCR582,,,,"Parent ASIN: B08DNCR582; Title: Magnetic Eyelashes Kit,Magnetic Eyelashes and Eyeliner Kit,with Most Natural Look,12 Pairs Magnetic Eyelashes & 3 Magnetic Eyeliner,Reusable Magnetic Eyelashes,No Glue Need; Author: *; Description: *; Features: * - Details: Brand: STRONGLO, Item Dimensions LxWxH: 6.22 x 5.91 x 1.38 inches, Material Feature: Glue Free, Item Form: Pair, Mounting Type: Eyelash Glue, Product Dimensions: 6.22 x 5.91 x 1.38 inches; 3.21 Ounces; Store: Store: STRONGLO; Categories: *; Price: Price: None;"
All Beauty,"NATWAG Reusable Update Makeup Remover Cloths for Sensitive Skin - Microfiber Face Cloth Makeup Remover | Washable Round Makeup Remover Pads | Natural Facial Towels (2 Pads,2 Cloth) (Purple)",4.6,98,,,None,"{'hi_res': ['https://m.media-amazon.com/images/I/71tIRCG8UOL._SL1100_.jpg', 'https://m.media-amazon.com/images/I/7185X-9J89L._SL1100_.jpg', 'https://m.media-amazon.com/images/I/619AhGbZGZL._SL1100_.jpg', 'https://m.media-amazon.com/images/I/615IXJc-XpL._SL1100_.jpg', 'https://m.media-amazon.com/images/I/71C09vkUmVL._SL1100_.jpg', 'https://m.media-amazon.com/images/I/71-V3qlW7xL._SL1100_.jpg', 'https://m.media-amazon.com/images/I/71A4r-z20PL._SL1100_.jpg'], 'large': ['https://m.media-amazon.com/images/I/51k5Di1cq2L.jpg', 'https://m.media-amazon.com/images/I/51GZ8lL2F2L.jpg', 'https://m.media-amazon.com/images/I/51sqUR4UfUL.jpg', 'https://m.media-amazon.com/images/I/41oaMsiEToL.jpg', 'https://m.media-amazon.com/images/I/51w1mdBkLVL.jpg', 'https://m.media-amazon.com/images/I/512BJVmN4QL.jpg', 'https://m.media-amazon.com/images/I/519cVzWKcEL.jpg'], 'thumb': ['https://m.media-amazon.com/images/I/51k5Di1cq2L._SS40_.jpg', 'https://m.media-amazon.com/images/I/51GZ8lL2F2L._SS40_.jpg', 'https://m.media-amazon.com/images/I/51sqUR4UfUL._SS40_.jpg', 'https://m.media-amazon.com/images/I/41oaMsiEToL._SS40_.jpg', 'https://m.media-amazon.com/images/I/51w1mdBkLVL._SS40_.jpg', 'https://m.media-amazon.com/images/I/512BJVmN4QL._SS40_.jpg', 'https://m.media-amazon.com/images/I/519cVzWKcEL._SS40_.jpg'], 'variant': ['MAIN', 'PT01', 'PT02', 'PT03', 'PT04', 'PT05', 'PT06']}","{'title': [], 'url': [], 'user_id': []}",Natwag,,"Brand: Natwag, Skin Type: Sensitive,All Skin Types, Material Feature: Reusable, Unit Count: 4.00 Count, Number of Items: 2, Package Dimensions: 12.75 x 9.88 x 0.59 inches; 2.08 Ounces, UPC: 745103569978",B088LWRYJC,,,,"Parent ASIN: B088LWRYJC; Title: NATWAG Reusable Update Makeup Remover Cloths for Sensitive Skin - Microfiber Face Cloth Makeup Remover | Washable Round Makeup Remover Pads | Natural Facial Towels (2 Pads,2 Cloth) (Purple); Author: *; Description: *; Features: * - Details: Brand: Natwag, Skin Type: Sensitive,All Skin Types, Material Feature: Reusable, Unit Count: 4.00 Count, Number of Items: 2, Package Dimensions: 12.75 x 9.88 x 0.59 inches; 2.08 Ounces, UPC: 745103569978; Store: Store: Natwag; Categories: *; Price: Price: None;"
All Beauty,"Sparkling Oxygen Mask, Skin Energizing Treatment with Bubbling Action",4.4,40,,,None,"{'hi_res': ['https://m.media-amazon.com/images/I/61NrUK48TpL._SL1500_.jpg', 'https://m.media-amazon.com/images/I/81LKtQDBI7S._SL1500_.jpg', 'https://m.media-amazon.com/images/I/716sf6sfwpS._SL1500_.jpg', 'https://m.media-amazon.com/images/I/81HvFb0FyFS._SL1500_.jpg', 'https://m.media-amazon.com/images/I/81AWsY82RHS._SL1500_.jpg', 'https://m.media-amazon.com/images/I/71ibTJD8SkS._SL1500_.jpg', 'https://m.media-amazon.com/images/I/61xpnFGNpcS._SL1500_.jpg', 'https://m.media-amazon.com/images/I/611zVdCaPQS._SL1500_.jpg'], 'large': ['https://m.media-amazon.com/images/I/31BeomKw-kL.jpg', 'https://m.media-amazon.com/images/I/51fj+Y1X3wS.jpg', 'https://m.media-amazon.com/images/I/41ok4JMcCZS.jpg', 'https://m.media-amazon.com/images/I/518enqpZviS.jpg', 'https://m.media-amazon.com/images/I/51A7eBdVRbS.jpg', 'https://m.media-amazon.com/images/I/412fH84mxXS.jpg', 'https://m.media-amazon.com/images/I/313r4jSbXdS.jpg', 'https://m.media-amazon.com/images/I/31l1uUcVNRS.jpg'], 'thumb': ['https://m.media-amazon.com/images/I/31BeomKw-kL._SS40_.jpg', 'https://m.media-amazon.com/images/I/51fj+Y1X3wS._SS40_.jpg', 'https://m.media-amazon.com/images/I/41ok4JMcCZS._SS40_.jpg', 'https://m.media-amazon.com/images/I/518enqpZviS._SS40_.jpg', 'https://m.media-amazon.com/images/I/51A7eBdVRbS._SS40_.jpg', 'https://m.media-amazon.com/images/I/412fH84mxXS._SS40_.jpg', 'https://m.media-amazon.com/images/I/313r4jSbXdS._SS40_.jpg', 'https://m.media-amazon.com/images/I/31l1uUcVNRS._SS40_.jpg'], 'variant': ['MAIN', 'PT01', 'PT03', 'PT04', 'PT05', 'PT06', 'PT07', 'PT08']}","{'title': [], 'url': [], 'user_id': []}",TÓNICA,,"Brand: T\u00d3NICA, Product Benefits: Oxygenating, Scent: Oxygen, Unit Count: 1.7 Fl Oz, Number of Items: 1, Package Dimensions: 4.61 x 1.46 x 1.42 inches; 2.89 Ounces",B08VKQY815,,,,"Parent ASIN: B08VKQY815; Title: Sparkling Oxygen Mask, Skin Energizing Treatment with Bubbling Action; Author: *; Description: *; Features: * - Details: Brand: T\u00d3NICA, Product Benefits: Oxygenating, Scent: Oxygen, Unit Count: 1.7 Fl Oz, Number of Items: 1, Package Dimensions: 4.61 x 1.46 x 1.42 inches; 2.89 Ounces; Store: Store: TÓNICA; Categories: *; Price: Price: None;"
All Beauty,"Dr. Au Anti-Aging Face Oil Retinol Serum by Au Natural Skinfood - Promotes Youthful, Glowing Skin | Collagen Boosting Wrinkle Repair | No Oily Residue - Just Soft to the Touch Skin | Day & Night Moisturizing treatment for Men and Women",4.2,51,,,None,"{'hi_res': ['https://m.media-amazon.com/images/I/71aWtF8PVVL._SL1500_.jpg', None, None, 'https://m.media-amazon.com/images/I/71B1PY5AoHL._SL1500_.jpg', None, None, 'https://m.media-amazon.com/images/I/71avljz5NPL._SL1500_.jpg', None, None], 'large': ['https://m.media-amazon.com/images/I/41wVG+A07vL.jpg', 'https://m.media-amazon.com/images/I/31di7vx81QL.jpg', 'https://m.media-amazon.com/images/I/31m1nmzfyFL.jpg', 'https://m.media-amazon.com/images/I/51PW3+v6oOL.jpg', 'https://m.media-amazon.com/images/I/410gUvq46jL.jpg', 'https://m.media-amazon.com/images/I/41sKTzjCDhL.jpg', 'https://m.media-amazon.com/images/I/319LI9OyYEL.jpg', 'https://m.media-amazon.com/images/I/41WTyjKrlFL.jpg', 'https://m.media-amazon.com/images/I/41DooIB9RKL.jpg'], 'thumb': ['https://m.media-amazon.com/images/I/41wVG+A07vL._SS40_.jpg', 'https://m.media-amazon.com/images/I/31di7vx81QL._SS40_.jpg', 'https://m.media-amazon.com/images/I/31m1nmzfyFL._SS40_.jpg', 'https://m.media-amazon.com/images/I/51PW3+v6oOL._SS40_.jpg', 'https://m.media-amazon.com/images/I/410gUvq46jL._SS40_.jpg', 'https://m.media-amazon.com/images/I/41sKTzjCDhL._SS40_.jpg', 'https://m.media-amazon.com/images/I/319LI9OyYEL._SS40_.jpg', 'https://m.media-amazon.com/images/I/41WTyjKrlFL._SS40_.jpg', 'https://m.media-amazon.com/images/I/41DooIB9RKL._SS40_.jpg'], 'variant': ['MAIN', 'PT01', 'PT02', 'PT03', 'PT04', 'PT05', 'PT06', 'PT07', 'PT08']}","{'title': [], 'url': [], 'user_id': []}",AÚ NATURAL SKINFOOD,,"Brand: A\u00da NATURAL SKINFOOD, Item Form: Oil, Number of Items: 1, Skin Type: Oily, Item Volume: 4 Fluid Ounces, Product Dimensions: 0.9 x 0.9 x 3.8 inches; 1.59 Ounces",B07NPCT6L5,,,,"Parent ASIN: B07NPCT6L5; Title: Dr. Au Anti-Aging Face Oil Retinol Serum by Au Natural Skinfood - Promotes Youthful, Glowing Skin | Collagen Boosting Wrinkle Repair | No Oily Residue - Just Soft to the Touch Skin | Day & Night Moisturizing treatment for Men and Women; Author: *; Description: *; Features: * - Details: Brand: A\u00da NATURAL SKINFOOD, Item Form: Oil, Number of Items: 1, Skin Type: Oily, Item Volume: 4 Fluid Ounces, Product Dimensions: 0.9 x 0.9 x 3.8 inches; 1.59 Ounces; Store: Store: AÚ NATURAL SKINFOOD; Categories: *; Price: Price: None;"
All Beauty,"Coppertone Kids Clear Sunscreen Lotion SPF 50, Water Resistant Sunscreen for Kids, #1 Pediatrician Recommended Sunscreen Brand, Broad Spectrum Sunscreen SPF 50, 5 Fl Oz Tube",3.8,326,"'Goes on Clear: Cool and hydrating Coppertone kids clear sunscreen goes on clear, rubs in quickly and leaves no white residue', 'Stays on Strong: This broad spectrum sunscreen offers UVA/UVB protection and resists heat, sweat and water', 'Free Of: This Coppertone sunscreen SPF 50 formula is free from dyes, parabens, Octinoxate and Oxybenzone', 'Water Resistant: Coppertone SPF 50 sunscreen lotion is water resistant (80 minutes), so it stays on strong when you sweat', 'One (1) 5 ounce tube of Coppertone Kids SPF 50 Clear Sunscreen'","'Whichever outdoor activity you’re passionate about, Coppertone Kids SPF 50 Clear Sunscreen is on your team. Designed to stay on strong when you sweat, this high-performance sunscreen features a cool and hydrating formula. This Coppertone sunscreen formula protects you from the sun with a durable and water resistant sunscreen (80 minutes) that goes on clear, rubs in quickly and leaves no white residue. Coppertone Kids SPF 50 Clear Sunscreen offers broad spectrum UVA/UVB protection, resists heat, sweat and water, and gives a cooling sensation when applied. Each sunscreen Coppertone creates follows a tradition of trusted, quality sun protection products. Coppertone has been providing continuous innovation for more than 75 years, and is voted the most trusted sunscreen brand.(1) Depend on this tough sunscreen during any outdoor activities, whether you’re sunbathing, strolling along the sand or enjoying ambitious outdoor workouts. Use and reapply Coppertone sunscreen as directed. (1)Voted Most Trusted Sunscreen Brand by American Shoppers Based on the 2022 BrandSpark American Trust Study.'",6.94,"{'hi_res': ['https://m.media-amazon.com/images/I/71X52SyonaL._SL1500_.jpg', 'https://m.media-amazon.com/images/I/51ZvxOkHMcL._SL1000_.jpg', 'https://m.media-amazon.com/images/I/713h1M0Mx5L._SL1000_.jpg', 'https://m.media-amazon.com/images/I/61+DIFh1UaL._SL1000_.jpg', 'https://m.media-amazon.com/images/I/51bq1sERNQL._SL1000_.jpg', 'https://m.media-amazon.com/images/I/614m3wdIBcL._SL1000_.jpg', 'https://m.media-amazon.com/images/I/614+u1CBphL._SL1000_.jpg', 'https://m.media-amazon.com/images/I/61zBdxrO9bL._SL1000_.jpg', 'https://m.media-amazon.com/images/I/81RWt+aWpOL._SL1500_.jpg', 'https://m.media-amazon.com/images/I/91n8K6v+ACL._SL1500_.jpg'], 'large': ['https://m.media-amazon.com/images/I/41SybDRzQUL.jpg', 'https://m.media-amazon.com/images/I/41X1HuhMFZL.jpg', 'https://m.media-amazon.com/images/I/518edIqMkmL.jpg', 'https://m.media-amazon.com/images/I/51c3u+CWtFL.jpg', 'https://m.media-amazon.com/images/I/41u7qbvGJ4L.jpg', 'https://m.media-amazon.com/images/I/41c8ThSjawL.jpg', 'https://m.media-amazon.com/images/I/515OCjgl1eL.jpg', 'https://m.media-amazon.com/images/I/51NJZO5mU7L.jpg', 'https://m.media-amazon.com/images/I/41Sy6LXPU+L.jpg', 'https://m.media-amazon.com/images/I/51YLvhlb3WL.jpg'], 'thumb': ['https://m.media-amazon.com/images/I/41SybDRzQUL._SS40_.jpg', 'https://m.media-amazon.com/images/I/41X1HuhMFZL._SS40_.jpg', 'https://m.media-amazon.com/images/I/518edIqMkmL._SS40_.jpg', 'https://m.media-amazon.com/images/I/51c3u+CWtFL._SS40_.jpg', 'https://m.media-amazon.com/images/I/41u7qbvGJ4L._SS40_.jpg', 'https://m.media-amazon.com/images/I/41c8ThSjawL._SS40_.jpg', 'https://m.media-amazon.com/images/I/515OCjgl1eL._SS40_.jpg', 'https://m.media-amazon.com/images/I/51NJZO5mU7L._SS40_.jpg', 'https://m.media-amazon.com/images/I/41Sy6LXPU+L._SS40_.jpg', 'https://m.media-amazon.com/images/I/51YLvhlb3WL._SS40_.jpg'], 'variant': ['MAIN', 'PT01', 'PT03', 'PT04', 'PT05', 'PT06', 'PT07', 'PT08', 'PT10', 'PT11']}","{'title': [], 'url': [], 'user_id': []}",Coppertone,,"Scent: Berry, Product Benefits: Hydrating, Sun Protection Factor: 50 Sun Protection Factor (SPF), Item Weight: 0.31 Pounds, Number of Items: 1, Product Dimensions: 3.11 x 1.87 x 6.89 inches; 4.96 Ounces, Item model number: 41100586377, UPC: 041100586377 072140028282, Manufacturer: AmazonUs/HL1UU",B084ZHP45Y,,,,"Parent ASIN: B084ZHP45Y; Title: Coppertone Kids Clear Sunscreen Lotion SPF 50, Water Resistant Sunscreen for Kids, #1 Pediatrician Recommended Sunscreen Brand, Broad Spectrum Sunscreen SPF 50, 5 Fl Oz Tube; Author: *; Description: Description: 'Whichever outdoor activity you’re passionate about, Coppertone Kids SPF 50 Clear Sunscreen is on your team. Designed to stay on strong when you sweat, this high-performance sunscreen features a cool and hydrating formula. This Coppertone sunscreen formula protects you from the sun with a durable and water resistant sunscreen (80 minutes) that goes on clear, rubs in quickly and leaves no white residue. Coppertone Kids SPF 50 Clear Sunscreen offers broad spectrum UVA/UVB protection, resists heat, sweat and water, and gives a cooling sensation when applied. Each sunscreen Coppertone creates follows a tradition of trusted, quality sun protection products. Coppertone has been providing continuous innovation for more than 75 years, and is voted the most trusted sunscreen brand.(1) Depend on this tough sunscreen during any outdoor activities, whether you’re sunbathing, strolling along the sand or enjoying ambitious outdoor workouts. Use and reapply Coppertone sunscreen as directed. (1)Voted Most Trusted Sunscreen Brand by American Shoppers Based on the 2022 BrandSpark American Trust Study.'; Features: Features: 'Goes on Clear: Cool and hydrating Coppertone kids clear sunscreen goes on clear, rubs in quickly and leaves no white residue', 'Stays on Strong: This broad spectrum sunscreen offers UVA/UVB protection and resists heat, sweat and water', 'Free Of: This Coppertone sunscreen SPF 50 formula is free from dyes, parabens, Octinoxate and Oxybenzone', 'Water Resistant: Coppertone SPF 50 sunscreen lotion is water resistant (80 minutes), so it stays on strong when you sweat', 'One (1) 5 ounce tube of Coppertone Kids SPF 50 Clear Sunscreen' - Details: Scent: Berry, Product Benefits: Hydrating, Sun Protection Factor: 50 Sun Protection Factor (SPF), Item Weight: 0.31 Pounds, Number of Items: 1, Product Dimensions: 3.11 x 1.87 x 6.89 inches; 4.96 Ounces, Item model number: 41100586377, UPC: 041100586377 072140028282, Manufacturer: AmazonUs/HL1UU; Store: Store: Coppertone; Categories: *; Price: Price: 6.94;"
All Beauty,"COSMOCOS FromNature Perfect Cover BB Cream - Light Beighe/Natural Beige SPF 50+ / PA+++ Sun Protection, Natural Skin Tone, High Coverage Korean Cosmetic K Beauty - 50g (1.76 fl oz) (Light Beige)",3.5,20,,,None,"{'hi_res': [None], 'large': ['https://m.media-amazon.com/images/I/01RmK+J4pJL.gif'], 'thumb': ['https://m.media-amazon.com/images/I/01RmK+J4pJL._SS40_.gif'], 'variant': ['MAIN']}","{'title': [], 'url': [], 'user_id': []}",COSMOCOS,,"Brand: COSMOCOS, Item Form: Cream, Unit Count: 1.72 Fl Oz, Number of Items: 1, Use for: Skin, Product Dimensions: 6 x 1.5 x 1 inches; 2.82 Ounces, UPC: 364597179540",B08DXCVRNY,,,,"Parent ASIN: B08DXCVRNY; Title: COSMOCOS FromNature Perfect Cover BB Cream - Light Beighe/Natural Beige SPF 50+ / PA+++ Sun Protection, Natural Skin Tone, High Coverage Korean Cosmetic K Beauty - 50g (1.76 fl oz) (Light Beige); Author: *; Description: *; Features: * - Details: Brand: COSMOCOS, Item Form: Cream, Unit Count: 1.72 Fl Oz, Number of Items: 1, Use for: Skin, Product Dimensions: 6 x 1.5 x 1 inches; 2.82 Ounces, UPC: 364597179540; Store: Store: COSMOCOS; Categories: *; Price: Price: None;"
All Beauty,JARGOD 1pcs 100% Kolinsky Sable Acrylic Nails Round Nail Art Brush (size 4),4.4,27,,,None,"{'hi_res': [None, None, 'https://m.media-amazon.com/images/I/61BiAjM++rL._SL1440_.jpg'], 'large': ['https://m.media-amazon.com/images/I/31axSpQuGjL.jpg', 'https://m.media-amazon.com/images/I/31axSpQuGjL.jpg', 'https://m.media-amazon.com/images/I/51mMTBy33LL.jpg'], 'thumb': ['https://m.media-amazon.com/images/I/31axSpQuGjL._SS40_.jpg', 'https://m.media-amazon.com/images/I/31axSpQuGjL._SS40_.jpg', 'https://m.media-amazon.com/images/I/51mMTBy33LL._SS40_.jpg'], 'variant': ['MAIN', 'PT01', 'PT02']}","{'title': [], 'url': [], 'user_id': []}",JARGOD,,"Brand: JARGOD, Handle Material: Acrylic, Head Material: Kolinsky, Unit Count: 1.00 Count, Package Dimensions: 7.7 x 0.3 x 0.3 inches; 0.63 Ounces",B07ZJX5MNJ,,,,"Parent ASIN: B07ZJX5MNJ; Title: JARGOD 1pcs 100% Kolinsky Sable Acrylic Nails Round Nail Art Brush (size 4); Author: *; Description: *; Features: * - Details: Brand: JARGOD, Handle Material: Acrylic, Head Material: Kolinsky, Unit Count: 1.00 Count, Package Dimensions: 7.7 x 0.3 x 0.3 inches; 0.63 Ounces; Store: Store: JARGOD; Categories: *; Price: Price: None;"
All Beauty,"MBA Renewing Retinol Serum, 1.7 fl. oz, 0.5% Retinol Hydrates & Brightens Skin's Appearance by Diminishing the Look of Breakouts, Hyperpigmentation, and Signs of Aging by Higher Education Skincare",2.8,28,,,None,"{'hi_res': ['https://m.media-amazon.com/images/I/51GJVrxlCLL._SL1500_.jpg', 'https://m.media-amazon.com/images/I/51AA6srv37L._SL1080_.jpg', 'https://m.media-amazon.com/images/I/51dzGLckbaL._SL1500_.jpg', 'https://m.media-amazon.com/images/I/61fugKN832L._SL1500_.jpg', 'https://m.media-amazon.com/images/I/71UT3xWS+eL._SL1500_.jpg', 'https://m.media-amazon.com/images/I/61TWsiuLsQL._SL1080_.jpg', 'https://m.media-amazon.com/images/I/317d5wWr0kL._SL1080_.jpg', 'https://m.media-amazon.com/images/I/41rakqY43OL._SL1080_.jpg'], 'large': ['https://m.media-amazon.com/images/I/313js-PnSML.jpg', 'https://m.media-amazon.com/images/I/31MpE813APL.jpg', 'https://m.media-amazon.com/images/I/31KLCaxHvwL.jpg', 'https://m.media-amazon.com/images/I/31QFBFBWftL.jpg', 'https://m.media-amazon.com/images/I/41i575YDOUL.jpg', 'https://m.media-amazon.com/images/I/411jAUF0VgL.jpg', 'https://m.media-amazon.com/images/I/21ktFcp7hxL.jpg', 'https://m.media-amazon.com/images/I/31aYTnO8CSL.jpg'], 'thumb': ['https://m.media-amazon.com/images/I/313js-PnSML._SS40_.jpg', 'https://m.media-amazon.com/images/I/31MpE813APL._SS40_.jpg', 'https://m.media-amazon.com/images/I/31KLCaxHvwL._SS40_.jpg', 'https://m.media-amazon.com/images/I/31QFBFBWftL._SS40_.jpg', 'https://m.media-amazon.com/images/I/41i575YDOUL._SS40_.jpg', 'https://m.media-amazon.com/images/I/411jAUF0VgL._SS40_.jpg', 'https://m.media-amazon.com/images/I/21ktFcp7hxL._SS40_.jpg', 'https://m.media-amazon.com/images/I/31aYTnO8CSL._SS40_.jpg'], 'variant': ['MAIN', 'PT01', 'PT02', 'PT03', 'PT04', 'PT05', 'PT06', 'PT07']}","{'title': [], 'url': [], 'user_id': []}",Higher Education,,"Skin Type: All, Scent: Aloe, Brand: Higher Education, Item Form: Serum, Unit Count: 1.7 Fl Oz, Is Discontinued By Manufacturer: No, Package Dimensions: 5.5 x 3.4 x 1.5 inches; 3.99 Ounces, UPC: 811381034009",B07MN1KJ15,,,,"Parent ASIN: B07MN1KJ15; Title: MBA Renewing Retinol Serum, 1.7 fl. oz, 0.5% Retinol Hydrates & Brightens Skin's Appearance by Diminishing the Look of Breakouts, Hyperpigmentation, and Signs of Aging by Higher Education Skincare; Author: *; Description: *; Features: * - Details: Skin Type: All, Scent: Aloe, Brand: Higher Education, Item Form: Serum, Unit Count: 1.7 Fl Oz, Is Discontinued By Manufacturer: No, Package Dimensions: 5.5 x 3.4 x 1.5 inches; 3.99 Ounces, UPC: 811381034009; Store: Store: Higher Education; Categories: *; Price: Price: None;"
All Beauty,"Empty Clear Glass Spray Bottles 2-PACK,Refillable 16 oz Containers for Essential Oils, Cleaning Products, Aromatherapy, Misting Plants, or Cooking - Reliable Sprayer with Mist Settings",4.4,148,,,None,"{'hi_res': ['https://m.media-amazon.com/images/I/71k8lTx2ARL._SL1500_.jpg', 'https://m.media-amazon.com/images/I/71HNampT2tL._SL1500_.jpg', 'https://m.media-amazon.com/images/I/71xSGxAJieL._SL1500_.jpg', 'https://m.media-amazon.com/images/I/71exUu4ES-L._SL1500_.jpg', 'https://m.media-amazon.com/images/I/71jHaSk6ElL._SL1500_.jpg', 'https://m.media-amazon.com/images/I/71PZ48x7ipL._SL1500_.jpg', 'https://m.media-amazon.com/images/I/71SAueE07EL._SL1500_.jpg', 'https://m.media-amazon.com/images/I/61t4+NPTuDL._SL1500_.jpg', 'https://m.media-amazon.com/images/I/61V1F3XqejL._SL1500_.jpg'], 'large': ['https://m.media-amazon.com/images/I/41MbzNV4nIL.jpg', 'https://m.media-amazon.com/images/I/51GaR2eDAUL.jpg', 'https://m.media-amazon.com/images/I/51dyxczX2AL.jpg', 'https://m.media-amazon.com/images/I/51vHyRCtQQL.jpg', 'https://m.media-amazon.com/images/I/51+--U9aNjL.jpg', 'https://m.media-amazon.com/images/I/41DHpDBIcjL.jpg', 'https://m.media-amazon.com/images/I/51EHFiSqmmL.jpg', 'https://m.media-amazon.com/images/I/31XniqDbo1L.jpg', 'https://m.media-amazon.com/images/I/31pixX31YvL.jpg'], 'thumb': ['https://m.media-amazon.com/images/I/41MbzNV4nIL._SS40_.jpg', 'https://m.media-amazon.com/images/I/51GaR2eDAUL._SS40_.jpg', 'https://m.media-amazon.com/images/I/51dyxczX2AL._SS40_.jpg', 'https://m.media-amazon.com/images/I/51vHyRCtQQL._SS40_.jpg', 'https://m.media-amazon.com/images/I/51+--U9aNjL._SS40_.jpg', 'https://m.media-amazon.com/images/I/41DHpDBIcjL._SS40_.jpg', 'https://m.media-amazon.com/images/I/51EHFiSqmmL._SS40_.jpg', 'https://m.media-amazon.com/images/I/31XniqDbo1L._SS40_.jpg', 'https://m.media-amazon.com/images/I/31pixX31YvL._SS40_.jpg'], 'variant': ['MAIN', 'PT01', 'PT02', 'PT03', 'PT04', 'PT05', 'PT06', 'PT07', 'PT08']}","{'title': [], 'url': [], 'user_id': []}",Cherry,,"Brand: Cherry, Material: Glass, Capacity: 16 Ounces, Number of Items: 2, Special Feature: Mist Spray, Package Dimensions: 10 x 6.5 x 3.4 inches; 1.4 Pounds, UPC: 791523234156",B089CSR3KF,,,,"Parent ASIN: B089CSR3KF; Title: Empty Clear Glass Spray Bottles 2-PACK,Refillable 16 oz Containers for Essential Oils, Cleaning Products, Aromatherapy, Misting Plants, or Cooking - Reliable Sprayer with Mist Settings; Author: *; Description: *; Features: * - Details: Brand: Cherry, Material: Glass, Capacity: 16 Ounces, Number of Items: 2, Special Feature: Mist Spray, Package Dimensions: 10 x 6.5 x 3.4 inches; 1.4 Pounds, UPC: 791523234156; Store: Store: Cherry; Categories: *; Price: Price: None;"
All Beauty,"CELIMAX The Real Sedum Aqua Boosting Essence - with 65.33% Sedum Extract, Hyaluronic Acid Complex, 150ml",4.6,39,,,None,"{'hi_res': ['https://m.media-amazon.com/images/I/712ZRLLrEXL._SL1500_.jpg', 'https://m.media-amazon.com/images/I/713hrDNvxGS._SL1500_.jpg', 'https://m.media-amazon.com/images/I/61HYFeh3tqS._SL1500_.jpg', 'https://m.media-amazon.com/images/I/711rbClLFGS._SL1500_.jpg', 'https://m.media-amazon.com/images/I/61svkxUIusS._SL1500_.jpg', 'https://m.media-amazon.com/images/I/71xtvlDRoeS._SL1500_.jpg', 'https://m.media-amazon.com/images/I/7162iihH+SS._SL1500_.jpg', 'https://m.media-amazon.com/images/I/61PqsIBtGBS._SL1500_.jpg'], 'large': ['https://m.media-amazon.com/images/I/3101yEyJm6L.jpg', 'https://m.media-amazon.com/images/I/41qUJ3a0+JS.jpg', 'https://m.media-amazon.com/images/I/41fRR-5J05S.jpg', 'https://m.media-amazon.com/images/I/51-AbGQjujS.jpg', 'https://m.media-amazon.com/images/I/41eym1JWBdS.jpg', 'https://m.media-amazon.com/images/I/51sYpqZ7deS.jpg', 'https://m.media-amazon.com/images/I/51Wl+j9SVJS.jpg', 'https://m.media-amazon.com/images/I/41d-JXFtugS.jpg'], 'thumb': ['https://m.media-amazon.com/images/I/3101yEyJm6L._SS40_.jpg', 'https://m.media-amazon.com/images/I/41qUJ3a0+JS._SS40_.jpg', 'https://m.media-amazon.com/images/I/41fRR-5J05S._SS40_.jpg', 'https://m.media-amazon.com/images/I/51-AbGQjujS._SS40_.jpg', 'https://m.media-amazon.com/images/I/41eym1JWBdS._SS40_.jpg', 'https://m.media-amazon.com/images/I/51sYpqZ7deS._SS40_.jpg', 'https://m.media-amazon.com/images/I/51Wl+j9SVJS._SS40_.jpg', 'https://m.media-amazon.com/images/I/41d-JXFtugS._SS40_.jpg'], 'variant': ['MAIN', 'PT01', 'PT02', 'PT03', 'PT04', 'PT05', 'PT06', 'PT07']}","{'title': [], 'url': [], 'user_id': []}",CELIMAX,,"Brand: CELIMAX, Item Form: Liquid, Active Ingredients: Hyaluronic acid, Unit Count: 5.07 Fl Oz, Number of Items: 1, Package Dimensions: 9 x 3 x 2.25 inches; 9.59 Ounces",B084WP4XS8,,,,"Parent ASIN: B084WP4XS8; Title: CELIMAX The Real Sedum Aqua Boosting Essence - with 65.33% Sedum Extract, Hyaluronic Acid Complex, 150ml; Author: *; Description: *; Features: * - Details: Brand: CELIMAX, Item Form: Liquid, Active Ingredients: Hyaluronic acid, Unit Count: 5.07 Fl Oz, Number of Items: 1, Package Dimensions: 9 x 3 x 2.25 inches; 9.59 Ounces; Store: Store: CELIMAX; Categories: *; Price: Price: None;"
All Beauty,SERUM By MERLOT - RESVERATROL - NATURAL ANTI-AGING - DAMAGE CORRECTOR - BOOST COLLAGEN - 1 FL OZ. - DARK CIRCLE CORRECTOR -,4.3,76,,,None,"{'hi_res': ['https://m.media-amazon.com/images/I/61qFxCuvd+L._SL1500_.jpg', 'https://m.media-amazon.com/images/I/61dPzhMpWjL._SL1500_.jpg', 'https://m.media-amazon.com/images/I/714qYq27YML._SL1500_.jpg', 'https://m.media-amazon.com/images/I/71jzOMLdYjL._SL1500_.jpg', 'https://m.media-amazon.com/images/I/71lLB-8O8bL._SL1500_.jpg', 'https://m.media-amazon.com/images/I/71tapJeEyiL._SL1500_.jpg', 'https://m.media-amazon.com/images/I/71LEFwyLPDL._SL1500_.jpg', 'https://m.media-amazon.com/images/I/717LdRmqHDL._SL1500_.jpg'], 'large': ['https://m.media-amazon.com/images/I/31OSC0pB9TL.jpg', 'https://m.media-amazon.com/images/I/31cAfY+bHHL.jpg', 'https://m.media-amazon.com/images/I/417N9DUMnQL.jpg', 'https://m.media-amazon.com/images/I/41uKVJ0ZPwL.jpg', 'https://m.media-amazon.com/images/I/51mQGiCyLFL.jpg', 'https://m.media-amazon.com/images/I/51r-9WxUrLL.jpg', 'https://m.media-amazon.com/images/I/516j1i3GxGL.jpg', 'https://m.media-amazon.com/images/I/51c7-X7vF2L.jpg'], 'thumb': ['https://m.media-amazon.com/images/I/31OSC0pB9TL._SS40_.jpg', 'https://m.media-amazon.com/images/I/31cAfY+bHHL._SS40_.jpg', 'https://m.media-amazon.com/images/I/417N9DUMnQL._SS40_.jpg', 'https://m.media-amazon.com/images/I/41uKVJ0ZPwL._SS40_.jpg', 'https://m.media-amazon.com/images/I/51mQGiCyLFL._SS40_.jpg', 'https://m.media-amazon.com/images/I/51r-9WxUrLL._SS40_.jpg', 'https://m.media-amazon.com/images/I/516j1i3GxGL._SS40_.jpg', 'https://m.media-amazon.com/images/I/51c7-X7vF2L._SS40_.jpg'], 'variant': ['MAIN', 'PT01', 'PT02', 'PT03', 'PT04', 'PT05', 'PT06', 'PT07']}","{'title': [], 'url': [], 'user_id': []}",Merlot,,"Product Benefits: Anti-Aging, Scent: Unscented, Brand: Merlot, Item Form: Serum, Material Feature: Natural, Package Dimensions: 4.6 x 0.8 x 0.8 inches; 2.4 Ounces, UPC: 860219000945",B07WNBZQGT,,,,"Parent ASIN: B07WNBZQGT; Title: SERUM By MERLOT - RESVERATROL - NATURAL ANTI-AGING - DAMAGE CORRECTOR - BOOST COLLAGEN - 1 FL OZ. - DARK CIRCLE CORRECTOR -; Author: *; Description: *; Features: * - Details: Product Benefits: Anti-Aging, Scent: Unscented, Brand: Merlot, Item Form: Serum, Material Feature: Natural, Package Dimensions: 4.6 x 0.8 x 0.8 inches; 2.4 Ounces, UPC: 860219000945; Store: Store: Merlot; Categories: *; Price: Price: None;"
All Beauty,"Bath Pillow for Bathtub, Spa Pillows for Neck Head Shoulders Back Support, Thick Bath Tub Cushion with 6 Suction Cups Men Women Breathable Comfort 4D Air Mesh Quick Dry Headrest Bath Accessories",4.3,117,,,None,"{'hi_res': ['https://m.media-amazon.com/images/I/612DskQswJL._SL1000_.jpg', 'https://m.media-amazon.com/images/I/611HgOfMVOL._SL1000_.jpg', 'https://m.media-amazon.com/images/I/61SjbjUaTDL._SL1000_.jpg', 'https://m.media-amazon.com/images/I/61w67IcAmuL._SL1000_.jpg', 'https://m.media-amazon.com/images/I/51poH5cf6cL._SL1000_.jpg', 'https://m.media-amazon.com/images/I/51t+PHJWrYL._SL1000_.jpg'], 'large': ['https://m.media-amazon.com/images/I/41JR5DxFDnL.jpg', 'https://m.media-amazon.com/images/I/51WpfiMDxTL.jpg', 'https://m.media-amazon.com/images/I/51k6HCa5LNL.jpg', 'https://m.media-amazon.com/images/I/512UDAyAZ+L.jpg', 'https://m.media-amazon.com/images/I/41KnCYBjG9L.jpg', 'https://m.media-amazon.com/images/I/41+iMiXjK3L.jpg'], 'thumb': ['https://m.media-amazon.com/images/I/41JR5DxFDnL._SS40_.jpg', 'https://m.media-amazon.com/images/I/51WpfiMDxTL._SS40_.jpg', 'https://m.media-amazon.com/images/I/51k6HCa5LNL._SS40_.jpg', 'https://m.media-amazon.com/images/I/512UDAyAZ+L._SS40_.jpg', 'https://m.media-amazon.com/images/I/41KnCYBjG9L._SS40_.jpg', 'https://m.media-amazon.com/images/I/41+iMiXjK3L._SS40_.jpg'], 'variant': ['PT01', 'PT02', 'PT03', 'PT04', 'PT05', 'PT06']}","{'title': [], 'url': [], 'user_id': []}",Azun,,"Brand: Azun, Material: Mesh, Item Dimensions LxWxH: 13 x 11 x 1 inches, Product Care Instructions: Hand Wash Only, Product Dimensions: 13 x 11 x 1 inches; 11.36 Ounces",B088ZVSLYP,,,,"Parent ASIN: B088ZVSLYP; Title: Bath Pillow for Bathtub, Spa Pillows for Neck Head Shoulders Back Support, Thick Bath Tub Cushion with 6 Suction Cups Men Women Breathable Comfort 4D Air Mesh Quick Dry Headrest Bath Accessories; Author: *; Description: *; Features: * - Details: Brand: Azun, Material: Mesh, Item Dimensions LxWxH: 13 x 11 x 1 inches, Product Care Instructions: Hand Wash Only, Product Dimensions: 13 x 11 x 1 inches; 11.36 Ounces; Store: Store: Azun; Categories: *; Price: Price: None;"
All Beauty,"Gel Nail Polish Set, Holiday Red Black 6 Colors Gel Polish Kit Popular Nail Art Design Soak Off LED Lamp Nail Polish Gel Manicure Kit Gifts Set for Girls Women Professional DIY Home Use",3.7,64,,,None,"{'hi_res': ['https://m.media-amazon.com/images/I/614bsVakcGL._SL1000_.jpg', 'https://m.media-amazon.com/images/I/81InLA7owaL._SL1500_.jpg', 'https://m.media-amazon.com/images/I/71eVXrVLadL._SL1500_.jpg', 'https://m.media-amazon.com/images/I/71nHvVTY6tL._SL1500_.jpg', 'https://m.media-amazon.com/images/I/71LBYDN5pDL._SL1500_.jpg', 'https://m.media-amazon.com/images/I/91Vaf9P6YjL._SL1500_.jpg'], 'large': ['https://m.media-amazon.com/images/I/51+J8j6Xi8L.jpg', 'https://m.media-amazon.com/images/I/51u-lOKALaL.jpg', 'https://m.media-amazon.com/images/I/41+DqHsqKYL.jpg', 'https://m.media-amazon.com/images/I/51lJk+JZthL.jpg', 'https://m.media-amazon.com/images/I/417LMHJRv6L.jpg', 'https://m.media-amazon.com/images/I/51IaVMvQ1uL.jpg'], 'thumb': ['https://m.media-amazon.com/images/I/51+J8j6Xi8L._SS40_.jpg', 'https://m.media-amazon.com/images/I/51u-lOKALaL._SS40_.jpg', 'https://m.media-amazon.com/images/I/41+DqHsqKYL._SS40_.jpg', 'https://m.media-amazon.com/images/I/51lJk+JZthL._SS40_.jpg', 'https://m.media-amazon.com/images/I/417LMHJRv6L._SS40_.jpg', 'https://m.media-amazon.com/images/I/51IaVMvQ1uL._SS40_.jpg'], 'variant': ['MAIN', 'PT01', 'PT02', 'PT03', 'PT04', 'PT05']}","{'title': [], 'url': [], 'user_id': []}",Anzuo,,"Brand: Anzuo, Item Form: Gel, Type: gel, Finish Type: Shimmery, Special Feature: Long Lasting, Material Feature: Non-Toxic, Cruelty Free, Age Range (Description): Adult, Unit Count: 6.00 Count, Number of Items: 6, Package Dimensions: 5.4 x 3.7 x 3.3 inches; 8.78 Ounces, Item model number: FZ, UPC: 738626208554",B0876VC4KM,,,,"Parent ASIN: B0876VC4KM; Title: Gel Nail Polish Set, Holiday Red Black 6 Colors Gel Polish Kit Popular Nail Art Design Soak Off LED Lamp Nail Polish Gel Manicure Kit Gifts Set for Girls Women Professional DIY Home Use; Author: *; Description: *; Features: * - Details: Brand: Anzuo, Item Form: Gel, Type: gel, Finish Type: Shimmery, Special Feature: Long Lasting, Material Feature: Non-Toxic, Cruelty Free, Age Range (Description): Adult, Unit Count: 6.00 Count, Number of Items: 6, Package Dimensions: 5.4 x 3.7 x 3.3 inches; 8.78 Ounces, Item model number: FZ, UPC: 738626208554; Store: Store: Anzuo; Categories: *; Price: Price: None;"
All Beauty,"6 Pack Portable travel bottles-30ml Flip Cap Reusable Bottles Keychain Carriers for Travel Outdoor Camping Supplies, Metal Buckle Include, Set of 6",4.3,30,,,None,"{'hi_res': ['https://m.media-amazon.com/images/I/7192hrKi+NL._SL1500_.jpg', 'https://m.media-amazon.com/images/I/71wzuIv3BeL._SL1500_.jpg', 'https://m.media-amazon.com/images/I/71FNqDU6L9L._SL1500_.jpg', 'https://m.media-amazon.com/images/I/61iHB56jpUL._SL1500_.jpg', 'https://m.media-amazon.com/images/I/71SL0R-lp1L._SL1500_.jpg', 'https://m.media-amazon.com/images/I/71+EKsMz2DL._SL1500_.jpg', 'https://m.media-amazon.com/images/I/71NnT4TkhnL._SL1500_.jpg'], 'large': ['https://m.media-amazon.com/images/I/51A6wTTu5kL.jpg', 'https://m.media-amazon.com/images/I/41SsJ2E+DhL.jpg', 'https://m.media-amazon.com/images/I/51lsshqI5mL.jpg', 'https://m.media-amazon.com/images/I/41DrY8QpX+L.jpg', 'https://m.media-amazon.com/images/I/41vS5tBigvL.jpg', 'https://m.media-amazon.com/images/I/51i8Uk98VeL.jpg', 'https://m.media-amazon.com/images/I/51CwVwNOUrL.jpg'], 'thumb': ['https://m.media-amazon.com/images/I/51A6wTTu5kL._SS40_.jpg', 'https://m.media-amazon.com/images/I/41SsJ2E+DhL._SS40_.jpg', 'https://m.media-amazon.com/images/I/51lsshqI5mL._SS40_.jpg', 'https://m.media-amazon.com/images/I/41DrY8QpX+L._SS40_.jpg', 'https://m.media-amazon.com/images/I/41vS5tBigvL._SS40_.jpg', 'https://m.media-amazon.com/images/I/51i8Uk98VeL._SS40_.jpg', 'https://m.media-amazon.com/images/I/51CwVwNOUrL._SS40_.jpg'], 'variant': ['MAIN', 'PT01', 'PT02', 'PT03', 'PT04', 'PT05', 'PT06']}","{'title': [], 'url': [], 'user_id': []}",SKYCY,,"Package Dimensions: 8.03 x 5.2 x 2.36 inches; 7.05 Ounces, UPC: 653552483120",B08G83G24X,,,,"Parent ASIN: B08G83G24X; Title: 6 Pack Portable travel bottles-30ml Flip Cap Reusable Bottles Keychain Carriers for Travel Outdoor Camping Supplies, Metal Buckle Include, Set of 6; Author: *; Description: *; Features: * - Details: Package Dimensions: 8.03 x 5.2 x 2.36 inches; 7.05 Ounces, UPC: 653552483120; Store: Store: SKYCY; Categories: *; Price: Price: None;"
All Beauty,"Dip Powder Nail Starter Kit 8 Colors Acrylic Dipping Powder System for French Nail Manicure Nail Art Set, Portable Kit for Trave, No LED Nail Lamp Needed…",3.2,152,,,None,"{'hi_res': ['https://m.media-amazon.com/images/I/71whDTPAgLL._SL1500_.jpg', 'https://m.media-amazon.com/images/I/81bCf39c9PL._SL1500_.jpg', None, 'https://m.media-amazon.com/images/I/71MdLyjkARL._SL1500_.jpg', 'https://m.media-amazon.com/images/I/81rJZGGt7LL._SL1500_.jpg', 'https://m.media-amazon.com/images/I/71jF28mJLDL._SL1500_.jpg', 'https://m.media-amazon.com/images/I/71ecbeSFnuL._SL1500_.jpg'], 'large': ['https://m.media-amazon.com/images/I/51caJVGbDeL.jpg', 'https://m.media-amazon.com/images/I/515n+H9J3pL.jpg', 'https://m.media-amazon.com/images/I/41CfjwrceRL.jpg', 'https://m.media-amazon.com/images/I/31zvogzRgzL.jpg', 'https://m.media-amazon.com/images/I/41afxcUFKiL.jpg', 'https://m.media-amazon.com/images/I/51kJeQCpRrL.jpg', 'https://m.media-amazon.com/images/I/51EBr5kt-AL.jpg'], 'thumb': ['https://m.media-amazon.com/images/I/51caJVGbDeL._SS40_.jpg', 'https://m.media-amazon.com/images/I/515n+H9J3pL._SS40_.jpg', 'https://m.media-amazon.com/images/I/41CfjwrceRL._SS40_.jpg', 'https://m.media-amazon.com/images/I/31zvogzRgzL._SS40_.jpg', 'https://m.media-amazon.com/images/I/41afxcUFKiL._SS40_.jpg', 'https://m.media-amazon.com/images/I/51kJeQCpRrL._SS40_.jpg', 'https://m.media-amazon.com/images/I/51EBr5kt-AL._SS40_.jpg'], 'variant': ['MAIN', 'PT01', 'PT02', 'PT03', 'PT04', 'PT05', 'PT06']}","{'title': [], 'url': [], 'user_id': []}",Colorfairy,,"Material: Acrylic, Brand: Colorfairy, Included Components: Dip Powder, Nail Lamp, Item Form: Powder, Package Dimensions: 5.98 x 4.17 x 2.72 inches; 9.77 Ounces",B08SJKR877,,,,"Parent ASIN: B08SJKR877; Title: Dip Powder Nail Starter Kit 8 Colors Acrylic Dipping Powder System for French Nail Manicure Nail Art Set, Portable Kit for Trave, No LED Nail Lamp Needed…; Author: *; Description: *; Features: * - Details: Material: Acrylic, Brand: Colorfairy, Included Components: Dip Powder, Nail Lamp, Item Form: Powder, Package Dimensions: 5.98 x 4.17 x 2.72 inches; 9.77 Ounces; Store: Store: Colorfairy; Categories: *; Price: Price: None;"
All Beauty,"Spanature Green Tea Hand & Body Lotion Travel Size Selection, 4 Pack, Revitalizing Moisturizer for Rough and Dry Skin, Nourishing and Gentle for All Skin Types, Made In Korea - 75 ml/2.53oz",4.5,61,,,None,"{'hi_res': ['https://m.media-amazon.com/images/I/61KzxzQt2VL._SL1500_.jpg', 'https://m.media-amazon.com/images/I/511Lq2STkUL._SL1500_.jpg', 'https://m.media-amazon.com/images/I/61SaaerFc5L._SL1500_.jpg', 'https://m.media-amazon.com/images/I/61qH+3+kK0L._SL1500_.jpg'], 'large': ['https://m.media-amazon.com/images/I/41FbxV6eapL.jpg', 'https://m.media-amazon.com/images/I/31eBjVpv15L.jpg', 'https://m.media-amazon.com/images/I/31owbd+vvIL.jpg', 'https://m.media-amazon.com/images/I/41aCKhJq6DL.jpg'], 'thumb': ['https://m.media-amazon.com/images/I/41FbxV6eapL._SS40_.jpg', 'https://m.media-amazon.com/images/I/31eBjVpv15L._SS40_.jpg', 'https://m.media-amazon.com/images/I/31owbd+vvIL._SS40_.jpg', 'https://m.media-amazon.com/images/I/41aCKhJq6DL._SS40_.jpg'], 'variant': ['MAIN', 'PT01', 'PT02', 'PT03']}","{'title': [], 'url': [], 'user_id': []}",Spanature,,"Brand: Spanature, Item Form: Lotion, Active Ingredients: Green tea, Unit Count: 1.00 Count, Number of Items: 4, Is Discontinued By Manufacturer: No, Package Dimensions: 5.9 x 2.1 x 1.9 inches; 8.8 Ounces",B01MA3LXIL,,,,"Parent ASIN: B01MA3LXIL; Title: Spanature Green Tea Hand & Body Lotion Travel Size Selection, 4 Pack, Revitalizing Moisturizer for Rough and Dry Skin, Nourishing and Gentle for All Skin Types, Made In Korea - 75 ml/2.53oz; Author: *; Description: *; Features: * - Details: Brand: Spanature, Item Form: Lotion, Active Ingredients: Green tea, Unit Count: 1.00 Count, Number of Items: 4, Is Discontinued By Manufacturer: No, Package Dimensions: 5.9 x 2.1 x 1.9 inches; 8.8 Ounces; Store: Store: Spanature; Categories: *; Price: Price: None;"
All Beauty,"4D Silk Fiber Lash Mascara Black, Waterproof Natural Thick Fiber Mascara, Thick Thickening Lengthening, Dramatic Extension Voluminous Eyelashes Mascara, No Clumping, No Smudging Lasting All Day",4.0,62,"'【Incredible Volume & Length】Luxurious CPCP Peacock Thick Long Fiber Eyelash Mascara can gives your eyelashes a boost of volume and length instantly, provides defined & voluminous lashes with just one coat. Build the look for even thicker, fanned lashes. The highly pigmented formula provides intense color and depth to complete your look. Stay bold & beautiful like never before!', '【Waterproof & Long Lasting】This waterproof and long-lasting Mascara formula ensures that your eyelashes stay gorgeously long, thick and voluminous all day through rain, tears, and sweat. Stay the length, thickness and volume that last all day!', '【Clump Free & Smudge-proof】The smooth and creamy mascara sweeps across all lashes without clumping, flaking, or drying out. No smudging lasting all day.', '【Hypoallergenic Formula】Our hypoallergenic 4D silk fiber lash mascara contains gentle ingredients. Your eyes will be protected by a natural and non-toxic formula. It is safe and friendly for sensitive eyes and contact lens wearers.', '【Easy to Remove with Warm Water】The safe & innovative Mascara formula is made with natural & non-toxic ingredients that will not cause irritation. You even can easy to remove it off at the end of the day with warm water. There will be no residue.'",,None,"{'hi_res': ['https://m.media-amazon.com/images/I/71zWojKSIVL._SL1500_.jpg', 'https://m.media-amazon.com/images/I/71y3o1fSEIL._SL1480_.jpg', 'https://m.media-amazon.com/images/I/7161jya1HpL._SL1480_.jpg', 'https://m.media-amazon.com/images/I/81zE6j53eGL._SL1480_.jpg', 'https://m.media-amazon.com/images/I/714huS1EdrL._SL1480_.jpg', 'https://m.media-amazon.com/images/I/715biTImALL._SL1480_.jpg', 'https://m.media-amazon.com/images/I/71n3VokBKTL._SL1480_.jpg'], 'large': ['https://m.media-amazon.com/images/I/51cpeim+l0L.jpg', 'https://m.media-amazon.com/images/I/51A3JrEydOL.jpg', 'https://m.media-amazon.com/images/I/51zsutxRuxL.jpg', 'https://m.media-amazon.com/images/I/51amALFoa2L.jpg', 'https://m.media-amazon.com/images/I/51QvmjAoyVL.jpg', 'https://m.media-amazon.com/images/I/51695hYAfwL.jpg', 'https://m.media-amazon.com/images/I/515VuF8paFL.jpg'], 'thumb': ['https://m.media-amazon.com/images/I/51cpeim+l0L._SS40_.jpg', 'https://m.media-amazon.com/images/I/51A3JrEydOL._SS40_.jpg', 'https://m.media-amazon.com/images/I/51zsutxRuxL._SS40_.jpg', 'https://m.media-amazon.com/images/I/51amALFoa2L._SS40_.jpg', 'https://m.media-amazon.com/images/I/51QvmjAoyVL._SS40_.jpg', 'https://m.media-amazon.com/images/I/51695hYAfwL._SS40_.jpg', 'https://m.media-amazon.com/images/I/515VuF8paFL._SS40_.jpg'], 'variant': ['MAIN', 'PT01', 'PT02', 'PT03', 'PT04', 'PT05', 'PT06']}","{'title': [], 'url': [], 'user_id': []}",SIKEMAY,,"Color: black, Special Feature: Water, Smudge Proof, Non Clumping, Brand: SIKEMAY, Specialty: Waterproof, hypoallergenic, Unit Count: 1.00 Count, Package Dimensions: 7.2 x 4 x 1.1 inches; 2.4 Ounces, UPC: 764690676838, Manufacturer: SIKEMAY",B086SSHLWT,,,,"Parent ASIN: B086SSHLWT; Title: 4D Silk Fiber Lash Mascara Black, Waterproof Natural Thick Fiber Mascara, Thick Thickening Lengthening, Dramatic Extension Voluminous Eyelashes Mascara, No Clumping, No Smudging Lasting All Day; Author: *; Description: *; Features: Features: '【Incredible Volume & Length】Luxurious CPCP Peacock Thick Long Fiber Eyelash Mascara can gives your eyelashes a boost of volume and length instantly, provides defined & voluminous lashes with just one coat. Build the look for even thicker, fanned lashes. The highly pigmented formula provides intense color and depth to complete your look. Stay bold & beautiful like never before!', '【Waterproof & Long Lasting】This waterproof and long-lasting Mascara formula ensures that your eyelashes stay gorgeously long, thick and voluminous all day through rain, tears, and sweat. Stay the length, thickness and volume that last all day!', '【Clump Free & Smudge-proof】The smooth and creamy mascara sweeps across all lashes without clumping, flaking, or drying out. No smudging lasting all day.', '【Hypoallergenic Formula】Our hypoallergenic 4D silk fiber lash mascara contains gentle ingredients. Your eyes will be protected by a natural and non-toxic formula. It is safe and friendly for sensitive eyes and contact lens wearers.', '【Easy to Remove with Warm Water】The safe & innovative Mascara formula is made with natural & non-toxic ingredients that will not cause irritation. You even can easy to remove it off at the end of the day with warm water. There will be no residue.' - Details: Color: black, Special Feature: Water, Smudge Proof, Non Clumping, Brand: SIKEMAY, Specialty: Waterproof, hypoallergenic, Unit Count: 1.00 Count, Package Dimensions: 7.2 x 4 x 1.1 inches; 2.4 Ounces, UPC: 764690676838, Manufacturer: SIKEMAY; Store: Store: SIKEMAY; Categories: *; Price: Price: None;"
All Beauty,Cherry Blossom Hand & Body Sugar Polish by South of France Clean Body Care | Moisturizing Sugar Scrub for Women | Shea Butter + Sunflower Oil | 8 oz Tube,3.6,28,,,11.95,"{'hi_res': ['https://m.media-amazon.com/images/I/812TAsrNleL._SL1500_.jpg', 'https://m.media-amazon.com/images/I/918dyCQkLJL._SL1500_.jpg', 'https://m.media-amazon.com/images/I/91vbyZkMezL._SL1500_.jpg', 'https://m.media-amazon.com/images/I/91QnKV-kW2L._SL1500_.jpg', 'https://m.media-amazon.com/images/I/A1Ft10mogeL._SL1500_.jpg', 'https://m.media-amazon.com/images/I/91AdfjL3i7L._SL1500_.jpg', 'https://m.media-amazon.com/images/I/919zC9TmnBL._SL1500_.jpg'], 'large': ['https://m.media-amazon.com/images/I/41zdJNGyP5L.jpg', 'https://m.media-amazon.com/images/I/51Wf+02oJSL.jpg', 'https://m.media-amazon.com/images/I/51Wt-dlJaTL.jpg', 'https://m.media-amazon.com/images/I/51SBerxIEnL.jpg', 'https://m.media-amazon.com/images/I/514z4Ipi4QL.jpg', 'https://m.media-amazon.com/images/I/518hvSuuYoL.jpg', 'https://m.media-amazon.com/images/I/51mj4Hts-iL.jpg'], 'thumb': ['https://m.media-amazon.com/images/I/41zdJNGyP5L._SS40_.jpg', 'https://m.media-amazon.com/images/I/51Wf+02oJSL._SS40_.jpg', 'https://m.media-amazon.com/images/I/51Wt-dlJaTL._SS40_.jpg', 'https://m.media-amazon.com/images/I/51SBerxIEnL._SS40_.jpg', 'https://m.media-amazon.com/images/I/514z4Ipi4QL._SS40_.jpg', 'https://m.media-amazon.com/images/I/518hvSuuYoL._SS40_.jpg', 'https://m.media-amazon.com/images/I/51mj4Hts-iL._SS40_.jpg'], 'variant': ['MAIN', 'PT01', 'PT02', 'PT03', 'PT04', 'PT05', 'PT06']}","{'title': [], 'url': [], 'user_id': []}",South of France Natural Body Care,,"Brand: South of France Natural Body Care, Product Benefits: Moisturizing, Active Ingredients: Shea butter, Material Feature: Gluten Free, Natural, Item Volume: 8 Fluid Ounces, Product Dimensions: 8 x 2.8 x 2 inches; 8.8 Ounces, UPC: 856885005148, Manufacturer: South Of France LLC",B07PZ8JNWJ,,,,"Parent ASIN: B07PZ8JNWJ; Title: Cherry Blossom Hand & Body Sugar Polish by South of France Clean Body Care | Moisturizing Sugar Scrub for Women | Shea Butter + Sunflower Oil | 8 oz Tube; Author: *; Description: *; Features: * - Details: Brand: South of France Natural Body Care, Product Benefits: Moisturizing, Active Ingredients: Shea butter, Material Feature: Gluten Free, Natural, Item Volume: 8 Fluid Ounces, Product Dimensions: 8 x 2.8 x 2 inches; 8.8 Ounces, UPC: 856885005148, Manufacturer: South Of France LLC; Store: Store: South of France Natural Body Care; Categories: *; Price: Price: 11.95;"
All Beauty,"Canple Self-cleaning Slicker Brush for Medium Long Hair Types Dog and Cat, Removes Loose Hair Undercoat Effectively Reduce Mats & Tanglings Grooming Brush",4.0,79,,,None,"{'hi_res': ['https://m.media-amazon.com/images/I/618wlzdNbhL._SL1500_.jpg', 'https://m.media-amazon.com/images/I/71CmtNPmFEL._SL1200_.jpg', 'https://m.media-amazon.com/images/I/61yqzE1zksL._SL1200_.jpg', 'https://m.media-amazon.com/images/I/51keg6AGdZL._SL1200_.jpg', 'https://m.media-amazon.com/images/I/71Z3-LBe2fL._SL1200_.jpg', 'https://m.media-amazon.com/images/I/61rJrDExpdL._SL1200_.jpg'], 'large': ['https://m.media-amazon.com/images/I/41r8O5U3-AL.jpg', 'https://m.media-amazon.com/images/I/51TiqaEFMDL.jpg', 'https://m.media-amazon.com/images/I/41Djqu5JL6L.jpg', 'https://m.media-amazon.com/images/I/41r59wSLVEL.jpg', 'https://m.media-amazon.com/images/I/51gSzal1TXL.jpg', 'https://m.media-amazon.com/images/I/41giKRyzUDL.jpg'], 'thumb': ['https://m.media-amazon.com/images/I/41r8O5U3-AL._SS40_.jpg', 'https://m.media-amazon.com/images/I/51TiqaEFMDL._SS40_.jpg', 'https://m.media-amazon.com/images/I/41Djqu5JL6L._SS40_.jpg', 'https://m.media-amazon.com/images/I/41r59wSLVEL._SS40_.jpg', 'https://m.media-amazon.com/images/I/51gSzal1TXL._SS40_.jpg', 'https://m.media-amazon.com/images/I/41giKRyzUDL._SS40_.jpg'], 'variant': ['MAIN', 'PT01', 'PT02', 'PT03', 'PT04', 'PT05']}","{'title': [], 'url': [], 'user_id': []}",Canple,,"Brand: Canple, Special Feature: Self Cleaning, Product Benefits: Smoothing, Unit Count: 1.00 Count, Hair Type: All, Package Dimensions: 10.16 x 6.3 x 2.2 inches; 8.82 Ounces",B08KY7VYDS,,,,"Parent ASIN: B08KY7VYDS; Title: Canple Self-cleaning Slicker Brush for Medium Long Hair Types Dog and Cat, Removes Loose Hair Undercoat Effectively Reduce Mats & Tanglings Grooming Brush; Author: *; Description: *; Features: * - Details: Brand: Canple, Special Feature: Self Cleaning, Product Benefits: Smoothing, Unit Count: 1.00 Count, Hair Type: All, Package Dimensions: 10.16 x 6.3 x 2.2 inches; 8.82 Ounces; Store: Store: Canple; Categories: *; Price: Price: None;"
All Beauty,"Facial Skincare,Cucumber Essence Hydrating Moisturizing Revitalizing Hydration Fruit Extract Deep Cleaning Facial Skincare Sheet for All Skin Type Care, 35ml/1.18oz, Pack of 5",4.3,150,,,None,"{'hi_res': ['https://m.media-amazon.com/images/I/710327xPLDL._SL1500_.jpg', 'https://m.media-amazon.com/images/I/61ZaSFOfuKL._SL1000_.jpg', None, 'https://m.media-amazon.com/images/I/51E4ID8q4JL._SL1000_.jpg', 'https://m.media-amazon.com/images/I/61Tk8ZamaML._SL1000_.jpg', 'https://m.media-amazon.com/images/I/61EDgxdoMAL._SL1000_.jpg'], 'large': ['https://m.media-amazon.com/images/I/41M7XB2UmGL.jpg', 'https://m.media-amazon.com/images/I/51fOAVVMXvL.jpg', 'https://m.media-amazon.com/images/I/41y621Qwb0L.jpg', 'https://m.media-amazon.com/images/I/415H1RaRjcL.jpg', 'https://m.media-amazon.com/images/I/41TXTPmiC7L.jpg', 'https://m.media-amazon.com/images/I/41z27vkn54L.jpg'], 'thumb': ['https://m.media-amazon.com/images/I/41M7XB2UmGL._SS40_.jpg', 'https://m.media-amazon.com/images/I/51fOAVVMXvL._SS40_.jpg', 'https://m.media-amazon.com/images/I/41y621Qwb0L._SS40_.jpg', 'https://m.media-amazon.com/images/I/415H1RaRjcL._SS40_.jpg', 'https://m.media-amazon.com/images/I/41TXTPmiC7L._SS40_.jpg', 'https://m.media-amazon.com/images/I/41z27vkn54L._SS40_.jpg'], 'variant': ['MAIN', 'PT01', 'PT02', 'PT03', 'PT04', 'PT05']}","{'title': [], 'url': [], 'user_id': []}",PalNour,,,B08GJJ5RV9,,,,"Parent ASIN: B08GJJ5RV9; Title: Facial Skincare,Cucumber Essence Hydrating Moisturizing Revitalizing Hydration Fruit Extract Deep Cleaning Facial Skincare Sheet for All Skin Type Care, 35ml/1.18oz, Pack of 5; Author: *; Description: *; Features: * - *; Store: Store: PalNour; Categories: *; Price: Price: None;"
All Beauty,"4D Silk Fiber Lash Mascara Black, Natural Waterproof Mascara Extra Long Lash,Thick Thickening and Lengthening, No Clumping, No Smudging, Lasting Voluminous Eyelashes Dramatic Extension Mascara",4.0,115,"'【Incredible Volume & Length】Luxurious CPCP Elegant Princess Long Fiber Eyelash Mascara can gives your eyelashes a boost of volume and length instantly, provides defined & voluminous lashes with just one coat. Build the look for even thicker, fanned lashes. The highly pigmented formula provides intense color and depth to complete your look. Stay bold & beautiful like never before!', '【Waterproof & Long Lasting】This waterproof and long-lasting Mascara formula ensures that your eyelashes stay gorgeously long, thick and voluminous all day through rain, tears, and sweat. Stay the length, thickness and volume that last all day!', '【Clump Free & Smudge-proof】The smooth and creamy mascara sweeps across all lashes without clumping, flaking, or drying out. No smudging lasting all day.', '【Hypoallergenic Formula】Our hypoallergenic 4D silk fiber lash mascara contains gentle ingredients. Your eyes will be protected by a natural and non-toxic formula. It is safe and friendly for sensitive eyes and contact lens wearers.', '【Easy to Remove with Warm Water】The safe & innovative Mascara formula is made with natural & non-toxic ingredients that will not cause irritation. You even can easy to remove it off at the end of the day with warm water. There will be no residue.'",,None,"{'hi_res': ['https://m.media-amazon.com/images/I/71jlKBharML._SL1500_.jpg', 'https://m.media-amazon.com/images/I/71vfz4b8wHL._SL1480_.jpg', 'https://m.media-amazon.com/images/I/71BkIukE9lL._SL1480_.jpg', 'https://m.media-amazon.com/images/I/81SBZPiAIpL._SL1480_.jpg', 'https://m.media-amazon.com/images/I/71R1TvLyUlL._SL1480_.jpg', 'https://m.media-amazon.com/images/I/710+K+nQfoL._SL1480_.jpg', 'https://m.media-amazon.com/images/I/81Uxqk0eO5L._SL1480_.jpg'], 'large': ['https://m.media-amazon.com/images/I/51d5N9zuaTL.jpg', 'https://m.media-amazon.com/images/I/51jbNkPX-4L.jpg', 'https://m.media-amazon.com/images/I/513nrwnv14L.jpg', 'https://m.media-amazon.com/images/I/51XdgHOMuGL.jpg', 'https://m.media-amazon.com/images/I/51v7sHw4fpL.jpg', 'https://m.media-amazon.com/images/I/51CB0qOkM-L.jpg', 'https://m.media-amazon.com/images/I/514y+70KjKL.jpg'], 'thumb': ['https://m.media-amazon.com/images/I/51d5N9zuaTL._SS40_.jpg', 'https://m.media-amazon.com/images/I/51jbNkPX-4L._SS40_.jpg', 'https://m.media-amazon.com/images/I/513nrwnv14L._SS40_.jpg', 'https://m.media-amazon.com/images/I/51XdgHOMuGL._SS40_.jpg', 'https://m.media-amazon.com/images/I/51v7sHw4fpL._SS40_.jpg', 'https://m.media-amazon.com/images/I/51CB0qOkM-L._SS40_.jpg', 'https://m.media-amazon.com/images/I/514y+70KjKL._SS40_.jpg'], 'variant': ['MAIN', 'PT01', 'PT02', 'PT03', 'PT04', 'PT05', 'PT06']}","{'title': [], 'url': [], 'user_id': []}",SIKEMAY,,"Color: Black, Special Feature: Smudge Proof, Non Clumping, Brand: SIKEMAY, Specialty: Waterproof, Hypoallergenic, Unit Count: 1.00 Count, Package Dimensions: 8.9 x 4 x 1.1 inches; 2.57 Ounces, UPC: 764690676852, Manufacturer: SIKEMAY",B086ST4W1C,,,,"Parent ASIN: B086ST4W1C; Title: 4D Silk Fiber Lash Mascara Black, Natural Waterproof Mascara Extra Long Lash,Thick Thickening and Lengthening, No Clumping, No Smudging, Lasting Voluminous Eyelashes Dramatic Extension Mascara; Author: *; Description: *; Features: Features: '【Incredible Volume & Length】Luxurious CPCP Elegant Princess Long Fiber Eyelash Mascara can gives your eyelashes a boost of volume and length instantly, provides defined & voluminous lashes with just one coat. Build the look for even thicker, fanned lashes. The highly pigmented formula provides intense color and depth to complete your look. Stay bold & beautiful like never before!', '【Waterproof & Long Lasting】This waterproof and long-lasting Mascara formula ensures that your eyelashes stay gorgeously long, thick and voluminous all day through rain, tears, and sweat. Stay the length, thickness and volume that last all day!', '【Clump Free & Smudge-proof】The smooth and creamy mascara sweeps across all lashes without clumping, flaking, or drying out. No smudging lasting all day.', '【Hypoallergenic Formula】Our hypoallergenic 4D silk fiber lash mascara contains gentle ingredients. Your eyes will be protected by a natural and non-toxic formula. It is safe and friendly for sensitive eyes and contact lens wearers.', '【Easy to Remove with Warm Water】The safe & innovative Mascara formula is made with natural & non-toxic ingredients that will not cause irritation. You even can easy to remove it off at the end of the day with warm water. There will be no residue.' - Details: Color: Black, Special Feature: Smudge Proof, Non Clumping, Brand: SIKEMAY, Specialty: Waterproof, Hypoallergenic, Unit Count: 1.00 Count, Package Dimensions: 8.9 x 4 x 1.1 inches; 2.57 Ounces, UPC: 764690676852, Manufacturer: SIKEMAY; Store: Store: SIKEMAY; Categories: *; Price: Price: None;"
All Beauty,"Dr. Denese SkinScience Essential Lipid Anti Aging Power Infusion Dry Oil - Skin Nutrients 97% Organic 100% Natural - Rejuvinating Blend with Amaranth & Resveratrol - Paraben-Free, Cruelty-Free - 2oz",4.2,31,"'PACKED WITH ORGANIC INGREDIENTS - A superior combination of organic dry oils extracted from amaranth, olive, macadamia, avocado, argan, rosehip and grapeseed for a combination of naturally sourced vitamins, antioxidants and bio flavonoids to penetrate rapidly without a greasy after feel. Delivers essential ingredients to the skin with just the right balance helps with the longevity of skin and works to restore the appearance of skin health. Made without parabens or dyes and not animal tested.', 'RESTORE & REJUVINATE SKIN - An exceptional blend of the most pure, nutrient dense essential fatty acid containing ingredients available. This ultimate blend of fast absorbing, natural dry oils is designed to help preserve, restore and rejuvenate the skin, to soften the look of lines, wrinkles, to improve firmness and elasticity, to reduce redness, irritation and dry parched skin.', 'NUTRIENTS FOR YOUR SKIN - Made with resveratrol, one of the most potent anti-oxidants and free radical scavenging agents. Combined with amaranth, which has an 8000- year-old history. The name Amaranth means “a flower that does not wilt” and it has come to symbolize immortality over the ages. Amaranth seed oil is remarkably rich is phytonutrients and bioflavonoids. The serum replenishes squalene which is a naturally occurring lipid in human skin that naturally depletes with age.', 'BENEFICIAL FOR ALL SKIN TYPES - Can be used on all skin types but most beneficial for dry to normal skin above age 35. This dry oil blend should be applied before your cream.', 'TESTED, TRUSTED QUALITY - We pride ourselves on quality of our products and perform product safety testing by third-party, independent, certified testing laboratories. We do not believe in animal testing and all of Dr. Denese products are manufactured under FDA-mandated procedures. The key is to use the RIGHT ingredients in the RIGHT percentages, because with skin care everything is in the percentages. Our goal is to give you an exceptionally high percentage of the key ingredients.'",,32.99,"{'hi_res': [None, 'https://m.media-amazon.com/images/I/619auxgA4PL._SL1080_.jpg', 'https://m.media-amazon.com/images/I/51pQH3kdP5L._SL1080_.jpg', 'https://m.media-amazon.com/images/I/61R6htctfgL._SL1080_.jpg', 'https://m.media-amazon.com/images/I/61+O6HgyEIL._SL1080_.jpg', 'https://m.media-amazon.com/images/I/61VD83Mf13L._SL1080_.jpg'], 'large': ['https://m.media-amazon.com/images/I/41S6MFYWOoL.jpg', 'https://m.media-amazon.com/images/I/41qWWrWrjQL.jpg', 'https://m.media-amazon.com/images/I/41UR4UGcFgL.jpg', 'https://m.media-amazon.com/images/I/41Ef0VAMsIL.jpg', 'https://m.media-amazon.com/images/I/51HD47+v3cL.jpg', 'https://m.media-amazon.com/images/I/41WDGKGsUyL.jpg'], 'thumb': ['https://m.media-amazon.com/images/I/41S6MFYWOoL._SS40_.jpg', 'https://m.media-amazon.com/images/I/41qWWrWrjQL._SS40_.jpg', 'https://m.media-amazon.com/images/I/41UR4UGcFgL._SS40_.jpg', 'https://m.media-amazon.com/images/I/41Ef0VAMsIL._SS40_.jpg', 'https://m.media-amazon.com/images/I/51HD47+v3cL._SS40_.jpg', 'https://m.media-amazon.com/images/I/41WDGKGsUyL._SS40_.jpg'], 'variant': ['MAIN', 'PT01', 'PT02', 'PT03', 'PT04', 'PT05']}","{'title': [], 'url': [], 'user_id': []}",Dr. Denese,,"Brand: Dr. Denese, Item Form: Dr. Denese, Unit Count: 2.00 Fl Oz, Number of Items: 1, Skin Type: Adult, Is Discontinued By Manufacturer: No, Package Dimensions: 4.57 x 3.15 x 3.07 inches; 5.61 Ounces, Item model number: 800166A, UPC: 811684022284, Manufacturer: Dr. Denese",B07DFNPVSF,,,,"Parent ASIN: B07DFNPVSF; Title: Dr. Denese SkinScience Essential Lipid Anti Aging Power Infusion Dry Oil - Skin Nutrients 97% Organic 100% Natural - Rejuvinating Blend with Amaranth & Resveratrol - Paraben-Free, Cruelty-Free - 2oz; Author: *; Description: *; Features: Features: 'PACKED WITH ORGANIC INGREDIENTS - A superior combination of organic dry oils extracted from amaranth, olive, macadamia, avocado, argan, rosehip and grapeseed for a combination of naturally sourced vitamins, antioxidants and bio flavonoids to penetrate rapidly without a greasy after feel. Delivers essential ingredients to the skin with just the right balance helps with the longevity of skin and works to restore the appearance of skin health. Made without parabens or dyes and not animal tested.', 'RESTORE & REJUVINATE SKIN - An exceptional blend of the most pure, nutrient dense essential fatty acid containing ingredients available. This ultimate blend of fast absorbing, natural dry oils is designed to help preserve, restore and rejuvenate the skin, to soften the look of lines, wrinkles, to improve firmness and elasticity, to reduce redness, irritation and dry parched skin.', 'NUTRIENTS FOR YOUR SKIN - Made with resveratrol, one of the most potent anti-oxidants and free radical scavenging agents. Combined with amaranth, which has an 8000- year-old history. The name Amaranth means “a flower that does not wilt” and it has come to symbolize immortality over the ages. Amaranth seed oil is remarkably rich is phytonutrients and bioflavonoids. The serum replenishes squalene which is a naturally occurring lipid in human skin that naturally depletes with age.', 'BENEFICIAL FOR ALL SKIN TYPES - Can be used on all skin types but most beneficial for dry to normal skin above age 35. This dry oil blend should be applied before your cream.', 'TESTED, TRUSTED QUALITY - We pride ourselves on quality of our products and perform product safety testing by third-party, independent, certified testing laboratories. We do not believe in animal testing and all of Dr. Denese products are manufactured under FDA-mandated procedures. The key is to use the RIGHT ingredients in the RIGHT percentages, because with skin care everything is in the percentages. Our goal is to give you an exceptionally high percentage of the key ingredients.' - Details: Brand: Dr. Denese, Item Form: Dr. Denese, Unit Count: 2.00 Fl Oz, Number of Items: 1, Skin Type: Adult, Is Discontinued By Manufacturer: No, Package Dimensions: 4.57 x 3.15 x 3.07 inches; 5.61 Ounces, Item model number: 800166A, UPC: 811684022284, Manufacturer: Dr. Denese; Store: Store: Dr. Denese; Categories: *; Price: Price: 32.99;"
All Beauty,"KISSIO Eyeshadow Set Of 9 Colors, Practical Colors, Pigmentation, Long-Lasting, Rotating Design, CHINA Style, Good Gift",3.7,16,,,None,"{'hi_res': ['https://m.media-amazon.com/images/I/61ACO+JUPML._SL1000_.jpg', 'https://m.media-amazon.com/images/I/71iYNMlwZeL._SL1000_.jpg', 'https://m.media-amazon.com/images/I/61PnO3+5ghL._SL1001_.jpg', None, None, None, None, 'https://m.media-amazon.com/images/I/71fU8juMh+L._SL1200_.jpg', 'https://m.media-amazon.com/images/I/7126ZdxGBAL._SL1200_.jpg'], 'large': ['https://m.media-amazon.com/images/I/51HBT-XYI5L.jpg', 'https://m.media-amazon.com/images/I/51qDAXE0ymL.jpg', 'https://m.media-amazon.com/images/I/51SkRcobtbL.jpg', 'https://m.media-amazon.com/images/I/51pMAU3uYYL.jpg', 'https://m.media-amazon.com/images/I/51rWTUmC4SL.jpg', 'https://m.media-amazon.com/images/I/51qIczjU+JL.jpg', 'https://m.media-amazon.com/images/I/51Ca9UtIDQL.jpg', 'https://m.media-amazon.com/images/I/51AdbbCkc6L.jpg', 'https://m.media-amazon.com/images/I/5177hi9xoNL.jpg'], 'thumb': ['https://m.media-amazon.com/images/I/51HBT-XYI5L._SS40_.jpg', 'https://m.media-amazon.com/images/I/51qDAXE0ymL._SS40_.jpg', 'https://m.media-amazon.com/images/I/51SkRcobtbL._SS40_.jpg', 'https://m.media-amazon.com/images/I/51pMAU3uYYL._SS40_.jpg', 'https://m.media-amazon.com/images/I/51rWTUmC4SL._SS40_.jpg', 'https://m.media-amazon.com/images/I/51qIczjU+JL._SS40_.jpg', 'https://m.media-amazon.com/images/I/51Ca9UtIDQL._SS40_.jpg', 'https://m.media-amazon.com/images/I/51AdbbCkc6L._SS40_.jpg', 'https://m.media-amazon.com/images/I/5177hi9xoNL._SS40_.jpg'], 'variant': ['MAIN', 'PT01', 'PT02', 'PT03', 'PT04', 'PT05', 'PT06', 'PT07', 'PT08']}","{'title': [], 'url': [], 'user_id': []}",KISSIO,,"Brand: KISSIO, Item Form: Powder, Finish Type: Matte, Product Benefits: Long Lasting, Unit Count: 1.00 Count, Package Dimensions: 4.29 x 4.13 x 0.75 inches; 3.77 Ounces",B08F7877DC,,,,"Parent ASIN: B08F7877DC; Title: KISSIO Eyeshadow Set Of 9 Colors, Practical Colors, Pigmentation, Long-Lasting, Rotating Design, CHINA Style, Good Gift; Author: *; Description: *; Features: * - Details: Brand: KISSIO, Item Form: Powder, Finish Type: Matte, Product Benefits: Long Lasting, Unit Count: 1.00 Count, Package Dimensions: 4.29 x 4.13 x 0.75 inches; 3.77 Ounces; Store: Store: KISSIO; Categories: *; Price: Price: None;"
All Beauty,"Magnetic Eyelashes and Magnetic Eyeliner Kit, Magnetic Eyelashes with Eyeliner, 5 Pairs Reusable Magnetic Eyelashes with Tweezer, False Lashes",3.0,36,,,None,"{'hi_res': ['https://m.media-amazon.com/images/I/71Zvu1YUMyL._SL1500_.jpg', 'https://m.media-amazon.com/images/I/61dUqOuSsjL._SL1000_.jpg', 'https://m.media-amazon.com/images/I/71baXs4Nr1L._SL1500_.jpg', 'https://m.media-amazon.com/images/I/61GCzt2mxnL._SL1000_.jpg', 'https://m.media-amazon.com/images/I/61nkP9r5qrL._SL1000_.jpg', 'https://m.media-amazon.com/images/I/61LdOABR2UL._SL1000_.jpg', 'https://m.media-amazon.com/images/I/61x1-FmZEkL._SL1000_.jpg'], 'large': ['https://m.media-amazon.com/images/I/41o1ZPlVTiL.jpg', 'https://m.media-amazon.com/images/I/51BvLe3cRzL.jpg', 'https://m.media-amazon.com/images/I/41n1BvvHrVL.jpg', 'https://m.media-amazon.com/images/I/51F4pzEkINL.jpg', 'https://m.media-amazon.com/images/I/51bUztATg1L.jpg', 'https://m.media-amazon.com/images/I/51gDDFc4HZL.jpg', 'https://m.media-amazon.com/images/I/418vwQlzoYL.jpg'], 'thumb': ['https://m.media-amazon.com/images/I/41o1ZPlVTiL._SS40_.jpg', 'https://m.media-amazon.com/images/I/51BvLe3cRzL._SS40_.jpg', 'https://m.media-amazon.com/images/I/41n1BvvHrVL._SS40_.jpg', 'https://m.media-amazon.com/images/I/51F4pzEkINL._SS40_.jpg', 'https://m.media-amazon.com/images/I/51bUztATg1L._SS40_.jpg', 'https://m.media-amazon.com/images/I/51gDDFc4HZL._SS40_.jpg', 'https://m.media-amazon.com/images/I/418vwQlzoYL._SS40_.jpg'], 'variant': ['MAIN', 'PT01', 'PT02', 'PT03', 'PT04', 'PT05', 'PT06']}","{'title': [], 'url': [], 'user_id': []}",Eyenjoy,,"Brand: Eyenjoy, Item Dimensions LxWxH: 5.71 x 5.39 x 0.71 inches, Material Feature: Natural, Item Form: Pair, Mounting Type: Magnet, Product Dimensions: 5.71 x 5.39 x 0.71 inches; 2.12 Ounces, UPC: 736067423758",B087GD4BJ1,,,,"Parent ASIN: B087GD4BJ1; Title: Magnetic Eyelashes and Magnetic Eyeliner Kit, Magnetic Eyelashes with Eyeliner, 5 Pairs Reusable Magnetic Eyelashes with Tweezer, False Lashes; Author: *; Description: *; Features: * - Details: Brand: Eyenjoy, Item Dimensions LxWxH: 5.71 x 5.39 x 0.71 inches, Material Feature: Natural, Item Form: Pair, Mounting Type: Magnet, Product Dimensions: 5.71 x 5.39 x 0.71 inches; 2.12 Ounces, UPC: 736067423758; Store: Store: Eyenjoy; Categories: *; Price: Price: None;"
