94219	1	119560
94220	1	119560
94221	1	94220
94222	1	94220
94223	1	94222
94224	1	94222
94225	1	94223
94226	1	94223
94227	1	94226
94228	1	94226
94229	1	94227
94230	1	94227
94231	1	94230
94232	1	94230
94233	1	94231
94234	1	94231
94233	1	94233
94235	1	94233
94236	1	94235
94237	1	94235
94238	1	94236
94239	1	94236
94240	1	94238
94241	1	94238
94242	1	94241
94243	1	94241
94244	1	94242
94245	1	94242
94246	1	94245
94247	1	94245
94248	1	94247
94249	1	94247
94250	1	94248
94222	1	94248
94251	1	94222
94252	1	94222
94253	1	94252
94254	1	94252
94255	1	94254
94256	1	94254
94257	1	94255
94258	1	94255
94258	1	94258
94259	1	94258
94260	1	94259
94261	1	94259
94262	1	94261
94263	1	94261
94264	1	94263
94265	1	94263
94266	1	94264
94267	1	94264
94268	1	94266
94269	1	94266
94270	1	94269
94271	1	94269
94272	1	94271
94273	1	94271
94274	1	94273
94275	1	94273
94276	1	94275
94277	1	94275
94278	1	94276
94279	1	94276
94279	1	94279
94280	1	94279
94281	1	94280
94282	1	94280
94283	1	94282
94282	1	94282
94284	1	94282
94285	1	94282
94286	1	94285
94287	1	94285
94288	1	94286
94289	1	94286
94290	1	94289
94291	1	94289
94292	1	94291
94293	1	94291
94294	1	94293
94295	1	94293
94296	1	94295
94297	1	94295
94298	1	94297
94299	1	94297
94300	1	94299
94301	1	94299
94302	1	94300
94300	1	94300
94303	1	94300
94304	1	94300
94305	1	94303
94306	1	94303
94303	1	94305
94307	1	94305
94308	1	94303
94309	1	94303
94310	1	94309
94311	1	94309
94312	1	94311
94313	1	94311
94314	1	94312
94315	1	94312
94316	1	94314
94317	1	94314
94316	1	94316
94314	1	94316
94318	1	94314
94319	1	94314
94320	1	94319
94321	1	94319
94322	1	94320
94220	1	94320
94323	1	94220
94324	1	94220
94323	1	94323
94325	1	94323
94325	1	94325
94326	1	94325
94325	1	94325
94327	1	94325
94328	1	94327
94329	1	94327
94330	1	94329
94331	1	94329
94332	1	94331
94333	1	94331
94334	1	94333
94335	1	94333
94252	1	94334
94336	1	94334
94337	1	94252
94338	1	94252
94339	1	94338
94340	1	94338
94338	1	94339
94341	1	94339
94339	1	94338
94342	1	94338
94343	1	94339
94344	1	94339
94345	1	94343
94346	1	94343
94347	1	94345
94348	1	94345
94349	1	94347
94319	1	94347
94350	1	94319
94351	1	94319
94352	1	94350
94353	1	94350
94354	1	94352
94355	1	94352
94356	1	94355
94357	1	94355
94358	1	94357
94359	1	94357
94359	1	94359
94360	1	94359
94361	1	94360
94362	1	94360
94363	1	94362
94364	1	94362
94365	1	94363
94347	1	94363
94366	1	94347
94367	1	94347
94368	1	94366
94369	1	94366
94370	1	94369
94371	1	94369
94372	1	94370
94373	1	94370
94374	1	94373
94375	1	94373
94376	1	94374
94377	1	94374
94378	1	94376
94319	1	94376
94379	1	94319
94380	1	94319
94381	1	94380
94382	1	94380
94383	1	94381
94384	1	94381
94383	1	94383
94385	1	94383
94386	1	94385
94387	1	94385
94388	1	94386
94389	1	94386
94390	1	94388
94319	1	94388
94391	1	94319
94392	1	94319
94393	1	94392
94394	1	94392
94395	1	94393
94396	1	94393
94395	1	94395
94397	1	94395
94398	1	94397
94329	1	94397
94399	1	94329
94400	1	94329
94401	1	94399
94402	1	94399
94403	1	94401
94404	1	94401
94405	1	94403
94406	1	94403
94407	1	94406
94408	1	94406
94409	1	94408
94410	1	94408
94411	1	94409
94412	1	94409
94413	1	94412
94414	1	94412
94415	1	94414
94416	1	94414
94417	1	94415
94418	1	94415
94417	1	94417
94419	1	94417
94419	1	94419
94420	1	94419
94421	1	94420
94422	1	94420
94423	1	94421
94424	1	94421
94425	1	94424
94426	1	94424
94427	1	94425
94428	1	94425
94429	1	94427
94430	1	94427
94431	1	94430
94432	1	94430
94433	1	94432
94362	1	94432
94434	1	94362
94435	1	94362
94436	1	94434
94437	1	94434
94438	1	94437
94228	1	94437
94439	1	94438
94440	1	94438
94439	1	94439
94441	1	94439
94442	1	94441
94443	1	94441
94444	1	94443
94445	1	94443
94446	1	94445
94447	1	94445
94448	1	94446
94449	1	94446
94450	1	94449
94451	1	94449
94452	1	94451
94453	1	94451
94451	1	94452
94454	1	94452
94455	1	94451
94456	1	94451
94457	1	94455
94458	1	94455
94459	1	94458
94460	1	94458
94461	1	94459
94462	1	94459
94463	1	94462
94464	1	94462
94465	1	94464
94466	1	94464
94464	1	94465
94467	1	94465
94467	1	94467
94468	1	94467
94469	1	94468
94470	1	94468
94357	1	94469
94471	1	94469
94469	1	94357
94472	1	94357
94473	1	94469
94474	1	94469
94475	1	94473
94476	1	94473
94477	1	94475
94245	1	94475
94437	1	94245
94478	1	94245
94479	1	94437
94271	1	94437
94381	1	94271
94480	1	94271
94481	1	94381
94482	1	94381
94481	1	94481
94271	1	94481
94483	1	94271
94484	1	94271
94441	1	94483
94485	1	94483
94486	1	94441
94487	1	94441
94488	1	94487
94489	1	94487
94487	1	94488
94490	1	94488
94491	1	94487
94492	1	94487
94493	1	94492
94494	1	94492
94495	1	94494
94496	1	94494
94445	1	94496
94497	1	94496
94498	1	94445
94499	1	94445
94500	1	94499
94501	1	94499
94502	1	94501
94503	1	94501
94504	1	94502
94505	1	94502
94506	1	94504
94507	1	94504
94446	1	94507
94508	1	94507
94247	1	94446
94509	1	94446
94510	1	94247
94511	1	94247
94512	1	94510
94513	1	94510
94514	1	94513
94515	1	94513
94516	1	94514
94517	1	94514
94518	1	94517
94519	1	94517
94520	1	94518
94521	1	94518
94522	1	94521
94523	1	94521
94524	1	94523
94525	1	94523
94523	1	94524
94526	1	94524
94527	1	94523
94528	1	94523
94523	1	94527
94529	1	94527
94530	1	94523
94531	1	94523
94531	1	94531
94532	1	94531
94533	1	94532
94534	1	94532
94535	1	94533
94352	1	94533
94235	1	94352
94536	1	94352
94421	1	94235
94537	1	94235
94538	1	94421
94539	1	94421
94540	1	94538
94541	1	94538
94542	1	94540
94543	1	94540
94543	1	94543
94469	1	94543
94319	1	94469
94544	1	94469
94545	1	94319
94546	1	94319
94545	1	94545
94469	1	94545
94547	1	94469
94548	1	94469
94549	1	94548
94550	1	94548
94548	1	94549
94551	1	94549
94552	1	94548
94329	1	94548
94553	1	94329
94554	1	94329
94504	1	94553
94555	1	94553
94556	1	94504
94557	1	94504
94514	1	94557
94558	1	94557
94557	1	94514
94559	1	94514
94560	1	94559
94561	1	94559
94560	1	94560
94562	1	94560
94333	1	94562
94563	1	94562
94562	1	94333
94564	1	94333
94565	1	94564
94566	1	94564
94564	1	94565
94475	1	94565
94567	1	94475
94568	1	94475
94569	1	94567
94570	1	94567
94381	1	94569
94571	1	94569
94569	1	94381
94572	1	94381
94573	1	94572
94574	1	94572
94575	1	94573
94576	1	94573
94369	1	94575
94577	1	94575
94578	1	94369
94579	1	94369
94580	1	94578
94581	1	94578
94580	1	94580
94582	1	94580
94583	1	94582
94584	1	94582
94585	1	94583
94586	1	94583
94587	1	94586
94588	1	94586
94586	1	94587
94589	1	94587
94590	1	94589
94591	1	94589
94592	1	94590
94593	1	94590
94594	1	94593
94595	1	94593
94329	1	94594
94596	1	94594
94597	1	94329
94598	1	94329
94599	1	94597
94600	1	94597
94601	1	94599
94602	1	94599
94603	1	94602
94604	1	94602
94605	1	94603
94329	1	94603
94606	1	94329
94362	1	94329
94607	1	94362
94608	1	94362
94609	1	94607
94610	1	94607
94609	1	94609
94611	1	94609
94611	1	94611
94612	1	94611
94611	1	94611
94613	1	94611
94611	1	94611
94614	1	94611
94614	1	94614
94247	1	94614
94615	1	94247
94616	1	94247
94615	1	94615
94617	1	94615
94618	1	94617
94619	1	94617
94620	1	94618
94621	1	94618
94622	1	94621
94623	1	94621
94622	1	94622
94624	1	94622
94624	1	94624
94625	1	94624
94626	1	94625
94627	1	94625
94594	1	94627
94628	1	94627
94629	1	94594
94630	1	94594
94630	1	94630
94631	1	94630
94319	1	94631
94632	1	94631
94633	1	94319
94634	1	94319
94617	1	94633
94635	1	94633
94636	1	94617
94637	1	94617
94638	1	94636
94639	1	94636
94639	1	94639
94227	1	94639
94640	1	94227
94641	1	94227
94642	1	94641
94643	1	94641
94642	1	94642
94644	1	94642
94645	1	94644
94646	1	94644
94647	1	94646
94648	1	94646
94649	1	94648
94650	1	94648
94651	1	94649
94652	1	94649
94653	1	94651
94654	1	94651
94655	1	94653
94656	1	94653
94657	1	94656
94658	1	94656
94659	1	94657
94660	1	94657
94657	1	94659
94661	1	94659
94662	1	94661
94663	1	94661
94446	1	94662
94664	1	94662
94662	1	94446
94665	1	94446
94666	1	94664
94667	1	94664
94406	1	94666
94668	1	94666
94666	1	94406
94669	1	94406
94670	1	94668
94671	1	94668
94672	1	94670
94673	1	94670
94674	1	94672
94675	1	94672
94343	1	94674
94676	1	94674
94677	1	94343
94578	1	94343
94678	1	94578
94679	1	94578
94680	1	94678
94578	1	94678
94681	1	94578
94682	1	94578
94683	1	94681
94684	1	94681
94685	1	94684
94686	1	94684
94687	1	94685
94688	1	94685
94689	1	94688
94690	1	94688
94475	1	94690
94691	1	94690
94692	1	94475
94693	1	94475
94694	1	94693
94695	1	94693
94695	1	94695
94693	1	94695
94696	1	94693
94697	1	94693
94698	1	94697
94699	1	94697
94698	1	94698
94700	1	94698
94700	1	94700
94701	1	94700
94700	1	94700
94446	1	94700
94446	1	94446
94702	1	94446
94446	1	94446
94703	1	94446
94446	1	94446
94704	1	94446
94705	1	94446
94706	1	94446
94707	1	94705
94708	1	94705
94707	1	94707
94446	1	94707
94709	1	94446
94710	1	94446
94711	1	94710
94712	1	94710
94273	1	94711
94713	1	94711
94714	1	94273
94715	1	94273
94716	1	94714
94381	1	94714
94717	1	94381
94718	1	94381
94381	1	94718
94719	1	94718
94718	1	94381
94720	1	94381
94721	1	94718
94722	1	94718
94721	1	94721
94723	1	94721
94723	1	94723
94724	1	94723
94725	1	94724
94726	1	94724
94727	1	94726
94728	1	94726
94728	1	94728
94729	1	94728
94728	1	94728
94730	1	94728
94728	1	94728
94731	1	94728
94731	1	94731
94732	1	94731
94648	1	94731
94733	1	94731
94731	1	94648
94734	1	94648
94735	1	94731
94736	1	94731
94726	1	94736
94381	1	94736
94737	1	94381
94738	1	94381
94736	1	94726
94739	1	94726
94740	1	94739
94319	1	94739
94741	1	94319
94266	1	94319
94742	1	94266
94343	1	94266
94743	1	94343
94744	1	94343
94745	1	94744
94746	1	94744
94745	1	94745
94747	1	94745
94747	1	94747
94748	1	94747
94747	1	94747
94749	1	94747
94749	1	94749
94750	1	94749
94751	1	94750
94752	1	94750
94744	1	94751
94753	1	94751
94751	1	94744
94754	1	94744
94755	1	94751
94756	1	94751
94750	1	94755
94757	1	94755
94758	1	94750
94759	1	94750
94760	1	94759
94761	1	94759
94762	1	94760
94763	1	94760
94764	1	94763
94765	1	94763
94765	1	94765
94766	1	94765
94767	1	94766
94768	1	94766
94769	1	94768
94770	1	94768
94771	1	94769
94772	1	94769
94773	1	94772
94774	1	94772
94775	1	94774
94776	1	94774
94777	1	94776
94674	1	94776
94778	1	94674
94779	1	94674
94780	1	94778
94781	1	94778
94782	1	94780
94783	1	94780
94784	1	94782
94785	1	94782
94784	1	94784
94786	1	94784
94787	1	94786
94273	1	94786
94788	1	94273
94789	1	94273
94786	1	94787
94790	1	94787
94790	1	94790
94791	1	94790
94782	1	94790
94792	1	94790
94790	1	94782
94793	1	94782
94794	1	94793
94795	1	94793
94796	1	94794
94797	1	94794
94797	1	94797
94798	1	94797
94797	1	94797
94799	1	94797
94797	1	94797
94800	1	94797
94800	1	94800
94801	1	94800
94800	1	94800
94802	1	94800
94802	1	94802
94803	1	94802
94803	1	94803
94804	1	94803
94805	1	94804
94806	1	94804
94807	1	94806
94808	1	94806
94806	1	94807
94809	1	94807
94810	1	94808
94811	1	94808
94811	1	94811
94812	1	94811
94813	1	94812
94766	1	94812
94814	1	94766
94815	1	94766
94815	1	94815
94816	1	94815
94817	1	94816
94818	1	94816
94446	1	94818
94819	1	94818
94818	1	94446
94820	1	94446
94821	1	94819
94822	1	94819
94819	1	94821
94823	1	94821
94824	1	94822
94825	1	94822
94822	1	94824
94750	1	94824
94826	1	94750
94827	1	94750
94750	1	94822
94828	1	94822
94760	1	94750
94829	1	94750
94824	1	94760
94830	1	94760
94824	1	94824
94750	1	94824
94831	1	94750
94832	1	94750
94832	1	94832
94833	1	94832
94832	1	94832
94834	1	94832
94834	1	94834
94835	1	94834
94836	1	94835
94837	1	94835
94838	1	94837
94839	1	94837
94838	1	94838
94840	1	94838
94841	1	94840
94842	1	94840
94843	1	94842
94844	1	94842
94845	1	94843
94846	1	94843
94847	1	94846
94848	1	94846
94848	1	94848
94849	1	94848
94850	1	94848
94851	1	94848
94848	1	94850
94852	1	94850
94853	1	94851
94854	1	94851
94855	1	94854
94856	1	94854
94857	1	94856
94858	1	94856
94859	1	94858
94860	1	94858
94861	1	94860
94862	1	94860
94863	1	94861
94864	1	94861
94865	1	94863
94835	1	94863
94866	1	94835
94867	1	94835
94866	1	94866
94868	1	94866
94869	1	94868
94870	1	94868
94868	1	94869
94871	1	94869
94835	1	94870
94872	1	94870
94873	1	94835
94874	1	94835
94874	1	94874
94875	1	94874
94875	1	94875
94750	1	94875
94876	1	94750
94877	1	94750
94877	1	94877
94878	1	94877
94879	1	94878
94880	1	94878
94881	1	94880
94882	1	94880
94878	1	94879
94883	1	94879
94884	1	94883
94885	1	94883
94886	1	94845
94887	1	94845
94888	1	94884
94889	1	94884
94890	1	94889
94891	1	94889
94892	1	94891
94893	1	94891
94889	1	94890
94894	1	94890
94895	1	94889
94896	1	94889
94897	1	94896
94898	1	94896
94899	1	94895
94900	1	94895
94889	1	94899
94863	1	94899
94901	1	94863
94902	1	94863
94903	1	94836
94904	1	94836
94889	1	94889
94905	1	94889
94906	1	94905
94907	1	94905
94908	1	94839
94909	1	94839
94910	1	94907
94911	1	94907
94912	1	94872
94913	1	94872
94914	1	94911
94915	1	94911
94916	1	94915
94917	1	94915
94918	1	94914
94919	1	94914
94911	1	94918
94920	1	94918
94911	1	94911
94921	1	94911
94911	1	94911
94914	1	94911
94922	1	94914
94923	1	94914
94921	1	94921
94869	1	94921
94921	1	94921
94924	1	94921
94925	1	94924
94926	1	94924
94927	1	94853
94928	1	94853
94929	1	94847
94930	1	94847
94931	1	94869
94932	1	94869
94931	1	94931
94933	1	94931
94931	1	94931
94934	1	94931
94935	1	94931
94936	1	94931
94936	1	94936
94937	1	94936
94938	1	94936
94939	1	94936
94938	1	94938
94940	1	94938
94940	1	94940
94941	1	94940
94941	1	94941
94942	1	94941
94942	1	94942
94943	1	94942
94943	1	94943
94944	1	94943
94943	1	94943
94945	1	94943
94943	1	94943
94946	1	94943
94943	1	94943
94947	1	94943
94943	1	94943
94948	1	94943
94943	1	94943
94949	1	94943
94943	1	94943
94950	1	94943
94951	1	94950
94952	1	94950
94953	1	94947
94954	1	94947
94937	1	94937
94955	1	94937
94899	1	94889
94956	1	94889
94957	1	94952
94958	1	94952
94959	1	94949
94960	1	94949
94961	1	94934
94962	1	94934
94963	1	94920
94964	1	94920
94936	1	94938
94965	1	94938
94966	1	94939
94939	1	94939
94948	1	94948
94967	1	94948
94968	1	94967
94967	1	94967
94969	1	94832
94970	1	94832
94876	1	94876
94971	1	94876
94944	1	94944
94972	1	94944
94957	1	94957
94973	1	94957
94974	1	94957
94975	1	94957
94957	1	94974
94976	1	94974
94977	1	94959
94978	1	94959
94979	1	94942
94980	1	94942
94981	1	94967
94982	1	94967
94983	1	94838
94984	1	94838
94985	1	94825
94986	1	94825
94987	1	94944
94944	1	94944
94800	1	94800
94988	1	94800
94959	1	94978
94989	1	94978
94978	1	94959
94990	1	94959
94991	1	94771
94992	1	94771
94993	1	94946
94946	1	94946
94932	1	94932
94994	1	94932
94995	1	94945
94996	1	94945
94997	1	94976
94998	1	94976
94976	1	94997
94999	1	94997
94784	1	94784
95000	1	94784
94935	1	94935
94931	1	94935
95001	1	94931
95002	1	94931
95003	1	94844
95004	1	94844
95005	1	94801
95006	1	94801
95007	1	94960
95008	1	94960
95009	1	94946
95010	1	94946
95011	1	94833
95012	1	94833
95013	1	94862
95014	1	94862
95015	1	94965
95016	1	94965
95017	1	94953
95018	1	94953
95019	1	94977
95020	1	94977
95009	1	95009
95021	1	95009
95021	1	95021
95022	1	95021
95021	1	95021
94946	1	95021
95023	1	94946
95024	1	94946
95015	1	95015
94965	1	95015
95025	1	94965
95026	1	94965
95027	1	94841
94841	1	94841
95028	1	94867
95029	1	94867
95030	1	94865
94865	1	94865
95031	1	94849
95032	1	94849
94995	1	94995
95033	1	94995
95034	1	95033
95035	1	95033
95036	1	94855
95037	1	94855
95038	1	94941
95039	1	94941
95040	1	95020
95041	1	95020
95020	1	95040
95042	1	95040
95043	1	94901
95044	1	94901
95045	1	94966
95046	1	94966
95047	1	94980
95048	1	94980
94980	1	95047
95049	1	95047
95050	1	95019
95051	1	95019
95052	1	94875
95053	1	94875
94989	1	94989
95054	1	94989
95055	1	94866
95056	1	94866
95057	1	94932
94932	1	94932
95058	1	95023
95059	1	95023
95060	1	95054
95061	1	95054
95062	1	94940
95063	1	94940
95064	1	94982
95065	1	94982
95066	1	94906
95067	1	94906
94976	1	94976
94976	1	94976
94976	1	94976
94976	1	94976
95068	1	94885
94885	1	94885
95069	1	94781
95070	1	94781
95071	1	94990
95072	1	94990
95073	1	95061
95074	1	95061
95075	1	94874
95076	1	94874
95077	1	94736
95078	1	94736
95079	1	95058
95080	1	95058
95081	1	94795
95082	1	94795
95083	1	94876
95084	1	94876
95085	1	94871
95086	1	94871
95087	1	95076
95076	1	95076
94920	1	94964
95088	1	94964
95089	1	95055
95055	1	95055
95084	1	95084
95090	1	95084
95091	1	95076
95092	1	95076
95093	1	95055
95055	1	95055
95094	1	94770
95095	1	94770
95096	1	95066
95097	1	95066
94873	1	94873
95098	1	94873
95098	1	95098
95099	1	95098
95100	1	95099
95099	1	95099
95101	1	94919
95102	1	94919
95103	1	95035
95104	1	95035
95105	1	94709
95106	1	94709
95107	1	95102
95108	1	95102
95109	1	94888
95110	1	94888
95111	1	95099
95112	1	95099
94859	1	94859
95113	1	94859
94939	1	94939
95114	1	94939
95115	1	95091
95116	1	95091
95117	1	94978
95118	1	94978
95119	1	94712
95120	1	94712
95121	1	95038
95038	1	95038
95122	1	94932
95123	1	94932
95124	1	94859
94859	1	94859
95125	1	94878
95126	1	94878
95100	1	95111
95127	1	95111
95128	1	95125
95129	1	95125
95130	1	94829
95131	1	94829
95132	1	95118
95133	1	95118
95134	1	94584
95135	1	94584
95136	1	94937
94937	1	94937
95137	1	94741
95138	1	94741
95139	1	94790
95140	1	94790
95141	1	94806
95142	1	94806
95143	1	95039
95144	1	95039
95145	1	95131
95131	1	95131
95146	1	95132
95147	1	95132
95132	1	95146
95148	1	95146
95149	1	94797
95150	1	94797
94961	1	94961
95151	1	94961
95116	1	95116
95152	1	95116
95153	1	94831
95154	1	94831
95155	1	94944
95156	1	94944
95062	1	95062
95157	1	95062
95158	1	95127
95159	1	95127
95160	1	95156
95161	1	95156
95162	1	94824
95163	1	94824
95164	1	94689
95165	1	94689
95166	1	94961
95167	1	94961
94686	1	94686
95168	1	94686
94973	1	94973
95169	1	94973
95170	1	94512
95171	1	94512
94746	1	94746
95172	1	94746
95173	1	94657
95174	1	94657
95175	1	95163
95176	1	95163
95177	1	95116
95178	1	95116
95179	1	94574
95180	1	94574
95181	1	95178
95182	1	95178
94505	1	94505
95183	1	94505
95184	1	94328
95185	1	94328
95186	1	94984
95187	1	94984
95188	1	94935
95189	1	94935
95190	2	95089
95191	2	95170
95192	2	119561
95193	2	119561
95194	2	94730
95195	2	94281
95196	2	119561
95197	2	95129
95198	2	95143
95199	2	94660
95200	2	94999
95201	2	94604
95202	2	119561
95203	2	119561
95204	2	94342
95205	2	94581
95206	2	119561
95207	2	95143
95208	2	94667
95209	2	94558
95210	2	119561
95211	2	95053
95212	2	119561
95213	2	119561
95214	2	119561
95215	2	95119
95216	2	94748
95217	2	94498
95218	2	94962
95219	2	95050
95220	2	94757
95221	2	95007
95222	2	94989
95223	2	94962
95224	2	119561
95225	2	94728
95226	2	119561
95227	2	119561
95228	2	119561
95229	2	95037
95230	2	95090
95231	2	94805
95232	2	95000
95233	2	119561
95234	2	95170
95235	2	119561
95236	2	119561
95237	2	95007
95238	2	119561
95239	2	119561
95240	2	95042
95241	2	95005
95242	2	119561
95243	2	119561
95244	2	94773
95245	2	119561
95246	2	119561
95247	2	94898
95248	2	94537
95249	2	95182
95250	2	95018
95251	2	94613
95252	2	94865
95253	2	94989
95254	2	94799
95255	2	119561
95256	2	95143
95257	2	94478
95258	2	95050
95259	2	119561
95260	2	119561
95261	2	94623
95262	2	119561
95263	2	95126
95264	2	94753
95265	2	94383
95266	2	95105
95267	2	95170
95268	2	95131
95269	2	95135
95270	2	119561
95271	2	94929
95272	2	94912
95273	2	94400
95274	2	94785
95275	2	119561
95276	2	94725
95277	2	95075
95278	2	95063
95279	2	95171
95280	2	94894
95281	2	119561
95282	2	94852
95283	2	119561
95284	2	95121
95285	2	95175
95286	2	94341
95287	2	94933
95288	2	94699
95289	2	95144
95290	2	119561
95291	2	94976
95292	2	119561
95293	2	95064
95294	2	94912
95295	2	94701
95296	2	94561
95297	2	119561
95298	2	95089
95299	2	119561
95300	2	95126
95301	2	95059
95302	2	94564
95303	2	94701
95304	2	94980
95305	2	95173
95306	2	119561
95307	2	94995
95308	2	94976
95309	2	95126
95310	2	119561
95311	2	94680
95312	2	119561
95313	2	119561
95314	2	95126
95315	2	119561
95316	2	95048
95317	2	119561
95318	2	94508
95319	2	119561
95320	2	119561
95321	2	94229
95322	2	94700
95323	2	119561
95324	2	95171
95325	2	119561
95326	2	95017
95327	2	95188
95328	2	94382
95329	2	119561
95330	2	94865
95331	2	94786
95332	2	95108
95333	2	119561
95334	2	95182
95335	2	119561
95336	2	94730
95337	2	94372
95338	2	94805
95339	2	95094
95340	2	94897
95341	2	94557
95342	2	94404
95343	2	94828
95344	2	95124
95345	2	94686
95346	2	94973
95347	2	95026
95348	2	94418
95349	2	119561
95350	2	95050
95351	2	94805
95352	2	94349
95353	2	95182
95354	2	94754
95355	2	119561
95356	2	94503
95357	2	95063
95358	2	119561
95359	2	119561
95360	2	94503
95361	2	94865
95362	2	119561
95363	2	119561
95364	2	94996
95365	2	119561
95366	2	95144
95367	2	94740
95368	2	95143
95369	2	119561
95370	2	95050
95371	2	119561
95372	2	95110
95373	2	94508
95374	2	94939
95375	2	95069
95376	2	94784
95377	2	119561
95378	2	119561
95379	2	95053
95380	2	94505
95381	2	119561
95382	2	94859
95383	2	119561
95384	2	119561
95385	2	94897
95386	2	119561
95387	2	95126
95388	2	94756
95389	2	119561
95390	2	119561
95391	2	94654
95392	2	95143
95393	2	94979
95394	2	94848
95395	2	94865
95396	2	94543
95397	2	95106
95398	2	94623
95399	2	119561
95400	2	95145
95401	2	95171
95402	2	94526
95403	2	94973
95404	2	119561
95405	2	94554
95406	2	94546
95407	2	95123
95408	2	94551
95409	2	95160
95410	2	94586
95411	2	94439
95412	2	94390
95413	2	94767
95414	2	94900
95415	2	95106
95416	2	95184
95417	2	94564
95418	2	95157
95419	2	94943
95420	2	119561
95421	2	119561
95422	2	119561
95423	2	95126
95424	2	94857
95425	2	94740
95426	2	119561
95427	2	95135
95428	2	94767
95429	2	95053
95430	2	94830
95431	2	119561
95432	2	94669
95433	2	119561
95434	2	95026
95435	2	94591
95436	2	119561
95437	2	94367
95438	2	119561
95439	2	94375
95440	2	95126
95441	2	95042
95442	2	94920
95443	2	94805
95444	2	119561
95445	2	119561
95446	2	95004
95447	2	119561
95448	2	94740
95449	2	94743
95450	2	119561
95451	2	119561
95452	2	119561
95453	2	94292
95454	2	119561
95455	2	119561
95456	2	95151
95457	2	95129
95458	2	119561
95459	2	119561
95460	2	95100
95461	2	119561
95462	2	94471
95463	2	95143
95464	2	95018
95465	2	94894
95466	2	94746
95467	2	95153
95468	2	95087
95469	2	95139
95470	2	95083
95471	2	119561
95472	2	94865
95473	2	119561
95474	2	119561
95475	2	119561
95476	2	119561
95477	2	94472
95478	2	94730
95479	2	119561
95480	2	119561
95481	2	94792
95482	2	94708
95483	2	119561
95484	2	119561
95485	2	94687
95486	2	95124
95487	2	95096
95488	2	95151
95489	2	95149
95490	2	95079
95491	2	94478
95492	2	119561
95493	2	94737
95494	2	95183
95495	2	94740
95496	2	95110
95497	2	95043
95498	2	94912
95499	2	95052
95500	2	94346
95501	2	94701
95502	2	95049
95503	2	119561
95504	2	94605
95505	2	95106
95506	2	119561
95507	2	95144
95508	2	94543
95509	2	95143
95510	2	119561
95511	2	94954
95512	2	94958
95513	2	119561
95514	2	95103
95515	2	94471
95516	2	94528
95517	2	94951
95518	2	94702
95519	2	94471
95520	2	119561
95521	2	94765
95522	2	94998
95523	2	95144
95524	2	95053
95525	2	119561
95526	2	94638
95527	2	119561
95528	2	94557
95529	2	94809
95530	2	94528
95531	2	95014
95532	2	94400
95533	2	119561
95534	2	119561
95535	2	95182
95536	2	94687
95537	2	94973
95538	2	119561
95539	2	94996
95540	2	94288
95541	2	95053
95542	2	94955
95543	2	95123
95544	2	94229
95545	2	94933
95546	2	94976
95547	2	94701
95548	2	94979
95549	2	119561
95550	2	95137
95551	2	95049
95552	2	119561
95553	2	95122
95554	2	119561
95555	2	94588
95556	2	94992
95557	2	94571
95558	2	94658
95559	2	119561
95560	2	94647
95561	2	119561
95562	2	94611
95563	2	119561
95564	2	119561
95565	2	95049
95566	2	119561
95567	2	95084
95568	2	94288
95569	2	119561
95570	2	119561
95571	2	94701
95572	2	94511
95573	2	95172
95574	2	119561
95575	2	94555
95576	2	119561
95577	2	94823
95578	2	94586
95579	2	119561
95580	2	119561
95581	2	119561
95582	2	95143
95583	2	95126
95584	2	95042
95585	2	94708
95586	2	94315
95587	2	119561
95588	2	119561
95589	2	95144
95590	2	119561
95591	2	95184
95592	2	95154
95593	2	95139
95594	2	119561
95595	2	95122
95596	2	94805
95597	2	95107
95598	2	94675
95599	2	94911
95600	2	94550
95601	2	119561
95602	2	95126
95603	2	95049
95604	2	119561
95605	2	95051
95606	2	94662
95607	2	119561
95608	2	94912
95609	2	119561
95610	2	94897
95611	2	119561
95612	2	94609
95613	2	119561
95614	2	94976
95615	2	94800
95616	2	94933
95617	2	94470
95618	2	119561
95619	2	94933
95620	2	95002
95621	2	119561
95622	2	119561
95623	2	95149
95624	2	94740
95625	2	94375
95626	2	94665
95627	2	94753
95628	2	94976
95629	2	119561
95630	2	119561
95631	2	119561
95632	2	95081
95633	2	119561
95634	2	119561
95635	2	94315
95636	2	94962
95637	2	95038
95638	2	94735
95639	2	94542
95640	2	119561
95641	2	119561
95642	2	94728
95643	2	95050
95644	2	119561
95645	2	119561
95646	2	95151
95647	2	119561
95648	2	95063
95649	2	119561
95650	2	94841
95651	2	94541
95652	2	95144
95653	2	94336
95654	2	119561
95655	2	94998
95656	2	119561
95657	2	94746
95658	2	95189
95659	2	95037
95660	2	94805
95661	2	94535
95662	2	119561
95663	2	119561
95664	2	119561
95665	2	95121
95666	2	94913
95667	2	94814
95668	2	95157
95669	2	119561
95670	2	94989
95671	2	95160
95672	2	119561
95673	2	95115
95674	2	95005
95675	2	119561
95676	2	94983
95677	2	95051
95678	2	119561
95679	2	94543
95680	2	119561
95681	2	119561
95682	2	119561
95683	2	95171
95684	2	95021
95685	2	95002
95686	2	94820
95687	2	94404
95688	2	94713
95689	2	95137
95690	2	119561
95691	2	94562
95692	2	95182
95693	2	95126
95694	2	119561
95695	2	94921
95696	2	94433
95697	2	119561
95698	2	95126
95699	2	94865
95700	2	94249
95701	2	94240
95702	2	94799
95703	2	94823
95704	2	119561
95705	2	95018
95706	2	94911
95707	2	95030
95708	2	95042
95709	2	94973
95710	2	95063
95711	2	95018
95712	2	94692
95713	2	94912
95714	2	95024
95715	2	94645
95716	2	95106
95717	2	94911
95718	2	95063
95719	2	94537
95720	2	95018
95721	2	119561
95722	2	94490
95723	2	95122
95724	2	94371
95725	2	95132
95726	2	94811
95727	2	95126
95728	2	95175
95729	2	119561
95730	2	94818
95731	2	94783
95732	2	119561
95733	2	119561
95734	2	95075
95735	2	94682
95736	2	119561
95737	2	119561
95738	2	119561
95739	2	95050
95740	2	95045
95741	2	94588
95742	2	95063
95743	2	95147
95744	2	119561
95745	2	95167
95746	2	119561
95747	2	95126
95748	2	95042
95749	2	94815
95750	2	95171
95751	2	119561
95752	2	95129
95753	2	95153
95754	2	94994
95755	2	94715
95756	2	95126
95757	2	94554
95758	2	119561
95759	2	119561
95760	2	94827
95761	2	95075
95762	2	94390
95763	2	94558
95764	2	95026
95765	2	95053
95766	2	95150
95767	2	119561
95768	2	94912
95769	2	94453
95770	2	95160
95771	2	119561
95772	2	95018
95773	2	95170
95774	2	119561
95775	2	119561
95776	2	95182
95777	2	119561
95778	2	95132
95779	2	95143
95780	2	94999
95781	2	94976
95782	2	94779
95783	2	94805
95784	2	94562
95785	2	119561
95786	2	119561
95787	2	94765
95788	2	94792
95789	2	119561
95790	2	94394
95791	2	95119
95792	2	95082
95793	2	119561
95794	2	94471
95795	2	95018
95796	2	95132
95797	2	94939
95798	2	94225
95799	2	94955
95800	2	94939
95801	2	95126
95802	2	94865
95803	2	94928
95804	2	94349
95805	2	119561
95806	2	95106
95807	2	95157
95808	2	95063
95809	2	119561
95810	2	94859
95811	2	119561
95812	2	95182
95813	2	95049
95814	2	119561
95815	2	95160
95816	2	119561
95817	2	95049
95818	2	94912
95819	2	119561
95820	2	94730
95821	2	94560
95822	2	94260
95823	2	94667
95824	2	94817
95825	2	94987
95826	2	94423
95827	2	95090
95828	2	95144
95829	2	95016
95830	2	94976
95831	2	119561
95832	2	119561
95833	2	94529
95834	2	94729
95835	2	119561
95836	2	119561
95837	2	94442
95838	2	95184
95839	2	95018
95840	2	94423
95841	2	94743
95842	2	94324
95843	2	119561
95844	2	95143
95845	2	95155
95846	2	95026
95847	2	119561
95848	2	94283
95849	2	94448
95850	2	119561
95851	2	119561
95852	2	94313
95853	2	95042
95854	2	95022
95855	2	94623
95856	2	95151
95857	2	119561
95858	2	95126
95859	2	95018
95860	2	119561
95861	2	95070
95862	2	94253
95863	2	119561
95864	2	95188
95865	2	94859
95866	2	94666
95867	2	95158
95868	2	119561
95869	2	119561
95870	2	94579
95871	2	119561
95872	2	95144
95873	2	94916
95874	2	95134
95875	2	95084
95876	2	119561
95877	2	94529
95878	2	94505
95879	2	94382
95880	2	119561
95881	2	94500
95882	2	119561
95883	2	119561
95884	2	119561
95885	2	119561
95886	2	94933
95887	2	95126
95888	2	119561
95889	2	95082
95890	2	119561
95891	2	95145
95892	2	95049
95893	2	94616
95894	2	119561
95895	2	95143
95896	2	95106
95897	2	95149
95898	2	95168
95899	2	95046
95900	2	94663
95901	2	94937
95902	2	94471
95903	2	94225
95904	2	94985
95905	2	95100
95906	2	94576
95907	2	119561
95908	2	95049
95909	2	95078
95910	2	95053
95911	2	95182
95912	2	94630
95913	2	94936
95914	2	95053
95915	2	94229
95916	2	94332
95917	2	119561
95918	2	119561
95919	2	95149
95920	2	95171
95921	2	119561
95922	2	119561
95923	2	119561
95924	2	119561
95925	2	94937
95926	2	94270
95927	2	94911
95928	2	94642
95929	2	95063
95930	2	94267
95931	2	119561
95932	2	119561
95933	2	94691
95934	2	94701
95935	2	119561
95936	2	94933
95937	2	94973
95938	2	95063
95939	2	94317
95940	2	95189
95941	2	119561
95942	2	94315
95943	2	95147
95944	2	94805
95945	2	95124
95946	2	94800
95947	2	95080
95948	2	94629
95949	2	119561
95950	2	94229
95951	2	94229
95952	2	119561
95953	2	95108
95954	2	94893
95955	2	94791
95956	2	94551
95957	2	94596
95958	2	95063
95959	2	94658
95960	2	94398
95961	2	94341
95962	2	119561
95963	2	95080
95964	2	119561
95965	2	94805
95966	2	119561
95967	2	94543
95968	2	94382
95969	2	119561
95970	2	95141
95971	2	119561
95972	2	94800
95973	2	95038
95974	2	94411
95975	2	95056
95976	2	95017
95977	2	95106
95978	2	94857
95979	2	95105
95980	2	95036
95981	2	94954
95982	2	119561
95983	2	95151
95984	2	94819
95985	2	94442
95986	2	95153
95987	2	94628
95988	2	94749
95989	2	94642
95990	2	94306
95991	2	94541
95992	2	119561
95993	2	94372
95994	2	94677
95995	2	94692
95996	2	95126
95997	2	95140
95998	2	119561
95999	2	94911
96000	2	119561
96001	2	94819
96002	2	94400
96003	2	119561
96004	2	94417
96005	2	94828
96006	2	94364
96007	2	94805
96008	2	95037
96009	2	94817
96010	2	119561
96011	2	119561
96012	2	95112
96013	2	119561
96014	2	95130
96015	2	94728
96016	2	95026
96017	2	119561
96018	2	94387
96019	2	94702
96020	2	119561
96021	2	119561
96022	2	119561
96023	2	119561
96024	2	95157
96025	2	95086
96026	2	94407
96027	2	119561
96028	2	94969
96029	2	94818
96030	2	94728
96031	2	94281
96032	2	95089
96033	2	95042
96034	2	119561
96035	2	94410
96036	2	94973
96037	2	94999
96038	2	119561
96039	2	119561
96040	2	95157
96041	2	119561
96042	2	94753
96043	2	119561
96044	2	119561
96045	2	119561
96046	2	94395
96047	2	94442
96048	2	94701
96049	2	119561
96050	2	95017
96051	2	119561
96052	2	95026
96053	2	94897
96054	2	95069
96055	2	119561
96056	2	94805
96057	2	95143
96058	2	94852
96059	2	94828
96060	2	95143
96061	2	94267
96062	2	119561
96063	2	94830
96064	2	94543
96065	2	95068
96066	2	95134
96067	2	95017
96068	2	94457
96069	2	119561
96070	2	94522
96071	2	119561
96072	2	94820
96073	2	95143
96074	2	94857
96075	2	95170
96076	2	94904
96077	2	95119
96078	2	94973
96079	2	119561
96080	2	95112
96081	2	95067
96082	2	94288
96083	2	95103
96084	2	94733
96085	2	94823
96086	2	95128
96087	2	119561
96088	2	119561
96089	2	95059
96090	2	94377
96091	2	95069
96092	2	94645
96093	2	94803
96094	2	95106
96095	2	119561
96096	2	119561
96097	2	95120
96098	2	119561
96099	2	94562
96100	2	119561
96101	2	95160
96102	2	95017
96103	2	94728
96104	2	95055
96105	2	119561
96106	2	95103
96107	2	94598
96108	2	94904
96109	2	94784
96110	2	95017
96111	2	95052
96112	2	95126
96113	2	95053
96114	2	95182
96115	2	119561
96116	2	94834
96117	2	95057
96118	2	119561
96119	2	95115
96120	2	119561
96121	2	94937
96122	2	95018
96123	2	95186
96124	2	95088
96125	2	95126
96126	2	95108
96127	2	95059
96128	2	119561
96129	2	119561
96130	2	94740
96131	2	94981
96132	2	95059
96133	2	95098
96134	2	94398
96135	2	94764
96136	2	119561
96137	2	119561
96138	2	119561
96139	2	119561
96140	2	94775
96141	2	95072
96142	2	94745
96143	2	95000
96144	2	95001
96145	2	94973
96146	2	94673
96147	2	119561
96148	2	94660
96149	2	94696
96150	2	95028
96151	2	119561
96152	2	94622
96153	2	119561
96154	2	94887
96155	2	119561
96156	2	94673
96157	2	94243
96158	2	119561
96159	2	94999
96160	2	95015
96161	2	119561
96162	2	119561
96163	2	94976
96164	2	95050
96165	2	119561
96166	2	119561
96167	2	94912
96168	2	94805
96169	2	94340
96170	2	119561
96171	2	94694
96172	2	95149
96173	2	95063
96174	2	94342
96175	2	94680
96176	2	95097
96177	2	94375
96178	2	94390
96179	2	94865
96180	2	95108
96181	2	94976
96182	2	119561
96183	2	95057
96184	2	95135
96185	2	94436
96186	2	119561
96187	2	94306
96188	2	94702
96189	2	94396
96190	2	119561
96191	2	94529
96192	2	94706
96193	2	94937
96194	2	95069
96195	2	119561
96196	2	94624
96197	2	94650
96198	2	94616
96199	2	95013
96200	2	95149
96201	2	119561
96202	2	94543
96203	2	119561
96204	2	94783
96205	2	95143
96206	2	94973
96207	2	119561
96208	2	94729
96209	2	94698
96210	2	95160
96211	2	94543
96212	2	119561
96213	2	94877
96214	2	95106
96215	2	119561
96216	2	95179
96217	2	94894
96218	2	94937
96219	2	95115
96220	2	94998
96221	2	119561
96222	2	94288
96223	2	94563
96224	2	119561
96225	2	119561
96226	2	119561
96227	2	94700
96228	2	95053
96229	2	95144
96230	2	95050
96231	2	95106
96232	2	94973
96233	2	119561
96234	2	95049
96235	2	94805
96236	2	119561
96237	2	95098
96238	2	119561
96239	2	119561
96240	2	95173
96241	2	94704
96242	2	95018
96243	2	94962
96244	2	119561
96245	2	119561
96246	2	95053
96247	2	119561
96248	2	119561
96249	2	95103
96250	2	94288
96251	2	95063
96252	2	119561
96253	2	119561
96254	2	95144
96255	2	95182
96256	2	119561
96257	2	95162
96258	2	94996
96259	2	119561
96260	2	95185
96261	2	119561
96262	2	94551
96263	2	95176
96264	2	119561
96265	2	94986
96266	2	94528
96267	2	94864
96268	2	95143
96269	2	94323
96270	2	94407
96271	2	119561
96272	2	95106
96273	2	95006
96274	2	94811
96275	2	95017
96276	2	95126
96277	2	95126
96278	2	95140
96279	2	95165
96280	2	94963
96281	2	119561
96282	2	94753
96283	2	94939
96284	2	94601
96285	2	119561
96286	2	94558
96287	2	95152
96288	2	94642
96289	2	95087
96290	2	95134
96291	2	94461
96292	2	95162
96293	2	95182
96294	2	95131
96295	2	94471
96296	2	95149
96297	2	94894
96298	2	94954
96299	2	119561
96300	2	94971
96301	2	119561
96302	2	94786
96303	2	95171
96304	2	119561
96305	2	94691
96306	2	119561
96307	2	94817
96308	2	95126
96309	2	94954
96310	2	94683
96311	2	95053
96312	2	119561
96313	2	95057
96314	2	95075
96315	2	95110
96316	2	94630
96317	2	94745
96318	2	119561
96319	2	95075
96320	2	94592
96321	2	119561
96322	2	95094
96323	2	94585
96324	2	95107
96325	2	94315
96326	2	94758
96327	2	94304
96328	2	94716
96329	2	95144
96330	2	119561
96331	2	119561
96332	2	95106
96333	2	94279
96334	2	119561
96335	2	94561
96336	2	94818
96337	2	94558
96338	2	119561
96339	2	119561
96340	2	94894
96341	2	119561
96342	2	95018
96343	2	119561
96344	2	119561
96345	2	94654
96346	2	94764
96347	2	94511
96348	2	119561
96349	2	94925
96350	2	94809
96351	2	119561
96352	2	94811
96353	2	94976
96354	2	95174
96355	2	95049
96356	2	94358
96357	2	119561
96358	2	119561
96359	2	119561
96360	2	95026
96361	2	119561
96362	2	95176
96363	2	95082
96364	2	95143
96365	2	95053
96366	2	95143
96367	2	119561
96368	2	94998
96369	2	95001
96370	2	95005
96371	2	94341
96372	2	95082
96373	2	94675
96374	2	94229
96375	2	95189
96376	2	119561
96377	2	95133
96378	2	119561
96379	2	119561
96380	2	94761
96381	2	94972
96382	2	94535
96383	2	95049
96384	2	94486
96385	2	95168
96386	2	94481
96387	2	119561
96388	2	94725
96389	2	94999
96390	2	119561
96391	2	119561
96392	2	95110
96393	2	94456
96394	2	95157
96395	2	119561
96396	2	95062
96397	2	119561
96398	2	94525
96399	2	119561
96400	2	119561
96401	2	94725
96402	2	94809
96403	2	119561
96404	2	94969
96405	2	94857
96406	2	119561
96407	2	119561
96408	2	119561
96409	2	94389
96410	2	119561
96411	2	119561
96412	2	95049
96413	2	95005
96414	2	94753
96415	2	95063
96416	2	94542
96417	2	119561
96418	2	94841
96419	2	95164
96420	2	95151
96421	2	119561
96422	2	95018
96423	2	95175
96424	2	95171
96425	2	94569
96426	2	95046
96427	2	95160
96428	2	119561
96429	2	94916
96430	2	119561
96431	2	94716
96432	2	95144
96433	2	94699
96434	2	94929
96435	2	95045
96436	2	94981
96437	2	95171
96438	2	119561
96439	2	95049
96440	2	119561
96441	2	94910
96442	2	94897
96443	2	94677
96444	2	94764
96445	2	95084
96446	2	95180
96447	2	119561
96448	2	94930
96449	2	119561
96450	2	94737
96451	2	95031
96452	2	119561
96453	2	94937
96454	2	95143
96455	2	94284
96456	2	94551
96457	2	94550
96458	2	94902
96459	2	94933
96460	2	94561
96461	2	95152
96462	2	94805
96463	2	119561
96464	2	94823
96465	2	95053
96466	2	119561
96467	2	119561
96468	2	94786
96469	2	95153
96470	2	95059
96471	2	119561
96472	2	119561
96473	2	95131
96474	2	94292
96475	2	119561
96476	2	119561
96477	2	95060
96478	2	95121
96479	2	94928
96480	2	95063
96481	2	95028
96482	2	119561
96483	2	119561
96484	2	119561
96485	2	119561
96486	2	94428
96487	2	94418
96488	2	95106
96489	2	119561
96490	2	94478
96491	2	95026
96492	2	95049
96493	2	94699
96494	2	94939
96495	2	95050
96496	2	119561
96497	2	95049
96498	2	94810
96499	2	119561
96500	2	119561
96501	2	95008
96502	2	95009
96503	2	95150
96504	2	94526
96505	2	95100
96506	2	94811
96507	2	94805
96508	2	119561
96509	2	119561
96510	2	94864
96511	2	94707
96512	2	95037
96513	2	95008
96514	2	94346
96515	2	95140
96516	2	94810
96517	2	95106
96518	2	94447
96519	2	94834
96520	2	119561
96521	2	94900
96522	2	95135
96523	2	94916
96524	2	119561
96525	2	94841
96526	2	119561
96527	2	94560
96528	2	95002
96529	2	94723
96530	2	94900
96531	2	119561
96532	2	119561
96533	2	94696
96534	2	95078
96535	2	94962
96536	2	94912
96537	2	95154
96538	2	119561
96539	2	119561
96540	2	95002
96541	2	95123
96542	2	95171
96543	2	119561
96544	2	95057
96545	2	94372
96546	2	94417
96547	2	95154
96548	2	94943
96549	2	119561
96550	2	94658
96551	2	119561
96552	2	94267
96553	2	119561
96554	2	119561
96555	2	119561
96556	2	94723
96557	2	95115
96558	2	95107
96559	2	95087
96560	2	94749
96561	2	119561
96562	2	95171
96563	2	95017
96564	2	94989
96565	2	94250
96566	2	94728
96567	2	94463
96568	2	94624
96569	2	94951
96570	2	95121
96571	2	94534
96572	2	119561
96573	2	119561
96574	2	119561
96575	2	94791
96576	2	119561
96577	2	94810
96578	2	95173
96579	2	95108
96580	2	119561
96581	2	95140
96582	2	94389
96583	2	94552
96584	2	94561
96585	2	94976
96586	2	94859
96587	2	95096
96588	2	95031
96589	2	94579
96590	2	95057
96591	2	95090
96592	2	119561
96593	2	94561
96594	2	94592
96595	2	119561
96596	2	94638
96597	2	94737
96598	2	95113
96599	2	94973
96600	2	119561
96601	2	94288
96602	2	95015
96603	2	119561
96604	2	119561
96605	2	119561
96606	2	119561
96607	2	95143
96608	2	119561
96609	2	94973
96610	2	94894
96611	2	94922
96612	2	94431
96613	2	94828
96614	2	95062
96615	2	95143
96616	2	95174
96617	2	95132
96618	2	94820
96619	2	95170
96620	2	94894
96621	2	95148
96622	2	94920
96623	2	94239
96624	2	119561
96625	2	94382
96626	2	95182
96627	2	119561
96628	2	94645
96629	2	94384
96630	2	94962
96631	2	94928
96632	2	95151
96633	2	95170
96634	2	95097
96635	2	95179
96636	2	119561
96637	2	94805
96638	2	119561
96639	2	94628
96640	2	94375
96641	2	119561
96642	2	119561
96643	2	94396
96644	2	95158
96645	2	95034
96646	2	95000
96647	2	119561
96648	2	94536
96649	2	94719
96650	2	95037
96651	2	94830
96652	2	95053
96653	2	95057
96654	2	95100
96655	2	119561
96656	2	94981
96657	2	94383
96658	2	94810
96659	2	95123
96660	2	94675
96661	2	94798
96662	2	119561
96663	2	119561
96664	2	95053
96665	2	94937
96666	2	119561
96667	2	94482
96668	2	94962
96669	2	119561
96670	2	95122
96671	2	119561
96672	2	94752
96673	2	95002
96674	2	94335
96675	2	94564
96676	2	119561
96677	2	119561
96678	2	94325
96679	2	94650
96680	2	119561
96681	2	95103
96682	2	119561
96683	2	95108
96684	2	95126
96685	2	94418
96686	2	94433
96687	2	95103
96688	2	95062
96689	2	94696
96690	2	119561
96691	2	94372
96692	2	119561
96693	2	94696
96694	2	119561
96695	2	119561
96696	2	95147
96697	2	94675
96698	2	94986
96699	2	94923
96700	2	94925
96701	2	119561
96702	2	119561
96703	2	95176
96704	2	119561
96705	2	94361
96706	2	95070
96707	2	94920
96708	2	95034
96709	2	94702
96710	2	94683
96711	2	95049
96712	2	94256
96713	2	119561
96714	2	119561
96715	2	119561
96716	2	94708
96717	2	94539
96718	2	95121
96719	2	94719
96720	2	94754
96721	2	95052
96722	2	94892
96723	2	94937
96724	2	94936
96725	2	119561
96726	2	95084
96727	2	94985
96728	2	119561
96729	2	95049
96730	2	94908
96731	2	94485
96732	2	94417
96733	2	94989
96734	2	119561
96735	2	95050
96736	2	94900
96737	2	95044
96738	2	119561
96739	2	119561
96740	2	119561
96741	2	94378
96742	2	119561
96743	2	95053
96744	2	119561
96745	2	119561
96746	2	94284
96747	2	94342
96748	2	95038
96749	2	94546
96750	2	95175
96751	2	119561
96752	2	94554
96753	2	119561
96754	2	94828
96755	2	94784
96756	2	94422
96757	2	94933
96758	2	119561
96759	2	119561
96760	2	119561
96761	2	94720
96762	2	94389
96763	2	119561
96764	2	95051
96765	2	119561
96766	2	94973
96767	2	119561
96768	2	119561
96769	2	94372
96770	2	119561
96771	2	95171
96772	2	94686
96773	2	95094
96774	2	95135
96775	2	94792
96776	2	94792
96777	2	95050
96778	2	119561
96779	2	119561
96780	2	95122
96781	2	119561
96782	2	94830
96783	2	95042
96784	2	94588
96785	2	94963
96786	2	94799
96787	2	95121
96788	2	95011
96789	2	95078
96790	2	94805
96791	2	94865
96792	2	94986
96793	2	94813
96794	2	94933
96795	2	94788
96796	2	95069
96797	2	94865
96798	2	95151
96799	2	94937
96800	2	119561
96801	2	95013
96802	2	119561
96803	2	95075
96804	2	95150
96805	2	94954
96806	2	95017
96807	2	119561
96808	2	119561
96809	2	94752
96810	2	94616
96811	2	95084
96812	2	95183
96813	2	95131
96814	2	94308
96815	2	119561
96816	2	119561
96817	2	95122
96818	2	94805
96819	2	95103
96820	2	95003
96821	2	95053
96822	2	119561
96823	2	94471
96824	2	94375
96825	2	119561
96826	2	94704
96827	2	119561
96828	2	94638
96829	2	94686
96830	2	94951
96831	2	94754
96832	2	94296
96833	2	94805
96834	2	119561
96835	2	95128
96836	2	119561
96837	2	94453
96838	2	95013
96839	2	94954
96840	2	94675
96841	2	119561
96842	2	94679
96843	2	94827
96844	2	119561
96845	2	95018
96846	2	119561
96847	2	95172
96848	2	95077
96849	2	94962
96850	2	119561
96851	2	95154
96852	2	94635
96853	2	94221
96854	2	119561
96855	2	119561
96856	2	119561
96857	2	94973
96858	2	119561
96859	2	94306
96860	2	94351
96861	2	94639
96862	2	94585
96863	2	119561
96864	2	94476
96865	2	94865
96866	2	119561
96867	2	119561
96868	2	95170
96869	2	94463
96870	2	94765
96871	2	119561
96872	2	119561
96873	2	95106
96874	2	119561
96875	2	94550
96876	2	95016
96877	2	94805
96878	2	94933
96879	2	94611
96880	2	119561
96881	2	119561
96882	2	95084
96883	2	95026
96884	2	94439
96885	2	119561
96886	2	119561
96887	2	119561
96888	2	95069
96889	2	95094
96890	2	119561
96891	2	94407
96892	2	95187
96893	2	95106
96894	2	94643
96895	2	119561
96896	2	94753
96897	2	94719
96898	2	95059
96899	2	94725
96900	2	94803
96901	2	94865
96902	2	119561
96903	2	119561
96904	2	94655
96905	2	119561
96906	2	119561
96907	2	95168
96908	2	95063
96909	2	95093
96910	2	94481
96911	2	94673
96912	2	95012
96913	2	119561
96914	2	94823
96915	2	94892
96916	2	95014
96917	2	119561
96918	2	94777
96919	2	94516
96920	2	119561
96921	2	119561
96922	2	95049
96923	2	94725
96924	2	119561
96925	2	95002
96926	2	119561
96927	2	119561
96928	2	94857
96929	2	94785
96930	2	94817
96931	2	94486
96932	2	95119
96933	2	119561
96934	2	119561
96935	2	119561
96936	2	94588
96937	2	119561
96938	2	94716
96939	2	95022
96940	2	94490
96941	2	119561
96942	2	119561
96943	2	119561
96944	2	119561
96945	2	94453
96946	2	95150
96947	2	94943
96948	2	95139
96949	2	119561
96950	2	95049
96951	2	95186
96952	2	95063
96953	2	119561
96954	2	94561
96955	2	119561
96956	2	95018
96957	2	119561
96958	2	119561
96959	2	95139
96960	2	94340
96961	2	94274
96962	2	119561
96963	2	95143
96964	2	94805
96965	2	94805
96966	2	119561
96967	2	94785
96968	2	95162
96969	2	94224
96970	2	94474
96971	2	94912
96972	2	95005
96973	2	94485
96974	2	94418
96975	2	95034
96976	2	94704
96977	2	119561
96978	2	95063
96979	2	119561
96980	2	119561
96981	2	94893
96982	2	119561
96983	2	94368
96984	2	94975
96985	2	94976
96986	2	95018
96987	2	94258
96988	2	95084
96989	2	119561
96990	2	95119
96991	2	94563
96992	2	94996
96993	2	94632
96994	2	119561
96995	2	119561
96996	2	119561
96997	2	95049
96998	2	94777
96999	2	95017
97000	2	95026
97001	2	94687
97002	2	95018
97003	2	94404
97004	2	119561
97005	2	95017
97006	2	94695
97007	2	94417
97008	2	94395
97009	2	119561
97010	2	94324
97011	2	94753
97012	2	119561
97013	2	119561
97014	2	94519
97015	2	95026
97016	2	119561
97017	2	94756
97018	2	94654
97019	2	94779
97020	2	94852
97021	2	95051
97022	2	94894
97023	2	95123
97024	2	94989
97025	2	95110
97026	2	95119
97027	2	95018
97028	2	95052
97029	2	94325
97030	2	94728
97031	2	95022
97032	2	95049
97033	2	94903
97034	2	94951
97035	2	94683
97036	2	94354
97037	2	119561
97038	2	94989
97039	2	119561
97040	2	94391
97041	2	119561
97042	2	95131
97043	2	94478
97044	2	94752
97045	2	119561
97046	2	119561
97047	2	94742
97048	2	94526
97049	2	94396
97050	2	119561
97051	2	119561
97052	2	119561
97053	2	119561
97054	2	95164
97055	2	95017
97056	2	119561
97057	2	95129
97058	2	94725
97059	2	94682
97060	2	95002
97061	2	95110
97062	2	95134
97063	2	94313
97064	2	119561
97065	2	95049
97066	2	119561
97067	2	95145
97068	2	95150
97069	2	95046
97070	2	119561
97071	2	94655
97072	2	119561
97073	2	94756
97074	2	95158
97075	2	119561
97076	2	94753
97077	2	119561
97078	2	119561
97079	2	95057
97080	2	119561
97081	2	95032
97082	2	95151
97083	2	94805
97084	2	119561
97085	2	119561
97086	2	94767
97087	2	94669
97088	2	95051
97089	2	94287
97090	2	95131
97091	2	94410
97092	2	119561
97093	2	94767
97094	2	95038
97095	2	94539
97096	2	95034
97097	2	95084
97098	2	119561
97099	2	95144
97100	2	94696
97101	2	94859
97102	2	119561
97103	2	95026
97104	2	94278
97105	2	94395
97106	2	95036
97107	2	94948
97108	2	119561
97109	2	94701
97110	2	94976
97111	2	94784
97112	2	95049
97113	2	119561
97114	2	94667
97115	2	95062
97116	2	94279
97117	2	94753
97118	2	95053
97119	2	95094
97120	2	94857
97121	2	119561
97122	2	95180
97123	2	94544
97124	2	95170
97125	2	95176
97126	2	95001
97127	2	95106
97128	2	119561
97129	2	119561
97130	2	95049
97131	2	95128
97132	2	119561
97133	2	95117
97134	2	95062
97135	2	95126
97136	2	94989
97137	2	94803
97138	2	119561
97139	2	119561
97140	2	95182
97141	2	95109
97142	2	94999
97143	2	95048
97144	2	119561
97145	2	94746
97146	2	94857
97147	2	119561
97148	2	94708
97149	2	95049
97150	2	94796
97151	2	94629
97152	2	95171
97153	2	94484
97154	2	95129
97155	2	95094
97156	2	95136
97157	2	94788
97158	2	119561
97159	2	94779
97160	2	119561
97161	2	95011
97162	2	119561
97163	2	119561
97164	2	95143
97165	2	94683
97166	2	119561
97167	2	94903
97168	2	94981
97169	2	94570
97170	2	94624
97171	2	94765
97172	2	95101
97173	2	95044
97174	2	119561
97175	2	119561
97176	2	95028
97177	2	94660
97178	2	95087
97179	2	95106
97180	2	94301
97181	2	95126
97182	2	94563
97183	2	94991
97184	2	94859
97185	2	94470
97186	2	94962
97187	2	94660
97188	2	95011
97189	2	94323
97190	2	94911
97191	2	95049
97192	2	95180
97193	2	95069
97194	2	94240
97195	2	119561
97196	2	95140
97197	2	119561
97198	2	94985
97199	2	119561
97200	2	94378
97201	2	95053
97202	2	95153
97203	2	95050
97204	2	119561
97205	2	94998
97206	2	94784
97207	2	119561
97208	2	95008
97209	2	119561
97210	2	94981
97211	2	119561
97212	2	94404
97213	2	119561
97214	2	94996
97215	2	119561
97216	2	94933
97217	2	94903
97218	2	119561
97219	2	119561
97220	2	94611
97221	2	94390
97222	2	94284
97223	2	119561
97224	2	119561
97225	2	95009
97226	2	119561
97227	2	94704
97228	2	95022
97229	2	94784
97230	2	95126
97231	2	94515
97232	2	119561
97233	2	94316
97234	2	94676
97235	2	95185
97236	2	94865
97237	2	94852
97238	2	119561
97239	2	94999
97240	2	94591
97241	2	95126
97242	2	94624
97243	2	119561
97244	2	119561
97245	2	119561
97246	2	119561
97247	2	119561
97248	2	95154
97249	2	119561
97250	2	94735
97251	2	94463
97252	2	94663
97253	2	94561
97254	2	119561
97255	2	94753
97256	2	95038
97257	2	119561
97258	2	95126
97259	2	119561
97260	2	95038
97261	2	95063
97262	2	95041
97263	2	95149
97264	2	94798
97265	2	95128
97266	2	95162
97267	2	94820
97268	2	119561
97269	2	95182
97270	2	119561
97271	2	94410
97272	2	95002
97273	2	119561
97274	2	94695
97275	2	119561
97276	2	119561
97277	2	94805
97278	2	94515
97279	2	119561
97280	2	94571
97281	2	94708
97282	2	119561
97283	2	94708
97284	2	119561
97285	2	95075
97286	2	94873
97287	2	94727
97288	2	94699
97289	2	95096
97290	2	119561
97291	2	95109
97292	2	119561
97293	2	94725
97294	2	119561
97295	2	95025
97296	2	119561
97297	2	95106
97298	2	95126
97299	2	119561
97300	2	94937
97301	2	119561
97302	2	95030
97303	2	94892
97304	2	119561
97305	2	94554
97306	2	94404
97307	2	119561
97308	2	94450
97309	2	119561
97310	2	94472
97311	2	95053
97312	2	95129
97313	2	95018
97314	2	95137
97315	2	119561
97316	2	94803
97317	2	95121
97318	2	94601
97319	2	94749
97320	2	119561
97321	2	95050
97322	2	119561
97323	2	95069
97324	2	94985
97325	2	94325
97326	2	94810
97327	2	95130
97328	2	94976
97329	2	94707
97330	2	94973
97331	2	94645
97332	2	94957
97333	2	94971
97334	2	119561
97335	2	95161
97336	2	95018
97337	2	95122
97338	2	94395
97339	2	95069
97340	2	119561
97341	2	119561
97342	2	119561
97343	2	95106
97344	2	95049
97345	2	94885
97346	2	119561
97347	2	95013
97348	2	95106
97349	2	119561
97350	2	94985
97351	2	95053
97352	2	94558
97353	2	119561
97354	2	119561
97355	2	119561
97356	2	95053
97357	2	119561
97358	2	119561
97359	2	95011
97360	2	94298
97361	2	94917
97362	2	119561
97363	2	95183
97364	2	94823
97365	2	119561
97366	2	94813
97367	2	94699
97368	2	94773
97369	2	119561
97370	2	119561
97371	2	94695
97372	2	95014
97373	2	95055
97374	2	95025
97375	2	94390
97376	2	94921
97377	2	119561
97378	2	119561
97379	2	94976
97380	2	119561
97381	2	119561
97382	2	94404
97383	2	94963
97384	2	119561
97385	2	95126
97386	2	94257
97387	2	119561
97388	2	94491
97389	2	119561
97390	2	95008
97391	2	94928
97392	2	94249
97393	2	95103
97394	2	95131
97395	2	119561
97396	2	94753
97397	2	94976
97398	2	94743
97399	2	95133
97400	2	119561
97401	2	95150
97402	2	94478
97403	2	94349
97404	2	94647
97405	2	94742
97406	2	94666
97407	2	94998
97408	2	119561
97409	2	95184
97410	2	94677
97411	2	94857
97412	2	119561
97413	2	94677
97414	2	119561
97415	2	119561
97416	2	94911
97417	2	94912
97418	2	94954
97419	2	94341
97420	2	94500
97421	2	94701
97422	2	94256
97423	2	94246
97424	2	95051
97425	2	95129
97426	2	95034
97427	2	94335
97428	2	94820
97429	2	95049
97430	2	119561
97431	2	94390
97432	2	94694
97433	2	95001
97434	2	94749
97435	2	119561
97436	2	95143
97437	2	95106
97438	2	119561
97439	2	119561
97440	2	95112
97441	2	95017
97442	2	94673
97443	2	95043
97444	2	95093
97445	2	94865
97446	2	95017
97447	2	95075
97448	2	95139
97449	2	119561
97450	2	95022
97451	2	119561
97452	2	94592
97453	2	94221
97454	2	119561
97455	2	119561
97456	2	95184
97457	2	95112
97458	2	119561
97459	2	95131
97460	2	95001
97461	2	95171
97462	2	95005
97463	2	95155
97464	2	94753
97465	2	119561
97466	2	119561
97467	2	94706
97468	2	119561
97469	2	119561
97470	2	119561
97471	2	94951
97472	2	95182
97473	2	94989
97474	2	95094
97475	2	94749
97476	2	95143
97477	2	119561
97478	2	94265
97479	2	94663
97480	2	119561
97481	2	119561
97482	2	95070
97483	2	95018
97484	2	94864
97485	2	119561
97486	2	95073
97487	2	94407
97488	2	95144
97489	2	94979
97490	2	119561
97491	2	119561
97492	2	94865
97493	2	94422
97494	2	95122
97495	2	95049
97496	2	95062
97497	2	94682
97498	2	94675
97499	2	119561
97500	2	94989
97501	2	95129
97502	2	95153
97503	2	94841
97504	2	95015
97505	2	94626
97506	2	119561
97507	2	95062
97508	2	94786
97509	2	95055
97510	2	119561
97511	2	119561
97512	2	94394
97513	2	119561
97514	2	119561
97515	2	94349
97516	2	94865
97517	2	94703
97518	2	94753
97519	2	119561
97520	2	94910
97521	2	94933
97522	2	94471
97523	2	94404
97524	2	95018
97525	2	94805
97526	2	95055
97527	2	95140
97528	2	94585
97529	2	119561
97530	2	119561
97531	2	95018
97532	2	94677
97533	2	119561
97534	2	119561
97535	2	119561
97536	2	94920
97537	2	94671
97538	2	94349
97539	2	94522
97540	2	95135
97541	2	119561
97542	2	95077
97543	2	95026
97544	2	94805
97545	2	94979
97546	2	94725
97547	2	119561
97548	2	95094
97549	2	119561
97550	2	119561
97551	2	95025
97552	2	94324
97553	2	95113
97554	2	94912
97555	2	94939
97556	2	119561
97557	2	119561
97558	2	94543
97559	2	95013
97560	2	95165
97561	2	94810
97562	2	95130
97563	2	119561
97564	2	119561
97565	2	94976
97566	2	119561
97567	2	95062
97568	2	95126
97569	2	94753
97570	2	94410
97571	2	94701
97572	2	95106
97573	2	95103
97574	2	119561
97575	2	94676
97576	2	94628
97577	2	119561
97578	2	94642
97579	2	94530
97580	2	94637
97581	2	119561
97582	2	119561
97583	2	119561
97584	2	119561
97585	2	95053
97586	2	94929
97587	2	119561
97588	2	94290
97589	2	95152
97590	2	94663
97591	2	119561
97592	2	119561
97593	2	94707
97594	2	94638
97595	2	94820
97596	2	94911
97597	2	95070
97598	2	94267
97599	2	119561
97600	2	94973
97601	2	95093
97602	2	119561
97603	2	119561
97604	2	94528
97605	2	94428
97606	2	94753
97607	2	95050
97608	2	119561
97609	2	94720
97610	2	95015
97611	2	95172
97612	2	95078
97613	2	119561
97614	2	94660
97615	2	94783
97616	2	95109
97617	2	94375
97618	2	119561
97619	2	94823
97620	2	94698
97621	2	119561
97622	2	119561
97623	2	95184
97624	2	94471
97625	2	95069
97626	2	94976
97627	2	119561
97628	2	119561
97629	2	95064
97630	2	119561
97631	2	119561
97632	2	119561
97633	2	119561
97634	2	119561
97635	2	95181
97636	2	94912
97637	2	119561
97638	2	119561
97639	2	94900
97640	2	119561
97641	2	119561
97642	2	94566
97643	2	95059
97644	2	119561
97645	2	95053
97646	2	94471
97647	2	94753
97648	2	119561
97649	2	119561
97650	2	119561
97651	2	119561
97652	2	94531
97653	2	94673
97654	2	94904
97655	2	94753
97656	2	119561
97657	2	95036
97658	2	94279
97659	2	94762
97660	2	94234
97661	2	95170
97662	2	119561
97663	2	94943
97664	2	94962
97665	2	95043
97666	2	94803
97667	2	94852
97668	2	94922
97669	2	119561
97670	2	94995
97671	2	119561
97672	2	119561
97673	2	94910
97674	2	94389
97675	2	119561
97676	2	95122
97677	2	95108
97678	2	95151
97679	2	95053
97680	2	95132
97681	2	94928
97682	2	95126
97683	2	119561
97684	2	94563
97685	2	95094
97686	2	95011
97687	2	94881
97688	2	119561
97689	2	94900
97690	2	119561
97691	2	119561
97692	2	94407
97693	2	95176
97694	2	94417
97695	2	95150
97696	2	95081
97697	2	119561
97698	2	94396
97699	2	95104
97700	2	95115
97701	2	94667
97702	2	94225
97703	2	94999
97704	2	119561
97705	2	95143
97706	2	94256
97707	2	94898
97708	2	94725
97709	2	95028
97710	2	94798
97711	2	95049
97712	2	95050
97713	2	94550
97714	2	94989
97715	2	95082
97716	2	119561
97717	2	119561
97718	2	94785
97719	2	95139
97720	2	95143
97721	2	94613
97722	2	95171
97723	2	119561
97724	2	94528
97725	2	119561
97726	2	94351
97727	2	94629
97728	2	94694
97729	2	95013
97730	2	119561
97731	2	119561
97732	2	119561
97733	2	119561
97734	2	119561
97735	2	94356
97736	2	94613
97737	2	94920
97738	2	95057
97739	2	94969
97740	2	94642
97741	2	119561
97742	2	95171
97743	2	119561
97744	2	95052
97745	2	94809
97746	2	95084
97747	2	95018
97748	2	94753
97749	2	119561
97750	2	95031
97751	2	95049
97752	2	94525
97753	2	95150
97754	2	119561
97755	2	95097
97756	2	94436
97757	2	119561
97758	2	119561
97759	2	95105
97760	2	95141
97761	2	94765
97762	2	94585
97763	2	119561
97764	2	95026
97765	2	94551
97766	2	95142
97767	2	119561
97768	2	94463
97769	2	95122
97770	2	119561
97771	2	119561
97772	2	95018
97773	2	119561
97774	2	94820
97775	2	95185
97776	2	95171
97777	2	94378
97778	2	119561
97779	2	94576
97780	2	119561
97781	2	95042
97782	2	119561
97783	2	119561
97784	2	95151
97785	2	94500
97786	2	119561
97787	2	119561
97788	2	119561
97789	2	94675
97790	2	119561
97791	2	94729
97792	2	95126
97793	2	119561
97794	2	95140
97795	2	95132
97796	2	95063
97797	2	119561
97798	2	95015
97799	2	94490
97800	2	119561
97801	2	94695
97802	2	94922
97803	2	94954
97804	2	119561
97805	2	95045
97806	2	94486
97807	2	95049
97808	2	95157
97809	2	94753
97810	2	95062
97811	2	95017
97812	2	94497
97813	2	119561
97814	2	119561
97815	2	119561
97816	2	119561
97817	2	94954
97818	2	94976
97819	2	119561
97820	2	94885
97821	2	95017
97822	2	94777
97823	2	94378
97824	2	119561
97825	2	95152
97826	2	95144
97827	2	95005
97828	2	95182
97829	2	94610
97830	2	94767
97831	2	95179
97832	2	119561
97833	2	94444
97834	2	119561
97835	2	95002
97836	2	94956
97837	2	95139
97838	2	119561
97839	2	119561
97840	2	119561
97841	2	95186
97842	2	119561
97843	2	94933
97844	2	95182
97845	2	94813
97846	2	119561
97847	2	94728
97848	2	119561
97849	2	94576
97850	2	94251
97851	2	94372
97852	2	119561
97853	2	94522
97854	2	119561
97855	2	94396
97856	2	95050
97857	2	94613
97858	2	119561
97859	2	95025
97860	2	94939
97861	2	119561
97862	2	119561
97863	2	94556
97864	2	119561
97865	2	95150
97866	2	94908
97867	2	95036
97868	2	95147
97869	2	119561
97870	2	94753
97871	2	119561
97872	2	94859
97873	2	119561
97874	2	94753
97875	2	119561
97876	2	94417
97877	2	94611
97878	2	119561
97879	2	95030
97880	2	94272
97881	2	119561
97882	2	94601
97883	2	119561
97884	2	119561
97885	2	119561
97886	2	94819
97887	2	94976
97888	2	94466
97889	2	94244
97890	2	94859
97891	2	95121
97892	2	95094
97893	2	119561
97894	2	94752
97895	2	94810
97896	2	94930
97897	2	95106
97898	2	95002
97899	2	94733
97900	2	94404
97901	2	119561
97902	2	119561
97903	2	119561
97904	2	94375
97905	2	94892
97906	2	95048
97907	2	119561
97908	2	95094
97909	2	94478
97910	2	119561
97911	2	94976
97912	2	95022
97913	2	119561
97914	2	95170
97915	2	94792
97916	2	119561
97917	2	94813
97918	2	119561
97919	2	119561
97920	2	94823
97921	2	94396
97922	2	95059
97923	2	94722
97924	2	94813
97925	2	94310
97926	2	94632
97927	2	95026
97928	2	94431
97929	2	94954
97930	2	95050
97931	2	95069
97932	2	94753
97933	2	94244
97934	2	119561
97935	2	94911
97936	2	119561
97937	2	94904
97938	2	119561
97939	2	95155
97940	2	119561
97941	2	94592
97942	2	95174
97943	2	94562
97944	2	119561
97945	2	94630
97946	2	95123
97947	2	95029
97948	2	94921
97949	2	119561
97950	2	95014
97951	2	119561
97952	2	119561
97953	2	119561
97954	2	119561
97955	2	95053
97956	2	94667
97957	2	94384
97958	2	94819
97959	2	95149
97960	2	119561
97961	2	119561
97962	2	95069
97963	2	119561
97964	2	119561
97965	2	119561
97966	2	95063
97967	2	119561
97968	2	94943
97969	2	95153
97970	2	119561
97971	2	94356
97972	2	119561
97973	2	119561
97974	2	94531
97975	2	94811
97976	2	95159
97977	2	95018
97978	2	119561
97979	2	94784
97980	2	94745
97981	2	119561
97982	2	94701
97983	2	95140
97984	2	94976
97985	2	94654
97986	2	95145
97987	2	119561
97988	2	119561
97989	2	94820
97990	2	119561
97991	2	119561
97992	2	94910
97993	2	119561
97994	2	95049
97995	2	94232
97996	2	119561
97997	2	95101
97998	2	95062
97999	2	119561
98000	2	119561
98001	2	94375
98002	2	94288
98003	2	94904
98004	2	95062
98005	2	94585
98006	2	94761
98007	2	119561
98008	2	94686
98009	2	94864
98010	2	119561
98011	2	119561
98012	2	94497
98013	2	119561
98014	2	119561
98015	2	94805
98016	2	119561
98017	2	95182
98018	2	95042
98019	2	119561
98020	2	95069
98021	2	94237
98022	2	94912
98023	2	94442
98024	2	94973
98025	2	94390
98026	2	94413
98027	2	94666
98028	2	119561
98029	2	119561
98030	2	94569
98031	2	119561
98032	2	119561
98033	2	95119
98034	2	95080
98035	2	95109
98036	2	94989
98037	2	119561
98038	2	95128
98039	2	119561
98040	2	119561
98041	2	94491
98042	2	119561
98043	2	94615
98044	2	94937
98045	2	119561
98046	2	94904
98047	2	119561
98048	2	95079
98049	2	119561
98050	2	94683
98051	2	94992
98052	2	94827
98053	2	94784
98054	2	119561
98055	2	94368
98056	2	119561
98057	2	119561
98058	2	119561
98059	2	94973
98060	2	95049
98061	2	94857
98062	2	95180
98063	2	95149
98064	2	119561
98065	2	119561
98066	2	94595
98067	2	95162
98068	2	94740
98069	2	95063
98070	2	119561
98071	2	94307
98072	2	119561
98073	2	94342
98074	2	95122
98075	2	119561
98076	2	94613
98077	2	94479
98078	2	95172
98079	2	119561
98080	2	94962
98081	2	94859
98082	2	119561
98083	2	119561
98084	2	94916
98085	2	119561
98086	2	119561
98087	2	95017
98088	2	119561
98089	2	94796
98090	2	94810
98091	2	95122
98092	2	94708
98093	2	95026
98094	2	94761
98095	2	119561
98096	2	95181
98097	2	119561
98098	2	94753
98099	2	119561
98100	2	94998
98101	2	94955
98102	2	119561
98103	2	119561
98104	2	95042
98105	2	119561
98106	2	94728
98107	2	119561
98108	2	95095
98109	2	119561
98110	2	95122
98111	2	94493
98112	2	95015
98113	2	94645
98114	2	95018
98115	2	94817
98116	2	95151
98117	2	119561
98118	2	94642
98119	2	94677
98120	2	119561
98121	2	119561
98122	2	94663
98123	2	95119
98124	2	94647
98125	2	95151
98126	2	95013
98127	2	94694
98128	2	95150
98129	2	94908
98130	2	119561
98131	2	95037
98132	2	119561
98133	2	119561
98134	2	94336
98135	2	94258
98136	2	94346
98137	2	94733
98138	2	94814
98139	2	95103
98140	2	119561
98141	2	95117
98142	2	95069
98143	2	94310
98144	2	95144
98145	2	95028
98146	2	119561
98147	2	94407
98148	2	94999
98149	2	94725
98150	2	94920
98151	2	119561
98152	2	119561
98153	2	119561
98154	2	94356
98155	2	94920
98156	2	95063
98157	2	94976
98158	2	119561
98159	2	95162
98160	2	95145
98161	2	94913
98162	2	94923
98163	2	94828
98164	2	94498
98165	2	95144
98166	2	119561
98167	2	119561
98168	2	119561
98169	2	95025
98170	2	119561
98171	2	95024
98172	2	119561
98173	2	95053
98174	2	95126
98175	2	119561
98176	2	119561
98177	2	119561
98178	2	94554
98179	2	94810
98180	2	94908
98181	2	94658
98182	2	94580
98183	2	94805
98184	2	94673
98185	2	119561
98186	2	94765
98187	2	95043
98188	2	94939
98189	2	94989
98190	2	94673
98191	2	119561
98192	2	95189
98193	2	94585
98194	2	94700
98195	2	94419
98196	2	95126
98197	2	119561
98198	2	94803
98199	2	94519
98200	2	94939
98201	2	94396
98202	2	119561
98203	2	95187
98204	2	95081
98205	2	94679
98206	2	95067
98207	2	94717
98208	2	94830
98209	2	119561
98210	2	94761
98211	2	95107
98212	2	94313
98213	2	94342
98214	2	94384
98215	2	119561
98216	2	94999
98217	2	94539
98218	2	94810
98219	2	95082
98220	2	94477
98221	2	95034
98222	2	94810
98223	2	94951
98224	2	94749
98225	2	119561
98226	2	94981
98227	2	119561
98228	2	94753
98229	2	119561
98230	2	95085
98231	2	119561
98232	2	94810
98233	2	94580
98234	2	95181
98235	2	95028
98236	2	119561
98237	2	94817
98238	2	94803
98239	2	94557
98240	2	119561
98241	2	94725
98242	2	95011
98243	2	119561
98244	2	119561
98245	2	119561
98246	2	95183
98247	2	94730
98248	2	94820
98249	2	119561
98250	2	94571
98251	2	119561
98252	2	94623
98253	2	95069
98254	2	94865
98255	2	119561
98256	2	119561
98257	2	94798
98258	2	95063
98259	2	94998
98260	2	119561
98261	2	119561
98262	2	94471
98263	2	119561
98264	2	95090
98265	2	119561
98266	2	94389
98267	2	95049
98268	2	94798
98269	2	119561
98270	2	94313
98271	2	94390
98272	2	119561
98273	2	94943
98274	2	94912
98275	2	119561
98276	2	95057
98277	2	95025
98278	2	94911
98279	2	119561
98280	2	95145
98281	2	94951
98282	2	95117
98283	2	94923
98284	2	95050
98285	2	94613
98286	2	94753
98287	2	95129
98288	2	119561
98289	2	94796
98290	2	94738
98291	2	119561
98292	2	95067
98293	2	119561
98294	2	94588
98295	2	119561
98296	2	119561
98297	2	119561
98298	2	119561
98299	2	95171
98300	2	119561
98301	2	95002
98302	2	119561
98303	2	119561
98304	2	95021
98305	2	94999
98306	2	94491
98307	2	95038
98308	2	119561
98309	2	119561
98310	2	94515
98311	2	119561
98312	2	94493
98313	2	95018
98314	2	95034
98315	2	94464
98316	2	119561
98317	2	95126
98318	2	94810
98319	2	94910
98320	2	94928
98321	2	95018
98322	2	95110
98323	2	119561
98324	2	119561
98325	2	119561
98326	2	95126
98327	2	94554
98328	2	94954
98329	2	95021
98330	2	94639
98331	2	119561
98332	2	94733
98333	2	94645
98334	2	119561
98335	2	94720
98336	2	94598
98337	2	94987
98338	2	94663
98339	2	119561
98340	2	94939
98341	2	95117
98342	2	94887
98343	2	94508
98344	2	119561
98345	2	95180
98346	2	94857
98347	2	95042
98348	2	94973
98349	2	119561
98350	2	119561
98351	2	94933
98352	2	94955
98353	2	94989
98354	2	94683
98355	2	95167
98356	2	94534
98357	2	94596
98358	2	94910
98359	2	94262
98360	2	119561
98361	2	94407
98362	2	94422
98363	2	94467
98364	2	94606
98365	2	95043
98366	2	95071
98367	2	94730
98368	2	94613
98369	2	119561
98370	2	94922
98371	2	95145
98372	2	94702
98373	2	119561
98374	2	119561
98375	2	95051
98376	2	95045
98377	2	95133
98378	2	95145
98379	2	119561
98380	2	94981
98381	2	94665
98382	2	119561
98383	2	94809
98384	2	95129
98385	2	94283
98386	2	95150
98387	2	94570
98388	2	95172
98389	2	95015
98390	2	119561
98391	2	119561
98392	2	119561
98393	2	119561
98394	2	94505
98395	2	94598
98396	2	119561
98397	2	95117
98398	2	94570
98399	2	95063
98400	2	94447
98401	2	119561
98402	2	95123
98403	2	95000
98404	2	94989
98405	2	95119
98406	2	95049
98407	2	119561
98408	2	94543
98409	2	95002
98410	2	94912
98411	2	94552
98412	2	94991
98413	2	119561
98414	2	95167
98415	2	95182
98416	2	94975
98417	2	119561
98418	2	119561
98419	2	94579
98420	2	119561
98421	2	94929
98422	2	94922
98423	2	94476
98424	2	94852
98425	2	95017
98426	2	94852
98427	2	94859
98428	2	94904
98429	2	94922
98430	2	94830
98431	2	95025
98432	2	119561
98433	2	94346
98434	2	95160
98435	2	95133
98436	2	119561
98437	2	95026
98438	2	95164
98439	2	95108
98440	2	94405
98441	2	95062
98442	2	119561
98443	2	95141
98444	2	94367
98445	2	95080
98446	2	94865
98447	2	94893
98448	2	95103
98449	2	94417
98450	2	94570
98451	2	94805
98452	2	119561
98453	2	95042
98454	2	119561
98455	2	95100
98456	2	94920
98457	2	95072
98458	2	119561
98459	2	95050
98460	2	95186
98461	2	119561
98462	2	94677
98463	2	119561
98464	2	94830
98465	2	94841
98466	2	94706
98467	2	94928
98468	2	94803
98469	2	94628
98470	2	94902
98471	2	94823
98472	2	119561
98473	2	119561
98474	2	95114
98475	2	95101
98476	2	119561
98477	2	94552
98478	2	95174
98479	2	94701
98480	2	95145
98481	2	94820
98482	2	95085
98483	2	95042
98484	2	94324
98485	2	95013
98486	2	94330
98487	2	119561
98488	2	95144
98489	2	94933
98490	2	94398
98491	2	94933
98492	2	94981
98493	2	95149
98494	2	94472
98495	2	119561
98496	2	119561
98497	2	94852
98498	2	94803
98499	2	94253
98500	2	94398
98501	2	119561
98502	2	94663
98503	2	94814
98504	2	119561
98505	2	94407
98506	2	94543
98507	2	94857
98508	2	119561
98509	2	95084
98510	2	94756
98511	2	94557
98512	2	94323
98513	2	94288
98514	2	119561
98515	2	119561
98516	2	94857
98517	2	95166
98518	2	95010
98519	2	94817
98520	2	94916
98521	2	94976
98522	2	95026
98523	2	95126
98524	2	119561
98525	2	119561
98526	2	95115
98527	2	94779
98528	2	94613
98529	2	94980
98530	2	95185
98531	2	95189
98532	2	94348
98533	2	94753
98534	2	95157
98535	2	94910
98536	2	119561
98537	2	94557
98538	2	94887
98539	2	94989
98540	2	95109
98541	2	119561
98542	2	95181
98543	2	95026
98544	2	94476
98545	2	119561
98546	2	95017
98547	2	94384
98548	2	119561
98549	2	95006
98550	2	95181
98551	2	94748
98552	2	119561
98553	2	119561
98554	2	119561
98555	2	94323
98556	2	94868
98557	2	119561
98558	2	94389
98559	2	119561
98560	2	119561
98561	2	94933
98562	2	94973
98563	2	94928
98564	2	119561
98565	2	94908
98566	2	119561
98567	2	94497
98568	2	119561
98569	2	119561
98570	2	94418
98571	2	119561
98572	2	119561
98573	2	119561
98574	2	94810
98575	2	119561
98576	2	94395
98577	2	94525
98578	2	94864
98579	2	119561
98580	2	94892
98581	2	95106
98582	2	95042
98583	2	95015
98584	2	119561
98585	2	94732
98586	2	95119
98587	2	95114
98588	2	95121
98589	2	95171
98590	2	94585
98591	2	94939
98592	2	94902
98593	2	95018
98594	2	95143
98595	2	94805
98596	2	95084
98597	2	95018
98598	2	95053
98599	2	119561
98600	2	95104
98601	2	94939
98602	2	94857
98603	2	95110
98604	2	94764
98605	2	119561
98606	2	94555
98607	2	94491
98608	2	119561
98609	2	94976
98610	2	94478
98611	2	94615
98612	2	119561
98613	2	94752
98614	2	95123
98615	2	119561
98616	2	119561
98617	2	95143
98618	2	95042
98619	2	119561
98620	2	119561
98621	2	95051
98622	2	119561
98623	2	94433
98624	2	94639
98625	2	94864
98626	2	94391
98627	2	94764
98628	2	119561
98629	2	119561
98630	2	94971
98631	2	94723
98632	2	119561
98633	2	94962
98634	2	94609
98635	2	119561
98636	2	119561
98637	2	95140
98638	2	119561
98639	2	94520
98640	2	119561
98641	2	119561
98642	2	95124
98643	2	94913
98644	2	95088
98645	2	119561
98646	2	95026
98647	2	95063
98648	2	94635
98649	2	94904
98650	2	94753
98651	2	94820
98652	2	94654
98653	2	119561
98654	2	94669
98655	2	94865
98656	2	95026
98657	2	94497
98658	2	119561
98659	2	94892
98660	2	95132
98661	2	94395
98662	2	94624
98663	2	94497
98664	2	119561
98665	2	95057
98666	2	119561
98667	2	94975
98668	2	94810
98669	2	119561
98670	2	94474
98671	2	95055
98672	2	119561
98673	2	119561
98674	2	94943
98675	2	119561
98676	2	94783
98677	2	119561
98678	2	94557
98679	2	95119
98680	2	119561
98681	2	95157
98682	2	119561
98683	2	94910
98684	2	95018
98685	2	94929
98686	2	94989
98687	2	119561
98688	2	119561
98689	2	95026
98690	2	94323
98691	2	94877
98692	2	95013
98693	2	94925
98694	2	94687
98695	2	94528
98696	2	94509
98697	2	95133
98698	2	95150
98699	2	94396
98700	2	94972
98701	2	94912
98702	2	95026
98703	2	94785
98704	2	94310
98705	2	95139
98706	2	119561
98707	2	95053
98708	2	95052
98709	2	95151
98710	2	94943
98711	2	95155
98712	2	94746
98713	2	95135
98714	2	119561
98715	2	95090
98716	2	94999
98717	2	94745
98718	2	119561
98719	2	119561
98720	2	94660
98721	2	95150
98722	2	119561
98723	2	94810
98724	2	119561
98725	2	95187
98726	2	94830
98727	2	94713
98728	2	94500
98729	2	119561
98730	2	95126
98731	2	119561
98732	2	94356
98733	2	119561
98734	2	94798
98735	2	95037
98736	2	94638
98737	2	119561
98738	2	95154
98739	2	119561
98740	2	95117
98741	2	119561
98742	2	119561
98743	2	119561
98744	2	94753
98745	2	94601
98746	2	95145
98747	2	94609
98748	2	119561
98749	2	119561
98750	2	119561
98751	2	94645
98752	2	119561
98753	2	94999
98754	2	95143
98755	2	94554
98756	2	94920
98757	2	119561
98758	2	94372
98759	2	94798
98760	2	95045
98761	2	95172
98762	2	95107
98763	2	94478
98764	2	119561
98765	2	95129
98766	2	94313
98767	2	95042
98768	2	94742
98769	2	119561
98770	2	94543
98771	2	119561
98772	2	94708
98773	2	94666
98774	2	95037
98775	2	94243
98776	2	94758
98777	2	95027
98778	2	119561
98779	2	95057
98780	2	119561
98781	2	94828
98782	2	95049
98783	2	94632
98784	2	119561
98785	2	95074
98786	2	95074
98787	2	94921
98788	2	95049
98789	2	95170
98790	2	119561
98791	2	94562
98792	2	94722
98793	2	119561
98794	2	119561
98795	2	95184
98796	2	94606
98797	2	119561
98798	2	119561
98799	2	94971
98800	2	95135
98801	2	95169
98802	2	94349
98803	2	94335
98804	2	95017
98805	2	94810
98806	2	95045
98807	2	119561
98808	2	94686
98809	2	94817
98810	2	95063
98811	2	94704
98812	2	119561
98813	2	95062
98814	2	94729
98815	2	94753
98816	2	95018
98817	2	94989
98818	2	95189
98819	2	95053
98820	2	95100
98821	2	119561
98822	2	119561
98823	2	94925
98824	2	94894
98825	2	95017
98826	2	94630
98827	2	95088
98828	2	94485
98829	2	94654
98830	2	95015
98831	2	95005
98832	2	95002
98833	2	94954
98834	2	94973
98835	2	94814
98836	2	95059
98837	2	95148
98838	2	94976
98839	2	94777
98840	2	95043
98841	2	94819
98842	2	94798
98843	2	95144
98844	2	94753
98845	2	95126
98846	2	119561
98847	2	94699
98848	2	94799
98849	2	95046
98850	2	94976
98851	2	119561
98852	2	95119
98853	2	94410
98854	2	94976
98855	2	94943
98856	2	95018
98857	2	94976
98858	2	119561
98859	2	119561
98860	2	94715
98861	2	95186
98862	2	95005
98863	2	119561
98864	2	94962
98865	2	94841
98866	2	94765
98867	2	119561
98868	2	94800
98869	2	119561
98870	2	94980
98871	2	94939
98872	2	95073
98873	2	94910
98874	2	94786
98875	2	94450
98876	2	95062
98877	2	119561
98878	2	94753
98879	2	94786
98880	2	95143
98881	2	94639
98882	2	94367
98883	2	95063
98884	2	94500
98885	2	95153
98886	2	94336
98887	2	119561
98888	2	95063
98889	2	94251
98890	2	94811
98891	2	94828
98892	2	95114
98893	2	94435
98894	2	119561
98895	2	119561
98896	2	94272
98897	2	119561
98898	2	94561
98899	2	119561
98900	2	94963
98901	2	95074
98902	2	119561
98903	2	94265
98904	2	94999
98905	2	95092
98906	2	119561
98907	2	94943
98908	2	94467
98909	2	119561
98910	2	95053
98911	2	119561
98912	2	94663
98913	2	94757
98914	2	94784
98915	2	119561
98916	2	119561
98917	2	94989
98918	2	94480
98919	2	94798
98920	2	119561
98921	2	95170
98922	2	119561
98923	2	95108
98924	2	95092
98925	2	95184
98926	2	119561
98927	2	94485
98928	2	95053
98929	2	94335
98930	2	94407
98931	2	94560
98932	2	95129
98933	2	119561
98934	2	119561
98935	2	119561
98936	2	95017
98937	2	95050
98938	2	119561
98939	2	94989
98940	2	94983
98941	2	95143
98942	2	94857
98943	2	119561
98944	2	94342
98945	2	119561
98946	2	94407
98947	2	119561
98948	2	95062
98949	2	95112
98950	2	119561
98951	2	94784
98952	2	119561
98953	2	94588
98954	2	119561
98955	2	119561
98956	2	95176
98957	2	95144
98958	2	94326
98959	2	94777
98960	2	95117
98961	2	94973
98962	2	94505
98963	2	94367
98964	2	94811
98965	2	95152
98966	2	95134
98967	2	94554
98968	2	95057
98969	2	94268
98970	2	119561
98971	2	94704
98972	2	119561
98973	2	119561
98974	2	119561
98975	2	119561
98976	2	119561
98977	2	94717
98978	2	94752
98979	2	95126
98980	2	94632
98981	2	95081
98982	2	94912
98983	2	95018
98984	2	94954
98985	2	95126
98986	2	94805
98987	2	95044
98988	2	119561
98989	2	119561
98990	2	94400
98991	2	95126
98992	2	94913
98993	2	94673
98994	2	119561
98995	2	94852
98996	2	95106
98997	2	94566
98998	2	119561
98999	2	94580
99000	2	119561
99001	2	119561
99002	2	95126
99003	2	94310
99004	2	95044
99005	2	119561
99006	2	94972
99007	2	95126
99008	2	94720
99009	2	95132
99010	2	94274
99011	2	95063
99012	2	119561
99013	2	119561
99014	2	94591
99015	2	95068
99016	2	119561
99017	2	119561
99018	2	94786
99019	2	95050
99020	2	94927
99021	2	94767
99022	2	94592
99023	2	95050
99024	2	94543
99025	2	119561
99026	2	95126
99027	2	95063
99028	2	95155
99029	2	119561
99030	2	94803
99031	2	94954
99032	2	95069
99033	2	94591
99034	2	119561
99035	2	94642
99036	2	95049
99037	2	119561
99038	2	95132
99039	2	119561
99040	2	94390
99041	2	94933
99042	2	94791
99043	2	119561
99044	2	95103
99045	2	119561
99046	2	94377
99047	2	94358
99048	2	95126
99049	2	95100
99050	2	95135
99051	2	95153
99052	2	94691
99053	2	119561
99054	2	119561
99055	2	94407
99056	2	94395
99057	2	119561
99058	2	94753
99059	2	119561
99060	2	119561
99061	2	94911
99062	2	119561
99063	2	94805
99064	2	119561
99065	2	94508
99066	2	119561
99067	2	94591
99068	2	94865
99069	2	119561
99070	2	95104
99071	2	94606
99072	2	119561
99073	2	95115
99074	2	119561
99075	2	95123
99076	2	94323
99077	2	95037
99078	2	95002
99079	2	95024
99080	2	119561
99081	2	94542
99082	2	94505
99083	2	94498
99084	2	94767
99085	2	94665
99086	2	94865
99087	2	95044
99088	2	95173
99089	2	94753
99090	2	119561
99091	2	95137
99092	2	94519
99093	2	95182
99094	2	94249
99095	2	94396
99096	2	94503
99097	2	95126
99098	2	95142
99099	2	94586
99100	2	95108
99101	2	95187
99102	2	94543
99103	2	119561
99104	2	119561
99105	2	94753
99106	2	94767
99107	2	94892
99108	2	94675
99109	2	95182
99110	2	94887
99111	2	94823
99112	2	94566
99113	2	95084
99114	2	95026
99115	2	94365
99116	2	119561
99117	2	95001
99118	2	119561
99119	2	94708
99120	2	119561
99121	2	94610
99122	2	94288
99123	2	119561
99124	2	119561
99125	2	94865
99126	2	94882
99127	2	95007
99128	2	95045
99129	2	94764
99130	2	94911
99131	2	94375
99132	2	94490
99133	2	94669
99134	2	119561
99135	2	94976
99136	2	94296
99137	2	94937
99138	2	94296
99139	2	119561
99140	2	94630
99141	2	95098
99142	2	119561
99143	2	94923
99144	2	95154
99145	2	119561
99146	2	94752
99147	2	95067
99148	2	119561
99149	2	94927
99150	2	94805
99151	2	95182
99152	2	94852
99153	2	94612
99154	2	119561
99155	2	119561
99156	2	94762
99157	2	95079
99158	2	94288
99159	2	95143
99160	2	94791
99161	2	95052
99162	2	119561
99163	2	94753
99164	2	94852
99165	2	119561
99166	2	95141
99167	2	94745
99168	2	119561
99169	2	94288
99170	2	119561
99171	2	95149
99172	2	94786
99173	2	95038
99174	2	95182
99175	2	94493
99176	2	94613
99177	2	94908
99178	2	94537
99179	2	119561
99180	2	95089
99181	2	94301
99182	2	94605
99183	2	95171
99184	2	94471
99185	2	95063
99186	2	94371
99187	2	94827
99188	2	94683
99189	2	119561
99190	2	95117
99191	2	95084
99192	2	119561
99193	2	94999
99194	2	119561
99195	2	94917
99196	2	95064
99197	2	94989
99198	2	119561
99199	2	119561
99200	2	119561
99201	2	94543
99202	2	95017
99203	2	119561
99204	2	119561
99205	2	119561
99206	2	119561
99207	2	94721
99208	2	95053
99209	2	95121
99210	2	119561
99211	2	119561
99212	2	94865
99213	2	119561
99214	2	95152
99215	2	95108
99216	2	95044
99217	2	94638
99218	2	95093
99219	2	94805
99220	2	119561
99221	2	94326
99222	2	94326
99223	2	95015
99224	2	119561
99225	2	95070
99226	2	95162
99227	2	95120
99228	2	94805
99229	2	119561
99230	2	94628
99231	2	94545
99232	2	94537
99233	2	119561
99234	2	119561
99235	2	94892
99236	2	119561
99237	2	94989
99238	2	94969
99239	2	95053
99240	2	119561
99241	2	94342
99242	2	95026
99243	2	94749
99244	2	94453
99245	2	94612
99246	2	94922
99247	2	95105
99248	2	94615
99249	2	95131
99250	2	94472
99251	2	94817
99252	2	119561
99253	2	95122
99254	2	94669
99255	2	94799
99256	2	119561
99257	2	94704
99258	2	94221
99259	2	94546
99260	2	94999
99261	2	119561
99262	2	94316
99263	2	95053
99264	2	94489
99265	2	119561
99266	2	95157
99267	2	94676
99268	2	94742
99269	2	119561
99270	2	95123
99271	2	119561
99272	2	119561
99273	2	94537
99274	2	95117
99275	2	94560
99276	2	94894
99277	2	94229
99278	2	95057
99279	2	119561
99280	2	95140
99281	2	94916
99282	2	94882
99283	2	119561
99284	2	119561
99285	2	119561
99286	2	94981
99287	2	95153
99288	2	95119
99289	2	119561
99290	2	119561
99291	2	95173
99292	2	95132
99293	2	119561
99294	2	94551
99295	2	95031
99296	2	94976
99297	2	94546
99298	2	95089
99299	2	95129
99300	2	94898
99301	2	95160
99302	2	119561
99303	2	94683
99304	2	95084
99305	2	95185
99306	2	95173
99307	2	94756
99308	2	94910
99309	2	94900
99310	2	94725
99311	2	95006
99312	2	119561
99313	2	94411
99314	2	119561
99315	2	94916
99316	2	94989
99317	2	119561
99318	2	119561
99319	2	119561
99320	2	119561
99321	2	95052
99322	2	94933
99323	2	119561
99324	2	119561
99325	2	119561
99326	2	94933
99327	2	119561
99328	2	95015
99329	2	94497
99330	2	95188
99331	2	94988
99332	2	94745
99333	2	95147
99334	2	94898
99335	2	94799
99336	2	119561
99337	2	95132
99338	2	94342
99339	2	94634
99340	2	119561
99341	2	94358
99342	2	95140
99343	2	94543
99344	2	94802
99345	2	94925
99346	2	94985
99347	2	95154
99348	2	119561
99349	2	94600
99350	2	94877
99351	2	119561
99352	2	119561
99353	2	94310
99354	2	94358
99355	2	94963
99356	2	95080
99357	2	119561
99358	2	95026
99359	2	94908
99360	2	119561
99361	2	119561
99362	2	94490
99363	2	94747
99364	2	119561
99365	2	95017
99366	2	95184
99367	2	95069
99368	2	94509
99369	2	94799
99370	2	119561
99371	2	119561
99372	2	94756
99373	2	95015
99374	2	95109
99375	2	95133
99376	2	94749
99377	2	119561
99378	2	119561
99379	2	119561
99380	2	94400
99381	2	94645
99382	2	119561
99383	2	94570
99384	2	95126
99385	2	119561
99386	2	94306
99387	2	94654
99388	2	95167
99389	2	94543
99390	2	94317
99391	2	119561
99392	2	119561
99393	2	95075
99394	2	94749
99395	2	94476
99396	2	94707
99397	2	95126
99398	2	95096
99399	2	119561
99400	2	94528
99401	2	119561
99402	2	94308
99403	2	94471
99404	2	95063
99405	2	94910
99406	2	94477
99407	2	94534
99408	2	119561
99409	2	94482
99410	2	94937
99411	2	119561
99412	2	119561
99413	2	94973
99414	2	94250
99415	2	94999
99416	2	95123
99417	2	95115
99418	2	119561
99419	2	94913
99420	2	119561
99421	2	119561
99422	2	94361
99423	2	94985
99424	2	94696
99425	2	94433
99426	2	94699
99427	2	94561
99428	2	119561
99429	2	94228
99430	2	95053
99431	2	95126
99432	2	95186
99433	2	94908
99434	2	119561
99435	2	119561
99436	2	119561
99437	2	95149
99438	2	94530
99439	2	95141
99440	2	94937
99441	2	94912
99442	2	94902
99443	2	119561
99444	2	119561
99445	2	94471
99446	2	119561
99447	2	95166
99448	2	119561
99449	2	94629
99450	2	119561
99451	2	94943
99452	2	94720
99453	2	94745
99454	2	94675
99455	2	94897
99456	2	94979
99457	2	95087
99458	2	119561
99459	2	94777
99460	2	95032
99461	2	95098
99462	2	94865
99463	2	119561
99464	2	94746
99465	2	94777
99466	2	119561
99467	2	95072
99468	2	94439
99469	2	94601
99470	2	95177
99471	2	94419
99472	2	94732
99473	2	119561
99474	2	119561
99475	2	94921
99476	2	119561
99477	2	95038
99478	2	95137
99479	2	95001
99480	2	119561
99481	2	94426
99482	2	94747
99483	2	119561
99484	2	94765
99485	2	119561
99486	2	94525
99487	2	119561
99488	2	94700
99489	2	95069
99490	2	119561
99491	2	95030
99492	2	119561
99493	2	95101
99494	2	95042
99495	2	94717
99496	2	95049
99497	2	94911
99498	2	95124
99499	2	119561
99500	2	94654
99501	2	95017
99502	2	95130
99503	2	95008
99504	2	94877
99505	2	94278
99506	2	95008
99507	2	119561
99508	2	95002
99509	2	94260
99510	2	95112
99511	2	94976
99512	2	119561
99513	2	94805
99514	2	119561
99515	2	94611
99516	2	95038
99517	2	95005
99518	2	94802
99519	2	119561
99520	2	95115
99521	2	95069
99522	2	119561
99523	2	94677
99524	2	119561
99525	2	119561
99526	2	119561
99527	2	95017
99528	2	94943
99529	2	119561
99530	2	95094
99531	2	119561
99532	2	95149
99533	2	94921
99534	2	95186
99535	2	94985
99536	2	119561
99537	2	95053
99538	2	94313
99539	2	119561
99540	2	94639
99541	2	94655
99542	2	119561
99543	2	119561
99544	2	94228
99545	2	94786
99546	2	95106
99547	2	94805
99548	2	94340
99549	2	119561
99550	2	94704
99551	2	119561
99552	2	95103
99553	2	119561
99554	2	94749
99555	2	119561
99556	2	95185
99557	2	94753
99558	2	94396
99559	2	94719
99560	2	119561
99561	2	119561
99562	2	95133
99563	2	95100
99564	2	119561
99565	2	94707
99566	2	95153
99567	2	119561
99568	2	95017
99569	2	119561
99570	2	94747
99571	2	94450
99572	2	94313
99573	2	119561
99574	2	119561
99575	2	119561
99576	2	119561
99577	2	94746
99578	2	95002
99579	2	95017
99580	2	119561
99581	2	119561
99582	2	95103
99583	2	95186
99584	2	94981
99585	2	94976
99586	2	94916
99587	2	119561
99588	2	94680
99589	2	95182
99590	2	95053
99591	2	94337
99592	2	119561
99593	2	94788
99594	2	95055
99595	2	95025
99596	2	94588
99597	2	94669
99598	2	119561
99599	2	94351
99600	2	95169
99601	2	94491
99602	2	95151
99603	2	94516
99604	2	119561
99605	2	119561
99606	2	94663
99607	2	119561
99608	2	94576
99609	2	119561
99610	2	94820
99611	2	94615
99612	2	119561
99613	2	94595
99614	2	95160
99615	2	94877
99616	2	94417
99617	2	119561
99618	2	119561
99619	2	95103
99620	2	119561
99621	2	94911
99622	2	95122
99623	2	94764
99624	2	95037
99625	2	95132
99626	2	119561
99627	2	119561
99628	2	94841
99629	2	94497
99630	2	119561
99631	2	119561
99632	2	94448
99633	2	94973
99634	2	94865
99635	2	94601
99636	2	95151
99637	2	119561
99638	2	119561
99639	2	94827
99640	2	94490
99641	2	119561
99642	2	119561
99643	2	94342
99644	2	119561
99645	2	95004
99646	2	94943
99647	2	119561
99648	2	119561
99649	2	95143
99650	2	94552
99651	2	95126
99652	2	94827
99653	2	119561
99654	2	94346
99655	2	119561
99656	2	95028
99657	2	94976
99658	2	94294
99659	2	94426
99660	2	94660
99661	2	94713
99662	2	95084
99663	2	94463
99664	2	94908
99665	2	119561
99666	2	119561
99667	2	94336
99668	2	119561
99669	2	94789
99670	2	94354
99671	2	119561
99672	2	119561
99673	2	94777
99674	2	94463
99675	2	119561
99676	2	94809
99677	2	95049
99678	2	94948
99679	2	94857
99680	2	94976
99681	2	94900
99682	2	95053
99683	2	94784
99684	2	94956
99685	2	95018
99686	2	94486
99687	2	94999
99688	2	95072
99689	2	94777
99690	2	95015
99691	2	94911
99692	2	94810
99693	2	94288
99694	2	95138
99695	2	95169
99696	2	119561
99697	2	119561
99698	2	94232
99699	2	94805
99700	2	95144
99701	2	94418
99702	2	95147
99703	2	95053
99704	2	95043
99705	2	94431
99706	2	94536
99707	2	119561
99708	2	119561
99709	2	94592
99710	2	94476
99711	2	119561
99712	2	94294
99713	2	94713
99714	2	95133
99715	2	94754
99716	2	119561
99717	2	119561
99718	2	94916
99719	2	94650
99720	2	94805
99721	2	95016
99722	2	95018
99723	2	119561
99724	2	94748
99725	2	94677
99726	2	94922
99727	2	95153
99728	2	95176
99729	2	94725
99730	2	119561
99731	2	119561
99732	2	119561
99733	2	94792
99734	2	119561
99735	2	95108
99736	2	94294
99737	2	119561
99738	2	94591
99739	2	119561
99740	2	94463
99741	2	95042
99742	2	94404
99743	2	94805
99744	2	94925
99745	2	94998
99746	2	119561
99747	2	95080
99748	2	94720
99749	2	94387
99750	2	94580
99751	2	95135
99752	2	94913
99753	2	94673
99754	2	94613
99755	2	94921
99756	2	119561
99757	2	94579
99758	2	95057
99759	2	95126
99760	2	95184
99761	2	94810
99762	2	119561
99763	2	95097
99764	2	119561
99765	2	119561
99766	2	119561
99767	2	94773
99768	2	95126
99769	2	95140
99770	2	94696
99771	2	95053
99772	2	94698
99773	2	95160
99774	2	95110
99775	2	94998
99776	2	95175
99777	2	94677
99778	2	119561
99779	2	119561
99780	2	94963
99781	2	94638
99782	2	119561
99783	2	119561
99784	2	94820
99785	2	94813
99786	2	95143
99787	2	95132
99788	2	94904
99789	2	94910
99790	2	119561
99791	2	94546
99792	2	95171
99793	2	95175
99794	2	94753
99795	2	95077
99796	2	94908
99797	2	94428
99798	2	95068
99799	2	119561
99800	2	95062
99801	2	94701
99802	2	95008
99803	2	94893
99804	2	95007
99805	2	94747
99806	2	95024
99807	2	94708
99808	2	94753
99809	2	94667
99810	2	94828
99811	2	94577
99812	2	94316
99813	2	95107
99814	2	94765
99815	2	95128
99816	2	95053
99817	2	94384
99818	2	95049
99819	2	95170
99820	2	95103
99821	2	95180
99822	2	119561
99823	2	94516
99824	2	94756
99825	2	94742
99826	2	119561
99827	2	94747
99828	2	95148
99829	2	94464
99830	2	94859
99831	2	119561
99832	2	119561
99833	2	119561
99834	2	119561
99835	2	94696
99836	2	94615
99837	2	94666
99838	2	95018
99839	2	119561
99840	2	95186
99841	2	95044
99842	2	119561
99843	2	94999
99844	2	95123
99845	2	94666
99846	2	94224
99847	2	119561
99848	2	95182
99849	2	95182
99850	2	119561
99851	2	119561
99852	2	95126
99853	2	94708
99854	2	94642
99855	2	119561
99856	2	119561
99857	2	95053
99858	2	94925
99859	2	94864
99860	2	119561
99861	2	95182
99862	2	119561
99863	2	119561
99864	2	95144
99865	2	119561
99866	2	94743
99867	2	95112
99868	2	95182
99869	2	94655
99870	2	119561
99871	2	119561
99872	2	94933
99873	2	119561
99874	2	119561
99875	2	94749
99876	2	94805
99877	2	95049
99878	2	95053
99879	2	119561
99880	2	94262
99881	2	95018
99882	2	94464
99883	2	94937
99884	2	94993
99885	2	119561
99886	2	119561
99887	2	94810
99888	2	119561
99889	2	95080
99890	2	95049
99891	2	95037
99892	2	119561
99893	2	119561
99894	2	94767
99895	2	95017
99896	2	94810
99897	2	119561
99898	2	119561
99899	2	119561
99900	2	95013
99901	2	95154
99902	2	95108
99903	2	94799
99904	2	94604
99905	2	95177
99906	2	119561
99907	2	119561
99908	2	94893
99909	2	94614
99910	2	119561
99911	2	119561
99912	2	95008
99913	2	94962
99914	2	119561
99915	2	95155
99916	2	119561
99917	2	94805
99918	2	119561
99919	2	119561
99920	2	95082
99921	2	94395
99922	2	95049
99923	2	119561
99924	2	94933
99925	2	95126
99926	2	95155
99927	2	95140
99928	2	95136
99929	2	119561
99930	2	95042
99931	2	94951
99932	2	95063
99933	2	119561
99934	2	95132
99935	2	119561
99936	2	94642
99937	2	95126
99938	2	95108
99939	2	94809
99940	2	119561
99941	2	94809
99942	2	119561
99943	2	94639
99944	2	119561
99945	2	94542
99946	2	119561
99947	2	119561
99948	2	94308
99949	2	119561
99950	2	94992
99951	2	95138
99952	2	94893
99953	2	119561
99954	2	119561
99955	2	94817
99956	2	119561
99957	2	95011
99958	2	95007
99959	2	94676
99960	2	95173
99961	2	95104
99962	2	119561
99963	2	119561
99964	2	95107
99965	2	119561
99966	2	94802
99967	2	94823
99968	2	94813
99969	2	119561
99970	2	119561
99971	2	95062
99972	2	94976
99973	2	94859
99974	2	94805
99975	2	94552
99976	2	95028
99977	2	94629
99978	2	95145
99979	2	94757
99980	2	95018
99981	2	95089
99982	2	119561
99983	2	119561
99984	2	94676
99985	2	95089
99986	2	119561
99987	2	119561
99988	2	94937
99989	2	94405
99990	2	95018
99991	2	119561
99992	2	119561
99993	2	119561
99994	2	95014
99995	2	119561
99996	2	94619
99997	2	95026
99998	2	94722
99999	2	95053
100000	2	94859
100001	2	94885
100002	2	94933
100003	2	95126
100004	2	119561
100005	2	94916
100006	2	95049
100007	2	94723
100008	2	95074
100009	2	94576
100010	2	94721
100011	2	94969
100012	2	94764
100013	2	94650
100014	2	95053
100015	2	119561
100016	2	95144
100017	2	119561
100018	2	94581
100019	2	94841
100020	2	94912
100021	2	95126
100022	2	94912
100023	2	119561
100024	2	94489
100025	2	119561
100026	2	95126
100027	2	95106
100028	2	95104
100029	2	119561
100030	2	95162
100031	2	94686
100032	2	119561
100033	2	119561
100034	2	95149
100035	2	119561
100036	2	95182
100037	2	95112
100038	2	95041
100039	2	94928
100040	2	119561
100041	2	94757
100042	2	94976
100043	2	94775
100044	2	119561
100045	2	95007
100046	2	95110
100047	2	119561
100048	2	94834
100049	2	119561
100050	2	95042
100051	2	95068
100052	2	95132
100053	2	119561
100054	2	94686
100055	2	119561
100056	2	95026
100057	2	94418
100058	2	119561
100059	2	95140
100060	2	119561
100061	2	94545
100062	2	119561
100063	2	94326
100064	2	119561
100065	2	119561
100066	2	94976
100067	2	119561
100068	2	94561
100069	2	119561
100070	2	94798
100071	2	119561
100072	2	119561
100073	2	119561
100074	2	95067
100075	2	95144
100076	2	95013
100077	2	119561
100078	2	94616
100079	2	119561
100080	2	119561
100081	2	95068
100082	2	119561
100083	2	119561
100084	2	94444
100085	2	119561
100086	2	119561
100087	2	119561
100088	2	94721
100089	2	94764
100090	2	95084
100091	2	94267
100092	2	119561
100093	2	94612
100094	2	94805
100095	2	94857
100096	2	94913
100097	2	94803
100098	2	95028
100099	2	94435
100100	2	95038
100101	2	95012
100102	2	94792
100103	2	95084
100104	2	94530
100105	2	95018
100106	2	94375
100107	2	95013
100108	2	95018
100109	2	94764
100110	2	119561
100111	2	94652
100112	2	119561
100113	2	94792
100114	2	94740
100115	2	94817
100116	2	95119
100117	2	119561
100118	2	95050
100119	2	94673
100120	2	94734
100121	2	95057
100122	2	95182
100123	2	94701
100124	2	95005
100125	2	119561
100126	2	94823
100127	2	94859
100128	2	94395
100129	2	119561
100130	2	94746
100131	2	94922
100132	2	94955
100133	2	94551
100134	2	119561
100135	2	119561
100136	2	94989
100137	2	119561
100138	2	119561
100139	2	94405
100140	2	119561
100141	2	119561
100142	2	94508
100143	2	95155
100144	2	94798
100145	2	95129
100146	2	95074
100147	2	95144
100148	2	95074
100149	2	95175
100150	2	95053
100151	2	95070
100152	2	119561
100153	2	94543
100154	2	95069
100155	2	119561
100156	2	119561
100157	2	95155
100158	2	94372
100159	2	95097
100160	2	119561
100161	2	94601
100162	2	94749
100163	2	94749
100164	2	119561
100165	2	94762
100166	2	95018
100167	2	94937
100168	2	95085
100169	2	94588
100170	2	95001
100171	2	94708
100172	2	94995
100173	2	119561
100174	2	95117
100175	2	94384
100176	2	94998
100177	2	95025
100178	2	119561
100179	2	94752
100180	2	94814
100181	2	94277
100182	2	95015
100183	2	94404
100184	2	119561
100185	2	95115
100186	2	94809
100187	2	94561
100188	2	94916
100189	2	94921
100190	2	119561
100191	2	95094
100192	2	94916
100193	2	94676
100194	2	119561
100195	2	94315
100196	2	94626
100197	2	95063
100198	2	94756
100199	2	95041
100200	2	119561
100201	2	94506
100202	2	95026
100203	2	95143
100204	2	94348
100205	2	94471
100206	2	95132
100207	2	95126
100208	2	95053
100209	2	94471
100210	2	94916
100211	2	94809
100212	2	95165
100213	2	95050
100214	2	94792
100215	2	95150
100216	2	94324
100217	2	95021
100218	2	94823
100219	2	94954
100220	2	94798
100221	2	95090
100222	2	119561
100223	2	94703
100224	2	94800
100225	2	119561
100226	2	119561
100227	2	119561
100228	2	95100
100229	2	94969
100230	2	119561
100231	2	119561
100232	2	94753
100233	2	94699
100234	2	95017
100235	2	95106
100236	2	94500
100237	2	94677
100238	2	94820
100239	2	94463
100240	2	119561
100241	2	119561
100242	2	119561
100243	2	94937
100244	2	94761
100245	2	94595
100246	2	94616
100247	2	94937
100248	2	119561
100249	2	94396
100250	2	94563
100251	2	119561
100252	2	94911
100253	2	94701
100254	2	119561
100255	2	95088
100256	2	94701
100257	2	119561
100258	2	119561
100259	2	119561
100260	2	119561
100261	2	94747
100262	2	94791
100263	2	94764
100264	2	94852
100265	2	94522
100266	2	119561
100267	2	94686
100268	2	119561
100269	2	119561
100270	2	119561
100271	2	94461
100272	2	94981
100273	2	94969
100274	2	94638
100275	2	94416
100276	2	94765
100277	2	95063
100278	2	119561
100279	2	119561
100280	2	119561
100281	2	94680
100282	2	94815
100283	2	119561
100284	2	119561
100285	2	95101
100286	2	94394
100287	2	95069
100288	2	94400
100289	2	94777
100290	2	94601
100291	2	119561
100292	2	119561
100293	2	95155
100294	2	94353
100295	2	94655
100296	2	94530
100297	2	119561
100298	2	94954
100299	2	119561
100300	2	94262
100301	2	95168
100302	2	94244
100303	2	95034
100304	2	119561
100305	2	95151
100306	2	95030
100307	2	119561
100308	2	94307
100309	2	119561
100310	2	95053
100311	2	94296
100312	2	119561
100313	2	119561
100314	2	119561
100315	2	94278
100316	2	119561
100317	2	119561
100318	2	94680
100319	2	94912
100320	2	95182
100321	2	119561
100322	2	119561
100323	2	119561
100324	2	119561
100325	2	119561
100326	2	95010
100327	2	119561
100328	2	94922
100329	2	95075
100330	2	119561
100331	2	95026
100332	2	95018
100333	2	119561
100334	2	119561
100335	2	94481
100336	2	95108
100337	2	94810
100338	2	119561
100339	2	94669
100340	2	119561
100341	2	95117
100342	2	119561
100343	2	119561
100344	2	94749
100345	2	119561
100346	2	94336
100347	2	94551
100348	2	94939
100349	2	119561
100350	2	95108
100351	2	94939
100352	2	95063
100353	2	94395
100354	2	95071
100355	2	95171
100356	2	95063
100357	2	119561
100358	2	95167
100359	2	119561
100360	2	119561
100361	2	94725
100362	2	95087
100363	2	119561
100364	2	94704
100365	2	94894
100366	2	119561
100367	2	94453
100368	2	94753
100369	2	94561
100370	2	95053
100371	2	95051
100372	2	119561
100373	2	94411
100374	2	95069
100375	2	94749
100376	2	95020
100377	2	95123
100378	2	94894
100379	2	119561
100380	2	94933
100381	2	119561
100382	2	94963
100383	2	95103
100384	2	94998
100385	2	119561
100386	2	94784
100387	2	94813
100388	2	94666
100389	2	94673
100390	2	119561
100391	2	94454
100392	2	119561
100393	2	94848
100394	2	119561
100395	2	94606
100396	2	94620
100397	2	94228
100398	2	119561
100399	2	119561
100400	2	95083
100401	2	94605
100402	2	95069
100403	2	95115
100404	2	94642
100405	2	94528
100406	2	119561
100407	2	94530
100408	2	95179
100409	2	119561
100410	2	119561
100411	2	94665
100412	2	94457
100413	2	119561
100414	2	94471
100415	2	94756
100416	2	94663
100417	2	119561
100418	2	119561
100419	2	94811
100420	2	94543
100421	2	94865
100422	2	119561
100423	2	94643
100424	2	94956
100425	2	94859
100426	2	119561
100427	2	95074
100428	2	94539
100429	2	94601
100430	2	119561
100431	2	95139
100432	2	119561
100433	2	119561
100434	2	94673
100435	2	94925
100436	2	94899
100437	2	94645
100438	2	95137
100439	2	94307
100440	2	94933
100441	2	94765
100442	2	119561
100443	2	94413
100444	2	95113
100445	2	94516
100446	2	95014
100447	2	95025
100448	2	94542
100449	2	94865
100450	2	119561
100451	2	95050
100452	2	94457
100453	2	94810
100454	2	94999
100455	2	94624
100456	2	95103
100457	2	119561
100458	2	95025
100459	2	119561
100460	2	95171
100461	2	119561
100462	2	94669
100463	2	95051
100464	2	119561
100465	2	94753
100466	2	94342
100467	2	95008
100468	2	95003
100469	2	119561
100470	2	119561
100471	2	119561
100472	2	95008
100473	2	94976
100474	2	119561
100475	2	95049
100476	2	119561
100477	2	119561
100478	2	95031
100479	2	119561
100480	2	119561
100481	2	95150
100482	2	95063
100483	2	94857
100484	2	119561
100485	2	94702
100486	2	94316
100487	2	95141
100488	2	95049
100489	2	95073
100490	2	94287
100491	2	94675
100492	2	119561
100493	2	119561
100494	2	94910
100495	2	119561
100496	2	95114
100497	2	94610
100498	2	119561
100499	2	94717
100500	2	94228
100501	2	95049
100502	2	94805
100503	2	95177
100504	2	119561
100505	2	95129
100506	2	119561
100507	2	94912
100508	2	94732
100509	2	94818
100510	2	119561
100511	2	94428
100512	2	94753
100513	2	119561
100514	2	95184
100515	2	94461
100516	2	94725
100517	2	95041
100518	2	94257
100519	2	95106
100520	2	94481
100521	2	95176
100522	2	94723
100523	2	94571
100524	2	94274
100525	2	95155
100526	2	119561
100527	2	119561
100528	2	94407
100529	2	95182
100530	2	94509
100531	2	94767
100532	2	94784
100533	2	119561
100534	2	94453
100535	2	119561
100536	2	94792
100537	2	94803
100538	2	94927
100539	2	95084
100540	2	94893
100541	2	119561
100542	2	94747
100543	2	119561
100544	2	94516
100545	2	119561
100546	2	94764
100547	2	94660
100548	2	95049
100549	2	94624
100550	2	94725
100551	2	119561
100552	2	94628
100553	2	119561
100554	2	94791
100555	2	119561
100556	2	94484
100557	2	95108
100558	2	94786
100559	2	119561
100560	2	119561
100561	2	95081
100562	2	94683
100563	2	94784
100564	2	94898
100565	2	119561
100566	2	95078
100567	2	95042
100568	2	95050
100569	2	95089
100570	2	94892
100571	2	94304
100572	2	95053
100573	2	94894
100574	2	94707
100575	2	94892
100576	2	95112
100577	2	119561
100578	2	95009
100579	2	94332
100580	2	119561
100581	2	94937
100582	2	95115
100583	2	94916
100584	2	94814
100585	2	95174
100586	2	94694
100587	2	119561
100588	2	95015
100589	2	94852
100590	2	94937
100591	2	94908
100592	2	94976
100593	2	94968
100594	2	95018
100595	2	95090
100596	2	95016
100597	2	94562
100598	2	119561
100599	2	119561
100600	2	95095
100601	2	95053
100602	2	94500
100603	2	119561
100604	2	94976
100605	2	94563
100606	2	119561
100607	2	119561
100608	2	119561
100609	2	119561
100610	2	119561
100611	2	95017
100612	2	94571
100613	2	95147
100614	2	119561
100615	2	94817
100616	2	94865
100617	2	119561
100618	2	119561
100619	2	94859
100620	2	95018
100621	2	94786
100622	2	119561
100623	2	94418
100624	2	119561
100625	2	94926
100626	2	95182
100627	2	119561
100628	2	119561
100629	2	94748
100630	2	95063
100631	2	95175
100632	2	95176
100633	2	94663
100634	2	94683
100635	2	119561
100636	2	119561
100637	2	94830
100638	2	94675
100639	2	95185
100640	2	119561
100641	2	119561
100642	2	95004
100643	2	94756
100644	2	95024
100645	2	119561
100646	2	94673
100647	2	94511
100648	2	94663
100649	2	94316
100650	2	119561
100651	2	94482
100652	2	94687
100653	2	94817
100654	2	119561
100655	2	94999
100656	2	94777
100657	2	95150
100658	2	95050
100659	2	94272
100660	2	94912
100661	2	94707
100662	2	95108
100663	2	119561
100664	2	119561
100665	2	95182
100666	2	94325
100667	2	95129
100668	2	94495
100669	2	95140
100670	2	95049
100671	2	119561
100672	2	94916
100673	2	95055
100674	2	94996
100675	2	94655
100676	2	94738
100677	2	94749
100678	2	94389
100679	2	94484
100680	2	94996
100681	2	94404
100682	2	94315
100683	2	119561
100684	2	95043
100685	2	94791
100686	2	94753
100687	2	119561
100688	2	94939
100689	2	94828
100690	2	94988
100691	2	119561
100692	2	94515
100693	2	94864
100694	2	119561
100695	2	119561
100696	2	119561
100697	2	95043
100698	2	95115
100699	2	95136
100700	2	94560
100701	2	94998
100702	2	94411
100703	2	94628
100704	2	94663
100705	2	95038
100706	2	94531
100707	2	95180
100708	2	95059
100709	2	95062
100710	2	94610
100711	2	94416
100712	2	94912
100713	2	95010
100714	2	94999
100715	2	95018
100716	2	119561
100717	2	94497
100718	2	94500
100719	2	94541
100720	2	94767
100721	2	119561
100722	2	95129
100723	2	94612
100724	2	94706
100725	2	94999
100726	2	94249
100727	2	95128
100728	2	94547
100729	2	119561
100730	2	95038
100731	2	94630
100732	2	94991
100733	2	94748
100734	2	94660
100735	2	95051
100736	2	94308
100737	2	94444
100738	2	119561
100739	2	94322
100740	2	95024
100741	2	94348
100742	2	94823
100743	2	94777
100744	2	119561
100745	2	95057
100746	2	94580
100747	2	95030
100748	2	94817
100749	2	119561
100750	2	94692
100751	2	95126
100752	2	119561
100753	2	119561
100754	2	119561
100755	2	119561
100756	2	119561
100757	2	119561
100758	2	94809
100759	2	94785
100760	2	94313
100761	2	119561
100762	2	94669
100763	2	119561
100764	2	119561
100765	2	94927
100766	2	119561
100767	2	94943
100768	2	119561
100769	2	94968
100770	2	119561
100771	2	119561
100772	2	94805
100773	2	95048
100774	2	95097
100775	2	95140
100776	2	95002
100777	2	94765
100778	2	119561
100779	2	95053
100780	2	119561
100781	2	95063
100782	2	94916
100783	2	94928
100784	2	119561
100785	2	119561
100786	2	95114
100787	2	119561
100788	2	119561
100789	2	119561
100790	2	94929
100791	2	119561
100792	2	95025
100793	2	119561
100794	2	119561
100795	2	95103
100796	2	119561
100797	2	95008
100798	2	95126
100799	2	95110
100800	2	119561
100801	2	94612
100802	2	95062
100803	2	95154
100804	2	94848
100805	2	94910
100806	2	94708
100807	2	119561
100808	2	95152
100809	2	119561
100810	2	119561
100811	2	119561
100812	2	95110
100813	2	95129
100814	2	95122
100815	2	95134
100816	2	95048
100817	2	119561
100818	2	94416
100819	2	94746
100820	2	95025
100821	2	119561
100822	2	94643
100823	2	94956
100824	2	119561
100825	2	94939
100826	2	119561
100827	2	94939
100828	2	95151
100829	2	95001
100830	2	94323
100831	2	95038
100832	2	94748
100833	2	94752
100834	2	119561
100835	2	119561
100836	2	95153
100837	2	119561
100838	2	94748
100839	2	94433
100840	2	119561
100841	2	94805
100842	2	119561
100843	2	94912
100844	2	95147
100845	2	94868
100846	2	95042
100847	2	119561
100848	2	95132
100849	2	95018
100850	2	119561
100851	2	94284
100852	2	119561
100853	2	119561
100854	2	94313
100855	2	94279
100856	2	119561
100857	2	94805
100858	2	94580
100859	2	119561
100860	2	94999
100861	2	95021
100862	2	94810
100863	2	119561
100864	2	94669
100865	2	95182
100866	2	119561
100867	2	95018
100868	2	94743
100869	2	95186
100870	2	119561
100871	2	94900
100872	2	94976
100873	2	94466
100874	2	94746
100875	2	94506
100876	2	95018
100877	2	94992
100878	2	95122
100879	2	94477
100880	2	94757
100881	2	94899
100882	2	95008
100883	2	95085
100884	2	94500
100885	2	95053
100886	2	119561
100887	2	95186
100888	2	119561
100889	2	94667
100890	2	94596
100891	2	119561
100892	2	119561
100893	2	119561
100894	2	95126
100895	2	94823
100896	2	94663
100897	2	119561
100898	2	95092
100899	2	94526
100900	2	94805
100901	2	119561
100902	2	95007
100903	2	119561
100904	2	94789
100905	2	119561
100906	2	119561
100907	2	94819
100908	2	95126
100909	2	94761
100910	2	119561
100911	2	94708
100912	2	94508
100913	2	94859
100914	2	94813
100915	2	95132
100916	2	94638
100917	2	95132
100918	2	119561
100919	2	94805
100920	2	94820
100921	2	95162
100922	2	94342
100923	2	94489
100924	2	95063
100925	2	119561
100926	2	94428
100927	2	95038
100928	2	95110
100929	2	95140
100930	2	119561
100931	2	119561
100932	2	95002
100933	2	95154
100934	2	95026
100935	2	94516
100936	2	95133
100937	2	95059
100938	2	94937
100939	2	119561
100940	2	94503
100941	2	95160
100942	2	94228
100943	2	95069
100944	2	95010
100945	2	94601
100946	2	94954
100947	2	95026
100948	2	94777
100949	2	94490
100950	2	94638
100951	2	119561
100952	2	119561
100953	2	95002
100954	2	95069
100955	2	119561
100956	2	119561
100957	2	94695
100958	2	95151
100959	2	119561
100960	2	119561
100961	2	94665
100962	2	119561
100963	2	119561
100964	2	94665
100965	2	119561
100966	2	95161
100967	2	119561
100968	2	94939
100969	2	94396
100970	2	94570
100971	2	94493
100972	2	95038
100973	2	95049
100974	2	94616
100975	2	94954
100976	2	94897
100977	2	95141
100978	2	95018
100979	2	119561
100980	2	94981
100981	2	94746
100982	2	95174
100983	2	94611
100984	2	94805
100985	2	119561
100986	2	95016
100987	2	95072
100988	2	95017
100989	2	94387
100990	2	94342
100991	2	94733
100992	2	119561
100993	2	95017
100994	2	95059
100995	2	119561
100996	2	94969
100997	2	94368
100998	2	119561
100999	2	119561
101000	2	94534
101001	2	95018
101002	2	94433
101003	2	95060
101004	2	94310
101005	2	95115
101006	2	119561
101007	2	94912
101008	2	95018
101009	2	119561
101010	2	95005
101011	2	119561
101012	2	95153
101013	2	95031
101014	2	95160
101015	2	95155
101016	2	119561
101017	2	94900
101018	2	94746
101019	2	94643
101020	2	94543
101021	2	119561
101022	2	119561
101023	2	94528
101024	2	95115
101025	2	94546
101026	2	119561
101027	2	119561
101028	2	119561
101029	2	94746
101030	2	119561
101031	2	95126
101032	2	94588
101033	2	119561
101034	2	119561
101035	2	119561
101036	2	94341
101037	2	119561
101038	2	119561
101039	2	119561
101040	2	94937
101041	2	94928
101042	2	94813
101043	2	94928
101044	2	95157
101045	2	94336
101046	2	94629
101047	2	94702
101048	2	94611
101049	2	95110
101050	2	94937
101051	2	119561
101052	2	119561
101053	2	119561
101054	2	95128
101055	2	94580
101056	2	119561
101057	2	119561
101058	2	119561
101059	2	94418
101060	2	119561
101061	2	94591
101062	2	94467
101063	2	95057
101064	2	94505
101065	2	119561
101066	2	95115
101067	2	94717
101068	2	94249
101069	2	94336
101070	2	94973
101071	2	95018
101072	2	94976
101073	2	119561
101074	2	94431
101075	2	119561
101076	2	95018
101077	2	119561
101078	2	119561
101079	2	119561
101080	2	94526
101081	2	95049
101082	2	95104
101083	2	119561
101084	2	95149
101085	2	94591
101086	2	119561
101087	2	95037
101088	2	94640
101089	2	94423
101090	2	119561
101091	2	119561
101092	2	119561
101093	2	94610
101094	2	119561
101095	2	94588
101096	2	95129
101097	2	94372
101098	2	94894
101099	2	95003
101100	2	119561
101101	2	94969
101102	2	94908
101103	2	119561
101104	2	95144
101105	2	119561
101106	2	119561
101107	2	94407
101108	2	94939
101109	2	95049
101110	2	95069
101111	2	119561
101112	2	94485
101113	2	94753
101114	2	95149
101115	2	94928
101116	2	95147
101117	2	119561
101118	2	95017
101119	2	119561
101120	2	95015
101121	2	119561
101122	2	95129
101123	2	95181
101124	2	119561
101125	2	94916
101126	2	94382
101127	2	95185
101128	2	119561
101129	2	119561
101130	2	95135
101131	2	94909
101132	2	94592
101133	2	95152
101134	2	94943
101135	2	94732
101136	2	94717
101137	2	119561
101138	2	94701
101139	2	94933
101140	2	95053
101141	2	94288
101142	2	94243
101143	2	95082
101144	2	119561
101145	2	94937
101146	2	95053
101147	2	94340
101148	2	95049
101149	2	119561
101150	2	94784
101151	2	94491
101152	2	94701
101153	2	95053
101154	2	94775
101155	2	94976
101156	2	119561
101157	2	94954
101158	2	94951
101159	2	94614
101160	2	94916
101161	2	94637
101162	2	94792
101163	2	94916
101164	2	94753
101165	2	94991
101166	2	95182
101167	2	95028
101168	2	119561
101169	2	119561
101170	2	119561
101171	2	95037
101172	2	95147
101173	2	119561
101174	2	94791
101175	2	119561
101176	2	94450
101177	2	119561
101178	2	94817
101179	2	94543
101180	2	94699
101181	2	94669
101182	2	94937
101183	2	119561
101184	2	94490
101185	2	94983
101186	2	95182
101187	2	95082
101188	2	94717
101189	2	94885
101190	2	119561
101191	2	94645
101192	2	94911
101193	2	94756
101194	2	94610
101195	2	119561
101196	2	119561
101197	2	94642
101198	2	119561
101199	2	94962
101200	2	119561
101201	2	119561
101202	2	94306
101203	2	95018
101204	2	94777
101205	2	94926
101206	2	94762
101207	2	94894
101208	2	94426
101209	2	94811
101210	2	119561
101211	2	119561
101212	2	94761
101213	2	94240
101214	2	94342
101215	2	95122
101216	2	95018
101217	2	119561
101218	2	94897
101219	2	94356
101220	2	119561
101221	2	119561
101222	2	94809
101223	2	94747
101224	2	119561
101225	2	119561
101226	2	94989
101227	2	94342
101228	2	119561
101229	2	94591
101230	2	94596
101231	2	94789
101232	2	119561
101233	2	94528
101234	2	94722
101235	2	94440
101236	2	119561
101237	2	119561
101238	2	95126
101239	2	119561
101240	2	119561
101241	2	119561
101242	2	119561
101243	2	119561
101244	2	94819
101245	2	119561
101246	2	94480
101247	2	94704
101248	2	95074
101249	2	95036
101250	2	94262
101251	2	95133
101252	2	95057
101253	2	95181
101254	2	119561
101255	2	94686
101256	2	94580
101257	2	95028
101258	2	119561
101259	2	95075
101260	2	119561
101261	2	119561
101262	2	94577
101263	2	119561
101264	2	94367
101265	2	94708
101266	2	119561
101267	2	94748
101268	2	95094
101269	2	119561
101270	2	94525
101271	2	94805
101272	2	94367
101273	2	119561
101274	2	94753
101275	2	95101
101276	2	94626
101277	2	94481
101278	2	94490
101279	2	119561
101280	2	119561
101281	2	95122
101282	2	119561
101283	2	94679
101284	2	95067
101285	2	94616
101286	2	94464
101287	2	94310
101288	2	95173
101289	2	95063
101290	2	94989
101291	2	94675
101292	2	94665
101293	2	119561
101294	2	119561
101295	2	119561
101296	2	94973
101297	2	94954
101298	2	95001
101299	2	119561
101300	2	94613
101301	2	94394
101302	2	94400
101303	2	95119
101304	2	119561
101305	2	119561
101306	2	119561
101307	2	94707
101308	2	94566
101309	2	119561
101310	2	119561
101311	2	94619
101312	2	95109
101313	2	95189
101314	2	94732
101315	2	95187
101316	2	94976
101317	2	94904
101318	2	119561
101319	2	95126
101320	2	95129
101321	2	94810
101322	2	94605
101323	2	94539
101324	2	95180
101325	2	95072
101326	2	94225
101327	2	119561
101328	2	119561
101329	2	95053
101330	2	95144
101331	2	119561
101332	2	119561
101333	2	95013
101334	2	95170
101335	2	94228
101336	2	95053
101337	2	95017
101338	2	95053
101339	2	94367
101340	2	94708
101341	2	95145
101342	2	119561
101343	2	119561
101344	2	94717
101345	2	94908
101346	2	94543
101347	2	119561
101348	2	95002
101349	2	94976
101350	2	119561
101351	2	119561
101352	2	94258
101353	2	94857
101354	2	94813
101355	2	94643
101356	2	94637
101357	2	119561
101358	2	94803
101359	2	94484
101360	2	119561
101361	2	95084
101362	2	94274
101363	2	119561
101364	2	119561
101365	2	119561
101366	2	94682
101367	2	94585
101368	2	119561
101369	2	95049
101370	2	94675
101371	2	119561
101372	2	119561
101373	2	95185
101374	2	119561
101375	2	119561
101376	2	94803
101377	2	95110
101378	2	119561
101379	2	95160
101380	2	119561
101381	2	119561
101382	2	119561
101383	2	119561
101384	2	119561
101385	2	119561
101386	2	94342
101387	2	94999
101388	2	95126
101389	2	94841
101390	2	119561
101391	2	94802
101392	2	94999
101393	2	95077
101394	2	119561
101395	2	95005
101396	2	94642
101397	2	119561
101398	2	119561
101399	2	95063
101400	2	95038
101401	2	95074
101402	2	94598
101403	2	95094
101404	2	94805
101405	2	119561
101406	2	119561
101407	2	94663
101408	2	94613
101409	2	94749
101410	2	119561
101411	2	94630
101412	2	95062
101413	2	94384
101414	2	94911
101415	2	94973
101416	2	94719
101417	2	119561
101418	2	94604
101419	2	119561
101420	2	119561
101421	2	95110
101422	2	94962
101423	2	95017
101424	2	119561
101425	2	119561
101426	2	94886
101427	2	94457
101428	2	119561
101429	2	119561
101430	2	94508
101431	2	94562
101432	2	95182
101433	2	94912
101434	2	95110
101435	2	119561
101436	2	95182
101437	2	94298
101438	2	95121
101439	2	95160
101440	2	94506
101441	2	94354
101442	2	94748
101443	2	94435
101444	2	119561
101445	2	119561
101446	2	94749
101447	2	119561
101448	2	94810
101449	2	94671
101450	2	119561
101451	2	119561
101452	2	119561
101453	2	119561
101454	2	95069
101455	2	95096
101456	2	119561
101457	2	95180
101458	2	119561
101459	2	94805
101460	2	94695
101461	2	94525
101462	2	94954
101463	2	94865
101464	2	119561
101465	2	95186
101466	2	94595
101467	2	94803
101468	2	94973
101469	2	94637
101470	2	94841
101471	2	94669
101472	2	94753
101473	2	94813
101474	2	95069
101475	2	94988
101476	2	95042
101477	2	94561
101478	2	119561
101479	2	95009
101480	2	95160
101481	2	119561
101482	2	94544
101483	2	94666
101484	2	94973
101485	2	95049
101486	2	119561
101487	2	119561
101488	2	119561
101489	2	95053
101490	2	94349
101491	2	94805
101492	2	94921
101493	2	94937
101494	2	119561
101495	2	119561
101496	2	94361
101497	2	95004
101498	2	119561
101499	2	94912
101500	2	119561
101501	2	94865
101502	2	94742
101503	2	119561
101504	2	119561
101505	2	95053
101506	2	95175
101507	2	95049
101508	2	119561
101509	2	94810
101510	2	95172
101511	2	94903
101512	2	94463
101513	2	119561
101514	2	95027
101515	2	95109
101516	2	119561
101517	2	95049
101518	2	119561
101519	2	95057
101520	2	94725
101521	2	94828
101522	2	119561
101523	2	95126
101524	2	94805
101525	2	94717
101526	2	95151
101527	2	119561
101528	2	94954
101529	2	94467
101530	2	119561
101531	2	119561
101532	2	119561
101533	2	94528
101534	2	94570
101535	2	119561
101536	2	119561
101537	2	94378
101538	2	94701
101539	2	119561
101540	2	94310
101541	2	94785
101542	2	95052
101543	2	119561
101544	2	94996
101545	2	94410
101546	2	95075
101547	2	95053
101548	2	95085
101549	2	119561
101550	2	95050
101551	2	94708
101552	2	94292
101553	2	95110
101554	2	94929
101555	2	94841
101556	2	119561
101557	2	95160
101558	2	94725
101559	2	94913
101560	2	94933
101561	2	119561
101562	2	94274
101563	2	94999
101564	2	119561
101565	2	94894
101566	2	94993
101567	2	95017
101568	2	95046
101569	2	95129
101570	2	119561
101571	2	119561
101572	2	94561
101573	2	94396
101574	2	119561
101575	2	119561
101576	2	94686
101577	2	94277
101578	2	94477
101579	2	119561
101580	2	94491
101581	2	119561
101582	2	94834
101583	2	94630
101584	2	119561
101585	2	94764
101586	2	94639
101587	2	95182
101588	2	119561
101589	2	119561
101590	2	95026
101591	2	95017
101592	2	119561
101593	2	95012
101594	2	94897
101595	2	94885
101596	2	119561
101597	2	119561
101598	2	95069
101599	2	119561
101600	2	95053
101601	2	94992
101602	2	94968
101603	2	119561
101604	2	94909
101605	2	94909
101606	2	119561
101607	2	119561
101608	2	95072
101609	2	119561
101610	2	94546
101611	2	94428
101612	2	95150
101613	2	95119
101614	2	94753
101615	2	95144
101616	2	95057
101617	2	119561
101618	2	95073
101619	2	119561
101620	2	94830
101621	2	119561
101622	2	94566
101623	2	119561
101624	2	94585
101625	2	94389
101626	2	119561
101627	2	94638
101628	2	94614
101629	2	95062
101630	2	94921
101631	2	95126
101632	2	95088
101633	2	119561
101634	2	119561
101635	2	95038
101636	2	95114
101637	2	95053
101638	2	94799
101639	2	119561
101640	2	94803
101641	2	94591
101642	2	119561
101643	2	94484
101644	2	94943
101645	2	119561
101646	2	95018
101647	2	95032
101648	2	94384
101649	2	94798
101650	2	94384
101651	2	94789
101652	2	95154
101653	2	95037
101654	2	119561
101655	2	95106
101656	2	119561
101657	2	95026
101658	2	94722
101659	2	119561
101660	2	94660
101661	2	94749
101662	2	119561
101663	2	95105
101664	2	119561
101665	2	94682
101666	2	119561
101667	2	94912
101668	2	94677
101669	2	119561
101670	2	94398
101671	2	94937
101672	2	94827
101673	2	94898
101674	2	94933
101675	2	94730
101676	2	94735
101677	2	95017
101678	2	95007
101679	2	95021
101680	2	94813
101681	2	95063
101682	2	94568
101683	2	94592
101684	2	119561
101685	2	94937
101686	2	94422
101687	2	95110
101688	2	94472
101689	2	94805
101690	2	94998
101691	2	95053
101692	2	119561
101693	2	94989
101694	2	119561
101695	2	94391
101696	2	119561
101697	2	94826
101698	2	94663
101699	2	119561
101700	2	95151
101701	2	95018
101702	2	119561
101703	2	95123
101704	2	95109
101705	2	95085
101706	2	94301
101707	2	95106
101708	2	94294
101709	2	95030
101710	2	94482
101711	2	119561
101712	2	94422
101713	2	95057
101714	2	119561
101715	2	95126
101716	2	119561
101717	2	119561
101718	2	94640
101719	2	119561
101720	2	119561
101721	2	119561
101722	2	95056
101723	2	95106
101724	2	95174
101725	2	94696
101726	2	94471
101727	2	95129
101728	2	95122
101729	2	94544
101730	2	119561
101731	2	94958
101732	2	119561
101733	2	119561
101734	2	119561
101735	2	119561
101736	2	95013
101737	2	119561
101738	2	119561
101739	2	95092
101740	2	119561
101741	2	95140
101742	2	94616
101743	2	95131
101744	2	94976
101745	2	94985
101746	2	94955
101747	2	94308
101748	2	94658
101749	2	94606
101750	2	94708
101751	2	95008
101752	2	95142
101753	2	95084
101754	2	95003
101755	2	119561
101756	2	95053
101757	2	95128
101758	2	94976
101759	2	119561
101760	2	119561
101761	2	119561
101762	2	119561
101763	2	119561
101764	2	94404
101765	2	95028
101766	2	94754
101767	2	95170
101768	2	119561
101769	2	94531
101770	2	119561
101771	2	119561
101772	2	94686
101773	2	94745
101774	2	94810
101775	2	94663
101776	2	94253
101777	2	94270
101778	2	94786
101779	2	95028
101780	2	94973
101781	2	94643
101782	2	95007
101783	2	95048
101784	2	94789
101785	2	119561
101786	2	95173
101787	2	94773
101788	2	95053
101789	2	94377
101790	2	119561
101791	2	119561
101792	2	94613
101793	2	94655
101794	2	119561
101795	2	95158
101796	2	94396
101797	2	119561
101798	2	119561
101799	2	94911
101800	2	94489
101801	2	94642
101802	2	94752
101803	2	119561
101804	2	94591
101805	2	95067
101806	2	119561
101807	2	119561
101808	2	94765
101809	2	94916
101810	2	119561
101811	2	119561
101812	2	119561
101813	2	119561
101814	2	94281
101815	2	119561
101816	2	94536
101817	2	94894
101818	2	95158
101819	2	94885
101820	2	119561
101821	2	94558
101822	2	95162
101823	2	94777
101824	2	94818
101825	2	94783
101826	2	119561
101827	2	94566
101828	2	94436
101829	2	119561
101830	2	94859
101831	2	119561
101832	2	94526
101833	2	95079
101834	2	95106
101835	2	94509
101836	2	119561
101837	2	119561
101838	2	94701
101839	2	94868
101840	2	94745
101841	2	119561
101842	2	94921
101843	2	94233
101844	2	94419
101845	2	94645
101846	2	95059
101847	2	94516
101848	2	119561
101849	2	95018
101850	2	119561
101851	2	94428
101852	2	94315
101853	2	94638
101854	2	119561
101855	2	94743
101856	2	94529
101857	2	119561
101858	2	119561
101859	2	119561
101860	2	95126
101861	2	94753
101862	2	95017
101863	2	119561
101864	2	119561
101865	2	119561
101866	2	94976
101867	2	94916
101868	2	94916
101869	2	95180
101870	2	95026
101871	2	119561
101872	2	94753
101873	2	95094
101874	2	119561
101875	2	95032
101876	2	94976
101877	2	94620
101878	2	94456
101879	2	94791
101880	2	119561
101881	2	119561
101882	2	94542
101883	2	119561
101884	2	94601
101885	2	95020
101886	2	95080
101887	2	119561
101888	2	94948
101889	2	119561
101890	2	94365
101891	2	119561
101892	2	94383
101893	2	95155
101894	2	94560
101895	2	94805
101896	2	94708
101897	2	94526
101898	2	95038
101899	2	94892
101900	2	94981
101901	2	94746
101902	2	95017
101903	2	94411
101904	2	94265
101905	2	94658
101906	2	119561
101907	2	94277
101908	2	95141
101909	2	95069
101910	2	119561
101911	2	119561
101912	2	94645
101913	2	95049
101914	2	94383
101915	2	119561
101916	2	95173
101917	2	94428
101918	2	119561
101919	2	119561
101920	2	94748
101921	2	95049
101922	2	95007
101923	2	94563
101924	2	94753
101925	2	119561
101926	2	119561
101927	2	94722
101928	2	94976
101929	2	95070
101930	2	119561
101931	2	94498
101932	2	119561
101933	2	95129
101934	2	94530
101935	2	119561
101936	2	94476
101937	2	94647
101938	2	119561
101939	2	95062
101940	2	94219
101941	2	94581
101942	2	119561
101943	2	119561
101944	2	94600
101945	2	94630
101946	2	95070
101947	2	95025
101948	2	119561
101949	2	94318
101950	2	94939
101951	2	95134
101952	2	94819
101953	2	95185
101954	2	95123
101955	2	119561
101956	2	94881
101957	2	119561
101958	2	119561
101959	2	94852
101960	2	94561
101961	2	119561
101962	2	94378
101963	2	95070
101964	2	119561
101965	2	94228
101966	2	119561
101967	2	95045
101968	2	95080
101969	2	95042
101970	2	95103
101971	2	95028
101972	2	119561
101973	2	119561
101974	2	119561
101975	2	95055
101976	2	94976
101977	2	94384
101978	2	95126
101979	2	95162
101980	2	119561
101981	2	119561
101982	2	119561
101983	2	94805
101984	2	119561
101985	2	94779
101986	2	94910
101987	2	95017
101988	2	95166
101989	2	95162
101990	2	94723
101991	2	95077
101992	2	119561
101993	2	94981
101994	2	94605
101995	2	95180
101996	2	119561
101997	2	119561
101998	2	119561
101999	2	94683
102000	2	94342
102001	2	119561
102002	2	95187
102003	2	119561
102004	2	95018
102005	2	119561
102006	2	95141
102007	2	94474
102008	2	119561
102009	2	94865
102010	2	95018
102011	2	94859
102012	2	119561
102013	2	94805
102014	2	119561
102015	2	95108
102016	2	94457
102017	2	119561
102018	2	95164
102019	2	119561
102020	2	95015
102021	2	94976
102022	2	94281
102023	2	95119
102024	2	119561
102025	2	94937
102026	2	119561
102027	2	94834
102028	2	119561
102029	2	94989
102030	2	119561
102031	2	94503
102032	2	94988
102033	2	94887
102034	2	95094
102035	2	119561
102036	2	94930
102037	2	94798
102038	2	94562
102039	2	94980
102040	2	95018
102041	2	94800
102042	2	119561
102043	2	94564
102044	2	94834
102045	2	94899
102046	2	94937
102047	2	94764
102048	2	94748
102049	2	94925
102050	2	94520
102051	2	119561
102052	2	119561
102053	2	95037
102054	2	94912
102055	2	94810
102056	2	94852
102057	2	95160
102058	2	119561
102059	2	95160
102060	2	94436
102061	2	95110
102062	2	119561
102063	2	94544
102064	2	119561
102065	2	94933
102066	2	94647
102067	2	119561
102068	2	119561
102069	2	94569
102070	2	94416
102071	2	94868
102072	2	95122
102073	2	94957
102074	2	95186
102075	2	119561
102076	2	94733
102077	2	95021
102078	2	119561
102079	2	95101
102080	2	94996
102081	2	94753
102082	2	94865
102083	2	94453
102084	2	95026
102085	2	119561
102086	2	94598
102087	2	94912
102088	2	119561
102089	2	119561
102090	2	119561
102091	2	94330
102092	2	94764
102093	2	119561
102094	2	94881
102095	2	119561
102096	2	94426
102097	2	95155
102098	2	95057
102099	2	94476
102100	2	94708
102101	2	119561
102102	2	94645
102103	2	119561
102104	2	94996
102105	2	94909
102106	2	94998
102107	2	95110
102108	2	95103
102109	2	119561
102110	2	95017
102111	2	95017
102112	2	119561
102113	2	94882
102114	2	119561
102115	2	94991
102116	2	119561
102117	2	95126
102118	2	95042
102119	2	94654
102120	2	119561
102121	2	94834
102122	2	94933
102123	2	119561
102124	2	94933
102125	2	95018
102126	2	94677
102127	2	94729
102128	2	94897
102129	2	94318
102130	2	119561
102131	2	119561
102132	2	119561
102133	2	95124
102134	2	94948
102135	2	94634
102136	2	94800
102137	2	119561
102138	2	94922
102139	2	94753
102140	2	94563
102141	2	119561
102142	2	94777
102143	2	95051
102144	2	119561
102145	2	119561
102146	2	94221
102147	2	94542
102148	2	95157
102149	2	119561
102150	2	94985
102151	2	119561
102152	2	119561
102153	2	119561
102154	2	94717
102155	2	95180
102156	2	119561
102157	2	94809
102158	2	95143
102159	2	95041
102160	2	119561
102161	2	95037
102162	2	94823
102163	2	95037
102164	2	94413
102165	2	94702
102166	2	95038
102167	2	119561
102168	2	95049
102169	2	119561
102170	2	94699
102171	2	94989
102172	2	94859
102173	2	94306
102174	2	94767
102175	2	94962
102176	2	119561
102177	2	94267
102178	2	95001
102179	2	95045
102180	2	94265
102181	2	119561
102182	2	94798
102183	2	119561
102184	2	119561
102185	2	119561
102186	2	94666
102187	2	95079
102188	2	95051
102189	2	94561
102190	2	119561
102191	2	94767
102192	2	94954
102193	2	94887
102194	2	94737
102195	2	94530
102196	2	119561
102197	2	94342
102198	2	119561
102199	2	119561
102200	2	94791
102201	2	95004
102202	2	94479
102203	2	94543
102204	2	119561
102205	2	119561
102206	2	119561
102207	2	119561
102208	2	94954
102209	2	94929
102210	2	94811
102211	2	119561
102212	2	94817
102213	2	94910
102214	2	119561
102215	2	119561
102216	2	94505
102217	2	94852
102218	2	94642
102219	2	94823
102220	2	94834
102221	2	94733
102222	2	94976
102223	2	119561
102224	2	94976
102225	2	94394
102226	2	95018
102227	2	119561
102228	2	119561
102229	2	95132
102230	2	95132
102231	2	94933
102232	2	94365
102233	2	119561
102234	2	119561
102235	2	119561
102236	2	94570
102237	2	94976
102238	2	94694
102239	2	119561
102240	2	94489
102241	2	94224
102242	2	94677
102243	2	95101
102244	2	94756
102245	2	94448
102246	2	119561
102247	2	94916
102248	2	94800
102249	2	119561
102250	2	94805
102251	2	95049
102252	2	95053
102253	2	95038
102254	2	94805
102255	2	94696
102256	2	119561
102257	2	119561
102258	2	94761
102259	2	94857
102260	2	94677
102261	2	119561
102262	2	94442
102263	2	95167
102264	2	94956
102265	2	119561
102266	2	94695
102267	2	119561
102268	2	94365
102269	2	94358
102270	2	94383
102271	2	94998
102272	2	94394
102273	2	95155
102274	2	119561
102275	2	94390
102276	2	95008
102277	2	95136
102278	2	94699
102279	2	94647
102280	2	94912
102281	2	95103
102282	2	95141
102283	2	119561
102284	2	95036
102285	2	119561
102286	2	94989
102287	2	94542
102288	2	119561
102289	2	95161
102290	2	94800
102291	2	95117
102292	2	94679
102293	2	94288
102294	2	95073
102295	2	94989
102296	2	94346
102297	2	95103
102298	2	95044
102299	2	94721
102300	2	95129
102301	2	94976
102302	2	94749
102303	2	119561
102304	2	119561
102305	2	119561
102306	2	95140
102307	2	95126
102308	2	95131
102309	2	94753
102310	2	119561
102311	2	94887
102312	2	119561
102313	2	119561
102314	2	95063
102315	2	94655
102316	2	119561
102317	2	119561
102318	2	94973
102319	2	94675
102320	2	94725
102321	2	94887
102322	2	119561
102323	2	95101
102324	2	94645
102325	2	94742
102326	2	119561
102327	2	95168
102328	2	119561
102329	2	119561
102330	2	95043
102331	2	119561
102332	2	95053
102333	2	94857
102334	2	95121
102335	2	119561
102336	2	95071
102337	2	94372
102338	2	94471
102339	2	95002
102340	2	119561
102341	2	95144
102342	2	95167
102343	2	119561
102344	2	94453
102345	2	95176
102346	2	119561
102347	2	95090
102348	2	119561
102349	2	94815
102350	2	95050
102351	2	119561
102352	2	94528
102353	2	94713
102354	2	119561
102355	2	119561
102356	2	95026
102357	2	95013
102358	2	119561
102359	2	119561
102360	2	94998
102361	2	94753
102362	2	95151
102363	2	94251
102364	2	119561
102365	2	119561
102366	2	119561
102367	2	94694
102368	2	95143
102369	2	95126
102370	2	119561
102371	2	119561
102372	2	94493
102373	2	94495
102374	2	94708
102375	2	95144
102376	2	94903
102377	2	94683
102378	2	94561
102379	2	94375
102380	2	94865
102381	2	119561
102382	2	119561
102383	2	94955
102384	2	119561
102385	2	94306
102386	2	119561
102387	2	94859
102388	2	94384
102389	2	94799
102390	2	94798
102391	2	119561
102392	2	119561
102393	2	95149
102394	2	94720
102395	2	95013
102396	2	119561
102397	2	94913
102398	2	94410
102399	2	94908
102400	2	95026
102401	2	119561
102402	2	95117
102403	2	119561
102404	2	94995
102405	2	95133
102406	2	119561
102407	2	119561
102408	2	119561
102409	2	94810
102410	2	95167
102411	2	95126
102412	2	119561
102413	2	94377
102414	2	94433
102415	2	119561
102416	2	119561
102417	2	94658
102418	2	95086
102419	2	94764
102420	2	119561
102421	2	119561
102422	2	119561
102423	2	94706
102424	2	94973
102425	2	119561
102426	2	94908
102427	2	119561
102428	2	119561
102429	2	119561
102430	2	94591
102431	2	95077
102432	2	94543
102433	2	95106
102434	2	95028
102435	2	94881
102436	2	119561
102437	2	94471
102438	2	95069
102439	2	95107
102440	2	119561
102441	2	94725
102442	2	94497
102443	2	119561
102444	2	94358
102445	2	119561
102446	2	95073
102447	2	119561
102448	2	119561
102449	2	95049
102450	2	119561
102451	2	95140
102452	2	95065
102453	2	94654
102454	2	119561
102455	2	94746
102456	2	95121
102457	2	119561
102458	2	95176
102459	2	119561
102460	2	119561
102461	2	95036
102462	2	94933
102463	2	94954
102464	2	94805
102465	2	119561
102466	2	119561
102467	2	94322
102468	2	95053
102469	2	119561
102470	2	95062
102471	2	94342
102472	2	95057
102473	2	94675
102474	2	94764
102475	2	94250
102476	2	119561
102477	2	94989
102478	2	94577
102479	2	94777
102480	2	94737
102481	2	119561
102482	2	94968
102483	2	95074
102484	2	94803
102485	2	94719
102486	2	95139
102487	2	94372
102488	2	119561
102489	2	94970
102490	2	95053
102491	2	95172
102492	2	119561
102493	2	119561
102494	2	94922
102495	2	119561
102496	2	95049
102497	2	94957
102498	2	94580
102499	2	119561
102500	2	94601
102501	2	95157
102502	2	94936
102503	2	94365
102504	2	94859
102505	2	94777
102506	2	95126
102507	2	94999
102508	2	119561
102509	2	94585
102510	2	94897
102511	2	94478
102512	2	94894
102513	2	119561
102514	2	119561
102515	2	94577
102516	2	119561
102517	2	94764
102518	2	95108
102519	2	119561
102520	2	119561
102521	2	119561
102522	2	94585
102523	2	94605
102524	2	95137
102525	2	119561
102526	2	119561
102527	2	95149
102528	2	94569
102529	2	94963
102530	2	119561
102531	2	94904
102532	2	95126
102533	2	94999
102534	2	119561
102535	2	94912
102536	2	95012
102537	2	94356
102538	2	119561
102539	2	119561
102540	2	94713
102541	2	119561
102542	2	95024
102543	2	119561
102544	2	94820
102545	2	95160
102546	2	95100
102547	2	94777
102548	2	95053
102549	2	95084
102550	2	119561
102551	2	94810
102552	2	94979
102553	2	94610
102554	2	95173
102555	2	94753
102556	2	94423
102557	2	94635
102558	2	119561
102559	2	95145
102560	2	119561
102561	2	119561
102562	2	95145
102563	2	94912
102564	2	95144
102565	2	119561
102566	2	119561
102567	2	94810
102568	2	94576
102569	2	119561
102570	2	94563
102571	2	94669
102572	2	95055
102573	2	94897
102574	2	95014
102575	2	94761
102576	2	119561
102577	2	94426
102578	2	95083
102579	2	94756
102580	2	95078
102581	2	95068
102582	2	94708
102583	2	119561
102584	2	94928
102585	2	95055
102586	2	95053
102587	2	94396
102588	2	94980
102589	2	119561
102590	2	95133
102591	2	119561
102592	2	119561
102593	2	94805
102594	2	95062
102595	2	95059
102596	2	94762
102597	2	94466
102598	2	119561
102599	2	94828
102600	2	94939
102601	2	95021
102602	2	119561
102603	2	119561
102604	2	95075
102605	2	94306
102606	2	94916
102607	2	95012
102608	2	119561
102609	2	119561
102610	2	95173
102611	2	94998
102612	2	119561
102613	2	94246
102614	2	119561
102615	2	95123
102616	2	95049
102617	2	94823
102618	2	94543
102619	2	94786
102620	2	94660
102621	2	94546
102622	2	119561
102623	2	119561
102624	2	119561
102625	2	94341
102626	2	94372
102627	2	94910
102628	2	95182
102629	2	94439
102630	2	94818
102631	2	95182
102632	2	95053
102633	2	94980
102634	2	95052
102635	2	119561
102636	2	94564
102637	2	119561
102638	2	94525
102639	2	94857
102640	2	94679
102641	2	119561
102642	2	94431
102643	2	119561
102644	2	94601
102645	2	95090
102646	2	94477
102647	2	94310
102648	2	94629
102649	2	95114
102650	2	95052
102651	2	95126
102652	2	95062
102653	2	94999
102654	2	119561
102655	2	94877
102656	2	119561
102657	2	94316
102658	2	94453
102659	2	94725
102660	2	94358
102661	2	94928
102662	2	94930
102663	2	95147
102664	2	94410
102665	2	94557
102666	2	94956
102667	2	94528
102668	2	94743
102669	2	119561
102670	2	94500
102671	2	119561
102672	2	94916
102673	2	94643
102674	2	94749
102675	2	94535
102676	2	119561
102677	2	94720
102678	2	95106
102679	2	119561
102680	2	119561
102681	2	94389
102682	2	119561
102683	2	95132
102684	2	95041
102685	2	119561
102686	2	94580
102687	2	119561
102688	2	94336
102689	2	94349
102690	2	94669
102691	2	94708
102692	2	94407
102693	2	95036
102694	2	119561
102695	2	119561
102696	2	95042
102697	2	119561
102698	2	95121
102699	2	94753
102700	2	95028
102701	2	95028
102702	2	95038
102703	2	119561
102704	2	94554
102705	2	119561
102706	2	95145
102707	2	119561
102708	2	95154
102709	2	95108
102710	2	119561
102711	2	94229
102712	2	94364
102713	2	95067
102714	2	119561
102715	2	95079
102716	2	119561
102717	2	94730
102718	2	95032
102719	2	94431
102720	2	94281
102721	2	94645
102722	2	94561
102723	2	94371
102724	2	94655
102725	2	95036
102726	2	119561
102727	2	95150
102728	2	94662
102729	2	119561
102730	2	119561
102731	2	119561
102732	2	95036
102733	2	94828
102734	2	119561
102735	2	95044
102736	2	119561
102737	2	119561
102738	2	119561
102739	2	119561
102740	2	119561
102741	2	94629
102742	2	119561
102743	2	95139
102744	2	94792
102745	2	94654
102746	2	94616
102747	2	94823
102748	2	94407
102749	2	119561
102750	2	119561
102751	2	95053
102752	2	119561
102753	2	119561
102754	2	95130
102755	2	94419
102756	2	94471
102757	2	94461
102758	2	119561
102759	2	94717
102760	2	119561
102761	2	94604
102762	2	94448
102763	2	95018
102764	2	119561
102765	2	119561
102766	2	119561
102767	2	95119
102768	2	94725
102769	2	94623
102770	2	94342
102771	2	119561
102772	2	119561
102773	2	95131
102774	2	94910
102775	2	119561
102776	2	119561
102777	2	119561
102778	2	119561
102779	2	94764
102780	2	95049
102781	2	95004
102782	2	94753
102783	2	94803
102784	2	95176
102785	2	95049
102786	2	94834
102787	2	119561
102788	2	94999
102789	2	95175
102790	2	119561
102791	2	94525
102792	2	119561
102793	2	119561
102794	2	95130
102795	2	95150
102796	2	95176
102797	2	119561
102798	2	94765
102799	2	95100
102800	2	94669
102801	2	95140
102802	2	95160
102803	2	119561
102804	2	94387
102805	2	95064
102806	2	95114
102807	2	95053
102808	2	95071
102809	2	94819
102810	2	94885
102811	2	94976
102812	2	95026
102813	2	95185
102814	2	95069
102815	2	94928
102816	2	94478
102817	2	94810
102818	2	94447
102819	2	95018
102820	2	119561
102821	2	119561
102822	2	94954
102823	2	95149
102824	2	95172
102825	2	94719
102826	2	94813
102827	2	119561
102828	2	119561
102829	2	94676
102830	2	119561
102831	2	95038
102832	2	119561
102833	2	119561
102834	2	119561
102835	2	119561
102836	2	119561
102837	2	95050
102838	2	119561
102839	2	94994
102840	2	119561
102841	2	94894
102842	2	95051
102843	2	94505
102844	2	95044
102845	2	95103
102846	2	95009
102847	2	95053
102848	2	119561
102849	2	95159
102850	2	94989
102851	2	94639
102852	2	94939
102853	2	95134
102854	2	95182
102855	2	119561
102856	2	119561
102857	2	94908
102858	2	119561
102859	2	94536
102860	2	95101
102861	2	119561
102862	2	94973
102863	2	119561
102864	2	119561
102865	2	119561
102866	2	119561
102867	2	94877
102868	2	94486
102869	2	94539
102870	2	94728
102871	2	95052
102872	2	94283
102873	2	94994
102874	2	95048
102875	2	119561
102876	2	94733
102877	2	94591
102878	2	94481
102879	2	95153
102880	2	94482
102881	2	119561
102882	2	95053
102883	2	94753
102884	2	95050
102885	2	95114
102886	2	94920
102887	2	95133
102888	2	95169
102889	2	119561
102890	2	94996
102891	2	119561
102892	2	119561
102893	2	94756
102894	2	119561
102895	2	119561
102896	2	119561
102897	2	119561
102898	2	119561
102899	2	94384
102900	2	95119
102901	2	94962
102902	2	119561
102903	2	94951
102904	2	95140
102905	2	94886
102906	2	95133
102907	2	119561
102908	2	95126
102909	2	94610
102910	2	119561
102911	2	94402
102912	2	95026
102913	2	95042
102914	2	94813
102915	2	94894
102916	2	94611
102917	2	119561
102918	2	94720
102919	2	94463
102920	2	95175
102921	2	94813
102922	2	94699
102923	2	119561
102924	2	94928
102925	2	119561
102926	2	95094
102927	2	95110
102928	2	119561
102929	2	95037
102930	2	94308
102931	2	94479
102932	2	119561
102933	2	119561
102934	2	94546
102935	2	95053
102936	2	94963
102937	2	94342
102938	2	95137
102939	2	94810
102940	2	95106
102941	2	94344
102942	2	94536
102943	2	95128
102944	2	119561
102945	2	95026
102946	2	95002
102947	2	94753
102948	2	94442
102949	2	94671
102950	2	119561
102951	2	95086
102952	2	94390
102953	2	119561
102954	2	95107
102955	2	95123
102956	2	94728
102957	2	94394
102958	2	119561
102959	2	94666
102960	2	94820
102961	2	119561
102962	2	94308
102963	2	119561
102964	2	119561
102965	2	95173
102966	2	95134
102967	2	95126
102968	2	119561
102969	2	94922
102970	2	95171
102971	2	94561
102972	2	94460
102973	2	94554
102974	2	94601
102975	2	94383
102976	2	95018
102977	2	119561
102978	2	95130
102979	2	95155
102980	2	94989
102981	2	119561
102982	2	94349
102983	2	119561
102984	2	94542
102985	2	94976
102986	2	95053
102987	2	94937
102988	2	119561
102989	2	119561
102990	2	95182
102991	2	95049
102992	2	94999
102993	2	119561
102994	2	95007
102995	2	94734
102996	2	94387
102997	2	94976
102998	2	94267
102999	2	95174
103000	2	119561
103001	2	95038
103002	2	95060
103003	2	94910
103004	2	95049
103005	2	119561
103006	2	95038
103007	2	95017
103008	2	119561
103009	2	95055
103010	2	119561
103011	2	119561
103012	2	95037
103013	2	94757
103014	2	119561
103015	2	119561
103016	2	94588
103017	2	95018
103018	2	94478
103019	2	94857
103020	2	95060
103021	2	119561
103022	2	119561
103023	2	94728
103024	2	95144
103025	2	94841
103026	2	94762
103027	2	95013
103028	2	119561
103029	2	95114
103030	2	119561
103031	2	95049
103032	2	119561
103033	2	95038
103034	2	119561
103035	2	94290
103036	2	95053
103037	2	94676
103038	2	94732
103039	2	94757
103040	2	94677
103041	2	119561
103042	2	95002
103043	2	94389
103044	2	119561
103045	2	95090
103046	2	95175
103047	2	95128
103048	2	94592
103049	2	119561
103050	2	94834
103051	2	94805
103052	2	119561
103053	2	94528
103054	2	119561
103055	2	94550
103056	2	94500
103057	2	95094
103058	2	119561
103059	2	94786
103060	2	94571
103061	2	119561
103062	2	94383
103063	2	95090
103064	2	94626
103065	2	119561
103066	2	94377
103067	2	94916
103068	2	119561
103069	2	94695
103070	2	119561
103071	2	94342
103072	2	119561
103073	2	119561
103074	2	94563
103075	2	94561
103076	2	95123
103077	2	119561
103078	2	119561
103079	2	119561
103080	2	94995
103081	2	119561
103082	2	94976
103083	2	94353
103084	2	119561
103085	2	119561
103086	2	95088
103087	2	95007
103088	2	95132
103089	2	95164
103090	2	94732
103091	2	119561
103092	2	119561
103093	2	94852
103094	2	94976
103095	2	94260
103096	2	119561
103097	2	95018
103098	2	94764
103099	2	119561
103100	2	94753
103101	2	119561
103102	2	95180
103103	2	119561
103104	2	94474
103105	2	119561
103106	2	119561
103107	2	94799
103108	2	94976
103109	2	95129
103110	2	94827
103111	2	95015
103112	2	94391
103113	2	119561
103114	2	94814
103115	2	119561
103116	2	94910
103117	2	94495
103118	2	95063
103119	2	95084
103120	2	94989
103121	2	119561
103122	2	94976
103123	2	119561
103124	2	94951
103125	2	94911
103126	2	119561
103127	2	94803
103128	2	94713
103129	2	119561
103130	2	119561
103131	2	95179
103132	2	95106
103133	2	95115
103134	2	94632
103135	2	95157
103136	2	94557
103137	2	119561
103138	2	119561
103139	2	119561
103140	2	95017
103141	2	94815
103142	2	119561
103143	2	95169
103144	2	95053
103145	2	94560
103146	2	119561
103147	2	94976
103148	2	119561
103149	2	94814
103150	2	95150
103151	2	119561
103152	2	119561
103153	2	119561
103154	2	94310
103155	2	94525
103156	2	119561
103157	2	94323
103158	2	94805
103159	2	94764
103160	2	95053
103161	2	94658
103162	2	119561
103163	2	94423
103164	2	95036
103165	2	119561
103166	2	94292
103167	2	94897
103168	2	119561
103169	2	95056
103170	2	95160
103171	2	95153
103172	2	119561
103173	2	119561
103174	2	94283
103175	2	119561
103176	2	94962
103177	2	119561
103178	2	94911
103179	2	94937
103180	2	94629
103181	2	119561
103182	2	95106
103183	2	119561
103184	2	95057
103185	2	94989
103186	2	94859
103187	2	94957
103188	2	119561
103189	2	119561
103190	2	119561
103191	2	94848
103192	2	94506
103193	2	94969
103194	2	94976
103195	2	94671
103196	2	94943
103197	2	119561
103198	2	95053
103199	2	95153
103200	2	119561
103201	2	94937
103202	2	119561
103203	2	119561
103204	2	95122
103205	2	119561
103206	2	94561
103207	2	119561
103208	2	94457
103209	2	95132
103210	2	95097
103211	2	94528
103212	2	94676
103213	2	95160
103214	2	94792
103215	2	95150
103216	2	95092
103217	2	94939
103218	2	94908
103219	2	119561
103220	2	94746
103221	2	95117
103222	2	94256
103223	2	119561
103224	2	119561
103225	2	94547
103226	2	94753
103227	2	119561
103228	2	95151
103229	2	95018
103230	2	94805
103231	2	95017
103232	2	95018
103233	2	119561
103234	2	94596
103235	2	95067
103236	2	94815
103237	2	119561
103238	2	95049
103239	2	94805
103240	2	119561
103241	2	94823
103242	2	95140
103243	2	119561
103244	2	94819
103245	2	119561
103246	2	95110
103247	2	119561
103248	2	94799
103249	2	94396
103250	2	119561
103251	2	94864
103252	2	95018
103253	2	119561
103254	2	95074
103255	2	94324
103256	2	94423
103257	2	94359
103258	2	94908
103259	2	119561
103260	2	119561
103261	2	119561
103262	2	95042
103263	2	95105
103264	2	94225
103265	2	94318
103266	2	95103
103267	2	94976
103268	2	94922
103269	2	95018
103270	2	95160
103271	2	95135
103272	2	94471
103273	2	95051
103274	2	119561
103275	2	95168
103276	2	95144
103277	2	119561
103278	2	94240
103279	2	95141
103280	2	119561
103281	2	94777
103282	2	94679
103283	2	95018
103284	2	119561
103285	2	119561
103286	2	94645
103287	2	94912
103288	2	94973
103289	2	94232
103290	2	94428
103291	2	95131
103292	2	94244
103293	2	94482
103294	2	94928
103295	2	94975
103296	2	94391
103297	2	119561
103298	2	95101
103299	2	95080
103300	2	94586
103301	2	119561
103302	2	94317
103303	2	95132
103304	2	94419
103305	2	119561
103306	2	94921
103307	2	94349
103308	2	119561
103309	2	95044
103310	2	119561
103311	2	94505
103312	2	94613
103313	2	94436
103314	2	94805
103315	2	119561
103316	2	119561
103317	2	95132
103318	2	94407
103319	2	119561
103320	2	94995
103321	2	95159
103322	2	95145
103323	2	119561
103324	2	119561
103325	2	119561
103326	2	119561
103327	2	119561
103328	2	94667
103329	2	95130
103330	2	119561
103331	2	119561
103332	2	119561
103333	2	119561
103334	2	94623
103335	2	94675
103336	2	94777
103337	2	94852
103338	2	94810
103339	2	119561
103340	2	119561
103341	2	119561
103342	2	119561
103343	2	119561
103344	2	119561
103345	2	95042
103346	2	94810
103347	2	95122
103348	2	94547
103349	2	119561
103350	2	119561
103351	2	119561
103352	2	95126
103353	2	94909
103354	2	119561
103355	2	119561
103356	2	94912
103357	2	94358
103358	2	119561
103359	2	119561
103360	2	94927
103361	2	94899
103362	2	95176
103363	2	119561
103364	2	94792
103365	2	94480
103366	2	95044
103367	2	95018
103368	2	94558
103369	2	95063
103370	2	95180
103371	2	94810
103372	2	94798
103373	2	119561
103374	2	94268
103375	2	95165
103376	2	94630
103377	2	94865
103378	2	119561
103379	2	94818
103380	2	95155
103381	2	95107
103382	2	94554
103383	2	94815
103384	2	94466
103385	2	94761
103386	2	119561
103387	2	119561
103388	2	95001
103389	2	94654
103390	2	95126
103391	2	119561
103392	2	119561
103393	2	95115
103394	2	94294
103395	2	94606
103396	2	94805
103397	2	95050
103398	2	94417
103399	2	94463
103400	2	94785
103401	2	94371
103402	2	94877
103403	2	94939
103404	2	119561
103405	2	119561
103406	2	95144
103407	2	119561
103408	2	94257
103409	2	94256
103410	2	119561
103411	2	119561
103412	2	95114
103413	2	119561
103414	2	94784
103415	2	94823
103416	2	94613
103417	2	94819
103418	2	95038
103419	2	119561
103420	2	94753
103421	2	94976
103422	2	94803
103423	2	94954
103424	2	119561
103425	2	94813
103426	2	119561
103427	2	94576
103428	2	119561
103429	2	94592
103430	2	94298
103431	2	94911
103432	2	95155
103433	2	94969
103434	2	119561
103435	2	95053
103436	2	94834
103437	2	94560
103438	2	94925
103439	2	119561
103440	2	94764
103441	2	94585
103442	2	95121
103443	2	95167
103444	2	94805
103445	2	94279
103446	2	95122
103447	2	95185
103448	2	119561
103449	2	95122
103450	2	119561
103451	2	119561
103452	2	94325
103453	2	94803
103454	2	119561
103455	2	94394
103456	2	94989
103457	2	94547
103458	2	119561
103459	2	95062
103460	2	119561
103461	2	94410
103462	2	95103
103463	2	95080
103464	2	119561
103465	2	119561
103466	2	119561
103467	2	94543
103468	2	95063
103469	2	94752
103470	2	94819
103471	2	95011
103472	2	94857
103473	2	119561
103474	2	119561
103475	2	94996
103476	2	119561
103477	2	119561
103478	2	119561
103479	2	94695
103480	2	94999
103481	2	94910
103482	2	94773
103483	2	94976
103484	2	94925
103485	2	95170
103486	2	94478
103487	2	94547
103488	2	94715
103489	2	95018
103490	2	119561
103491	2	95109
103492	2	94908
103493	2	119561
103494	2	94349
103495	2	95080
103496	2	119561
103497	2	119561
103498	2	95097
103499	2	95053
103500	2	119561
103501	2	119561
103502	2	94859
103503	2	119561
103504	2	119561
103505	2	119561
103506	2	95189
103507	2	94321
103508	2	94937
103509	2	95157
103510	2	119561
103511	2	119561
103512	2	94912
103513	2	94545
103514	2	94377
103515	2	94735
103516	2	95162
103517	2	94704
103518	2	94962
103519	2	95140
103520	2	95164
103521	2	94893
103522	2	94543
103523	2	94976
103524	2	94777
103525	2	94522
103526	2	95126
103527	2	94753
103528	2	94922
103529	2	119561
103530	2	94677
103531	2	94955
103532	2	119561
103533	2	94993
103534	2	119561
103535	2	119561
103536	2	94752
103537	2	94250
103538	2	94228
103539	2	94828
103540	2	94834
103541	2	94752
103542	2	94640
103543	2	94784
103544	2	94955
103545	2	94336
103546	2	94696
103547	2	95016
103548	2	119561
103549	2	119561
103550	2	94395
103551	2	119561
103552	2	119561
103553	2	95176
103554	2	94511
103555	2	94985
103556	2	95143
103557	2	119561
103558	2	95070
103559	2	94928
103560	2	95143
103561	2	95087
103562	2	95107
103563	2	94976
103564	2	94921
103565	2	94803
103566	2	94852
103567	2	94667
103568	2	94764
103569	2	94591
103570	2	119561
103571	2	94647
103572	2	95018
103573	2	95072
103574	2	95002
103575	2	94823
103576	2	95032
103577	2	94310
103578	2	95126
103579	2	119561
103580	2	94777
103581	2	95176
103582	2	94667
103583	2	119561
103584	2	119561
103585	2	94292
103586	2	95063
103587	2	94647
103588	2	119561
103589	2	94606
103590	2	94493
103591	2	119561
103592	2	119561
103593	2	94976
103594	2	94910
103595	2	119561
103596	2	94257
103597	2	119561
103598	2	94717
103599	2	119561
103600	2	95017
103601	2	94954
103602	2	95149
103603	2	119561
103604	2	94588
103605	2	94592
103606	2	94571
103607	2	119561
103608	2	94675
103609	2	119561
103610	2	119561
103611	2	119561
103612	2	119561
103613	2	119561
103614	2	94753
103615	2	94784
103616	2	119561
103617	2	94677
103618	2	119561
103619	2	119561
103620	2	119561
103621	2	94629
103622	2	95051
103623	2	119561
103624	2	95104
103625	2	95110
103626	2	94237
103627	2	95115
103628	2	95025
103629	2	119561
103630	2	119561
103631	2	119561
103632	2	95018
103633	2	119561
103634	2	94764
103635	2	94237
103636	2	94933
103637	2	95131
103638	2	94695
103639	2	95094
103640	2	95160
103641	2	95158
103642	2	95097
103643	2	95160
103644	2	95026
103645	2	95164
103646	2	119561
103647	2	119561
103648	2	94834
103649	2	94976
103650	2	94813
103651	2	119561
103652	2	94998
103653	2	94511
103654	2	94737
103655	2	95010
103656	2	95184
103657	2	94928
103658	2	94642
103659	2	95057
103660	2	94765
103661	2	94395
103662	2	94708
103663	2	94753
103664	2	95018
103665	2	95108
103666	2	95173
103667	2	95115
103668	2	119561
103669	2	95060
103670	2	94354
103671	2	119561
103672	2	119561
103673	2	94253
103674	2	95162
103675	2	119561
103676	2	95084
103677	2	119561
103678	2	95153
103679	2	119561
103680	2	94912
103681	2	94640
103682	2	95032
103683	2	94342
103684	2	95038
103685	2	94798
103686	2	94900
103687	2	94580
103688	2	94803
103689	2	94558
103690	2	119561
103691	2	119561
103692	2	94865
103693	2	94279
103694	2	94556
103695	2	119561
103696	2	95074
103697	2	119561
103698	2	94976
103699	2	119561
103700	2	94939
103701	2	94937
103702	2	95049
103703	2	94747
103704	2	94322
103705	2	119561
103706	2	94642
103707	2	119561
103708	2	95140
103709	2	119561
103710	2	94989
103711	2	94753
103712	2	119561
103713	2	119561
103714	2	119561
103715	2	94743
103716	2	95109
103717	2	94917
103718	2	94805
103719	2	119561
103720	2	119561
103721	2	95149
103722	2	94249
103723	2	119561
103724	2	95106
103725	2	119561
103726	2	95140
103727	2	119561
103728	2	119561
103729	2	94747
103730	2	94585
103731	2	119561
103732	2	119561
103733	2	119561
103734	2	119561
103735	2	94800
103736	2	94761
103737	2	119561
103738	2	94349
103739	2	94841
103740	2	119561
103741	2	94962
103742	2	94543
103743	2	94364
103744	2	119561
103745	2	95084
103746	2	94375
103747	2	119561
103748	2	94732
103749	2	119561
103750	2	94720
103751	2	94268
103752	2	95031
103753	2	94595
103754	2	94747
103755	2	94897
103756	2	95007
103757	2	119561
103758	2	95018
103759	2	94335
103760	2	95123
103761	2	94244
103762	2	119561
103763	2	95002
103764	2	95011
103765	2	94897
103766	2	95034
103767	2	119561
103768	2	94722
103769	2	94580
103770	2	119561
103771	2	95051
103772	2	94985
103773	2	94336
103774	2	94752
103775	2	94349
103776	2	119561
103777	2	119561
103778	2	94756
103779	2	94827
103780	2	119561
103781	2	94852
103782	2	95049
103783	2	95129
103784	2	94969
103785	2	119561
103786	2	95018
103787	2	95188
103788	2	94677
103789	2	95126
103790	2	119561
103791	2	94630
103792	2	95132
103793	2	95024
103794	2	94803
103795	2	95049
103796	2	119561
103797	2	95051
103798	2	119561
103799	2	94439
103800	2	94742
103801	2	119561
103802	2	95124
103803	2	94522
103804	2	94616
103805	2	94738
103806	2	95182
103807	2	95143
103808	2	95062
103809	2	119561
103810	2	94332
103811	2	94916
103812	2	119561
103813	2	95134
103814	2	119561
103815	2	94796
103816	2	95062
103817	2	94728
103818	2	119561
103819	2	94426
103820	2	119561
103821	2	94554
103822	2	94885
103823	2	94852
103824	2	94999
103825	2	95173
103826	2	119561
103827	2	94495
103828	2	119561
103829	2	94611
103830	2	94265
103831	2	94745
103832	2	119561
103833	2	95175
103834	2	119561
103835	2	94928
103836	2	94701
103837	2	94912
103838	2	95115
103839	2	119561
103840	2	119561
103841	2	94463
103842	2	119561
103843	2	95017
103844	2	95103
103845	2	119561
103846	2	119561
103847	2	119561
103848	2	94450
103849	2	94785
103850	2	94937
103851	2	94364
103852	2	94823
103853	2	119561
103854	2	94318
103855	2	119561
103856	2	119561
103857	2	95093
103858	2	119561
103859	2	94715
103860	2	94962
103861	2	94868
103862	2	94898
103863	2	94912
103864	2	94476
103865	2	94725
103866	2	94809
103867	2	94418
103868	2	119561
103869	2	94828
103870	2	94834
103871	2	95051
103872	2	94477
103873	2	119561
103874	2	94989
103875	2	119561
103876	2	94912
103877	2	95182
103878	2	94290
103879	2	94682
103880	2	95123
103881	2	94634
103882	2	94911
103883	2	119561
103884	2	95189
103885	2	119561
103886	2	94958
103887	2	94323
103888	2	95038
103889	2	119561
103890	2	119561
103891	2	119561
103892	2	119561
103893	2	94810
103894	2	94894
103895	2	95115
103896	2	119561
103897	2	94701
103898	2	94383
103899	2	119561
103900	2	119561
103901	2	95126
103902	2	95014
103903	2	119561
103904	2	94481
103905	2	95052
103906	2	119561
103907	2	94753
103908	2	119561
103909	2	94544
103910	2	94654
103911	2	94976
103912	2	95051
103913	2	119561
103914	2	95109
103915	2	95052
103916	2	95050
103917	2	94460
103918	2	119561
103919	2	94552
103920	2	94278
103921	2	95135
103922	2	95079
103923	2	119561
103924	2	119561
103925	2	94326
103926	2	95053
103927	2	119561
103928	2	119561
103929	2	94563
103930	2	119561
103931	2	94639
103932	2	94675
103933	2	94756
103934	2	94939
103935	2	95150
103936	2	94981
103937	2	94694
103938	2	94351
103939	2	94580
103940	2	94495
103941	2	95002
103942	2	119561
103943	2	119561
103944	2	119561
103945	2	119561
103946	2	94737
103947	2	119561
103948	2	94792
103949	2	119561
103950	2	95157
103951	2	94957
103952	2	94389
103953	2	95117
103954	2	119561
103955	2	95106
103956	2	95013
103957	2	94669
103958	2	119561
103959	2	94405
103960	2	94912
103961	2	95016
103962	2	94253
103963	2	94834
103964	2	94749
103965	2	95129
103966	2	119561
103967	2	119561
103968	2	119561
103969	2	119561
103970	2	95167
103971	2	119561
103972	2	119561
103973	2	94791
103974	2	95096
103975	2	119561
103976	2	95096
103977	2	94933
103978	2	119561
103979	2	95037
103980	2	94246
103981	2	94277
103982	2	119561
103983	2	94834
103984	2	95136
103985	2	94240
103986	2	119561
103987	2	95173
103988	2	119561
103989	2	119561
103990	2	95042
103991	2	119561
103992	2	94453
103993	2	119561
103994	2	95049
103995	2	94791
103996	2	95108
103997	2	94667
103998	2	94810
103999	2	94865
104000	2	119561
104001	2	119561
104002	2	94720
104003	2	94466
104004	2	119561
104005	2	119561
104006	2	119561
104007	2	95138
104008	2	95063
104009	2	94962
104010	2	119561
104011	2	119561
104012	2	94749
104013	2	119561
104014	2	94802
104015	2	94713
104016	2	95074
104017	2	94464
104018	2	94520
104019	2	95149
104020	2	95051
104021	2	94939
104022	2	119561
104023	2	119561
104024	2	95055
104025	2	94304
104026	2	119561
104027	2	95132
104028	2	119561
104029	2	94976
104030	2	119561
104031	2	94702
104032	2	95053
104033	2	119561
104034	2	119561
104035	2	94904
104036	2	95134
104037	2	95077
104038	2	119561
104039	2	94613
104040	2	94673
104041	2	94634
104042	2	95179
104043	2	94756
104044	2	94976
104045	2	94579
104046	2	119561
104047	2	94546
104048	2	119561
104049	2	119561
104050	2	119561
104051	2	94394
104052	2	94290
104053	2	94525
104054	2	119561
104055	2	119561
104056	2	94910
104057	2	94792
104058	2	119561
104059	2	95142
104060	2	119561
104061	2	94916
104062	2	95126
104063	2	94999
104064	2	94471
104065	2	94805
104066	2	94616
104067	2	94686
104068	2	119561
104069	2	94390
104070	2	95088
104071	2	94568
104072	2	94823
104073	2	95150
104074	2	95017
104075	2	95181
104076	2	119561
104077	2	95053
104078	2	94911
104079	2	95052
104080	2	119561
104081	2	94972
104082	2	119561
104083	2	119561
104084	2	94761
104085	2	95038
104086	2	95044
104087	2	95094
104088	2	94543
104089	2	119561
104090	2	94535
104091	2	94722
104092	2	119561
104093	2	119561
104094	2	95153
104095	2	94526
104096	2	95015
104097	2	119561
104098	2	94802
104099	2	94470
104100	2	95132
104101	2	119561
104102	2	119561
104103	2	94677
104104	2	94566
104105	2	94713
104106	2	119561
104107	2	94873
104108	2	94749
104109	2	119561
104110	2	94864
104111	2	95151
104112	2	94308
104113	2	119561
104114	2	95175
104115	2	94610
104116	2	95126
104117	2	119561
104118	2	95002
104119	2	94479
104120	2	119561
104121	2	119561
104122	2	95114
104123	2	119561
104124	2	95154
104125	2	94929
104126	2	94265
104127	2	119561
104128	2	95079
104129	2	94983
104130	2	94962
104131	2	95021
104132	2	94805
104133	2	94663
104134	2	119561
104135	2	94892
104136	2	119561
104137	2	119561
104138	2	119561
104139	2	94841
104140	2	95036
104141	2	94894
104142	2	119561
104143	2	95122
104144	2	94658
104145	2	94679
104146	2	95041
104147	2	119561
104148	2	94287
104149	2	94999
104150	2	94630
104151	2	94911
104152	2	95114
104153	2	94933
104154	2	94775
104155	2	119561
104156	2	95002
104157	2	95015
104158	2	95053
104159	2	119561
104160	2	95167
104161	2	94928
104162	2	119561
104163	2	95158
104164	2	94908
104165	2	119561
104166	2	95103
104167	2	94916
104168	2	119561
104169	2	95106
104170	2	119561
104171	2	119561
104172	2	119561
104173	2	119561
104174	2	95140
104175	2	119561
104176	2	94894
104177	2	94749
104178	2	95183
104179	2	94729
104180	2	119561
104181	2	94937
104182	2	119561
104183	2	119561
104184	2	94484
104185	2	94229
104186	2	94515
104187	2	94976
104188	2	95121
104189	2	94546
104190	2	95042
104191	2	119561
104192	2	94592
104193	2	95059
104194	2	95144
104195	2	119561
104196	2	95126
104197	2	94576
104198	2	94740
104199	2	119561
104200	2	94585
104201	2	119561
104202	2	94933
104203	2	95094
104204	2	94497
104205	2	95150
104206	2	119561
104207	2	94957
104208	2	94365
104209	2	95172
104210	2	94999
104211	2	94937
104212	2	94999
104213	2	94910
104214	2	119561
104215	2	119561
104216	2	94811
104217	2	119561
104218	2	95017
104219	2	94917
104220	2	94638
104221	2	95104
104222	2	119561
104223	2	119561
104224	2	119561
104225	2	95123
104226	2	94730
104227	2	94476
104228	2	95126
104229	2	95049
104230	2	94999
104231	2	94767
104232	2	94746
104233	2	119561
104234	2	94375
104235	2	95186
104236	2	94985
104237	2	95025
104238	2	119561
104239	2	95068
104240	2	94454
104241	2	119561
104242	2	95132
104243	2	95106
104244	2	95132
104245	2	119561
104246	2	95181
104247	2	94981
104248	2	95104
104249	2	94612
104250	2	119561
104251	2	95097
104252	2	94615
104253	2	94792
104254	2	94605
104255	2	95053
104256	2	95016
104257	2	94921
104258	2	119561
104259	2	94792
104260	2	119561
104261	2	95121
104262	2	94923
104263	2	119561
104264	2	94981
104265	2	95029
104266	2	119561
104267	2	95107
104268	2	119561
104269	2	94999
104270	2	95108
104271	2	94623
104272	2	119561
104273	2	95174
104274	2	119561
104275	2	119561
104276	2	94423
104277	2	95025
104278	2	95018
104279	2	94956
104280	2	119561
104281	2	119561
104282	2	94439
104283	2	94394
104284	2	95084
104285	2	94784
104286	2	119561
104287	2	94903
104288	2	94721
104289	2	95150
104290	2	94541
104291	2	119561
104292	2	95095
104293	2	119561
104294	2	95053
104295	2	119561
104296	2	94701
104297	2	95050
104298	2	119561
104299	2	119561
104300	2	119561
104301	2	94669
104302	2	95051
104303	2	94749
104304	2	119561
104305	2	94234
104306	2	95126
104307	2	119561
104308	2	95154
104309	2	119561
104310	2	94981
104311	2	94753
104312	2	94655
104313	2	94662
104314	2	94706
104315	2	94911
104316	2	95045
104317	2	95032
104318	2	95002
104319	2	119561
104320	2	94986
104321	2	94673
104322	2	94957
104323	2	119561
104324	2	95074
104325	2	119561
104326	2	95153
104327	2	94663
104328	2	95017
104329	2	95049
104330	2	119561
104331	2	119561
104332	2	94909
104333	2	95103
104334	2	94390
104335	2	94749
104336	2	94586
104337	2	94313
104338	2	95154
104339	2	119561
104340	2	95110
104341	2	119561
104342	2	94753
104343	2	94476
104344	2	119561
104345	2	94805
104346	2	119561
104347	2	95117
104348	2	95018
104349	2	119561
104350	2	94511
104351	2	94805
104352	2	94577
104353	2	94717
104354	2	95158
104355	2	119561
104356	2	119561
104357	2	119561
104358	2	119561
104359	2	94323
104360	2	119561
104361	2	95015
104362	2	94764
104363	2	95165
104364	2	119561
104365	2	94550
104366	2	119561
104367	2	94976
104368	2	119561
104369	2	119561
104370	2	119561
104371	2	119561
104372	2	95094
104373	2	94999
104374	2	95018
104375	2	94596
104376	2	94881
104377	2	94516
104378	2	95000
104379	2	119561
104380	2	119561
104381	2	95103
104382	2	119561
104383	2	94817
104384	2	95133
104385	2	119561
104386	2	95055
104387	2	94613
104388	2	94613
104389	2	119561
104390	2	119561
104391	2	119561
104392	2	94561
104393	2	94604
104394	2	94308
104395	2	94500
104396	2	119561
104397	2	94675
104398	2	95017
104399	2	94519
104400	2	95119
104401	2	119561
104402	2	94802
104403	2	95018
104404	2	119561
104405	2	95113
104406	2	94700
104407	2	94290
104408	2	94970
104409	2	94484
104410	2	94923
104411	2	94647
104412	2	95106
104413	2	95017
104414	2	94609
104415	2	95157
104416	2	94749
104417	2	94341
104418	2	95062
104419	2	119561
104420	2	95049
104421	2	95103
104422	2	94753
104423	2	94916
104424	2	119561
104425	2	94516
104426	2	119561
104427	2	95052
104428	2	119561
104429	2	119561
104430	2	94665
104431	2	95043
104432	2	94999
104433	2	95107
104434	2	94859
104435	2	94743
104436	2	95043
104437	2	95186
104438	2	94976
104439	2	95094
104440	2	95053
104441	2	119561
104442	2	95049
104443	2	95181
104444	2	119561
104445	2	119561
104446	2	119561
104447	2	119561
104448	2	95073
104449	2	94626
104450	2	94686
104451	2	94702
104452	2	94899
104453	2	95003
104454	2	94746
104455	2	94962
104456	2	95012
104457	2	94936
104458	2	119561
104459	2	94803
104460	2	94694
104461	2	94543
104462	2	95043
104463	2	94335
104464	2	94665
104465	2	95053
104466	2	119561
104467	2	95052
104468	2	94543
104469	2	119561
104470	2	119561
104471	2	95154
104472	2	95094
104473	2	119561
104474	2	94868
104475	2	94585
104476	2	119561
104477	2	94663
104478	2	119561
104479	2	94389
104480	2	94894
104481	2	95053
104482	2	94353
104483	2	119561
104484	2	119561
104485	2	119561
104486	2	94608
104487	2	95094
104488	2	119561
104489	2	94543
104490	2	94232
104491	2	119561
104492	2	119561
104493	2	94542
104494	2	95122
104495	2	95013
104496	2	94322
104497	2	119561
104498	2	119561
104499	2	95151
104500	2	94826
104501	2	94805
104502	2	119561
104503	2	94830
104504	2	95037
104505	2	94478
104506	2	94865
104507	2	94777
104508	2	94810
104509	2	95123
104510	2	119561
104511	2	119561
104512	2	119561
104513	2	119561
104514	2	94784
104515	2	119561
104516	2	95009
104517	2	94503
104518	2	94680
104519	2	95051
104520	2	94805
104521	2	94316
104522	2	119561
104523	2	95053
104524	2	94979
104525	2	94784
104526	2	95072
104527	2	94749
104528	2	94730
104529	2	95121
104530	2	94877
104531	2	94912
104532	2	95144
104533	2	95114
104534	2	94498
104535	2	94270
104536	2	94256
104537	2	94761
104538	2	95049
104539	2	94803
104540	2	119561
104541	2	95051
104542	2	119561
104543	2	119561
104544	2	94939
104545	2	119561
104546	2	95042
104547	2	119561
104548	2	94999
104549	2	94313
104550	2	119561
104551	2	94332
104552	2	94962
104553	2	94708
104554	2	95049
104555	2	95002
104556	2	94367
104557	2	94973
104558	2	95109
104559	2	94715
104560	2	94767
104561	2	95052
104562	2	119561
104563	2	95115
104564	2	119561
104565	2	119561
104566	2	119561
104567	2	94454
104568	2	95068
104569	2	94402
104570	2	94274
104571	2	94956
104572	2	119561
104573	2	119561
104574	2	95126
104575	2	94505
104576	2	119561
104577	2	94382
104578	2	119561
104579	2	119561
104580	2	119561
104581	2	95126
104582	2	94857
104583	2	94717
104584	2	94973
104585	2	94917
104586	2	95062
104587	2	94562
104588	2	95007
104589	2	94802
104590	2	94411
104591	2	95126
104592	2	94805
104593	2	119561
104594	2	119561
104595	2	94937
104596	2	94999
104597	2	94423
104598	2	94740
104599	2	94639
104600	2	95075
104601	2	95126
104602	2	94390
104603	2	95171
104604	2	94784
104605	2	95149
104606	2	95130
104607	2	119561
104608	2	94922
104609	2	95025
104610	2	119561
104611	2	94481
104612	2	94976
104613	2	119561
104614	2	94976
104615	2	94224
104616	2	119561
104617	2	119561
104618	2	119561
104619	2	119561
104620	2	94272
104621	2	119561
104622	2	94708
104623	2	94478
104624	2	119561
104625	2	94805
104626	2	119561
104627	2	119561
104628	2	94667
104629	2	119561
104630	2	95110
104631	2	94908
104632	2	94886
104633	2	95106
104634	2	119561
104635	2	95013
104636	2	95110
104637	2	119561
104638	2	94749
104639	2	94943
104640	2	94936
104641	2	119561
104642	2	94857
104643	2	95126
104644	2	94728
104645	2	119561
104646	2	95005
104647	2	94819
104648	2	119561
104649	2	95126
104650	2	95044
104651	2	119561
104652	2	95005
104653	2	119561
104654	2	119561
104655	2	94610
104656	2	95018
104657	2	94326
104658	2	95168
104659	2	94725
104660	2	119561
104661	2	94543
104662	2	94791
104663	2	119561
104664	2	119561
104665	2	95174
104666	2	94887
104667	2	119561
104668	2	119561
104669	2	119561
104670	2	95101
104671	2	95052
104672	2	119561
104673	2	94976
104674	2	94809
104675	2	95103
104676	2	95182
104677	2	95184
104678	2	94973
104679	2	94792
104680	2	94509
104681	2	94643
104682	2	94558
104683	2	94416
104684	2	95063
104685	2	119561
104686	2	95053
104687	2	94728
104688	2	119561
104689	2	94610
104690	2	119561
104691	2	95053
104692	2	94912
104693	2	95028
104694	2	119561
104695	2	94933
104696	2	95036
104697	2	119561
104698	2	94395
104699	2	95103
104700	2	119561
104701	2	95097
104702	2	119561
104703	2	119561
104704	2	94823
104705	2	95126
104706	2	94720
104707	2	94580
104708	2	95062
104709	2	119561
104710	2	94508
104711	2	119561
104712	2	95038
104713	2	119561
104714	2	94669
104715	2	94809
104716	2	95185
104717	2	94939
104718	2	94980
104719	2	94699
104720	2	119561
104721	2	95110
104722	2	94375
104723	2	119561
104724	2	94814
104725	2	94720
104726	2	119561
104727	2	119561
104728	2	119561
104729	2	95055
104730	2	95049
104731	2	95018
104732	2	95114
104733	2	94937
104734	2	94478
104735	2	119561
104736	2	94911
104737	2	95073
104738	2	95150
104739	2	94505
104740	2	94687
104741	2	95029
104742	2	95119
104743	2	94428
104744	2	95160
104745	2	119561
104746	2	119561
104747	2	119561
104748	2	94817
104749	2	119561
104750	2	94985
104751	2	119561
104752	2	94666
104753	2	94555
104754	2	94511
104755	2	94753
104756	2	119561
104757	2	119561
104758	2	95123
104759	2	119561
104760	2	95053
104761	2	94809
104762	2	95138
104763	2	95133
104764	2	94792
104765	2	95155
104766	2	94857
104767	2	119561
104768	2	119561
104769	2	94753
104770	2	119561
104771	2	94817
104772	2	95155
104773	2	94933
104774	2	119561
104775	2	95053
104776	2	94482
104777	2	119561
104778	2	119561
104779	2	94999
104780	2	95053
104781	2	119561
104782	2	94377
104783	2	94841
104784	2	94404
104785	2	94852
104786	2	95008
104787	2	95088
104788	2	95005
104789	2	94616
104790	2	94796
104791	2	95143
104792	2	119561
104793	2	119561
104794	2	94534
104795	2	119561
104796	2	94955
104797	2	94799
104798	2	119561
104799	2	94819
104800	2	94626
104801	2	95063
104802	2	95164
104803	2	119561
104804	2	94805
104805	2	119561
104806	2	95042
104807	2	95018
104808	2	95053
104809	2	119561
104810	2	94973
104811	2	94971
104812	2	119561
104813	2	94810
104814	2	94316
104815	2	95018
104816	2	95087
104817	2	94591
104818	2	119561
104819	2	95043
104820	2	119561
104821	2	94767
104822	2	94281
104823	2	119561
104824	2	94288
104825	2	94544
104826	2	119561
104827	2	119561
104828	2	94477
104829	2	119561
104830	2	119561
104831	2	94912
104832	2	94973
104833	2	119561
104834	2	94623
104835	2	95057
104836	2	94585
104837	2	94460
104838	2	119561
104839	2	95064
104840	2	119561
104841	2	95162
104842	2	95053
104843	2	95053
104844	2	95150
104845	2	94541
104846	2	95121
104847	2	94330
104848	2	119561
104849	2	94799
104850	2	95082
104851	2	94800
104852	2	119561
104853	2	94398
104854	2	94746
104855	2	94857
104856	2	95176
104857	2	94642
104858	2	95003
104859	2	94325
104860	2	119561
104861	2	119561
104862	2	94954
104863	2	95014
104864	2	94422
104865	2	119561
104866	2	119561
104867	2	94928
104868	2	119561
104869	2	95101
104870	2	95067
104871	2	94444
104872	2	94916
104873	2	95057
104874	2	119561
104875	2	119561
104876	2	95124
104877	2	119561
104878	2	119561
104879	2	119561
104880	2	119561
104881	2	119561
104882	2	94753
104883	2	95133
104884	2	94375
104885	2	119561
104886	2	95026
104887	2	95187
104888	2	119561
104889	2	95017
104890	2	94865
104891	2	94539
104892	2	94937
104893	2	94503
104894	2	95103
104895	2	94623
104896	2	95132
104897	2	94471
104898	2	119561
104899	2	94912
104900	2	94852
104901	2	119561
104902	2	94543
104903	2	94937
104904	2	94528
104905	2	94676
104906	2	94433
104907	2	95057
104908	2	94957
104909	2	94687
104910	2	94969
104911	2	119561
104912	2	94929
104913	2	119561
104914	2	94537
104915	2	94546
104916	2	94969
104917	2	95073
104918	2	119561
104919	2	95017
104920	2	95074
104921	2	94777
104922	2	119561
104923	2	119561
104924	2	94813
104925	2	119561
104926	2	119561
104927	2	95018
104928	2	119561
104929	2	95160
104930	2	95085
104931	2	119561
104932	2	94503
104933	2	95018
104934	2	94810
104935	2	94654
104936	2	95147
104937	2	94671
104938	2	119561
104939	2	119561
104940	2	94663
104941	2	95002
104942	2	119561
104943	2	94954
104944	2	94639
104945	2	94881
104946	2	94994
104947	2	119561
104948	2	119561
104949	2	119561
104950	2	94699
104951	2	94371
104952	2	94699
104953	2	94999
104954	2	119561
104955	2	94359
104956	2	119561
104957	2	119561
104958	2	119561
104959	2	119561
104960	2	119561
104961	2	119561
104962	2	94387
104963	2	119561
104964	2	94827
104965	2	119561
104966	2	94802
104967	2	95042
104968	2	119561
104969	2	119561
104970	2	119561
104971	2	95164
104972	2	119561
104973	2	95024
104974	2	95175
104975	2	95027
104976	2	95042
104977	2	94912
104978	2	95025
104979	2	94543
104980	2	119561
104981	2	95025
104982	2	119561
104983	2	94694
104984	2	95129
104985	2	119561
104986	2	94785
104987	2	119561
104988	2	95106
104989	2	94663
104990	2	95126
104991	2	119561
104992	2	95052
104993	2	94813
104994	2	94968
104995	2	95103
104996	2	119561
104997	2	94725
104998	2	95126
104999	2	119561
105000	2	94898
105001	2	94367
105002	2	95175
105003	2	95053
105004	2	119561
105005	2	94926
105006	2	119561
105007	2	94667
105008	2	94543
105009	2	94908
105010	2	94643
105011	2	94404
105012	2	119561
105013	2	94852
105014	2	94973
105015	2	95056
105016	2	95052
105017	2	94818
105018	2	94537
105019	2	94857
105020	2	95052
105021	2	119561
105022	2	119561
105023	2	94310
105024	2	94841
105025	2	119561
105026	2	94810
105027	2	94606
105028	2	119561
105029	2	119561
105030	2	95126
105031	2	119561
105032	2	94428
105033	2	119561
105034	2	94701
105035	2	119561
105036	2	119561
105037	2	119561
105038	2	94292
105039	2	119561
105040	2	94509
105041	2	119561
105042	2	94585
105043	2	94920
105044	2	119561
105045	2	119561
105046	2	94645
105047	2	95153
105048	2	119561
105049	2	94937
105050	2	119561
105051	2	94581
105052	2	95170
105053	2	119561
105054	2	94482
105055	2	94307
105056	2	95149
105057	2	95007
105058	2	119561
105059	2	95110
105060	2	95155
105061	2	94798
105062	2	94937
105063	2	94391
105064	2	94604
105065	2	94956
105066	2	119561
105067	2	94429
105068	2	94637
105069	2	94353
105070	2	95011
105071	2	95174
105072	2	94910
105073	2	95042
105074	2	95159
105075	2	94476
105076	2	95070
105077	2	95090
105078	2	95043
105079	2	95082
105080	2	94526
105081	2	94859
105082	2	95072
105083	2	94318
105084	2	94665
105085	2	94951
105086	2	95189
105087	2	94679
105088	2	119561
105089	2	95186
105090	2	119561
105091	2	94267
105092	2	119561
105093	2	94800
105094	2	94852
105095	2	94936
105096	2	95044
105097	2	94588
105098	2	94662
105099	2	119561
105100	2	94556
105101	2	94823
105102	2	94728
105103	2	94828
105104	2	94244
105105	2	95013
105106	2	94707
105107	2	95082
105108	2	119561
105109	2	94615
105110	2	95013
105111	2	95049
105112	2	119561
105113	2	119561
105114	2	94556
105115	2	94525
105116	2	119561
105117	2	94715
105118	2	95038
105119	2	94677
105120	2	94954
105121	2	119561
105122	2	94969
105123	2	95015
105124	2	119561
105125	2	95044
105126	2	119561
105127	2	119561
105128	2	94969
105129	2	94384
105130	2	94720
105131	2	94400
105132	2	94505
105133	2	94692
105134	2	95044
105135	2	94490
105136	2	94813
105137	2	119561
105138	2	94971
105139	2	94748
105140	2	94857
105141	2	119561
105142	2	119561
105143	2	95051
105144	2	95018
105145	2	95020
105146	2	119561
105147	2	94379
105148	2	95018
105149	2	94272
105150	2	94725
105151	2	95112
105152	2	95050
105153	2	95017
105154	2	119561
105155	2	94805
105156	2	119561
105157	2	95152
105158	2	119561
105159	2	95017
105160	2	95104
105161	2	119561
105162	2	119561
105163	2	95126
105164	2	119561
105165	2	94544
105166	2	94963
105167	2	94820
105168	2	94609
105169	2	119561
105170	2	94732
105171	2	119561
105172	2	95136
105173	2	119561
105174	2	95149
105175	2	119561
105176	2	94591
105177	2	94910
105178	2	94922
105179	2	94642
105180	2	119561
105181	2	94777
105182	2	94811
105183	2	95094
105184	2	95051
105185	2	119561
105186	2	94466
105187	2	95038
105188	2	94561
105189	2	94963
105190	2	119561
105191	2	94911
105192	2	119561
105193	2	94628
105194	2	94777
105195	2	94694
105196	2	119561
105197	2	94820
105198	2	119561
105199	2	94803
105200	2	95104
105201	2	94605
105202	2	94912
105203	2	94580
105204	2	94466
105205	2	119561
105206	2	95122
105207	2	95027
105208	2	95160
105209	2	119561
105210	2	119561
105211	2	94877
105212	2	94563
105213	2	94897
105214	2	94758
105215	2	94486
105216	2	119561
105217	2	119561
105218	2	94379
105219	2	119561
105220	2	94810
105221	2	94382
105222	2	119561
105223	2	95043
105224	2	119561
105225	2	94665
105226	2	95167
105227	2	94707
105228	2	94933
105229	2	94823
105230	2	119561
105231	2	94745
105232	2	95017
105233	2	94810
105234	2	94262
105235	2	94654
105236	2	94973
105237	2	94267
105238	2	94980
105239	2	95090
105240	2	119561
105241	2	94249
105242	2	94748
105243	2	94246
105244	2	94652
105245	2	94810
105246	2	119561
105247	2	119561
105248	2	119561
105249	2	95108
105250	2	94954
105251	2	95049
105252	2	94677
105253	2	94881
105254	2	119561
105255	2	94911
105256	2	119561
105257	2	94800
105258	2	119561
105259	2	94827
105260	2	119561
105261	2	119561
105262	2	95020
105263	2	94579
105264	2	95051
105265	2	94707
105266	2	95126
105267	2	119561
105268	2	119561
105269	2	94669
105270	2	94805
105271	2	94921
105272	2	94859
105273	2	94447
105274	2	119561
105275	2	95094
105276	2	94830
105277	2	94921
105278	2	95052
105279	2	119561
105280	2	94701
105281	2	94908
105282	2	94810
105283	2	95028
105284	2	95049
105285	2	94361
105286	2	94852
105287	2	119561
105288	2	119561
105289	2	119561
105290	2	94400
105291	2	94489
105292	2	94767
105293	2	94525
105294	2	94471
105295	2	119561
105296	2	119561
105297	2	119561
105298	2	95043
105299	2	94749
105300	2	94927
105301	2	94490
105302	2	119561
105303	2	119561
105304	2	94753
105305	2	95044
105306	2	119561
105307	2	94894
105308	2	119561
105309	2	119561
105310	2	94246
105311	2	119561
105312	2	94606
105313	2	94828
105314	2	119561
105315	2	94819
105316	2	119561
105317	2	119561
105318	2	94998
105319	2	94439
105320	2	119561
105321	2	94951
105322	2	95049
105323	2	95085
105324	2	94810
105325	2	94556
105326	2	119561
105327	2	95043
105328	2	119561
105329	2	94899
105330	2	94738
105331	2	94976
105332	2	94335
105333	2	94554
105334	2	95059
105335	2	94937
105336	2	95012
105337	2	95074
105338	2	94619
105339	2	94904
105340	2	119561
105341	2	94810
105342	2	94971
105343	2	119561
105344	2	95041
105345	2	94534
105346	2	94666
105347	2	94700
105348	2	95135
105349	2	94810
105350	2	94777
105351	2	119561
105352	2	94937
105353	2	94673
105354	2	94810
105355	2	95106
105356	2	94859
105357	2	94910
105358	2	119561
105359	2	94448
105360	2	95053
105361	2	119561
105362	2	119561
105363	2	94810
105364	2	95042
105365	2	94981
105366	2	94752
105367	2	94384
105368	2	119561
105369	2	94939
105370	2	94911
105371	2	95117
105372	2	94696
105373	2	94904
105374	2	94580
105375	2	119561
105376	2	94923
105377	2	94471
105378	2	119561
105379	2	119561
105380	2	119561
105381	2	94798
105382	2	94422
105383	2	95049
105384	2	119561
105385	2	119561
105386	2	95097
105387	2	119561
105388	2	95155
105389	2	119561
105390	2	119561
105391	2	94999
105392	2	94706
105393	2	94887
105394	2	95038
105395	2	94954
105396	2	94886
105397	2	119561
105398	2	95185
105399	2	119561
105400	2	119561
105401	2	119561
105402	2	94701
105403	2	94535
105404	2	119561
105405	2	95086
105406	2	95189
105407	2	95101
105408	2	119561
105409	2	119561
105410	2	94749
105411	2	94375
105412	2	95041
105413	2	95132
105414	2	95180
105415	2	95049
105416	2	119561
105417	2	94810
105418	2	119561
105419	2	119561
105420	2	95115
105421	2	94372
105422	2	119561
105423	2	94939
105424	2	95049
105425	2	94629
105426	2	119561
105427	2	95079
105428	2	94364
105429	2	94613
105430	2	94390
105431	2	95026
105432	2	95015
105433	2	94730
105434	2	94703
105435	2	94624
105436	2	119561
105437	2	119561
105438	2	94976
105439	2	94436
105440	2	119561
105441	2	95144
105442	2	119561
105443	2	94591
105444	2	94865
105445	2	94279
105446	2	119561
105447	2	94805
105448	2	119561
105449	2	95022
105450	2	94615
105451	2	119561
105452	2	94676
105453	2	95053
105454	2	94342
105455	2	95151
105456	2	95140
105457	2	94933
105458	2	94805
105459	2	119561
105460	2	94717
105461	2	94916
105462	2	95069
105463	2	119561
105464	2	94307
105465	2	94676
105466	2	94933
105467	2	119561
105468	2	94747
105469	2	94542
105470	2	95187
105471	2	95053
105472	2	94882
105473	2	94917
105474	2	95018
105475	2	119561
105476	2	119561
105477	2	95053
105478	2	94859
105479	2	94916
105480	2	94857
105481	2	95150
105482	2	94404
105483	2	119561
105484	2	119561
105485	2	95100
105486	2	94981
105487	2	119561
105488	2	94753
105489	2	94827
105490	2	95135
105491	2	95139
105492	2	94585
105493	2	119561
105494	2	95068
105495	2	119561
105496	2	95017
105497	2	94302
105498	2	94272
105499	2	119561
105500	2	119561
105501	2	94232
105502	2	94592
105503	2	119561
105504	2	119561
105505	2	94288
105506	2	94753
105507	2	94937
105508	2	94999
105509	2	94404
105510	2	119561
105511	2	94954
105512	2	95053
105513	2	95044
105514	2	119561
105515	2	95043
105516	2	95043
105517	2	94606
105518	2	119561
105519	2	119561
105520	2	119561
105521	2	94478
105522	2	94805
105523	2	94356
105524	2	119561
105525	2	94503
105526	2	119561
105527	2	94734
105528	2	119561
105529	2	94687
105530	2	94873
105531	2	94686
105532	2	119561
105533	2	94616
105534	2	94928
105535	2	94396
105536	2	119561
105537	2	95132
105538	2	94419
105539	2	94288
105540	2	94554
105541	2	119561
105542	2	119561
105543	2	94463
105544	2	94798
105545	2	94955
105546	2	94828
105547	2	119561
105548	2	94970
105549	2	94857
105550	2	94396
105551	2	94749
105552	2	119561
105553	2	94601
105554	2	95182
105555	2	94904
105556	2	119561
105557	2	119561
105558	2	95133
105559	2	94634
105560	2	119561
105561	2	94398
105562	2	95140
105563	2	95144
105564	2	119561
105565	2	95049
105566	2	119561
105567	2	95026
105568	2	94745
105569	2	94324
105570	2	95048
105571	2	94908
105572	2	95042
105573	2	94623
105574	2	95049
105575	2	95182
105576	2	94865
105577	2	94701
105578	2	119561
105579	2	94937
105580	2	95063
105581	2	94601
105582	2	119561
105583	2	94989
105584	2	94859
105585	2	95065
105586	2	94596
105587	2	95059
105588	2	94894
105589	2	119561
105590	2	94999
105591	2	94364
105592	2	119561
105593	2	95009
105594	2	94394
105595	2	119561
105596	2	94396
105597	2	119561
105598	2	94917
105599	2	94389
105600	2	94669
105601	2	94979
105602	2	119561
105603	2	94566
105604	2	94613
105605	2	95017
105606	2	94647
105607	2	119561
105608	2	119561
105609	2	119561
105610	2	94624
105611	2	94753
105612	2	95161
105613	2	94981
105614	2	94784
105615	2	95036
105616	2	119561
105617	2	95164
105618	2	95172
105619	2	94503
105620	2	119561
105621	2	94933
105622	2	94554
105623	2	94954
105624	2	94722
105625	2	119561
105626	2	94349
105627	2	119561
105628	2	94520
105629	2	95018
105630	2	95175
105631	2	94929
105632	2	95176
105633	2	94576
105634	2	94753
105635	2	94746
105636	2	119561
105637	2	95000
105638	2	119561
105639	2	95002
105640	2	119561
105641	2	94857
105642	2	119561
105643	2	94428
105644	2	119561
105645	2	95042
105646	2	94642
105647	2	95003
105648	2	94428
105649	2	94358
105650	2	95096
105651	2	119561
105652	2	94802
105653	2	94394
105654	2	94394
105655	2	95110
105656	2	119561
105657	2	94865
105658	2	94629
105659	2	95123
105660	2	95081
105661	2	95126
105662	2	94652
105663	2	95038
105664	2	94811
105665	2	94827
105666	2	119561
105667	2	95135
105668	2	94546
105669	2	119561
105670	2	119561
105671	2	95017
105672	2	94765
105673	2	119561
105674	2	119561
105675	2	119561
105676	2	95002
105677	2	94478
105678	2	94544
105679	2	119561
105680	2	95155
105681	2	94752
105682	2	119561
105683	2	94992
105684	2	119561
105685	2	119561
105686	2	119561
105687	2	119561
105688	2	94917
105689	2	94939
105690	2	94886
105691	2	94431
105692	2	95017
105693	2	119561
105694	2	94981
105695	2	94908
105696	2	119561
105697	2	94911
105698	2	119561
105699	2	94810
105700	2	119561
105701	2	119561
105702	2	94996
105703	2	94748
105704	2	119561
105705	2	94626
105706	2	94645
105707	2	94407
105708	2	119561
105709	2	94912
105710	2	94912
105711	2	95149
105712	2	94725
105713	2	94958
105714	2	94777
105715	2	119561
105716	2	94913
105717	2	94882
105718	2	94591
105719	2	94628
105720	2	119561
105721	2	94753
105722	2	94815
105723	2	95053
105724	2	119561
105725	2	119561
105726	2	94294
105727	2	95161
105728	2	94375
105729	2	94973
105730	2	119561
105731	2	95042
105732	2	94976
105733	2	94820
105734	2	95049
105735	2	95176
105736	2	119561
105737	2	94416
105738	2	94577
105739	2	94803
105740	2	95133
105741	2	94937
105742	2	94830
105743	2	94497
105744	2	94258
105745	2	95026
105746	2	94962
105747	2	94591
105748	2	95069
105749	2	94304
105750	2	94660
105751	2	95101
105752	2	94777
105753	2	119561
105754	2	94894
105755	2	94557
105756	2	119561
105757	2	94323
105758	2	119561
105759	2	119561
105760	2	119561
105761	2	95173
105762	2	95110
105763	2	119561
105764	2	94396
105765	2	94894
105766	2	119561
105767	2	94980
105768	2	119561
105769	2	94675
105770	2	94894
105771	2	119561
105772	2	94798
105773	2	119561
105774	2	119561
105775	2	119561
105776	2	95182
105777	2	94677
105778	2	95026
105779	2	94395
105780	2	119561
105781	2	95002
105782	2	119561
105783	2	119561
105784	2	95155
105785	2	119561
105786	2	95182
105787	2	119561
105788	2	119561
105789	2	119561
105790	2	119561
105791	2	94897
105792	2	119561
105793	2	119561
105794	2	94466
105795	2	94885
105796	2	94747
105797	2	95090
105798	2	119561
105799	2	94691
105800	2	94792
105801	2	95121
105802	2	119561
105803	2	119561
105804	2	94762
105805	2	94387
105806	2	95037
105807	2	119561
105808	2	119561
105809	2	94650
105810	2	94805
105811	2	94792
105812	2	94916
105813	2	95126
105814	2	94956
105815	2	94725
105816	2	94939
105817	2	95018
105818	2	94278
105819	2	94809
105820	2	94669
105821	2	95049
105822	2	119561
105823	2	94460
105824	2	94805
105825	2	94506
105826	2	119561
105827	2	119561
105828	2	94973
105829	2	94784
105830	2	95108
105831	2	94749
105832	2	94715
105833	2	95089
105834	2	95037
105835	2	94820
105836	2	94551
105837	2	95187
105838	2	94546
105839	2	94992
105840	2	95060
105841	2	119561
105842	2	94989
105843	2	94948
105844	2	94663
105845	2	119561
105846	2	95017
105847	2	119561
105848	2	94580
105849	2	95026
105850	2	94379
105851	2	95059
105852	2	119561
105853	2	95018
105854	2	95171
105855	2	95059
105856	2	119561
105857	2	95026
105858	2	119561
105859	2	94580
105860	2	94899
105861	2	95187
105862	2	94904
105863	2	94615
105864	2	119561
105865	2	119561
105866	2	94898
105867	2	94561
105868	2	94650
105869	2	94852
105870	2	119561
105871	2	95147
105872	2	94561
105873	2	95084
105874	2	95120
105875	2	94557
105876	2	95169
105877	2	94478
105878	2	94989
105879	2	119561
105880	2	119561
105881	2	94912
105882	2	95110
105883	2	95133
105884	2	119561
105885	2	95012
105886	2	94758
105887	2	94708
105888	2	94470
105889	2	94679
105890	2	94585
105891	2	95042
105892	2	94482
105893	2	94562
105894	2	94433
105895	2	94727
105896	2	119561
105897	2	119561
105898	2	119561
105899	2	119561
105900	2	119561
105901	2	94893
105902	2	119561
105903	2	95014
105904	2	119561
105905	2	94645
105906	2	94962
105907	2	94561
105908	2	119561
105909	2	94472
105910	2	95175
105911	2	95053
105912	2	94624
105913	2	95043
105914	2	95155
105915	2	119561
105916	2	119561
105917	2	94250
105918	2	119561
105919	2	94569
105920	2	94925
105921	2	94980
105922	2	119561
105923	2	94543
105924	2	94786
105925	2	94484
105926	2	94937
105927	2	94591
105928	2	95026
105929	2	94551
105930	2	94375
105931	2	119561
105932	2	119561
105933	2	94643
105934	2	119561
105935	2	94998
105936	2	94910
105937	2	94265
105938	2	119561
105939	2	95137
105940	2	94784
105941	2	94701
105942	2	94857
105943	2	94683
105944	2	94476
105945	2	94735
105946	2	119561
105947	2	119561
105948	2	94730
105949	2	94995
105950	2	94811
105951	2	95038
105952	2	119561
105953	2	119561
105954	2	119561
105955	2	94537
105956	2	119561
105957	2	94486
105958	2	94555
105959	2	119561
105960	2	95154
105961	2	95157
105962	2	94819
105963	2	119561
105964	2	94973
105965	2	95074
105966	2	95048
105967	2	94830
105968	2	119561
105969	2	94258
105970	2	95160
105971	2	119561
105972	2	119561
105973	2	119561
105974	2	94730
105975	2	94985
105976	2	119561
105977	2	119561
105978	2	94616
105979	2	94321
105980	2	95055
105981	2	94428
105982	2	94265
105983	2	95068
105984	2	94928
105985	2	94591
105986	2	95038
105987	2	95018
105988	2	119561
105989	2	95088
105990	2	94908
105991	2	95042
105992	2	95094
105993	2	94389
105994	2	94715
105995	2	94910
105996	2	119561
105997	2	95176
105998	2	95142
105999	2	94983
106000	2	94310
106001	2	94957
106002	2	94433
106003	2	94922
106004	2	94310
106005	2	95155
106006	2	119561
106007	2	94815
106008	2	119561
106009	2	94928
106010	2	94267
106011	2	94756
106012	2	119561
106013	2	94752
106014	2	94253
106015	2	94742
106016	2	94556
106017	2	94283
106018	2	94244
106019	2	119561
106020	2	94930
106021	2	119561
106022	2	95106
106023	2	119561
106024	2	119561
106025	2	95176
106026	2	94732
106027	2	94805
106028	2	119561
106029	2	94954
106030	2	119561
106031	2	94868
106032	2	95073
106033	2	119561
106034	2	119561
106035	2	94962
106036	2	94428
106037	2	119561
106038	2	95182
106039	2	94265
106040	2	94611
106041	2	94313
106042	2	119561
106043	2	94667
106044	2	94233
106045	2	94777
106046	2	94342
106047	2	94407
106048	2	94476
106049	2	94308
106050	2	95175
106051	2	94916
106052	2	94957
106053	2	95053
106054	2	94580
106055	2	94704
106056	2	119561
106057	2	94893
106058	2	94546
106059	2	94662
106060	2	119561
106061	2	94981
106062	2	119561
106063	2	119561
106064	2	95055
106065	2	95096
106066	2	95138
106067	2	94976
106068	2	94543
106069	2	119561
106070	2	95085
106071	2	95049
106072	2	119561
106073	2	95107
106074	2	119561
106075	2	119561
106076	2	95090
106077	2	94642
106078	2	94920
106079	2	95174
106080	2	119561
106081	2	94725
106082	2	119561
106083	2	119561
106084	2	94973
106085	2	94619
106086	2	94971
106087	2	94939
106088	2	95018
106089	2	94288
106090	2	119561
106091	2	94733
106092	2	94619
106093	2	94604
106094	2	119561
106095	2	94500
106096	2	95011
106097	2	95068
106098	2	94368
106099	2	119561
106100	2	119561
106101	2	94645
106102	2	94601
106103	2	94330
106104	2	119561
106105	2	95103
106106	2	95049
106107	2	94503
106108	2	95018
106109	2	119561
106110	2	95112
106111	2	95114
106112	2	95106
106113	2	94257
106114	2	119561
106115	2	119561
106116	2	94877
106117	2	94834
106118	2	119561
106119	2	119561
106120	2	94894
106121	2	119561
106122	2	95141
106123	2	94939
106124	2	119561
106125	2	119561
106126	2	94375
106127	2	94922
106128	2	119561
106129	2	119561
106130	2	94566
106131	2	94486
106132	2	119561
106133	2	94580
106134	2	94817
106135	2	119561
106136	2	94655
106137	2	95069
106138	2	119561
106139	2	95007
106140	2	95051
106141	2	95131
106142	2	94284
106143	2	119561
106144	2	94700
106145	2	94563
106146	2	95117
106147	2	94628
106148	2	94461
106149	2	95097
106150	2	94746
106151	2	95096
106152	2	95052
106153	2	94773
106154	2	94642
106155	2	119561
106156	2	95037
106157	2	95109
106158	2	119561
106159	2	94592
106160	2	95018
106161	2	119561
106162	2	94258
106163	2	94708
106164	2	94503
106165	2	119561
106166	2	95018
106167	2	95126
106168	2	119561
106169	2	119561
106170	2	119561
106171	2	95038
106172	2	119561
106173	2	94562
106174	2	94828
106175	2	119561
106176	2	119561
106177	2	94758
106178	2	119561
106179	2	119561
106180	2	94609
106181	2	94848
106182	2	119561
106183	2	94669
106184	2	119561
106185	2	94707
106186	2	119561
106187	2	94554
106188	2	95053
106189	2	94471
106190	2	119561
106191	2	95063
106192	2	94745
106193	2	119561
106194	2	94810
106195	2	119561
106196	2	95018
106197	2	119561
106198	2	95107
106199	2	95032
106200	2	94279
106201	2	119561
106202	2	119561
106203	2	94395
106204	2	95063
106205	2	119561
106206	2	94368
106207	2	95027
106208	2	95008
106209	2	94568
106210	2	119561
106211	2	94348
106212	2	94805
106213	2	94805
106214	2	94916
106215	2	95160
106216	2	95089
106217	2	94999
106218	2	119561
106219	2	95106
106220	2	119561
106221	2	94669
106222	2	95075
106223	2	119561
106224	2	94810
106225	2	119561
106226	2	95055
106227	2	94302
106228	2	94746
106229	2	94999
106230	2	94706
106231	2	95138
106232	2	94580
106233	2	94817
106234	2	94700
106235	2	95003
106236	2	94288
106237	2	94730
106238	2	95084
106239	2	94999
106240	2	95173
106241	2	94253
106242	2	119561
106243	2	94748
106244	2	95025
106245	2	119561
106246	2	94892
106247	2	119561
106248	2	119561
106249	2	119561
106250	2	94506
106251	2	94988
106252	2	95151
106253	2	94478
106254	2	94810
106255	2	119561
106256	2	95051
106257	2	119561
106258	2	119561
106259	2	94498
106260	2	119561
106261	2	119561
106262	2	95017
106263	2	119561
106264	2	94976
106265	2	95149
106266	2	119561
106267	2	119561
106268	2	94775
106269	2	94897
106270	2	119561
106271	2	119561
106272	2	94585
106273	2	94570
106274	2	119561
106275	2	94989
106276	2	119561
106277	2	95115
106278	2	95109
106279	2	95105
106280	2	95148
106281	2	94817
106282	2	119561
106283	2	94383
106284	2	95017
106285	2	94317
106286	2	119561
106287	2	94545
106288	2	119561
106289	2	94773
106290	2	94976
106291	2	119561
106292	2	119561
106293	2	94606
106294	2	94737
106295	2	119561
106296	2	95094
106297	2	95053
106298	2	119561
106299	2	95126
106300	2	94908
106301	2	95018
106302	2	119561
106303	2	94745
106304	2	119561
106305	2	119561
106306	2	95149
106307	2	119561
106308	2	95184
106309	2	94729
106310	2	95119
106311	2	94243
106312	2	119561
106313	2	95018
106314	2	119561
106315	2	94909
106316	2	119561
106317	2	94777
106318	2	95038
106319	2	95100
106320	2	95038
106321	2	94630
106322	2	119561
106323	2	119561
106324	2	94698
106325	2	94704
106326	2	119561
106327	2	119561
106328	2	94278
106329	2	119561
106330	2	94792
106331	2	119561
106332	2	95150
106333	2	119561
106334	2	94356
106335	2	95049
106336	2	94911
106337	2	94784
106338	2	95129
106339	2	94834
106340	2	94937
106341	2	119561
106342	2	94820
106343	2	95104
106344	2	119561
106345	2	119561
106346	2	94471
106347	2	94900
106348	2	94902
106349	2	95167
106350	2	95074
106351	2	119561
106352	2	119561
106353	2	94391
106354	2	95072
106355	2	119561
106356	2	94805
106357	2	94310
106358	2	95183
106359	2	119561
106360	2	94973
106361	2	95137
106362	2	94897
106363	2	95068
106364	2	119561
106365	2	94566
106366	2	94358
106367	2	95009
106368	2	95069
106369	2	95155
106370	2	94928
106371	2	94536
106372	2	94777
106373	2	119561
106374	2	95149
106375	2	119561
106376	2	94911
106377	2	94528
106378	2	119561
106379	2	95141
106380	2	119561
106381	2	95173
106382	2	95007
106383	2	119561
106384	2	119561
106385	2	94969
106386	2	94528
106387	2	94753
106388	2	94852
106389	2	94537
106390	2	119561
106391	2	94803
106392	2	119561
106393	2	95129
106394	2	94973
106395	2	119561
106396	2	95129
106397	2	119561
106398	2	119561
106399	2	119561
106400	2	95018
106401	2	94721
106402	2	95106
106403	2	119561
106404	2	94969
106405	2	95175
106406	2	94976
106407	2	94371
106408	2	95053
106409	2	94278
106410	2	94542
106411	2	95044
106412	2	94939
106413	2	95010
106414	2	95059
106415	2	95182
106416	2	95053
106417	2	94558
106418	2	94912
106419	2	94971
106420	2	94920
106421	2	94841
106422	2	94800
106423	2	119561
106424	2	94881
106425	2	94534
106426	2	94810
106427	2	94520
106428	2	119561
106429	2	95134
106430	2	95036
106431	2	94722
106432	2	95139
106433	2	95029
106434	2	94288
106435	2	94682
106436	2	94336
106437	2	119561
106438	2	94989
106439	2	119561
106440	2	94805
106441	2	119561
106442	2	119561
106443	2	95106
106444	2	94585
106445	2	94976
106446	2	119561
106447	2	119561
106448	2	95015
106449	2	94591
106450	2	94508
106451	2	119561
106452	2	119561
106453	2	119561
106454	2	94389
106455	2	119561
106456	2	94601
106457	2	94585
106458	2	95051
106459	2	119561
106460	2	95031
106461	2	94834
106462	2	94546
106463	2	94810
106464	2	119561
106465	2	94676
106466	2	94620
106467	2	94903
106468	2	95053
106469	2	94976
106470	2	94976
106471	2	95063
106472	2	119561
106473	2	95149
106474	2	95071
106475	2	119561
106476	2	94868
106477	2	119561
106478	2	95053
106479	2	95004
106480	2	95048
106481	2	119561
106482	2	95053
106483	2	119561
106484	2	94900
106485	2	119561
106486	2	94868
106487	2	94326
106488	2	95109
106489	2	119561
106490	2	94810
106491	2	119561
106492	2	119561
106493	2	94857
106494	2	94375
106495	2	119561
106496	2	94989
106497	2	95042
106498	2	94635
106499	2	94258
106500	2	119561
106501	2	119561
106502	2	95138
106503	2	94733
106504	2	95063
106505	2	95043
106506	2	119561
106507	2	119561
106508	2	119561
106509	2	94389
106510	2	119561
106511	2	95069
106512	2	94818
106513	2	94985
106514	2	94663
106515	2	119561
106516	2	95126
106517	2	119561
106518	2	94642
106519	2	119561
106520	2	95005
106521	2	94383
106522	2	119561
106523	2	94852
106524	2	94749
106525	2	95051
106526	2	94912
106527	2	95021
106528	2	119561
106529	2	94923
106530	2	95129
106531	2	119561
106532	2	119561
106533	2	119561
106534	2	119561
106535	2	119561
106536	2	94815
106537	2	119561
106538	2	94989
106539	2	94561
106540	2	95018
106541	2	94551
106542	2	119561
106543	2	94976
106544	2	95000
106545	2	94859
106546	2	94613
106547	2	95069
106548	2	95052
106549	2	94927
106550	2	94765
106551	2	119561
106552	2	119561
106553	2	95024
106554	2	95097
106555	2	119561
106556	2	94937
106557	2	95135
106558	2	94749
106559	2	94786
106560	2	94696
106561	2	119561
106562	2	95175
106563	2	119561
106564	2	119561
106565	2	95160
106566	2	94560
106567	2	119561
106568	2	119561
106569	2	94979
106570	2	95048
106571	2	119561
106572	2	119561
106573	2	94745
106574	2	119561
106575	2	94792
106576	2	94655
106577	2	94232
106578	2	94702
106579	2	119561
106580	2	95018
106581	2	95175
106582	2	95049
106583	2	119561
106584	2	94912
106585	2	119561
106586	2	119561
106587	2	94723
106588	2	119561
106589	2	95038
106590	2	119561
106591	2	94989
106592	2	119561
106593	2	95110
106594	2	94481
106595	2	94885
106596	2	94810
106597	2	95049
106598	2	95079
106599	2	119561
106600	2	94728
106601	2	94928
106602	2	119561
106603	2	95004
106604	2	119561
106605	2	95106
106606	2	94486
106607	2	95049
106608	2	95140
106609	2	95126
106610	2	95151
106611	2	94857
106612	2	94810
106613	2	119561
106614	2	119561
106615	2	94810
106616	2	119561
106617	2	94601
106618	2	94998
106619	2	94877
106620	2	94375
106621	2	119561
106622	2	119561
106623	2	119561
106624	2	119561
106625	2	119561
106626	2	94810
106627	2	94805
106628	2	95132
106629	2	94998
106630	2	119561
106631	2	95107
106632	2	95018
106633	2	119561
106634	2	95184
106635	2	94798
106636	2	119561
106637	2	94810
106638	2	94986
106639	2	95063
106640	2	119561
106641	2	94983
106642	2	94324
106643	2	94817
106644	2	95167
106645	2	94546
106646	2	119561
106647	2	95176
106648	2	119561
106649	2	119561
106650	2	95094
106651	2	95049
106652	2	119561
106653	2	119561
106654	2	94810
106655	2	94450
106656	2	95095
106657	2	94937
106658	2	119561
106659	2	119561
106660	2	119561
106661	2	94800
106662	2	119561
106663	2	94568
106664	2	95172
106665	2	119561
106666	2	119561
106667	2	95096
106668	2	94810
106669	2	94757
106670	2	94626
106671	2	95131
106672	2	94894
106673	2	94898
106674	2	94753
106675	2	119561
106676	2	94703
106677	2	95150
106678	2	95132
106679	2	119561
106680	2	95017
106681	2	119561
106682	2	94989
106683	2	94281
106684	2	95028
106685	2	119561
106686	2	119561
106687	2	94810
106688	2	119561
106689	2	119561
106690	2	95052
106691	2	119561
106692	2	119561
106693	2	94610
106694	2	95038
106695	2	95081
106696	2	94679
106697	2	94798
106698	2	95056
106699	2	94428
106700	2	119561
106701	2	94912
106702	2	94800
106703	2	94921
106704	2	119561
106705	2	94743
106706	2	94505
106707	2	119561
106708	2	94857
106709	2	95053
106710	2	95026
106711	2	94857
106712	2	94976
106713	2	94904
106714	2	94433
106715	2	119561
106716	2	94810
106717	2	119561
106718	2	94976
106719	2	94707
106720	2	95036
106721	2	119561
106722	2	119561
106723	2	119561
106724	2	94500
106725	2	119561
106726	2	119561
106727	2	94764
106728	2	119561
106729	2	94805
106730	2	119561
106731	2	95121
106732	2	95049
106733	2	94828
106734	2	94823
106735	2	94877
106736	2	119561
106737	2	94707
106738	2	94356
106739	2	94810
106740	2	95129
106741	2	94810
106742	2	95088
106743	2	94474
106744	2	94975
106745	2	95085
106746	2	95022
106747	2	94864
106748	2	95009
106749	2	94642
106750	2	95003
106751	2	119561
106752	2	95018
106753	2	94752
106754	2	95177
106755	2	94526
106756	2	95092
106757	2	95134
106758	2	95051
106759	2	94834
106760	2	119561
106761	2	119561
106762	2	95050
106763	2	94624
106764	2	94478
106765	2	94482
106766	2	94667
106767	2	95028
106768	2	94753
106769	2	95110
106770	2	95074
106771	2	119561
106772	2	94962
106773	2	94585
106774	2	94810
106775	2	95031
106776	2	94993
106777	2	95048
106778	2	95153
106779	2	119561
106780	2	119561
106781	2	94460
106782	2	94645
106783	2	95110
106784	2	119561
106785	2	119561
106786	2	119561
106787	2	94568
106788	2	94677
106789	2	94827
106790	2	95110
106791	2	119561
106792	2	94885
106793	2	119561
106794	2	94371
106795	2	95026
106796	2	95129
106797	2	95182
106798	2	119561
106799	2	94591
106800	2	94999
106801	2	119561
106802	2	95131
106803	2	94429
106804	2	94221
106805	2	119561
106806	2	95132
106807	2	94395
106808	2	94852
106809	2	119561
106810	2	119561
106811	2	95117
106812	2	95015
106813	2	94933
106814	2	94673
106815	2	95062
106816	2	95012
106817	2	95106
106818	2	94612
106819	2	95053
106820	2	94802
106821	2	119561
106822	2	94486
106823	2	119561
106824	2	119561
106825	2	94340
106826	2	94371
106827	2	119561
106828	2	119561
106829	2	119561
106830	2	119561
106831	2	119561
106832	2	94476
106833	2	95038
106834	2	95005
106835	2	94814
106836	2	119561
106837	2	95044
106838	2	95177
106839	2	94792
106840	2	94753
106841	2	119561
106842	2	119561
106843	2	94922
106844	2	119561
106845	2	119561
106846	2	94910
106847	2	94989
106848	2	119561
106849	2	94562
106850	2	94591
106851	2	94580
106852	2	94908
106853	2	94526
106854	2	119561
106855	2	119561
106856	2	95049
106857	2	94908
106858	2	95166
106859	2	119561
106860	2	94894
106861	2	95138
106862	2	95001
106863	2	94642
106864	2	94819
106865	2	119561
106866	2	95017
106867	2	94699
106868	2	119561
106869	2	119561
106870	2	94707
106871	2	119561
106872	2	94563
106873	2	94976
106874	2	94777
106875	2	94943
106876	2	94877
106877	2	95094
106878	2	95057
106879	2	95025
106880	2	94278
106881	2	94747
106882	2	95017
106883	2	94733
106884	2	95121
106885	2	119561
106886	2	95042
106887	2	95097
106888	2	119561
106889	2	94444
106890	2	119561
106891	2	94643
106892	2	95080
106893	2	119561
106894	2	94809
106895	2	94922
106896	2	95140
106897	2	119561
106898	2	94799
106899	2	119561
106900	2	94908
106901	2	94925
106902	2	95038
106903	2	119561
106904	2	94541
106905	2	94301
106906	2	119561
106907	2	119561
106908	2	119561
106909	2	94980
106910	2	119561
106911	2	94995
106912	2	94246
106913	2	119561
106914	2	94389
106915	2	94356
106916	2	119561
106917	2	119561
106918	2	95094
106919	2	94622
106920	2	94748
106921	2	94394
106922	2	95074
106923	2	119561
106924	2	94733
106925	2	95053
106926	2	119561
106927	2	119561
106928	2	94463
106929	2	95103
106930	2	95050
106931	2	95184
106932	2	95018
106933	2	95050
106934	2	94810
106935	2	119561
106936	2	95103
106937	2	94857
106938	2	94313
106939	2	95048
106940	2	119561
106941	2	119561
106942	2	94701
106943	2	94820
106944	2	94563
106945	2	94717
106946	2	95052
106947	2	94810
106948	2	95170
106949	2	94416
106950	2	95114
106951	2	95185
106952	2	94937
106953	2	94773
106954	2	94515
106955	2	119561
106956	2	95053
106957	2	119561
106958	2	94810
106959	2	94943
106960	2	95094
106961	2	119561
106962	2	119561
106963	2	95137
106964	2	94868
106965	2	94823
106966	2	95084
106967	2	95157
106968	2	119561
106969	2	119561
106970	2	119561
106971	2	94478
106972	2	95126
106973	2	94719
106974	2	119561
106975	2	94500
106976	2	94531
106977	2	95055
106978	2	119561
106979	2	95052
106980	2	94568
106981	2	95002
106982	2	95043
106983	2	94326
106984	2	119561
106985	2	119561
106986	2	119561
106987	2	94505
106988	2	94691
106989	2	95053
106990	2	119561
106991	2	119561
106992	2	95031
106993	2	119561
106994	2	95002
106995	2	95081
106996	2	95085
106997	2	119561
106998	2	94753
106999	2	94852
107000	2	95139
107001	2	94470
107002	2	94613
107003	2	94773
107004	2	119561
107005	2	95053
107006	2	119561
107007	2	94407
107008	2	94372
107009	2	119561
107010	2	94908
107011	2	95106
107012	2	95172
107013	2	119561
107014	2	94998
107015	2	119561
107016	2	94610
107017	2	94773
107018	2	94713
107019	2	94951
107020	2	94396
107021	2	95059
107022	2	94852
107023	2	94996
107024	2	94925
107025	2	94677
107026	2	94810
107027	2	119561
107028	2	94713
107029	2	119561
107030	2	94810
107031	2	94810
107032	2	94976
107033	2	119561
107034	2	119561
107035	2	95063
107036	2	94543
107037	2	119561
107038	2	119561
107039	2	119561
107040	2	119561
107041	2	119561
107042	2	119561
107043	2	94660
107044	2	119561
107045	2	95043
107046	2	95182
107047	2	94428
107048	2	94658
107049	2	119561
107050	2	94384
107051	2	94375
107052	2	94810
107053	2	119561
107054	2	119561
107055	2	94933
107056	2	119561
107057	2	119561
107058	2	95177
107059	2	95002
107060	2	119561
107061	2	94973
107062	2	94753
107063	2	95026
107064	2	94973
107065	2	95109
107066	2	94913
107067	2	119561
107068	2	119561
107069	2	95067
107070	2	94814
107071	2	95151
107072	2	94601
107073	2	94268
107074	2	119561
107075	2	95123
107076	2	94810
107077	2	94543
107078	2	94810
107079	2	95018
107080	2	119561
107081	2	94753
107082	2	119561
107083	2	94228
107084	2	119561
107085	2	94937
107086	2	95154
107087	2	95051
107088	2	95013
107089	2	94471
107090	2	119561
107091	2	94601
107092	2	94628
107093	2	119561
107094	2	94341
107095	2	94390
107096	2	119561
107097	2	95171
107098	2	95151
107099	2	94859
107100	2	95165
107101	2	95065
107102	2	94717
107103	2	95018
107104	2	119561
107105	2	95122
107106	2	119561
107107	2	94579
107108	2	119561
107109	2	94580
107110	2	94478
107111	2	95044
107112	2	94987
107113	2	95096
107114	2	94525
107115	2	119561
107116	2	95126
107117	2	119561
107118	2	95175
107119	2	94694
107120	2	119561
107121	2	119561
107122	2	95172
107123	2	95123
107124	2	94277
107125	2	95010
107126	2	94999
107127	2	119561
107128	2	94910
107129	2	119561
107130	2	95176
107131	2	119561
107132	2	94802
107133	2	119561
107134	2	119561
107135	2	119561
107136	2	94762
107137	2	94720
107138	2	119561
107139	2	94910
107140	2	94606
107141	2	94810
107142	2	95014
107143	2	119561
107144	2	94813
107145	2	119561
107146	2	94973
107147	2	119561
107148	2	95017
107149	2	95046
107150	2	94841
107151	2	95026
107152	2	119561
107153	2	94654
107154	2	94956
107155	2	119561
107156	2	94637
107157	2	94810
107158	2	119561
107159	2	94756
107160	2	95032
107161	2	95063
107162	2	119561
107163	2	95052
107164	2	94727
107165	2	119561
107166	2	119561
107167	2	94667
107168	2	119561
107169	2	119561
107170	2	119561
107171	2	94999
107172	2	95115
107173	2	94528
107174	2	95104
107175	2	94859
107176	2	94642
107177	2	94792
107178	2	94267
107179	2	119561
107180	2	94908
107181	2	95049
107182	2	94933
107183	2	94440
107184	2	95110
107185	2	119561
107186	2	119561
107187	2	95034
107188	2	94326
107189	2	119561
107190	2	94480
107191	2	94803
107192	2	119561
107193	2	94916
107194	2	94814
107195	2	119561
107196	2	119561
107197	2	119561
107198	2	94933
107199	2	95176
107200	2	94817
107201	2	95112
107202	2	95079
107203	2	94638
107204	2	94394
107205	2	94694
107206	2	119561
107207	2	94630
107208	2	119561
107209	2	94503
107210	2	119561
107211	2	119561
107212	2	95182
107213	2	94471
107214	2	119561
107215	2	95180
107216	2	94390
107217	2	119561
107218	2	94857
107219	2	95168
107220	2	94911
107221	2	94407
107222	2	119561
107223	2	119561
107224	2	95103
107225	2	119561
107226	2	94601
107227	2	119561
107228	2	119561
107229	2	94707
107230	2	119561
107231	2	94460
107232	2	119561
107233	2	119561
107234	2	94775
107235	2	94281
107236	2	95103
107237	2	94810
107238	2	95141
107239	2	94730
107240	2	94516
107241	2	94704
107242	2	95053
107243	2	119561
107244	2	95013
107245	2	119561
107246	2	119561
107247	2	95159
107248	2	119561
107249	2	94976
107250	2	94989
107251	2	119561
107252	2	94302
107253	2	95068
107254	2	94792
107255	2	95106
107256	2	94516
107257	2	94498
107258	2	94775
107259	2	94868
107260	2	94911
107261	2	119561
107262	2	94543
107263	2	94810
107264	2	94792
107265	2	94491
107266	2	94346
107267	2	119561
107268	2	94810
107269	2	119561
107270	2	94830
107271	2	94490
107272	2	95043
107273	2	119561
107274	2	94973
107275	2	119561
107276	2	95110
107277	2	119561
107278	2	94551
107279	2	95042
107280	2	119561
107281	2	95126
107282	2	94810
107283	2	94550
107284	2	94721
107285	2	94745
107286	2	119561
107287	2	119561
107288	2	94976
107289	2	119561
107290	2	95002
107291	2	119561
107292	2	94810
107293	2	119561
107294	2	95024
107295	2	94484
107296	2	94464
107297	2	95162
107298	2	95053
107299	2	94810
107300	2	119561
107301	2	94937
107302	2	119561
107303	2	119561
107304	2	95063
107305	2	94722
107306	2	119561
107307	2	119561
107308	2	94962
107309	2	119561
107310	2	95144
107311	2	95115
107312	2	94988
107313	2	94777
107314	2	119561
107315	2	95011
107316	2	95182
107317	2	94729
107318	2	119561
107319	2	95124
107320	2	119561
107321	2	119561
107322	2	119561
107323	2	94640
107324	2	94925
107325	2	94490
107326	2	119561
107327	2	95018
107328	2	95123
107329	2	94310
107330	2	94894
107331	2	95167
107332	2	95140
107333	2	95089
107334	2	94805
107335	2	94535
107336	2	94359
107337	2	95002
107338	2	119561
107339	2	94580
107340	2	95017
107341	2	95126
107342	2	119561
107343	2	94721
107344	2	119561
107345	2	94826
107346	2	94708
107347	2	94969
107348	2	94257
107349	2	94663
107350	2	119561
107351	2	119561
107352	2	119561
107353	2	95017
107354	2	119561
107355	2	95070
107356	2	95108
107357	2	95090
107358	2	94976
107359	2	94543
107360	2	94921
107361	2	94981
107362	2	119561
107363	2	95110
107364	2	94810
107365	2	94810
107366	2	119561
107367	2	94810
107368	2	119561
107369	2	94745
107370	2	94810
107371	2	119561
107372	2	94810
107373	2	94810
107374	2	94810
107375	2	94810
107376	2	95025
107377	2	94810
107378	2	119561
107379	2	94810
107380	2	95143
107381	2	94810
107382	2	94810
107383	2	119561
107384	2	119561
107385	2	94677
107386	2	94660
107387	2	94410
107388	2	94663
107389	2	95122
107390	2	94810
107391	2	94810
107392	2	119561
107393	2	119561
107394	2	94976
107395	2	94810
107396	2	94904
107397	2	94877
107398	2	94859
107399	2	119561
107400	2	94976
107401	2	94810
107402	2	95038
107403	2	94921
107404	2	95182
107405	2	119561
107406	2	94810
107407	2	119561
107408	2	119561
107409	2	95042
107410	2	94679
107411	2	95103
107412	2	95162
107413	2	94708
107414	2	94418
107415	2	119561
107416	2	119561
107417	2	95017
107418	2	94933
107419	2	94810
107420	2	119561
107421	2	119561
107422	2	94561
107423	2	119561
107424	2	119561
107425	2	94701
107426	2	94818
107427	2	94292
107428	2	95144
107429	2	94810
107430	2	119561
107431	2	94622
107432	2	94820
107433	2	94805
107434	2	95007
107435	2	94916
107436	2	94976
107437	2	119561
107438	2	119561
107439	2	94926
107440	2	94219
107441	2	119561
107442	2	94367
107443	2	94321
107444	2	119561
107445	2	94244
107446	2	94686
107447	2	119561
107448	2	94375
107449	2	119561
107450	2	119561
107451	2	95172
107452	2	119561
107453	2	94894
107454	2	94954
107455	2	94810
107456	2	94535
107457	2	119561
107458	2	94547
107459	2	94391
107460	2	119561
107461	2	95126
107462	2	95161
107463	2	119561
107464	2	94663
107465	2	119561
107466	2	119561
107467	2	119561
107468	2	119561
107469	2	94546
107470	2	94702
107471	2	94810
107472	2	94317
107473	2	119561
107474	2	95056
107475	2	95157
107476	2	94939
107477	2	119561
107478	2	95053
107479	2	94805
107480	2	94740
107481	2	94865
107482	2	95074
107483	2	119561
107484	2	94694
107485	2	94485
107486	2	94937
107487	2	94805
107488	2	94658
107489	2	94516
107490	2	94828
107491	2	94292
107492	2	94937
107493	2	119561
107494	2	95141
107495	2	95114
107496	2	119561
107497	2	119561
107498	2	119561
107499	2	119561
107500	2	94620
107501	2	119561
107502	2	95078
107503	2	94951
107504	2	95096
107505	2	119561
107506	2	94976
107507	2	94857
107508	2	94585
107509	2	94237
107510	2	94810
107511	2	94341
107512	2	119561
107513	2	119561
107514	2	94606
107515	2	94298
107516	2	94546
107517	2	94954
107518	2	119561
107519	2	94394
107520	2	95115
107521	2	94900
107522	2	94921
107523	2	94324
107524	2	119561
107525	2	94791
107526	2	94788
107527	2	95161
107528	2	119561
107529	2	94976
107530	2	119561
107531	2	119561
107532	2	94894
107533	2	119561
107534	2	95119
107535	2	94810
107536	2	119561
107537	2	94389
107538	2	95160
107539	2	95117
107540	2	94495
107541	2	95005
107542	2	95129
107543	2	119561
107544	2	95052
107545	2	94827
107546	2	119561
107547	2	95103
107548	2	94708
107549	2	119561
107550	2	95017
107551	2	95106
107552	2	95149
107553	2	119561
107554	2	94478
107555	2	95119
107556	2	94805
107557	2	119561
107558	2	95055
107559	2	95053
107560	2	119561
107561	2	94893
107562	2	94810
107563	2	95151
107564	2	94696
107565	2	119561
107566	2	119561
107567	2	94954
107568	2	95122
107569	2	119561
107570	2	94753
107571	2	94810
107572	2	94396
107573	2	95048
107574	2	94810
107575	2	94810
107576	2	94810
107577	2	119561
107578	2	94810
107579	2	95149
107580	2	94810
107581	2	94543
107582	2	94683
107583	2	94701
107584	2	94810
107585	2	119561
107586	2	94749
107587	2	94810
107588	2	94810
107589	2	119561
107590	2	94457
107591	2	94904
107592	2	95137
107593	2	119561
107594	2	94810
107595	2	94810
107596	2	94937
107597	2	119561
107598	2	95104
107599	2	95145
107600	2	95045
107601	2	119561
107602	2	95155
107603	2	119561
107604	2	94686
107605	2	94810
107606	2	94615
107607	2	95126
107608	2	94753
107609	2	94993
107610	2	94390
107611	2	95160
107612	2	94677
107613	2	119561
107614	2	94810
107615	2	95064
107616	2	95115
107617	2	119561
107618	2	95052
107619	2	94647
107620	2	94423
107621	2	94267
107622	2	94818
107623	2	94764
107624	2	95042
107625	2	94528
107626	2	94669
107627	2	94251
107628	2	119561
107629	2	119561
107630	2	94810
107631	2	94810
107632	2	95151
107633	2	95051
107634	2	95103
107635	2	95044
107636	2	94391
107637	2	94752
107638	2	94344
107639	2	94810
107640	2	94308
107641	2	95063
107642	2	95137
107643	2	94810
107644	2	119561
107645	2	95122
107646	2	94310
107647	2	94819
107648	2	119561
107649	2	94591
107650	2	119561
107651	2	119561
107652	2	119561
107653	2	94810
107654	2	94367
107655	2	94909
107656	2	94810
107657	2	95143
107658	2	94799
107659	2	95175
107660	2	95002
107661	2	95080
107662	2	95179
107663	2	95026
107664	2	95010
107665	2	95158
107666	2	94777
107667	2	95044
107668	2	119561
107669	2	94239
107670	2	95155
107671	2	119561
107672	2	119561
107673	2	94519
107674	2	94754
107675	2	95038
107676	2	119561
107677	2	119561
107678	2	95051
107679	2	94701
107680	2	119561
107681	2	95050
107682	2	94372
107683	2	119561
107684	2	95083
107685	2	94730
107686	2	95150
107687	2	95131
107688	2	94272
107689	2	94857
107690	2	94753
107691	2	119561
107692	2	94655
107693	2	95080
107694	2	95094
107695	2	94920
107696	2	94810
107697	2	94857
107698	2	94411
107699	2	94962
107700	2	94663
107701	2	119561
107702	2	94779
107703	2	94456
107704	2	95007
107705	2	119561
107706	2	94811
107707	2	119561
107708	2	95051
107709	2	94407
107710	2	95167
107711	2	94810
107712	2	94810
107713	2	119561
107714	2	94810
107715	2	95167
107716	2	94868
107717	2	94253
107718	2	94556
107719	2	119561
107720	2	95149
107721	2	94810
107722	2	94810
107723	2	119561
107724	2	94819
107725	2	119561
107726	2	119561
107727	2	94810
107728	2	95110
107729	2	119561
107730	2	94581
107731	2	94395
107732	2	94810
107733	2	95119
107734	2	94810
107735	2	119561
107736	2	119561
107737	2	119561
107738	2	94810
107739	2	94899
107740	2	94810
107741	2	119561
107742	2	95049
107743	2	94756
107744	2	94948
107745	2	119561
107746	2	94757
107747	2	95110
107748	2	119561
107749	2	94605
107750	2	119561
107751	2	95137
107752	2	95018
107753	2	95051
107754	2	94976
107755	2	94911
107756	2	94933
107757	2	119561
107758	2	119561
107759	2	94810
107760	2	119561
107761	2	119561
107762	2	95182
107763	2	119561
107764	2	95103
107765	2	94680
107766	2	95063
107767	2	119561
107768	2	119561
107769	2	94471
107770	2	94675
107771	2	119561
107772	2	95017
107773	2	119561
107774	2	94555
107775	2	94973
107776	2	94471
107777	2	94679
107778	2	95038
107779	2	94992
107780	2	94719
107781	2	94894
107782	2	94390
107783	2	95137
107784	2	95175
107785	2	119561
107786	2	94256
107787	2	95045
107788	2	94814
107789	2	94746
107790	2	94810
107791	2	95103
107792	2	94981
107793	2	94892
107794	2	95181
107795	2	94519
107796	2	119561
107797	2	95133
107798	2	95073
107799	2	94566
107800	2	95166
107801	2	94902
107802	2	95132
107803	2	94810
107804	2	95120
107805	2	95080
107806	2	119561
107807	2	119561
107808	2	95174
107809	2	95046
107810	2	94547
107811	2	94308
107812	2	94669
107813	2	119561
107814	2	94746
107815	2	94525
107816	2	94810
107817	2	119561
107818	2	94348
107819	2	119561
107820	2	95062
107821	2	119561
107822	2	94267
107823	2	94484
107824	2	95049
107825	2	94310
107826	2	94992
107827	2	94546
107828	2	95043
107829	2	119561
107830	2	119561
107831	2	94764
107832	2	119561
107833	2	119561
107834	2	119561
107835	2	94531
107836	2	95160
107837	2	94885
107838	2	95017
107839	2	119561
107840	2	119561
107841	2	94823
107842	2	94673
107843	2	94708
107844	2	95015
107845	2	94317
107846	2	94746
107847	2	119561
107848	2	94954
107849	2	119561
107850	2	94925
107851	2	119561
107852	2	95029
107853	2	94784
107854	2	119561
107855	2	95107
107856	2	119561
107857	2	95086
107858	2	94721
107859	2	94728
107860	2	95068
107861	2	94948
107862	2	94823
107863	2	119561
107864	2	94810
107865	2	94857
107866	2	95097
107867	2	119561
107868	2	94761
107869	2	94753
107870	2	95141
107871	2	119561
107872	2	94983
107873	2	95043
107874	2	119561
107875	2	94682
107876	2	95005
107877	2	94520
107878	2	95003
107879	2	94444
107880	2	94316
107881	2	119561
107882	2	119561
107883	2	95038
107884	2	119561
107885	2	119561
107886	2	119561
107887	2	119561
107888	2	119561
107889	2	95062
107890	2	94753
107891	2	95141
107892	2	119561
107893	2	95151
107894	2	95167
107895	2	95182
107896	2	119561
107897	2	95018
107898	2	94224
107899	2	119561
107900	2	94892
107901	2	119561
107902	2	119561
107903	2	95002
107904	2	94976
107905	2	95133
107906	2	95052
107907	2	119561
107908	2	94423
107909	2	94292
107910	2	94820
107911	2	94962
107912	2	94471
107913	2	95018
107914	2	94702
107915	2	94818
107916	2	94619
107917	2	119561
107918	2	95002
107919	2	94767
107920	2	94239
107921	2	95110
107922	2	94296
107923	2	119561
107924	2	94613
107925	2	95109
107926	2	94900
107927	2	95129
107928	2	94817
107929	2	94243
107930	2	94669
107931	2	94777
107932	2	94717
107933	2	119561
107934	2	95154
107935	2	95174
107936	2	95155
107937	2	94645
107938	2	119561
107939	2	94989
107940	2	95018
107941	2	95032
107942	2	94981
107943	2	119561
107944	2	119561
107945	2	94500
107946	2	94996
107947	2	95101
107948	2	95150
107949	2	95053
107950	2	95026
107951	2	94810
107952	2	119561
107953	2	94716
107954	2	119561
107955	2	95063
107956	2	94939
107957	2	94539
107958	2	119561
107959	2	119561
107960	2	94722
107961	2	95007
107962	2	94298
107963	2	119561
107964	2	119561
107965	2	95126
107966	2	119561
107967	2	94810
107968	2	95049
107969	2	94375
107970	2	95015
107971	2	95112
107972	2	119561
107973	2	95123
107974	2	95022
107975	2	95056
107976	2	95176
107977	2	94814
107978	2	95175
107979	2	119561
107980	2	94660
107981	2	94972
107982	2	94585
107983	2	94810
107984	2	95053
107985	2	94810
107986	2	94733
107987	2	94999
107988	2	95046
107989	2	95053
107990	2	94404
107991	2	95053
107992	2	95018
107993	2	94643
107994	2	94613
107995	2	94650
107996	2	94764
107997	2	119561
107998	2	119561
107999	2	95161
108000	2	119561
108001	2	95018
108002	2	94951
108003	2	119561
108004	2	95129
108005	2	95017
108006	2	95072
108007	2	94976
108008	2	94274
108009	2	94337
108010	2	94859
108011	2	94805
108012	2	94777
108013	2	119561
108014	2	119561
108015	2	94899
108016	2	94683
108017	2	95085
108018	2	95081
108019	2	95160
108020	2	119561
108021	2	119561
108022	2	119561
108023	2	94407
108024	2	94929
108025	2	94810
108026	2	94613
108027	2	94828
108028	2	94396
108029	2	94773
108030	2	119561
108031	2	94431
108032	2	95018
108033	2	95130
108034	2	95052
108035	2	94810
108036	2	94477
108037	2	95157
108038	2	119561
108039	2	119561
108040	2	94522
108041	2	94779
108042	2	95100
108043	2	119561
108044	2	95049
108045	2	94626
108046	2	94818
108047	2	94765
108048	2	119561
108049	2	119561
108050	2	119561
108051	2	94396
108052	2	94611
108053	2	94810
108054	2	94267
108055	2	119561
108056	2	94606
108057	2	119561
108058	2	94673
108059	2	95187
108060	2	119561
108061	2	94753
108062	2	119561
108063	2	95011
108064	2	94639
108065	2	94682
108066	2	94260
108067	2	94958
108068	2	95175
108069	2	94450
108070	2	94817
108071	2	94663
108072	2	94610
108073	2	94322
108074	2	119561
108075	2	119561
108076	2	95062
108077	2	119561
108078	2	119561
108079	2	94304
108080	2	119561
108081	2	119561
108082	2	119561
108083	2	95004
108084	2	95005
108085	2	119561
108086	2	119561
108087	2	119561
108088	2	119561
108089	2	94749
108090	2	94989
108091	2	94375
108092	2	95018
108093	2	94500
108094	2	119561
108095	2	94989
108096	2	119561
108097	2	95119
108098	2	119561
108099	2	94673
108100	2	94970
108101	2	95097
108102	2	95186
108103	2	95053
108104	2	119561
108105	2	94783
108106	2	95053
108107	2	95130
108108	2	94764
108109	2	94677
108110	2	94819
108111	2	94662
108112	2	95175
108113	2	94745
108114	2	95090
108115	2	119561
108116	2	94939
108117	2	119561
108118	2	95038
108119	2	95098
108120	2	95122
108121	2	95122
108122	2	95053
108123	2	94789
108124	2	94969
108125	2	94894
108126	2	95126
108127	2	119561
108128	2	119561
108129	2	94910
108130	2	95132
108131	2	119561
108132	2	119561
108133	2	94976
108134	2	94272
108135	2	94677
108136	2	95157
108137	2	119561
108138	2	94361
108139	2	95063
108140	2	119561
108141	2	119561
108142	2	94472
108143	2	119561
108144	2	95050
108145	2	95053
108146	2	94981
108147	2	94777
108148	2	94826
108149	2	94916
108150	2	95114
108151	2	94717
108152	2	94783
108153	2	95041
108154	2	94989
108155	2	119561
108156	2	94809
108157	2	94805
108158	2	119561
108159	2	94805
108160	2	95050
108161	2	94753
108162	2	94972
108163	2	94753
108164	2	94933
108165	2	94933
108166	2	94922
108167	2	119561
108168	2	94912
108169	2	94758
108170	2	119561
108171	2	95003
108172	2	119561
108173	2	94554
108174	2	94810
108175	2	94922
108176	2	94318
108177	2	94358
108178	2	94743
108179	2	94663
108180	2	94979
108181	2	94228
108182	2	94810
108183	2	119561
108184	2	119561
108185	2	95169
108186	2	94785
108187	2	94398
108188	2	95129
108189	2	95094
108190	2	94595
108191	2	94925
108192	2	119561
108193	2	95151
108194	2	95110
108195	2	94396
108196	2	95077
108197	2	94908
108198	2	95059
108199	2	94810
108200	2	119561
108201	2	119561
108202	2	94707
108203	2	94365
108204	2	95018
108205	2	95182
108206	2	119561
108207	2	119561
108208	2	119561
108209	2	94663
108210	2	119561
108211	2	94491
108212	2	119561
108213	2	94810
108214	2	94228
108215	2	119561
108216	2	95144
108217	2	94546
108218	2	95115
108219	2	95041
108220	2	94614
108221	2	95018
108222	2	95108
108223	2	95160
108224	2	94663
108225	2	94767
108226	2	119561
108227	2	94708
108228	2	94296
108229	2	94756
108230	2	95123
108231	2	95064
108232	2	94543
108233	2	95151
108234	2	94784
108235	2	94908
108236	2	94683
108237	2	94402
108238	2	119561
108239	2	94929
108240	2	119561
108241	2	94764
108242	2	95049
108243	2	119561
108244	2	94316
108245	2	94682
108246	2	94433
108247	2	95112
108248	2	94258
108249	2	94753
108250	2	94823
108251	2	94450
108252	2	94761
108253	2	94917
108254	2	94647
108255	2	94811
108256	2	94910
108257	2	95063
108258	2	94679
108259	2	95144
108260	2	94543
108261	2	119561
108262	2	119561
108263	2	94989
108264	2	95053
108265	2	95126
108266	2	95180
108267	2	95051
108268	2	95126
108269	2	119561
108270	2	94810
108271	2	94702
108272	2	94877
108273	2	119561
108274	2	94892
108275	2	94516
108276	2	119561
108277	2	94372
108278	2	95184
108279	2	94536
108280	2	94951
108281	2	94253
108282	2	95034
108283	2	119561
108284	2	119561
108285	2	94897
108286	2	94281
108287	2	94667
108288	2	95049
108289	2	95017
108290	2	94999
108291	2	95063
108292	2	119561
108293	2	94908
108294	2	95067
108295	2	94562
108296	2	94442
108297	2	95182
108298	2	94613
108299	2	119561
108300	2	95147
108301	2	94912
108302	2	95144
108303	2	94954
108304	2	94909
108305	2	119561
108306	2	94391
108307	2	94753
108308	2	95052
108309	2	95126
108310	2	95073
108311	2	94955
108312	2	95126
108313	2	94927
108314	2	94916
108315	2	94810
108316	2	95003
108317	2	94364
108318	2	119561
108319	2	94591
108320	2	94777
108321	2	94916
108322	2	94976
108323	2	119561
108324	2	94810
108325	2	94221
108326	2	119561
108327	2	95110
108328	2	94913
108329	2	95016
108330	2	94579
108331	2	94917
108332	2	94937
108333	2	94694
108334	2	94756
108335	2	94753
108336	2	94615
108337	2	119561
108338	2	119561
108339	2	119561
108340	2	94375
108341	2	94991
108342	2	94620
108343	2	119561
108344	2	94873
108345	2	119561
108346	2	119561
108347	2	94580
108348	2	95117
108349	2	95025
108350	2	94639
108351	2	94580
108352	2	94717
108353	2	94377
108354	2	119561
108355	2	95126
108356	2	119561
108357	2	94976
108358	2	95062
108359	2	95018
108360	2	94908
108361	2	95017
108362	2	94973
108363	2	119561
108364	2	94939
108365	2	94765
108366	2	94809
108367	2	95053
108368	2	119561
108369	2	95122
108370	2	119561
108371	2	119561
108372	2	94658
108373	2	94936
108374	2	95018
108375	2	95018
108376	2	119561
108377	2	119561
108378	2	95042
108379	2	94580
108380	2	95186
108381	2	94969
108382	2	95108
108383	2	94753
108384	2	95018
108385	2	95130
108386	2	94810
108387	2	95049
108388	2	119561
108389	2	94765
108390	2	119561
108391	2	95103
108392	2	119561
108393	2	94561
108394	2	119561
108395	2	94598
108396	2	94765
108397	2	94720
108398	2	94278
108399	2	95131
108400	2	95015
108401	2	95059
108402	2	94933
108403	2	119561
108404	2	95062
108405	2	94375
108406	2	94591
108407	2	94928
108408	2	94623
108409	2	95014
108410	2	94784
108411	2	95060
108412	2	95160
108413	2	94251
108414	2	94958
108415	2	95157
108416	2	119561
108417	2	94810
108418	2	95073
108419	2	119561
108420	2	94404
108421	2	119561
108422	2	94666
108423	2	94428
108424	2	119561
108425	2	94637
108426	2	95053
108427	2	94857
108428	2	119561
108429	2	94810
108430	2	94820
108431	2	94379
108432	2	95042
108433	2	94857
108434	2	94560
108435	2	94852
108436	2	95037
108437	2	95070
108438	2	94864
108439	2	94702
108440	2	119561
108441	2	119561
108442	2	119561
108443	2	94428
108444	2	119561
108445	2	94892
108446	2	94658
108447	2	95174
108448	2	94402
108449	2	94580
108450	2	94894
108451	2	95005
108452	2	119561
108453	2	95126
108454	2	94654
108455	2	119561
108456	2	94764
108457	2	119561
108458	2	94877
108459	2	94673
108460	2	119561
108461	2	94753
108462	2	95131
108463	2	95104
108464	2	119561
108465	2	119561
108466	2	95007
108467	2	95017
108468	2	94666
108469	2	119561
108470	2	94394
108471	2	119561
108472	2	95122
108473	2	95043
108474	2	95053
108475	2	94748
108476	2	95038
108477	2	119561
108478	2	119561
108479	2	119561
108480	2	119561
108481	2	95018
108482	2	95053
108483	2	95109
108484	2	119561
108485	2	119561
108486	2	119561
108487	2	95038
108488	2	94775
108489	2	94999
108490	2	95053
108491	2	94413
108492	2	119561
108493	2	94677
108494	2	119561
108495	2	95133
108496	2	94857
108497	2	119561
108498	2	119561
108499	2	119561
108500	2	94784
108501	2	119561
108502	2	119561
108503	2	94864
108504	2	94708
108505	2	119561
108506	2	95051
108507	2	94596
108508	2	119561
108509	2	94955
108510	2	119561
108511	2	119561
108512	2	95052
108513	2	95051
108514	2	95110
108515	2	94479
108516	2	119561
108517	2	94991
108518	2	119561
108519	2	95107
108520	2	94753
108521	2	94792
108522	2	119561
108523	2	119561
108524	2	95042
108525	2	94411
108526	2	119561
108527	2	119561
108528	2	119561
108529	2	119561
108530	2	95161
108531	2	95137
108532	2	119561
108533	2	119561
108534	2	94558
108535	2	119561
108536	2	119561
108537	2	94745
108538	2	94972
108539	2	119561
108540	2	95176
108541	2	94601
108542	2	94923
108543	2	95122
108544	2	94995
108545	2	94936
108546	2	94447
108547	2	94552
108548	2	94585
108549	2	95085
108550	2	94630
108551	2	95052
108552	2	95018
108553	2	95175
108554	2	94378
108555	2	94994
108556	2	94562
108557	2	95186
108558	2	94234
108559	2	94478
108560	2	95070
108561	2	95160
108562	2	95007
108563	2	95117
108564	2	119561
108565	2	94541
108566	2	95017
108567	2	94654
108568	2	119561
108569	2	94464
108570	2	94753
108571	2	119561
108572	2	94827
108573	2	119561
108574	2	94912
108575	2	95049
108576	2	94486
108577	2	95021
108578	2	119561
108579	2	94481
108580	2	95172
108581	2	94511
108582	2	95073
108583	2	94810
108584	2	94525
108585	2	94749
108586	2	95175
108587	2	119561
108588	2	119561
108589	2	94810
108590	2	94805
108591	2	94304
108592	2	95103
108593	2	119561
108594	2	94819
108595	2	94810
108596	2	119561
108597	2	119561
108598	2	119561
108599	2	94729
108600	2	94375
108601	2	94910
108602	2	119561
108603	2	94219
108604	2	94585
108605	2	94765
108606	2	95060
108607	2	95048
108608	2	94341
108609	2	119561
108610	2	119561
108611	2	95182
108612	2	95017
108613	2	95029
108614	2	95053
108615	2	119561
108616	2	119561
108617	2	95103
108618	2	94562
108619	2	95053
108620	2	94717
108621	2	94606
108622	2	94810
108623	2	119561
108624	2	94407
108625	2	119561
108626	2	119561
108627	2	95001
108628	2	95155
108629	2	119561
108630	2	94526
108631	2	94805
108632	2	119561
108633	2	94810
108634	2	95005
108635	2	119561
108636	2	95110
108637	2	95090
108638	2	119561
108639	2	119561
108640	2	119561
108641	2	119561
108642	2	95043
108643	2	94810
108644	2	95018
108645	2	94673
108646	2	94562
108647	2	95043
108648	2	94956
108649	2	119561
108650	2	94767
108651	2	95068
108652	2	94337
108653	2	119561
108654	2	94543
108655	2	94655
108656	2	94937
108657	2	95050
108658	2	94933
108659	2	95049
108660	2	119561
108661	2	95182
108662	2	94619
108663	2	94673
108664	2	119561
108665	2	95103
108666	2	94687
108667	2	119561
108668	2	94912
108669	2	94810
108670	2	94655
108671	2	95006
108672	2	94989
108673	2	94735
108674	2	94819
108675	2	94478
108676	2	94638
108677	2	94407
108678	2	94756
108679	2	119561
108680	2	119561
108681	2	94998
108682	2	94340
108683	2	119561
108684	2	119561
108685	2	94662
108686	2	94859
108687	2	95050
108688	2	95038
108689	2	119561
108690	2	94701
108691	2	94506
108692	2	94340
108693	2	95010
108694	2	119561
108695	2	119561
108696	2	95037
108697	2	95068
108698	2	95182
108699	2	94302
108700	2	94810
108701	2	94910
108702	2	95154
108703	2	95017
108704	2	94810
108705	2	119561
108706	2	94920
108707	2	94753
108708	2	119561
108709	2	94810
108710	2	94916
108711	2	94803
108712	2	95017
108713	2	94925
108714	2	95097
108715	2	94810
108716	2	94729
108717	2	94810
108718	2	94783
108719	2	95063
108720	2	94810
108721	2	95148
108722	2	94805
108723	2	95060
108724	2	94377
108725	2	95074
108726	2	119561
108727	2	119561
108728	2	119561
108729	2	94810
108730	2	119561
108731	2	94407
108732	2	95060
108733	2	95123
108734	2	94708
108735	2	94580
108736	2	119561
108737	2	94588
108738	2	119561
108739	2	119561
108740	2	94337
108741	2	94624
108742	2	94917
108743	2	119561
108744	2	94962
108745	2	119561
108746	2	94810
108747	2	95160
108748	2	94972
108749	2	94358
108750	2	95119
108751	2	119561
108752	2	94791
108753	2	95017
108754	2	119561
108755	2	119561
108756	2	94976
108757	2	94900
108758	2	94292
108759	2	95049
108760	2	94503
108761	2	95044
108762	2	119561
108763	2	94922
108764	2	94970
108765	2	95185
108766	2	95114
108767	2	119561
108768	2	95150
108769	2	94937
108770	2	95071
108771	2	94734
108772	2	95147
108773	2	95052
108774	2	95108
108775	2	95133
108776	2	119561
108777	2	94917
108778	2	95053
108779	2	119561
108780	2	94983
108781	2	94281
108782	2	95069
108783	2	94985
108784	2	95114
108785	2	95139
108786	2	119561
108787	2	119561
108788	2	95086
108789	2	119561
108790	2	95038
108791	2	94981
108792	2	94865
108793	2	94999
108794	2	94976
108795	2	94390
108796	2	119561
108797	2	94233
108798	2	94493
108799	2	94865
108800	2	94265
108801	2	94375
108802	2	95093
108803	2	94270
108804	2	94528
108805	2	94912
108806	2	94998
108807	2	95074
108808	2	94505
108809	2	94810
108810	2	119561
108811	2	95052
108812	2	119561
108813	2	95073
108814	2	94476
108815	2	94547
108816	2	119561
108817	2	94779
108818	2	95154
108819	2	95119
108820	2	119561
108821	2	95103
108822	2	95081
108823	2	94810
108824	2	94805
108825	2	94356
108826	2	119561
108827	2	94792
108828	2	95090
108829	2	94675
108830	2	119561
108831	2	94608
108832	2	94987
108833	2	95043
108834	2	94973
108835	2	119561
108836	2	119561
108837	2	95172
108838	2	95018
108839	2	94237
108840	2	119561
108841	2	94730
108842	2	94999
108843	2	119561
108844	2	119561
108845	2	95182
108846	2	95160
108847	2	119561
108848	2	95050
108849	2	94900
108850	2	119561
108851	2	119561
108852	2	119561
108853	2	94310
108854	2	94987
108855	2	95160
108856	2	94746
108857	2	95103
108858	2	94325
108859	2	119561
108860	2	119561
108861	2	95150
108862	2	95053
108863	2	95025
108864	2	119561
108865	2	95183
108866	2	94810
108867	2	119561
108868	2	95129
108869	2	95107
108870	2	94894
108871	2	119561
108872	2	95049
108873	2	94810
108874	2	95173
108875	2	94525
108876	2	119561
108877	2	94773
108878	2	94663
108879	2	119561
108880	2	119561
108881	2	119561
108882	2	94268
108883	2	94272
108884	2	95094
108885	2	94810
108886	2	94810
108887	2	95182
108888	2	94256
108889	2	94951
108890	2	95106
108891	2	119561
108892	2	119561
108893	2	119561
108894	2	94528
108895	2	95096
108896	2	94810
108897	2	94645
108898	2	94903
108899	2	94993
108900	2	95126
108901	2	95139
108902	2	119561
108903	2	95016
108904	2	94375
108905	2	95115
108906	2	119561
108907	2	119561
108908	2	94461
108909	2	94721
108910	2	95150
108911	2	95149
108912	2	95101
108913	2	94810
108914	2	119561
108915	2	94810
108916	2	95009
108917	2	95038
108918	2	119561
108919	2	94663
108920	2	95053
108921	2	94296
108922	2	94981
108923	2	94987
108924	2	119561
108925	2	119561
108926	2	95017
108927	2	119561
108928	2	94667
108929	2	94937
108930	2	95149
108931	2	119561
108932	2	94912
108933	2	119561
108934	2	94706
108935	2	94404
108936	2	94411
108937	2	119561
108938	2	119561
108939	2	94810
108940	2	119561
108941	2	119561
108942	2	94754
108943	2	119561
108944	2	94605
108945	2	95055
108946	2	119561
108947	2	94981
108948	2	95173
108949	2	119561
108950	2	95043
108951	2	94887
108952	2	94989
108953	2	94694
108954	2	94745
108955	2	94346
108956	2	94503
108957	2	95182
108958	2	119561
108959	2	95181
108960	2	94784
108961	2	94292
108962	2	94537
108963	2	119561
108964	2	94310
108965	2	95013
108966	2	119561
108967	2	94976
108968	2	95094
108969	2	119561
108970	2	94292
108971	2	95097
108972	2	119561
108973	2	95176
108974	2	94810
108975	2	119561
108976	2	119561
108977	2	95038
108978	2	95104
108979	2	119561
108980	2	94749
108981	2	94349
108982	2	94308
108983	2	94562
108984	2	119561
108985	2	119561
108986	2	95050
108987	2	119561
108988	2	119561
108989	2	94810
108990	2	94805
108991	2	119561
108992	2	119561
108993	2	95155
108994	2	95175
108995	2	94973
108996	2	119561
108997	2	95126
108998	2	95169
108999	2	94810
109000	2	94777
109001	2	95119
109002	2	119561
109003	2	94810
109004	2	94810
109005	2	94803
109006	2	94666
109007	2	94229
109008	2	94815
109009	2	119561
109010	2	94791
109011	2	119561
109012	2	94826
109013	2	95103
109014	2	119561
109015	2	94558
109016	2	119561
109017	2	94463
109018	2	119561
109019	2	94555
109020	2	94912
109021	2	95073
109022	2	94472
109023	2	95085
109024	2	119561
109025	2	94792
109026	2	94616
109027	2	119561
109028	2	94951
109029	2	95053
109030	2	94725
109031	2	95053
109032	2	94725
109033	2	95018
109034	2	94543
109035	2	94545
109036	2	119561
109037	2	119561
109038	2	119561
109039	2	94537
109040	2	94877
109041	2	94364
109042	2	94775
109043	2	119561
109044	2	95084
109045	2	119561
109046	2	94742
109047	2	119561
109048	2	94814
109049	2	94257
109050	2	94579
109051	2	95053
109052	2	94817
109053	2	94939
109054	2	94600
109055	2	94531
109056	2	94810
109057	2	94810
109058	2	95073
109059	2	94708
109060	2	94968
109061	2	119561
109062	2	95024
109063	2	94993
109064	2	119561
109065	2	95110
109066	2	94976
109067	2	95053
109068	2	95018
109069	2	94640
109070	2	95042
109071	2	95137
109072	2	94375
109073	2	94857
109074	2	94623
109075	2	119561
109076	2	95031
109077	2	95053
109078	2	94894
109079	2	94371
109080	2	94566
109081	2	94304
109082	2	94753
109083	2	119561
109084	2	119561
109085	2	94400
109086	2	94613
109087	2	95038
109088	2	94382
109089	2	95124
109090	2	119561
109091	2	119561
109092	2	95155
109093	2	94310
109094	2	95067
109095	2	94962
109096	2	95176
109097	2	94544
109098	2	119561
109099	2	94614
109100	2	94364
109101	2	119561
109102	2	94792
109103	2	94608
109104	2	94626
109105	2	94810
109106	2	95167
109107	2	94738
109108	2	119561
109109	2	94981
109110	2	94638
109111	2	119561
109112	2	94810
109113	2	94673
109114	2	119561
109115	2	119561
109116	2	94789
109117	2	94877
109118	2	119561
109119	2	95119
109120	2	94802
109121	2	94805
109122	2	119561
109123	2	95152
109124	2	94745
109125	2	94531
109126	2	94484
109127	2	119561
109128	2	94975
109129	2	94810
109130	2	94346
109131	2	95132
109132	2	94753
109133	2	95059
109134	2	95110
109135	2	119561
109136	2	95053
109137	2	94810
109138	2	95051
109139	2	119561
109140	2	94509
109141	2	94909
109142	2	119561
109143	2	94379
109144	2	94809
109145	2	119561
109146	2	94677
109147	2	95154
109148	2	94805
109149	2	94800
109150	2	94696
109151	2	95145
109152	2	94708
109153	2	119561
109154	2	94330
109155	2	94976
109156	2	94800
109157	2	94810
109158	2	94372
109159	2	119561
109160	2	119561
109161	2	94638
109162	2	94810
109163	2	119561
109164	2	94810
109165	2	94939
109166	2	94868
109167	2	94933
109168	2	94810
109169	2	94954
109170	2	95051
109171	2	94810
109172	2	119561
109173	2	94799
109174	2	95043
109175	2	94973
109176	2	119561
109177	2	94810
109178	2	95049
109179	2	94407
109180	2	94278
109181	2	94596
109182	2	94630
109183	2	94810
109184	2	119561
109185	2	94292
109186	2	95141
109187	2	119561
109188	2	95180
109189	2	95050
109190	2	95003
109191	2	95132
109192	2	94486
109193	2	119561
109194	2	119561
109195	2	119561
109196	2	94817
109197	2	94250
109198	2	94543
109199	2	119561
109200	2	95090
109201	2	94396
109202	2	95049
109203	2	95117
109204	2	119561
109205	2	119561
109206	2	94728
109207	2	119561
109208	2	94405
109209	2	94810
109210	2	94810
109211	2	94810
109212	2	95018
109213	2	94411
109214	2	94767
109215	2	119561
109216	2	94321
109217	2	94810
109218	2	119561
109219	2	95161
109220	2	95043
109221	2	119561
109222	2	94810
109223	2	94810
109224	2	94810
109225	2	95044
109226	2	94605
109227	2	119561
109228	2	95018
109229	2	94928
109230	2	95063
109231	2	95050
109232	2	119561
109233	2	94921
109234	2	95086
109235	2	94912
109236	2	119561
109237	2	119561
109238	2	119561
109239	2	94998
109240	2	94921
109241	2	94980
109242	2	95053
109243	2	94330
109244	2	94624
109245	2	94976
109246	2	95059
109247	2	94642
109248	2	119561
109249	2	94288
109250	2	95067
109251	2	95180
109252	2	94810
109253	2	94937
109254	2	94810
109255	2	94569
109256	2	94325
109257	2	94798
109258	2	95106
109259	2	94911
109260	2	94810
109261	2	94667
109262	2	94294
109263	2	119561
109264	2	119561
109265	2	95179
109266	2	95069
109267	2	119561
109268	2	94543
109269	2	119561
109270	2	119561
109271	2	95005
109272	2	94704
109273	2	95003
109274	2	94428
109275	2	119561
109276	2	95086
109277	2	94810
109278	2	94239
109279	2	119561
109280	2	94717
109281	2	95041
109282	2	94886
109283	2	94730
109284	2	94810
109285	2	95003
109286	2	94810
109287	2	94810
109288	2	95053
109289	2	94969
109290	2	94777
109291	2	119561
109292	2	119561
109293	2	119561
109294	2	95100
109295	2	94894
109296	2	119561
109297	2	119561
109298	2	95108
109299	2	94749
109300	2	94908
109301	2	94810
109302	2	119561
109303	2	94321
109304	2	95043
109305	2	94810
109306	2	94383
109307	2	94316
109308	2	94383
109309	2	94810
109310	2	119561
109311	2	94566
109312	2	94830
109313	2	95018
109314	2	119561
109315	2	119561
109316	2	94675
109317	2	94428
109318	2	95126
109319	2	94675
109320	2	94762
109321	2	94951
109322	2	94665
109323	2	94792
109324	2	94810
109325	2	95038
109326	2	95052
109327	2	95002
109328	2	95002
109329	2	94910
109330	2	95071
109331	2	95148
109332	2	94753
109333	2	94828
109334	2	119561
109335	2	94707
109336	2	94662
109337	2	94701
109338	2	94963
109339	2	119561
109340	2	94777
109341	2	95069
109342	2	119561
109343	2	94719
109344	2	94606
109345	2	94375
109346	2	94665
109347	2	94810
109348	2	94800
109349	2	95043
109350	2	119561
109351	2	95149
109352	2	119561
109353	2	94729
109354	2	119561
109355	2	119561
109356	2	94971
109357	2	94601
109358	2	95108
109359	2	119561
109360	2	94912
109361	2	95117
109362	2	95062
109363	2	119561
109364	2	119561
109365	2	95081
109366	2	119561
109367	2	94998
109368	2	94336
109369	2	94531
109370	2	95018
109371	2	119561
109372	2	119561
109373	2	95155
109374	2	119561
109375	2	119561
109376	2	95053
109377	2	94753
109378	2	94722
109379	2	119561
109380	2	94516
109381	2	94810
109382	2	94841
109383	2	94384
109384	2	94228
109385	2	94912
109386	2	94639
109387	2	95113
109388	2	95189
109389	2	94495
109390	2	94773
109391	2	94810
109392	2	94456
109393	2	119561
109394	2	95018
109395	2	94973
109396	2	119561
109397	2	95093
109398	2	95182
109399	2	119561
109400	2	94865
109401	2	94939
109402	2	119561
109403	2	119561
109404	2	94743
109405	2	119561
109406	2	119561
109407	2	94810
109408	2	94985
109409	2	94433
109410	2	119561
109411	2	94989
109412	2	94817
109413	2	119561
109414	2	119561
109415	2	119561
109416	2	94423
109417	2	119561
109418	2	94665
109419	2	95160
109420	2	119561
109421	2	95065
109422	2	95106
109423	2	94892
109424	2	94785
109425	2	95182
109426	2	119561
109427	2	119561
109428	2	119561
109429	2	95042
109430	2	94749
109431	2	95096
109432	2	94302
109433	2	94628
109434	2	94585
109435	2	94389
109436	2	119561
109437	2	95052
109438	2	94933
109439	2	94810
109440	2	94810
109441	2	119561
109442	2	94909
109443	2	95009
109444	2	119561
109445	2	119561
109446	2	94316
109447	2	94735
109448	2	119561
109449	2	119561
109450	2	95110
109451	2	94819
109452	2	94647
109453	2	94923
109454	2	95052
109455	2	95110
109456	2	95041
109457	2	119561
109458	2	94580
109459	2	94528
109460	2	95049
109461	2	95017
109462	2	94756
109463	2	94571
109464	2	119561
109465	2	94826
109466	2	94371
109467	2	94423
109468	2	94887
109469	2	94810
109470	2	95126
109471	2	94525
109472	2	119561
109473	2	119561
109474	2	94749
109475	2	119561
109476	2	94784
109477	2	94669
109478	2	95042
109479	2	94810
109480	2	94694
109481	2	94857
109482	2	94810
109483	2	119561
109484	2	94803
109485	2	94757
109486	2	95122
109487	2	95053
109488	2	94479
109489	2	119561
109490	2	95140
109491	2	94857
109492	2	119561
109493	2	94279
109494	2	94551
109495	2	95017
109496	2	95086
109497	2	119561
109498	2	94894
109499	2	94975
109500	2	95153
109501	2	95132
109502	2	94745
109503	2	95018
109504	2	94913
109505	2	94753
109506	2	94753
109507	2	94897
109508	2	119561
109509	2	94694
109510	2	94418
109511	2	95104
109512	2	94624
109513	2	95182
109514	2	119561
109515	2	94865
109516	2	94460
109517	2	95117
109518	2	94585
109519	2	94704
109520	2	95050
109521	2	94463
109522	2	119561
109523	2	94486
109524	2	94344
109525	2	95080
109526	2	95151
109527	2	94613
109528	2	94411
109529	2	94897
109530	2	94810
109531	2	119561
109532	2	119561
109533	2	95153
109534	2	94927
109535	2	94928
109536	2	94818
109537	2	94897
109538	2	94810
109539	2	94810
109540	2	119561
109541	2	119561
109542	2	119561
109543	2	119561
109544	2	94810
109545	2	94645
109546	2	94976
109547	2	119561
109548	2	119561
109549	2	119561
109550	2	119561
109551	2	119561
109552	2	95050
109553	2	119561
109554	2	94318
109555	2	94663
109556	2	94604
109557	2	119561
109558	2	95126
109559	2	94727
109560	2	95139
109561	2	95053
109562	2	119561
109563	2	119561
109564	2	94476
109565	2	119561
109566	2	119561
109567	2	94634
109568	2	95053
109569	2	119561
109570	2	94810
109571	2	119561
109572	2	94773
109573	2	94526
109574	2	94426
109575	2	94585
109576	2	95069
109577	2	94410
109578	2	95049
109579	2	119561
109580	2	94745
109581	2	95026
109582	2	95062
109583	2	119561
109584	2	94805
109585	2	119561
109586	2	95053
109587	2	94810
109588	2	94926
109589	2	94645
109590	2	94525
109591	2	95063
109592	2	94508
109593	2	94395
109594	2	119561
109595	2	95045
109596	2	94471
109597	2	94925
109598	2	95017
109599	2	94665
109600	2	119561
109601	2	119561
109602	2	95122
109603	2	94737
109604	2	94669
109605	2	94916
109606	2	95136
109607	2	119561
109608	2	94911
109609	2	94531
109610	2	94543
109611	2	95115
109612	2	119561
109613	2	119561
109614	2	94310
109615	2	95067
109616	2	119561
109617	2	94743
109618	2	95096
109619	2	119561
109620	2	94937
109621	2	119561
109622	2	119561
109623	2	94444
109624	2	119561
109625	2	95067
109626	2	94284
109627	2	119561
109628	2	94767
109629	2	95182
109630	2	95025
109631	2	95042
109632	2	95041
109633	2	95182
109634	2	119561
109635	2	94810
109636	2	94344
109637	2	94810
109638	2	119561
109639	2	94349
109640	2	94810
109641	2	94810
109642	2	119561
109643	2	94585
109644	2	94546
109645	2	94306
109646	2	95133
109647	2	119561
109648	2	94543
109649	2	94669
109650	2	119561
109651	2	94810
109652	2	94976
109653	2	94525
109654	2	94893
109655	2	95028
109656	2	95108
109657	2	119561
109658	2	94431
109659	2	119561
109660	2	95132
109661	2	94356
109662	2	119561
109663	2	119561
109664	2	94677
109665	2	95053
109666	2	94419
109667	2	94720
109668	2	119561
109669	2	94708
109670	2	94951
109671	2	95055
109672	2	94810
109673	2	94435
109674	2	119561
109675	2	95052
109676	2	94865
109677	2	119561
109678	2	94708
109679	2	94294
109680	2	94428
109681	2	95097
109682	2	119561
109683	2	94585
109684	2	94515
109685	2	94970
109686	2	94810
109687	2	95012
109688	2	94810
109689	2	94660
109690	2	119561
109691	2	119561
109692	2	119561
109693	2	95006
109694	2	94818
109695	2	94746
109696	2	119561
109697	2	94859
109698	2	95096
109699	2	119561
109700	2	119561
109701	2	94859
109702	2	95173
109703	2	95007
109704	2	95109
109705	2	95155
109706	2	119561
109707	2	119561
109708	2	95028
109709	2	119561
109710	2	95150
109711	2	95015
109712	2	119561
109713	2	95002
109714	2	94810
109715	2	94442
109716	2	94288
109717	2	95097
109718	2	119561
109719	2	119561
109720	2	94272
109721	2	119561
109722	2	119561
109723	2	94810
109724	2	94989
109725	2	119561
109726	2	119561
109727	2	94395
109728	2	94598
109729	2	119561
109730	2	119561
109731	2	94962
109732	2	94810
109733	2	94810
109734	2	94281
109735	2	94581
109736	2	94552
109737	2	94814
109738	2	94550
109739	2	94823
109740	2	119561
109741	2	94908
109742	2	94777
109743	2	119561
109744	2	94482
109745	2	94596
109746	2	94956
109747	2	119561
109748	2	94650
109749	2	94704
109750	2	119561
109751	2	94580
109752	2	95018
109753	2	119561
109754	2	94435
109755	2	119561
109756	2	95160
109757	2	119561
109758	2	119561
109759	2	119561
109760	2	95002
109761	2	94233
109762	2	95107
109763	2	95013
109764	2	94761
109765	2	119561
109766	2	94852
109767	2	94800
109768	2	94600
109769	2	95126
109770	2	119561
109771	2	119561
109772	2	94629
109773	2	94886
109774	2	94810
109775	2	94912
109776	2	95071
109777	2	94683
109778	2	94852
109779	2	119561
109780	2	94707
109781	2	94219
109782	2	94810
109783	2	95024
109784	2	94859
109785	2	95154
109786	2	95081
109787	2	94753
109788	2	95028
109789	2	94281
109790	2	94335
109791	2	119561
109792	2	119561
109793	2	119561
109794	2	119561
109795	2	119561
109796	2	94764
109797	2	119561
109798	2	94939
109799	2	94732
109800	2	94937
109801	2	95167
109802	2	94810
109803	2	94800
109804	2	119561
109805	2	119561
109806	2	94885
109807	2	94828
109808	2	94686
109809	2	94986
109810	2	94859
109811	2	119561
109812	2	95103
109813	2	94563
109814	2	94580
109815	2	94478
109816	2	94868
109817	2	94753
109818	2	119561
109819	2	94981
109820	2	94505
109821	2	94881
109822	2	94815
109823	2	94785
109824	2	94921
109825	2	95182
109826	2	95176
109827	2	119561
109828	2	95002
109829	2	95100
109830	2	95126
109831	2	94720
109832	2	119561
109833	2	119561
109834	2	95120
109835	2	119561
109836	2	94396
109837	2	119561
109838	2	95084
109839	2	94810
109840	2	119561
109841	2	94552
109842	2	95065
109843	2	119561
109844	2	94962
109845	2	119561
109846	2	94391
109847	2	95094
109848	2	94728
109849	2	94515
109850	2	94805
109851	2	94281
109852	2	94394
109853	2	95122
109854	2	94852
109855	2	119561
109856	2	95109
109857	2	94361
109858	2	94595
109859	2	95013
109860	2	94413
109861	2	95151
109862	2	95038
109863	2	94526
109864	2	119561
109865	2	95002
109866	2	95147
109867	2	95149
109868	2	94428
109869	2	94461
109870	2	95153
109871	2	94784
109872	2	94761
109873	2	94937
109874	2	95131
109875	2	94886
109876	2	94288
109877	2	94810
109878	2	119561
109879	2	119561
109880	2	94989
109881	2	119561
109882	2	119561
109883	2	94298
109884	2	94900
109885	2	94353
109886	2	119561
109887	2	119561
109888	2	95117
109889	2	94274
109890	2	119561
109891	2	95065
109892	2	94881
109893	2	95133
109894	2	95184
109895	2	95158
109896	2	95072
109897	2	119561
109898	2	94976
109899	2	119561
109900	2	94810
109901	2	94456
109902	2	94962
109903	2	95053
109904	2	94410
109905	2	94673
109906	2	119561
109907	2	119561
109908	2	95051
109909	2	119561
109910	2	95176
109911	2	95106
109912	2	94645
109913	2	119561
109914	2	119561
109915	2	95172
109916	2	95018
109917	2	94810
109918	2	94746
109919	2	94400
109920	2	95140
109921	2	94999
109922	2	94926
109923	2	119561
109924	2	119561
109925	2	119561
109926	2	94605
109927	2	94237
109928	2	94364
109929	2	94719
109930	2	119561
109931	2	119561
109932	2	119561
109933	2	94810
109934	2	95167
109935	2	94810
109936	2	94237
109937	2	94342
109938	2	94976
109939	2	95028
109940	2	119561
109941	2	119561
109942	2	94798
109943	2	94368
109944	2	94910
109945	2	95038
109946	2	94902
109947	2	94810
109948	2	94439
109949	2	119561
109950	2	119561
109951	2	119561
109952	2	94917
109953	2	94642
109954	2	95126
109955	2	94911
109956	2	95137
109957	2	95017
109958	2	94810
109959	2	94342
109960	2	94939
109961	2	94841
109962	2	119561
109963	2	95182
109964	2	94777
109965	2	94274
109966	2	95135
109967	2	119561
109968	2	95103
109969	2	95119
109970	2	119561
109971	2	95017
109972	2	95038
109973	2	95017
109974	2	94827
109975	2	95107
109976	2	95121
109977	2	94752
109978	2	119561
109979	2	94922
109980	2	94643
109981	2	119561
109982	2	94608
109983	2	119561
109984	2	94817
109985	2	94827
109986	2	119561
109987	2	119561
109988	2	95189
109989	2	94814
109990	2	94897
109991	2	94989
109992	2	94663
109993	2	94405
109994	2	119561
109995	2	119561
109996	2	94730
109997	2	94911
109998	2	95038
109999	2	94954
110000	2	95013
110001	2	119561
110002	2	95018
110003	2	94390
110004	2	94701
110005	2	95083
110006	2	95059
110007	2	94969
110008	2	95104
110009	2	94405
110010	2	95131
110011	2	119561
110012	2	94999
110013	2	94562
110014	2	94453
110015	2	95032
110016	2	95018
110017	2	94531
110018	2	95149
110019	2	94600
110020	2	94810
110021	2	94400
110022	2	95151
110023	2	95108
110024	2	94994
110025	2	94792
110026	2	119561
110027	2	119561
110028	2	94342
110029	2	119561
110030	2	94937
110031	2	95013
110032	2	94253
110033	2	119561
110034	2	119561
110035	2	94576
110036	2	94810
110037	2	119561
110038	2	119561
110039	2	119561
110040	2	95009
110041	2	94367
110042	2	119561
110043	2	94762
110044	2	95053
110045	2	94402
110046	2	94749
110047	2	119561
110048	2	95080
110049	2	119561
110050	2	94864
110051	2	119561
110052	2	94695
110053	2	94989
110054	2	94645
110055	2	119561
110056	2	119561
110057	2	95134
110058	2	95184
110059	2	94955
110060	2	119561
110061	2	94810
110062	2	94805
110063	2	94543
110064	2	94728
110065	2	94278
110066	2	94857
110067	2	94989
110068	2	95052
110069	2	95139
110070	2	95049
110071	2	95145
110072	2	94481
110073	2	94999
110074	2	94758
110075	2	119561
110076	2	119561
110077	2	94989
110078	2	119561
110079	2	94679
110080	2	95018
110081	2	94904
110082	2	119561
110083	2	94789
110084	2	94749
110085	2	119561
110086	2	119561
110087	2	119561
110088	2	95092
110089	2	94591
110090	2	94981
110091	2	94976
110092	2	94358
110093	2	95182
110094	2	119561
110095	2	119561
110096	2	119561
110097	2	94545
110098	2	94756
110099	2	119561
110100	2	95000
110101	2	94746
110102	2	95005
110103	2	119561
110104	2	94989
110105	2	119561
110106	2	119561
110107	2	95053
110108	2	94894
110109	2	95145
110110	2	94894
110111	2	94375
110112	2	94937
110113	2	94999
110114	2	95095
110115	2	95120
110116	2	95110
110117	2	119561
110118	2	95021
110119	2	119561
110120	2	95042
110121	2	119561
110122	2	119561
110123	2	94467
110124	2	94351
110125	2	94519
110126	2	94792
110127	2	119561
110128	2	119561
110129	2	94857
110130	2	119561
110131	2	119561
110132	2	95053
110133	2	119561
110134	2	119561
110135	2	94287
110136	2	119561
110137	2	94638
110138	2	119561
110139	2	95110
110140	2	94815
110141	2	94435
110142	2	94326
110143	2	119561
110144	2	119561
110145	2	94395
110146	2	95018
110147	2	94638
110148	2	95155
110149	2	94823
110150	2	94677
110151	2	95050
110152	2	94228
110153	2	119561
110154	2	94887
110155	2	94928
110156	2	95017
110157	2	119561
110158	2	95049
110159	2	94396
110160	2	95051
110161	2	95132
110162	2	119561
110163	2	95038
110164	2	94928
110165	2	119561
110166	2	94817
110167	2	94588
110168	2	119561
110169	2	119561
110170	2	95103
110171	2	95053
110172	2	95094
110173	2	95013
110174	2	94810
110175	2	94686
110176	2	95049
110177	2	119561
110178	2	119561
110179	2	119561
110180	2	119561
110181	2	119561
110182	2	119561
110183	2	94900
110184	2	94722
110185	2	119561
110186	2	94805
110187	2	95084
110188	2	94665
110189	2	94973
110190	2	95088
110191	2	94936
110192	2	119561
110193	2	119561
110194	2	119561
110195	2	94991
110196	2	94708
110197	2	94852
110198	2	94951
110199	2	95144
110200	2	119561
110201	2	94708
110202	2	94916
110203	2	119561
110204	2	94292
110205	2	94476
110206	2	94454
110207	2	94405
110208	2	119561
110209	2	95137
110210	2	94375
110211	2	119561
110212	2	119561
110213	2	94615
110214	2	119561
110215	2	94810
110216	2	94260
110217	2	119561
110218	2	94999
110219	2	119561
110220	2	94717
110221	2	119561
110222	2	95162
110223	2	119561
110224	2	94634
110225	2	119561
110226	2	119561
110227	2	94800
110228	2	94387
110229	2	94810
110230	2	119561
110231	2	119561
110232	2	119561
110233	2	119561
110234	2	95008
110235	2	94422
110236	2	94973
110237	2	94654
110238	2	119561
110239	2	94927
110240	2	94746
110241	2	94823
110242	2	94785
110243	2	119561
110244	2	119561
110245	2	119561
110246	2	119561
110247	2	94652
110248	2	119561
110249	2	95053
110250	2	95103
110251	2	94497
110252	2	119561
110253	2	95150
110254	2	94911
110255	2	95140
110256	2	94557
110257	2	95017
110258	2	94732
110259	2	95086
110260	2	94570
110261	2	94626
110262	2	94379
110263	2	119561
110264	2	119561
110265	2	95145
110266	2	94506
110267	2	119561
110268	2	94666
110269	2	94526
110270	2	94317
110271	2	95173
110272	2	94981
110273	2	94798
110274	2	94552
110275	2	94732
110276	2	94908
110277	2	94998
110278	2	95049
110279	2	95179
110280	2	94785
110281	2	119561
110282	2	95144
110283	2	94654
110284	2	119561
110285	2	94995
110286	2	119561
110287	2	119561
110288	2	94885
110289	2	94639
110290	2	95126
110291	2	95037
110292	2	94734
110293	2	95049
110294	2	119561
110295	2	94694
110296	2	95123
110297	2	94810
110298	2	119561
110299	2	95017
110300	2	119561
110301	2	94773
110302	2	94962
110303	2	95136
110304	2	119561
110305	2	119561
110306	2	94675
110307	2	119561
110308	2	94810
110309	2	94885
110310	2	119561
110311	2	95026
110312	2	94784
110313	2	94810
110314	2	94700
110315	2	94989
110316	2	94972
110317	2	119561
110318	2	94810
110319	2	95018
110320	2	94823
110321	2	94810
110322	2	95126
110323	2	119561
110324	2	95044
110325	2	119561
110326	2	119561
110327	2	119561
110328	2	94921
110329	2	94428
110330	2	94939
110331	2	119561
110332	2	119561
110333	2	119561
110334	2	94756
110335	2	119561
110336	2	119561
110337	2	95104
110338	2	95026
110339	2	94283
110340	2	94989
110341	2	94491
110342	2	95073
110343	2	119561
110344	2	119561
110345	2	94677
110346	2	94785
110347	2	95018
110348	2	95105
110349	2	94841
110350	2	119561
110351	2	95141
110352	2	95173
110353	2	119561
110354	2	95086
110355	2	94971
110356	2	95133
110357	2	94962
110358	2	95036
110359	2	119561
110360	2	119561
110361	2	94827
110362	2	119561
110363	2	119561
110364	2	95017
110365	2	94580
110366	2	95057
110367	2	119561
110368	2	119561
110369	2	119561
110370	2	94733
110371	2	119561
110372	2	94877
110373	2	119561
110374	2	119561
110375	2	95053
110376	2	95132
110377	2	119561
110378	2	119561
110379	2	119561
110380	2	119561
110381	2	94920
110382	2	94784
110383	2	94805
110384	2	95159
110385	2	95053
110386	2	94571
110387	2	94989
110388	2	95026
110389	2	95049
110390	2	119561
110391	2	94823
110392	2	94482
110393	2	95143
110394	2	94461
110395	2	95133
110396	2	94658
110397	2	94707
110398	2	94410
110399	2	95044
110400	2	119561
110401	2	119561
110402	2	94591
110403	2	94336
110404	2	119561
110405	2	95020
110406	2	95087
110407	2	94976
110408	2	119561
110409	2	94921
110410	2	119561
110411	2	119561
110412	2	95106
110413	2	95025
110414	2	95103
110415	2	119561
110416	2	119561
110417	2	94765
110418	2	94389
110419	2	94810
110420	2	119561
110421	2	119561
110422	2	95106
110423	2	119561
110424	2	94728
110425	2	95114
110426	2	119561
110427	2	119561
110428	2	119561
110429	2	119561
110430	2	119561
110431	2	95123
110432	2	94894
110433	2	94467
110434	2	119561
110435	2	119561
110436	2	119561
110437	2	119561
110438	2	95053
110439	2	119561
110440	2	94585
110441	2	94519
110442	2	94803
110443	2	119561
110444	2	95051
110445	2	94747
110446	2	95182
110447	2	94479
110448	2	95070
110449	2	94882
110450	2	94395
110451	2	94551
110452	2	94752
110453	2	94747
110454	2	119561
110455	2	94701
110456	2	94999
110457	2	94482
110458	2	95036
110459	2	94460
110460	2	94616
110461	2	94811
110462	2	119561
110463	2	94973
110464	2	94407
110465	2	94686
110466	2	95062
110467	2	94796
110468	2	95028
110469	2	95049
110470	2	94676
110471	2	94645
110472	2	94342
110473	2	119561
110474	2	95140
110475	2	119561
110476	2	94928
110477	2	94734
110478	2	95028
110479	2	94719
110480	2	94383
110481	2	94805
110482	2	95160
110483	2	95069
110484	2	119561
110485	2	95139
110486	2	94555
110487	2	119561
110488	2	95015
110489	2	119561
110490	2	95131
110491	2	119561
110492	2	94673
110493	2	94857
110494	2	94224
110495	2	119561
110496	2	94800
110497	2	119561
110498	2	94819
110499	2	119561
110500	2	119561
110501	2	94954
110502	2	94800
110503	2	94720
110504	2	94810
110505	2	119561
110506	2	95131
110507	2	119561
110508	2	119561
110509	2	94604
110510	2	94270
110511	2	95131
110512	2	94910
110513	2	95141
110514	2	94973
110515	2	94783
110516	2	119561
110517	2	94495
110518	2	119561
110519	2	95175
110520	2	119561
110521	2	94800
110522	2	94999
110523	2	95175
110524	2	94805
110525	2	95108
110526	2	94809
110527	2	94887
110528	2	119561
110529	2	94815
110530	2	95015
110531	2	119561
110532	2	95051
110533	2	94784
110534	2	95038
110535	2	119561
110536	2	94692
110537	2	119561
110538	2	119561
110539	2	94591
110540	2	94379
110541	2	94417
110542	2	95045
110543	2	95036
110544	2	119561
110545	2	94894
110546	2	119561
110547	2	94426
110548	2	94410
110549	2	119561
110550	2	94954
110551	2	119561
110552	2	119561
110553	2	119561
110554	2	94543
110555	2	119561
110556	2	119561
110557	2	119561
110558	2	94535
110559	2	94608
110560	2	95171
110561	2	95173
110562	2	95172
110563	2	94933
110564	2	119561
110565	2	95003
110566	2	95028
110567	2	94423
110568	2	119561
110569	2	94426
110570	2	119561
110571	2	94979
110572	2	94605
110573	2	95094
110574	2	94745
110575	2	94536
110576	2	95026
110577	2	119561
110578	2	119561
110579	2	94805
110580	2	94270
110581	2	119561
110582	2	94911
110583	2	119561
110584	2	119561
110585	2	94792
110586	2	95046
110587	2	119561
110588	2	94899
110589	2	95173
110590	2	119561
110591	2	119561
110592	2	94304
110593	2	94342
110594	2	119561
110595	2	94848
110596	2	94639
110597	2	119561
110598	2	119561
110599	2	119561
110600	2	119561
110601	2	119561
110602	2	95144
110603	2	94910
110604	2	95009
110605	2	94224
110606	2	95042
110607	2	94998
110608	2	94645
110609	2	94973
110610	2	94951
110611	2	119561
110612	2	95158
110613	2	119561
110614	2	94989
110615	2	119561
110616	2	94541
110617	2	119561
110618	2	94359
110619	2	119561
110620	2	95096
110621	2	94810
110622	2	94383
110623	2	94613
110624	2	95096
110625	2	94999
110626	2	94240
110627	2	95138
110628	2	94894
110629	2	94604
110630	2	94810
110631	2	94912
110632	2	94999
110633	2	94418
110634	2	119561
110635	2	94908
110636	2	95017
110637	2	94535
110638	2	95094
110639	2	94243
110640	2	94423
110641	2	94302
110642	2	94925
110643	2	94810
110644	2	119561
110645	2	94911
110646	2	94937
110647	2	94749
110648	2	94764
110649	2	119561
110650	2	94757
110651	2	94623
110652	2	95011
110653	2	95041
110654	2	119561
110655	2	119561
110656	2	95096
110657	2	119561
110658	2	94968
110659	2	119561
110660	2	119561
110661	2	94909
110662	2	94256
110663	2	94917
110664	2	94937
110665	2	119561
110666	2	95182
110667	2	94973
110668	2	94637
110669	2	95176
110670	2	94968
110671	2	119561
110672	2	119561
110673	2	119561
110674	2	119561
110675	2	95136
110676	2	94564
110677	2	95137
110678	2	94628
110679	2	95053
110680	2	119561
110681	2	95160
110682	2	119561
110683	2	95017
110684	2	95126
110685	2	119561
110686	2	94987
110687	2	94985
110688	2	94498
110689	2	95123
110690	2	94937
110691	2	94663
110692	2	95142
110693	2	119561
110694	2	95153
110695	2	94976
110696	2	119561
110697	2	95064
110698	2	119561
110699	2	94382
110700	2	95097
110701	2	94509
110702	2	94989
110703	2	95100
110704	2	94535
110705	2	94913
110706	2	94663
110707	2	95051
110708	2	94219
110709	2	94698
110710	2	94892
110711	2	94228
110712	2	119561
110713	2	119561
110714	2	119561
110715	2	119561
110716	2	95038
110717	2	94325
110718	2	95094
110719	2	94317
110720	2	95133
110721	2	95036
110722	2	94761
110723	2	94696
110724	2	95139
110725	2	95002
110726	2	119561
110727	2	94722
110728	2	94800
110729	2	94313
110730	2	119561
110731	2	94767
110732	2	119561
110733	2	95018
110734	2	95063
110735	2	94956
110736	2	119561
110737	2	95014
110738	2	94819
110739	2	95027
110740	2	95186
110741	2	95113
110742	2	94382
110743	2	95017
110744	2	95063
110745	2	94378
110746	2	94813
110747	2	119561
110748	2	94301
110749	2	94433
110750	2	94439
110751	2	94234
110752	2	119561
110753	2	94752
110754	2	95094
110755	2	95154
110756	2	94810
110757	2	119561
110758	2	94694
110759	2	95155
110760	2	94716
110761	2	119561
110762	2	119561
110763	2	119561
110764	2	119561
110765	2	94995
110766	2	94753
110767	2	119561
110768	2	95041
110769	2	94765
110770	2	94476
110771	2	95104
110772	2	95053
110773	2	119561
110774	2	119561
110775	2	94999
110776	2	94805
110777	2	94877
110778	2	119561
110779	2	94686
110780	2	95077
110781	2	94654
110782	2	95028
110783	2	119561
110784	2	94928
110785	2	94642
110786	2	94910
110787	2	119561
110788	2	119561
110789	2	119561
110790	2	94881
110791	2	119561
110792	2	95092
110793	2	119561
110794	2	119561
110795	2	94654
110796	2	119561
110797	2	95150
110798	2	94791
110799	2	94753
110800	2	94920
110801	2	119561
110802	2	94810
110803	2	95063
110804	2	119561
110805	2	94810
110806	2	119561
110807	2	94691
110808	2	94998
110809	2	94754
110810	2	119561
110811	2	94683
110812	2	94809
110813	2	119561
110814	2	119561
110815	2	94429
110816	2	119561
110817	2	119561
110818	2	94852
110819	2	119561
110820	2	94753
110821	2	94281
110822	2	94928
110823	2	119561
110824	2	94805
110825	2	94810
110826	2	94665
110827	2	94698
110828	2	94323
110829	2	94834
110830	2	94969
110831	2	95041
110832	2	94522
110833	2	95002
110834	2	95074
110835	2	119561
110836	2	119561
110837	2	95053
110838	2	94991
110839	2	94605
110840	2	119561
110841	2	95180
110842	2	94722
110843	2	119561
110844	2	119561
110845	2	95140
110846	2	119561
110847	2	94568
110848	2	95100
110849	2	94828
110850	2	94954
110851	2	95117
110852	2	95187
110853	2	94989
110854	2	119561
110855	2	119561
110856	2	94639
110857	2	95154
110858	2	95074
110859	2	94219
110860	2	94976
110861	2	94810
110862	2	95155
110863	2	94969
110864	2	95017
110865	2	94566
110866	2	94745
110867	2	119561
110868	2	119561
110869	2	119561
110870	2	94803
110871	2	94976
110872	2	94817
110873	2	94344
110874	2	95139
110875	2	94667
110876	2	94985
110877	2	119561
110878	2	95084
110879	2	119561
110880	2	119561
110881	2	95055
110882	2	95028
110883	2	119561
110884	2	119561
110885	2	119561
110886	2	95053
110887	2	94716
110888	2	94747
110889	2	119561
110890	2	94375
110891	2	119561
110892	2	94956
110893	2	95147
110894	2	94608
110895	2	119561
110896	2	94753
110897	2	94810
110898	2	119561
110899	2	119561
110900	2	95028
110901	2	119561
110902	2	94258
110903	2	119561
110904	2	94701
110905	2	94805
110906	2	94810
110907	2	94999
110908	2	95017
110909	2	119561
110910	2	95073
110911	2	95073
110912	2	95107
110913	2	119561
110914	2	94841
110915	2	119561
110916	2	94450
110917	2	94805
110918	2	94830
110919	2	94910
110920	2	94562
110921	2	95124
110922	2	94562
110923	2	94249
110924	2	94713
110925	2	119561
110926	2	94823
110927	2	95062
110928	2	95141
110929	2	119561
110930	2	95106
110931	2	95041
110932	2	95108
110933	2	94753
110934	2	94995
110935	2	94954
110936	2	95053
110937	2	95136
110938	2	94669
110939	2	94614
110940	2	119561
110941	2	95057
110942	2	94791
110943	2	94777
110944	2	119561
110945	2	119561
110946	2	119561
110947	2	94922
110948	2	95038
110949	2	95124
110950	2	94976
110951	2	94417
110952	2	95038
110953	2	94764
110954	2	95053
110955	2	94811
110956	2	119561
110957	2	94785
110958	2	94268
110959	2	94407
110960	2	94717
110961	2	119561
110962	2	94663
110963	2	94481
110964	2	95177
110965	2	119561
110966	2	94753
110967	2	94916
110968	2	119561
110969	2	94800
110970	2	94516
110971	2	119561
110972	2	94673
110973	2	94660
110974	2	95053
110975	2	119561
110976	2	94921
110977	2	95050
110978	2	119561
110979	2	94444
110980	2	94777
110981	2	94666
110982	2	119561
110983	2	95060
110984	2	119561
110985	2	94735
110986	2	119561
110987	2	94809
110988	2	94899
110989	2	95013
110990	2	94809
110991	2	94460
110992	2	94396
110993	2	94410
110994	2	95045
110995	2	119561
110996	2	95052
110997	2	94865
110998	2	94881
110999	2	94730
111000	2	119561
111001	2	119561
111002	2	94461
111003	2	119561
111004	2	94464
111005	2	119561
111006	2	119561
111007	2	95167
111008	2	119561
111009	2	95150
111010	2	94951
111011	2	94601
111012	2	94405
111013	2	95101
111014	2	94645
111015	2	95053
111016	2	94691
111017	2	94384
111018	2	95150
111019	2	119561
111020	2	94779
111021	2	94753
111022	2	119561
111023	2	95069
111024	2	94995
111025	2	119561
111026	2	119561
111027	2	94378
111028	2	94805
111029	2	119561
111030	2	94699
111031	2	119561
111032	2	94640
111033	2	95053
111034	2	94783
111035	2	94976
111036	2	95126
111037	2	94887
111038	2	94652
111039	2	94973
111040	2	119561
111041	2	95011
111042	2	119561
111043	2	95122
111044	2	94859
111045	2	94623
111046	2	95067
111047	2	95094
111048	2	95018
111049	2	119561
111050	2	94595
111051	2	119561
111052	2	94956
111053	2	119561
111054	2	94911
111055	2	119561
111056	2	119561
111057	2	94976
111058	2	95014
111059	2	94663
111060	2	95151
111061	2	94857
111062	2	94614
111063	2	119561
111064	2	119561
111065	2	94859
111066	2	94675
111067	2	95153
111068	2	94601
111069	2	94791
111070	2	94552
111071	2	94925
111072	2	94864
111073	2	94566
111074	2	94996
111075	2	95017
111076	2	95154
111077	2	95038
111078	2	94743
111079	2	95187
111080	2	95122
111081	2	95057
111082	2	94364
111083	2	94937
111084	2	94815
111085	2	95149
111086	2	94616
111087	2	95151
111088	2	94435
111089	2	95010
111090	2	94810
111091	2	95084
111092	2	119561
111093	2	119561
111094	2	94444
111095	2	94387
111096	2	95172
111097	2	119561
111098	2	94892
111099	2	94580
111100	2	95109
111101	2	119561
111102	2	94810
111103	2	95126
111104	2	95026
111105	2	94987
111106	2	119561
111107	2	119561
111108	2	94318
111109	2	95053
111110	2	94873
111111	2	94701
111112	2	94716
111113	2	94753
111114	2	94440
111115	2	94667
111116	2	94735
111117	2	119561
111118	2	119561
111119	2	95157
111120	2	95126
111121	2	94654
111122	2	95138
111123	2	94920
111124	2	94536
111125	2	119561
111126	2	94509
111127	2	94920
111128	2	95182
111129	2	95057
111130	2	94792
111131	2	119561
111132	2	95081
111133	2	119561
111134	2	94324
111135	2	95177
111136	2	94810
111137	2	94742
111138	2	94893
111139	2	95018
111140	2	94928
111141	2	119561
111142	2	119561
111143	2	94528
111144	2	94440
111145	2	95182
111146	2	94680
111147	2	95031
111148	2	119561
111149	2	94892
111150	2	94925
111151	2	119561
111152	2	94543
111153	2	94911
111154	2	119561
111155	2	94525
111156	2	119561
111157	2	119561
111158	2	94881
111159	2	119561
111160	2	94667
111161	2	95063
111162	2	119561
111163	2	94453
111164	2	119561
111165	2	119561
111166	2	95005
111167	2	95160
111168	2	119561
111169	2	94999
111170	2	94764
111171	2	95139
111172	2	95114
111173	2	94976
111174	2	94398
111175	2	94737
111176	2	94810
111177	2	94792
111178	2	94699
111179	2	119561
111180	2	119561
111181	2	95017
111182	2	94887
111183	2	119561
111184	2	119561
111185	2	95106
111186	2	94671
111187	2	95000
111188	2	119561
111189	2	119561
111190	2	119561
111191	2	94336
111192	2	94396
111193	2	94985
111194	2	119561
111195	2	95175
111196	2	95157
111197	2	94810
111198	2	94810
111199	2	94417
111200	2	94701
111201	2	95157
111202	2	95176
111203	2	95100
111204	2	94344
111205	2	119561
111206	2	95053
111207	2	94442
111208	2	119561
111209	2	119561
111210	2	119561
111211	2	94511
111212	2	94655
111213	2	95002
111214	2	94951
111215	2	119561
111216	2	94713
111217	2	94810
111218	2	94384
111219	2	95122
111220	2	94694
111221	2	94810
111222	2	94663
111223	2	119561
111224	2	94912
111225	2	119561
111226	2	94747
111227	2	119561
111228	2	94616
111229	2	94813
111230	2	94969
111231	2	119561
111232	2	94585
111233	2	95018
111234	2	94550
111235	2	95126
111236	2	94810
111237	2	94745
111238	2	94554
111239	2	94482
111240	2	94910
111241	2	94647
111242	2	119561
111243	2	94757
111244	2	94383
111245	2	94628
111246	2	119561
111247	2	119561
111248	2	119561
111249	2	119561
111250	2	119561
111251	2	94929
111252	2	94563
111253	2	94500
111254	2	94545
111255	2	94342
111256	2	94810
111257	2	119561
111258	2	94604
111259	2	95042
111260	2	119561
111261	2	94916
111262	2	94999
111263	2	94777
111264	2	94601
111265	2	94810
111266	2	95108
111267	2	94948
111268	2	119561
111269	2	94753
111270	2	119561
111271	2	119561
111272	2	95155
111273	2	94865
111274	2	95143
111275	2	94503
111276	2	95073
111277	2	95131
111278	2	119561
111279	2	94669
111280	2	94637
111281	2	119561
111282	2	94834
111283	2	94713
111284	2	95175
111285	2	94943
111286	2	94999
111287	2	95090
111288	2	95110
111289	2	119561
111290	2	119561
111291	2	94490
111292	2	119561
111293	2	119561
111294	2	95031
111295	2	94720
111296	2	119561
111297	2	95140
111298	2	94580
111299	2	95053
111300	2	119561
111301	2	119561
111302	2	119561
111303	2	95053
111304	2	94756
111305	2	94955
111306	2	95103
111307	2	119561
111308	2	119561
111309	2	95044
111310	2	94585
111311	2	94658
111312	2	94301
111313	2	119561
111314	2	94805
111315	2	94745
111316	2	94852
111317	2	95132
111318	2	119561
111319	2	94976
111320	2	119561
111321	2	119561
111322	2	95184
111323	2	119561
111324	2	95126
111325	2	94937
111326	2	94404
111327	2	94665
111328	2	95174
111329	2	95053
111330	2	95014
111331	2	94592
111332	2	119561
111333	2	94628
111334	2	94390
111335	2	95140
111336	2	119561
111337	2	94981
111338	2	119561
111339	2	95182
111340	2	94503
111341	2	119561
111342	2	94666
111343	2	119561
111344	2	94561
111345	2	95026
111346	2	94580
111347	2	94580
111348	2	94713
111349	2	119561
111350	2	94435
111351	2	119561
111352	2	95103
111353	2	94571
111354	2	95109
111355	2	94525
111356	2	94630
111357	2	95044
111358	2	94916
111359	2	94476
111360	2	94987
111361	2	94713
111362	2	119561
111363	2	94528
111364	2	119561
111365	2	94908
111366	2	94894
111367	2	95179
111368	2	119561
111369	2	94547
111370	2	95182
111371	2	119561
111372	2	119561
111373	2	94925
111374	2	95176
111375	2	95018
111376	2	94894
111377	2	119561
111378	2	94810
111379	2	95144
111380	2	94719
111381	2	119561
111382	2	119561
111383	2	119561
111384	2	94962
111385	2	119561
111386	2	94308
111387	2	95182
111388	2	119561
111389	2	94954
111390	2	94663
111391	2	119561
111392	2	94708
111393	2	119561
111394	2	95038
111395	2	119561
111396	2	94971
111397	2	94749
111398	2	95157
111399	2	94814
111400	2	94442
111401	2	94562
111402	2	94995
111403	2	95150
111404	2	119561
111405	2	119561
111406	2	119561
111407	2	94904
111408	2	95042
111409	2	94936
111410	2	94489
111411	2	95042
111412	2	119561
111413	2	119561
111414	2	95051
111415	2	94654
111416	2	94591
111417	2	94354
111418	2	119561
111419	2	95157
111420	2	119561
111421	2	119561
111422	2	94899
111423	2	119561
111424	2	94897
111425	2	94817
111426	2	119561
111427	2	94402
111428	2	119561
111429	2	95067
111430	2	94389
111431	2	119561
111432	2	95013
111433	2	94605
111434	2	95151
111435	2	94998
111436	2	119561
111437	2	95149
111438	2	95144
111439	2	95018
111440	2	94384
111441	2	95017
111442	2	119561
111443	2	94391
111444	2	95126
111445	2	94400
111446	2	119561
111447	2	94830
111448	2	95119
111449	2	94251
111450	2	95038
111451	2	119561
111452	2	119561
111453	2	119561
111454	2	95018
111455	2	95149
111456	2	94757
111457	2	94588
111458	2	94717
111459	2	94520
111460	2	119561
111461	2	119561
111462	2	94539
111463	2	119561
111464	2	119561
111465	2	94701
111466	2	95069
111467	2	119561
111468	2	95153
111469	2	94622
111470	2	119561
111471	2	119561
111472	2	94337
111473	2	95150
111474	2	95181
111475	2	119561
111476	2	94470
111477	2	94702
111478	2	119561
111479	2	95126
111480	2	94817
111481	2	94999
111482	2	94576
111483	2	94592
111484	2	94859
111485	2	94708
111486	2	94508
111487	2	95010
111488	2	119561
111489	2	94591
111490	2	94976
111491	2	94687
111492	2	119561
111493	2	94956
111494	2	95149
111495	2	119561
111496	2	95018
111497	2	94580
111498	2	94995
111499	2	95184
111500	2	119561
111501	2	95017
111502	2	94516
111503	2	119561
111504	2	94419
111505	2	94792
111506	2	95043
111507	2	94495
111508	2	119561
111509	2	95165
111510	2	94377
111511	2	94810
111512	2	119561
111513	2	94912
111514	2	94667
111515	2	95021
111516	2	95167
111517	2	119561
111518	2	95059
111519	2	119561
111520	2	119561
111521	2	119561
111522	2	94404
111523	2	95018
111524	2	119561
111525	2	94800
111526	2	94274
111527	2	119561
111528	2	119561
111529	2	119561
111530	2	119561
111531	2	94927
111532	2	94288
111533	2	94747
111534	2	95007
111535	2	95155
111536	2	94577
111537	2	119561
111538	2	95138
111539	2	119561
111540	2	94265
111541	2	94767
111542	2	119561
111543	2	95003
111544	2	95160
111545	2	94515
111546	2	119561
111547	2	95067
111548	2	94810
111549	2	94522
111550	2	94563
111551	2	95184
111552	2	94536
111553	2	94698
111554	2	119561
111555	2	119561
111556	2	95067
111557	2	119561
111558	2	94976
111559	2	119561
111560	2	94294
111561	2	119561
111562	2	95185
111563	2	119561
111564	2	95069
111565	2	119561
111566	2	94819
111567	2	119561
111568	2	94240
111569	2	95057
111570	2	95007
111571	2	95160
111572	2	119561
111573	2	119561
111574	2	94317
111575	2	94682
111576	2	119561
111577	2	119561
111578	2	95049
111579	2	119561
111580	2	95103
111581	2	94444
111582	2	95122
111583	2	119561
111584	2	95021
111585	2	94800
111586	2	95161
111587	2	95108
111588	2	119561
111589	2	94810
111590	2	94749
111591	2	95119
111592	2	94814
111593	2	95119
111594	2	119561
111595	2	94526
111596	2	94476
111597	2	94987
111598	2	119561
111599	2	119561
111600	2	95109
111601	2	94642
111602	2	119561
111603	2	95028
111604	2	119561
111605	2	119561
111606	2	119561
111607	2	95049
111608	2	94970
111609	2	119561
111610	2	119561
111611	2	95017
111612	2	119561
111613	2	94910
111614	2	94754
111615	2	94568
111616	2	94477
111617	2	119561
111618	2	94976
111619	2	119561
111620	2	95153
111621	2	94810
111622	2	119561
111623	2	94394
111624	2	94912
111625	2	95162
111626	2	95029
111627	2	119561
111628	2	94805
111629	2	95073
111630	2	95166
111631	2	94991
111632	2	119561
111633	2	119561
111634	2	94497
111635	2	95042
111636	2	95042
111637	2	94810
111638	2	94834
111639	2	94916
111640	2	94826
111641	2	119561
111642	2	95074
111643	2	94249
111644	2	94367
111645	2	95132
111646	2	95069
111647	2	95162
111648	2	119561
111649	2	95147
111650	2	119561
111651	2	94810
111652	2	94830
111653	2	94834
111654	2	95157
111655	2	95112
111656	2	95053
111657	2	119561
111658	2	119561
111659	2	94981
111660	2	119561
111661	2	94642
111662	2	94638
111663	2	119561
111664	2	119561
111665	2	95129
111666	2	95007
111667	2	94785
111668	2	95032
111669	2	94511
111670	2	95155
111671	2	119561
111672	2	95150
111673	2	119561
111674	2	119561
111675	2	119561
111676	2	119561
111677	2	94545
111678	2	119561
111679	2	119561
111680	2	95045
111681	2	119561
111682	2	95155
111683	2	95129
111684	2	119561
111685	2	119561
111686	2	119561
111687	2	94482
111688	2	94929
111689	2	94630
111690	2	94752
111691	2	119561
111692	2	119561
111693	2	119561
111694	2	95137
111695	2	119561
111696	2	94358
111697	2	94805
111698	2	119561
111699	2	94937
111700	2	94662
111701	2	94805
111702	2	94619
111703	2	95025
111704	2	119561
111705	2	119561
111706	2	119561
111707	2	95184
111708	2	94916
111709	2	94663
111710	2	119561
111711	2	119561
111712	2	94645
111713	2	119561
111714	2	94436
111715	2	94605
111716	2	119561
111717	2	119561
111718	2	95053
111719	2	95160
111720	2	94606
111721	2	95042
111722	2	119561
111723	2	95150
111724	2	119561
111725	2	94485
111726	2	119561
111727	2	94989
111728	2	119561
111729	2	94629
111730	2	95013
111731	2	94810
111732	2	119561
111733	2	95114
111734	2	94389
111735	2	119561
111736	2	94980
111737	2	95162
111738	2	119561
111739	2	94630
111740	2	94817
111741	2	94655
111742	2	95036
111743	2	94937
111744	2	95188
111745	2	94998
111746	2	94745
111747	2	94694
111748	2	94920
111749	2	119561
111750	2	94477
111751	2	94699
111752	2	95131
111753	2	94810
111754	2	95096
111755	2	94318
111756	2	94920
111757	2	94976
111758	2	95150
111759	2	119561
111760	2	119561
111761	2	94637
111762	2	95031
111763	2	94810
111764	2	94702
111765	2	119561
111766	2	94454
111767	2	95052
111768	2	119561
111769	2	94704
111770	2	119561
111771	2	119561
111772	2	95155
111773	2	119561
111774	2	119561
111775	2	94526
111776	2	119561
111777	2	94810
111778	2	119561
111779	2	95002
111780	2	95013
111781	2	119561
111782	2	94728
111783	2	95121
111784	2	94810
111785	2	95005
111786	2	94660
111787	2	94923
111788	2	119561
111789	2	95148
111790	2	119561
111791	2	119561
111792	2	94810
111793	2	94911
111794	2	95028
111795	2	94911
111796	2	94660
111797	2	94460
111798	2	119561
111799	2	94436
111800	2	119561
111801	2	94810
111802	2	95174
111803	2	94429
111804	2	119561
111805	2	94910
111806	2	94912
111807	2	95006
111808	2	119561
111809	2	94810
111810	2	119561
111811	2	94361
111812	2	94258
111813	2	95160
111814	2	94957
111815	2	94308
111816	2	94543
111817	2	94933
111818	2	119561
111819	2	119561
111820	2	94675
111821	2	119561
111822	2	94622
111823	2	94511
111824	2	95124
111825	2	119561
111826	2	119561
111827	2	95123
111828	2	94344
111829	2	94810
111830	2	119561
111831	2	94257
111832	2	95154
111833	2	94996
111834	2	119561
111835	2	94912
111836	2	119561
111837	2	119561
111838	2	94662
111839	2	94713
111840	2	119561
111841	2	94407
111842	2	94543
111843	2	119561
111844	2	94605
111845	2	95140
111846	2	119561
111847	2	94897
111848	2	94928
111849	2	94937
111850	2	94943
111851	2	119561
111852	2	94491
111853	2	94792
111854	2	119561
111855	2	94810
111856	2	119561
111857	2	119561
111858	2	119561
111859	2	95155
111860	2	94367
111861	2	94623
111862	2	94969
111863	2	94701
111864	2	94864
111865	2	94823
111866	2	119561
111867	2	119561
111868	2	94799
111869	2	119561
111870	2	119561
111871	2	119561
111872	2	95179
111873	2	119561
111874	2	119561
111875	2	119561
111876	2	119561
111877	2	94591
111878	2	94482
111879	2	94785
111880	2	94439
111881	2	119561
111882	2	94881
111883	2	119561
111884	2	94937
111885	2	95162
111886	2	94886
111887	2	95132
111888	2	94805
111889	2	95126
111890	2	94764
111891	2	94813
111892	2	94733
111893	2	94346
111894	2	95106
111895	2	94810
111896	2	94777
111897	2	119561
111898	2	94387
111899	2	94694
111900	2	119561
111901	2	119561
111902	2	95117
111903	2	119561
111904	2	119561
111905	2	94479
111906	2	94290
111907	2	119561
111908	2	94805
111909	2	95053
111910	2	119561
111911	2	95053
111912	2	95108
111913	2	119561
111914	2	94647
111915	2	94753
111916	2	95062
111917	2	94791
111918	2	119561
111919	2	95088
111920	2	95154
111921	2	119561
111922	2	94956
111923	2	94810
111924	2	94998
111925	2	119561
111926	2	94612
111927	2	94989
111928	2	95079
111929	2	94852
111930	2	94715
111931	2	94292
111932	2	119561
111933	2	94735
111934	2	119561
111935	2	94887
111936	2	94746
111937	2	94701
111938	2	95049
111939	2	119561
111940	2	94999
111941	2	94519
111942	2	95031
111943	2	119561
111944	2	94546
111945	2	95053
111946	2	94359
111947	2	95185
111948	2	94638
111949	2	94525
111950	2	94810
111951	2	95017
111952	2	94713
111953	2	119561
111954	2	95186
111955	2	94921
111956	2	119561
111957	2	95131
111958	2	95155
111959	2	95165
111960	2	119561
111961	2	94810
111962	2	119561
111963	2	119561
111964	2	119561
111965	2	119561
111966	2	119561
111967	2	119561
111968	2	119561
111969	2	94665
111970	2	94976
111971	2	119561
111972	2	119561
111973	2	94730
111974	2	95017
111975	2	95123
111976	2	95013
111977	2	94383
111978	2	119561
111979	2	95018
111980	2	95072
111981	2	119561
111982	2	94810
111983	2	94973
111984	2	95119
111985	2	119561
111986	2	119561
111987	2	119561
111988	2	95049
111989	2	94753
111990	2	94613
111991	2	95002
111992	2	119561
111993	2	94817
111994	2	95100
111995	2	94721
111996	2	94828
111997	2	119561
111998	2	94643
111999	2	95167
112000	2	94660
112001	2	119561
112002	2	119561
112003	2	94592
112004	2	94613
112005	2	119561
112006	2	95157
112007	2	94757
112008	2	94971
112009	2	95028
112010	2	94351
112011	2	94395
112012	2	94515
112013	2	95044
112014	2	95107
112015	2	94810
112016	2	95157
112017	2	119561
112018	2	94753
112019	2	94910
112020	2	95139
112021	2	94920
112022	2	119561
112023	2	119561
112024	2	94810
112025	2	94748
112026	2	94894
112027	2	119561
112028	2	95008
112029	2	95152
112030	2	94802
112031	2	95109
112032	2	95145
112033	2	119561
112034	2	94224
112035	2	94485
112036	2	94746
112037	2	95094
112038	2	119561
112039	2	94526
112040	2	94555
112041	2	95074
112042	2	95079
112043	2	95002
112044	2	95181
112045	2	95053
112046	2	94396
112047	2	94749
112048	2	95155
112049	2	94478
112050	2	94852
112051	2	95098
112052	2	94951
112053	2	94423
112054	2	94341
112055	2	94976
112056	2	94321
112057	2	119561
112058	2	119561
112059	2	94278
112060	2	95070
112061	2	94539
112062	2	119561
112063	2	94810
112064	2	94976
112065	2	94431
112066	2	119561
112067	2	119561
112068	2	119561
112069	2	94317
112070	2	94752
112071	2	95055
112072	2	119561
112073	2	95002
112074	2	94937
112075	2	95053
112076	2	94753
112077	2	94913
112078	2	95174
112079	2	94554
112080	2	94954
112081	2	94585
112082	2	94810
112083	2	94531
112084	2	94892
112085	2	94660
112086	2	94615
112087	2	94810
112088	2	94389
112089	2	119561
112090	2	95014
112091	2	119561
112092	2	95126
112093	2	94694
112094	2	95109
112095	2	94480
112096	2	119561
112097	2	94800
112098	2	94810
112099	2	119561
112100	2	94828
112101	2	94626
112102	2	94936
112103	2	119561
112104	2	94810
112105	2	95017
112106	2	94810
112107	2	119561
112108	2	94701
112109	2	94484
112110	2	95063
112111	2	95072
112112	2	94423
112113	2	95075
112114	2	94700
112115	2	95141
112116	2	95028
112117	2	119561
112118	2	94954
112119	2	119561
112120	2	95013
112121	2	95026
112122	2	94716
112123	2	94237
112124	2	119561
112125	2	119561
112126	2	95114
112127	2	119561
112128	2	95037
112129	2	95136
112130	2	94367
112131	2	95115
112132	2	119561
112133	2	94667
112134	2	94773
112135	2	94639
112136	2	119561
112137	2	94923
112138	2	119561
112139	2	119561
112140	2	95041
112141	2	119561
112142	2	94805
112143	2	119561
112144	2	95056
112145	2	94614
112146	2	119561
112147	2	95186
112148	2	95141
112149	2	95133
112150	2	94716
112151	2	94645
112152	2	94810
112153	2	119561
112154	2	95083
112155	2	94868
112156	2	95018
112157	2	94610
112158	2	94701
112159	2	94810
112160	2	95174
112161	2	94361
112162	2	94852
112163	2	119561
112164	2	95126
112165	2	119561
112166	2	119561
112167	2	94675
112168	2	119561
112169	2	94660
112170	2	94796
112171	2	94561
112172	2	94506
112173	2	95104
112174	2	95080
112175	2	94528
112176	2	94606
112177	2	94728
112178	2	95108
112179	2	95151
112180	2	94981
112181	2	94485
112182	2	119561
112183	2	95175
112184	2	95050
112185	2	94989
112186	2	94911
112187	2	95132
112188	2	95004
112189	2	95053
112190	2	119561
112191	2	94298
112192	2	95031
112193	2	94810
112194	2	119561
112195	2	119561
112196	2	95053
112197	2	94789
112198	2	94601
112199	2	94715
112200	2	94805
112201	2	94260
112202	2	119561
112203	2	95148
112204	2	94865
112205	2	94998
112206	2	94810
112207	2	119561
112208	2	94531
112209	2	95046
112210	2	119561
112211	2	94810
112212	2	94337
112213	2	95045
112214	2	94753
112215	2	94292
112216	2	119561
112217	2	94652
112218	2	94957
112219	2	95136
112220	2	95085
112221	2	94508
112222	2	119561
112223	2	94955
112224	2	94356
112225	2	95050
112226	2	94294
112227	2	94916
112228	2	94958
112229	2	94423
112230	2	95133
112231	2	94951
112232	2	94916
112233	2	119561
112234	2	119561
112235	2	94258
112236	2	119561
112237	2	95137
112238	2	94810
112239	2	95038
112240	2	95181
112241	2	95031
112242	2	119561
112243	2	95074
112244	2	94708
112245	2	119561
112246	2	94630
112247	2	119561
112248	2	94719
112249	2	95002
112250	2	119561
112251	2	119561
112252	2	95182
112253	2	119561
112254	2	119561
112255	2	95063
112256	2	95137
112257	2	94566
112258	2	94591
112259	2	119561
112260	2	119561
112261	2	94930
112262	2	94810
112263	2	94810
112264	2	119561
112265	2	94805
112266	2	94810
112267	2	94810
112268	2	119561
112269	2	94995
112270	2	94484
112271	2	94973
112272	2	94810
112273	2	94752
112274	2	94912
112275	2	119561
112276	2	94877
112277	2	95042
112278	2	94257
112279	2	95110
112280	2	95175
112281	2	119561
112282	2	95025
112283	2	94989
112284	2	119561
112285	2	95164
112286	2	94669
112287	2	94916
112288	2	95115
112289	2	94783
112290	2	94749
112291	2	94344
112292	2	95015
112293	2	95107
112294	2	119561
112295	2	94868
112296	2	95051
112297	2	119561
112298	2	95185
112299	2	95017
112300	2	94557
112301	2	119561
112302	2	119561
112303	2	95145
112304	2	94857
112305	2	95027
112306	2	119561
112307	2	119561
112308	2	94920
112309	2	94675
112310	2	95038
112311	2	94757
112312	2	94969
112313	2	94785
112314	2	94526
112315	2	94413
112316	2	95051
112317	2	95152
112318	2	119561
112319	2	94692
112320	2	119561
112321	2	119561
112322	2	119561
112323	2	95053
112324	2	119561
112325	2	94313
112326	2	94571
112327	2	94995
112328	2	119561
112329	2	119561
112330	2	95034
112331	2	94779
112332	2	119561
112333	2	94287
112334	2	119561
112335	2	95042
112336	2	94810
112337	2	95028
112338	2	95164
112339	2	94543
112340	2	95155
112341	2	95050
112342	2	119561
112343	2	94526
112344	2	94673
112345	2	94963
112346	2	94645
112347	2	119561
112348	2	94792
112349	2	95175
112350	2	94258
112351	2	94379
112352	2	94922
112353	2	95110
112354	2	119561
112355	2	94910
112356	2	95172
112357	2	95065
112358	2	94541
112359	2	94375
112360	2	94976
112361	2	95074
112362	2	119561
112363	2	119561
112364	2	95136
112365	2	95063
112366	2	94486
112367	2	94753
112368	2	94658
112369	2	119561
112370	2	119561
112371	2	94983
112372	2	94358
112373	2	94753
112374	2	94654
112375	2	119561
112376	2	119561
112377	2	95045
112378	2	95094
112379	2	95126
112380	2	94951
112381	2	119561
112382	2	94470
112383	2	94796
112384	2	94976
112385	2	95172
112386	2	95133
112387	2	95026
112388	2	119561
112389	2	119561
112390	2	119561
112391	2	94810
112392	2	94563
112393	2	119561
112394	2	119561
112395	2	94727
112396	2	95180
112397	2	119561
112398	2	94471
112399	2	119561
112400	2	119561
112401	2	95157
112402	2	94805
112403	2	95018
112404	2	94996
112405	2	94704
112406	2	94419
112407	2	119561
112408	2	94753
112409	2	94570
112410	2	119561
112411	2	95083
112412	2	119561
112413	2	95181
112414	2	119561
112415	2	119561
112416	2	94604
112417	2	119561
112418	2	94800
112419	2	95100
112420	2	119561
112421	2	95009
112422	2	94377
112423	2	94933
112424	2	95053
112425	2	95045
112426	2	119561
112427	2	95032
112428	2	94491
112429	2	119561
112430	2	119561
112431	2	94989
112432	2	119561
112433	2	95053
112434	2	94706
112435	2	94537
112436	2	95122
112437	2	94828
112438	2	119561
112439	2	94996
112440	2	119561
112441	2	119561
112442	2	95154
112443	2	94810
112444	2	94937
112445	2	95013
112446	2	95143
112447	2	94560
112448	2	94937
112449	2	119561
112450	2	94927
112451	2	95078
112452	2	119561
112453	2	94655
112454	2	119561
112455	2	94784
112456	2	94568
112457	2	95013
112458	2	95101
112459	2	95141
112460	2	94954
112461	2	94916
112462	2	94925
112463	2	95042
112464	2	95088
112465	2	119561
112466	2	95048
112467	2	94509
112468	2	119561
112469	2	119561
112470	2	94529
112471	2	95154
112472	2	94894
112473	2	119561
112474	2	94581
112475	2	95053
112476	2	94482
112477	2	95186
112478	2	94613
112479	2	95110
112480	2	119561
112481	2	119561
112482	2	94730
112483	2	95028
112484	2	94586
112485	2	94440
112486	2	119561
112487	2	119561
112488	2	94916
112489	2	94810
112490	2	94986
112491	2	95080
112492	2	119561
112493	2	94976
112494	2	119561
112495	2	94665
112496	2	94288
112497	2	94900
112498	2	119561
112499	2	94976
112500	2	119561
112501	2	119561
112502	2	94809
112503	2	94249
112504	2	94667
112505	2	95089
112506	2	94810
112507	2	119561
112508	2	119561
112509	2	94925
112510	2	94635
112511	2	94865
112512	2	95179
112513	2	119561
112514	2	119561
112515	2	119561
112516	2	94628
112517	2	94765
112518	2	95045
112519	2	94791
112520	2	119561
112521	2	119561
112522	2	94828
112523	2	119561
112524	2	119561
112525	2	119561
112526	2	119561
112527	2	94973
112528	2	94897
112529	2	95133
112530	2	119561
112531	2	94973
112532	2	95182
112533	2	94805
112534	2	94810
112535	2	119561
112536	2	94936
112537	2	95147
112538	2	94267
112539	2	119561
112540	2	95154
112541	2	94908
112542	2	94920
112543	2	95065
112544	2	94722
112545	2	95126
112546	2	95131
112547	2	95123
112548	2	94810
112549	2	119561
112550	2	119561
112551	2	94810
112552	2	94558
112553	2	94383
112554	2	95097
112555	2	95097
112556	2	94580
112557	2	119561
112558	2	95122
112559	2	94810
112560	2	94894
112561	2	95095
112562	2	94332
112563	2	95101
112564	2	94687
112565	2	119561
112566	2	94805
112567	2	95053
112568	2	94497
112569	2	95050
112570	2	119561
112571	2	119561
112572	2	94834
112573	2	94497
112574	2	119561
112575	2	119561
112576	2	95042
112577	2	94973
112578	2	94857
112579	2	94528
112580	2	94857
112581	2	94753
112582	2	119561
112583	2	95137
112584	2	119561
112585	2	119561
112586	2	95145
112587	2	94810
112588	2	119561
112589	2	119561
112590	2	94702
112591	2	94495
112592	2	94784
112593	2	94785
112594	2	119561
112595	2	94937
112596	2	119561
112597	2	119561
112598	2	94675
112599	2	94910
112600	2	94894
112601	2	94939
112602	2	94732
112603	2	94239
112604	2	95124
112605	2	94713
112606	2	94536
112607	2	119561
112608	2	119561
112609	2	95022
112610	2	95122
112611	2	119561
112612	2	94911
112613	2	94708
112614	2	94466
112615	2	94591
112616	2	95080
112617	2	94591
112618	2	95155
112619	2	94877
112620	2	119561
112621	2	94609
112622	2	95143
112623	2	119561
112624	2	119561
112625	2	94703
112626	2	95103
112627	2	94292
112628	2	94233
112629	2	95136
112630	2	94265
112631	2	119561
112632	2	94580
112633	2	119561
112634	2	94786
112635	2	94733
112636	2	94900
112637	2	94785
112638	2	119561
112639	2	94219
112640	2	95038
112641	2	95162
112642	2	119561
112643	2	119561
112644	2	95050
112645	2	95108
112646	2	94730
112647	2	119561
112648	2	119561
112649	2	119561
112650	2	94526
112651	2	94805
112652	2	119561
112653	2	94745
112654	2	119561
112655	2	94691
112656	2	94673
112657	2	94810
112658	2	119561
112659	2	94288
112660	2	119561
112661	2	119561
112662	2	95132
112663	2	94989
112664	2	95018
112665	2	94742
112666	2	94817
112667	2	119561
112668	2	94985
112669	2	119561
112670	2	94694
112671	2	119561
112672	2	94761
112673	2	119561
112674	2	119561
112675	2	94324
112676	2	119561
112677	2	119561
112678	2	95108
112679	2	119561
112680	2	95136
112681	2	94999
112682	2	95053
112683	2	95049
112684	2	95085
112685	2	119561
112686	2	94767
112687	2	95184
112688	2	95002
112689	2	95053
112690	2	94448
112691	2	119561
112692	2	94519
112693	2	119561
112694	2	94868
112695	2	94805
112696	2	94752
112697	2	94525
112698	2	94989
112699	2	119561
112700	2	95043
112701	2	94904
112702	2	94810
112703	2	119561
112704	2	119561
112705	2	119561
112706	2	95189
112707	2	94361
112708	2	94243
112709	2	94476
112710	2	94637
112711	2	95171
112712	2	95085
112713	2	119561
112714	2	94660
112715	2	94976
112716	2	119561
112717	2	94852
112718	2	95182
112719	2	119561
112720	2	94482
112721	2	95051
112722	2	95149
112723	2	94897
112724	2	94398
112725	2	94288
112726	2	95126
112727	2	119561
112728	2	94916
112729	2	95106
112730	2	119561
112731	2	95069
112732	2	95164
112733	2	95104
112734	2	119561
112735	2	94258
112736	2	95053
112737	2	94791
112738	2	119561
112739	2	94788
112740	2	95126
112741	2	94962
112742	2	95053
112743	2	94899
112744	2	95181
112745	2	95172
112746	2	94526
112747	2	119561
112748	2	94926
112749	2	119561
112750	2	95162
112751	2	94864
112752	2	119561
112753	2	95137
112754	2	94620
112755	2	119561
112756	2	95108
112757	2	95149
112758	2	119561
112759	2	95189
112760	2	94556
112761	2	94937
112762	2	94989
112763	2	119561
112764	2	94841
112765	2	119561
112766	2	119561
112767	2	94418
112768	2	119561
112769	2	119561
112770	2	119561
112771	2	95088
112772	2	119561
112773	2	94742
112774	2	94962
112775	2	95052
112776	2	94738
112777	2	95165
112778	2	94407
112779	2	94665
112780	2	119561
112781	2	94613
112782	2	95042
112783	2	94971
112784	2	94278
112785	2	95042
112786	2	94528
112787	2	94340
112788	2	95063
112789	2	94511
112790	2	94707
112791	2	94666
112792	2	94460
112793	2	119561
112794	2	119561
112795	2	119561
112796	2	94799
112797	2	95139
112798	2	119561
112799	2	119561
112800	2	94894
112801	2	95103
112802	2	94417
112803	2	94444
112804	2	94800
112805	2	119561
112806	2	94234
112807	2	119561
112808	2	119561
112809	2	95053
112810	2	119561
112811	2	119561
112812	2	119561
112813	2	119561
112814	2	95053
112815	2	94552
112816	2	94694
112817	2	119561
112818	2	94682
112819	2	95159
112820	2	94485
112821	2	94541
112822	2	94857
112823	2	94913
112824	2	119561
112825	2	119561
112826	2	95167
112827	2	94811
112828	2	94939
112829	2	94735
112830	2	95140
112831	2	119561
112832	2	94541
112833	2	94428
112834	2	94792
112835	2	95154
112836	2	119561
112837	2	95161
112838	2	119561
112839	2	95188
112840	2	95012
112841	2	119561
112842	2	95089
112843	2	95069
112844	2	95015
112845	2	94361
112846	2	95049
112847	2	95020
112848	2	95049
112849	2	94725
112850	2	119561
112851	2	95152
112852	2	95132
112853	2	95082
112854	2	94700
112855	2	94991
112856	2	94969
112857	2	95155
112858	2	94820
112859	2	94810
112860	2	95177
112861	2	94466
112862	2	119561
112863	2	119561
112864	2	95052
112865	2	119561
112866	2	119561
112867	2	119561
112868	2	94936
112869	2	95115
112870	2	119561
112871	2	94251
112872	2	94764
112873	2	95017
112874	2	94864
112875	2	119561
112876	2	95053
112877	2	95043
112878	2	94586
112879	2	95097
112880	2	119561
112881	2	95049
112882	2	95001
112883	2	94810
112884	2	95059
112885	2	119561
112886	2	94720
112887	2	94828
112888	2	95053
112889	2	95160
112890	2	119561
112891	2	95180
112892	2	94834
112893	2	119561
112894	2	119561
112895	2	119561
112896	2	95175
112897	2	119561
112898	2	95188
112899	2	119561
112900	2	95180
112901	2	94757
112902	2	94756
112903	2	119561
112904	2	94786
112905	2	94316
112906	2	119561
112907	2	94639
112908	2	95096
112909	2	94877
112910	2	119561
112911	2	119561
112912	2	95028
112913	2	94929
112914	2	94810
112915	2	119561
112916	2	94925
112917	2	119561
112918	2	94307
112919	2	119561
112920	2	119561
112921	2	94865
112922	2	94733
112923	2	94777
112924	2	94805
112925	2	94680
112926	2	95097
112927	2	94753
112928	2	94810
112929	2	94569
112930	2	94460
112931	2	119561
112932	2	119561
112933	2	95182
112934	2	95187
112935	2	94224
112936	2	94814
112937	2	95157
112938	2	119561
112939	2	94817
112940	2	119561
112941	2	119561
112942	2	94391
112943	2	95182
112944	2	119561
112945	2	119561
112946	2	95018
112947	2	119561
112948	2	95009
112949	2	94936
112950	2	119561
112951	2	95018
112952	2	94973
112953	2	94686
112954	2	95114
112955	2	95049
112956	2	119561
112957	2	119561
112958	2	95053
112959	2	95172
112960	2	119561
112961	2	94925
112962	2	119561
112963	2	95131
112964	2	95067
112965	2	94810
112966	2	95173
112967	2	94998
112968	2	94541
112969	2	95026
112970	2	94810
112971	2	119561
112972	2	94810
112973	2	94792
112974	2	94274
112975	2	119561
112976	2	94348
112977	2	94810
112978	2	94928
112979	2	95031
112980	2	119561
112981	2	119561
112982	2	95049
112983	2	95172
112984	2	94361
112985	2	95088
112986	2	95100
112987	2	119561
112988	2	94989
112989	2	95144
112990	2	95042
112991	2	94634
112992	2	94511
112993	2	95053
112994	2	119561
112995	2	119561
112996	2	95154
112997	2	94753
112998	2	95002
112999	2	95013
113000	2	94810
113001	2	95069
113002	2	94758
113003	2	94301
113004	2	94882
113005	2	94969
113006	2	94471
113007	2	94989
113008	2	94346
113009	2	95068
113010	2	94296
113011	2	94375
113012	2	95043
113013	2	95060
113014	2	94805
113015	2	119561
113016	2	119561
113017	2	119561
113018	2	94923
113019	2	95106
113020	2	119561
113021	2	95038
113022	2	119561
113023	2	95126
113024	2	119561
113025	2	95137
113026	2	94897
113027	2	94810
113028	2	95053
113029	2	95086
113030	2	94810
113031	2	95149
113032	2	119561
113033	2	95020
113034	2	94503
113035	2	94791
113036	2	95140
113037	2	94234
113038	2	94810
113039	2	94921
113040	2	119561
113041	2	94417
113042	2	95028
113043	2	94580
113044	2	94756
113045	2	119561
113046	2	94642
113047	2	94490
113048	2	94800
113049	2	94375
113050	2	95018
113051	2	94708
113052	2	94810
113053	2	119561
113054	2	119561
113055	2	95018
113056	2	94601
113057	2	95182
113058	2	119561
113059	2	119561
113060	2	119561
113061	2	94995
113062	2	94410
113063	2	94810
113064	2	94784
113065	2	119561
113066	2	94580
113067	2	119561
113068	2	119561
113069	2	119561
113070	2	119561
113071	2	119561
113072	2	94954
113073	2	94405
113074	2	119561
113075	2	94754
113076	2	94951
113077	2	94608
113078	2	119561
113079	2	94969
113080	2	94429
113081	2	119561
113082	2	95049
113083	2	94576
113084	2	94546
113085	2	119561
113086	2	94765
113087	2	119561
113088	2	94917
113089	2	94332
113090	2	95144
113091	2	94353
113092	2	95018
113093	2	94954
113094	2	94497
113095	2	119561
113096	2	95074
113097	2	95036
113098	2	119561
113099	2	94991
113100	2	95018
113101	2	94407
113102	2	94917
113103	2	94274
113104	2	119561
113105	2	95063
113106	2	94491
113107	2	94956
113108	2	119561
113109	2	95063
113110	2	95101
113111	2	119561
113112	2	119561
113113	2	119561
113114	2	119561
113115	2	95109
113116	2	94892
113117	2	94663
113118	2	95065
113119	2	95104
113120	2	94404
113121	2	95131
113122	2	119561
113123	2	94552
113124	2	119561
113125	2	94928
113126	2	119561
113127	2	94566
113128	2	119561
113129	2	94976
113130	2	94827
113131	2	119561
113132	2	94933
113133	2	119561
113134	2	119561
113135	2	94991
113136	2	119561
113137	2	94925
113138	2	94337
113139	2	95087
113140	2	95167
113141	2	94253
113142	2	119561
113143	2	95092
113144	2	94757
113145	2	94933
113146	2	94852
113147	2	94638
113148	2	95160
113149	2	95053
113150	2	119561
113151	2	94439
113152	2	119561
113153	2	119561
113154	2	94585
113155	2	94551
113156	2	95068
113157	2	95138
113158	2	119561
113159	2	119561
113160	2	95044
113161	2	94810
113162	2	94989
113163	2	95122
113164	2	94663
113165	2	95067
113166	2	94467
113167	2	119561
113168	2	95067
113169	2	94753
113170	2	95053
113171	2	119561
113172	2	119561
113173	2	119561
113174	2	94810
113175	2	119561
113176	2	119561
113177	2	95105
113178	2	119561
113179	2	94810
113180	2	94799
113181	2	119561
113182	2	94899
113183	2	94827
113184	2	119561
113185	2	94899
113186	2	119561
113187	2	95129
113188	2	119561
113189	2	94937
113190	2	119561
113191	2	94912
113192	2	94885
113193	2	95063
113194	2	94999
113195	2	94391
113196	2	119561
113197	2	95053
113198	2	94673
113199	2	94558
113200	2	94310
113201	2	119561
113202	2	95104
113203	2	94580
113204	2	119561
113205	2	94963
113206	2	94928
113207	2	94645
113208	2	95052
113209	2	94367
113210	2	119561
113211	2	94933
113212	2	119561
113213	2	119561
113214	2	119561
113215	2	95104
113216	2	95106
113217	2	119561
113218	2	95015
113219	2	94810
113220	2	95053
113221	2	119561
113222	2	94624
113223	2	119561
113224	2	94810
113225	2	95071
113226	2	95157
113227	2	94691
113228	2	119561
113229	2	94830
113230	2	94700
113231	2	94810
113232	2	94239
113233	2	119561
113234	2	94779
113235	2	94732
113236	2	94383
113237	2	119561
113238	2	95154
113239	2	95152
113240	2	95110
113241	2	94686
113242	2	119561
113243	2	119561
113244	2	94522
113245	2	119561
113246	2	95020
113247	2	95137
113248	2	119561
113249	2	119561
113250	2	119561
113251	2	95017
113252	2	95154
113253	2	94764
113254	2	119561
113255	2	94746
113256	2	95049
113257	2	94955
113258	2	94239
113259	2	119561
113260	2	95103
113261	2	95136
113262	2	94810
113263	2	95129
113264	2	94937
113265	2	94442
113266	2	95096
113267	2	119561
113268	2	119561
113269	2	119561
113270	2	119561
113271	2	95053
113272	2	94642
113273	2	94758
113274	2	95044
113275	2	94725
113276	2	119561
113277	2	95129
113278	2	94613
113279	2	119561
113280	2	119561
113281	2	119561
113282	2	94805
113283	2	95011
113284	2	95182
113285	2	119561
113286	2	95017
113287	2	95155
113288	2	119561
113289	2	119561
113290	2	94528
113291	2	95017
113292	2	95026
113293	2	94417
113294	2	94495
113295	2	95122
113296	2	94976
113297	2	94913
113298	2	119561
113299	2	94598
113300	2	94926
113301	2	94933
113302	2	94687
113303	2	95126
113304	2	94928
113305	2	119561
113306	2	95097
113307	2	94368
113308	2	95110
113309	2	95107
113310	2	119561
113311	2	119561
113312	2	119561
113313	2	119561
113314	2	95187
113315	2	94922
113316	2	94258
113317	2	119561
113318	2	94702
113319	2	94937
113320	2	95018
113321	2	95097
113322	2	95053
113323	2	95053
113324	2	94939
113325	2	94754
113326	2	95154
113327	2	94543
113328	2	119561
113329	2	95117
113330	2	94764
113331	2	95036
113332	2	94725
113333	2	94558
113334	2	119561
113335	2	94580
113336	2	94717
113337	2	119561
113338	2	119561
113339	2	94292
113340	2	94810
113341	2	95167
113342	2	94810
113343	2	94356
113344	2	119561
113345	2	119561
113346	2	95050
113347	2	95110
113348	2	94411
113349	2	94442
113350	2	94753
113351	2	95159
113352	2	94936
113353	2	95050
113354	2	119561
113355	2	94463
113356	2	119561
113357	2	95057
113358	2	94384
113359	2	119561
113360	2	119561
113361	2	95026
113362	2	94820
113363	2	94810
113364	2	94746
113365	2	95026
113366	2	119561
113367	2	94912
113368	2	95132
113369	2	119561
113370	2	94541
113371	2	95185
113372	2	95114
113373	2	95129
113374	2	95096
113375	2	94480
113376	2	95021
113377	2	119561
113378	2	119561
113379	2	119561
113380	2	119561
113381	2	119561
