user_id,item_id,prediction,actual
14,0,0.28685641288757324,0
14,1,-0.3807649314403534,0
14,2,1.3289666175842285,0
14,3,1.345423698425293,0
14,4,0.8908136487007141,0
14,5,-0.10783972591161728,0
14,6,0.30766409635543823,0
14,7,0.42804446816444397,0
14,8,-0.3566518723964691,0
14,9,-0.21647611260414124,0
14,10,0.26213136315345764,0
14,11,0.753211498260498,0
14,12,0.6366935968399048,0
14,13,-0.4839434027671814,0
14,14,0.4485609233379364,0
14,15,0.863166093826294,0
14,16,0.07312241196632385,0
14,17,0.9930734634399414,0
14,18,1.275631308555603,0
14,19,0.8389924764633179,0
14,20,0.7751032114028931,0
14,21,1.03085458278656,0
14,22,0.19312936067581177,0
14,23,0.2947792410850525,0
14,24,0.3017963767051697,0
14,25,1.0069009065628052,0
14,26,-0.07204846292734146,0
14,27,0.6079570651054382,0
14,28,0.6439502835273743,0
14,29,0.15342776477336884,0
14,30,0.8102850317955017,0
14,31,-0.7485288977622986,0
14,32,-0.3831419348716736,0
14,33,-0.36070793867111206,0
14,34,0.3937720060348511,0
14,35,1.4303038120269775,0
14,36,-0.03833553567528725,0
14,37,0.18392124772071838,0
14,38,0.10465610027313232,0
14,39,0.8242197036743164,0
14,40,0.34384840726852417,0
14,41,-0.47404590249061584,0
14,42,0.683473527431488,0
14,43,-0.01703621633350849,0
14,44,0.033391255885362625,0
14,45,-0.05285453051328659,0
14,46,0.6968705654144287,0
14,47,0.9192066192626953,0
14,48,0.28463584184646606,0
14,49,-0.14069221913814545,0
14,50,0.5295076966285706,0
14,51,0.16348902881145477,0
14,52,0.9566903710365295,0
14,53,1.128105878829956,0
14,54,-0.02025134488940239,0
14,55,0.5228816270828247,0
14,56,0.30412614345550537,0
14,57,0.03369886428117752,0
14,58,0.8260217905044556,0
14,59,-0.1832680106163025,0
14,60,0.4762512147426605,0
14,61,0.18147219717502594,0
14,62,1.4425066709518433,0
14,63,0.6781214475631714,0
14,64,0.2987346053123474,0
14,65,0.12282563000917435,0
14,66,1.2580140829086304,0
14,67,0.6172103881835938,0
14,68,0.4426308274269104,0
14,69,1.059443712234497,0
14,70,1.007407546043396,0
14,71,-0.518110990524292,0
14,72,1.2853282690048218,0
14,73,1.1375186443328857,0
14,74,-1.1737992763519287,0
14,75,0.32024437189102173,0
14,76,0.9175002574920654,0
14,77,0.4112474024295807,0
14,78,0.6208066940307617,0
14,79,0.16846570372581482,0
14,80,0.35060685873031616,0
14,81,0.22055600583553314,0
14,82,0.520725667476654,0
14,83,1.139312982559204,0
14,84,0.7170591354370117,0
14,85,-0.1545974761247635,0
14,86,0.3234722316265106,0
14,87,0.20740057528018951,0
14,88,1.3749747276306152,0
14,89,1.706728219985962,0
14,90,0.07814858853816986,0
14,91,-0.021442733705043793,0
14,92,0.9773913621902466,0
14,93,0.9208787679672241,0
14,94,1.2768272161483765,0
14,95,1.4695991277694702,0
14,96,0.11022144556045532,0
14,97,1.4779828786849976,0
14,98,-0.45321550965309143,0
14,99,0.4543622136116028,0
14,100,1.5218114852905273,0
14,101,0.7967740297317505,0
14,102,0.49189192056655884,0
14,103,0.2548728287220001,0
14,104,1.0966050624847412,0
14,105,0.3177250325679779,0
14,106,1.401786208152771,0
14,107,1.0702179670333862,0
14,108,0.2189677208662033,0
14,109,1.0652015209197998,0
14,110,0.3218710720539093,0
14,111,-1.0144646167755127,0
14,112,-0.025923587381839752,0
14,113,0.9571434855461121,0
14,114,0.16653786599636078,0
14,115,-0.0402551107108593,0
14,116,-0.331693172454834,0
14,117,0.4974938929080963,0
14,118,-0.17384357750415802,0
14,119,-0.028584161773324013,0
14,120,0.36201149225234985,0
14,121,-0.255759060382843,0
14,122,0.9966076016426086,0
14,123,0.15196742117404938,0
14,124,0.8897605538368225,0
14,125,0.6082831025123596,0
14,126,0.19927585124969482,0
14,127,1.0166218280792236,0
14,128,-0.0980755016207695,0
14,129,0.23782356083393097,0
14,130,-0.1313387155532837,0
14,131,0.898966908454895,0
14,132,0.6150606870651245,0
14,133,0.0837843045592308,0
14,134,0.9870830774307251,0
14,135,0.6576017141342163,0
14,136,0.14859843254089355,0
14,137,0.7430323958396912,0
14,138,0.6587702035903931,0
14,139,-0.10971332341432571,0
14,140,-0.2753653824329376,0
14,141,1.0968637466430664,0
14,142,-0.0005319443298503757,0
14,143,0.8512384295463562,0
14,144,1.2530304193496704,0
14,145,1.220216989517212,0
14,146,-0.6022129654884338,0
14,147,0.5150060057640076,0
14,148,1.4074411392211914,0
14,149,0.5782356858253479,0
14,150,0.6224546432495117,0
14,151,0.691552996635437,0
14,152,1.4147945642471313,0
14,153,0.314707487821579,0
14,154,0.7373214364051819,0
14,155,1.3147039413452148,0
14,156,0.4957432448863983,0
14,157,-0.27108702063560486,0
14,158,-0.3300549387931824,0
14,159,0.16551324725151062,0
14,160,0.8583300709724426,0
14,161,0.2920456826686859,0
14,162,1.6289801597595215,0
14,163,0.1383044272661209,0
14,164,0.22500568628311157,0
14,165,0.36451518535614014,0
14,166,1.3241294622421265,0
14,167,0.0509430393576622,0
14,168,-0.08065855503082275,0
14,169,-0.08069156855344772,0
14,170,0.757662832736969,0
14,171,1.1056421995162964,0
14,172,0.12773960828781128,0
14,173,0.4313625395298004,0
14,174,-0.17588242888450623,0
14,175,-0.16176371276378632,0
14,176,0.5195451974868774,0
14,177,1.0405962467193604,0
14,178,0.19537542760372162,0
14,179,0.0535149872303009,0
14,180,-0.5193658471107483,0
14,181,-0.040089190006256104,0
14,182,1.1412591934204102,0
14,183,0.5686103105545044,0
14,184,0.5726471543312073,0
14,185,0.04928578436374664,0
14,186,-0.032796937972307205,0
14,187,0.9515875577926636,0
14,188,-0.21483266353607178,0
14,189,-0.3786151707172394,0
14,190,1.3400378227233887,0
14,191,1.070349931716919,0
14,192,0.8154308199882507,0
14,193,0.5225111246109009,0
14,194,0.1527204066514969,0
14,195,0.21153198182582855,0
14,196,0.14898893237113953,0
14,197,0.5542201399803162,0
14,198,0.8507744669914246,0
14,199,1.1255147457122803,0
14,200,0.14773684740066528,0
14,201,1.2040995359420776,0
14,202,1.1096078157424927,0
14,203,1.714236855506897,0
14,204,0.3528810739517212,0
14,205,1.5770410299301147,0
14,206,0.17204326391220093,0
14,207,0.38950464129447937,0
14,208,0.7546465396881104,0
14,209,-0.003647774225100875,0
14,210,1.5159504413604736,0
14,211,0.8292508721351624,0
14,212,0.22172720730304718,0
14,213,0.7566260099411011,0
14,214,0.8547979593276978,0
14,215,0.6063476204872131,0
14,216,0.2955757677555084,0
14,217,1.8350731134414673,0
14,218,1.6060316562652588,0
14,219,0.5439988970756531,0
14,220,0.26504796743392944,0
14,221,0.6843587160110474,0
14,222,0.8349437117576599,0
14,223,1.2371262311935425,0
14,224,-0.20701178908348083,0
14,225,0.7265017032623291,0
14,226,1.6239898204803467,0
14,227,-0.17934474349021912,0
14,228,0.05465298146009445,0
14,229,0.5540134310722351,0
14,230,1.8412649631500244,0
14,231,-0.9060136675834656,0
14,232,0.9829241633415222,0
14,233,0.8094024062156677,0
14,234,1.102068305015564,0
14,235,0.3660176694393158,0
14,236,-0.04918611794710159,0
14,237,-0.05724448338150978,0
14,238,1.6186832189559937,0
14,239,1.2947179079055786,0
14,240,-0.5625196695327759,0
14,241,1.395550012588501,0
14,242,1.7038004398345947,0
14,243,-0.48449933528900146,0
14,244,0.2837701439857483,0
14,245,0.9566432237625122,0
14,246,0.8967291712760925,0
14,247,0.2028120905160904,0
14,248,1.362267017364502,0
14,249,0.8620868921279907,0
14,250,0.39063364267349243,0
14,251,-0.2127506136894226,0
14,252,0.03696886822581291,0
14,253,0.04443281143903732,0
14,254,0.25031477212905884,0
14,255,0.45591795444488525,0
14,256,-0.6169315576553345,0
14,257,0.1563136726617813,0
14,258,-0.2385389506816864,0
14,259,0.016194766387343407,0
14,260,-0.47597265243530273,0
14,261,0.6171351075172424,0
14,262,0.21182489395141602,0
14,263,0.2130546271800995,0
14,264,0.7740100026130676,0
14,265,-1.1857326030731201,0
14,266,0.37150976061820984,0
14,267,-0.007215332705527544,0
14,268,0.5926038026809692,0
14,269,0.4542497992515564,0
14,270,1.560699224472046,0
14,271,0.47703900933265686,0
14,272,0.718793511390686,0
14,273,-0.35662877559661865,0
14,274,-0.07696368545293808,0
14,275,0.6068389415740967,0
14,276,-0.32002031803131104,0
14,277,-0.38456541299819946,0
14,278,0.20871210098266602,0
14,279,1.1246392726898193,0
14,280,0.3170963525772095,0
14,281,-0.1295500546693802,0
14,282,0.5726339221000671,0
14,283,-0.32540008425712585,0
14,284,1.5079734325408936,0
14,285,1.1701477766036987,0
14,286,0.09101063758134842,0
14,287,0.5487297177314758,0
14,288,-0.7117133140563965,0
14,289,0.17780958116054535,0
14,290,-0.030637754127383232,0
14,291,1.41532564163208,0
14,292,0.8021157383918762,0
14,293,0.5669960975646973,0
14,294,0.20442746579647064,0
14,295,0.35726889967918396,0
14,296,0.5670543313026428,0
14,297,0.91615229845047,0
14,298,0.19574302434921265,0
14,299,0.7417464852333069,0
14,300,-0.5931687355041504,0
14,301,-0.49920836091041565,0
14,302,0.4626326858997345,0
14,303,-0.3249657452106476,0
14,304,0.17837728559970856,0
14,305,1.5265394449234009,0
14,306,1.2748953104019165,0
14,307,0.9838950037956238,0
14,308,0.973412036895752,0
14,309,0.10292352735996246,0
14,310,-0.42701956629753113,0
14,311,0.8193594217300415,0
14,312,0.14992541074752808,0
14,313,0.23162612318992615,0
14,314,-0.24211923778057098,0
14,315,1.249718427658081,0
14,316,1.316861867904663,0
14,317,-0.2555326521396637,0
14,318,0.7985467314720154,0
14,319,0.46716704964637756,0
14,320,0.49532631039619446,0
14,321,0.9430022239685059,0
14,322,-0.012017856352031231,0
14,323,0.4127233922481537,0
14,324,0.4054214656352997,0
14,325,0.181615948677063,0
14,326,0.16001248359680176,0
14,327,0.6979534029960632,0
14,328,1.6836514472961426,0
14,329,1.1185345649719238,0
14,330,0.5220460891723633,0
14,331,0.7476083040237427,0
14,332,-0.34344273805618286,0
14,333,0.5677913427352905,0
14,334,2.6578240394592285,0
14,335,0.9853898286819458,0
14,336,-0.18171605467796326,0
14,337,0.23064669966697693,0
14,338,1.5499205589294434,0
14,339,0.07050341367721558,0
14,340,0.2769288122653961,0
14,341,0.6953887343406677,0
14,342,-0.9928408265113831,0
14,343,0.6829541325569153,0
14,344,0.016118090599775314,0
14,345,-0.11993665993213654,0
14,346,1.2842867374420166,0
14,347,0.2757205665111542,0
14,348,0.2747562527656555,0
14,349,1.9324761629104614,0
14,350,-0.2847839593887329,0
14,351,1.7140398025512695,0
14,352,-0.2846810221672058,0
14,353,-0.06840016692876816,0
14,354,-0.5975400805473328,0
14,355,0.8797081112861633,0
14,356,0.4846177399158478,0
14,357,-0.24821564555168152,0
14,358,1.0234769582748413,0
14,359,1.042718768119812,0
14,360,0.2389875054359436,0
14,361,1.7090681791305542,0
14,362,-0.15644875168800354,0
14,363,0.4141688346862793,0
14,364,0.2001066356897354,0
14,365,-0.014407813549041748,0
14,366,0.7881519794464111,0
14,367,0.6451440453529358,0
14,368,0.2869776785373688,0
14,369,-0.7639983892440796,0
14,370,-0.22427116334438324,0
14,371,0.6513293981552124,0
14,372,-0.29854151606559753,0
14,373,0.18113906681537628,0
14,374,0.6146743893623352,0
14,375,0.3928762376308441,0
14,376,0.6956345438957214,0
14,377,-0.3436354994773865,0
14,378,0.5675657391548157,0
14,379,-0.006224462296813726,0
14,380,0.7366411089897156,0
14,381,0.5164821147918701,0
14,382,0.5069555044174194,0
14,383,0.40720996260643005,0
14,384,-0.02778838388621807,0
14,385,-0.9224275350570679,0
14,386,1.1924163103103638,0
14,387,1.1011601686477661,0
14,388,0.7809115648269653,0
14,389,0.24705623090267181,0
14,390,1.41171133518219,0
14,391,0.4986550509929657,0
14,392,1.1338337659835815,0
14,393,1.058779239654541,0
14,394,0.2698241174221039,0
14,395,0.34332001209259033,0
14,396,0.9503791928291321,0
14,397,0.22324629127979279,0
14,398,0.30956757068634033,0
14,399,1.2677972316741943,0
14,400,-0.9807104468345642,0
14,401,-0.2633531391620636,0
14,402,0.8303788900375366,0
14,403,0.9777940511703491,0
14,404,0.1417398452758789,0
14,405,0.38849085569381714,0
14,406,-0.46265488862991333,0
14,407,0.24815432727336884,1
14,408,0.2774406969547272,0
14,409,1.058444857597351,1
14,410,0.9567360281944275,0
14,411,0.3678315579891205,0
14,412,0.7841803431510925,0
14,413,0.1418236643075943,0
14,414,0.8189812302589417,0
14,415,-0.05181680619716644,0
14,416,0.8865188360214233,0
14,417,-0.4064122438430786,0
14,418,0.5575613379478455,0
14,419,1.6136858463287354,0
14,420,0.7214105725288391,0
14,421,0.5064348578453064,0
14,422,1.1872256994247437,0
14,423,0.43503090739250183,0
14,424,0.44152653217315674,0
14,425,0.11227047443389893,0
14,426,0.5268076062202454,0
14,427,-0.6098434329032898,0
14,428,0.9331409931182861,0
14,429,0.5883769392967224,0
14,430,1.0684665441513062,0
14,431,0.9148473143577576,0
14,432,0.4353155493736267,0
14,433,-0.14415527880191803,0
14,434,0.220908984541893,0
14,435,0.4742681086063385,0
14,436,0.1512477993965149,0
14,437,0.917660653591156,0
14,438,-0.3670862317085266,0
14,439,0.7485490441322327,0
14,440,1.2609881162643433,0
14,441,0.5536102652549744,0
14,442,0.6329647302627563,0
14,443,0.8533571362495422,0
14,444,-0.5626726746559143,0
14,445,0.4971889555454254,0
14,446,-0.8407876491546631,0
14,447,0.8532741665840149,0
14,448,1.281111478805542,0
14,449,0.40786978602409363,0
14,450,1.0062311887741089,0
14,451,0.7326428294181824,0
14,452,0.820341169834137,0
14,453,1.2287994623184204,0
14,454,0.36291393637657166,0
14,455,0.07753661274909973,0
14,456,0.6818859577178955,0
14,457,0.3728862702846527,0
14,458,0.5155104398727417,0
14,459,0.5886327028274536,0
14,460,0.9421436190605164,0
14,461,1.2365165948867798,0
14,462,-0.007656434550881386,0
14,463,0.21520012617111206,0
14,464,0.6205145716667175,0
14,465,0.9745966792106628,0
14,466,0.19783960282802582,0
14,467,-0.2133694589138031,0
14,468,0.36543911695480347,0
14,469,0.2654082775115967,0
14,470,0.35824522376060486,0
14,471,-0.03937583416700363,0
14,472,0.643497109413147,0
14,473,0.2880679666996002,0
14,474,0.5191364884376526,0
14,475,-0.40766581892967224,0
14,476,-1.6895512342453003,0
14,477,1.0355151891708374,0
14,478,-0.35346442461013794,0
14,479,-0.9796170592308044,0
14,480,0.14663444459438324,0
14,481,-0.3017524778842926,0
14,482,-0.4293544292449951,0
14,483,0.5875115990638733,0
14,484,0.5927101969718933,0
14,485,0.7076377868652344,0
14,486,0.9081162214279175,0
14,487,0.19077838957309723,0
14,488,0.8772158026695251,0
14,489,0.2868204712867737,0
14,490,0.5544549226760864,0
14,491,0.5508540868759155,0
14,492,0.31498610973358154,0
14,493,0.09615512192249298,0
14,494,1.142159104347229,0
14,495,0.5254760980606079,0
14,496,1.1346185207366943,0
14,497,0.679595410823822,0
14,498,0.8951711058616638,0
14,499,0.5997719764709473,0
14,500,-0.1319994032382965,0
14,501,0.983425498008728,0
14,502,0.4053732752799988,0
14,503,0.7622918486595154,0
14,504,0.5481087565422058,0
14,505,0.9372210502624512,0
14,506,1.4215675592422485,0
14,507,0.6559054255485535,0
14,508,-0.341748982667923,0
14,509,-0.6536521315574646,0
14,510,1.5454679727554321,0
14,511,0.9355417490005493,0
14,512,0.7297385334968567,0
14,513,-0.29934075474739075,0
14,514,-0.6555581092834473,0
14,515,1.0198312997817993,0
14,516,1.2284603118896484,0
14,517,-0.24542468786239624,0
14,518,1.4218424558639526,0
14,519,0.4412338435649872,0
14,520,0.6698276996612549,0
14,521,-0.19956634938716888,0
14,522,-0.6224560141563416,0
14,523,-0.19396652281284332,0
14,524,1.7210310697555542,0
14,525,1.001224398612976,0
14,526,1.2839171886444092,0
14,527,0.62511146068573,0
14,528,0.07537680119276047,0
14,529,-0.23007255792617798,0
14,530,0.7037986516952515,0
14,531,0.6512675881385803,0
17,0,-0.14857913553714752,0
17,1,-1.205564022064209,0
17,2,-0.1608053743839264,0
17,3,-0.4963507652282715,0
17,4,0.07603637874126434,0
17,5,-0.9038301706314087,0
17,6,0.46615666151046753,0
17,7,-0.7427284121513367,0
17,8,0.14070165157318115,0
17,9,-0.8177370429039001,0
17,10,-0.18634586036205292,0
17,11,-0.8712886571884155,0
17,12,0.09547765552997589,0
17,13,0.11624908447265625,0
17,14,-0.1493365466594696,0
17,15,-0.643159031867981,0
17,16,-0.6244143843650818,0
17,17,-0.6817254424095154,0
17,18,-0.14241181313991547,0
17,19,0.09244851022958755,0
17,20,-0.724500834941864,0
17,21,-0.753488302230835,0
17,22,-0.039903830736875534,0
17,23,-0.08063705265522003,0
17,24,-0.8123473525047302,0
17,25,0.05339382588863373,0
17,26,-0.16788998246192932,0
17,27,-0.8355301022529602,0
17,28,-0.20647455751895905,0
17,29,-0.19675946235656738,0
17,30,-0.43502721190452576,0
17,31,-0.28129589557647705,0
17,32,-0.657502293586731,0
17,33,0.25630372762680054,0
17,34,-1.317398190498352,0
17,35,1.0063204765319824,0
17,36,-1.151980996131897,0
17,37,0.0815327987074852,0
17,38,0.007504008244723082,0
17,39,-0.5563988089561462,0
17,40,-0.7483283877372742,0
17,41,-0.33106371760368347,0
17,42,-0.264885276556015,0
17,43,-1.4662845134735107,0
17,44,0.6475329399108887,0
17,45,-0.3693162500858307,0
17,46,-1.0226142406463623,0
17,47,-1.0148133039474487,0
17,48,-0.3922373056411743,0
17,49,-0.7499740123748779,0
17,50,-1.5790997743606567,0
17,51,-1.524693250656128,0
17,52,-0.8129342198371887,0
17,53,-0.8375901579856873,0
17,54,-1.3175044059753418,0
17,55,-0.9331077337265015,0
17,56,-0.679519534111023,0
17,57,-0.6947259902954102,0
17,58,-0.40277883410453796,0
17,59,0.22217398881912231,0
17,60,0.10922707617282867,0
17,61,0.5033960938453674,0
17,62,-0.6241034865379333,0
17,63,-0.8312002420425415,0
17,64,-0.3213118314743042,0
17,65,0.49637389183044434,0
17,66,-0.5819301009178162,0
17,67,-0.9243873357772827,0
17,68,-0.7705581784248352,0
17,69,0.08752608299255371,0
17,70,-0.7675702571868896,0
17,71,-1.1345295906066895,0
17,72,-0.3231066167354584,0
17,73,-0.3814680278301239,0
17,74,0.03833074867725372,0
17,75,-0.20459051430225372,0
17,76,-0.13642963767051697,0
17,77,-1.2173007726669312,0
17,78,-0.36178600788116455,0
17,79,0.7503258585929871,0
17,80,-0.6755096316337585,0
17,81,0.5446198582649231,0
17,82,-0.7266181707382202,0
17,83,-1.1765680313110352,0
17,84,-0.7087572813034058,0
17,85,-0.47353923320770264,0
17,86,-0.5281451940536499,0
17,87,-0.4310447871685028,0
17,88,0.06373554468154907,0
17,89,-0.7834909558296204,0
17,90,-0.2515285909175873,0
17,91,0.42812004685401917,0
17,92,0.14324229955673218,0
17,93,-0.7250701785087585,0
17,94,-1.5455501079559326,0
17,95,-0.48375236988067627,0
17,96,-1.3485957384109497,0
17,97,-0.7107527852058411,0
17,98,-0.38880831003189087,0
17,99,0.015624549239873886,0
17,100,-0.2604447305202484,0
17,101,-0.1294705718755722,0
17,102,0.013478399254381657,0
17,103,-0.7232550978660583,0
17,104,-0.5085435509681702,0
17,105,-0.2632620334625244,0
17,106,-0.5331146717071533,0
17,107,-1.5757639408111572,0
17,108,-0.12289933115243912,0
17,109,-0.8874531388282776,0
17,110,-0.5779471397399902,0
17,111,-0.059410516172647476,0
17,112,-0.20774796605110168,0
17,113,-0.9485278129577637,0
17,114,-0.08013121783733368,0
17,115,-0.005124472547322512,0
17,116,-0.4320647120475769,0
17,117,-0.22958414256572723,0
17,118,-0.8208504319190979,0
17,119,-0.31422027945518494,0
17,120,-0.20769889652729034,0
17,121,-0.06122961267828941,0
17,122,-0.45583635568618774,0
17,123,-0.057535670697689056,0
17,124,-0.4209498465061188,0
17,125,-1.091073989868164,0
17,126,-0.4832906424999237,0
17,127,0.23061251640319824,0
17,128,-1.378771185874939,0
17,129,-1.449285626411438,0
17,130,-0.5678784847259521,0
17,131,-0.8424967527389526,0
17,132,0.30051732063293457,0
17,133,-0.5695117115974426,0
17,134,-0.35161423683166504,0
17,135,0.28177711367607117,0
17,136,-1.0157485008239746,0
17,137,-0.30461129546165466,0
17,138,-1.488845944404602,0
17,139,-0.8057371377944946,0
17,140,-0.2895483374595642,0
17,141,0.09710801392793655,0
17,142,-0.6553416848182678,0
17,143,-0.7682900428771973,0
17,144,-0.32878220081329346,0
17,145,-0.6906746625900269,0
17,146,-0.043937161564826965,0
17,147,0.13960203528404236,0
17,148,0.3395442068576813,0
17,149,-0.7667890787124634,0
17,150,-0.9082697629928589,0
17,151,-0.8039100766181946,0
17,152,-0.3550996482372284,0
17,153,-0.018558958545327187,0
17,154,-0.6028236150741577,0
17,155,-0.07492245733737946,0
17,156,-0.27765077352523804,0
17,157,-0.25366172194480896,0
17,158,-1.2174443006515503,0
17,159,-1.2610682249069214,0
17,160,-0.6407696604728699,0
17,161,-0.913466215133667,0
17,162,-0.4074406623840332,0
17,163,-0.9414448738098145,0
17,164,-0.5663447976112366,0
17,165,-1.0290278196334839,0
17,166,0.3351859450340271,0
17,167,-0.5676241517066956,0
17,168,-0.36304545402526855,0
17,169,-0.6400623917579651,0
17,170,0.48783552646636963,0
17,171,0.08939417451620102,0
17,172,0.12163246423006058,0
17,173,0.33027365803718567,0
17,174,-0.7148444056510925,0
17,175,-1.2534241676330566,0
17,176,-0.8024239540100098,0
17,177,0.5302187204360962,0
17,178,-0.6636466979980469,0
17,179,0.686183750629425,0
17,180,-0.7576815485954285,0
17,181,-0.5763437151908875,0
17,182,-0.9715249538421631,0
17,183,0.01958421990275383,0
17,184,-0.33853909373283386,0
17,185,-0.5202080011367798,0
17,186,-0.8294855952262878,0
17,187,-1.1519373655319214,0
17,188,-1.211510419845581,0
17,189,0.008218823932111263,0
17,190,-0.45280203223228455,0
17,191,-0.6423972249031067,0
17,192,-0.26682373881340027,0
17,193,-0.21571601927280426,0
17,194,-0.7659352421760559,0
17,195,-1.057653546333313,0
17,196,-0.776434063911438,0
17,197,-0.21256062388420105,0
17,198,-0.265119343996048,0
17,199,-0.8105217218399048,0
17,200,-0.4366565942764282,0
17,201,-0.26981380581855774,0
17,202,-0.1211157888174057,0
17,203,-0.7243222594261169,0
17,204,-1.0309056043624878,0
17,205,-1.2076647281646729,0
17,206,-1.7308592796325684,0
17,207,-0.6441848278045654,0
17,208,-0.366853266954422,0
17,209,-0.7431634664535522,0
17,210,-0.10461103171110153,0
17,211,-1.1157699823379517,0
17,212,-0.9416325688362122,0
17,213,-0.14280471205711365,0
17,214,-0.9025244116783142,0
17,215,-0.7465669512748718,0
17,216,-0.6721289157867432,0
17,217,0.5651238560676575,0
17,218,-0.5222482681274414,0
17,219,-0.22121617197990417,0
17,220,0.2972429692745209,0
17,221,0.5061612725257874,0
17,222,-0.39896464347839355,0
17,223,-0.442192405462265,0
17,224,-0.494313508272171,0
17,225,-0.9551953673362732,0
17,226,-0.760851263999939,0
17,227,-0.5648107528686523,0
17,228,-0.617475688457489,0
17,229,-0.030302247032523155,0
17,230,-0.32026049494743347,0
17,231,-0.1379358172416687,0
17,232,-0.5344861149787903,0
17,233,-0.1678892970085144,0
17,234,-0.5949678421020508,0
17,235,-0.07912131398916245,0
17,236,0.7258144021034241,0
17,237,-0.7137739062309265,0
17,238,-0.07132744789123535,0
17,239,-0.7600013017654419,0
17,240,-0.5091241002082825,0
17,241,0.15987800061702728,0
17,242,-0.24876229465007782,0
17,243,-0.24588698148727417,0
17,244,-0.09345036000013351,0
17,245,-0.25952741503715515,0
17,246,-1.499974250793457,0
17,247,-0.9872418642044067,0
17,248,-0.5133504271507263,0
17,249,-0.43831077218055725,0
17,250,0.6292867064476013,0
17,251,0.06735656410455704,0
17,252,1.2851048707962036,0
17,253,-0.08871866017580032,0
17,254,0.13371451199054718,0
17,255,2.083766222000122,0
17,256,1.4737136363983154,0
17,257,0.5574243664741516,0
17,258,0.6561076641082764,0
17,259,0.041184790432453156,0
17,260,1.3769254684448242,0
17,261,-0.048813700675964355,0
17,262,0.667658805847168,0
17,263,1.7510370016098022,0
17,264,0.4396325647830963,0
17,265,0.6506397724151611,0
17,266,-0.05717417597770691,0
17,267,0.2571077048778534,0
17,268,0.5797002911567688,0
17,269,0.635028064250946,0
17,270,-0.4758308231830597,0
17,271,1.3044806718826294,0
17,272,1.4006150960922241,0
17,273,3.337223529815674,0
17,274,0.4159720242023468,0
17,275,0.4127078950405121,0
17,276,1.3848772048950195,0
17,277,0.4622606039047241,0
17,278,-0.36383914947509766,0
17,279,1.0760058164596558,0
17,280,0.8668678402900696,0
17,281,0.5153765678405762,0
17,282,-0.38941648602485657,0
17,283,0.9764688014984131,0
17,284,0.3270828127861023,0
17,285,1.1176519393920898,0
17,286,0.09254154562950134,0
17,287,1.123971939086914,0
17,288,1.886289119720459,0
17,289,-0.6181595921516418,0
17,290,-0.08879702538251877,0
17,291,-0.20796464383602142,0
17,292,0.3381603956222534,0
17,293,0.2881269156932831,0
17,294,0.4445473253726959,0
17,295,0.24081942439079285,0
17,296,0.8506832122802734,0
17,297,-0.011687392368912697,0
17,298,1.7210333347320557,0
17,299,0.4606831967830658,0
17,300,0.17078794538974762,0
17,301,0.7805762887001038,0
17,302,0.9648823738098145,0
17,303,0.30157214403152466,0
17,304,0.2083912342786789,0
17,305,0.5851477980613708,0
17,306,0.6863503456115723,0
17,307,1.8243287801742554,0
17,308,0.4006063640117645,0
17,309,0.5501247048377991,0
17,310,1.456708550453186,0
17,311,0.5559225678443909,0
17,312,1.3610684871673584,0
17,313,0.7526051998138428,0
17,314,0.05305085703730583,0
17,315,0.04215272516012192,0
17,316,0.5131530165672302,0
17,317,1.7319951057434082,0
17,318,-0.3307901620864868,0
17,319,1.4318733215332031,0
17,320,0.8756948709487915,0
17,321,1.1457678079605103,0
17,322,0.8175331354141235,0
17,323,-0.3943904936313629,0
17,324,-0.2352127879858017,0
17,325,1.4827098846435547,0
17,326,-0.31378355622291565,0
17,327,0.7685264945030212,0
17,328,0.05566984415054321,0
17,329,-0.6387534737586975,0
17,330,0.29087498784065247,0
17,331,0.44667336344718933,0
17,332,0.03893477842211723,0
17,333,1.3960907459259033,0
17,334,-0.10884074866771698,0
17,335,-0.33949434757232666,0
17,336,-0.19318538904190063,0
17,337,-0.073517806828022,0
17,338,0.177215114235878,0
17,339,-0.258119136095047,0
17,340,-0.25852105021476746,0
17,341,0.8248422145843506,0
17,342,0.05739844962954521,0
17,343,0.44002917408943176,0
17,344,-0.06678786873817444,0
17,345,0.18462470173835754,0
17,346,-0.21894919872283936,0
17,347,0.938051700592041,0
17,348,0.5450963377952576,0
17,349,0.4339311122894287,0
17,350,1.537507176399231,0
17,351,-0.44053956866264343,0
17,352,0.383059024810791,0
17,353,1.0574195384979248,0
17,354,0.8804556131362915,0
17,355,1.5529319047927856,0
17,356,-0.11557869613170624,0
17,357,0.2703061103820801,0
17,358,0.5363402366638184,0
17,359,0.03152146562933922,0
17,360,0.3865639567375183,0
17,361,0.6156767010688782,0
17,362,0.8170717358589172,0
17,363,0.591271162033081,0
17,364,0.425470769405365,0
17,365,0.2549839913845062,0
17,366,0.591457724571228,0
17,367,0.8919291496276855,0
17,368,0.3029680550098419,0
17,369,0.2613687813282013,0
17,370,0.15571197867393494,0
17,371,-0.007767535746097565,0
17,372,1.1293234825134277,0
17,373,0.7579991221427917,0
17,374,0.31301403045654297,0
17,375,0.09801546484231949,0
17,376,0.6584324240684509,0
17,377,0.948515772819519,0
17,378,-0.5906572937965393,0
17,379,1.029349446296692,0
17,380,0.2630642056465149,0
17,381,1.1879810094833374,0
17,382,1.1594728231430054,0
17,383,1.3325886726379395,0
17,384,-1.0990513563156128,0
17,385,1.019173264503479,0
17,386,-0.48765259981155396,0
17,387,0.10598651319742203,0
17,388,-0.01370280608534813,0
17,389,1.4794633388519287,0
17,390,0.34468328952789307,0
17,391,0.4927510619163513,0
17,392,0.012930450029671192,0
17,393,-0.0497160404920578,0
17,394,0.34348776936531067,0
17,395,-0.053800035268068314,0
17,396,0.8379496932029724,0
17,397,0.12377330660820007,0
17,398,0.4070897698402405,0
17,399,-0.33173027634620667,0
17,400,0.7572746872901917,0
17,401,-0.1144941970705986,0
17,402,1.7746772766113281,0
17,403,0.7114853858947754,0
17,404,0.10176981985569,0
17,405,0.4130355417728424,0
17,406,1.061681866645813,0
17,407,-0.109935462474823,1
17,408,1.26334810256958,0
17,409,0.9346287250518799,1
17,410,0.7441978454589844,0
17,411,-0.3739072382450104,0
17,412,-0.43765804171562195,0
17,413,-0.8010083436965942,0
17,414,-0.014945550821721554,0
17,415,0.16997943818569183,0
17,416,-0.21405045688152313,0
17,417,0.5123266577720642,0
17,418,0.41100701689720154,0
17,419,-0.5607365369796753,0
17,420,0.11162348091602325,0
17,421,-0.05901193246245384,0
17,422,1.6027618646621704,0
17,423,0.4952526092529297,0
17,424,0.3212543725967407,0
17,425,0.581089198589325,0
17,426,-0.1021999642252922,0
17,427,-0.2808677554130554,0
17,428,-0.6655685305595398,0
17,429,0.014629453420639038,0
17,430,0.789807140827179,0
17,431,0.9386987090110779,0
17,432,-0.049573082476854324,0
17,433,1.0854947566986084,0
17,434,0.35563015937805176,0
17,435,1.502864122390747,0
17,436,0.6762181520462036,0
17,437,-0.813145101070404,0
17,438,0.7239560484886169,0
17,439,0.7667257189750671,0
17,440,0.02502407692372799,0
17,441,0.36656835675239563,0
17,442,-0.06045634672045708,0
17,443,-0.6038802862167358,0
17,444,0.8381946086883545,0
17,445,0.7802549600601196,0
17,446,-0.3875613808631897,0
17,447,0.6923027634620667,0
17,448,-0.014228473417460918,0
17,449,0.5824074149131775,0
17,450,0.2862209379673004,0
17,451,1.4812651872634888,0
17,452,-0.18565037846565247,0
17,453,0.2625080943107605,0
17,454,-0.39496946334838867,0
17,455,0.3159293532371521,0
17,456,-0.2931048572063446,0
17,457,-0.08284198492765427,0
17,458,0.6061798334121704,0
17,459,-0.10366974025964737,0
17,460,0.6021769046783447,0
17,461,0.20674856007099152,0
17,462,0.12022411078214645,0
17,463,0.6419554948806763,0
17,464,1.7261722087860107,0
17,465,0.8480936288833618,0
17,466,-0.15433113276958466,0
17,467,0.24969761073589325,0
17,468,0.1780860424041748,0
17,469,-0.16166457533836365,0
17,470,-0.26276886463165283,0
17,471,0.677573561668396,0
17,472,-0.16634070873260498,0
17,473,1.1784987449645996,0
17,474,0.29300034046173096,0
17,475,0.7471944093704224,0
17,476,0.38062214851379395,0
17,477,0.42765966057777405,0
17,478,0.8928037881851196,0
17,479,1.2030278444290161,0
17,480,1.1225874423980713,0
17,481,0.8504747748374939,0
17,482,0.9907800555229187,0
17,483,0.22186529636383057,0
17,484,-0.30617988109588623,0
17,485,0.32759493589401245,0
17,486,0.002420047763735056,0
17,487,0.7062622904777527,0
17,488,-0.15037959814071655,0
17,489,-0.7807382941246033,0
17,490,1.4916677474975586,0
17,491,1.3132376670837402,0
17,492,0.8840810060501099,0
17,493,0.5901557207107544,0
17,494,1.175603985786438,0
17,495,-0.6399077773094177,0
17,496,1.762563943862915,0
17,497,-0.4737125039100647,0
17,498,-0.017409268766641617,0
17,499,0.22225603461265564,0
17,500,0.9644983410835266,0
17,501,-0.9415168762207031,0
17,502,0.8789234161376953,0
17,503,-0.1206861287355423,0
17,504,0.292106568813324,0
17,505,0.6502493023872375,0
17,506,1.2280299663543701,0
17,507,0.7284517288208008,0
17,508,1.1004270315170288,0
17,509,-0.09940549731254578,0
17,510,1.3280837535858154,0
17,511,0.04035954177379608,0
17,512,1.4773484468460083,0
17,513,0.20464856922626495,0
17,514,-0.2081502079963684,0
17,515,0.9799860715866089,0
17,516,1.0145373344421387,0
17,517,-0.22363388538360596,0
17,518,1.1050618886947632,0
17,519,-0.27652403712272644,0
17,520,-0.25042977929115295,0
17,521,0.6312727332115173,0
17,522,5.743952715420164e-05,0
17,523,-0.47573718428611755,0
17,524,0.9824899435043335,0
17,525,-0.3477747142314911,0
17,526,-0.8217313289642334,0
17,527,1.1217767000198364,0
17,528,0.6063182353973389,0
17,529,0.20743593573570251,0
17,530,1.3005754947662354,0
17,531,0.3643606901168823,0
20,0,-0.4563212990760803,0
20,1,-1.22462797164917,0
20,2,0.19917340576648712,0
20,3,0.5232020616531372,0
20,4,-0.42346781492233276,0
20,5,-0.8767946362495422,0
20,6,0.6405822038650513,0
20,7,0.13225942850112915,0
20,8,0.6106733083724976,0
20,9,-0.3386763334274292,0
20,10,-0.286903440952301,0
20,11,-0.2404669225215912,0
20,12,-0.18281763792037964,0
20,13,0.19273322820663452,0
20,14,0.11891455203294754,0
20,15,-0.6362307667732239,0
20,16,-0.3347550928592682,0
20,17,0.05494297295808792,0
20,18,0.34598174691200256,0
20,19,0.2020324468612671,0
20,20,0.092927947640419,0
20,21,-0.45818647742271423,0
20,22,0.5209409594535828,0
20,23,0.2219616174697876,0
20,24,-0.7693471908569336,0
20,25,0.54100102186203,0
20,26,-0.14658361673355103,0
20,27,-0.3346508741378784,0
20,28,-0.2087341845035553,0
20,29,-0.008076042868196964,0
20,30,0.543811559677124,0
20,31,-0.498760849237442,0
20,32,-0.07161252945661545,0
20,33,-0.608597457408905,0
20,34,-0.5022112727165222,0
20,35,0.9188790917396545,0
20,36,-0.20702709257602692,0
20,37,0.029637129977345467,0
20,38,-0.009037826210260391,0
20,39,-0.528520405292511,0
20,40,-0.5671654343605042,0
20,41,0.00032153434585779905,0
20,42,-0.5312567949295044,0
20,43,-0.24344372749328613,0
20,44,-0.005135499406605959,0
20,45,-0.38051873445510864,0
20,46,-0.9064745903015137,0
20,47,-0.013232246972620487,0
20,48,0.15976984798908234,0
20,49,-0.7937695384025574,0
20,50,0.11135078221559525,0
20,51,-0.21945321559906006,0
20,52,0.3045510947704315,0
20,53,0.7139403820037842,0
20,54,-0.8192508816719055,0
20,55,0.4137793481349945,0
20,56,0.540996789932251,0
20,57,-0.031621720641851425,0
20,58,-0.20807306468486786,0
20,59,0.04804601892828941,0
20,60,0.2204194962978363,0
20,61,0.27894696593284607,0
20,62,0.6381641626358032,0
20,63,-0.06265527009963989,0
20,64,-0.7471941709518433,0
20,65,-0.24181362986564636,0
20,66,-0.11998622119426727,0
20,67,0.1011166125535965,0
20,68,-0.1751347929239273,0
20,69,0.7233183979988098,0
20,70,0.06005154177546501,0
20,71,-0.16247637569904327,0
20,72,0.4481774568557739,0
20,73,0.8716892600059509,0
20,74,-0.07492267340421677,0
20,75,0.05971153825521469,0
20,76,0.2620396614074707,0
20,77,0.07939732819795609,0
20,78,0.0818333700299263,0
20,79,0.6081979870796204,0
20,80,-0.7124776840209961,0
20,81,0.46535974740982056,0
20,82,-0.1462894231081009,0
20,83,0.35255753993988037,0
20,84,-0.18796402215957642,0
20,85,0.0012025367468595505,0
20,86,-0.9259650111198425,0
20,87,-0.46263790130615234,0
20,88,0.2344636172056198,0
20,89,-0.38331139087677,0
20,90,-1.114984393119812,0
20,91,0.004598600324243307,0
20,92,0.18343447148799896,0
20,93,0.03704863414168358,0
20,94,0.29630640149116516,0
20,95,0.18029801547527313,0
20,96,-1.116524338722229,0
20,97,-0.06996621191501617,0
20,98,-0.6575179100036621,0
20,99,-0.19867999851703644,0
20,100,-0.12699097394943237,0
20,101,0.39091432094573975,0
20,102,0.1957993358373642,0
20,103,-0.19436296820640564,0
20,104,0.5573294162750244,0
20,105,0.06628596782684326,0
20,106,0.25164082646369934,0
20,107,-0.1852741837501526,0
20,108,-0.17914843559265137,0
20,109,0.07983248680830002,0
20,110,0.27773699164390564,0
20,111,-0.2523614764213562,0
20,112,0.23096859455108643,0
20,113,-1.0835334062576294,0
20,114,-1.2802119255065918,0
20,115,-0.3684324622154236,0
20,116,-0.409387469291687,0
20,117,0.5328528881072998,0
20,118,0.4416320025920868,0
20,119,0.39153265953063965,0
20,120,0.3562975525856018,0
20,121,-0.03389319032430649,0
20,122,-0.07122460007667542,0
20,123,0.33887892961502075,0
20,124,-0.00912464875727892,0
20,125,-0.528497576713562,0
20,126,0.057278282940387726,0
20,127,0.24442532658576965,0
20,128,-0.3477615416049957,0
20,129,-0.0782700628042221,0
20,130,-0.589384138584137,0
20,131,0.04244200885295868,0
20,132,-0.6036971211433411,0
20,133,0.05380890145897865,0
20,134,0.2503390908241272,0
20,135,0.6598243713378906,0
20,136,-0.946578323841095,0
20,137,-0.20153942704200745,0
20,138,-0.18523286283016205,0
20,139,-0.5640649199485779,0
20,140,-0.6387202143669128,0
20,141,-0.318462997674942,0
20,142,-0.587790846824646,0
20,143,0.6968889236450195,0
20,144,0.13970191776752472,0
20,145,0.7775363326072693,0
20,146,-0.18101203441619873,0
20,147,-0.22819294035434723,0
20,148,0.04569774121046066,0
20,149,-0.16375896334648132,0
20,150,0.37384578585624695,0
20,151,-0.40596961975097656,0
20,152,1.2344087362289429,0
20,153,0.14157111942768097,0
20,154,-0.33629345893859863,0
20,155,-0.0532100535929203,0
20,156,0.4463624358177185,0
20,157,0.17908425629138947,0
20,158,0.11397971212863922,0
20,159,-0.7071585059165955,0
20,160,0.8315104246139526,0
20,161,-0.312369167804718,0
20,162,0.3151833713054657,0
20,163,-0.2137109786272049,0
20,164,-0.35422977805137634,0
20,165,-0.26632559299468994,0
20,166,0.25515344738960266,0
20,167,0.06825394183397293,0
20,168,-0.44076868891716003,0
20,169,-0.3833392858505249,0
20,170,-0.0044136387296020985,0
20,171,-0.27937132120132446,0
20,172,0.2197471708059311,0
20,173,-0.07227625697851181,0
20,174,-0.5134656429290771,0
20,175,-0.9418259263038635,0
20,176,-0.2611358165740967,0
20,177,1.049999713897705,0
20,178,-0.6744657158851624,0
20,179,0.707070529460907,0
20,180,-0.19830045104026794,0
20,181,-0.9787262678146362,0
20,182,0.22174899280071259,0
20,183,0.40466076135635376,0
20,184,-0.5191643834114075,0
20,185,-0.40682950615882874,0
20,186,-0.3782697021961212,0
20,187,-0.8037780523300171,0
20,188,-0.5431010127067566,0
20,189,-0.2953096926212311,0
20,190,0.5187212228775024,0
20,191,-0.02298220433294773,0
20,192,0.15051768720149994,0
20,193,-0.4156443774700165,0
20,194,-0.6224644184112549,0
20,195,-0.3547922670841217,0
20,196,-0.27260643243789673,0
20,197,-0.9797590970993042,0
20,198,0.18303504586219788,0
20,199,0.3478505611419678,0
20,200,-0.9384883642196655,0
20,201,-0.1859849989414215,0
20,202,0.1079542487859726,0
20,203,-0.21646898984909058,0
20,204,-0.9332106709480286,0
20,205,-0.6119788289070129,0
20,206,-0.15791800618171692,0
20,207,-0.19844140112400055,0
20,208,0.23266199231147766,0
20,209,-0.4724401831626892,0
20,210,0.12636148929595947,0
20,211,0.28337669372558594,0
20,212,-0.10540052503347397,0
20,213,-0.22568055987358093,0
20,214,-0.4857679009437561,0
20,215,-0.734025776386261,0
20,216,-0.12781918048858643,0
20,217,1.3997212648391724,0
20,218,0.29785847663879395,0
20,219,0.33649176359176636,0
20,220,-0.10611477494239807,0
20,221,-0.007891753688454628,0
20,222,-0.19571955502033234,0
20,223,0.9994120001792908,0
20,224,-0.2655944228172302,0
20,225,-0.539513111114502,0
20,226,0.02999589592218399,0
20,227,-0.8219068050384521,0
20,228,-0.1699816882610321,0
20,229,-0.16374966502189636,0
20,230,1.0793973207473755,0
20,231,-0.7772752642631531,0
20,232,-0.015337054617702961,0
20,233,0.3341526389122009,0
20,234,-0.4351939558982849,0
20,235,-0.443511039018631,0
20,236,-0.035019975155591965,0
20,237,-1.135817289352417,0
20,238,0.42957067489624023,0
20,239,0.010543448850512505,0
20,240,-0.6751636862754822,0
20,241,0.014245796017348766,0
20,242,0.7414233684539795,0
20,243,-0.531932532787323,0
20,244,-0.20698332786560059,0
20,245,-0.2546097934246063,0
20,246,-0.2474985271692276,0
20,247,-0.3510628938674927,0
20,248,0.8437483310699463,0
20,249,0.0631798505783081,0
20,250,0.3488296866416931,0
20,251,0.20886272192001343,0
20,252,0.9649699330329895,0
20,253,0.18501195311546326,0
20,254,0.32885539531707764,0
20,255,0.8950561285018921,0
20,256,0.5289619565010071,0
20,257,0.8122932314872742,0
20,258,0.6855893731117249,0
20,259,-0.013511438854038715,0
20,260,1.195509433746338,0
20,261,0.18662087619304657,0
20,262,0.9802382588386536,0
20,263,1.6463983058929443,0
20,264,0.3703262209892273,0
20,265,0.2492552101612091,0
20,266,-0.2070557028055191,0
20,267,0.06774362176656723,0
20,268,0.7096863985061646,0
20,269,0.2622426152229309,0
20,270,0.5575298070907593,0
20,271,1.3512511253356934,0
20,272,1.363830804824829,0
20,273,0.8913618922233582,0
20,274,-0.11848611384630203,0
20,275,0.8967777490615845,0
20,276,0.8104776740074158,0
20,277,0.9408451318740845,0
20,278,0.4549199044704437,0
20,279,0.9772221446037292,0
20,280,0.7122723460197449,0
20,281,-0.0240344125777483,0
20,282,0.3204564154148102,0
20,283,0.28012728691101074,0
20,284,0.8169826865196228,0
20,285,1.7265461683273315,0
20,286,-0.7390273809432983,0
20,287,1.1890316009521484,0
20,288,0.03842537850141525,0
20,289,0.14305704832077026,0
20,290,-0.4084950387477875,0
20,291,0.9334229826927185,0
20,292,0.33720871806144714,0
20,293,0.1472948044538498,0
20,294,0.13687917590141296,0
20,295,0.2069416344165802,0
20,296,0.6887879967689514,0
20,297,1.3163259029388428,0
20,298,1.0592477321624756,0
20,299,-0.10739490389823914,0
20,300,-0.10295082628726959,0
20,301,-0.44692468643188477,0
20,302,0.11169341951608658,0
20,303,0.35008805990219116,0
20,304,0.8701349496841431,0
20,305,0.5091286301612854,0
20,306,3.0491795539855957,0
20,307,0.8930795192718506,0
20,308,0.915736198425293,0
20,309,1.496444821357727,0
20,310,0.7943012714385986,0
20,311,0.6858277320861816,0
20,312,0.6033633351325989,0
20,313,0.27222612500190735,0
20,314,-0.3149113655090332,0
20,315,0.5338785648345947,0
20,316,0.2895972728729248,1
20,317,0.8826788067817688,0
20,318,0.6186040043830872,0
20,319,1.1494940519332886,0
20,320,0.8639176487922668,0
20,321,1.3711233139038086,0
20,322,0.183227077126503,0
20,323,0.13307471573352814,0
20,324,0.02474617399275303,0
20,325,0.5119155645370483,0
20,326,-0.17582078278064728,0
20,327,0.6523511409759521,0
20,328,0.5021498799324036,0
20,329,0.2557569146156311,0
20,330,0.9087218642234802,1
20,331,0.9377855658531189,0
20,332,-0.3535699248313904,1
20,333,0.8572781085968018,0
20,334,1.117940902709961,0
20,335,0.3612624406814575,0
20,336,0.15953736007213593,0
20,337,-0.39969903230667114,0
20,338,1.1129587888717651,0
20,339,0.21029886603355408,0
20,340,0.13640627264976501,0
20,341,2.052117109298706,0
20,342,-0.3259162902832031,0
20,343,-0.23382829129695892,0
20,344,0.2252558022737503,0
20,345,-0.9024941325187683,0
20,346,0.6750709414482117,0
20,347,0.026218237355351448,0
20,348,0.14796942472457886,0
20,349,0.5529059767723083,0
20,350,0.6061576008796692,0
20,351,1.1599258184432983,0
20,352,0.10407547652721405,0
20,353,0.2811130881309509,0
20,354,-0.1744803935289383,0
20,355,1.0787086486816406,0
20,356,-0.1851063072681427,0
20,357,0.551551878452301,0
20,358,0.9445265531539917,0
20,359,0.64975905418396,0
20,360,-0.06807777285575867,0
20,361,0.881555438041687,0
20,362,0.08993235230445862,0
20,363,1.1145269870758057,0
20,364,0.258013516664505,0
20,365,0.8251258730888367,0
20,366,1.0913331508636475,0
20,367,0.2827543020248413,0
20,368,0.8317169547080994,0
20,369,0.3415953516960144,0
20,370,0.4461119771003723,0
20,371,-0.4521157443523407,0
20,372,-0.11466796696186066,0
20,373,0.7885879278182983,0
20,374,0.7113841772079468,0
20,375,0.4590967893600464,0
20,376,0.3752300441265106,0
20,377,-0.0016672821948304772,0
20,378,0.4093455970287323,0
20,379,0.47018393874168396,0
20,380,0.09473124891519547,0
20,381,0.5257686376571655,0
20,382,0.3334895372390747,0
20,383,1.195977807044983,0
20,384,-0.7446619868278503,0
20,385,-0.5530960559844971,0
20,386,0.4354899525642395,0
20,387,0.2037888765335083,0
20,388,0.41374826431274414,0
20,389,1.2362316846847534,0
20,390,0.376014769077301,0
20,391,0.83192378282547,0
20,392,0.6112549901008606,0
20,393,0.060827821493148804,0
20,394,-0.2533690333366394,0
20,395,-0.2689765691757202,0
20,396,0.8867419958114624,0
20,397,-0.009071086533367634,0
20,398,0.18486084043979645,0
20,399,0.7826942205429077,0
20,400,-0.2903763949871063,0
20,401,0.24971182644367218,0
20,402,1.6210185289382935,0
20,403,0.6316878199577332,0
20,404,0.3974565863609314,0
20,405,-0.13326066732406616,0
20,406,-0.5446617007255554,0
20,407,0.21430543065071106,0
20,408,0.12386266887187958,0
20,409,2.5750508308410645,0
20,410,0.6377536058425903,0
20,411,0.6829792261123657,0
20,412,0.21722179651260376,0
20,413,-0.22253966331481934,0
20,414,0.3505125045776367,0
20,415,-0.04697350412607193,0
20,416,-0.5113315582275391,0
20,417,0.028354382142424583,0
20,418,0.02372249960899353,0
20,419,0.6215874552726746,0
20,420,0.23145660758018494,0
20,421,0.678429126739502,0
20,422,1.3697609901428223,0
20,423,0.23030638694763184,0
20,424,-0.1478683203458786,0
20,425,0.6360385417938232,0
20,426,0.05043080076575279,0
20,427,-0.33761653304100037,0
20,428,-0.041453711688518524,0
20,429,0.7952345609664917,0
20,430,0.7716943621635437,0
20,431,0.7556355595588684,0
20,432,0.3917604088783264,0
20,433,1.1017910242080688,0
20,434,-0.47142869234085083,0
20,435,0.7102664113044739,0
20,436,0.07918195426464081,0
20,437,0.4507886469364166,0
20,438,0.17715668678283691,0
20,439,0.5453845262527466,0
20,440,1.0167298316955566,0
20,441,0.3861585855484009,0
20,442,0.6987352967262268,0
20,443,0.35194650292396545,0
20,444,-0.6803421378135681,0
20,445,-0.2923731803894043,0
20,446,-0.4307989776134491,0
20,447,0.8445578813552856,0
20,448,-0.12786024808883667,0
20,449,0.5718914866447449,0
20,450,0.4481509029865265,0
20,451,0.7659493088722229,0
20,452,0.8293542861938477,0
20,453,0.42133665084838867,0
20,454,-0.342096745967865,0
20,455,0.29427534341812134,0
20,456,-0.06674966216087341,0
20,457,0.5242409110069275,0
20,458,0.45240518450737,0
20,459,-0.028273263946175575,0
20,460,1.74528968334198,0
20,461,0.23440337181091309,0
20,462,0.7014000415802002,0
20,463,0.35272639989852905,0
20,464,1.248009443283081,0
20,465,0.21097159385681152,0
20,466,0.2961716949939728,0
20,467,0.14385004341602325,0
20,468,0.08717343956232071,0
20,469,0.6887322664260864,0
20,470,0.22917163372039795,0
20,471,-0.1591736078262329,0
20,472,0.40624579787254333,0
20,473,0.7737501263618469,0
20,474,0.2877069413661957,0
20,475,-0.2868250012397766,0
20,476,-0.30295509099960327,0
20,477,0.37687936425209045,0
20,478,0.3605538010597229,0
20,479,0.3851879835128784,0
20,480,0.9466677308082581,0
20,481,0.1687658429145813,0
20,482,0.2246515303850174,0
20,483,0.5737229585647583,0
20,484,-0.052977923303842545,0
20,485,0.7732800841331482,0
20,486,1.6620254516601562,0
20,487,0.3963472247123718,0
20,488,0.5246796607971191,0
20,489,0.5433492064476013,0
20,490,-0.05313083529472351,0
20,491,0.40601491928100586,0
20,492,-0.4934973418712616,0
20,493,0.5811426639556885,0
20,494,0.9803711175918579,0
20,495,0.2518724501132965,0
20,496,0.8637418150901794,0
20,497,-0.8041430711746216,0
20,498,-0.07378821074962616,0
20,499,-0.013396046124398708,0
20,500,-0.4101175367832184,0
20,501,0.5455930829048157,0
20,502,0.35887831449508667,0
20,503,0.2077791392803192,0
20,504,0.246331125497818,0
20,505,1.6940789222717285,0
20,506,1.1712762117385864,0
20,507,0.28883594274520874,0
20,508,0.915101170539856,0
20,509,-0.18637444078922272,0
20,510,0.6033273935317993,0
20,511,0.6999574303627014,0
20,512,0.9545130133628845,0
20,513,0.13602621853351593,0
20,514,-0.4492986798286438,0
20,515,0.6079698801040649,0
20,516,1.9627511501312256,0
20,517,0.4869163930416107,0
20,518,2.08943247795105,0
20,519,-0.7367408275604248,0
20,520,0.3384195566177368,0
20,521,-0.08825351297855377,0
20,522,-0.06311358511447906,0
20,523,-0.3496937155723572,0
20,524,0.32602301239967346,0
20,525,0.4119231700897217,0
20,526,0.013973163440823555,0
20,527,0.2762255370616913,0
20,528,-0.18094363808631897,0
20,529,-0.13777822256088257,0
20,530,0.6905453205108643,0
20,531,0.45698219537734985,0
34,0,0.39045625925064087,0
34,1,-0.9183638095855713,0
34,2,-0.6276718974113464,0
34,3,0.038045551627874374,0
34,4,-0.2512156367301941,0
34,5,-0.8630610704421997,0
34,6,0.038477573543787,0
34,7,-0.386523574590683,0
34,8,-0.29715192317962646,0
34,9,-0.9137631058692932,0
34,10,-0.5682641267776489,0
34,11,-1.0448318719863892,0
34,12,-0.26371267437934875,0
34,13,-0.8607445955276489,0
34,14,0.1709233820438385,0
34,15,-0.19633199274539948,0
34,16,-1.154138445854187,0
34,17,-0.4532338082790375,0
34,18,-0.7794278264045715,0
34,19,-0.7996822595596313,0
34,20,-0.20919954776763916,0
34,21,-0.4526652991771698,0
34,22,-0.395732045173645,0
34,23,0.1873520314693451,0
34,24,-0.09051120281219482,0
34,25,-0.359750360250473,0
34,26,0.12519195675849915,0
34,27,-0.0418381467461586,0
34,28,-1.0424312353134155,0
34,29,-0.5753281712532043,0
34,30,-0.358269065618515,0
34,31,-0.5221409797668457,0
34,32,-0.6348795890808105,0
34,33,-0.7561240196228027,0
34,34,-0.5829831957817078,0
34,35,0.35037776827812195,0
34,36,-0.2589838206768036,0
34,37,-0.08570417761802673,0
34,38,-0.22806420922279358,0
34,39,-1.2730011940002441,0
34,40,-0.5625057220458984,0
34,41,-0.5829883813858032,0
34,42,-0.845194399356842,0
34,43,-0.673579752445221,0
34,44,-0.4322414994239807,0
34,45,-0.7607815265655518,0
34,46,-0.7058594226837158,0
34,47,0.07180304825305939,0
34,48,-0.16510652005672455,0
34,49,-1.4343680143356323,0
34,50,-0.8521615266799927,0
34,51,-0.6791694760322571,0
34,52,-0.719277560710907,0
34,53,-0.13742101192474365,0
34,54,-0.4872530698776245,0
34,55,0.024255448952317238,0
34,56,-0.2784031331539154,0
34,57,-0.4899340271949768,0
34,58,-1.08124840259552,0
34,59,0.44971057772636414,0
34,60,-0.6902309060096741,0
34,61,-0.41944384574890137,0
34,62,-0.2157507687807083,0
34,63,-0.2688327133655548,0
34,64,-0.7243747711181641,0
34,65,0.04653564468026161,0
34,66,-0.21363583207130432,0
34,67,-0.09136394411325455,0
34,68,-0.4046179950237274,0
34,69,0.24739429354667664,0
34,70,-0.1486440747976303,0
34,71,-1.6722428798675537,0
34,72,-0.3777347803115845,0
34,73,0.23393003642559052,0
34,74,0.03792863339185715,0
34,75,-0.6121471524238586,0
34,76,-0.952261209487915,0
34,77,-0.37535685300827026,0
34,78,-0.32782676815986633,0
34,79,-0.09931512922048569,0
34,80,-0.8973329067230225,0
34,81,-0.25959762930870056,0
34,82,-0.26829811930656433,0
34,83,-0.2412942498922348,0
34,84,-0.8314861059188843,0
34,85,-0.06014351546764374,0
34,86,-1.1591594219207764,0
34,87,-1.2621126174926758,0
34,88,-0.16841340065002441,0
34,89,-0.36869776248931885,0
34,90,-2.451103925704956,0
34,91,-0.6105442643165588,0
34,92,-0.18911093473434448,0
34,93,-0.1736985296010971,0
34,94,-0.29893895983695984,0
34,95,-0.7181903719902039,0
34,96,-0.9992629885673523,0
34,97,-0.9166917204856873,0
34,98,-0.8281129002571106,0
34,99,-0.13481174409389496,0
34,100,-0.7065093517303467,0
34,101,0.18514788150787354,0
34,102,-0.02786394953727722,0
34,103,-0.6351838707923889,0
34,104,-0.11338134855031967,0
34,105,-1.0436912775039673,0
34,106,-0.5956746935844421,0
34,107,-0.2576269805431366,0
34,108,-0.35338160395622253,0
34,109,-0.21357086300849915,0
34,110,0.31772926449775696,0
34,111,0.21560949087142944,0
34,112,-0.42038607597351074,0
34,113,-1.9907231330871582,0
34,114,-0.9585068821907043,0
34,115,-0.11445670574903488,0
34,116,-0.8677011132240295,0
34,117,0.4816610515117645,0
34,118,0.4889978766441345,0
34,119,0.27759966254234314,0
34,120,-0.2053266018629074,0
34,121,-0.7184825539588928,0
34,122,-0.7086595296859741,0
34,123,0.2632988691329956,0
34,124,0.5363455414772034,0
34,125,-0.8993253111839294,0
34,126,-0.31769412755966187,0
34,127,0.23117588460445404,0
34,128,-0.20551589131355286,0
34,129,-1.2858866453170776,0
34,130,-0.6181369423866272,0
34,131,0.14356200397014618,0
34,132,-0.618781566619873,0
34,133,-0.4029417335987091,0
34,134,-0.8604588508605957,0
34,135,0.3169182538986206,0
34,136,-0.8642500042915344,0
34,137,-0.24379123747348785,0
34,138,-0.4464929699897766,0
34,139,-0.49202147126197815,0
34,140,-0.6036642789840698,0
34,141,-0.5877367258071899,0
34,142,-0.5658498406410217,0
34,143,0.22603997588157654,0
34,144,0.12452923506498337,0
34,145,0.33380767703056335,0
34,146,-0.06264998018741608,0
34,147,0.37334930896759033,0
34,148,0.31099510192871094,0
34,149,-0.45355144143104553,0
34,150,0.24584431946277618,0
34,151,-0.7906239032745361,0
34,152,0.7674650549888611,0
34,153,-0.5221615433692932,0
34,154,0.025093981996178627,0
34,155,-0.030161498114466667,0
34,156,-0.5100361704826355,0
34,157,-0.1484428495168686,0
34,158,-0.7496814727783203,0
34,159,-1.0976505279541016,0
34,160,0.31515517830848694,0
34,161,-0.682314395904541,0
34,162,-0.4924026131629944,0
34,163,-0.3043849766254425,0
34,164,0.7772520780563354,0
34,165,-0.29691246151924133,0
34,166,0.10317126661539078,0
34,167,-0.6121282577514648,0
34,168,-0.7208042144775391,0
34,169,-1.321743369102478,0
34,170,-1.3132643699645996,0
34,171,-0.2614070475101471,0
34,172,-1.405646562576294,0
34,173,-0.6413675546646118,0
34,174,-1.0869604349136353,0
34,175,-0.4919764995574951,0
34,176,0.6020985245704651,0
34,177,0.5640996098518372,0
34,178,-0.9756319522857666,0
34,179,0.2504073679447174,0
34,180,-0.6883564591407776,0
34,181,-1.0036406517028809,0
34,182,-0.13900715112686157,0
34,183,-0.04888884350657463,0
34,184,-1.1292868852615356,0
34,185,0.20748205482959747,0
34,186,-0.14295047521591187,0
34,187,-1.2450717687606812,0
34,188,-1.4177565574645996,0
34,189,-0.5020078420639038,0
34,190,-0.1792633980512619,0
34,191,0.14481662213802338,0
34,192,-0.31398317217826843,0
34,193,-1.0250122547149658,0
34,194,-1.0538471937179565,0
34,195,-0.43222105503082275,0
34,196,-0.15157490968704224,0
34,197,-1.2966079711914062,0
34,198,-0.3662261962890625,0
34,199,-0.46659815311431885,0
34,200,-1.2299034595489502,0
34,201,-0.29661545157432556,0
34,202,-0.8736098408699036,0
34,203,-0.4061012864112854,0
34,204,-1.1036838293075562,0
34,205,-0.8235030770301819,0
34,206,-0.5004391670227051,0
34,207,-0.449745774269104,0
34,208,-0.8470454216003418,0
34,209,0.068926140666008,0
34,210,-0.5484159588813782,0
34,211,-0.025028171017766,0
34,212,0.2298279106616974,0
34,213,0.35188743472099304,0
34,214,-1.1624958515167236,0
34,215,-0.3805939555168152,0
34,216,-0.9882086515426636,0
34,217,0.7460688948631287,0
34,218,-0.7431855797767639,0
34,219,-0.003510627429932356,0
34,220,-0.2472117692232132,0
34,221,-0.4882120192050934,0
34,222,-0.6158987283706665,0
34,223,0.2145691066980362,0
34,224,-1.035935878753662,0
34,225,-0.9272123575210571,0
34,226,-0.3626890778541565,0
34,227,-1.5024371147155762,0
34,228,-0.9471172094345093,0
34,229,-0.7800034284591675,0
34,230,-0.11638087779283524,0
34,231,-0.5533749461174011,0
34,232,-0.3710640072822571,0
34,233,-0.12348879128694534,0
34,234,-0.4048105776309967,0
34,235,-0.424767404794693,0
34,236,-0.2820729911327362,0
34,237,-1.2749840021133423,0
34,238,-0.7847645878791809,0
34,239,-0.8757984638214111,0
34,240,-0.8346657156944275,0
34,241,-0.5658066868782043,0
34,242,-0.39149245619773865,0
34,243,-0.8873964548110962,0
34,244,-0.730027437210083,0
34,245,-0.44402042031288147,0
34,246,-0.7106224894523621,0
34,247,-0.9934507012367249,0
34,248,-0.013958897441625595,0
34,249,-0.4690706729888916,0
34,250,-1.0042935609817505,0
34,251,-0.06445478647947311,0
34,252,0.16075369715690613,0
34,253,0.08312936127185822,0
34,254,0.7682138681411743,0
34,255,0.8241028189659119,0
34,256,0.06632731854915619,0
34,257,1.1433329582214355,0
34,258,0.641791045665741,0
34,259,-0.006576483137905598,0
34,260,0.32519543170928955,0
34,261,-0.17051883041858673,0
34,262,1.1250147819519043,0
34,263,1.1165202856063843,0
34,264,0.05108776316046715,0
34,265,-0.05068545788526535,0
34,266,-0.33853650093078613,0
34,267,-0.2075689136981964,0
34,268,-0.16013866662979126,0
34,269,-0.11056014895439148,0
34,270,0.7056308388710022,0
34,271,0.2019778937101364,0
34,272,0.1593153327703476,0
34,273,0.04359416291117668,0
34,274,-0.2910267412662506,0
34,275,2.1428520679473877,0
34,276,0.13956928253173828,0
34,277,-0.22865377366542816,0
34,278,0.3208928108215332,0
34,279,1.0273168087005615,0
34,280,-0.29087308049201965,0
34,281,0.028461089357733727,0
34,282,0.20199745893478394,0
34,283,-0.571392834186554,0
34,284,0.433320015668869,0
34,285,0.41959622502326965,0
34,286,-0.9337126612663269,0
34,287,0.8816529512405396,0
34,288,0.4876094162464142,0
34,289,0.4804908335208893,0
34,290,-0.16107724606990814,0
34,291,0.4095187187194824,0
34,292,-0.760439932346344,0
34,293,0.5060314536094666,0
34,294,-0.7449014782905579,0
34,295,0.2510872781276703,0
34,296,1.349758505821228,0
34,297,0.19668743014335632,0
34,298,0.49444782733917236,0
34,299,-0.5314494371414185,0
34,300,-0.28351837396621704,0
34,301,-0.7773541212081909,0
34,302,0.14261500537395477,0
34,303,-0.06657087057828903,0
34,304,0.36508864164352417,0
34,305,-0.16482514142990112,0
34,306,1.0096325874328613,0
34,307,-0.005141094326972961,0
34,308,1.233115792274475,0
34,309,0.45312604308128357,0
34,310,-0.16328610479831696,0
34,311,0.26009348034858704,0
34,312,0.256494402885437,0
34,313,0.5209619998931885,0
34,314,0.03815954178571701,0
34,315,0.1722225844860077,0
34,316,-0.054600730538368225,0
34,317,0.27620670199394226,0
34,318,0.3153240978717804,0
34,319,0.2789524793624878,0
34,320,0.43273741006851196,0
34,321,0.5390243530273438,0
34,322,0.2028256058692932,0
34,323,-0.24183808267116547,0
34,324,0.11652510613203049,0
34,325,0.43600982427597046,0
34,326,-0.16682133078575134,0
34,327,0.6117966175079346,0
34,328,0.41839319467544556,0
34,329,0.6820446848869324,0
34,330,1.0211784839630127,0
34,331,0.7867293357849121,0
34,332,-0.4860919713973999,0
34,333,-0.2008950114250183,0
34,334,0.3016675114631653,0
34,335,-0.10083483159542084,0
34,336,-0.016726123169064522,0
34,337,-0.24415715038776398,0
34,338,0.6354655027389526,0
34,339,-0.2171194851398468,0
34,340,0.21539601683616638,0
34,341,0.5332922339439392,0
34,342,-0.5466251969337463,0
34,343,-0.3054598271846771,0
34,344,-0.41612452268600464,0
34,345,-0.9549096822738647,0
34,346,0.005300590302795172,0
34,347,-0.3421270549297333,0
34,348,-1.0892298221588135,0
34,349,0.1029946431517601,0
34,350,0.5706690549850464,0
34,351,0.2543438673019409,0
34,352,-0.08789300918579102,0
34,353,-0.1271723061800003,0
34,354,-0.2853536009788513,0
34,355,0.5134456157684326,0
34,356,-0.22648364305496216,0
34,357,-0.05389781668782234,0
34,358,0.7796635031700134,0
34,359,0.9142765998840332,0
34,360,-0.4227905571460724,0
34,361,-0.06802728772163391,0
34,362,-0.1368325799703598,0
34,363,0.37017130851745605,0
34,364,-0.9571129679679871,0
34,365,1.1157848834991455,0
34,366,0.34673136472702026,0
34,367,0.06897611171007156,0
34,368,0.3789755403995514,0
34,369,-0.8033211827278137,0
34,370,-0.4542904198169708,0
34,371,-0.8212543725967407,0
34,372,-0.3663772642612457,0
34,373,1.0990207195281982,0
34,374,0.7893871665000916,0
34,375,0.404493123292923,0
34,376,-0.5661405920982361,0
34,377,-0.13220198452472687,0
34,378,0.39367982745170593,0
34,379,0.020992141216993332,0
34,380,0.18252329528331757,0
34,381,-0.9322237372398376,0
34,382,0.8298760056495667,0
34,383,0.11234607547521591,0
34,384,0.02950384095311165,1
34,385,-0.03225286304950714,0
34,386,0.740509033203125,0
34,387,0.09313784539699554,0
34,388,0.3892306387424469,0
34,389,-0.3080640435218811,0
34,390,0.12701831758022308,0
34,391,0.7477554082870483,0
34,392,0.33807411789894104,0
34,393,0.6271936893463135,0
34,394,-0.33368879556655884,0
34,395,-0.1980048418045044,0
34,396,0.8173491954803467,0
34,397,-0.4183013439178467,0
34,398,-0.96403568983078,0
34,399,-0.27455806732177734,0
34,400,-1.074813723564148,0
34,401,-0.7473336458206177,0
34,402,0.78758305311203,0
34,403,1.027010202407837,0
34,404,0.09427465498447418,0
34,405,-0.4579647183418274,0
34,406,-0.3505393862724304,0
34,407,-0.10091723501682281,0
34,408,-0.24647575616836548,0
34,409,1.2442991733551025,0
34,410,0.35779547691345215,0
34,411,1.007845163345337,0
34,412,0.7680280804634094,0
34,413,0.3120410442352295,0
34,414,-0.16252878308296204,0
34,415,0.0027424318250268698,0
34,416,-0.43008917570114136,0
34,417,-0.5339933037757874,0
34,418,0.10423160344362259,0
34,419,-0.03505346551537514,0
34,420,0.210088849067688,0
34,421,-0.13865801692008972,0
34,422,0.029751690104603767,0
34,423,0.6100701093673706,0
34,424,-0.5980921983718872,0
34,425,1.0722458362579346,0
34,426,-0.28359532356262207,0
34,427,-0.6638293862342834,0
34,428,0.22097302973270416,0
34,429,0.2410217970609665,0
34,430,0.24513095617294312,0
34,431,0.08397146314382553,0
34,432,0.9297298192977905,0
34,433,0.9318333864212036,0
34,434,-0.3796907663345337,0
34,435,1.1729512214660645,0
34,436,0.05301569029688835,0
34,437,1.040787696838379,0
34,438,0.6571563482284546,0
34,439,0.42218807339668274,0
34,440,0.11428548395633698,0
34,441,-0.07510565221309662,0
34,442,0.001078100292943418,0
34,443,0.2212609052658081,0
34,444,0.15710754692554474,0
34,445,-0.4523599147796631,0
34,446,-0.5193772315979004,0
34,447,0.15489742159843445,0
34,448,-0.06731797754764557,0
34,449,0.05106789246201515,0
34,450,1.035399079322815,0
34,451,0.05840687453746796,0
34,452,0.35310399532318115,0
34,453,0.23277007043361664,0
34,454,0.17652273178100586,0
34,455,-1.0647680759429932,0
34,456,-0.7117781043052673,0
34,457,0.43091315031051636,0
34,458,-0.36798804998397827,0
34,459,-0.5237941145896912,0
34,460,0.847802996635437,0
34,461,0.07032808661460876,0
34,462,0.4364522695541382,0
34,463,-0.37057140469551086,0
34,464,0.8787086606025696,0
34,465,-0.19506531953811646,1
34,466,0.07685483992099762,0
34,467,-0.7180558443069458,0
34,468,-0.5475066900253296,0
34,469,0.07096230238676071,0
34,470,0.08029067516326904,0
34,471,-0.21972009539604187,0
34,472,-0.15764334797859192,0
34,473,0.9756412506103516,0
34,474,0.51217120885849,0
34,475,-0.4732976257801056,0
34,476,-0.16101938486099243,0
34,477,0.05629207193851471,0
34,478,0.21704475581645966,0
34,479,0.029496710747480392,0
34,480,0.540256142616272,0
34,481,0.3678051233291626,0
34,482,-0.05530085042119026,0
34,483,1.0255225896835327,0
34,484,-1.031354546546936,0
34,485,0.6640865206718445,0
34,486,0.19035688042640686,0
34,487,0.20894329249858856,0
34,488,0.46723800897598267,0
34,489,0.40725135803222656,0
34,490,0.01219343114644289,0
34,491,-0.16313394904136658,0
34,492,-0.37302541732788086,0
34,493,0.39665040373802185,0
34,494,0.6100088357925415,0
34,495,0.8108352422714233,0
34,496,-0.011080852709710598,0
34,497,0.0015310697490349412,0
34,498,0.6761890649795532,0
34,499,-0.2458897829055786,0
34,500,-1.0472688674926758,0
34,501,0.4570515751838684,0
34,502,-0.21175554394721985,0
34,503,0.13633546233177185,0
34,504,-0.1707303375005722,0
34,505,1.0540581941604614,0
34,506,0.3250814378261566,0
34,507,-0.6319162249565125,0
34,508,0.14182527363300323,0
34,509,-0.44010815024375916,0
34,510,0.692201554775238,0
34,511,0.6183417439460754,0
34,512,1.0283963680267334,0
34,513,-0.6099379062652588,0
34,514,-0.010381335392594337,0
34,515,0.9169040322303772,1
34,516,0.8463107347488403,0
34,517,0.3989376425743103,0
34,518,0.9902029633522034,0
34,519,0.16075679659843445,0
34,520,-0.3633154332637787,0
34,521,-0.5813167691230774,0
34,522,-0.3976004719734192,0
34,523,-0.21023941040039062,0
34,524,0.27311718463897705,0
34,525,0.9516183137893677,0
34,526,0.32483237981796265,0
34,527,0.42141640186309814,0
34,528,0.43223994970321655,0
34,529,0.1267349123954773,0
34,530,-0.03358061611652374,0
34,531,0.4829520881175995,1
63,0,0.05488010123372078,0
63,1,-1.1431480646133423,0
63,2,-0.3344753384590149,0
63,3,-0.8105733394622803,0
63,4,-0.13351121544837952,0
63,5,-0.5115959644317627,0
63,6,-0.08909810334444046,0
63,7,-0.6416959166526794,0
63,8,0.9111680388450623,0
63,9,-0.765986442565918,0
63,10,-0.2474493682384491,0
63,11,-0.22759287059307098,0
63,12,-0.5343081951141357,0
63,13,0.7135719060897827,0
63,14,0.5711324214935303,0
63,15,-0.751680314540863,0
63,16,0.35112103819847107,0
63,17,-0.525923490524292,0
63,18,-0.5544564127922058,0
63,19,0.4588943123817444,0
63,20,-0.11246704310178757,0
63,21,-0.8755427002906799,0
63,22,0.1129661574959755,0
63,23,0.3009496033191681,0
63,24,-0.5042473673820496,0
63,25,0.2710501551628113,0
63,26,0.4753641188144684,0
63,27,0.37540698051452637,0
63,28,0.1294710785150528,0
63,29,0.29133960604667664,0
63,30,-0.42885202169418335,0
63,31,-0.7467946410179138,0
63,32,-0.9986206293106079,0
63,33,-0.9196218252182007,0
63,34,-0.014445522800087929,0
63,35,0.21982678771018982,0
63,36,-0.010843067429959774,0
63,37,-0.6638416647911072,0
63,38,-0.20402759313583374,0
63,39,-0.0863524079322815,0
63,40,-0.095269575715065,0
63,41,-0.6501819491386414,0
63,42,-0.3493475019931793,0
63,43,-0.6993152499198914,0
63,44,1.211890459060669,0
63,45,0.5865036845207214,0
63,46,-1.7923833131790161,0
63,47,-0.9524226188659668,0
63,48,-0.7706374526023865,0
63,49,-0.758396565914154,0
63,50,-0.5096431970596313,0
63,51,-1.8222490549087524,0
63,52,0.07357409596443176,0
63,53,-0.368696391582489,0
63,54,-0.47684985399246216,0
63,55,-0.15303806960582733,0
63,56,0.48606210947036743,0
63,57,-0.6436148881912231,0
63,58,0.05010409653186798,0
63,59,-0.053018759936094284,0
63,60,-0.17437976598739624,0
63,61,0.30619168281555176,0
63,62,-0.532545804977417,0
63,63,-1.0110267400741577,0
63,64,-0.2011989951133728,0
63,65,-0.5287125110626221,0
63,66,-0.4545726776123047,0
63,67,0.06842502951622009,0
63,68,-0.6408849358558655,0
63,69,-0.010309092700481415,0
63,70,-0.5206128358840942,0
63,71,0.30460894107818604,0
63,72,-0.428276926279068,0
63,73,0.45777732133865356,0
63,74,-0.624884843826294,0
63,75,-0.3335011303424835,0
63,76,-0.427471786737442,0
63,77,-0.26443296670913696,0
63,78,0.23324202001094818,0
63,79,1.0513840913772583,0
63,80,-0.6055262684822083,0
63,81,-0.20809732377529144,0
63,82,-0.6773747801780701,0
63,83,-1.2221055030822754,0
63,84,-0.44530755281448364,0
63,85,-0.5861944556236267,0
63,86,-0.25076374411582947,0
63,87,-0.44207659363746643,0
63,88,0.2757135331630707,0
63,89,-0.5975970029830933,0
63,90,0.5611245036125183,0
63,91,-0.14047101140022278,0
63,92,-0.14383536577224731,0
63,93,0.03963114321231842,0
63,94,-0.6833529472351074,0
63,95,-0.22558848559856415,0
63,96,-0.3220600187778473,0
63,97,-0.4056378901004791,0
63,98,-0.6503179669380188,0
63,99,-0.17407351732254028,0
63,100,-0.1469944417476654,0
63,101,0.248175248503685,0
63,102,-0.20233359932899475,0
63,103,-0.3237856328487396,0
63,104,-0.5368727445602417,0
63,105,-0.6961917877197266,0
63,106,0.34302595257759094,0
63,107,-1.0138505697250366,0
63,108,-0.035000648349523544,0
63,109,-0.28317776322364807,0
63,110,-0.4917266368865967,0
63,111,-0.13823649287223816,0
63,112,0.10451287031173706,0
63,113,-0.30651578307151794,0
63,114,0.11040149629116058,0
63,115,-0.887631893157959,0
63,116,0.017144545912742615,0
63,117,-0.4936036467552185,0
63,118,-0.972513735294342,0
63,119,-0.5387023687362671,0
63,120,-0.008365746587514877,0
63,121,0.19400161504745483,0
63,122,0.04915137216448784,0
63,123,0.0351596437394619,0
63,124,-0.5441628098487854,0
63,125,-0.7526777386665344,0
63,126,-0.12033489346504211,0
63,127,0.187557652592659,0
63,128,-1.5099215507507324,0
63,129,-0.25405529141426086,0
63,130,-0.6525013446807861,0
63,131,-0.5353385210037231,0
63,132,-0.3436127007007599,0
63,133,-0.041280489414930344,0
63,134,-0.024630913510918617,0
63,135,-0.3699212670326233,0
63,136,-1.3532243967056274,0
63,137,-0.7174415588378906,0
63,138,-0.7380951642990112,0
63,139,-0.4625535309314728,0
63,140,-0.09205571562051773,0
63,141,0.18441654741764069,0
63,142,-0.41638505458831787,0
63,143,-0.4450225532054901,0
63,144,-0.27681878209114075,0
63,145,0.225609689950943,0
63,146,-0.13913032412528992,0
63,147,0.44843849539756775,0
63,148,0.616908848285675,0
63,149,-0.0013536136830225587,0
63,150,-0.925245463848114,0
63,151,-1.251747488975525,0
63,152,-0.1522967666387558,0
63,153,-0.37186354398727417,0
63,154,-0.36173444986343384,0
63,155,0.37710514664649963,0
63,156,-0.21302136778831482,0
63,157,-0.20564499497413635,0
63,158,0.335788756608963,0
63,159,-0.9572293162345886,0
63,160,-0.24439533054828644,0
63,161,-0.8111396431922913,0
63,162,0.21068240702152252,0
63,163,-0.6693431735038757,0
63,164,-1.1080827713012695,0
63,165,0.03568033128976822,0
63,166,-0.11941023170948029,0
63,167,-0.440097838640213,0
63,168,-0.620690107345581,0
63,169,-0.0759776309132576,0
63,170,-0.33018338680267334,0
63,171,-0.3484267294406891,0
63,172,0.6500303149223328,0
63,173,0.08373494446277618,0
63,174,-0.6721499562263489,0
63,175,-0.9716287851333618,0
63,176,-0.2554207146167755,0
63,177,0.16232168674468994,0
63,178,-1.047176718711853,0
63,179,1.0944455862045288,0
63,180,-0.1629120111465454,0
63,181,-0.6377249956130981,0
63,182,-0.601064145565033,0
63,183,0.20930927991867065,0
63,184,-0.7806751728057861,0
63,185,-0.7141096591949463,0
63,186,-0.17305277287960052,0
63,187,-1.2179137468338013,0
63,188,-0.7967807054519653,0
63,189,0.2687033712863922,0
63,190,-0.48272764682769775,0
63,191,-0.475474089384079,0
63,192,0.37084656953811646,0
63,193,-0.41165363788604736,0
63,194,-0.0061714984476566315,0
63,195,-0.5907400250434875,0
63,196,0.04162362590432167,0
63,197,-0.3282307982444763,0
63,198,-0.2867361605167389,0
63,199,-0.04855004698038101,0
63,200,-0.6067417860031128,0
63,201,0.6688615679740906,0
63,202,0.030170641839504242,0
63,203,-0.5972973108291626,0
63,204,-1.30308198928833,0
63,205,-0.8803828954696655,0
63,206,-0.8809391260147095,0
63,207,0.11319921910762787,0
63,208,0.18634182214736938,0
63,209,-1.183579683303833,0
63,210,0.5246553421020508,0
63,211,-1.031969428062439,0
63,212,-0.4190830588340759,0
63,213,-0.42201074957847595,0
63,214,-0.9623798131942749,0
63,215,-0.6331737637519836,0
63,216,0.01837029494345188,0
63,217,0.4455496072769165,0
63,218,-0.43316927552223206,0
63,219,-0.4269251525402069,0
63,220,-0.26773613691329956,0
63,221,-0.7742157578468323,0
63,222,-0.769004762172699,0
63,223,-0.4081485867500305,0
63,224,-0.08286537975072861,0
63,225,-0.042915500700473785,0
63,226,-0.001614594366401434,0
63,227,-0.06027179956436157,0
63,228,-0.6010268330574036,0
63,229,0.11860474944114685,0
63,230,-0.03261798992753029,0
63,231,-0.7149950265884399,0
63,232,-0.9714488387107849,0
63,233,0.1270199418067932,0
63,234,-0.31818118691444397,0
63,235,0.010326521471142769,0
63,236,1.0479437112808228,0
63,237,-0.2970373034477234,0
63,238,0.418090283870697,0
63,239,-0.02796732820570469,0
63,240,-0.4605826735496521,0
63,241,0.39461714029312134,0
63,242,-0.16324344277381897,0
63,243,0.2958919107913971,0
63,244,-0.5283117890357971,0
63,245,-1.7028969526290894,0
63,246,-1.3379064798355103,0
63,247,-0.4032328128814697,0
63,248,0.3230001628398895,0
63,249,-0.35550349950790405,0
63,250,-0.24749042093753815,0
63,251,-0.010033282451331615,0
63,252,1.3511979579925537,0
63,253,-0.4620628356933594,0
63,254,0.2115251123905182,0
63,255,1.4990249872207642,0
63,256,1.6261012554168701,0
63,257,-0.043062951415777206,0
63,258,1.5217772722244263,0
63,259,-0.11712760478258133,0
63,260,2.2278270721435547,0
63,261,0.036451518535614014,0
63,262,1.4388777017593384,0
63,263,1.6630535125732422,0
63,264,0.8899813890457153,0
63,265,1.2663300037384033,0
63,266,0.2905009388923645,0
63,267,1.2296723127365112,0
63,268,2.035410165786743,0
63,269,0.26036208868026733,0
63,270,0.6753615736961365,0
63,271,3.148494005203247,0
63,272,1.7275782823562622,0
63,273,1.244196891784668,0
63,274,0.44471561908721924,0
63,275,0.442603200674057,0
63,276,1.2992980480194092,0
63,277,1.7357436418533325,0
63,278,0.2825062870979309,0
63,279,1.5153952836990356,0
63,280,0.5332348942756653,0
63,281,0.5245033502578735,0
63,282,-0.7737042903900146,0
63,283,0.7991457581520081,0
63,284,0.7615180015563965,0
63,285,1.6390327215194702,0
63,286,0.025079799816012383,0
63,287,1.3687644004821777,0
63,288,0.1816708892583847,0
63,289,-0.19171042740345,0
63,290,0.33373594284057617,0
63,291,0.2593640387058258,0
63,292,0.3255101442337036,0
63,293,0.9174590110778809,0
63,294,-0.15661948919296265,0
63,295,0.16311964392662048,0
63,296,1.275447130203247,0
63,297,1.0906188488006592,0
63,298,1.1604112386703491,0
63,299,0.28226807713508606,0
63,300,0.615506112575531,0
63,301,0.13328927755355835,0
63,302,0.375534325838089,0
63,303,1.0831332206726074,0
63,304,0.6442743539810181,0
63,305,0.9896854162216187,0
63,306,1.93883216381073,0
63,307,0.8859845399856567,0
63,308,1.8074911832809448,1
63,309,0.9475715756416321,0
63,310,1.3228206634521484,0
63,311,0.8712613582611084,0
63,312,1.2269026041030884,0
63,313,0.7843034267425537,0
63,314,-0.10454830527305603,0
63,315,0.3287256360054016,0
63,316,1.5947840213775635,0
63,317,1.7347159385681152,0
63,318,0.2285344898700714,0
63,319,1.2859188318252563,0
63,320,1.8291159868240356,0
63,321,2.389347553253174,0
63,322,0.1351955682039261,1
63,323,-0.10639660060405731,0
63,324,0.10538037121295929,1
63,325,1.9319145679473877,0
63,326,-0.32323041558265686,0
63,327,0.7310224175453186,0
63,328,0.0269213505089283,0
63,329,-0.033127088099718094,0
63,330,0.8958068490028381,0
63,331,0.352729469537735,0
63,332,-0.6436430215835571,0
63,333,1.328973650932312,0
63,334,0.9643375873565674,0
63,335,0.07694259285926819,0
63,336,0.5717906355857849,0
63,337,-0.2503226697444916,0
63,338,1.370252251625061,0
63,339,-0.6950492858886719,0
63,340,0.13474878668785095,0
63,341,2.496380567550659,0
63,342,0.5734860897064209,0
63,343,0.7323377728462219,0
63,344,2.0411810874938965,0
63,345,-0.8275996446609497,0
63,346,0.26036369800567627,0
63,347,0.4479154646396637,0
63,348,0.22648636996746063,0
63,349,0.3003247380256653,0
63,350,1.3392246961593628,0
63,351,0.538338840007782,0
63,352,0.02191496454179287,0
63,353,1.3423643112182617,0
63,354,1.3391400575637817,0
63,355,1.623576283454895,0
63,356,-0.17656832933425903,0
63,357,0.8789234161376953,0
63,358,1.0614031553268433,0
63,359,0.9473671913146973,0
63,360,1.0177980661392212,0
63,361,0.39206334948539734,0
63,362,0.23220162093639374,0
63,363,1.707474708557129,0
63,364,0.39104971289634705,0
63,365,1.0055550336837769,0
63,366,0.9691619873046875,0
63,367,-0.18501543998718262,0
63,368,0.547181248664856,0
63,369,0.724728524684906,0
63,370,0.6252553462982178,0
63,371,-0.333651602268219,0
63,372,0.9999069571495056,0
63,373,0.7192431688308716,0
63,374,0.5247746706008911,0
63,375,0.8433985710144043,0
63,376,0.1741700917482376,0
63,377,0.9258418083190918,0
63,378,0.060206279158592224,0
63,379,1.1728838682174683,0
63,380,0.23423554003238678,0
63,381,0.5216385722160339,0
63,382,0.5301797986030579,0
63,383,1.140173316001892,0
63,384,-0.3086131811141968,0
63,385,1.2864145040512085,0
63,386,-0.4740232825279236,0
63,387,0.26940223574638367,0
63,388,0.03291482478380203,0
63,389,1.911908507347107,0
63,390,0.6056711673736572,0
63,391,1.184572696685791,0
63,392,0.1573164165019989,0
63,393,0.8389940857887268,0
63,394,-0.6333752870559692,0
63,395,-0.34939080476760864,0
63,396,0.42685362696647644,0
63,397,0.5032198429107666,0
63,398,0.6060582399368286,0
63,399,0.2870965898036957,0
63,400,1.1572120189666748,0
63,401,-0.3601963520050049,0
63,402,2.0257623195648193,0
63,403,1.1975210905075073,0
63,404,1.0387887954711914,0
63,405,-0.22768190503120422,0
63,406,-0.5075596570968628,0
63,407,-0.3986532390117645,0
63,408,1.2194148302078247,0
63,409,2.156569242477417,0
63,410,0.9107075333595276,0
63,411,1.3219608068466187,0
63,412,-0.16615790128707886,0
63,413,-0.18166716396808624,0
63,414,0.35436540842056274,0
63,415,-0.09262649714946747,0
63,416,-0.7615334987640381,0
63,417,-0.01846209168434143,0
63,418,0.11014892160892487,0
63,419,0.4715842604637146,0
63,420,0.4093417525291443,0
63,421,0.7983702421188354,0
63,422,1.3217066526412964,0
63,423,1.0531456470489502,0
63,424,0.09102009981870651,0
63,425,0.5384160280227661,0
63,426,-0.3530181348323822,0
63,427,0.5368616580963135,0
63,428,0.1339263617992401,0
63,429,0.6997533440589905,0
63,430,0.15330615639686584,0
63,431,0.9614768624305725,0
63,432,0.3582877516746521,0
63,433,0.61322021484375,0
63,434,0.10273279249668121,0
63,435,1.092780590057373,0
63,436,1.2939643859863281,0
63,437,-0.2557826340198517,0
63,438,1.3216382265090942,0
63,439,0.8936589360237122,0
63,440,0.7903819680213928,0
63,441,1.0852411985397339,0
63,442,-0.2599387764930725,0
63,443,0.005648390389978886,0
63,444,0.8175055384635925,0
63,445,0.3471285402774811,0
63,446,0.056273628026247025,0
63,447,1.1351653337478638,0
63,448,0.0650995522737503,0
63,449,0.5442945957183838,0
63,450,-0.12574318051338196,0
63,451,0.32240474224090576,0
63,452,0.6013302206993103,0
63,453,0.41735997796058655,0
63,454,0.3606778383255005,0
63,455,0.6799912452697754,0
63,456,-0.10213004052639008,0
63,457,-0.759339451789856,0
63,458,0.6420956254005432,0
63,459,0.010464252904057503,0
63,460,2.327782154083252,0
63,461,-0.08703118562698364,0
63,462,0.9863880276679993,0
63,463,0.5192857980728149,0
63,464,2.7294211387634277,0
63,465,0.5990607738494873,0
63,466,1.1964738368988037,0
63,467,1.0131332874298096,0
63,468,-0.20067234337329865,0
63,469,1.5225499868392944,0
63,470,-0.32083240151405334,0
63,471,-0.0009190972778014839,0
63,472,-0.3447222411632538,0
63,473,2.0175321102142334,0
63,474,0.10601896047592163,0
63,475,0.8162572979927063,0
63,476,1.6064209938049316,0
63,477,0.6262840628623962,0
63,478,0.7636706233024597,0
63,479,1.745226502418518,0
63,480,1.2479689121246338,0
63,481,1.5661747455596924,0
63,482,1.0919227600097656,0
63,483,0.9772617220878601,0
63,484,-0.5500897169113159,0
63,485,0.47299399971961975,0
63,486,1.6781502962112427,0
63,487,1.5527528524398804,0
63,488,0.012027052231132984,0
63,489,0.3390912711620331,0
63,490,1.3008817434310913,0
63,491,1.3212331533432007,0
63,492,0.22735850512981415,0
63,493,0.35469338297843933,0
63,494,1.3777391910552979,0
63,495,0.8168439865112305,0
63,496,1.2505332231521606,0
63,497,0.025528470054268837,0
63,498,0.017709724605083466,0
63,499,0.3280588984489441,0
63,500,0.619068443775177,0
63,501,-1.0360357761383057,0
63,502,0.8731645941734314,0
63,503,0.15931911766529083,0
63,504,0.5381242632865906,0
63,505,2.0945498943328857,0
63,506,0.46325764060020447,0
63,507,0.7706226110458374,0
63,508,1.5560094118118286,0
63,509,0.7611773610115051,0
63,510,0.9245389103889465,0
63,511,0.9690934419631958,0
63,512,1.0063958168029785,0
63,513,0.4034372866153717,0
63,514,0.5806431174278259,0
63,515,1.042311429977417,0
63,516,1.6434874534606934,0
63,517,0.44102486968040466,0
63,518,1.6438394784927368,0
63,519,-0.24405387043952942,0
63,520,0.5671558380126953,0
63,521,-0.2589651644229889,0
63,522,0.8684731125831604,0
63,523,-0.20210598409175873,0
63,524,0.40717238187789917,0
63,525,0.39836814999580383,0
63,526,-0.6434416770935059,0
63,527,0.42196324467658997,0
63,528,0.6559126377105713,0
63,529,1.0666329860687256,0
63,530,0.9053216576576233,0
63,531,0.8101255297660828,0
64,0,-0.2493719756603241,0
64,1,0.17206689715385437,0
64,2,1.216522455215454,0
64,3,1.3621325492858887,0
64,4,0.5904136300086975,0
64,5,0.6603845357894897,0
64,6,1.0004796981811523,0
64,7,0.18873438239097595,0
64,8,-0.16794663667678833,0
64,9,0.5535598993301392,0
64,10,0.9428527355194092,0
64,11,1.1326727867126465,0
64,12,0.4249177873134613,0
64,13,0.17664700746536255,0
64,14,0.22492264211177826,0
64,15,0.3653590977191925,0
64,16,0.556659460067749,0
64,17,0.6360680460929871,0
64,18,1.5026048421859741,0
64,19,0.7341647148132324,0
64,20,0.29430335760116577,0
64,21,1.0076446533203125,0
64,22,1.0866618156433105,0
64,23,-0.09667424112558365,0
64,24,-0.01354347262531519,0
64,25,0.7681780457496643,0
64,26,0.23820385336875916,0
64,27,0.4456997215747833,0
64,28,0.7779644131660461,0
64,29,1.0414150953292847,0
64,30,0.5400034189224243,0
64,31,-0.6239840388298035,0
64,32,1.21295964717865,0
64,33,0.9952577352523804,0
64,34,0.07492923736572266,0
64,35,0.7435271143913269,0
64,36,-0.13012468814849854,0
64,37,0.30468082427978516,0
64,38,-0.1251310259103775,0
64,39,1.2914657592773438,0
64,40,0.25902265310287476,0
64,41,0.6759051084518433,0
64,42,0.6413406729698181,0
64,43,0.7773998379707336,0
64,44,0.5522090196609497,0
64,45,0.2639771103858948,0
64,46,0.7955360412597656,0
64,47,0.6412671208381653,0
64,48,0.8129379153251648,0
64,49,0.8074642419815063,0
64,50,0.7702615857124329,0
64,51,0.2637276351451874,0
64,52,1.0966001749038696,0
64,53,0.7666885852813721,0
64,54,-0.3071027100086212,0
64,55,-0.21782314777374268,0
64,56,0.8908677101135254,0
64,57,0.24014392495155334,0
64,58,0.6329036355018616,0
64,59,0.3290475606918335,0
64,60,1.0784645080566406,0
64,61,1.0034854412078857,0
64,62,1.1255950927734375,0
64,63,0.13767649233341217,0
64,64,0.9064244627952576,0
64,65,0.05588695406913757,0
64,66,0.32931527495384216,0
64,67,0.6199063658714294,0
64,68,0.04001592472195625,0
64,69,-0.14871102571487427,0
64,70,0.6575936675071716,0
64,71,0.4692375957965851,0
64,72,0.7099950313568115,0
64,73,0.5364297032356262,0
64,74,0.3116525113582611,0
64,75,0.846183180809021,0
64,76,0.45453569293022156,0
64,77,0.17663949728012085,0
64,78,0.7624694108963013,0
64,79,0.5261533856391907,0
64,80,0.7802351117134094,0
64,81,0.39642783999443054,0
64,82,0.08974069356918335,0
64,83,1.5230237245559692,0
64,84,1.3342525959014893,0
64,85,-0.5485092401504517,0
64,86,0.1949472576379776,0
64,87,0.4395613670349121,0
64,88,0.9091351628303528,0
64,89,0.571786642074585,0
64,90,1.3078089952468872,0
64,91,0.5240739583969116,0
64,92,0.31071507930755615,0
64,93,0.547254204750061,0
64,94,1.0210667848587036,0
64,95,1.4325851202011108,0
64,96,0.25177010893821716,0
64,97,1.2626698017120361,0
64,98,0.5075379610061646,0
64,99,0.7030593752861023,0
64,100,0.7358413338661194,0
64,101,-0.5128394961357117,0
64,102,1.0051074028015137,0
64,103,0.758122980594635,0
64,104,0.4040473997592926,0
64,105,1.2104414701461792,0
64,106,0.3855317533016205,0
64,107,0.28152212500572205,0
64,108,0.22705161571502686,0
64,109,-0.09977782517671585,0
64,110,-0.28074461221694946,0
64,111,-0.4654918313026428,0
64,112,0.29707077145576477,0
64,113,1.2123548984527588,0
64,114,0.27887582778930664,0
64,115,0.9604372978210449,0
64,116,0.04503711313009262,0
64,117,0.3810099959373474,0
64,118,-0.718972384929657,0
64,119,0.18566329777240753,0
64,120,0.16587591171264648,0
64,121,-0.07729911804199219,0
64,122,0.6693408489227295,0
64,123,-0.5879539251327515,0
64,124,0.3956614136695862,0
64,125,1.046000599861145,0
64,126,-0.2707119584083557,0
64,127,0.4468844532966614,0
64,128,-0.16669616103172302,0
64,129,0.8408150672912598,0
64,130,0.35536956787109375,0
64,131,0.38318493962287903,0
64,132,0.7465330958366394,0
64,133,0.8396695852279663,0
64,134,1.7712149620056152,0
64,135,0.47706738114356995,0
64,136,0.8632073402404785,0
64,137,0.16621729731559753,0
64,138,0.2396417111158371,0
64,139,-0.43446728587150574,0
64,140,0.2649306654930115,0
64,141,0.5409156084060669,0
64,142,-0.5696567296981812,0
64,143,0.1596507430076599,0
64,144,0.34691983461380005,0
64,145,0.19874870777130127,0
64,146,-0.17171110212802887,0
64,147,0.1690261960029602,0
64,148,0.2621877193450928,0
64,149,0.1512622833251953,0
64,150,-0.14623138308525085,0
64,151,0.34861111640930176,0
64,152,0.8002389073371887,0
64,153,0.4066898822784424,0
64,154,0.30062246322631836,0
64,155,-0.07607322931289673,0
64,156,0.515429675579071,0
64,157,-0.04214862361550331,0
64,158,0.45579448342323303,0
64,159,0.823083221912384,0
64,160,0.35594961047172546,0
64,161,0.9652792811393738,0
64,162,0.7424558401107788,0
64,163,0.0892878845334053,0
64,164,-0.1497156322002411,0
64,165,-0.30862972140312195,0
64,166,1.2657740116119385,0
64,167,0.5829059481620789,0
64,168,0.7751494646072388,0
64,169,1.2035306692123413,0
64,170,1.7394746541976929,0
64,171,0.833389401435852,0
64,172,1.262362003326416,0
64,173,0.9191694855690002,0
64,174,0.8870978355407715,0
64,175,-0.1727464348077774,0
64,176,-0.5282493829727173,0
64,177,1.2797175645828247,0
64,178,0.5156989097595215,0
64,179,-0.44394320249557495,0
64,180,-0.4219539761543274,0
64,181,0.37950360774993896,0
64,182,0.8302939534187317,0
64,183,0.27700114250183105,0
64,184,1.321923851966858,0
64,185,0.016295136883854866,0
64,186,-0.12112130969762802,0
64,187,0.7983493208885193,0
64,188,0.23550111055374146,0
64,189,-0.005537603981792927,0
64,190,0.4280242323875427,0
64,191,1.0793581008911133,0
64,192,0.6995000839233398,0
64,193,0.7548481822013855,0
64,194,0.7988807559013367,0
64,195,0.3226032555103302,0
64,196,-0.15638071298599243,0
64,197,0.784157395362854,0
64,198,0.8749435544013977,0
64,199,1.2434208393096924,0
64,200,0.7013808488845825,0
64,201,0.9914231300354004,0
64,202,1.0275721549987793,0
64,203,0.7154057621955872,0
64,204,0.17017391324043274,0
64,205,0.41713330149650574,0
64,206,-0.033215850591659546,0
64,207,0.42425766587257385,0
64,208,0.9108573794364929,0
64,209,0.046723075211048126,0
64,210,0.793960452079773,0
64,211,-0.013522421941161156,0
64,212,-0.7050170302391052,0
64,213,-0.13940535485744476,0
64,214,0.9707063436508179,0
64,215,0.5780990719795227,0
64,216,0.5140421390533447,0
64,217,0.40804174542427063,0
64,218,1.3318473100662231,0
64,219,0.266221821308136,0
64,220,1.2481788396835327,0
64,221,0.8094878792762756,0
64,222,0.8874579071998596,0
64,223,0.27906206250190735,0
64,224,0.5902516841888428,0
64,225,0.03661451116204262,0
64,226,0.6781225800514221,0
64,227,0.3529635965824127,0
64,228,1.0306800603866577,0
64,229,0.6274385452270508,0
64,230,0.9480252265930176,0
64,231,0.35036414861679077,0
64,232,0.9109213948249817,0
64,233,0.9236544370651245,0
64,234,0.36352625489234924,0
64,235,0.8171177506446838,0
64,236,0.8204728364944458,0
64,237,0.9069212079048157,0
64,238,1.2934627532958984,0
64,239,1.063232183456421,0
64,240,0.4145020842552185,0
64,241,0.555259644985199,0
64,242,1.738403558731079,0
64,243,0.890369713306427,0
64,244,0.5731830596923828,0
64,245,0.9948718547821045,0
64,246,0.7646189332008362,0
64,247,1.0843032598495483,0
64,248,0.1857023537158966,0
64,249,1.2918477058410645,0
64,250,1.4706310033798218,0
64,251,0.0895008072257042,0
64,252,0.45881763100624084,0
64,253,0.32838645577430725,0
64,254,0.08898380398750305,0
64,255,-0.03231857344508171,0
64,256,-0.20832690596580505,0
64,257,-0.07408495247364044,0
64,258,-0.42814627289772034,0
64,259,-0.08471586555242538,0
64,260,0.0008448187727481127,0
64,261,0.4084206521511078,0
64,262,-0.4294937551021576,0
64,263,0.0022585690021514893,0
64,264,1.1833019256591797,0
64,265,-0.08293570578098297,0
64,266,0.7907095551490784,0
64,267,0.5941256880760193,0
64,268,0.6905547380447388,0
64,269,0.7446545362472534,0
64,270,0.3181997835636139,0
64,271,0.2470075488090515,0
64,272,0.8248493075370789,0
64,273,0.5529744029045105,0
64,274,1.4512498378753662,0
64,275,-0.33466610312461853,0
64,276,0.7179760336875916,0
64,277,-0.27930977940559387,0
64,278,-0.3771863877773285,0
64,279,0.1794423907995224,0
64,280,1.0003297328948975,0
64,281,0.5695434212684631,0
64,282,0.6926659345626831,0
64,283,1.5721282958984375,0
64,284,0.7587930560112,0
64,285,0.7126970887184143,0
64,286,0.6372831463813782,0
64,287,-0.4180988669395447,0
64,288,0.14354699850082397,0
64,289,0.3183007538318634,0
64,290,0.9007415771484375,0
64,291,1.30691659450531,0
64,292,1.0445669889450073,0
64,293,0.6226029992103577,0
64,294,2.8737990856170654,0
64,295,-0.12592747807502747,0
64,296,0.11323957145214081,0
64,297,1.159222960472107,0
64,298,-0.5373136401176453,0
64,299,1.3766387701034546,0
64,300,-0.5007294416427612,0
64,301,0.6050981283187866,0
64,302,0.3692270517349243,0
64,303,-0.6805883646011353,0
64,304,0.3423020839691162,0
64,305,0.5686338543891907,0
64,306,0.4160863161087036,0
64,307,0.6747465133666992,0
64,308,0.058015547692775726,1
64,309,-0.495454877614975,0
64,310,-0.30969592928886414,0
64,311,0.6724526882171631,0
64,312,1.1318293809890747,0
64,313,0.29555580019950867,0
64,314,0.4381813704967499,0
64,315,0.8106944561004639,0
64,316,0.107650987803936,0
64,317,0.04615411534905434,0
64,318,0.8648760318756104,0
64,319,0.6858611702919006,0
64,320,0.3930266201496124,0
64,321,0.15248101949691772,0
64,322,0.36857739090919495,1
64,323,1.2944014072418213,0
64,324,0.23580974340438843,1
64,325,-0.025513378903269768,0
64,326,0.4311390221118927,0
64,327,0.9585109949111938,0
64,328,0.47592589259147644,0
64,329,0.7025635242462158,0
64,330,-0.3402401804924011,0
64,331,1.1823580265045166,0
64,332,0.6644971370697021,0
64,333,0.6379466652870178,0
64,334,0.43122732639312744,0
64,335,0.37804368138313293,0
64,336,0.3848934471607208,0
64,337,1.098860740661621,0
64,338,0.1419597864151001,0
64,339,0.7245854735374451,0
64,340,0.4940919578075409,0
64,341,-0.4517107605934143,0
64,342,0.8250160813331604,0
64,343,0.5070669651031494,0
64,344,-0.18822216987609863,0
64,345,1.085947871208191,0
64,346,1.7422776222229004,0
64,347,0.42954888939857483,0
64,348,1.8541346788406372,0
64,349,1.0748356580734253,0
64,350,0.0733155831694603,0
64,351,0.6970412135124207,0
64,352,1.2129548788070679,0
64,353,0.3479185700416565,0
64,354,0.37453851103782654,0
64,355,0.4755497872829437,0
64,356,1.4362980127334595,0
64,357,-0.5644646883010864,0
64,358,0.598157525062561,0
64,359,-0.38460254669189453,0
64,360,1.2535488605499268,0
64,361,1.4336163997650146,0
64,362,-0.29137447476387024,0
64,363,-0.3076062798500061,0
64,364,1.1745113134384155,0
64,365,-0.7028496861457825,0
64,366,0.5905827283859253,0
64,367,1.8182119131088257,0
64,368,1.360830307006836,0
64,369,0.3666267395019531,0
64,370,0.9560193419456482,0
64,371,1.8180876970291138,0
64,372,1.4396276473999023,0
64,373,-0.371224969625473,0
64,374,0.8147690296173096,0
64,375,0.6278656721115112,0
64,376,0.5677378177642822,0
64,377,0.951480507850647,0
64,378,0.6164985299110413,0
64,379,0.2601492702960968,0
64,380,0.880467414855957,0
64,381,2.0544378757476807,0
64,382,0.6441260576248169,0
64,383,0.4091169536113739,0
64,384,0.2505283057689667,0
64,385,-0.1585506945848465,0
64,386,0.29583433270454407,0
64,387,1.0716862678527832,0
64,388,0.8144250512123108,0
64,389,0.17538109421730042,0
64,390,1.1324065923690796,0
64,391,0.7384876012802124,0
64,392,0.39625048637390137,0
64,393,0.2694331705570221,0
64,394,0.630347490310669,0
64,395,-0.44154462218284607,0
64,396,0.822604775428772,0
64,397,0.8123177886009216,0
64,398,1.843766689300537,0
64,399,1.3283545970916748,0
64,400,0.14449340105056763,0
64,401,0.3717840015888214,0
64,402,-0.0227289330214262,0
64,403,0.3123070001602173,0
64,404,0.5645501017570496,0
64,405,0.7269306778907776,0
64,406,1.3052170276641846,0
64,407,-0.38261133432388306,0
64,408,0.8136904239654541,0
64,409,0.029111936688423157,0
64,410,0.4743973910808563,0
64,411,-0.7026685476303101,0
64,412,0.27265024185180664,0
64,413,0.6353145241737366,0
64,414,0.36495545506477356,0
64,415,1.107161521911621,0
64,416,-0.06296055018901825,0
64,417,0.7028246521949768,0
64,418,0.5134102702140808,0
64,419,0.4394492506980896,0
64,420,0.21580742299556732,0
64,421,0.008374879136681557,0
64,422,1.5702589750289917,0
64,423,0.49399256706237793,0
64,424,0.19893048703670502,0
64,425,-0.11368066072463989,0
64,426,-0.1932622194290161,0
64,427,0.18723098933696747,0
64,428,0.8110475540161133,0
64,429,0.28195303678512573,0
64,430,0.8802677989006042,0
64,431,0.1153939887881279,0
64,432,0.5884026885032654,0
64,433,-0.23338769376277924,0
64,434,0.7965515851974487,0
64,435,0.05641380697488785,0
64,436,0.6372078061103821,0
64,437,0.11945459991693497,0
64,438,-0.10642273724079132,0
64,439,1.0320230722427368,0
64,440,1.493679404258728,0
64,441,0.7742192149162292,0
64,442,1.0768554210662842,0
64,443,1.0938835144042969,0
64,444,-0.8091670870780945,0
64,445,-0.07663743197917938,0
64,446,1.0826259851455688,0
64,447,1.5670686960220337,0
64,448,0.0716470256447792,0
64,449,1.2742319107055664,0
64,450,-0.028847457841038704,0
64,451,0.5143039226531982,0
64,452,1.0689949989318848,0
64,453,0.20376507937908173,0
64,454,1.0558059215545654,0
64,455,0.21477478742599487,0
64,456,1.281381368637085,0
64,457,0.12605249881744385,0
64,458,1.2058275938034058,0
64,459,0.8524107336997986,0
64,460,0.13462986052036285,0
64,461,0.785508930683136,0
64,462,-0.05887686088681221,0
64,463,0.9681792855262756,0
64,464,0.2768382132053375,0
64,465,2.0423848628997803,0
64,466,0.5036094784736633,0
64,467,0.42255455255508423,0
64,468,1.9111486673355103,0
64,469,-0.5760932564735413,0
64,470,0.7173992395401001,0
64,471,0.716290295124054,0
64,472,1.082798719406128,0
64,473,-0.03971369192004204,0
64,474,1.0400100946426392,0
64,475,0.8616441488265991,0
64,476,-0.43472686409950256,0
64,477,0.9209207892417908,0
64,478,-0.02352123335003853,0
64,479,0.36372631788253784,0
64,480,0.40388473868370056,0
64,481,0.10844811052083969,0
64,482,0.619835615158081,0
64,483,0.6938249468803406,0
64,484,0.7000371813774109,0
64,485,0.15110887587070465,0
64,486,1.0550668239593506,0
64,487,0.549046516418457,0
64,488,1.2500420808792114,0
64,489,0.3753429651260376,0
64,490,0.8983309864997864,0
64,491,0.9013137817382812,0
64,492,1.0869807004928589,0
64,493,0.03438783437013626,0
64,494,1.0605881214141846,0
64,495,0.2656223773956299,0
64,496,0.8014529943466187,0
64,497,0.11047876626253128,0
64,498,1.2742729187011719,0
64,499,0.4823729991912842,0
64,500,0.10570875555276871,0
64,501,0.6027272939682007,0
64,502,-0.09442970156669617,0
64,503,0.5890632271766663,0
64,504,-0.31910479068756104,0
64,505,0.022975904867053032,0
64,506,1.4306139945983887,0
64,507,1.540335774421692,0
64,508,-0.31078365445137024,0
64,509,-0.1946306973695755,0
64,510,0.7930887341499329,0
64,511,0.5916405916213989,0
64,512,0.2929612398147583,0
64,513,1.2201875448226929,0
64,514,0.22786559164524078,0
64,515,0.5998595952987671,0
64,516,0.8098300695419312,0
64,517,0.49480029940605164,0
64,518,0.031207818537950516,0
64,519,0.8716176748275757,0
64,520,0.9090694785118103,0
64,521,-0.3147393763065338,0
64,522,0.7116464376449585,0
64,523,0.7611749172210693,0
64,524,0.7915396690368652,0
64,525,0.694878101348877,0
64,526,1.4124767780303955,0
64,527,0.49856775999069214,0
64,528,0.6266314387321472,0
64,529,0.3136613070964813,0
64,530,0.40322962403297424,0
64,531,0.7455775737762451,0
75,0,-0.087717704474926,0
75,1,-0.0980759710073471,0
75,2,0.9079319834709167,0
75,3,0.525947093963623,0
75,4,0.4141339063644409,0
75,5,-0.2442965805530548,0
75,6,1.2493069171905518,0
75,7,-0.170706108212471,0
75,8,0.7822232842445374,0
75,9,0.05876942723989487,0
75,10,0.914846658706665,0
75,11,0.960997462272644,0
75,12,0.4297642409801483,0
75,13,0.5933820009231567,0
75,14,0.7689692378044128,0
75,15,-0.18465586006641388,0
75,16,0.5603725910186768,0
75,17,0.7625919580459595,0
75,18,0.8318269848823547,0
75,19,1.3005690574645996,0
75,20,0.4552154242992401,0
75,21,0.6751983165740967,0
75,22,0.27849045395851135,0
75,23,0.3524880111217499,0
75,24,-0.23102526366710663,0
75,25,0.36369800567626953,0
75,26,0.41123560070991516,0
75,27,0.41664719581604004,0
75,28,1.292228102684021,0
75,29,0.9936232566833496,0
75,30,0.43567678332328796,0
75,31,-0.6687009930610657,0
75,32,0.26795074343681335,0
75,33,0.3321191370487213,0
75,34,0.7272974848747253,0
75,35,1.1945621967315674,0
75,36,-0.6385661363601685,0
75,37,0.6555382609367371,0
75,38,-0.32096806168556213,0
75,39,1.1064515113830566,0
75,40,0.5199455618858337,0
75,41,0.04890182986855507,0
75,42,0.1723482608795166,0
75,43,-0.1873088926076889,0
75,44,1.0523335933685303,0
75,45,0.617859959602356,0
75,46,0.06111973151564598,0
75,47,0.03422921523451805,0
75,48,0.1748846173286438,0
75,49,0.18301670253276825,0
75,50,0.2325650453567505,0
75,51,-0.8094387054443359,0
75,52,0.23323935270309448,0
75,53,0.31703463196754456,0
75,54,0.0706387385725975,0
75,55,-0.14038434624671936,0
75,56,0.3922331631183624,0
75,57,0.20150823891162872,0
75,58,0.657052218914032,0
75,59,0.02876465767621994,0
75,60,1.5481765270233154,0
75,61,1.0078465938568115,0
75,62,0.6577591300010681,0
75,63,-0.17018862068653107,0
75,64,0.43269458413124084,0
75,65,0.29565170407295227,0
75,66,-0.22960668802261353,0
75,67,0.3976503312587738,0
75,68,0.4449186325073242,0
75,69,0.12452936917543411,0
75,70,0.4067474901676178,0
75,71,0.6979703903198242,0
75,72,0.19005948305130005,0
75,73,0.6091020107269287,0
75,74,0.4377576410770416,0
75,75,0.9934828281402588,0
75,76,0.8354523181915283,0
75,77,0.08298397064208984,0
75,78,0.4220289885997772,0
75,79,0.8049902319908142,0
75,80,0.4625122547149658,0
75,81,0.7444403767585754,0
75,82,-0.1488957554101944,0
75,83,0.5363778471946716,0
75,84,0.321802020072937,0
75,85,-0.5519670248031616,0
75,86,0.7608059048652649,0
75,87,0.4679584801197052,0
75,88,0.8325700163841248,0
75,89,0.16980122029781342,0
75,90,1.3293668031692505,0
75,91,0.4784475862979889,0
75,92,0.6317434906959534,0
75,93,0.2877121865749359,0
75,94,0.004961459431797266,0
75,95,0.8587566018104553,0
75,96,-0.18557791411876678,0
75,97,0.7070745229721069,0
75,98,-0.1358613818883896,0
75,99,0.6565722823143005,0
75,100,0.7945441007614136,0
75,101,-0.22983390092849731,0
75,102,0.4414849579334259,0
75,103,0.48197656869888306,0
75,104,-0.11462128162384033,0
75,105,1.0120947360992432,0
75,106,0.7973248362541199,0
75,107,-0.07819555699825287,0
75,108,0.37363407015800476,0
75,109,-0.17223969101905823,0
75,110,-0.4094395935535431,0
75,111,0.0506308451294899,0
75,112,-0.22140859067440033,0
75,113,0.6361798048019409,0
75,114,0.5714608430862427,0
75,115,-0.38738012313842773,0
75,116,-0.2847236692905426,0
75,117,-0.4140622019767761,0
75,118,-0.7352930307388306,0
75,119,0.3676747977733612,0
75,120,0.6333228945732117,0
75,121,0.2680880129337311,0
75,122,0.5589728355407715,0
75,123,-0.33435946702957153,0
75,124,-0.4101977050304413,0
75,125,0.6576728224754333,0
75,126,0.2960578501224518,0
75,127,-0.04779265820980072,0
75,128,-0.6620296239852905,0
75,129,0.08955167979001999,0
75,130,-0.3289457857608795,0
75,131,-0.7287248969078064,0
75,132,0.6992065906524658,0
75,133,0.8688130378723145,0
75,134,1.1743175983428955,0
75,135,0.06950964778661728,0
75,136,-0.32577213644981384,0
75,137,-0.026977848261594772,0
75,138,-0.11112990230321884,0
75,139,-0.46148502826690674,0
75,140,0.6577120423316956,0
75,141,0.7335125207901001,0
75,142,-0.38164886832237244,0
75,143,0.06319204717874527,0
75,144,0.27348387241363525,0
75,145,-0.16989552974700928,0
75,146,0.13987384736537933,0
75,147,0.21199649572372437,0
75,148,0.45128077268600464,0
75,149,0.5428547859191895,0
75,150,0.02158385142683983,0
75,151,-0.23441769182682037,0
75,152,-0.2205376923084259,0
75,153,0.3514251708984375,0
75,154,0.3292241096496582,0
75,155,0.6803568005561829,0
75,156,0.4333798587322235,0
75,157,-0.07493498176336288,0
75,158,-0.04851537570357323,0
75,159,0.314805805683136,0
75,160,0.18786387145519257,0
75,161,0.33993738889694214,0
75,162,1.3115133047103882,0
75,163,-0.03459418565034866,0
75,164,-0.6836607456207275,0
75,165,0.34062209725379944,0
75,166,0.2251254916191101,0
75,167,0.21400140225887299,0
75,168,0.6024348139762878,0
75,169,0.46519017219543457,0
75,170,0.8309535980224609,0
75,171,0.9232642650604248,0
75,172,1.2342792749404907,0
75,173,0.8636778593063354,0
75,174,0.27181291580200195,0
75,175,-0.6095584034919739,0
75,176,-0.7935229539871216,0
75,177,1.2219985723495483,0
75,178,-0.4247412085533142,0
75,179,1.0068881511688232,0
75,180,-0.1404426544904709,0
75,181,0.33820921182632446,0
75,182,0.554286539554596,0
75,183,-0.4986252188682556,0
75,184,0.6048781275749207,0
75,185,-0.5626768469810486,0
75,186,0.05666515603661537,0
75,187,-0.09505521506071091,0
75,188,-0.374299556016922,0
75,189,-0.2909072935581207,0
75,190,0.17518846690654755,0
75,191,-0.3342359960079193,0
75,192,0.7621098160743713,0
75,193,0.8429021239280701,0
75,194,0.19095999002456665,0
75,195,-0.14720933139324188,0
75,196,-0.4048449397087097,0
75,197,0.38453128933906555,0
75,198,0.5633944869041443,0
75,199,0.5993610620498657,0
75,200,0.2727820575237274,0
75,201,0.8130617141723633,0
75,202,1.0007989406585693,0
75,203,0.14449474215507507,0
75,204,0.28431177139282227,0
75,205,0.1569274365901947,0
75,206,-0.7938723564147949,0
75,207,0.5838325023651123,0
75,208,0.6438964605331421,0
75,209,-0.48581168055534363,0
75,210,1.2532294988632202,0
75,211,-0.4067312479019165,0
75,212,-0.34000834822654724,0
75,213,-0.18280453979969025,0
75,214,0.1959165632724762,0
75,215,0.4308803081512451,0
75,216,0.06117432191967964,0
75,217,0.5848758816719055,0
75,218,0.6933448314666748,0
75,219,0.2806107997894287,0
75,220,0.9856799244880676,0
75,221,0.9221121668815613,0
75,222,0.3991590738296509,0
75,223,-0.23071585595607758,0
75,224,0.5736112594604492,0
75,225,0.2920018136501312,0
75,226,1.0458823442459106,0
75,227,0.3527753949165344,0
75,228,0.029333453625440598,0
75,229,0.9437759518623352,0
75,230,0.696818470954895,0
75,231,0.16996249556541443,0
75,232,0.7421692609786987,0
75,233,0.3719128966331482,0
75,234,0.07246460765600204,0
75,235,0.3972418010234833,0
75,236,1.0895320177078247,0
75,237,0.4404388666152954,0
75,238,1.2327800989151,0
75,239,1.3426361083984375,0
75,240,0.48852360248565674,0
75,241,1.5111604928970337,0
75,242,0.8760533928871155,0
75,243,-0.16404879093170166,0
75,244,0.28878116607666016,0
75,245,-0.0764918103814125,0
75,246,-0.3435550332069397,0
75,247,0.487690806388855,0
75,248,0.8862201571464539,0
75,249,0.7088349461555481,0
75,250,0.6708999872207642,0
75,251,0.8047504425048828,0
75,252,1.323309063911438,0
75,253,0.41357022523880005,0
75,254,0.41182589530944824,0
75,255,0.8447415232658386,0
75,256,0.7077087163925171,0
75,257,-0.6218193769454956,0
75,258,-0.22632817924022675,0
75,259,0.1056482270359993,0
75,260,1.1558915376663208,0
75,261,0.2003345638513565,0
75,262,-0.029197407886385918,0
75,263,0.5651482343673706,0
75,264,2.6034350395202637,0
75,265,0.9406459927558899,0
75,266,0.2275206744670868,0
75,267,1.961974024772644,0
75,268,1.4094276428222656,0
75,269,1.700242519378662,0
75,270,0.32288816571235657,0
75,271,1.5184574127197266,0
75,272,2.148765802383423,0
75,273,1.2552416324615479,0
75,274,1.4800608158111572,0
75,275,1.128353238105774,0
75,276,0.8840775489807129,0
75,277,0.25295954942703247,0
75,278,0.14237941801548004,0
75,279,0.7233762145042419,0
75,280,1.8022160530090332,0
75,281,1.4590944051742554,0
75,282,-0.2056901901960373,0
75,283,1.201211929321289,0
75,284,1.4870935678482056,0
75,285,1.4655354022979736,0
75,286,0.7839726209640503,0
75,287,0.3959426283836365,0
75,288,0.3094103932380676,0
75,289,-0.29983842372894287,0
75,290,1.5129703283309937,0
75,291,1.3359845876693726,0
75,292,1.325032114982605,0
75,293,1.6877872943878174,0
75,294,1.2914032936096191,0
75,295,-0.5357854962348938,0
75,296,1.00666344165802,0
75,297,1.905161738395691,0
75,298,0.5506260991096497,0
75,299,2.091093063354492,0
75,300,0.28914085030555725,0
75,301,1.2720117568969727,0
75,302,1.1849498748779297,0
75,303,0.09119122475385666,0
75,304,1.0026743412017822,0
75,305,1.0578075647354126,0
75,306,1.1628612279891968,0
75,307,1.1731318235397339,0
75,308,1.271584153175354,0
75,309,-0.4294850528240204,0
75,310,0.7138965725898743,0
75,311,0.9978391528129578,0
75,312,0.9135847091674805,0
75,313,0.3905538022518158,0
75,314,0.9355725049972534,1
75,315,0.9909241795539856,0
75,316,1.13062584400177,1
75,317,0.8535208702087402,0
75,318,1.0492981672286987,0
75,319,1.0477619171142578,0
75,320,1.387488842010498,0
75,321,1.3781988620758057,0
75,322,0.6696830987930298,0
75,323,0.23537354171276093,0
75,324,1.4314686059951782,0
75,325,0.7262352108955383,0
75,326,0.8881432414054871,0
75,327,2.2207915782928467,0
75,328,0.6166808009147644,0
75,329,0.9911946654319763,0
75,330,0.3509339690208435,0
75,331,1.3964869976043701,0
75,332,0.8500678539276123,0
75,333,1.8188797235488892,0
75,334,0.7554653286933899,0
75,335,0.7980736494064331,0
75,336,1.5805600881576538,0
75,337,1.165511965751648,0
75,338,0.7307878136634827,0
75,339,0.674399197101593,0
75,340,0.8405328989028931,0
75,341,1.030942678451538,0
75,342,1.0230909585952759,0
75,343,0.6100247502326965,0
75,344,0.928617000579834,0
75,345,1.183579921722412,0
75,346,1.262898564338684,0
75,347,-0.4766923785209656,0
75,348,0.9692983627319336,0
75,349,1.0443626642227173,0
75,350,0.8563929200172424,0
75,351,1.3823471069335938,0
75,352,1.2907973527908325,0
75,353,0.9380171298980713,0
75,354,1.3606914281845093,0
75,355,1.3937345743179321,0
75,356,0.6531387567520142,0
75,357,0.4994947910308838,0
75,358,1.6288444995880127,0
75,359,-0.2888779938220978,0
75,360,2.3340439796447754,0
75,361,1.382493257522583,0
75,362,0.024978574365377426,0
75,363,0.4334525465965271,0
75,364,1.0907599925994873,0
75,365,0.6787036061286926,0
75,366,1.1552038192749023,0
75,367,1.599315881729126,0
75,368,1.6285004615783691,0
75,369,0.8165616393089294,0
75,370,0.812839925289154,0
75,371,1.6769276857376099,0
75,372,1.9698165655136108,0
75,373,0.13021574914455414,0
75,374,1.3416552543640137,0
75,375,1.0808446407318115,0
75,376,0.7252765893936157,0
75,377,1.6272858381271362,0
75,378,1.0174750089645386,0
75,379,1.0967711210250854,0
75,380,2.100802183151245,0
75,381,1.6019182205200195,0
75,382,1.1780943870544434,0
75,383,1.668243169784546,0
75,384,1.0615781545639038,0
75,385,0.36003679037094116,0
75,386,0.7833486795425415,0
75,387,1.0386900901794434,0
75,388,0.8068931102752686,0
75,389,1.6256155967712402,0
75,390,2.091705322265625,0
75,391,0.867576539516449,0
75,392,0.21872371435165405,0
75,393,1.7492398023605347,0
75,394,0.505369246006012,0
75,395,0.29130449891090393,0
75,396,0.9320694208145142,0
75,397,0.96278315782547,0
75,398,0.7745160460472107,0
75,399,0.7712205648422241,0
75,400,1.3292267322540283,0
75,401,0.32932475209236145,0
75,402,0.5092614889144897,0
75,403,0.8709597587585449,0
75,404,1.3397692441940308,0
75,405,0.9228140115737915,0
75,406,1.513039231300354,0
75,407,-0.18667398393154144,0
75,408,1.7544587850570679,0
75,409,0.4059666097164154,0
75,410,1.3186663389205933,0
75,411,0.0823928490281105,0
75,412,0.7507040500640869,0
75,413,1.0338510274887085,0
75,414,1.5620126724243164,0
75,415,1.6523958444595337,0
75,416,0.7669314742088318,0
75,417,0.43354031443595886,0
75,418,1.0055477619171143,0
75,419,1.0775961875915527,0
75,420,0.3451192378997803,0
75,421,1.2891924381256104,0
75,422,1.8943589925765991,0
75,423,1.8521661758422852,0
75,424,-0.1256268173456192,0
75,425,1.1992658376693726,0
75,426,0.3485187888145447,0
75,427,0.686543881893158,0
75,428,1.2475181818008423,0
75,429,1.040184497833252,0
75,430,0.8963578939437866,0
75,431,0.9454058408737183,0
75,432,1.3372479677200317,0
75,433,0.3886381983757019,0
75,434,1.60215425491333,0
75,435,0.6057929992675781,0
75,436,1.2327187061309814,0
75,437,-0.4006347954273224,0
75,438,0.6655374765396118,0
75,439,1.8975180387496948,0
75,440,1.234330654144287,0
75,441,0.7974310517311096,0
75,442,1.7803500890731812,0
75,443,1.8631621599197388,0
75,444,0.1323404759168625,0
75,445,0.5396029353141785,0
75,446,0.9930593371391296,0
75,447,1.982892394065857,0
75,448,1.348917007446289,0
75,449,1.6994094848632812,0
75,450,1.2568796873092651,0
75,451,1.4189878702163696,0
75,452,1.7854195833206177,0
75,453,1.0176972150802612,0
75,454,1.3999580144882202,0
75,455,0.6778202652931213,0
75,456,1.488008975982666,0
75,457,0.29976314306259155,0
75,458,1.89628267288208,0
75,459,1.7903947830200195,0
75,460,1.4960310459136963,0
75,461,0.7078149318695068,0
75,462,1.3145474195480347,0
75,463,0.8447756767272949,0
75,464,1.1311835050582886,0
75,465,1.5694459676742554,0
75,466,1.421949863433838,0
75,467,1.4159425497055054,0
75,468,0.6890866756439209,0
75,469,0.6654450297355652,0
75,470,1.3146065473556519,0
75,471,-0.12834158539772034,0
75,472,0.46712765097618103,0
75,473,0.6791790723800659,0
75,474,1.7513267993927002,0
75,475,1.036520004272461,0
75,476,-0.055401112884283066,0
75,477,1.5712381601333618,0
75,478,0.9341529011726379,0
75,479,0.9745507836341858,0
75,480,0.6090542078018188,0
75,481,1.113732933998108,0
75,482,0.9189161062240601,0
75,483,1.8238418102264404,0
75,484,0.6786085367202759,0
75,485,0.5735836029052734,0
75,486,1.7172454595565796,0
75,487,1.6703871488571167,0
75,488,1.6125867366790771,0
75,489,0.5901712775230408,0
75,490,1.6210613250732422,0
75,491,0.972541868686676,0
75,492,2.149285078048706,0
75,493,1.1644277572631836,0
75,494,2.125798463821411,0
75,495,0.6039078831672668,0
75,496,1.3033607006072998,0
75,497,-0.8473742008209229,0
75,498,1.0382194519042969,0
75,499,0.8561038970947266,0
75,500,1.2527636289596558,0
75,501,0.10760288685560226,0
75,502,-0.10229378193616867,0
75,503,0.9930641651153564,0
75,504,0.5936959385871887,0
75,505,1.0077152252197266,0
75,506,1.5874590873718262,0
75,507,1.6313649415969849,0
75,508,0.8841989040374756,0
75,509,0.6385567784309387,0
75,510,2.211223602294922,0
75,511,1.109374761581421,0
75,512,1.1267786026000977,0
75,513,0.9941476583480835,0
75,514,0.999092698097229,0
75,515,1.9833203554153442,0
75,516,1.9255198240280151,0
75,517,0.9522836208343506,0
75,518,0.7064313292503357,0
75,519,0.40346235036849976,0
75,520,1.5115491151809692,0
75,521,0.061721883714199066,0
75,522,0.8753071427345276,0
75,523,0.7981885671615601,0
75,524,1.2040802240371704,0
75,525,1.0700031518936157,0
75,526,0.9075310826301575,0
75,527,1.2908520698547363,0
75,528,0.5357391238212585,0
75,529,1.6093103885650635,0
75,530,1.4805259704589844,0
75,531,1.8806676864624023,0
125,0,-0.823338508605957,0
125,1,-0.1542629450559616,0
125,2,0.09224995225667953,0
125,3,-0.29227524995803833,0
125,4,-0.6903641819953918,0
125,5,-0.19004210829734802,0
125,6,0.12251240760087967,0
125,7,-0.3001527190208435,0
125,8,0.4661635160446167,0
125,9,0.2249707579612732,0
125,10,-0.02881443127989769,0
125,11,0.2428055852651596,0
125,12,-0.43977832794189453,0
125,13,0.563048243522644,0
125,14,-0.0878889411687851,0
125,15,-0.6464568376541138,0
125,16,0.05207660049200058,0
125,17,-0.3612905442714691,0
125,18,-0.5280095934867859,0
125,19,0.392275333404541,0
125,20,-1.0987275838851929,0
125,21,-0.4433976113796234,0
125,22,0.11391215771436691,0
125,23,-0.2743845582008362,0
125,24,-0.6606268286705017,0
125,25,-0.6269304156303406,0
125,26,-0.38940566778182983,0
125,27,-0.20162226259708405,0
125,28,0.5613127946853638,0
125,29,0.6812610030174255,0
125,30,-0.5111459493637085,0
125,31,-1.1059889793395996,0
125,32,-0.425419420003891,0
125,33,-0.26186704635620117,0
125,34,-0.3428780436515808,0
125,35,-1.0152982473373413,0
125,36,0.05703384801745415,0
125,37,-0.31339454650878906,0
125,38,-0.2571917474269867,0
125,39,-0.56014084815979,0
125,40,-0.30294179916381836,0
125,41,-0.41802331805229187,0
125,42,-0.5078873038291931,0
125,43,-0.025088362395763397,0
125,44,0.23255860805511475,0
125,45,-0.21129460632801056,0
125,46,-0.9009450078010559,0
125,47,-0.7342348098754883,0
125,48,0.1781434416770935,0
125,49,-0.5590739846229553,0
125,50,-0.13361290097236633,0
125,51,-0.2341902107000351,0
125,52,-0.03462938964366913,0
125,53,-0.9523991346359253,0
125,54,0.18776482343673706,0
125,55,-0.015821173787117004,0
125,56,0.16585716605186462,0
125,57,-0.9385320544242859,0
125,58,-0.08037503808736801,0
125,59,-0.17629121243953705,0
125,60,0.19255100190639496,0
125,61,0.051681291311979294,0
125,62,-0.25417360663414,0
125,63,-0.5837342143058777,0
125,64,-0.4098024070262909,0
125,65,-0.30556273460388184,0
125,66,-0.8568508625030518,0
125,67,-0.4271387457847595,0
125,68,0.324939101934433,0
125,69,-0.23547106981277466,0
125,70,-0.7450295686721802,0
125,71,0.46432003378868103,0
125,72,-0.6705507636070251,0
125,73,-0.9206932187080383,0
125,74,0.19986934959888458,0
125,75,0.15233910083770752,0
125,76,-0.4286697506904602,0
125,77,-0.09822916984558105,0
125,78,0.13800878822803497,0
125,79,-0.1395188570022583,0
125,80,-0.3043588101863861,0
125,81,-0.27792972326278687,0
125,82,-0.6440584063529968,0
125,83,0.3337879776954651,0
125,84,-0.6307448744773865,0
125,85,-0.19940756261348724,0
125,86,-0.08946698904037476,0
125,87,-0.42829620838165283,0
125,88,-0.41933122277259827,0
125,89,-1.0091824531555176,0
125,90,0.6077961325645447,0
125,91,-0.04963834956288338,0
125,92,-0.5177318453788757,0
125,93,-0.3685338795185089,0
125,94,-0.3435317277908325,0
125,95,-0.799244225025177,0
125,96,-0.9868407249450684,0
125,97,-0.26395630836486816,0
125,98,-0.039446085691452026,0
125,99,-0.3089248239994049,0
125,100,-0.7345768213272095,0
125,101,-0.7076099514961243,0
125,102,-0.3161599636077881,0
125,103,0.5805336833000183,0
125,104,-0.4298544228076935,0
125,105,0.06628189980983734,0
125,106,-0.1328582614660263,0
125,107,-0.2876383364200592,0
125,108,-0.12161717563867569,0
125,109,-0.5964653491973877,0
125,110,-0.9115256667137146,0
125,111,0.03218192607164383,0
125,112,0.07529731094837189,0
125,113,-0.13576491177082062,0
125,114,-0.1281118541955948,0
125,115,0.1570567786693573,0
125,116,-0.6533716320991516,0
125,117,-0.45546677708625793,0
125,118,-0.9626038670539856,0
125,119,-0.26596903800964355,0
125,120,-0.1476617455482483,0
125,121,0.03799712657928467,0
125,122,-0.36116334795951843,0
125,123,-0.022300666198134422,0
125,124,-0.7165013551712036,0
125,125,-0.5200425982475281,0
125,126,-0.4078570008277893,0
125,127,-0.731194257736206,0
125,128,-1.2690292596817017,0
125,129,0.29353973269462585,0
125,130,-0.8881886005401611,0
125,131,-0.6346508860588074,0
125,132,-0.31753024458885193,0
125,133,-0.3542715907096863,0
125,134,-0.047561269253492355,0
125,135,-0.7790199518203735,0
125,136,-0.5797794461250305,0
125,137,-0.47817152738571167,0
125,138,-0.39568987488746643,0
125,139,-0.386423796415329,0
125,140,0.29834723472595215,0
125,141,-0.6413247585296631,0
125,142,-0.46624886989593506,0
125,143,-0.5515710711479187,0
125,144,-0.2297120839357376,0
125,145,-0.8682363629341125,0
125,146,0.37934884428977966,0
125,147,-0.2551184892654419,0
125,148,-0.4447682201862335,0
125,149,-0.24637837707996368,0
125,150,-0.16888460516929626,0
125,151,-0.6748111844062805,0
125,152,-1.0430692434310913,0
125,153,-0.02489687316119671,0
125,154,0.1782471239566803,0
125,155,-0.6581512689590454,0
125,156,-0.6857523918151855,0
125,157,-0.16629928350448608,0
125,158,-0.08191689848899841,0
125,159,0.12677372992038727,0
125,160,-0.9071367979049683,0
125,161,-0.11847392469644547,0
125,162,-0.503511905670166,0
125,163,-0.5218197107315063,0
125,164,-0.6422256231307983,0
125,165,-0.06883201003074646,0
125,166,-0.23933058977127075,0
125,167,-0.2058093547821045,0
125,168,-0.0798872634768486,0
125,169,0.12348802387714386,0
125,170,0.04798629879951477,0
125,171,-0.4514952301979065,0
125,172,0.5142530798912048,0
125,173,-0.15876144170761108,0
125,174,-0.05205034837126732,0
125,175,0.048428647220134735,0
125,176,-0.5193676352500916,0
125,177,0.25238037109375,0
125,178,-0.7829571962356567,0
125,179,0.4362282454967499,0
125,180,-0.0448012575507164,0
125,181,-0.12939411401748657,0
125,182,-0.426267147064209,0
125,183,-0.4060417711734772,0
125,184,-0.7409586310386658,0
125,185,-1.1724992990493774,0
125,186,-0.1030498668551445,0
125,187,-0.009686308912932873,0
125,188,-0.16402678191661835,0
125,189,0.21434099972248077,0
125,190,-0.9202625751495361,0
125,191,-0.4592963457107544,0
125,192,-0.5357828736305237,0
125,193,-0.2851203680038452,0
125,194,-0.06674253940582275,0
125,195,-0.31070709228515625,0
125,196,-0.20335902273654938,0
125,197,0.07799448072910309,0
125,198,-0.05038534477353096,0
125,199,0.06038156524300575,0
125,200,0.4648565649986267,0
125,201,-0.037804167717695236,0
125,202,-0.5521484613418579,0
125,203,-0.8984462022781372,0
125,204,-0.7291255593299866,0
125,205,-0.6957017779350281,0
125,206,-1.05056631565094,0
125,207,0.4674602448940277,0
125,208,-0.03630364313721657,0
125,209,-0.5852067470550537,0
125,210,-0.03772784397006035,0
125,211,-1.322795033454895,0
125,212,-0.6673442721366882,0
125,213,-0.5817636251449585,0
125,214,-0.9696072340011597,0
125,215,-0.5581849813461304,0
125,216,-0.13662348687648773,0
125,217,-0.7283255457878113,0
125,218,-0.2947950065135956,0
125,219,-0.41212475299835205,0
125,220,-0.024693483486771584,0
125,221,0.08238153159618378,0
125,222,-0.14240597188472748,0
125,223,-1.0747448205947876,0
125,224,-0.1986321657896042,0
125,225,-0.8115222454071045,0
125,226,-0.17883649468421936,0
125,227,-0.2668546736240387,0
125,228,-0.16231293976306915,0
125,229,0.4798543453216553,0
125,230,-0.49858710169792175,0
125,231,0.17483167350292206,0
125,232,-0.18042118847370148,0
125,233,-0.1938912719488144,0
125,234,-0.8471570611000061,0
125,235,-0.16543914377689362,0
125,236,0.19989736378192902,0
125,237,-0.21180269122123718,0
125,238,-0.2974676787853241,0
125,239,-0.412882536649704,0
125,240,-0.07243665307760239,0
125,241,-0.3482208251953125,0
125,242,-0.4921416938304901,0
125,243,-0.22656302154064178,0
125,244,-0.402468740940094,0
125,245,-0.7228173017501831,0
125,246,-0.469027042388916,0
125,247,-0.020434211939573288,0
125,248,0.11566028743982315,0
125,249,-0.11906114965677261,0
125,250,0.18050047755241394,0
125,251,0.10113023221492767,0
125,252,0.6889535188674927,0
125,253,-0.4262675344944,0
125,254,0.07357360422611237,0
125,255,0.27081459760665894,0
125,256,0.8078109622001648,0
125,257,-0.8374015092849731,0
125,258,-0.03349594399333,0
125,259,0.06359940022230148,0
125,260,1.3544831275939941,0
125,261,-0.3367103934288025,0
125,262,0.23591305315494537,0
125,263,-0.07493287324905396,0
125,264,0.23302388191223145,0
125,265,0.7792628407478333,0
125,266,0.3217489421367645,0
125,267,0.47704851627349854,0
125,268,0.3846116364002228,0
125,269,0.04864129051566124,0
125,270,-0.9100820422172546,0
125,271,0.13904999196529388,0
125,272,0.6244319081306458,0
125,273,0.45523929595947266,0
125,274,1.1576647758483887,0
125,275,-0.4453026056289673,0
125,276,0.5080475211143494,0
125,277,0.30383649468421936,0
125,278,-0.08825521171092987,0
125,279,-0.11587515473365784,0
125,280,0.3984660506248474,0
125,281,0.6153805255889893,0
125,282,-0.14564929902553558,0
125,283,0.9239864349365234,0
125,284,-0.40788334608078003,0
125,285,-0.6750224828720093,0
125,286,1.0532506704330444,0
125,287,-0.5100997090339661,0
125,288,0.6842979788780212,0
125,289,-0.7070441842079163,0
125,290,0.3458758592605591,0
125,291,0.04841833934187889,0
125,292,0.867371678352356,0
125,293,0.5938724875450134,0
125,294,0.5077601671218872,0
125,295,-0.3505333960056305,0
125,296,0.17906351387500763,0
125,297,0.46691253781318665,0
125,298,-0.1581646054983139,0
125,299,0.8630874156951904,0
125,300,1.019529938697815,0
125,301,0.7090761065483093,0
125,302,0.7036385536193848,0
125,303,0.9228272438049316,0
125,304,0.28317272663116455,0
125,305,-0.13608257472515106,0
125,306,0.06965447962284088,0
125,307,0.790661096572876,0
125,308,0.3615732491016388,0
125,309,-0.6687384843826294,0
125,310,1.1099982261657715,0
125,311,0.5038134455680847,0
125,312,0.5474503636360168,0
125,313,-0.47987595200538635,0
125,314,-0.05457606539130211,0
125,315,0.11263984441757202,0
125,316,0.4886849522590637,1
125,317,1.0559239387512207,0
125,318,-0.21389377117156982,0
125,319,0.38081327080726624,0
125,320,0.893925666809082,0
125,321,0.07457517832517624,0
125,322,-0.6597095727920532,0
125,323,-0.28498375415802,0
125,324,0.07286650687456131,0
125,325,0.9718669652938843,0
125,326,-0.156600683927536,0
125,327,-0.2303544580936432,0
125,328,-0.9572847485542297,0
125,329,-0.45804446935653687,0
125,330,0.09392233937978745,1
125,331,-0.5618599653244019,0
125,332,0.3817526698112488,1
125,333,0.7144649624824524,0
125,334,-0.14780990779399872,0
125,335,-0.3423767685890198,0
125,336,1.1061495542526245,0
125,337,0.6227681040763855,0
125,338,-0.3609691262245178,0
125,339,-0.37733912467956543,0
125,340,-0.31302201747894287,0
125,341,0.4589393734931946,0
125,342,1.0692133903503418,0
125,343,0.7356469631195068,0
125,344,0.9500313997268677,0
125,345,1.133444905281067,0
125,346,0.17970284819602966,0
125,347,0.9440619349479675,0
125,348,0.6199396848678589,0
125,349,0.08147744089365005,0
125,350,0.912113606929779,0
125,351,-0.3384925127029419,0
125,352,0.5933350324630737,0
125,353,1.4618934392929077,0
125,354,1.0793075561523438,0
125,355,-0.2083217054605484,0
125,356,0.4081231355667114,0
125,357,0.6039765477180481,0
125,358,0.015861667692661285,0
125,359,-0.6647365689277649,0
125,360,0.9001455903053284,0
125,361,-0.026379207149147987,0
125,362,0.1529417783021927,0
125,363,0.4544478952884674,0
125,364,0.8260149359703064,0
125,365,-0.3830874264240265,0
125,366,0.3139801621437073,0
125,367,0.7647070288658142,0
125,368,0.36139625310897827,0
125,369,2.0913705825805664,0
125,370,0.8814194202423096,0
125,371,0.3557294011116028,0
125,372,0.9812991619110107,0
125,373,-0.06633902341127396,0
125,374,-0.006862254813313484,0
125,375,0.5715398788452148,0
125,376,-0.15617279708385468,0
125,377,0.6626771092414856,0
125,378,-0.12157890945672989,0
125,379,0.578437864780426,0
125,380,-0.3430160880088806,0
125,381,0.7216631174087524,0
125,382,0.024599039927124977,0
125,383,0.44551247358322144,0
125,384,0.07890200614929199,0
125,385,0.6057902574539185,0
125,386,-0.562690258026123,0
125,387,-0.5283010601997375,0
125,388,-0.49881309270858765,0
125,389,1.4351978302001953,0
125,390,0.35559412837028503,0
125,391,0.7242456078529358,0
125,392,-0.4897323548793793,0
125,393,0.2773849368095398,0
125,394,-0.3604826033115387,0
125,395,-0.12255248427391052,0
125,396,-0.4841071367263794,0
125,397,0.49937283992767334,0
125,398,0.1493961066007614,0
125,399,0.1443166881799698,0
125,400,1.3019570112228394,0
125,401,0.008857369422912598,0
125,402,-0.751602053642273,0
125,403,-0.5954595804214478,0
125,404,0.5003200173377991,0
125,405,0.43003806471824646,0
125,406,0.8204825520515442,0
125,407,-0.2780662477016449,0
125,408,0.5766395330429077,0
125,409,-0.2804528772830963,0
125,410,0.22753793001174927,0
125,411,0.06747505068778992,0
125,412,-0.5819591879844666,0
125,413,-0.23329702019691467,0
125,414,0.06764021515846252,0
125,415,1.0989928245544434,0
125,416,0.23665477335453033,0
125,417,0.4117119312286377,0
125,418,-0.025409022346138954,0
125,419,-0.3124552071094513,0
125,420,0.6335932612419128,0
125,421,1.1863336563110352,0
125,422,0.28356674313545227,0
125,423,0.43428078293800354,0
125,424,0.8634787201881409,0
125,425,-0.4206622540950775,0
125,426,0.06690356135368347,0
125,427,1.0947991609573364,0
125,428,-0.012241403572261333,0
125,429,0.1972067803144455,0
125,430,0.0434175580739975,0
125,431,0.020898297429084778,0
125,432,-0.18520034849643707,0
125,433,-0.2946133315563202,0
125,434,0.4801785945892334,0
125,435,0.805929958820343,0
125,436,0.8968406319618225,0
125,437,-1.2953232526779175,0
125,438,0.8107128143310547,0
125,439,0.9349088668823242,0
125,440,0.41656550765037537,0
125,441,0.6799477338790894,0
125,442,-0.09281229227781296,0
125,443,0.1389525681734085,0
125,444,0.7017114758491516,0
125,445,0.6074515581130981,0
125,446,1.0938740968704224,0
125,447,0.724983274936676,0
125,448,-0.034893523901700974,0
125,449,-0.08017822355031967,0
125,450,-0.4924107491970062,0
125,451,0.7030131220817566,0
125,452,0.2247411161661148,0
125,453,0.10974017530679703,0
125,454,-0.07818040996789932,0
125,455,1.3113809823989868,0
125,456,0.2007961869239807,0
125,457,-0.7771661281585693,0
125,458,0.908282458782196,0
125,459,0.19865410029888153,0
125,460,0.5631036162376404,0
125,461,-0.26553434133529663,0
125,462,0.33916059136390686,0
125,463,1.3337459564208984,0
125,464,0.3423910439014435,0
125,465,0.39592766761779785,0
125,466,-0.05982368811964989,0
125,467,0.7982633113861084,0
125,468,-0.45855972170829773,0
125,469,0.08364766091108322,0
125,470,-0.5655047297477722,0
125,471,0.5345016717910767,0
125,472,-0.496407151222229,0
125,473,-0.4154356122016907,0
125,474,0.3006967306137085,0
125,475,0.7570536732673645,0
125,476,0.9731331467628479,0
125,477,0.1288001984357834,0
125,478,0.3480687737464905,0
125,479,0.9433661103248596,0
125,480,-0.10517335683107376,0
125,481,1.1074453592300415,0
125,482,0.5519468784332275,0
125,483,0.057338614016771317,0
125,484,0.43315941095352173,0
125,485,-0.08595798164606094,0
125,486,0.034294985234737396,0
125,487,0.35825181007385254,0
125,488,-0.3122304081916809,0
125,489,-0.4913352429866791,0
125,490,0.7767574787139893,0
125,491,1.0100042819976807,0
125,492,0.6237465739250183,0
125,493,-0.5337163805961609,0
125,494,0.42732852697372437,0
125,495,-0.189779594540596,0
125,496,-0.5810008645057678,0
125,497,-0.03953493759036064,0
125,498,-0.4423567056655884,0
125,499,0.36112239956855774,0
125,500,0.8779498338699341,0
125,501,-0.4747615158557892,0
125,502,-0.08637157827615738,0
125,503,-0.0049573197029531,0
125,504,0.5744041204452515,0
125,505,-0.20274856686592102,0
125,506,0.27054858207702637,0
125,507,0.4445342421531677,0
125,508,0.6793882846832275,0
125,509,0.9258904457092285,0
125,510,0.3549536466598511,0
125,511,0.25599005818367004,0
125,512,0.341452032327652,0
125,513,0.8936362862586975,0
125,514,0.6158003807067871,0
125,515,-0.10701832920312881,0
125,516,-0.41560864448547363,0
125,517,0.6637229323387146,0
125,518,-0.7922866344451904,0
125,519,0.17188163101673126,0
125,520,0.16051192581653595,0
125,521,-0.02722557634115219,0
125,522,1.0833919048309326,0
125,523,0.6104114055633545,0
125,524,0.0005616515991277993,0
125,525,-0.6700301766395569,0
125,526,-0.7437715530395508,0
125,527,0.7655668258666992,0
125,528,0.17857369780540466,0
125,529,0.6445052623748779,0
125,530,0.729802668094635,0
125,531,0.6445093750953674,0
153,0,-0.1609644740819931,0
153,1,-0.7738729119300842,0
153,2,-0.7141686081886292,0
153,3,0.37416812777519226,0
153,4,-0.12311695516109467,0
153,5,-0.6564863920211792,0
153,6,-0.4685584604740143,0
153,7,0.002897335682064295,0
153,8,-0.24055235087871552,0
153,9,-0.15152202546596527,0
153,10,-0.9774401783943176,0
153,11,-1.075642466545105,0
153,12,-0.11363770812749863,0
153,13,-0.25306451320648193,0
153,14,-0.6606218814849854,0
153,15,-0.4379410147666931,0
153,16,-0.49550408124923706,0
153,17,-0.9942577481269836,0
153,18,-0.16493624448776245,0
153,19,-0.5353723168373108,0
153,20,0.023329339921474457,0
153,21,-0.5421410202980042,0
153,22,-0.11655320227146149,0
153,23,-0.5274398922920227,0
153,24,0.009644820354878902,0
153,25,-0.5467348694801331,0
153,26,-0.3591832220554352,0
153,27,-0.383567750453949,0
153,28,-0.15087178349494934,0
153,29,0.09421229362487793,0
153,30,-0.5883814096450806,0
153,31,0.3116375505924225,0
153,32,-0.38055795431137085,0
153,33,-0.4243219792842865,0
153,34,-0.6936787366867065,0
153,35,0.207937091588974,0
153,36,0.4848540127277374,0
153,37,-0.007858432829380035,0
153,38,-0.10693610459566116,0
153,39,-1.1136919260025024,0
153,40,-0.6114271283149719,0
153,41,0.0670207291841507,0
153,42,-0.5336809754371643,0
153,43,-0.2804127335548401,0
153,44,-0.07717956602573395,0
153,45,-0.8037666082382202,0
153,46,-1.1677186489105225,0
153,47,-0.11917641758918762,0
153,48,-0.23727254569530487,0
153,49,-0.10336748510599136,0
153,50,-0.039059385657310486,0
153,51,0.29949191212654114,0
153,52,-0.6428421139717102,0
153,53,0.2530806064605713,0
153,54,-0.4042643904685974,0
153,55,-0.3780953288078308,0
153,56,-0.0244903564453125,0
153,57,-0.4450627863407135,0
153,58,-0.21189196407794952,0
153,59,0.005434803199023008,0
153,60,-1.2213780879974365,0
153,61,-0.3882055878639221,0
153,62,-0.9171782732009888,0
153,63,0.2062024027109146,0
153,64,-0.3017631471157074,0
153,65,-0.1378055065870285,0
153,66,0.03547506406903267,0
153,67,-0.46491000056266785,0
153,68,-0.05734395235776901,0
153,69,0.2348541021347046,0
153,70,-1.1027312278747559,0
153,71,-0.1327466070652008,0
153,72,-0.17638279497623444,0
153,73,-0.3564305305480957,0
153,74,-0.2785017192363739,0
153,75,-0.3296181261539459,0
153,76,-0.3688601851463318,0
153,77,-0.419631689786911,0
153,78,-0.40593406558036804,0
153,79,-0.20644472539424896,0
153,80,-0.6217741370201111,0
153,81,-0.07618007808923721,0
153,82,-0.24531197547912598,0
153,83,-0.2505826950073242,0
153,84,-0.5238289833068848,0
153,85,0.33641788363456726,0
153,86,-0.49320536851882935,0
153,87,-0.38354119658470154,0
153,88,-0.3404470682144165,0
153,89,-0.28806400299072266,0
153,90,-0.8332391381263733,0
153,91,-0.1991630643606186,0
153,92,-0.3951146900653839,0
153,93,-0.6617647409439087,0
153,94,-0.25964537262916565,0
153,95,-0.892015278339386,0
153,96,-0.38473543524742126,0
153,97,-0.8624982237815857,0
153,98,0.06180619075894356,0
153,99,-0.3740949332714081,0
153,100,-1.0274865627288818,0
153,101,-0.03962312638759613,0
153,102,-0.3519552946090698,0
153,103,-0.21601326763629913,0
153,104,-0.32990753650665283,0
153,105,-0.9304948449134827,0
153,106,-0.21754609048366547,0
153,107,-0.5046254396438599,0
153,108,-0.32325121760368347,0
153,109,-0.30614039301872253,0
153,110,0.45204126834869385,0
153,111,0.44379574060440063,0
153,112,0.3304055333137512,0
153,113,-0.7608507871627808,0
153,114,-0.31323352456092834,0
153,115,0.03621216118335724,0
153,116,0.4193715751171112,0
153,117,0.8851603269577026,0
153,118,0.5595209002494812,0
153,119,-0.25321948528289795,0
153,120,-0.2762458026409149,0
153,121,0.7997695207595825,0
153,122,-0.35206109285354614,0
153,123,0.6890326738357544,0
153,124,-0.10646367073059082,0
153,125,-0.9114881157875061,0
153,126,-0.4512573778629303,0
153,127,0.6089738607406616,0
153,128,0.18692611157894135,0
153,129,0.09300335496664047,0
153,130,0.2070007473230362,0
153,131,0.9654313325881958,0
153,132,-0.5849549174308777,0
153,133,-0.03281085938215256,0
153,134,-0.7136617302894592,0
153,135,0.5460805296897888,0
153,136,-0.4384843409061432,0
153,137,0.22634951770305634,0
153,138,-0.457172691822052,0
153,139,0.3338431715965271,0
153,140,-0.1847141832113266,0
153,141,-0.6033044457435608,0
153,142,0.06792642176151276,0
153,143,-0.054630715399980545,0
153,144,-0.407713383436203,0
153,145,0.03334315866231918,0
153,146,-0.4015773832798004,0
153,147,-0.20360274612903595,0
153,148,-0.23236441612243652,0
153,149,-0.6181243658065796,0
153,150,0.020267827436327934,0
153,151,-0.1301605999469757,0
153,152,0.4985409379005432,0
153,153,0.1363307684659958,0
153,154,-0.6285250186920166,0
153,155,-0.7507984638214111,0
153,156,0.01956597901880741,0
153,157,0.14166568219661713,0
153,158,-0.16364765167236328,0
153,159,0.0003285026759840548,0
153,160,-0.09162738919258118,0
153,161,-0.7491666674613953,0
153,162,-1.0943245887756348,0
153,163,0.5038501024246216,0
153,164,0.6090911030769348,0
153,165,0.26136747002601624,0
153,166,-0.19902268052101135,0
153,167,-0.18841958045959473,0
153,168,0.19460828602313995,0
153,169,-0.46385011076927185,0
153,170,-0.8540332317352295,0
153,171,-0.03826543688774109,0
153,172,-0.9177083969116211,0
153,173,-0.2835654020309448,0
153,174,-0.1617693454027176,0
153,175,0.10159037262201309,0
153,176,0.20232871174812317,0
153,177,-0.46675676107406616,0
153,178,0.1043190062046051,0
153,179,-0.07630284875631332,0
153,180,0.14417234063148499,0
153,181,-0.7518662810325623,0
153,182,-0.22188065946102142,0
153,183,0.6470616459846497,0
153,184,-0.9155716896057129,0
153,185,-0.3658043444156647,0
153,186,-0.5114661455154419,0
153,187,-0.4190404713153839,0
153,188,0.5102116465568542,0
153,189,0.6465407013893127,0
153,190,-0.4174991846084595,0
153,191,-0.3301544189453125,0
153,192,0.3120100796222687,0
153,193,-0.5628116130828857,0
153,194,-0.43935179710388184,0
153,195,0.57928466796875,0
153,196,-0.21658429503440857,0
153,197,-0.42244085669517517,0
153,198,-0.6234945058822632,0
153,199,-0.27335745096206665,0
153,200,-0.641396164894104,0
153,201,-0.6422236561775208,0
153,202,-0.5380305051803589,0
153,203,-0.28174054622650146,0
153,204,-0.6259304881095886,0
153,205,-0.691270112991333,0
153,206,-0.04138726741075516,0
153,207,-0.9351758360862732,0
153,208,-0.9020545482635498,0
153,209,0.07573430240154266,0
153,210,-0.8660286068916321,0
153,211,0.3434012532234192,0
153,212,0.6258861422538757,0
153,213,-0.40715906023979187,0
153,214,-0.6125451326370239,0
153,215,-0.7173076272010803,0
153,216,-0.40012601017951965,0
153,217,0.028997445479035378,0
153,218,-0.5671033263206482,0
153,219,0.0980258584022522,0
153,220,-0.24750229716300964,0
153,221,-0.5093344449996948,0
153,222,-0.43447786569595337,0
153,223,0.800859808921814,0
153,224,-0.5139732956886292,0
153,225,-0.25616025924682617,0
153,226,-1.1758660078048706,0
153,227,-0.5634132623672485,0
153,228,-0.3816413879394531,0
153,229,-0.5023176670074463,0
153,230,-0.36822032928466797,0
153,231,-0.44782203435897827,0
153,232,-1.1063038110733032,0
153,233,0.112525075674057,0
153,234,-0.8383438587188721,0
153,235,-0.4314318597316742,0
153,236,-0.1469644159078598,0
153,237,-0.39361608028411865,0
153,238,-0.580319344997406,0
153,239,-1.3392680883407593,0
153,240,-0.5379905104637146,0
153,241,-0.8867060542106628,0
153,242,-0.3433963656425476,0
153,243,-0.14214976131916046,0
153,244,-0.23367878794670105,0
153,245,-0.28641217947006226,0
153,246,-0.028876421973109245,0
153,247,-0.32835063338279724,0
153,248,0.1519046276807785,0
153,249,-0.515507161617279,0
153,250,-0.5587451457977295,0
153,251,-0.564785361289978,0
153,252,-0.551859974861145,0
153,253,-0.05043918639421463,0
153,254,-0.1870432198047638,0
153,255,-0.45954009890556335,0
153,256,0.6283794045448303,0
153,257,0.08569667488336563,0
153,258,0.5732919573783875,0
153,259,-0.010605205781757832,0
153,260,0.2317086011171341,0
153,261,-0.08861972391605377,0
153,262,0.5775541067123413,0
153,263,0.42173144221305847,0
153,264,-0.8282447457313538,0
153,265,-0.22509059309959412,0
153,266,-0.32914507389068604,0
153,267,-0.8159359097480774,0
153,268,-0.6547401547431946,0
153,269,-0.6646155118942261,0
153,270,0.2110557109117508,0
153,271,-0.4461436867713928,0
153,272,-1.0587339401245117,0
153,273,-0.30324897170066833,0
153,274,-1.1070525646209717,0
153,275,-0.47804880142211914,0
153,276,-0.013942493125796318,0
153,277,0.2548324763774872,0
153,278,-0.22252458333969116,0
153,279,-0.6358383893966675,0
153,280,-0.9831135272979736,0
153,281,-0.6090494394302368,0
153,282,-0.32971805334091187,0
153,283,-0.6255390644073486,0
153,284,-0.6178321838378906,0
153,285,-0.9066122174263,0
153,286,-0.7562094330787659,0
153,287,0.358895868062973,0
153,288,-0.3507503271102905,0
153,289,-0.35738688707351685,0
153,290,-1.1429990530014038,0
153,291,-0.5413699150085449,0
153,292,-1.013837456703186,0
153,293,-0.666719913482666,0
153,294,-0.857004702091217,0
153,295,1.185904860496521,0
153,296,0.5631953477859497,0
153,297,-0.5511459708213806,0
153,298,-0.36419478058815,0
153,299,-1.210176944732666,0
153,300,0.6341753005981445,0
153,301,-1.2923427820205688,0
153,302,-0.8528878092765808,0
153,303,0.2762226164340973,0
153,304,-0.7487694621086121,0
153,305,-0.44251859188079834,0
153,306,-0.410297155380249,0
153,307,-0.8828614354133606,0
153,308,-0.12069454789161682,1
153,309,-0.05515133962035179,0
153,310,0.17523926496505737,0
153,311,-1.1324445009231567,0
153,312,0.09101355820894241,0
153,313,0.10960960388183594,0
153,314,-0.19079211354255676,0
153,315,-0.5790486931800842,0
153,316,-0.9275000691413879,0
153,317,-0.24203245341777802,0
153,318,-0.6326967477798462,0
153,319,-0.7276741862297058,0
153,320,-0.32926875352859497,0
153,321,-0.2603262662887573,0
153,322,-0.4437822103500366,1
153,323,-0.7569208741188049,0
153,324,-0.7834967374801636,1
153,325,0.5537896752357483,0
153,326,-0.8985945582389832,0
153,327,-0.6757356524467468,0
153,328,-1.0013178586959839,0
153,329,-0.4866984486579895,0
153,330,-0.13407714664936066,0
153,331,-0.46875929832458496,0
153,332,-0.44229114055633545,0
153,333,-0.611648678779602,0
153,334,-0.44886720180511475,0
153,335,-0.28123340010643005,0
153,336,-0.6297733783721924,0
153,337,-0.8698620796203613,0
153,338,0.21082110702991486,0
153,339,-0.8098598718643188,0
153,340,-0.7590767741203308,0
153,341,0.0787082314491272,0
153,342,-0.6600017547607422,0
153,343,-0.10155782103538513,0
153,344,-0.425503671169281,0
153,345,-0.7328827977180481,0
153,346,-0.7779924869537354,0
153,347,0.01757626421749592,0
153,348,-1.2559216022491455,0
153,349,-0.5949413180351257,0
153,350,0.29268738627433777,0
153,351,-1.0483516454696655,0
153,352,-0.7922008633613586,0
153,353,-0.2809068262577057,0
153,354,-0.5140762329101562,0
153,355,-0.7753445506095886,0
153,356,-0.39734646677970886,0
153,357,-0.10764621198177338,0
153,358,-0.6548217535018921,0
153,359,0.47377440333366394,0
153,360,-1.3365453481674194,0
153,361,-0.8965480923652649,0
153,362,0.10208376497030258,0
153,363,-0.03927101567387581,0
153,364,-0.4695799648761749,0
153,365,-0.43070584535598755,0
153,366,-0.5172315835952759,0
153,367,-0.7632103562355042,0
153,368,-0.4295221269130707,0
153,369,-0.25730231404304504,0
153,370,-0.007092643063515425,0
153,371,-1.3499104976654053,0
153,372,-1.1915563344955444,0
153,373,0.1861855834722519,0
153,374,-0.6179906129837036,0
153,375,-0.594938337802887,0
153,376,-0.5502439737319946,0
153,377,-0.6799299120903015,0
153,378,-0.8119956851005554,0
153,379,-0.4449559152126312,0
153,380,-1.1212623119354248,0
153,381,-1.4394259452819824,0
153,382,-0.17670556902885437,0
153,383,-0.507533848285675,0
153,384,-0.7370656132698059,0
153,385,-0.4667041301727295,0
153,386,-0.3088679909706116,0
153,387,-0.9394310116767883,0
153,388,-1.21437668800354,0
153,389,-0.687515377998352,0
153,390,-0.7403377890586853,0
153,391,-0.42915284633636475,0
153,392,-0.16858458518981934,0
153,393,-0.4700952470302582,0
153,394,-0.34046730399131775,0
153,395,-0.3355335295200348,0
153,396,-0.8101785778999329,0
153,397,-0.4292939603328705,0
153,398,-0.7467292547225952,0
153,399,-0.399757981300354,0
153,400,0.06565257906913757,0
153,401,0.31953391432762146,0
153,402,0.16271738708019257,0
153,403,-0.07007110863924026,0
153,404,-0.5169695019721985,0
153,405,-1.4519188404083252,0
153,406,-1.392349123954773,0
153,407,0.31969210505485535,0
153,408,-0.4480321705341339,0
153,409,0.583522379398346,0
153,410,-0.9872139096260071,0
153,411,0.1942259967327118,0
153,412,-0.8954247832298279,0
153,413,-1.0285078287124634,0
153,414,-1.1016967296600342,0
153,415,-0.8443695902824402,0
153,416,-0.38275110721588135,0
153,417,-0.8971489071846008,0
153,418,-0.7862941026687622,0
153,419,-1.0489904880523682,0
153,420,-0.7540150880813599,0
153,421,-0.688096821308136,0
153,422,-0.7055593132972717,0
153,423,-0.44035929441452026,0
153,424,0.22865717113018036,0
153,425,-0.48218539357185364,0
153,426,-0.10794087499380112,0
153,427,-0.26097002625465393,0
153,428,-0.8346694111824036,0
153,429,-0.644498884677887,0
153,430,-0.5866393446922302,0
153,431,-0.9717668294906616,0
153,432,-0.27698200941085815,0
153,433,-0.7852758169174194,0
153,434,-0.85294508934021,0
153,435,0.14810511469841003,0
153,436,-0.6137169003486633,0
153,437,-0.25400400161743164,0
153,438,-0.11203291267156601,0
153,439,-0.7775458097457886,0
153,440,-0.6442448496818542,0
153,441,-0.0856647863984108,0
153,442,-0.9753124713897705,0
153,443,-0.5108978152275085,0
153,444,0.24416877329349518,0
153,445,-0.03179696202278137,0
153,446,-0.7377349734306335,0
153,447,-0.7310604453086853,0
153,448,-0.8335152268409729,0
153,449,-1.4856292009353638,0
153,450,-0.869335949420929,0
153,451,-0.9503560066223145,0
153,452,-0.8033701777458191,0
153,453,-0.1915489286184311,0
153,454,-0.6672083139419556,0
153,455,-0.26756635308265686,0
153,456,-1.3300992250442505,0
153,457,-0.6051203608512878,0
153,458,-0.6532398462295532,0
153,459,-0.9355553388595581,0
153,460,0.013982485979795456,0
153,461,-0.5528514385223389,0
153,462,-0.7550177574157715,0
153,463,-0.46426987648010254,0
153,464,0.15466058254241943,0
153,465,-1.0883036851882935,0
153,466,-0.9817127585411072,0
153,467,-0.8379067778587341,0
153,468,-0.9305427670478821,0
153,469,-0.10180607438087463,0
153,470,-0.8806466460227966,0
153,471,0.2525375187397003,0
153,472,-0.4326534569263458,0
153,473,0.32167142629623413,0
153,474,-0.5855353474617004,0
153,475,-0.5606405138969421,0
153,476,0.7429652810096741,0
153,477,-0.46620267629623413,0
153,478,-0.48052868247032166,0
153,479,0.3308384120464325,0
153,480,-0.6346897482872009,0
153,481,0.16254529356956482,0
153,482,-0.3562694489955902,0
153,483,-0.4700499475002289,0
153,484,-0.8759873509407043,0
153,485,-0.21288536489009857,0
153,486,-0.7750334739685059,0
153,487,-0.6017910838127136,0
153,488,-1.5761401653289795,0
153,489,-0.7129837274551392,0
153,490,-0.7109819650650024,0
153,491,-0.6596124768257141,0
153,492,-0.5644042491912842,0
153,493,-0.8383751511573792,0
153,494,-1.018394112586975,0
153,495,-0.3083283007144928,0
153,496,-0.8480507731437683,0
153,497,-0.03156765550374985,0
153,498,-0.6871531009674072,0
153,499,-0.7642742395401001,0
153,500,-0.11176446080207825,0
153,501,-0.20246724784374237,0
153,502,0.22663645446300507,0
153,503,-0.47511544823646545,0
153,504,-0.6137774586677551,0
153,505,-0.035789743065834045,0
153,506,-0.881106972694397,0
153,507,-0.9733943939208984,0
153,508,-0.4458262324333191,0
153,509,-0.051481422036886215,0
153,510,-1.0449594259262085,0
153,511,-0.41654035449028015,0
153,512,-0.2901773452758789,0
153,513,-0.3121044635772705,0
153,514,-0.7217751145362854,0
153,515,-1.0389492511749268,0
153,516,-0.81777423620224,0
153,517,-0.8335903882980347,0
153,518,-0.00023086933651939034,0
153,519,-0.7959328293800354,0
153,520,-0.9921649694442749,0
153,521,-0.2315230667591095,0
153,522,0.08174289762973785,0
153,523,-0.6175582408905029,0
153,524,-0.567473828792572,0
153,525,-0.5699735879898071,0
153,526,-0.5962172746658325,0
153,527,-0.6345373392105103,0
153,528,-0.28796982765197754,0
153,529,-0.41258424520492554,0
153,530,-0.7382867932319641,0
153,531,-0.8937835097312927,0
162,0,-0.1655811071395874,0
162,1,-0.5140345692634583,0
162,2,0.6059443354606628,0
162,3,0.8415495157241821,0
162,4,-0.273827463388443,0
162,5,-0.2670409679412842,0
162,6,0.538590133190155,0
162,7,-0.4099764823913574,0
162,8,0.4826788306236267,0
162,9,-0.03807586431503296,0
162,10,0.006571641191840172,0
162,11,0.08629052340984344,0
162,12,-0.21168625354766846,0
162,13,-0.3082566559314728,0
162,14,-0.02401706762611866,0
162,15,-0.33851462602615356,0
162,16,0.015888461843132973,0
162,17,-0.5881127119064331,0
162,18,0.5876189470291138,0
162,19,0.2633408010005951,0
162,20,-0.3652355968952179,0
162,21,0.04255804419517517,0
162,22,0.6200953722000122,0
162,23,0.5114638209342957,0
162,24,-0.6372107863426208,0
162,25,0.19582892954349518,0
162,26,0.26441052556037903,0
162,27,0.13223467767238617,0
162,28,-0.05791449174284935,0
162,29,0.34155094623565674,0
162,30,0.10859396308660507,0
162,31,-0.7109490633010864,0
162,32,-0.03862161189317703,0
162,33,0.02097834274172783,0
162,34,-0.5850779414176941,0
162,35,0.31304502487182617,0
162,36,-0.2567056715488434,0
162,37,0.3840647041797638,0
162,38,-0.21788659691810608,0
162,39,-0.46730178594589233,0
162,40,-0.23859740793704987,0
162,41,-0.2994641959667206,0
162,42,-0.06396369636058807,0
162,43,-0.19459538161754608,0
162,44,0.3053241968154907,0
162,45,-0.28002026677131653,0
162,46,-0.38177770376205444,0
162,47,-0.48206600546836853,0
162,48,0.4478454887866974,0
162,49,-0.6690768003463745,0
162,50,-0.29333531856536865,0
162,51,0.022467361763119698,0
162,52,0.17779719829559326,0
162,53,0.14495441317558289,0
162,54,-0.4888255000114441,0
162,55,-0.1173551008105278,0
162,56,0.401520699262619,0
162,57,-0.16877606511116028,0
162,58,-0.21293851733207703,0
162,59,0.6994336843490601,0
162,60,0.38248032331466675,0
162,61,1.0634907484054565,0
162,62,0.5713534355163574,0
162,63,-0.6481242775917053,0
162,64,-0.4791722893714905,0
162,65,0.3881995677947998,0
162,66,0.14156383275985718,0
162,67,0.3012876808643341,0
162,68,-0.07311321049928665,0
162,69,0.5751895904541016,0
162,70,-0.118588887155056,0
162,71,-0.6323314309120178,0
162,72,0.3154677748680115,0
162,73,0.13110128045082092,0
162,74,-0.0614108145236969,0
162,75,0.03893113508820534,0
162,76,-0.23937587440013885,0
162,77,-0.4497317373752594,0
162,78,0.3968186378479004,0
162,79,0.5008190870285034,0
162,80,-0.3659524619579315,0
162,81,0.7606911659240723,0
162,82,-0.6019408702850342,0
162,83,0.7600793242454529,0
162,84,0.12162580341100693,0
162,85,0.005228270310908556,0
162,86,-0.18045587837696075,0
162,87,-0.22069892287254333,0
162,88,0.40741804242134094,0
162,89,-0.6428477168083191,0
162,90,-0.2384994626045227,0
162,91,0.09237708896398544,0
162,92,0.25646471977233887,0
162,93,-0.12029299885034561,0
162,94,0.26756420731544495,0
162,95,-0.44783589243888855,0
162,96,-0.6846998929977417,0
162,97,-0.122894786298275,0
162,98,0.48448193073272705,0
162,99,0.5511211156845093,0
162,100,-0.23037415742874146,0
162,101,0.17980976402759552,0
162,102,0.44515517354011536,0
162,103,0.7628912329673767,0
162,104,0.31747156381607056,0
162,105,0.21073712408542633,0
162,106,8.628387877251953e-05,0
162,107,-0.2997085750102997,0
162,108,-0.017967678606510162,0
162,109,0.08113093674182892,0
162,110,-0.22362053394317627,0
162,111,0.005352952051907778,0
162,112,0.4371348023414612,0
162,113,-0.6055493950843811,0
162,114,-0.1279154270887375,0
162,115,0.6185624599456787,0
162,116,-0.26010265946388245,0
162,117,0.6666016578674316,0
162,118,-0.016264185309410095,0
162,119,0.29295626282691956,0
162,120,0.19918811321258545,0
162,121,-0.18205413222312927,0
162,122,0.3309384882450104,0
162,123,0.5427823066711426,0
162,124,0.3341425061225891,0
162,125,-0.3353210389614105,0
162,126,-0.08804100751876831,0
162,127,0.4042455852031708,0
162,128,-0.6663643717765808,0
162,129,-0.03350622579455376,0
162,130,-0.49910157918930054,0
162,131,0.20648130774497986,0
162,132,-0.4247380495071411,0
162,133,0.29013901948928833,0
162,134,0.01627020537853241,0
162,135,0.2975284159183502,0
162,136,-0.7945248484611511,0
162,137,-0.24884948134422302,0
162,138,0.05996565520763397,0
162,139,-0.14149925112724304,0
162,140,0.039299651980400085,0
162,141,0.006752477027475834,0
162,142,-0.44057905673980713,0
162,143,0.1274557113647461,0
162,144,0.7648266553878784,0
162,145,0.7465269565582275,0
162,146,0.4130881726741791,0
162,147,-0.1043240875005722,0
162,148,0.1906115859746933,0
162,149,-0.48930278420448303,0
162,150,0.32393014430999756,0
162,151,-0.28141433000564575,0
162,152,1.0132461786270142,0
162,153,-0.10327907651662827,0
162,154,0.48641061782836914,0
162,155,-0.37383735179901123,0
162,156,0.020161909982562065,0
162,157,0.3308117091655731,0
162,158,-0.32641637325286865,0
162,159,-0.40364575386047363,0
162,160,0.46404653787612915,0
162,161,-0.43911227583885193,0
162,162,-0.021194186061620712,0
162,163,-0.4449942708015442,0
162,164,0.17780570685863495,0
162,165,-0.15491992235183716,0
162,166,0.4894975423812866,0
162,167,-0.2813929617404938,0
162,168,-0.07779031991958618,0
162,169,0.3268014192581177,0
162,170,0.5156683921813965,0
162,171,0.23333650827407837,0
162,172,0.24608106911182404,0
162,173,-0.3779885768890381,0
162,174,-0.5021796226501465,0
162,175,-0.255089670419693,0
162,176,0.0161754060536623,0
162,177,0.9504084587097168,0
162,178,-0.2939532399177551,0
162,179,0.8066365718841553,0
162,180,-0.1462024748325348,0
162,181,-0.18107269704341888,0
162,182,-0.012540598399937153,0
162,183,0.23731228709220886,0
162,184,-0.23665226995944977,0
162,185,0.0533161424100399,0
162,186,-0.4216829538345337,0
162,187,-0.5947030782699585,0
162,188,-0.6801435947418213,0
162,189,0.03403688594698906,0
162,190,0.030915167182683945,0
162,191,0.17548957467079163,0
162,192,0.5636756420135498,0
162,193,0.04678639397025108,0
162,194,-0.14997024834156036,0
162,195,-0.3509911298751831,0
162,196,0.06410297751426697,0
162,197,0.12427555024623871,0
162,198,-0.12398988008499146,0
162,199,0.284682959318161,0
162,200,-0.12164846062660217,0
162,201,0.4339090585708618,0
162,202,0.5176110863685608,0
162,203,-0.39703482389450073,0
162,204,-0.8209137916564941,0
162,205,-0.9005301594734192,0
162,206,-0.02654387801885605,0
162,207,-0.1828029900789261,0
162,208,0.23120273649692535,0
162,209,-0.17768868803977966,0
162,210,0.15281067788600922,0
162,211,-0.2221868485212326,0
162,212,-0.26594462990760803,0
162,213,-0.187868133187294,0
162,214,-0.7114444971084595,0
162,215,-0.6196798086166382,0
162,216,-0.10416001081466675,0
162,217,0.7313586473464966,0
162,218,0.16503113508224487,0
162,219,0.5377631187438965,0
162,220,0.586578369140625,0
162,221,0.3258919417858124,0
162,222,-0.2178758829832077,0
162,223,0.5875213742256165,0
162,224,-0.14371109008789062,0
162,225,-0.41924843192100525,0
162,226,-0.1296434849500656,0
162,227,-0.5865175724029541,0
162,228,0.1852673441171646,0
162,229,0.19828282296657562,0
162,230,0.4604147970676422,0
162,231,-0.3940091133117676,0
162,232,-0.11774910241365433,0
162,233,0.7357951402664185,0
162,234,-0.33236199617385864,0
162,235,0.2659463882446289,0
162,236,0.17179854214191437,0
162,237,-0.1355564296245575,0
162,238,-0.053371407091617584,0
162,239,-0.391817569732666,0
162,240,-0.390922874212265,0
162,241,-0.0496450774371624,0
162,242,0.5411824584007263,0
162,243,-0.0027329036965966225,0
162,244,0.10242657363414764,0
162,245,-0.06096930429339409,0
162,246,-0.11410216987133026,0
162,247,-0.07436225563287735,0
162,248,0.6960944533348083,0
162,249,0.10924132913351059,0
162,250,0.3738519847393036,0
162,251,-0.4017493724822998,0
162,252,0.7301063537597656,0
162,253,0.2015058994293213,0
162,254,0.037230465561151505,0
162,255,0.7836542129516602,0
162,256,0.6713131666183472,0
162,257,0.1599205732345581,0
162,258,0.38129425048828125,0
162,259,-0.634266197681427,0
162,260,1.0431492328643799,0
162,261,0.07972048968076706,0
162,262,0.5321882963180542,0
162,263,1.2844778299331665,0
162,264,0.44732701778411865,0
162,265,0.662580668926239,0
162,266,-0.07538092136383057,0
162,267,0.20691348612308502,0
162,268,0.783187747001648,0
162,269,0.19705289602279663,0
162,270,0.0602002777159214,0
162,271,0.670227587223053,0
162,272,0.9539642333984375,0
162,273,0.8714888691902161,0
162,274,0.45224153995513916,0
162,275,0.5140349864959717,0
162,276,0.8752909898757935,0
162,277,0.8065816760063171,0
162,278,1.0894092321395874,0
162,279,0.7895644903182983,0
162,280,0.25644049048423767,0
162,281,0.04762989282608032,0
162,282,0.13445307314395905,0
162,283,0.37196341156959534,0
162,284,0.04992266371846199,0
162,285,0.9482182860374451,0
162,286,-0.016358908265829086,0
162,287,0.6695704460144043,0
162,288,1.0278575420379639,0
162,289,-0.5375841856002808,0
162,290,-0.2866045832633972,0
162,291,0.5376330614089966,0
162,292,0.3060480058193207,0
162,293,-0.07869991660118103,0
162,294,0.3749140501022339,0
162,295,0.29764771461486816,0
162,296,0.5295212268829346,0
162,297,0.48110008239746094,0
162,298,0.7805245518684387,0
162,299,0.08956144005060196,0
162,300,0.09802621603012085,0
162,301,-0.4204203188419342,0
162,302,0.3074285387992859,0
162,303,1.026877760887146,0
162,304,0.7437300682067871,0
162,305,0.7477208375930786,0
162,306,1.2293487787246704,0
162,307,0.9271196126937866,0
162,308,0.8853760361671448,1
162,309,0.6108622550964355,0
162,310,1.4130507707595825,0
162,311,0.7573100328445435,0
162,312,0.8900994658470154,0
162,313,0.14212092757225037,0
162,314,0.10504388064146042,0
162,315,0.48923826217651367,0
162,316,0.31900182366371155,0
162,317,1.0342556238174438,0
162,318,0.022557558491826057,0
162,319,1.3251992464065552,0
162,320,0.7133990526199341,0
162,321,0.997206449508667,0
162,322,0.18812014162540436,1
162,323,-0.20163267850875854,0
162,324,0.18186892569065094,1
162,325,0.8702763319015503,0
162,326,-0.25060126185417175,0
162,327,0.34356415271759033,0
162,328,0.6187711954116821,0
162,329,-0.007134631276130676,0
162,330,0.46419090032577515,0
162,331,0.6772391200065613,0
162,332,-0.1513524353504181,0
162,333,0.8789451122283936,0
162,334,0.5470262765884399,0
162,335,-0.3468790650367737,0
162,336,0.4917651116847992,0
162,337,0.24800707399845123,0
162,338,0.669477105140686,0
162,339,-0.09030917286872864,0
162,340,0.18601098656654358,0
162,341,1.0360685586929321,0
162,342,0.29646244645118713,0
162,343,0.29710623621940613,0
162,344,0.25262051820755005,0
162,345,-0.12030534446239471,0
162,346,0.20369336009025574,0
162,347,0.891017496585846,0
162,348,-0.31833764910697937,0
162,349,0.4998912215232849,0
162,350,0.9454224109649658,0
162,351,0.46129944920539856,0
162,352,0.6090706586837769,0
162,353,0.9723751544952393,0
162,354,0.2871098220348358,0
162,355,0.8662083745002747,0
162,356,0.12380131334066391,0
162,357,0.429263174533844,0
162,358,0.7558042407035828,0
162,359,0.5503759980201721,0
162,360,0.33161208033561707,0
162,361,0.4788496494293213,0
162,362,0.30364862084388733,0
162,363,1.0840189456939697,0
162,364,0.08919450640678406,0
162,365,0.21015232801437378,0
162,366,0.5327199697494507,0
162,367,0.5534740686416626,0
162,368,0.29090702533721924,0
162,369,0.4924680292606354,0
162,370,0.557290256023407,0
162,371,0.14689190685749054,0
162,372,0.2347448617219925,0
162,373,0.880917489528656,0
162,374,0.7105570435523987,0
162,375,0.3237351179122925,0
162,376,0.48501166701316833,0
162,377,0.17018672823905945,0
162,378,0.33032503724098206,0
162,379,0.5289493203163147,0
162,380,-0.024227246642112732,0
162,381,0.21160773932933807,0
162,382,0.3545547127723694,0
162,383,1.0103811025619507,0
162,384,-0.07132085412740707,0
162,385,0.05919145420193672,0
162,386,0.22438210248947144,0
162,387,0.04117085039615631,0
162,388,0.7904608249664307,0
162,389,1.2730704545974731,0
162,390,0.6145122051239014,0
162,391,0.950708270072937,0
162,392,-0.028600944206118584,0
162,393,0.2785600423812866,0
162,394,0.058816149830818176,0
162,395,-0.2708013653755188,0
162,396,0.6974283456802368,0
162,397,0.11359713971614838,0
162,398,0.012979721650481224,0
162,399,0.6470364332199097,0
162,400,0.5372940301895142,0
162,401,-0.29557114839553833,0
162,402,0.8312245011329651,0
162,403,0.6162342429161072,0
162,404,0.48942601680755615,0
162,405,0.0613950714468956,0
162,406,0.3487167954444885,0
162,407,-0.09612506628036499,0
162,408,0.3348035514354706,0
162,409,1.1607997417449951,0
162,410,0.7768458724021912,0
162,411,-0.06751105934381485,0
162,412,-0.0013255095109343529,0
162,413,-0.16754399240016937,0
162,414,-0.031893033534288406,0
162,415,0.42004096508026123,0
162,416,-0.16804878413677216,0
162,417,-0.14731581509113312,0
162,418,0.6235755085945129,0
162,419,0.08251020312309265,0
162,420,1.1406575441360474,0
162,421,0.13022081553936005,0
162,422,0.9192729592323303,0
162,423,0.3501660227775574,0
162,424,0.3352956473827362,0
162,425,0.20984022319316864,0
162,426,0.09983912110328674,0
162,427,0.030814670026302338,0
162,428,0.24494163691997528,0
162,429,0.6759345531463623,0
162,430,0.8146825432777405,0
162,431,0.4893879294395447,0
162,432,0.3946261703968048,0
162,433,1.0783792734146118,0
162,434,0.02281155250966549,0
162,435,1.1661843061447144,0
162,436,0.49118611216545105,0
162,437,-0.16522078216075897,0
162,438,0.8188000917434692,0
162,439,0.7534242868423462,0
162,440,1.20724618434906,0
162,441,0.6724308133125305,0
162,442,0.39848047494888306,0
162,443,-0.032169926911592484,0
162,444,-0.06983049213886261,0
162,445,0.19924238324165344,0
162,446,0.2717633545398712,0
162,447,0.3914129137992859,0
162,448,-0.1513625979423523,0
162,449,0.6236924529075623,0
162,450,0.3564564883708954,0
162,451,0.9610671401023865,0
162,452,0.36637425422668457,0
162,453,0.25682100653648376,0
162,454,-0.13955846428871155,0
162,455,0.2980945110321045,0
162,456,0.32589179277420044,0
162,457,-0.0019202196272090077,0
162,458,0.3196370601654053,0
162,459,-0.05376655235886574,0
162,460,0.918731689453125,0
162,461,0.295589804649353,0
162,462,0.7635381817817688,0
162,463,0.4844694137573242,0
162,464,1.3986380100250244,0
162,465,0.515049934387207,0
162,466,0.13032661378383636,0
162,467,0.26449111104011536,0
162,468,-0.1907213181257248,0
162,469,-0.024652250111103058,0
162,470,-0.059439875185489655,0
162,471,0.1703614890575409,0
162,472,0.14665701985359192,0
162,473,0.7148141860961914,0
162,474,-0.03830248862504959,0
162,475,0.4945203959941864,0
162,476,0.13574090600013733,0
162,477,0.34191226959228516,0
162,478,0.2193886935710907,0
162,479,0.7165115475654602,0
162,480,0.39774733781814575,0
162,481,0.6003164649009705,0
162,482,0.20212911069393158,0
162,483,0.5808048248291016,0
162,484,0.08388648182153702,0
162,485,0.010702072642743587,0
162,486,0.4837609827518463,0
162,487,0.4780777394771576,0
162,488,0.14466221630573273,0
162,489,0.6737291216850281,0
162,490,0.8219637870788574,0
162,491,1.1377278566360474,0
162,492,0.3157772123813629,0
162,493,0.4440214931964874,0
162,494,0.9256173968315125,0
162,495,-0.12191572785377502,0
162,496,0.4339151978492737,0
162,497,-0.20128268003463745,0
162,498,0.4052407741546631,0
162,499,0.44036343693733215,0
162,500,0.10110796988010406,0
162,501,-0.05104001611471176,0
162,502,-0.04313809424638748,0
162,503,0.38443976640701294,0
162,504,0.10041511803865433,0
162,505,0.9677873849868774,0
162,506,1.0666186809539795,0
162,507,0.2894429862499237,0
162,508,0.6851721405982971,0
162,509,-0.051574815064668655,0
162,510,0.7245270013809204,0
162,511,0.5399784445762634,0
162,512,1.0172253847122192,0
162,513,0.29673251509666443,0
162,514,-0.5516650676727295,0
162,515,0.6963375806808472,0
162,516,1.0594886541366577,0
162,517,0.6877523064613342,0
162,518,0.865302562713623,0
162,519,-0.03201001510024071,0
162,520,0.2609742283821106,0
162,521,-0.19359487295150757,0
162,522,0.16297253966331482,0
162,523,-0.02143721468746662,0
162,524,0.6393522024154663,0
162,525,0.019719986245036125,0
162,526,0.0907893180847168,0
162,527,0.7302550077438354,0
162,528,0.8905130624771118,0
162,529,0.1727803349494934,0
162,530,0.6876786351203918,0
162,531,0.1962241530418396,0
167,0,0.48231878876686096,0
167,1,-0.06850642710924149,0
167,2,0.3414944112300873,0
167,3,0.9501342177391052,0
167,4,-0.21505096554756165,0
167,5,0.24553097784519196,0
167,6,-0.04291073605418205,0
167,7,0.1771571785211563,0
167,8,0.1166384369134903,0
167,9,-0.3015005588531494,0
167,10,0.09137361496686935,0
167,11,-0.23400089144706726,0
167,12,0.3437178134918213,0
167,13,-0.863538384437561,0
167,14,0.24590246379375458,0
167,15,0.45128530263900757,0
167,16,-0.5821478366851807,0
167,17,-0.43396368622779846,0
167,18,0.29206451773643494,0
167,19,0.10084433108568192,0
167,20,-0.512911856174469,0
167,21,-0.070793017745018,0
167,22,0.8326016068458557,0
167,23,0.7138073444366455,0
167,24,0.566614031791687,0
167,25,0.4123254120349884,0
167,26,0.5542848110198975,0
167,27,-0.13434045016765594,0
167,28,-1.2515788078308105,0
167,29,-0.35931676626205444,0
167,30,0.1223219633102417,0
167,31,0.2598680555820465,0
167,32,-0.01624128594994545,0
167,33,-0.014049986377358437,0
167,34,-0.04058600217103958,0
167,35,0.31987446546554565,0
167,36,0.1686738282442093,0
167,37,0.5762370228767395,0
167,38,-0.13558293879032135,0
167,39,-0.22954410314559937,0
167,40,0.155204176902771,0
167,41,0.08563017845153809,0
167,42,0.15917208790779114,0
167,43,-0.29451024532318115,0
167,44,-0.30819612741470337,0
167,45,0.6061012744903564,0
167,46,0.5035301446914673,0
167,47,0.2691800892353058,0
167,48,-0.13915406167507172,0
167,49,-0.7593487501144409,0
167,50,-0.008592324331402779,0
167,51,0.271643728017807,0
167,52,0.12190450727939606,0
167,53,0.05804944038391113,0
167,54,-0.9679708480834961,0
167,55,0.42369112372398376,0
167,56,0.3467085063457489,0
167,57,0.27669331431388855,0
167,58,-0.9447758197784424,0
167,59,0.25702375173568726,0
167,60,-0.008026239462196827,0
167,61,0.48454388976097107,0
167,62,0.13376228511333466,0
167,63,-0.7075831294059753,0
167,64,0.14171862602233887,0
167,65,0.32518601417541504,0
167,66,0.589902400970459,0
167,67,-0.19305899739265442,0
167,68,-0.43772417306900024,0
167,69,0.2210952192544937,0
167,70,1.3364076614379883,0
167,71,-1.1588505506515503,0
167,72,0.6352189183235168,0
167,73,0.7172538638114929,0
167,74,-0.25455552339553833,0
167,75,-0.13463810086250305,0
167,76,-0.2291303128004074,0
167,77,-0.07132942229509354,0
167,78,0.3963536024093628,0
167,79,-0.270626038312912,0
167,80,0.014497841708362103,0
167,81,0.6634050607681274,0
167,82,-0.32399752736091614,0
167,83,0.026280857622623444,0
167,84,0.6406628489494324,0
167,85,-0.515801727771759,0
167,86,-0.570656955242157,0
167,87,-0.5668137073516846,0
167,88,0.5365557670593262,0
167,89,-0.20356400310993195,0
167,90,-0.5577248334884644,0
167,91,-0.2232266515493393,0
167,92,0.16079440712928772,0
167,93,0.1901453584432602,0
167,94,0.41690683364868164,0
167,95,0.024545863270759583,0
167,96,0.30758893489837646,0
167,97,-0.07158414274454117,0
167,98,0.2966717779636383,0
167,99,0.6309714913368225,0
167,100,0.3290455937385559,0
167,101,0.34634754061698914,0
167,102,0.0009720568195916712,0
167,103,0.3782234787940979,0
167,104,0.568771481513977,0
167,105,-0.04648368060588837,0
167,106,-0.11781784892082214,0
167,107,0.5237501859664917,0
167,108,-0.304601788520813,0
167,109,0.5379321575164795,0
167,110,0.3653768002986908,0
167,111,-0.032345887273550034,0
167,112,0.39815598726272583,0
167,113,-0.4491921365261078,0
167,114,-0.23607896268367767,0
167,115,0.19269084930419922,0
167,116,-0.12401191890239716,0
167,117,-0.02772228606045246,0
167,118,0.5780128836631775,0
167,119,0.8428903222084045,0
167,120,0.20224593579769135,0
167,121,-0.9771360754966736,0
167,122,0.4824426770210266,0
167,123,-0.5135545134544373,0
167,124,0.7811759114265442,0
167,125,0.18586686253547668,0
167,126,0.16623455286026,0
167,127,0.6428791284561157,0
167,128,0.2788970172405243,0
167,129,-0.6759302020072937,0
167,130,0.09149904549121857,0
167,131,0.6019152998924255,0
167,132,-0.5012812614440918,0
167,133,-0.20741651952266693,0
167,134,0.10659950971603394,0
167,135,0.02032688818871975,0
167,136,-0.2909311056137085,0
167,137,-0.07982326298952103,0
167,138,0.8495928049087524,0
167,139,-0.020755968987941742,0
167,140,-0.13011252880096436,0
167,141,0.08573535829782486,0
167,142,0.08235587179660797,0
167,143,0.17046764492988586,0
167,144,0.3287366032600403,0
167,145,0.9133619070053101,0
167,146,0.308003306388855,0
167,147,0.6525078415870667,0
167,148,0.0011538563994690776,0
167,149,-0.3810822665691376,0
167,150,0.16071639955043793,0
167,151,0.1731758713722229,0
167,152,1.0514620542526245,0
167,153,-0.27920201420783997,0
167,154,0.6030585765838623,0
167,155,0.3678324222564697,0
167,156,-0.4029299318790436,0
167,157,0.1066446304321289,0
167,158,-0.24066683650016785,0
167,159,-0.4272554814815521,0
167,160,0.7975292801856995,0
167,161,-0.49052706360816956,0
167,162,-0.0017538067186251283,0
167,163,-0.7420089244842529,0
167,164,-0.056297361850738525,0
167,165,-0.4537654519081116,0
167,166,0.867590069770813,0
167,167,-0.3883984088897705,0
167,168,-0.6627236604690552,0
167,169,0.31313014030456543,0
167,170,-0.056364480406045914,0
167,171,-0.13061663508415222,0
167,172,-0.14046740531921387,0
167,173,-1.1559803485870361,0
167,174,-0.2219778448343277,0
167,175,-0.5936011075973511,0
167,176,-0.026571592316031456,0
167,177,-0.0668337345123291,0
167,178,0.049362663179636,0
167,179,-0.2714729309082031,0
167,180,-0.42531996965408325,0
167,181,0.22029265761375427,0
167,182,-0.10612668842077255,0
167,183,0.05179448053240776,0
167,184,0.20822829008102417,0
167,185,1.5099347829818726,0
167,186,0.5707569718360901,0
167,187,-0.7590321898460388,0
167,188,-0.9297968149185181,0
167,189,-0.38343873620033264,0
167,190,0.535649299621582,0
167,191,0.6551223993301392,0
167,192,-0.04228954762220383,0
167,193,-0.2489517480134964,0
167,194,-0.03585356846451759,0
167,195,-0.05769706889986992,0
167,196,0.07945661246776581,0
167,197,0.28258010745048523,0
167,198,0.008697273209691048,0
167,199,-0.1060023307800293,0
167,200,-0.05130934715270996,0
167,201,-0.08543861657381058,0
167,202,0.3835073709487915,0
167,203,-0.46126601099967957,0
167,204,-0.15777717530727386,0
167,205,0.26333874464035034,0
167,206,0.9368473887443542,0
167,207,0.016497351229190826,0
167,208,0.3832628130912781,0
167,209,0.021406494081020355,0
167,210,-0.026869118213653564,0
167,211,-0.00893472135066986,0
167,212,0.016015110537409782,0
167,213,0.5735310316085815,0
167,214,-0.2842490077018738,0
167,215,-0.49429917335510254,0
167,216,-0.3815152645111084,0
167,217,0.45951223373413086,0
167,218,-0.04309927299618721,0
167,219,0.29702532291412354,0
167,220,0.1486055552959442,0
167,221,-0.39992040395736694,0
167,222,-0.5553650259971619,0
167,223,0.17714408040046692,0
167,224,-0.13260042667388916,0
167,225,0.02833547815680504,0
167,226,-0.17502301931381226,0
167,227,-0.44342824816703796,0
167,228,0.5649561285972595,0
167,229,-0.34371381998062134,0
167,230,0.08333437144756317,0
167,231,-0.2057901918888092,0
167,232,0.23961380124092102,0
167,233,0.3962458670139313,0
167,234,0.6706976890563965,0
167,235,0.4336511194705963,0
167,236,-0.4248669147491455,0
167,237,0.008344726637005806,0
167,238,-0.34389108419418335,0
167,239,0.39475879073143005,0
167,240,-0.5332304239273071,0
167,241,-0.24640212953090668,0
167,242,-0.02534814178943634,0
167,243,-0.07182508707046509,0
167,244,0.09774225950241089,0
167,245,-0.4165738821029663,0
167,246,0.3593737781047821,0
167,247,-0.37453052401542664,0
167,248,-0.36811769008636475,0
167,249,0.06907583773136139,0
167,250,0.19697657227516174,0
167,251,-0.34610238671302795,0
167,252,0.26819637417793274,0
167,253,0.06600839644670486,0
167,254,0.1952446550130844,0
167,255,0.215168759226799,0
167,256,-0.050685301423072815,0
167,257,-0.026906335726380348,0
167,258,-0.4880794584751129,0
167,259,-0.7880353927612305,0
167,260,-0.298707515001297,0
167,261,-0.19157731533050537,0
167,262,-0.16160623729228973,0
167,263,0.740778923034668,0
167,264,-0.18167704343795776,0
167,265,0.18001200258731842,0
167,266,-0.051715053617954254,0
167,267,-0.6298159956932068,0
167,268,0.4638420641422272,0
167,269,-0.4891138970851898,0
167,270,-0.05911262705922127,0
167,271,-0.4634535610675812,0
167,272,0.18923541903495789,0
167,273,-0.2382322996854782,0
167,274,-0.5653178691864014,0
167,275,0.17335067689418793,1
167,276,0.06344813108444214,0
167,277,-0.5039398670196533,0
167,278,0.10267280042171478,0
167,279,0.4633229672908783,0
167,280,-0.27621540427207947,0
167,281,-0.47780841588974,0
167,282,-0.4543595612049103,0
167,283,-0.6249191761016846,0
167,284,0.03666750341653824,0
167,285,0.36203300952911377,0
167,286,-0.19146835803985596,0
167,287,-0.23966386914253235,0
167,288,0.5379776954650879,1
167,289,-0.3426562547683716,0
167,290,-0.7622683644294739,1
167,291,0.39193272590637207,0
167,292,-0.5243421196937561,0
167,293,-0.5946112275123596,0
167,294,-0.2869904339313507,0
167,295,-0.38233745098114014,1
167,296,0.18780222535133362,0
167,297,-0.39779120683670044,0
167,298,0.20066919922828674,0
167,299,-0.8118618726730347,0
167,300,-0.5307976007461548,0
167,301,-0.6474705934524536,0
167,302,-0.001450614770874381,0
167,303,0.710752546787262,0
167,304,-0.14279566705226898,0
167,305,-0.46210789680480957,0
167,306,0.7863519191741943,0
167,307,-0.07208804786205292,0
167,308,0.3447197675704956,0
167,309,1.0623445510864258,0
167,310,0.9159232974052429,0
167,311,0.35715025663375854,0
167,312,0.1621519923210144,0
167,313,-0.3043689727783203,0
167,314,-0.23109571635723114,0
167,315,0.6392777562141418,0
167,316,-0.6023691296577454,0
167,317,0.9453328847885132,0
167,318,-0.18471895158290863,0
167,319,-0.023365912958979607,0
167,320,0.1032310351729393,0
167,321,0.27741241455078125,0
167,322,-0.1580790877342224,0
167,323,-0.24903112649917603,0
167,324,-0.48817819356918335,0
167,325,-0.42561519145965576,0
167,326,-0.06883463263511658,0
167,327,-0.46087050437927246,0
167,328,0.32385486364364624,0
167,329,-0.0694480761885643,0
167,330,0.6360459923744202,0
167,331,-0.19383525848388672,0
167,332,-0.07724152505397797,0
167,333,0.341823548078537,0
167,334,0.15453842282295227,0
167,335,-0.07219285517930984,0
167,336,-0.6926347613334656,0
167,337,-0.22323663532733917,0
167,338,0.7737994194030762,0
167,339,-0.6230682730674744,0
167,340,-0.03736433386802673,0
167,341,0.20323169231414795,0
167,342,-0.4711093306541443,1
167,343,-0.356189101934433,0
167,344,-0.05410034954547882,0
167,345,-0.8037919402122498,0
167,346,-0.06395308673381805,0
167,347,-0.3959394097328186,0
167,348,-1.1998263597488403,0
167,349,0.2827187776565552,0
167,350,0.1311558336019516,0
167,351,0.45684894919395447,0
167,352,-0.6263270378112793,0
167,353,-0.20874737203121185,0
167,354,-0.5230632424354553,0
167,355,-0.07981875538825989,0
167,356,-0.10457620769739151,0
167,357,-0.33427008986473083,0
167,358,-0.12519429624080658,0
167,359,1.218042254447937,0
167,360,-0.6954464912414551,0
167,361,0.1274973601102829,0
167,362,-0.5512371063232422,0
167,363,1.0563315153121948,0
167,364,-0.7680628299713135,0
167,365,0.6915758848190308,0
167,366,-0.3646700084209442,0
167,367,-0.3043937087059021,0
167,368,-0.35883620381355286,0
167,369,-0.844529926776886,0
167,370,-0.9150723814964294,0
167,371,0.05156160518527031,0
167,372,-0.4118557572364807,0
167,373,0.4846852123737335,0
167,374,-0.16648824512958527,0
167,375,-0.031460944563150406,0
167,376,-0.12314882129430771,0
167,377,-0.618668794631958,0
167,378,0.022674329578876495,0
167,379,-0.5078853368759155,0
167,380,-0.3655468821525574,0
167,381,-0.8154038190841675,0
167,382,-0.21123474836349487,0
167,383,-0.14916256070137024,0
167,384,-0.006215612404048443,0
167,385,-0.18628543615341187,0
167,386,-0.3124781548976898,0
167,387,0.04294538125395775,0
167,388,0.05813657119870186,0
167,389,-0.2687055170536041,0
167,390,0.07495647668838501,0
167,391,-0.021833252161741257,0
167,392,-0.14831990003585815,0
167,393,-0.02347135916352272,0
167,394,-0.3454379737377167,0
167,395,-0.48381131887435913,0
167,396,1.070536494255066,0
167,397,-1.1297603845596313,0
167,398,-0.5668615102767944,0
167,399,-0.17520323395729065,0
167,400,-0.9175776839256287,0
167,401,-1.1471002101898193,0
167,402,1.250243902206421,0
167,403,0.12430088222026825,0
167,404,-0.33140456676483154,0
167,405,0.1633935272693634,0
167,406,0.44086983799934387,0
167,407,-0.604469358921051,0
167,408,-1.0642504692077637,0
167,409,0.680472195148468,0
167,410,0.561811089515686,0
167,411,0.14592261612415314,0
167,412,0.07404211163520813,0
167,413,-0.44571778178215027,0
167,414,-0.3752709627151489,0
167,415,-0.17630775272846222,0
167,416,-0.5321964621543884,0
167,417,-0.5544548630714417,0
167,418,-0.2719786465167999,0
167,419,0.2877766191959381,0
167,420,0.24539367854595184,0
167,421,-0.4480419456958771,0
167,422,-0.08788453042507172,0
167,423,-0.6879178881645203,0
167,424,-0.5291410088539124,0
167,425,0.26971185207366943,0
167,426,-0.46605199575424194,0
167,427,-0.8713099360466003,1
167,428,-0.448366641998291,0
167,429,-0.13293872773647308,0
167,430,0.41253769397735596,0
167,431,-0.5348618030548096,0
167,432,0.0008287271484732628,0
167,433,2.3012804985046387,0
167,434,-0.4457644522190094,0
167,435,0.251514732837677,0
167,436,-0.3083269000053406,0
167,437,0.16806937754154205,0
167,438,-0.39627590775489807,0
167,439,-0.03937075659632683,0
167,440,0.885096549987793,0
167,441,0.09509431570768356,0
167,442,-0.5435236692428589,0
167,443,-0.3398975729942322,0
167,444,-0.33411815762519836,0
167,445,-0.8205735683441162,0
167,446,-0.7492355704307556,0
167,447,-0.8491036891937256,0
167,448,-0.22940440475940704,0
167,449,-0.012655138038098812,0
167,450,0.47080546617507935,0
167,451,0.47367963194847107,0
167,452,-0.3210262656211853,0
167,453,-0.26099979877471924,0
167,454,-0.7365897297859192,0
167,455,-0.5790676474571228,0
167,456,-0.356574147939682,0
167,457,-0.12044072896242142,0
167,458,-0.8277928829193115,0
167,459,-0.5932401418685913,0
167,460,0.4483828842639923,0
167,461,0.1394839584827423,0
167,462,-0.007902700453996658,0
167,463,-0.8994165062904358,0
167,464,0.0707193911075592,0
167,465,-0.7467427253723145,0
167,466,-0.7052831053733826,0
167,467,-0.33500587940216064,0
167,468,-0.5491622686386108,0
167,469,-0.680048942565918,0
167,470,-0.3397960662841797,0
167,471,-0.22943487763404846,0
167,472,-0.17002539336681366,0
167,473,0.3839566707611084,0
167,474,-0.5590870380401611,0
167,475,0.11841797828674316,0
167,476,-0.8096891641616821,0
167,477,-0.5996547937393188,0
167,478,-0.49625903367996216,0
167,479,-0.4962509572505951,0
167,480,0.8647403717041016,0
167,481,-0.694793164730072,0
167,482,-0.5515236854553223,0
167,483,-0.22611649334430695,0
167,484,-0.09197341650724411,0
167,485,-0.6625825762748718,0
167,486,-0.12297146022319794,0
167,487,0.4975597858428955,0
167,488,-0.017863381654024124,0
167,489,0.12275533378124237,0
167,490,0.030601896345615387,0
167,491,0.1642530858516693,0
167,492,-0.695776104927063,0
167,493,-0.3407769501209259,0
167,494,0.36040934920310974,0
167,495,0.20613829791545868,0
167,496,0.02725907228887081,0
167,497,0.08916129916906357,0
167,498,-0.036662377417087555,0
167,499,0.27708062529563904,0
167,500,-0.42893755435943604,0
167,501,-0.18414311110973358,0
167,502,-0.2795952558517456,0
167,503,0.9634160995483398,0
167,504,-0.20803998410701752,0
167,505,0.4675590395927429,0
167,506,-0.14253924787044525,0
167,507,-0.9208881258964539,0
167,508,0.3838048279285431,0
167,509,-0.4427586793899536,0
167,510,0.251987099647522,0
167,511,0.03844355046749115,0
167,512,0.7750672698020935,0
167,513,-0.783027708530426,0
167,514,-0.8923099040985107,0
167,515,0.03285599872469902,0
167,516,-0.0458800233900547,0
167,517,0.3102198541164398,0
167,518,0.8221052289009094,0
167,519,-0.23688426613807678,0
167,520,-0.1149371862411499,0
167,521,-0.516708254814148,0
167,522,-1.0779801607131958,0
167,523,-0.6801226735115051,0
167,524,-0.15275496244430542,0
167,525,0.22466088831424713,0
167,526,-0.10165637731552124,0
167,527,-0.22466732561588287,0
167,528,0.7940009832382202,0
167,529,-0.7691812515258789,0
167,530,-0.1345047950744629,0
167,531,-0.62592613697052,0
173,0,0.16259242594242096,0
173,1,0.10003049671649933,0
173,2,0.26017263531684875,0
173,3,-0.5037466883659363,0
173,4,0.44234296679496765,0
173,5,0.1718336045742035,0
173,6,0.4662448763847351,0
173,7,-0.7088589668273926,0
173,8,0.2913209795951843,0
173,9,-0.2140110284090042,0
173,10,0.3769204318523407,0
173,11,-0.09717972576618195,0
173,12,0.2987969219684601,0
173,13,-0.3465169668197632,0
173,14,0.2578713893890381,0
173,15,0.21869121491909027,0
173,16,-0.7599099278450012,0
173,17,0.10930084437131882,0
173,18,-0.8840116262435913,0
173,19,0.09198015183210373,0
173,20,-0.8696891069412231,0
173,21,-0.439012348651886,0
173,22,0.1389080286026001,0
173,23,0.4291226863861084,0
173,24,-0.6325319409370422,0
173,25,0.09994201362133026,0
173,26,-0.37532302737236023,0
173,27,-0.7211578488349915,0
173,28,0.15914413332939148,0
173,29,-0.4412671625614166,0
173,30,-0.5750369429588318,0
173,31,-0.6909502744674683,0
173,32,-0.3176215589046478,0
173,33,0.15734903514385223,0
173,34,-0.8315085768699646,0
173,35,0.2572956085205078,0
173,36,-1.7092987298965454,0
173,37,0.36493128538131714,0
173,38,-0.009306571446359158,0
173,39,-0.7006455063819885,0
173,40,-0.12260311841964722,0
173,41,-0.2496265470981598,0
173,42,0.3641076683998108,0
173,43,-0.7173135280609131,0
173,44,0.2383667379617691,0
173,45,-0.22052201628684998,0
173,46,0.6159657835960388,0
173,47,-0.38420793414115906,0
173,48,0.6547210216522217,0
173,49,-0.45288610458374023,0
173,50,-1.0619877576828003,0
173,51,-1.1003801822662354,0
173,52,-0.3342188000679016,0
173,53,-0.9861193299293518,0
173,54,-0.8282483220100403,0
173,55,-0.14446665346622467,0
173,56,-1.2041529417037964,0
173,57,-0.43070486187934875,0
173,58,-0.9178122282028198,0
173,59,0.4453520178794861,0
173,60,0.9686548113822937,0
173,61,0.4187434911727905,0
173,62,-0.024415133520960808,0
173,63,-0.5784066319465637,0
173,64,-0.2790398895740509,0
173,65,0.949701189994812,0
173,66,-0.13358785212039948,0
173,67,-0.9541134834289551,0
173,68,-0.4865770936012268,0
173,69,0.5778311491012573,0
173,70,-0.1449618637561798,0
173,71,-1.0018006563186646,0
173,72,0.1950417011976242,0
173,73,-0.15682996809482574,0
173,74,0.4756830930709839,0
173,75,0.10214396566152573,0
173,76,-0.8004780411720276,0
173,77,-0.5144115686416626,0
173,78,0.5415810346603394,0
173,79,-0.4474049508571625,0
173,80,-0.5413826704025269,0
173,81,0.39319366216659546,0
173,82,-0.15893736481666565,0
173,83,-0.6915415525436401,0
173,84,-0.5147900581359863,0
173,85,0.23332130908966064,0
173,86,0.6443594694137573,0
173,87,-0.7549034953117371,0
173,88,0.3268493413925171,0
173,89,-0.6075087785720825,0
173,90,-0.1854706108570099,0
173,91,0.06192267686128616,0
173,92,0.484096884727478,0
173,93,-0.39362627267837524,0
173,94,-0.7109946012496948,0
173,95,-0.30490434169769287,0
173,96,-0.42820343375205994,0
173,97,-0.9443405270576477,0
173,98,0.7082901000976562,0
173,99,0.7518383264541626,0
173,100,0.40252959728240967,0
173,101,0.937628448009491,0
173,102,0.11984877288341522,0
173,103,0.04603186994791031,0
173,104,0.2661610245704651,0
173,105,0.48244476318359375,0
173,106,-0.6680228114128113,0
173,107,-0.20902612805366516,0
173,108,0.5512281656265259,0
173,109,0.5931947827339172,0
173,110,-0.8930309414863586,0
173,111,-0.09650395065546036,0
173,112,0.1247326135635376,0
173,113,-0.49966737627983093,0
173,114,0.23216219246387482,0
173,115,0.2617794871330261,0
173,116,-0.7359998226165771,0
173,117,-0.08607896417379379,0
173,118,-0.43113023042678833,0
173,119,0.13992810249328613,0
173,120,-0.258009672164917,0
173,121,-0.7608864307403564,0
173,122,-0.2648792564868927,0
173,123,0.11970829963684082,0
173,124,1.0108308792114258,0
173,125,-0.10021446645259857,0
173,126,-0.4384661316871643,0
173,127,-0.4780529737472534,0
173,128,-0.41484278440475464,0
173,129,-0.576691210269928,0
173,130,-0.5994394421577454,0
173,131,-0.6963872909545898,0
173,132,0.09884078800678253,0
173,133,-0.7095431685447693,0
173,134,-0.5175949931144714,0
173,135,0.33419910073280334,0
173,136,-0.44742444157600403,0
173,137,0.12081724405288696,0
173,138,-0.4626579284667969,0
173,139,-0.45520246028900146,0
173,140,-0.31056836247444153,0
173,141,-0.11212748289108276,0
173,142,-0.3853987157344818,0
173,143,-0.12115837633609772,0
173,144,0.46084386110305786,0
173,145,-0.010837800800800323,0
173,146,0.8478667736053467,0
173,147,0.8234273195266724,0
173,148,0.3291936218738556,0
173,149,-0.6130755543708801,0
173,150,-0.14906303584575653,0
173,151,-0.8226228952407837,0
173,152,-0.8441620469093323,0
173,153,0.11787015199661255,0
173,154,0.20829105377197266,0
173,155,0.22537781298160553,0
173,156,-0.1575116664171219,0
173,157,0.37085092067718506,0
173,158,-0.9809787273406982,0
173,159,-0.8980836868286133,0
173,160,-0.32564300298690796,0
173,161,-0.4467058479785919,0
173,162,0.33345189690589905,0
173,163,-1.003921389579773,0
173,164,0.08353687822818756,0
173,165,-0.5063396096229553,0
173,166,0.22608888149261475,0
173,167,-0.8637596964836121,0
173,168,-0.564857542514801,0
173,169,0.19874168932437897,0
173,170,0.22063536942005157,0
173,171,0.09611932933330536,0
173,172,0.16538721323013306,0
173,173,-0.04883693531155586,0
173,174,-0.3427029252052307,0
173,175,-1.148888349533081,0
173,176,-0.6657296419143677,0
173,177,1.0806456804275513,0
173,178,-0.53403240442276,0
173,179,0.6903755068778992,0
173,180,-1.0542376041412354,0
173,181,0.10806577652692795,0
173,182,-0.959680438041687,0
173,183,-0.09152129292488098,0
173,184,0.23681889474391937,0
173,185,-0.026168093085289,0
173,186,-0.21669209003448486,0
173,187,-0.9097025990486145,0
173,188,-1.1245338916778564,0
173,189,-0.3173556327819824,0
173,190,0.3700575828552246,0
173,191,-0.7916060090065002,0
173,192,-0.7134009599685669,0
173,193,0.16887351870536804,0
173,194,-0.17103606462478638,0
173,195,-0.7347416281700134,0
173,196,0.2518916726112366,0
173,197,0.06409716606140137,0
173,198,0.026479745283722878,0
173,199,0.11537769436836243,0
173,200,0.5886561274528503,0
173,201,-0.357769638299942,0
173,202,-0.33775168657302856,0
173,203,-0.5240516662597656,0
173,204,-0.13926278054714203,0
173,205,-0.6662473082542419,0
173,206,-0.5202728509902954,0
173,207,0.11368813365697861,0
173,208,0.18475544452667236,0
173,209,0.032200902700424194,0
173,210,-0.20780636370182037,0
173,211,-1.1821773052215576,0
173,212,-0.07988838851451874,0
173,213,1.1548452377319336,0
173,214,-0.6417975425720215,0
173,215,0.015393617562949657,0
173,216,-0.660138726234436,0
173,217,0.28568950295448303,0
173,218,-0.3161679208278656,0
173,219,0.6227850317955017,0
173,220,-0.020617349073290825,0
173,221,0.8043904900550842,0
173,222,-0.1390625685453415,0
173,223,-1.0459619760513306,0
173,224,-0.4977096617221832,0
173,225,-0.5154337286949158,0
173,226,-0.01059157308191061,0
173,227,-1.0074950456619263,0
173,228,0.05651943385601044,0
173,229,-0.27640751004219055,0
173,230,0.14196203649044037,0
173,231,0.3636675477027893,0
173,232,1.0512115955352783,0
173,233,0.1517907679080963,0
173,234,-0.1484624594449997,0
173,235,0.69719398021698,0
173,236,0.2633386254310608,0
173,237,-0.3799266517162323,0
173,238,-0.4878098666667938,0
173,239,-0.434477835893631,0
173,240,-0.27500852942466736,0
173,241,0.02146063931286335,0
173,242,-0.21040509641170502,0
173,243,-0.5910699367523193,0
173,244,0.7544897794723511,0
173,245,0.22975464165210724,0
173,246,-1.2934819459915161,0
173,247,-0.6163055300712585,0
173,248,-0.4851384162902832,0
173,249,-0.12651482224464417,0
173,250,0.12337897717952728,0
173,251,-0.11047586798667908,0
173,252,0.8704541921615601,0
173,253,0.10273338109254837,0
173,254,0.07367167621850967,0
173,255,0.449472576379776,0
173,256,0.5170533061027527,0
173,257,-0.09102053940296173,0
173,258,-0.9555488228797913,0
173,259,-0.5433000922203064,0
173,260,0.5715939998626709,0
173,261,-0.5715115666389465,0
173,262,0.04053603112697601,0
173,263,0.5082218647003174,0
173,264,0.23283076286315918,0
173,265,0.7089825868606567,0
173,266,0.08093369752168655,0
173,267,-0.1346033662557602,0
173,268,0.0391051284968853,0
173,269,0.058514054864645004,0
173,270,-0.8357204794883728,0
173,271,-0.12110845744609833,0
173,272,1.1697267293930054,0
173,273,1.20826256275177,0
173,274,0.7444801926612854,0
173,275,0.5292643308639526,0
173,276,0.645414412021637,0
173,277,-0.8422311544418335,0
173,278,0.27044108510017395,0
173,279,0.5710948705673218,0
173,280,0.8753460049629211,0
173,281,0.4684128761291504,0
173,282,-0.3042213022708893,0
173,283,0.4970585107803345,0
173,284,0.4159681797027588,0
173,285,0.41127467155456543,0
173,286,0.5169777870178223,0
173,287,-0.10820577293634415,0
173,288,2.6639902591705322,0
173,289,-0.08887042850255966,0
173,290,-0.025928951799869537,0
173,291,-0.2699623703956604,0
173,292,0.46943870186805725,0
173,293,0.48538342118263245,0
173,294,0.21411281824111938,0
173,295,-0.3683316707611084,0
173,296,-0.100367471575737,0
173,297,0.1304742693901062,0
173,298,0.8966377973556519,0
173,299,0.29902029037475586,0
173,300,-0.4943869113922119,0
173,301,1.2330771684646606,0
173,302,0.851672887802124,0
173,303,0.26211386919021606,0
173,304,0.39802253246307373,0
173,305,0.07999013364315033,0
173,306,0.12168402224779129,0
173,307,0.7210823893547058,0
173,308,0.4533422887325287,1
173,309,0.20511102676391602,0
173,310,1.3377997875213623,0
173,311,0.6279541850090027,0
173,312,0.02123630791902542,0
173,313,0.4691030979156494,0
173,314,0.08272421360015869,0
173,315,0.029996322467923164,0
173,316,0.06803958863019943,0
173,317,0.736638605594635,0
173,318,0.050539057701826096,0
173,319,0.7126125693321228,0
173,320,0.19535695016384125,0
173,321,0.3436812162399292,0
173,322,0.814338743686676,1
173,323,-0.05460973456501961,0
173,324,-0.3423684537410736,1
173,325,-0.04008331894874573,0
173,326,0.618870735168457,0
173,327,0.7561033964157104,0
173,328,0.3821786344051361,0
173,329,0.09672322869300842,0
173,330,0.6892456412315369,0
173,331,0.6698445081710815,0
173,332,0.2758125066757202,0
173,333,0.7181762456893921,0
173,334,-0.20817197859287262,0
173,335,-0.3741825520992279,0
173,336,0.23801586031913757,0
173,337,0.361738920211792,0
173,338,0.08085010200738907,0
173,339,0.6702475547790527,0
173,340,-0.3272031247615814,0
173,341,-0.2827393114566803,0
173,342,-0.14742706716060638,0
173,343,0.3159211575984955,0
173,344,-0.06010088324546814,0
173,345,0.28127968311309814,0
173,346,-0.33139482140541077,0
173,347,-0.08911591023206711,0
173,348,-0.08534517139196396,0
173,349,-0.016970427706837654,0
173,350,0.947765588760376,0
173,351,-0.04887302592396736,0
173,352,0.11396150290966034,0
173,353,0.9718335866928101,0
173,354,0.42034539580345154,0
173,355,0.515880823135376,0
173,356,-0.288348525762558,0
173,357,0.25205162167549133,0
173,358,0.40340206027030945,0
173,359,-0.20603354275226593,0
173,360,-0.04740838333964348,0
173,361,0.08966097235679626,0
173,362,0.5391311645507812,0
173,363,0.04495914652943611,0
173,364,0.08624342083930969,0
173,365,0.9641295075416565,0
173,366,0.07529933750629425,0
173,367,0.6445903778076172,0
173,368,-0.034075554460287094,0
173,369,0.03838443011045456,0
173,370,-0.328042209148407,0
173,371,0.44102925062179565,0
173,372,0.43101924657821655,0
173,373,0.9061183929443359,0
173,374,0.09817884862422943,0
173,375,0.35318249464035034,0
173,376,0.34329327940940857,0
173,377,-0.19075599312782288,0
173,378,-0.035179223865270615,0
173,379,0.37058520317077637,0
173,380,0.69454425573349,0
173,381,0.4114047884941101,0
173,382,0.3591917157173157,0
173,383,0.5516173243522644,0
173,384,-0.30863237380981445,0
173,385,0.5819387435913086,0
173,386,-0.11587195843458176,0
173,387,0.3046971559524536,0
173,388,0.5747366547584534,0
173,389,0.47704046964645386,0
173,390,-0.050782330334186554,0
173,391,0.3650600016117096,0
173,392,-0.39370328187942505,0
173,393,-0.3846752941608429,0
173,394,0.30858489871025085,0
173,395,-0.5382065176963806,0
173,396,1.1644721031188965,0
173,397,0.4391461908817291,0
173,398,-0.16563794016838074,0
173,399,-0.5330821871757507,0
173,400,-0.26773709058761597,0
173,401,-1.1404136419296265,0
173,402,-0.47515547275543213,0
173,403,0.025046631693840027,0
173,404,-0.1157459020614624,0
173,405,1.2337297201156616,0
173,406,1.8573462963104248,0
173,407,-0.23715540766716003,0
173,408,0.35765817761421204,0
173,409,-0.3997511863708496,0
173,410,0.8918502926826477,0
173,411,-0.700973629951477,0
173,412,0.70205157995224,0
173,413,0.12857863306999207,0
173,414,0.0033520422875881195,0
173,415,1.0159239768981934,0
173,416,-0.39764317870140076,0
173,417,0.5682529807090759,0
173,418,0.8069828152656555,0
173,419,0.261186420917511,0
173,420,0.7774039506912231,0
173,421,0.27757295966148376,0
173,422,0.4769861698150635,0
173,423,0.3134876787662506,0
173,424,-0.04116884618997574,0
173,425,0.34071457386016846,0
173,426,0.37220656871795654,0
173,427,-0.41405168175697327,0
173,428,-0.15195512771606445,0
173,429,0.5921531915664673,0
173,430,0.659746527671814,0
173,431,0.42322683334350586,0
173,432,-0.02346985973417759,0
173,433,1.1907578706741333,0
173,434,-0.06966244429349899,0
173,435,0.9229660034179688,0
173,436,0.1287948489189148,0
173,437,-0.14513063430786133,0
173,438,0.6022279262542725,0
173,439,0.7590159773826599,0
173,440,-0.048360589891672134,0
173,441,-0.09037135541439056,0
173,442,0.80439293384552,0
173,443,0.37374773621559143,0
173,444,0.04619094729423523,0
173,445,0.09233070909976959,0
173,446,0.16759970784187317,0
173,447,-0.08508303016424179,0
173,448,0.0228856410831213,0
173,449,0.8439823985099792,0
173,450,0.21194671094417572,0
173,451,1.1571686267852783,0
173,452,0.13196144998073578,0
173,453,-0.20470981299877167,0
173,454,-0.03253242373466492,0
173,455,0.47320932149887085,0
173,456,0.41722577810287476,0
173,457,0.6026376485824585,0
173,458,-0.07978834211826324,0
173,459,-0.19207511842250824,0
173,460,0.04121512547135353,0
173,461,0.18887381255626678,0
173,462,-0.25451233983039856,0
173,463,0.3672458827495575,0
173,464,0.058872904628515244,0
173,465,0.02172056958079338,0
173,466,0.13905416429042816,0
173,467,0.49129635095596313,0
173,468,-0.03246043622493744,0
173,469,0.05564972758293152,0
173,470,0.6556463837623596,0
173,471,0.0882398933172226,0
173,472,0.17563706636428833,0
173,473,-0.18452967703342438,0
173,474,0.8769421577453613,0
173,475,0.3781052231788635,0
173,476,-0.1489531248807907,0
173,477,0.17072787880897522,0
173,478,0.10969278216362,0
173,479,0.14542748034000397,0
173,480,1.0155327320098877,0
173,481,0.03350371494889259,0
173,482,0.44005516171455383,0
173,483,-0.10601133853197098,0
173,484,0.44499465823173523,0
173,485,0.5317933559417725,0
173,486,-0.40160927176475525,0
173,487,0.766340434551239,0
173,488,0.633447527885437,0
173,489,-0.3229964077472687,0
173,490,0.6565834283828735,0
173,491,0.8831676840782166,0
173,492,0.39654627442359924,0
173,493,0.6784021258354187,0
173,494,0.8439420461654663,0
173,495,-0.5153322219848633,0
173,496,0.7337613105773926,0
173,497,-0.49622148275375366,0
173,498,-0.1021597683429718,0
173,499,0.3957057297229767,0
173,500,-0.44280749559402466,0
173,501,-0.311489999294281,0
173,502,-0.0778510645031929,0
173,503,0.6219303607940674,0
173,504,0.3285020887851715,0
173,505,0.4653072953224182,0
173,506,0.8665274381637573,0
173,507,-0.44227421283721924,0
173,508,0.513383686542511,0
173,509,-0.48221543431282043,0
173,510,0.7702684998512268,0
173,511,0.4710575342178345,0
173,512,1.0546811819076538,0
173,513,-0.10889875888824463,0
173,514,0.18259268999099731,0
173,515,0.6488238573074341,0
173,516,0.42370691895484924,0
173,517,0.6357610821723938,0
173,518,-0.22458098828792572,0
173,519,0.5152477622032166,0
173,520,-0.059739429503679276,0
173,521,0.6777881979942322,0
173,522,-0.38109683990478516,0
173,523,-0.3605538308620453,0
173,524,0.6875675916671753,0
173,525,-0.006103030871599913,0
173,526,-0.1251794546842575,0
173,527,0.8508649468421936,0
173,528,0.34640029072761536,0
173,529,-0.43365278840065,0
173,530,1.241119146347046,0
173,531,0.46546030044555664,0
186,0,0.035580310970544815,0
186,1,-0.45106175541877747,0
186,2,-0.42495834827423096,0
186,3,-0.8965195417404175,0
186,4,-0.21712404489517212,0
186,5,-0.8980662822723389,0
186,6,0.24787060916423798,0
186,7,-0.03936578333377838,0
186,8,0.26156947016716003,0
186,9,-0.8898429870605469,0
186,10,-0.1767570823431015,0
186,11,0.005450194235891104,0
186,12,0.44764840602874756,0
186,13,-0.0004905700916424394,0
186,14,-0.27537888288497925,0
186,15,-0.27687549591064453,0
186,16,0.015193182043731213,0
186,17,0.2814147472381592,0
186,18,-0.35574570298194885,0
186,19,-0.04611210152506828,0
186,20,0.13799946010112762,0
186,21,-0.07883021980524063,0
186,22,-0.864651620388031,0
186,23,0.4137064814567566,0
186,24,-0.3163919150829315,0
186,25,-0.9823662638664246,0
186,26,0.2415267527103424,0
186,27,0.39154288172721863,0
186,28,0.37088683247566223,0
186,29,-0.021226931363344193,0
186,30,-0.08417456597089767,0
186,31,-0.38691022992134094,0
186,32,-0.6030679941177368,0
186,33,-0.8098011612892151,0
186,34,0.29339808225631714,0
186,35,-0.6160576343536377,0
186,36,-0.21257659792900085,0
186,37,-0.3330058157444,0
186,38,-0.16589991748332977,0
186,39,0.09990236163139343,0
186,40,0.06571409851312637,0
186,41,-1.1183223724365234,0
186,42,-0.5838593244552612,0
186,43,-0.20801343023777008,0
186,44,0.39722228050231934,0
186,45,-0.30057868361473083,0
186,46,-0.5856015086174011,0
186,47,-0.39463168382644653,0
186,48,-0.7331892848014832,0
186,49,-0.2136688083410263,0
186,50,-0.3042532503604889,0
186,51,-0.8864390850067139,0
186,52,-0.12150100618600845,0
186,53,-0.119961678981781,0
186,54,0.8554461002349854,0
186,55,0.4873785674571991,0
186,56,-0.01611686684191227,0
186,57,-0.21894113719463348,0
186,58,-0.19049957394599915,0
186,59,0.005165357142686844,0
186,60,0.44166141748428345,0
186,61,-0.8332563042640686,0
186,62,0.3271884620189667,0
186,63,-0.3029346168041229,0
186,64,-0.5966192483901978,0
186,65,-1.0002081394195557,0
186,66,-0.8517003059387207,0
186,67,0.45330408215522766,0
186,68,0.9257873296737671,0
186,69,-0.14211754500865936,0
186,70,-0.13315662741661072,0
186,71,0.259867787361145,0
186,72,-0.8660444617271423,0
186,73,0.4249761402606964,0
186,74,0.714873731136322,0
186,75,-0.3490893840789795,0
186,76,0.010659119114279747,0
186,77,0.31326329708099365,0
186,78,-0.38550645112991333,0
186,79,0.1786847859621048,0
186,80,-0.20183666050434113,0
186,81,-0.3926558494567871,0
186,82,-0.38667017221450806,0
186,83,-0.20188629627227783,0
186,84,-0.8872631788253784,0
186,85,-0.6331074237823486,0
186,86,-0.4854281544685364,0
186,87,-0.7295406460762024,0
186,88,-0.8524765372276306,0
186,89,-0.14154206216335297,0
186,90,-0.24647735059261322,0
186,91,-0.7501401305198669,0
186,92,-0.7651928663253784,0
186,93,0.21289600431919098,0
186,94,-0.745507538318634,0
186,95,0.2892787456512451,0
186,96,-1.0715512037277222,0
186,97,-0.20975668728351593,0
186,98,-1.6036487817764282,0
186,99,-0.8869855403900146,0
186,100,-0.006264026276767254,0
186,101,-0.22336111962795258,0
186,102,0.23519599437713623,0
186,103,-0.5893363356590271,0
186,104,-0.9680905938148499,0
186,105,0.40449315309524536,0
186,106,-0.1921679675579071,0
186,107,0.3437941372394562,0
186,108,0.07339384406805038,0
186,109,-0.14734603464603424,0
186,110,-0.4973491132259369,0
186,111,-0.0019540563225746155,0
186,112,-1.0299694538116455,0
186,113,-0.6169579029083252,0
186,114,-0.15394532680511475,0
186,115,-0.4470515847206116,0
186,116,-0.298697292804718,0
186,117,-0.6752140522003174,0
186,118,-0.6630035042762756,0
186,119,-0.08913834393024445,0
186,120,0.11024634540081024,0
186,121,-1.1658293008804321,0
186,122,-0.09218470752239227,0
186,123,0.12632638216018677,0
186,124,-0.40607938170433044,0
186,125,0.16332660615444183,0
186,126,0.23959051072597504,0
186,127,-0.7039458155632019,0
186,128,-0.3249622583389282,0
186,129,-0.20476184785366058,0
186,130,-0.20563030242919922,0
186,131,-1.4615528583526611,0
186,132,0.019337257370352745,0
186,133,-0.02171734906733036,0
186,134,0.8957857489585876,0
186,135,-0.867226243019104,0
186,136,0.13563384115695953,0
186,137,-0.06719617545604706,0
186,138,-0.25133153796195984,0
186,139,-0.7900631427764893,0
186,140,0.7193911075592041,0
186,141,-0.43867960572242737,0
186,142,-0.6342432498931885,0
186,143,0.10475834459066391,0
186,144,-0.35279664397239685,0
186,145,-1.0118169784545898,0
186,146,-0.2969283163547516,0
186,147,-0.6893355250358582,0
186,148,0.31157493591308594,0
186,149,0.9358936548233032,0
186,150,-0.14209170639514923,0
186,151,-0.6262975335121155,0
186,152,-0.6217207908630371,0
186,153,-0.37130358815193176,0
186,154,0.5711381435394287,0
186,155,0.2191854566335678,0
186,156,0.07544311881065369,0
186,157,-0.7578145861625671,0
186,158,0.27385130524635315,0
186,159,-0.12941646575927734,0
186,160,-0.4126270115375519,0
186,161,-0.16982963681221008,0
186,162,0.46343931555747986,0
186,163,0.33179816603660583,0
186,164,-0.28689783811569214,0
186,165,-0.3681759536266327,0
186,166,-1.1035939455032349,0
186,167,0.4490247368812561,0
186,168,-0.5561589598655701,0
186,169,-1.0484224557876587,0
186,170,-0.6914551854133606,0
186,171,-0.227862149477005,0
186,172,-0.28070494532585144,0
186,173,0.40473422408103943,0
186,174,0.25951817631721497,0
186,175,0.4825095236301422,0
186,176,0.042353712022304535,0
186,177,0.04682901129126549,0
186,178,-1.3241302967071533,0
186,179,0.8416633605957031,0
186,180,0.003178149461746216,0
186,181,0.25424230098724365,0
186,182,0.4476862847805023,0
186,183,-0.8988313674926758,0
186,184,-0.4335361421108246,0
186,185,-0.8571476340293884,0
186,186,0.2189989537000656,0
186,187,0.10019443184137344,0
186,188,-0.11202263832092285,0
186,189,-0.7588281631469727,0
186,190,-0.44494494795799255,0
186,191,0.5073146820068359,0
186,192,-0.9672524333000183,0
186,193,-0.287617027759552,0
186,194,-0.44481363892555237,0
186,195,-0.7902210354804993,0
186,196,-0.22562332451343536,0
186,197,-0.8992027640342712,0
186,198,0.703389585018158,0
186,199,-0.5339898467063904,0
186,200,-0.6285860538482666,0
186,201,0.6211990118026733,0
186,202,-0.5761268138885498,0
186,203,-0.3067588210105896,0
186,204,-0.7391967177391052,0
186,205,0.29850098490715027,0
186,206,-1.04274582862854,0
186,207,0.5756440162658691,0
186,208,-0.3329712450504303,0
186,209,-0.6723895072937012,0
186,210,-0.06670035421848297,0
186,211,-0.6612258553504944,0
186,212,0.04030846804380417,0
186,213,-0.38251635432243347,0
186,214,-0.6645492315292358,0
186,215,-0.15954835712909698,0
186,216,0.22164925932884216,0
186,217,-0.38650888204574585,0
186,218,0.06353068351745605,0
186,219,-0.309144526720047,0
186,220,0.007124368101358414,0
186,221,0.095425084233284,0
186,222,0.21380974352359772,0
186,223,-0.5235426425933838,0
186,224,-0.6691321730613708,0
186,225,-0.5834002494812012,0
186,226,1.2515034675598145,0
186,227,-0.3847333788871765,0
186,228,-1.6634758710861206,0
186,229,0.12679606676101685,0
186,230,-0.14600244164466858,0
186,231,-0.07249170541763306,0
186,232,0.36311566829681396,0
186,233,-0.7435451149940491,0
186,234,0.19197487831115723,0
186,235,-1.1474452018737793,0
186,236,0.4960002303123474,0
186,237,-0.9767259955406189,0
186,238,0.3870913088321686,0
186,239,0.3081777095794678,0
186,240,0.006477320101112127,0
186,241,0.1492788940668106,0
186,242,-0.5243345499038696,0
186,243,-0.5956023335456848,0
186,244,-0.5371192693710327,0
186,245,-0.3825758099555969,0
186,246,-0.9376022815704346,0
186,247,-0.2844710946083069,0
186,248,0.5421647429466248,0
186,249,0.14133895933628082,0
186,250,-0.6570064425468445,0
186,251,0.4964616894721985,0
186,252,0.4168127775192261,0
186,253,0.19455015659332275,0
186,254,-0.1532222032546997,0
186,255,0.39542531967163086,0
186,256,0.21937526762485504,0
186,257,-0.38112837076187134,0
186,258,-0.4150465130805969,0
186,259,0.24912956357002258,0
186,260,0.585603654384613,0
186,261,-0.006122225429862738,0
186,262,-0.16927757859230042,0
186,263,0.497477650642395,0
186,264,0.028422461822628975,0
186,265,0.716968834400177,0
186,266,-0.21278344094753265,0
186,267,0.5684987306594849,0
186,268,-0.3724084496498108,0
186,269,-0.5644329786300659,0
186,270,-0.6092875003814697,0
186,271,0.22592687606811523,0
186,272,0.07550075650215149,0
186,273,0.012803676538169384,0
186,274,0.6022897362709045,0
186,275,0.7410071492195129,0
186,276,-0.3169455826282501,0
186,277,0.08221198618412018,0
186,278,-0.24068428575992584,0
186,279,0.0589742511510849,0
186,280,0.4943556487560272,0
186,281,0.6321491599082947,0
186,282,-0.3913057744503021,0
186,283,-0.13802361488342285,0
186,284,0.3155813217163086,0
186,285,-0.17012575268745422,0
186,286,-0.050461266189813614,0
186,287,-0.41089141368865967,0
186,288,-0.1709744781255722,0
186,289,-0.04548116400837898,0
186,290,0.3052923083305359,0
186,291,0.45645666122436523,0
186,292,0.8337476253509521,0
186,293,0.6229058504104614,0
186,294,-0.1339063197374344,0
186,295,-0.4520654082298279,0
186,296,-0.2749466001987457,0
186,297,0.7453433275222778,0
186,298,0.6706428527832031,0
186,299,-0.06676442921161652,0
186,300,-0.08063090592622757,0
186,301,0.5694026947021484,0
186,302,0.6617209911346436,0
186,303,-0.5492459535598755,0
186,304,0.5390436053276062,0
186,305,-0.36282169818878174,0
186,306,0.4064643383026123,0
186,307,1.0328253507614136,0
186,308,0.8900297284126282,0
186,309,-0.5925700664520264,0
186,310,-0.05734557658433914,0
186,311,0.9320917129516602,0
186,312,-0.27410393953323364,0
186,313,-0.7905832529067993,0
186,314,-1.0693495273590088,0
186,315,-0.09443694353103638,0
186,316,1.26950204372406,1
186,317,0.5599631667137146,0
186,318,0.1986435502767563,0
186,319,-0.020110424607992172,0
186,320,1.1272039413452148,0
186,321,0.7260825634002686,0
186,322,-1.0495786666870117,0
186,323,-0.5373502373695374,0
186,324,0.8176111578941345,0
186,325,0.3957374393939972,0
186,326,0.25977611541748047,0
186,327,0.6859690546989441,0
186,328,-0.4743790924549103,0
186,329,-0.3841434419155121,0
186,330,0.15254640579223633,1
186,331,-0.03447593376040459,0
186,332,0.33134135603904724,1
186,333,0.352596253156662,0
186,334,0.38987094163894653,0
186,335,0.3376178443431854,0
186,336,0.8369067311286926,0
186,337,0.4853745400905609,0
186,338,-0.4344399571418762,0
186,339,-0.15964250266551971,0
186,340,0.06556478142738342,0
186,341,1.050601840019226,0
186,342,0.23365789651870728,0
186,343,-0.4156026840209961,0
186,344,0.4132195711135864,0
186,345,0.3049793243408203,0
186,346,0.1697501689195633,0
186,347,0.11288008093833923,0
186,348,0.24765458703041077,0
186,349,-0.2599371075630188,0
186,350,-0.25923919677734375,0
186,351,0.14919714629650116,0
186,352,0.5364396572113037,0
186,353,1.1564422845840454,0
186,354,-0.18600915372371674,0
186,355,-0.4530188739299774,0
186,356,-0.4139041304588318,0
186,357,0.8358978033065796,0
186,358,0.40361306071281433,0
186,359,-1.2731237411499023,0
186,360,0.540185272693634,0
186,361,-0.2229921966791153,0
186,362,-0.10407987236976624,0
186,363,-0.3389257788658142,0
186,364,-0.30362117290496826,0
186,365,0.36330321431159973,0
186,366,0.9458982348442078,0
186,367,0.34982433915138245,0
186,368,0.6079754829406738,0
186,369,0.48430219292640686,0
186,370,-0.22762645781040192,0
186,371,-0.3398949205875397,0
186,372,0.6858242750167847,0
186,373,0.6814627647399902,0
186,374,0.2534944415092468,0
186,375,0.6919810175895691,0
186,376,-0.21217256784439087,0
186,377,0.41019394993782043,0
186,378,0.29534611105918884,0
186,379,-0.4389679729938507,0
186,380,-0.005024019628763199,0
186,381,0.9990902543067932,0
186,382,0.10941143333911896,0
186,383,0.652787446975708,0
186,384,-0.2202311009168625,0
186,385,-0.26453667879104614,0
186,386,0.5350247621536255,0
186,387,-0.43696364760398865,0
186,388,-0.04386650770902634,0
186,389,1.1495860815048218,0
186,390,0.8580507040023804,0
186,391,0.2585122883319855,0
186,392,-0.5711004734039307,0
186,393,0.4108399450778961,0
186,394,-0.8620771169662476,0
186,395,1.0178396701812744,0
186,396,-0.2864118218421936,0
186,397,-0.03479069843888283,0
186,398,-0.5429461002349854,0
186,399,-0.2697864770889282,0
186,400,0.3885469436645508,0
186,401,-0.19539448618888855,0
186,402,-0.23806144297122955,0
186,403,-0.6922226548194885,0
186,404,0.5949055552482605,0
186,405,0.8094807863235474,0
186,406,0.6411951184272766,0
186,407,-0.3953228294849396,0
186,408,0.2376735508441925,0
186,409,-0.007942723110318184,0
186,410,0.17951352894306183,0
186,411,0.1658647358417511,0
186,412,-0.3476721942424774,0
186,413,0.28323987126350403,0
186,414,0.7188335061073303,0
186,415,0.36126795411109924,0
186,416,0.6883251070976257,0
186,417,-0.09917094558477402,0
186,418,-0.15652544796466827,0
186,419,-0.09853728115558624,0
186,420,0.5088005065917969,0
186,421,2.8913071155548096,0
186,422,0.17033760249614716,0
186,423,0.4471704363822937,0
186,424,-0.11750149726867676,0
186,425,-0.1142919659614563,0
186,426,-0.15819388628005981,0
186,427,1.0977227687835693,0
186,428,0.5204630494117737,0
186,429,0.19711434841156006,0
186,430,0.3559774160385132,0
186,431,1.0354363918304443,0
186,432,0.057625822722911835,0
186,433,0.12713024020195007,0
186,434,0.1675909161567688,0
186,435,1.1883090734481812,0
186,436,0.4022519290447235,0
186,437,-1.1665138006210327,0
186,438,0.08871885389089584,0
186,439,0.6341032981872559,0
186,440,-0.2517053186893463,0
186,441,-0.15177831053733826,0
186,442,0.4547870457172394,0
186,443,0.4906080365180969,0
186,444,0.27047914266586304,0
186,445,0.6157044768333435,0
186,446,0.2543247938156128,0
186,447,1.1144222021102905,0
186,448,0.8573483824729919,0
186,449,0.30349379777908325,0
186,450,0.6395732760429382,0
186,451,0.9004803895950317,0
186,452,0.602955162525177,0
186,453,0.08815938234329224,0
186,454,0.20794519782066345,0
186,455,0.8546615242958069,0
186,456,0.042282409965991974,0
186,457,-0.25112384557724,0
186,458,1.2210310697555542,0
186,459,0.1790008693933487,0
186,460,1.0741825103759766,0
186,461,-0.42645227909088135,0
186,462,0.7029045820236206,0
186,463,1.0707675218582153,0
186,464,-0.23360629379749298,0
186,465,0.30285578966140747,0
186,466,0.3718411922454834,0
186,467,0.0402100645005703,0
186,468,-0.6710414886474609,0
186,469,0.44718194007873535,0
186,470,0.19852173328399658,0
186,471,0.3298605978488922,0
186,472,-0.663631021976471,0
186,473,-1.078816294670105,0
186,474,0.7233720421791077,0
186,475,0.14543449878692627,0
186,476,-0.09794116020202637,0
186,477,0.3061368763446808,0
186,478,0.5523808598518372,0
186,479,-0.8214075565338135,0
186,480,-0.39341795444488525,0
186,481,0.5684840679168701,0
186,482,-0.3001641035079956,0
186,483,0.4649111032485962,0
186,484,0.34462442994117737,0
186,485,0.5179827809333801,0
186,486,0.15994849801063538,0
186,487,0.4456070065498352,0
186,488,0.3420761227607727,0
186,489,-0.6234291791915894,0
186,490,-0.1282331943511963,0
186,491,0.1322324424982071,0
186,492,0.3174547553062439,0
186,493,0.11676574498414993,0
186,494,0.7469587922096252,0
186,495,0.0012713911710307002,0
186,496,-0.5715232491493225,0
186,497,-0.8002521991729736,0
186,498,-0.560590922832489,0
186,499,0.6195617914199829,0
186,500,0.2517107129096985,0
186,501,-0.14380183815956116,0
186,502,0.08502434194087982,0
186,503,-0.1487148553133011,0
186,504,1.018495798110962,0
186,505,0.26413393020629883,0
186,506,0.5991296768188477,0
186,507,0.5972675681114197,0
186,508,0.7162357568740845,0
186,509,0.6199407577514648,0
186,510,1.211463212966919,0
186,511,-0.11780618876218796,0
186,512,0.8410329818725586,0
186,513,-0.03038492240011692,0
186,514,0.1658623069524765,0
186,515,0.017704706639051437,0
186,516,0.4178725779056549,0
186,517,0.5418318510055542,0
186,518,0.14214526116847992,0
186,519,-0.33595800399780273,0
186,520,0.13158173859119415,0
186,521,0.43714338541030884,0
186,522,-0.3902739882469177,0
186,523,0.13957078754901886,0
186,524,0.3271957039833069,0
186,525,-0.1602998673915863,0
186,526,-0.927764356136322,0
186,527,0.9824930429458618,0
186,528,-1.3116967678070068,0
186,529,0.5572906732559204,0
186,530,0.7969655990600586,0
186,531,0.9197032451629639,0
190,0,-0.07958132028579712,0
190,1,-0.7440586686134338,0
190,2,0.01919044740498066,0
190,3,0.07230006903409958,0
190,4,-0.46365734934806824,0
190,5,-0.1717299222946167,0
190,6,0.35824400186538696,0
190,7,-0.25500062108039856,0
190,8,1.0956928730010986,0
190,9,-0.06521937251091003,0
190,10,0.2717149555683136,0
190,11,0.3552081286907196,0
190,12,-0.2579292356967926,0
190,13,0.1885242760181427,0
190,14,0.5539222359657288,0
190,15,-0.7951370477676392,0
190,16,0.5762521028518677,0
190,17,0.5774767398834229,0
190,18,0.4967672824859619,0
190,19,0.6529579758644104,0
190,20,0.9891358017921448,0
190,21,0.4424022436141968,0
190,22,0.7034706473350525,0
190,23,-0.13489435613155365,0
190,24,-0.6745510101318359,0
190,25,0.8237602114677429,0
190,26,0.05648805573582649,0
190,27,0.2082844376564026,0
190,28,0.5374282598495483,0
190,29,0.4220562279224396,0
190,30,0.5850703120231628,0
190,31,-0.24714715778827667,0
190,32,0.47800514101982117,0
190,33,0.06291408091783524,0
190,34,0.057366881519556046,0
190,35,1.2852858304977417,0
190,36,-0.7663396000862122,0
190,37,0.14533227682113647,0
190,38,0.1631215512752533,0
190,39,0.8238041400909424,0
190,40,-0.40176066756248474,0
190,41,0.4910353422164917,0
190,42,0.10215984284877777,0
190,43,-0.2700999677181244,0
190,44,0.3188086450099945,0
190,45,0.045077864080667496,0
190,46,-0.44038495421409607,0
190,47,-0.17054304480552673,0
190,48,0.07042115926742554,0
190,49,0.1395016461610794,0
190,50,-0.06114647909998894,0
190,51,-0.5054394006729126,0
190,52,0.3892095386981964,0
190,53,1.0545010566711426,0
190,54,-0.8337329030036926,0
190,55,-0.3727702498435974,0
190,56,0.3658945858478546,0
190,57,-0.23871001601219177,0
190,58,0.6392481327056885,0
190,59,-0.28312280774116516,0
190,60,0.29112565517425537,0
190,61,0.9196733832359314,0
190,62,0.6125489473342896,0
190,63,0.03610645979642868,0
190,64,-0.1502552330493927,0
190,65,-0.32095617055892944,0
190,66,-0.004833036568015814,0
190,67,0.5483372211456299,0
190,68,-0.37913915514945984,0
190,69,0.25142571330070496,0
190,70,0.6825544238090515,0
190,71,0.5871677994728088,0
190,72,0.7828256487846375,0
190,73,0.7673754692077637,0
190,74,-0.7586114406585693,0
190,75,0.5497329831123352,0
190,76,0.5071066617965698,0
190,77,0.0956062600016594,0
190,78,-0.07336893677711487,0
190,79,0.8514676094055176,0
190,80,-0.15604393184185028,0
190,81,0.04384921118617058,0
190,82,-0.446857750415802,0
190,83,-0.2273438572883606,0
190,84,0.1500554084777832,0
190,85,-0.7810018658638,0
190,86,0.03860560059547424,0
190,87,0.3962894678115845,0
190,88,0.47555673122406006,0
190,89,0.56184321641922,0
190,90,0.5128775238990784,0
190,91,0.46184343099594116,0
190,92,0.8338620066642761,0
190,93,-0.13872990012168884,0
190,94,0.4702177345752716,0
190,95,0.7409598231315613,0
190,96,-0.4232868552207947,0
190,97,0.5310620069503784,0
190,98,-0.02384587563574314,0
190,99,-0.09799142926931381,0
190,100,0.8956406712532043,0
190,101,0.1274697333574295,0
190,102,0.5260142087936401,0
190,103,0.35802769660949707,0
190,104,0.16228945553302765,0
190,105,0.21167297661304474,0
190,106,0.5782705545425415,0
190,107,-1.0055304765701294,0
190,108,-0.3787269592285156,0
190,109,-0.1588324010372162,0
190,110,-0.1431226283311844,0
190,111,-0.994186520576477,0
190,112,-0.1737736314535141,0
190,113,0.2641892433166504,0
190,114,-0.24893754720687866,0
190,115,-0.4570324420928955,0
190,116,0.25619134306907654,0
190,117,-0.24018287658691406,0
190,118,-0.3639797568321228,0
190,119,0.4794290363788605,0
190,120,0.46594566106796265,0
190,121,0.2301873415708542,0
190,122,0.7209120988845825,0
190,123,0.10858700424432755,0
190,124,-0.21782322227954865,0
190,125,-0.03759224712848663,0
190,126,0.06149905174970627,0
190,127,0.2846296429634094,0
190,128,-0.41278350353240967,0
190,129,0.3728852868080139,0
190,130,-0.22250691056251526,0
190,131,-0.12770028412342072,0
190,132,-0.18778890371322632,0
190,133,0.6054396629333496,0
190,134,0.8510328531265259,0
190,135,0.13171333074569702,0
190,136,-0.811460554599762,0
190,137,-0.6928837299346924,0
190,138,-0.18555065989494324,0
190,139,-0.4229844808578491,0
190,140,-0.4959724545478821,0
190,141,0.7002106308937073,0
190,142,-0.48643559217453003,0
190,143,0.08535859733819962,0
190,144,0.4918646216392517,0
190,145,0.678027868270874,0
190,146,-0.10239017754793167,0
190,147,-0.11324422806501389,0
190,148,0.37080079317092896,0
190,149,-0.040389448404312134,0
190,150,0.0006523811025545001,0
190,151,0.15489672124385834,0
190,152,0.8542413711547852,0
190,153,0.2796816825866699,0
190,154,-0.5392508506774902,0
190,155,0.3232009708881378,0
190,156,0.7923031449317932,0
190,157,-0.039355795830488205,0
190,158,0.27176108956336975,0
190,159,-0.24505768716335297,0
190,160,0.6204316020011902,0
190,161,0.3184402585029602,0
190,162,0.7804862260818481,0
190,163,0.009674014523625374,0
190,164,-0.5740604996681213,0
190,165,-0.11652074009180069,0
190,166,0.45029398798942566,0
190,167,0.09150370210409164,0
190,168,0.05676165223121643,0
190,169,0.6389570832252502,0
190,170,0.6469709873199463,0
190,171,0.08121895045042038,0
190,172,0.9394882321357727,0
190,173,0.7824931740760803,0
190,174,0.08831556141376495,0
190,175,-0.9357192516326904,0
190,176,-0.7792997360229492,0
190,177,0.7947080731391907,0
190,178,-0.36251193284988403,0
190,179,0.41855403780937195,0
190,180,-0.13531261682510376,0
190,181,-0.26705995202064514,0
190,182,-0.0392112135887146,0
190,183,-0.2143145501613617,0
190,184,0.30205363035202026,0
190,185,-0.21432605385780334,0
190,186,-0.37322893738746643,0
190,187,-0.26420655846595764,0
190,188,-0.026871729642152786,0
190,189,-0.11420055478811264,0
190,190,0.40400663018226624,0
190,191,-0.2218659371137619,0
190,192,1.4201605319976807,0
190,193,0.405964195728302,0
190,194,0.01723647676408291,0
190,195,0.2526490092277527,0
190,196,-0.563305139541626,0
190,197,0.09270437806844711,0
190,198,-0.14205026626586914,0
190,199,0.8761858940124512,0
190,200,-0.6370444297790527,0
190,201,0.4624774754047394,0
190,202,0.966457188129425,0
190,203,0.7758595943450928,0
190,204,-0.21020296216011047,0
190,205,-0.27574121952056885,0
190,206,-0.1650628000497818,0
190,207,0.009045174345374107,0
190,208,0.5535475611686707,0
190,209,-0.47089681029319763,0
190,210,1.11960768699646,0
190,211,0.5981717109680176,0
190,212,-0.24759705364704132,0
190,213,-0.4139455258846283,0
190,214,-0.02537231706082821,0
190,215,0.3136880397796631,0
190,216,0.42895981669425964,0
190,217,1.1670551300048828,0
190,218,0.4349980056285858,0
190,219,0.20579026639461517,0
190,220,0.442375123500824,0
190,221,-0.1751285046339035,0
190,222,0.38780248165130615,0
190,223,0.7617202997207642,0
190,224,0.5892835259437561,0
190,225,0.3928481936454773,0
190,226,0.3853015899658203,0
190,227,0.304201602935791,0
190,228,0.4640766680240631,0
190,229,0.2848219871520996,0
190,230,0.96375572681427,0
190,231,-0.6931958794593811,0
190,232,-0.07133748382329941,0
190,233,0.5006457567214966,0
190,234,0.15292900800704956,0
190,235,0.0804252028465271,0
190,236,0.31249094009399414,0
190,237,-0.6056298613548279,0
190,238,1.1488239765167236,0
190,239,0.7334293723106384,0
190,240,0.1192113608121872,0
190,241,0.8512409925460815,0
190,242,1.4782142639160156,0
190,243,-0.08288442343473434,0
190,244,0.3182933032512665,0
190,245,-0.1717449128627777,0
190,246,-0.12278640270233154,0
190,247,0.14175885915756226,0
190,248,0.5917601585388184,0
190,249,0.6815360188484192,0
190,250,0.5399094223976135,0
190,251,0.5373111963272095,0
190,252,1.0689256191253662,0
190,253,0.3007027208805084,0
190,254,0.4607200622558594,0
190,255,1.3657445907592773,0
190,256,0.4688829183578491,0
190,257,0.9231768846511841,0
190,258,0.4215568006038666,0
190,259,0.09125442057847977,0
190,260,0.7429920434951782,0
190,261,-0.07650893926620483,0
190,262,0.48908179998397827,0
190,263,1.380108118057251,0
190,264,1.123500943183899,0
190,265,0.5557276606559753,0
190,266,0.7396973967552185,0
190,267,0.8230419158935547,0
190,268,1.068946123123169,0
190,269,0.9859272837638855,0
190,270,0.9334220290184021,0
190,271,1.7263849973678589,0
190,272,1.3394960165023804,0
190,273,1.3847651481628418,0
190,274,0.8490357398986816,0
190,275,0.7425304651260376,0
190,276,0.7041075825691223,0
190,277,1.1812248229980469,0
190,278,0.7639959454536438,0
190,279,1.1466858386993408,0
190,280,1.2603974342346191,0
190,281,0.36692097783088684,0
190,282,0.09822124987840652,0
190,283,0.6391181349754333,0
190,284,1.2781227827072144,0
190,285,3.095156192779541,0
190,286,-0.18520769476890564,0
190,287,0.9604386687278748,0
190,288,0.24700863659381866,0
190,289,0.8312114477157593,0
190,290,0.5528731346130371,0
190,291,0.737384021282196,0
190,292,0.4251675009727478,0
190,293,0.49700021743774414,0
190,294,0.7470272183418274,0
190,295,-0.14459681510925293,0
190,296,0.2639743685722351,0
190,297,1.304762840270996,0
190,298,1.1684939861297607,0
190,299,0.2694423198699951,0
190,300,-0.21298855543136597,0
190,301,0.3875325918197632,0
190,302,0.5775042772293091,0
190,303,0.8342857956886292,0
190,304,0.4791788160800934,0
190,305,1.2696852684020996,0
190,306,1.9278805255889893,0
190,307,0.4550199508666992,0
190,308,1.3602427244186401,0
190,309,1.1916980743408203,0
190,310,0.5998032689094543,0
190,311,0.5711897015571594,0
190,312,0.2139544039964676,0
190,313,0.695366621017456,1
190,314,0.5142637491226196,0
190,315,0.7120082378387451,1
190,316,0.5950807332992554,0
190,317,1.0337669849395752,0
190,318,1.3580942153930664,1
190,319,1.2081953287124634,0
190,320,0.5439102053642273,0
190,321,1.7176424264907837,0
190,322,1.0522520542144775,0
190,323,0.9684876203536987,0
190,324,0.5854611992835999,0
190,325,0.23134303092956543,0
190,326,0.44340676069259644,0
190,327,1.14288330078125,0
190,328,1.2766268253326416,0
190,329,0.4504166543483734,0
190,330,0.5594244599342346,0
190,331,1.1323870420455933,0
190,332,-0.024095306172966957,0
190,333,1.6040796041488647,0
190,334,1.364173173904419,0
190,335,0.5751693248748779,0
190,336,0.35955867171287537,0
190,337,0.2978789210319519,0
190,338,1.7063195705413818,0
190,339,0.517839789390564,0
190,340,0.2958577275276184,0
190,341,1.8570163249969482,0
190,342,0.4718901813030243,0
190,343,0.4310901165008545,0
190,344,0.8490214943885803,0
190,345,-0.6534295678138733,0
190,346,1.1190868616104126,0
190,347,0.004107226617634296,0
190,348,0.6414209604263306,0
190,349,0.7597863078117371,0
190,350,-0.09465377032756805,0
190,351,1.400750994682312,0
190,352,0.5945393443107605,0
190,353,0.40385377407073975,0
190,354,0.5115353465080261,0
190,355,1.466483473777771,0
190,356,0.508015513420105,0
190,357,0.5528918504714966,0
190,358,1.8236578702926636,0
190,359,0.44476187229156494,0
190,360,0.8071476221084595,0
190,361,1.0800535678863525,0
190,362,-0.049733590334653854,0
190,363,1.4747921228408813,0
190,364,0.07472022622823715,0
190,365,0.7807548642158508,0
190,366,0.9522455334663391,0
190,367,0.8736231923103333,0
190,368,0.7258164286613464,0
190,369,0.02242036908864975,0
190,370,0.8793904185295105,0
190,371,0.6980599164962769,0
190,372,1.1801701784133911,0
190,373,0.13610103726387024,0
190,374,1.0841420888900757,0
190,375,0.18208754062652588,0
190,376,1.038617491722107,0
190,377,0.4397141635417938,0
190,378,0.6181020140647888,0
190,379,0.7712339162826538,0
190,380,0.9526764154434204,0
190,381,0.8763359189033508,0
190,382,0.862361490726471,0
190,383,1.6114834547042847,0
190,384,-0.27180781960487366,0
190,385,0.4524945914745331,0
190,386,0.5560302138328552,0
190,387,0.8393564820289612,0
190,388,1.0402140617370605,0
190,389,1.0783509016036987,0
190,390,1.03679358959198,0
190,391,0.18294109404087067,0
190,392,-0.15956343710422516,0
190,393,0.31556519865989685,0
190,394,0.21822857856750488,0
190,395,-0.5764950513839722,0
190,396,1.1936345100402832,0
190,397,0.24382980167865753,0
190,398,1.079560399055481,0
190,399,0.951297402381897,0
190,400,0.5646488070487976,0
190,401,0.6841291785240173,0
190,402,1.6915010213851929,0
190,403,1.1355706453323364,0
190,404,0.8552261590957642,0
190,405,0.37062564492225647,0
190,406,-0.2900821268558502,0
190,407,-0.17502157390117645,0
190,408,0.9340608716011047,0
190,409,2.120384693145752,0
190,410,0.9119991064071655,0
190,411,0.4299302101135254,0
190,412,0.7261365652084351,0
190,413,0.142157644033432,0
190,414,1.0254663228988647,0
190,415,0.20864413678646088,0
190,416,-0.1247827336192131,0
190,417,0.3998892307281494,0
190,418,0.6516857743263245,0
190,419,0.6036924123764038,0
190,420,0.4730074107646942,0
190,421,0.37137508392333984,0
190,422,1.550470232963562,0
190,423,0.8075578212738037,0
190,424,-0.2994776964187622,0
190,425,0.6702721118927002,0
190,426,0.030652480199933052,0
190,427,-0.24113017320632935,0
190,428,0.09602823853492737,0
190,429,1.571208119392395,0
190,430,0.9669931530952454,0
190,431,0.9696784019470215,0
190,432,0.4545372426509857,0
190,433,1.1525588035583496,0
190,434,0.26610708236694336,0
190,435,0.6215119361877441,0
190,436,-0.15797510743141174,0
190,437,-0.059043433517217636,1
190,438,0.3769535720348358,1
190,439,0.6919757723808289,0
190,440,1.2640873193740845,0
190,441,0.8808556199073792,0
190,442,1.0901497602462769,0
190,443,0.7022693157196045,0
190,444,-0.18836505711078644,0
190,445,-0.1347097009420395,0
190,446,0.4514194130897522,0
190,447,1.14464271068573,0
190,448,0.5059622526168823,0
190,449,1.4304596185684204,0
190,450,0.827314019203186,0
190,451,0.9060249924659729,0
190,452,1.1741801500320435,0
190,453,0.2831103503704071,0
190,454,0.42980316281318665,0
190,455,-0.04295964166522026,0
190,456,0.6582520604133606,0
190,457,0.41477081179618835,0
190,458,0.7174695730209351,0
190,459,1.2004019021987915,0
190,460,1.9353593587875366,0
190,461,0.6502135396003723,0
190,462,0.9074787497520447,0
190,463,0.6259407997131348,0
190,464,1.666595458984375,0
190,465,1.1864345073699951,0
190,466,0.4491015374660492,0
190,467,1.1188386678695679,0
190,468,1.297805905342102,0
190,469,0.5803552269935608,0
190,470,0.4351743459701538,0
190,471,-0.10239776968955994,0
190,472,0.888457715511322,0
190,473,1.016276478767395,0
190,474,0.677715539932251,0
190,475,-0.4018575847148895,0
190,476,-0.029413746669888496,0
190,477,0.9711325764656067,0
190,478,0.7163130640983582,0
190,479,0.47023388743400574,0
190,480,0.5604857802391052,0
190,481,0.7628766894340515,0
190,482,1.0565228462219238,0
190,483,0.6932340860366821,0
190,484,0.424285888671875,0
190,485,0.1285896897315979,0
190,486,1.7362427711486816,0
190,487,1.3473496437072754,0
190,488,1.015395998954773,0
190,489,0.4941236078739166,0
190,490,0.6961966753005981,0
190,491,0.7446370720863342,0
190,492,0.885464072227478,0
190,493,0.8987275958061218,0
190,494,1.338922381401062,0
190,495,0.6612431406974792,0
190,496,1.680879831314087,0
190,497,0.07990957796573639,0
190,498,0.33794644474983215,0
190,499,-0.06191259250044823,0
190,500,0.35389676690101624,0
190,501,0.274183452129364,0
190,502,0.6215310096740723,0
190,503,0.8492899537086487,0
190,504,-0.06580804288387299,0
190,505,1.9316222667694092,0
190,506,1.7675631046295166,0
190,507,0.9292778968811035,0
190,508,0.8110262751579285,0
190,509,0.2818525731563568,0
190,510,1.0481457710266113,0
190,511,0.5538399815559387,0
190,512,1.1242109537124634,0
190,513,0.5949890613555908,0
190,514,0.13680441677570343,0
190,515,1.1872307062149048,0
190,516,2.2030909061431885,0
190,517,0.6895313262939453,0
190,518,2.11788272857666,0
190,519,0.023545771837234497,0
190,520,1.2030187845230103,0
190,521,0.6155242919921875,0
190,522,0.4112248420715332,0
190,523,0.19288508594036102,0
190,524,0.8234477639198303,0
190,525,0.32694607973098755,0
190,526,0.1286761462688446,0
190,527,0.511671245098114,0
190,528,0.4805522561073303,0
190,529,0.16262651979923248,0
190,530,0.8905960917472839,0
190,531,0.83354252576828,0
205,0,0.19999296963214874,0
205,1,-0.449023574590683,0
205,2,0.4064647853374481,0
205,3,0.24697735905647278,0
205,4,0.05456414073705673,0
205,5,-0.4596344232559204,0
205,6,0.13664796948432922,0
205,7,-0.43534308671951294,0
205,8,-0.033587127923965454,0
205,9,-0.8260675072669983,0
205,10,-0.13212192058563232,0
205,11,-0.04610771685838699,0
205,12,-0.24905671179294586,0
205,13,0.01492878794670105,0
205,14,0.661575436592102,0
205,15,0.2689294219017029,0
205,16,-0.15807056427001953,0
205,17,-0.13805419206619263,0
205,18,-0.5091210007667542,0
205,19,0.6512468457221985,0
205,20,-0.4966268241405487,0
205,21,0.0795731469988823,0
205,22,-0.24096356332302094,0
205,23,0.48842599987983704,0
205,24,0.03770714998245239,0
205,25,0.08704693615436554,0
205,26,-0.019845090806484222,0
205,27,0.15398113429546356,0
205,28,0.26525169610977173,0
205,29,-0.134785458445549,0
205,30,-0.10566604137420654,0
205,31,-0.5362257957458496,0
205,32,-1.061628818511963,0
205,33,-0.040421754121780396,0
205,34,-0.102688267827034,0
205,35,1.097625732421875,0
205,36,-0.578689455986023,0
205,37,0.11497973650693893,0
205,38,-0.7131806015968323,0
205,39,-0.19377902150154114,0
205,40,-0.07336971908807755,0
205,41,-0.8824474215507507,0
205,42,-0.08857684582471848,0
205,43,-0.7969157099723816,0
205,44,0.11981314420700073,0
205,45,0.4226536750793457,0
205,46,-0.06735728681087494,0
205,47,-0.12163805216550827,0
205,48,0.2094694823026657,0
205,49,-1.292460560798645,0
205,50,-0.4155097007751465,0
205,51,-1.3355532884597778,0
205,52,0.04407930001616478,0
205,53,-0.021698620170354843,0
205,54,-0.6185020208358765,0
205,55,-0.324800968170166,0
205,56,-0.4893887937068939,0
205,57,-0.6228840351104736,0
205,58,-0.3613695204257965,0
205,59,-0.1768246293067932,0
205,60,0.40421149134635925,0
205,61,0.10396888852119446,0
205,62,0.041134193539619446,0
205,63,-0.8053614497184753,0
205,64,-0.059979382902383804,0
205,65,0.241807222366333,0
205,66,0.060218483209609985,0
205,67,-0.6072183847427368,0
205,68,-0.22331492602825165,0
205,69,0.6209085583686829,0
205,70,0.3364397883415222,0
205,71,-0.7839598655700684,0
205,72,0.2375815510749817,0
205,73,0.30495983362197876,0
205,74,-0.8156120181083679,0
205,75,-0.439971387386322,0
205,76,-0.2945147752761841,0
205,77,0.02475355751812458,0
205,78,0.468686580657959,0
205,79,0.4684586226940155,0
205,80,-0.16280663013458252,0
205,81,0.17169690132141113,0
205,82,-0.4130435287952423,0
205,83,-0.400646835565567,0
205,84,-0.6436940431594849,0
205,85,-0.4382407069206238,0
205,86,-0.3642677664756775,0
205,87,-0.8663424253463745,0
205,88,0.4760605990886688,0
205,89,0.28508231043815613,0
205,90,-0.5048742890357971,0
205,91,-0.09505831450223923,0
205,92,0.3229371905326843,0
205,93,0.3104647397994995,0
205,94,-0.08740851283073425,0
205,95,0.3655345141887665,0
205,96,-0.11423424631357193,0
205,97,0.23474325239658356,0
205,98,-0.4306153953075409,0
205,99,0.7537693977355957,0
205,100,0.4888576567173004,0
205,101,0.19750724732875824,0
205,102,0.13267210125923157,0
205,103,0.038333795964717865,0
205,104,-0.09474301338195801,0
205,105,-0.22363851964473724,0
205,106,0.4462895095348358,0
205,107,0.16440033912658691,0
205,108,0.0936184674501419,0
205,109,0.04193463176488876,0
205,110,-0.3128258287906647,0
205,111,-0.445578932762146,0
205,112,-0.47978541254997253,0
205,113,-0.039696477353572845,0
205,114,-0.26221463084220886,0
205,115,-0.547224760055542,0
205,116,-0.8966628909111023,0
205,117,-0.3486846685409546,0
205,118,-0.6534029245376587,0
205,119,-0.43330758810043335,0
205,120,0.3164789378643036,0
205,121,-0.7794426679611206,0
205,122,-0.09943263232707977,0
205,123,-0.32267624139785767,0
205,124,0.5430178046226501,0
205,125,-0.2687534689903259,0
205,126,0.061092592775821686,0
205,127,-0.00018653497681953013,0
205,128,-1.3463711738586426,0
205,129,-0.7325844764709473,0
205,130,-0.6644690036773682,0
205,131,-0.3452654182910919,0
205,132,0.26999416947364807,0
205,133,-0.49906954169273376,0
205,134,0.27414992451667786,0
205,135,-0.2648043632507324,0
205,136,-0.717029869556427,0
205,137,0.09037941694259644,0
205,138,-0.2486010491847992,0
205,139,-0.5493600964546204,0
205,140,-0.2863098382949829,0
205,141,0.5005784034729004,0
205,142,-0.42279961705207825,0
205,143,-0.0293459203094244,0
205,144,0.050478141754865646,0
205,145,0.02975470758974552,0
205,146,0.21431565284729004,0
205,147,0.8925456404685974,0
205,148,1.143068790435791,0
205,149,0.4088270366191864,0
205,150,-0.11477834731340408,0
205,151,-0.6248986124992371,0
205,152,-0.44185125827789307,0
205,153,-0.4474434554576874,0
205,154,0.8471500873565674,0
205,155,0.9773262739181519,0
205,156,-0.3220360577106476,0
205,157,-0.4675692617893219,0
205,158,-0.5211737155914307,0
205,159,-0.39291226863861084,0
205,160,-0.25463318824768066,0
205,161,-0.6254995465278625,0
205,162,0.4995534420013428,0
205,163,-0.5841107368469238,0
205,164,-0.27080681920051575,0
205,165,-0.36262452602386475,0
205,166,0.8684285283088684,0
205,167,-0.6172084808349609,0
205,168,-0.48907333612442017,0
205,169,-0.5744214653968811,0
205,170,0.1953222006559372,0
205,171,0.3329011797904968,0
205,172,0.19520223140716553,0
205,173,-0.4056187868118286,0
205,174,-0.6772246956825256,0
205,175,-0.48989957571029663,0
205,176,0.22487996518611908,0
205,177,0.38672158122062683,0
205,178,-0.8818014860153198,0
205,179,0.8279305100440979,0
205,180,-1.0632846355438232,0
205,181,0.1607024073600769,0
205,182,-0.001558970077894628,0
205,183,0.10857290774583817,0
205,184,-0.105640709400177,0
205,185,0.06982040405273438,0
205,186,0.18438155949115753,0
205,187,-0.43627840280532837,0
205,188,-1.1480146646499634,0
205,189,-0.6436315178871155,0
205,190,0.43041202425956726,0
205,191,0.34876692295074463,0
205,192,-0.15351951122283936,0
205,193,-0.3001859486103058,0
205,194,-0.6387441158294678,0
205,195,-0.4209998846054077,0
205,196,-0.12718522548675537,0
205,197,-0.06481574475765228,0
205,198,0.7561042308807373,0
205,199,-0.01327476929873228,0
205,200,-0.25741055607795715,0
205,201,0.8545997142791748,0
205,202,-0.09040962904691696,0
205,203,0.4111778438091278,0
205,204,-0.38986995816230774,0
205,205,0.25790223479270935,0
205,206,-1.0747572183609009,0
205,207,0.18272410333156586,0
205,208,0.13737614452838898,0
205,209,-0.30328959226608276,0
205,210,0.9274390339851379,0
205,211,-0.7111049294471741,0
205,212,-0.27525654435157776,0
205,213,0.8970996141433716,0
205,214,-0.5349441766738892,0
205,215,0.07929698377847672,0
205,216,-0.616967499256134,0
205,217,0.39217713475227356,0
205,218,0.17246337234973907,0
205,219,0.10540483146905899,0
205,220,0.10754238069057465,0
205,221,0.47035089135169983,0
205,222,0.048060666769742966,0
205,223,-0.6999087929725647,0
205,224,-0.48318126797676086,0
205,225,-0.027911335229873657,0
205,226,0.873830258846283,0
205,227,-0.34470289945602417,0
205,228,-0.825484037399292,0
205,229,-0.0258585624396801,0
205,230,0.585144579410553,0
205,231,-0.4310051202774048,0
205,232,0.2289815992116928,0
205,233,0.52978515625,0
205,234,0.42726266384124756,0
205,235,1.0159189701080322,0
205,236,0.24213901162147522,0
205,237,-0.13695724308490753,0
205,238,0.535771906375885,0
205,239,0.6935876607894897,0
205,240,-0.37732478976249695,0
205,241,0.8675398826599121,0
205,242,0.5212681889533997,0
205,243,-1.024825096130371,0
205,244,0.06295191496610641,0
205,245,-0.6381759643554688,0
205,246,-0.9029674530029297,0
205,247,-0.9681519865989685,0
205,248,0.270052969455719,0
205,249,-0.07955841720104218,0
205,250,0.15613868832588196,0
205,251,-0.21223759651184082,0
205,252,1.0543146133422852,0
205,253,0.4049299955368042,0
205,254,0.13106092810630798,0
205,255,1.536119818687439,0
205,256,0.6942692399024963,0
205,257,0.47166967391967773,0
205,258,-0.2103799730539322,0
205,259,-0.08698009699583054,0
205,260,0.9035021662712097,0
205,261,0.3095978796482086,0
205,262,0.6340552568435669,0
205,263,1.1180920600891113,0
205,264,0.5918405055999756,0
205,265,0.049771200865507126,0
205,266,0.5139856338500977,0
205,267,0.6762176156044006,0
205,268,0.9362456202507019,0
205,269,0.1458912491798401,0
205,270,0.9036427140235901,0
205,271,1.0012843608856201,0
205,272,0.7032312154769897,0
205,273,0.9183664321899414,0
205,274,0.10355798155069351,0
205,275,1.0154441595077515,0
205,276,0.05087920278310776,0
205,277,-0.2402644008398056,0
205,278,0.07273120433092117,0
205,279,2.4853134155273438,0
205,280,0.2694628834724426,0
205,281,0.22349411249160767,0
205,282,-0.5948861241340637,0
205,283,0.4133393466472626,0
205,284,1.2715989351272583,0
205,285,0.7687148451805115,0
205,286,0.6143783330917358,0
205,287,0.25426721572875977,0
205,288,0.6251441240310669,0
205,289,-0.38418570160865784,0
205,290,0.3945387303829193,0
205,291,0.5813518166542053,0
205,292,0.6832404136657715,0
205,293,1.0344687700271606,0
205,294,0.21547988057136536,0
205,295,-0.20456574857234955,0
205,296,0.9251773357391357,0
205,297,0.5456483960151672,0
205,298,0.5780017971992493,0
205,299,0.9234417676925659,0
205,300,-0.2989204525947571,0
205,301,0.7830642461776733,0
205,302,1.2276407480239868,0
205,303,0.20540310442447662,0
205,304,0.04226480424404144,0
205,305,0.7944566607475281,0
205,306,0.5781673789024353,0
205,307,1.7218248844146729,0
205,308,1.156038522720337,0
205,309,-0.2780386209487915,0
205,310,0.7880688309669495,0
205,311,0.6518792510032654,0
205,312,0.9679583311080933,0
205,313,0.3094954192638397,0
205,314,-0.5028256177902222,0
205,315,0.9552574753761292,0
205,316,1.5386906862258911,1
205,317,1.0151088237762451,0
205,318,0.34625890851020813,0
205,319,0.8454867601394653,0
205,320,1.4055906534194946,0
205,321,1.0443038940429688,0
205,322,0.028647221624851227,0
205,323,-0.3504160940647125,0
205,324,0.5298205018043518,0
205,325,1.4491089582443237,0
205,326,0.12774212658405304,0
205,327,0.9778653383255005,0
205,328,0.7354209423065186,0
205,329,0.4408339262008667,0
205,330,0.7488197684288025,1
205,331,0.3382232189178467,0
205,332,-0.1971272975206375,1
205,333,0.9951911568641663,0
205,334,1.3830519914627075,0
205,335,0.6952672004699707,0
205,336,-0.016178570687770844,0
205,337,-0.009499406442046165,0
205,338,0.9140956401824951,0
205,339,-0.5491276383399963,0
205,340,0.07814224064350128,0
205,341,0.46277904510498047,0
205,342,-0.6287118792533875,0
205,343,0.4517870843410492,0
205,344,0.5217810273170471,0
205,345,0.13235078752040863,0
205,346,0.7178058624267578,0
205,347,0.6284288167953491,0
205,348,0.4953242838382721,0
205,349,0.9028725624084473,0
205,350,0.7495488524436951,0
205,351,0.549451470375061,0
205,352,0.22306965291500092,0
205,353,0.9788845181465149,0
205,354,0.7260183095932007,0
205,355,1.263089895248413,0
205,356,0.6268020272254944,0
205,357,-0.13463664054870605,0
205,358,0.8872570395469666,0
205,359,0.8150063157081604,0
205,360,0.6335972547531128,0
205,361,0.8103007674217224,0
205,362,0.1716841459274292,0
205,363,0.48305290937423706,0
205,364,-0.2606741189956665,0
205,365,0.9146906137466431,0
205,366,0.5965685248374939,0
205,367,0.9253607988357544,0
205,368,0.45844876766204834,0
205,369,-0.28978291153907776,0
205,370,-0.6556849479675293,0
205,371,0.3474997282028198,0
205,372,0.6925655007362366,0
205,373,0.8173728585243225,0
205,374,0.28852421045303345,0
205,375,0.7584128975868225,0
205,376,1.1872004270553589,0
205,377,0.3666445016860962,0
205,378,0.26052385568618774,0
205,379,0.40298905968666077,0
205,380,1.066489338874817,0
205,381,0.8635381460189819,0
205,382,0.8865376114845276,0
205,383,0.38599079847335815,0
205,384,-0.2880995571613312,0
205,385,0.3502778708934784,0
205,386,0.3161139190196991,0
205,387,1.1897556781768799,0
205,388,0.055539365857839584,0
205,389,0.9499611854553223,0
205,390,1.2556860446929932,0
205,391,0.8506489992141724,0
205,392,0.35463619232177734,0
205,393,0.847591757774353,0
205,394,-0.1391722708940506,0
205,395,0.6398386359214783,0
205,396,1.245293378829956,0
205,397,-0.35840219259262085,0
205,398,-0.09809818118810654,0
205,399,0.050088271498680115,0
205,400,-0.23665514588356018,0
205,401,-1.1800355911254883,0
205,402,0.6244242787361145,0
205,403,0.9482336044311523,0
205,404,0.8222077488899231,0
205,405,0.6634914875030518,0
205,406,1.2475639581680298,0
205,407,-0.7216513156890869,0
205,408,1.1586424112319946,0
205,409,0.48670288920402527,0
205,410,1.3514970541000366,0
205,411,0.479564368724823,0
205,412,0.921471893787384,0
205,413,0.38125231862068176,0
205,414,0.39504989981651306,0
205,415,0.9383075833320618,0
205,416,0.3761546313762665,0
205,417,0.5127533674240112,0
205,418,0.2658439576625824,0
205,419,0.7432554364204407,0
205,420,0.5372595191001892,0
205,421,0.5151601433753967,0
205,422,1.1887093782424927,0
205,423,1.0316098928451538,0
205,424,-0.05194170027971268,0
205,425,0.4722464978694916,0
205,426,-0.03780047222971916,0
205,427,0.14820052683353424,0
205,428,0.37005534768104553,0
205,429,0.351497620344162,0
205,430,0.7185329794883728,0
205,431,1.439918875694275,0
205,432,0.041023656725883484,0
205,433,0.6538558602333069,0
205,434,0.23050007224082947,0
205,435,1.5607755184173584,0
205,436,1.2885138988494873,0
205,437,0.12741981446743011,0
205,438,1.3143030405044556,0
205,439,1.0688360929489136,0
205,440,0.7411013841629028,0
205,441,0.8254677653312683,0
205,442,0.00041831471025943756,0
205,443,0.4636034071445465,0
205,444,0.8288049101829529,0
205,445,0.4185064435005188,0
205,446,-0.62321937084198,0
205,447,0.687745988368988,0
205,448,0.968151330947876,0
205,449,0.7947161197662354,0
205,450,0.6375526785850525,0
205,451,1.2236577272415161,0
205,452,0.7105095982551575,0
205,453,0.5897433757781982,0
205,454,0.575881838798523,0
205,455,0.1791152060031891,0
205,456,-0.01839706115424633,0
205,457,0.08389931172132492,0
205,458,0.41838914155960083,0
205,459,0.08750581741333008,0
205,460,1.2097499370574951,0
205,461,0.8833194375038147,0
205,462,0.23301593959331512,0
205,463,0.740628182888031,0
205,464,1.454201340675354,0
205,465,0.7987107634544373,0
205,466,0.5674562454223633,0
205,467,0.13195881247520447,0
205,468,-0.0107004065066576,0
205,469,0.5878515243530273,0
205,470,0.24297170341014862,0
205,471,-0.05650833621621132,0
205,472,-0.33151915669441223,0
205,473,0.8718565702438354,0
205,474,0.7396811842918396,0
205,475,0.5204916000366211,0
205,476,-0.4728921055793762,0
205,477,0.739585816860199,0
205,478,1.110426425933838,0
205,479,-0.21205386519432068,0
205,480,0.8251017928123474,0
205,481,0.527613639831543,0
205,482,0.4482295513153076,0
205,483,0.5785577297210693,0
205,484,0.03653711453080177,0
205,485,0.6376194953918457,0
205,486,0.38835352659225464,0
205,487,1.1719986200332642,0
205,488,0.5806180238723755,0
205,489,-0.418021559715271,0
205,490,1.6205893754959106,0
205,491,1.6795530319213867,0
205,492,0.7012571692466736,0
205,493,-0.36541178822517395,0
205,494,1.571455717086792,0
205,495,0.6984159350395203,0
205,496,1.5717121362686157,0
205,497,0.28441503643989563,0
205,498,0.6695155501365662,0
205,499,1.0160013437271118,0
205,500,0.7096881866455078,0
205,501,-0.5935929417610168,0
205,502,0.5729653239250183,0
205,503,0.9056839346885681,0
205,504,0.9668476581573486,0
205,505,1.153518557548523,0
205,506,1.247441291809082,0
205,507,0.5863966345787048,0
205,508,1.0032548904418945,0
205,509,-0.2419542372226715,0
205,510,2.1501948833465576,0
205,511,0.6912392377853394,0
205,512,1.415834903717041,0
205,513,0.09013175964355469,0
205,514,0.09533253312110901,0
205,515,1.4615058898925781,0
205,516,0.9072938561439514,0
205,517,0.3780825138092041,0
205,518,0.9211748242378235,0
205,519,0.3833177387714386,0
205,520,0.4333392381668091,0
205,521,-0.0449032299220562,0
205,522,-0.028777018189430237,0
205,523,-0.11148170381784439,0
205,524,1.5313432216644287,0
205,525,1.0910820960998535,0
205,526,0.16400769352912903,0
205,527,1.535884976387024,0
205,528,0.9885174036026001,0
205,529,0.22342486679553986,0
205,530,0.7872920036315918,0
205,531,1.0478627681732178,0
218,0,-0.20856834948062897,0
218,1,0.1505107581615448,0
218,2,1.0310173034667969,0
218,3,0.4850270748138428,0
218,4,0.2932792603969574,0
218,5,0.2686629295349121,0
218,6,1.283684492111206,0
218,7,0.3432883024215698,0
218,8,1.2420512437820435,0
218,9,0.23937413096427917,0
218,10,1.444655418395996,0
218,11,1.250004768371582,0
218,12,0.8167385458946228,0
218,13,1.106749176979065,0
218,14,0.4160568118095398,0
218,15,-0.23242636024951935,0
218,16,0.8839606046676636,0
218,17,0.48477232456207275,0
218,18,0.8922147750854492,0
218,19,1.2431683540344238,0
218,20,0.020641524344682693,0
218,21,0.2106836587190628,0
218,22,1.0808433294296265,0
218,23,0.10534410178661346,0
218,24,-0.339509516954422,0
218,25,1.0551623106002808,0
218,26,0.16531902551651,0
218,27,-0.021311407908797264,0
218,28,0.7308986186981201,0
218,29,0.8742215037345886,0
218,30,0.6774129867553711,0
218,31,-0.6592878103256226,0
218,32,1.1523293256759644,0
218,33,0.7264848947525024,0
218,34,0.503865122795105,0
218,35,0.8434813618659973,0
218,36,-1.1033614873886108,0
218,37,0.48423829674720764,0
218,38,0.06856729090213776,0
218,39,1.3079913854599,0
218,40,0.529180645942688,0
218,41,0.8151254057884216,0
218,42,0.2456584870815277,0
218,43,0.15666520595550537,0
218,44,0.5381456613540649,0
218,45,0.7540707588195801,0
218,46,-0.09458398818969727,0
218,47,0.010871298611164093,0
218,48,0.11214029043912888,0
218,49,0.6823849081993103,0
218,50,0.20559823513031006,0
218,51,-0.9835566282272339,0
218,52,0.5879560112953186,0
218,53,0.18360178172588348,0
218,54,-0.6750885248184204,0
218,55,0.12213332206010818,0
218,56,0.7371231913566589,0
218,57,0.634962797164917,0
218,58,1.0364667177200317,0
218,59,0.009448420256376266,0
218,60,1.6818664073944092,0
218,61,1.2339959144592285,0
218,62,0.7583653330802917,0
218,63,-0.04251016676425934,0
218,64,0.3448401987552643,0
218,65,-0.0962705984711647,0
218,66,-0.522205650806427,0
218,67,-0.0241073165088892,0
218,68,0.23293255269527435,0
218,69,0.42541033029556274,0
218,70,0.8064470887184143,0
218,71,1.047174334526062,0
218,72,0.8213208913803101,0
218,73,0.7504287958145142,0
218,74,0.8019906878471375,0
218,75,1.150290846824646,0
218,76,0.9490348100662231,0
218,77,-0.0804147869348526,0
218,78,0.596271276473999,0
218,79,0.9352538585662842,0
218,80,0.324396550655365,0
218,81,1.027915358543396,0
218,82,-0.09896942973136902,0
218,83,0.21020668745040894,0
218,84,0.29845136404037476,0
218,85,-0.1207626610994339,0
218,86,0.4528588652610779,0
218,87,0.5593761801719666,0
218,88,0.6329420208930969,0
218,89,-0.07928431034088135,0
218,90,1.6839035749435425,0
218,91,0.8238524198532104,0
218,92,0.5737066864967346,0
218,93,0.10683880001306534,0
218,94,-0.05808466300368309,0
218,95,0.7707889080047607,0
218,96,-0.44928061962127686,0
218,97,1.0892674922943115,0
218,98,0.1331634521484375,0
218,99,0.1819837987422943,0
218,100,1.199552297592163,0
218,101,-0.014361833222210407,0
218,102,0.5639392733573914,0
218,103,0.2739345133304596,0
218,104,0.18222181499004364,0
218,105,1.476330041885376,0
218,106,0.46425628662109375,0
218,107,-0.10381706804037094,0
218,108,0.06027286872267723,0
218,109,-0.4976261854171753,0
218,110,-0.9035454988479614,0
218,111,-0.06775704771280289,0
218,112,0.0006446327897720039,0
218,113,0.7635127305984497,0
218,114,0.5432113409042358,0
218,115,-0.5706690549850464,0
218,116,0.3325102627277374,0
218,117,-0.8155738115310669,0
218,118,-1.2440333366394043,0
218,119,0.5127367377281189,0
218,120,0.6439732909202576,0
218,121,0.36625438928604126,0
218,122,0.2671198844909668,0
218,123,-0.40653565526008606,0
218,124,-0.32812440395355225,0
218,125,0.5770270824432373,0
218,126,0.08385267108678818,0
218,127,0.013266660273075104,0
218,128,-0.7708932757377625,0
218,129,0.5333617925643921,0
218,130,0.2149733006954193,0
218,131,-1.1137290000915527,0
218,132,0.5215223431587219,0
218,133,0.13791581988334656,0
218,134,1.4230326414108276,0
218,135,-0.14613790810108185,0
218,136,0.19654816389083862,0
218,137,-0.5393478274345398,0
218,138,-0.010965202003717422,0
218,139,-1.01752507686615,0
218,140,0.7880555987358093,0
218,141,0.8278049826622009,0
218,142,-0.5131575465202332,0
218,143,-0.683743417263031,0
218,144,-0.25561612844467163,0
218,145,-0.53326016664505,0
218,146,-0.09310906380414963,0
218,147,0.04816336929798126,0
218,148,0.2580114006996155,0
218,149,0.07624275237321854,0
218,150,-0.17536696791648865,0
218,151,-0.36508506536483765,0
218,152,-0.45511239767074585,0
218,153,0.4916345477104187,0
218,154,-0.11941371858119965,0
218,155,0.0818750262260437,0
218,156,0.8039431571960449,0
218,157,0.41546037793159485,0
218,158,0.677139401435852,0
218,159,0.294812947511673,0
218,160,0.3260328471660614,0
218,161,1.054406762123108,0
218,162,1.2388056516647339,0
218,163,-0.1634823977947235,0
218,164,-1.0528050661087036,0
218,165,-0.33744361996650696,0
218,166,0.6579887866973877,0
218,167,-0.08018425107002258,0
218,168,0.20486792922019958,0
218,169,1.0897120237350464,0
218,170,1.9039088487625122,0
218,171,0.5583743453025818,0
218,172,2.094428300857544,0
218,173,0.9483608603477478,0
218,174,0.9400849342346191,0
218,175,-0.7296819686889648,0
218,176,-1.428062915802002,0
218,177,1.3943257331848145,0
218,178,-0.36103248596191406,0
218,179,0.42560017108917236,0
218,180,0.2403072565793991,0
218,181,0.440420925617218,0
218,182,0.15034566819667816,0
218,183,-0.361881285905838,0
218,184,1.0372341871261597,0
218,185,-0.45845234394073486,0
218,186,-0.23575225472450256,0
218,187,0.0031430672388523817,0
218,188,-0.0008165671024471521,0
218,189,-0.40943628549575806,0
218,190,0.26526179909706116,0
218,191,-0.331186443567276,0
218,192,0.41475436091423035,0
218,193,0.9098274111747742,0
218,194,0.7021874785423279,0
218,195,-0.7079466581344604,0
218,196,-0.6183574199676514,0
218,197,0.18823061883449554,0
218,198,0.35988232493400574,0
218,199,0.6645939946174622,0
218,200,0.5928313136100769,0
218,201,0.060304515063762665,0
218,202,1.0357304811477661,0
218,203,-0.01361571904271841,0
218,204,-0.11379391700029373,0
218,205,-0.026516776531934738,0
218,206,-0.718390166759491,0
218,207,1.0945035219192505,0
218,208,1.1608585119247437,0
218,209,-0.2798571288585663,0
218,210,1.3696045875549316,0
218,211,-0.578752338886261,0
218,212,-0.736641526222229,0
218,213,-0.496060848236084,0
218,214,0.25314176082611084,0
218,215,0.4312971532344818,0
218,216,0.4432952105998993,0
218,217,0.8431684970855713,0
218,218,0.7225103378295898,0
218,219,0.15502668917179108,0
218,220,0.720321774482727,0
218,221,1.155700922012329,0
218,222,0.4705410599708557,0
218,223,-0.35231485962867737,0
218,224,0.8860280513763428,0
218,225,0.06385796517133713,0
218,226,0.8254666328430176,0
218,227,0.39288145303726196,0
218,228,0.8561292290687561,0
218,229,1.153937578201294,0
218,230,0.9493663907051086,0
218,231,0.29822078347206116,0
218,232,0.9069454073905945,0
218,233,0.4653521180152893,0
218,234,-0.17527136206626892,0
218,235,0.20066843926906586,0
218,236,0.6479941010475159,0
218,237,0.33532530069351196,0
218,238,1.1983658075332642,0
218,239,1.1343014240264893,0
218,240,0.7775622606277466,0
218,241,1.1068302392959595,0
218,242,0.9481697678565979,0
218,243,0.21377956867218018,0
218,244,-0.09134666621685028,0
218,245,-0.3273964524269104,0
218,246,-0.8104724287986755,0
218,247,0.41144245862960815,0
218,248,0.36157816648483276,0
218,249,1.0042723417282104,0
218,250,1.8990644216537476,0
218,251,1.2997008562088013,0
218,252,1.4414578676223755,0
218,253,-0.3221731185913086,0
218,254,0.768998384475708,0
218,255,1.6019405126571655,0
218,256,0.8194287419319153,0
218,257,0.1684710532426834,0
218,258,0.1421043872833252,0
218,259,0.370619535446167,0
218,260,1.3215053081512451,0
218,261,-0.24615634977817535,0
218,262,-0.1561237871646881,0
218,263,0.8531585931777954,0
218,264,1.7429813146591187,0
218,265,0.6669256687164307,0
218,266,0.793140709400177,0
218,267,1.6225553750991821,0
218,268,1.5196961164474487,0
218,269,1.5200780630111694,0
218,270,-0.39350298047065735,0
218,271,1.395907998085022,0
218,272,2.156187057495117,0
218,273,2.2529752254486084,0
218,274,1.8605215549468994,0
218,275,-0.02133776620030403,0
218,276,1.03636634349823,0
218,277,0.1696256846189499,0
218,278,-0.12233226746320724,0
218,279,0.7870997190475464,0
218,280,2.780757427215576,0
218,281,1.3048937320709229,0
218,282,0.010594957508146763,0
218,283,1.9003454446792603,0
218,284,1.1702834367752075,0
218,285,1.7033053636550903,0
218,286,1.4510623216629028,0
218,287,-0.08415845036506653,0
218,288,0.8617782592773438,0
218,289,0.11905618757009506,0
218,290,1.231255054473877,0
218,291,0.7593103647232056,0
218,292,1.5882049798965454,0
218,293,1.2724909782409668,0
218,294,1.9887889623641968,0
218,295,-0.7202508449554443,0
218,296,-0.1121346652507782,0
218,297,1.4697332382202148,0
218,298,0.8778733015060425,0
218,299,2.0445737838745117,0
218,300,-0.6017000675201416,0
218,301,1.796366572380066,0
218,302,1.0605055093765259,0
218,303,0.0344819538295269,0
218,304,0.8476431965827942,0
218,305,1.536035180091858,0
218,306,1.3384705781936646,0
218,307,1.9002044200897217,0
218,308,0.3992946445941925,0
218,309,0.14525918662548065,0
218,310,1.0829633474349976,0
218,311,1.6082485914230347,0
218,312,1.1847281455993652,0
218,313,0.7341630458831787,0
218,314,0.5315090417861938,0
218,315,0.9221193790435791,0
218,316,1.051801323890686,1
218,317,1.6142959594726562,0
218,318,1.1986615657806396,0
218,319,1.7619197368621826,0
218,320,1.0887582302093506,0
218,321,1.3468501567840576,0
218,322,0.6659901738166809,0
218,323,1.0678380727767944,0
218,324,0.8059520721435547,0
218,325,0.6505735516548157,0
218,326,1.0435559749603271,0
218,327,1.7951611280441284,0
218,328,0.6234129667282104,0
218,329,0.2597523331642151,0
218,330,0.5339494347572327,1
218,331,0.7388184666633606,0
218,332,1.1364880800247192,1
218,333,1.73381769657135,0
218,334,0.7921991944313049,0
218,335,0.6221885085105896,0
218,336,0.9951356053352356,0
218,337,1.1836775541305542,0
218,338,0.35500478744506836,0
218,339,0.9221121072769165,0
218,340,0.4711907207965851,0
218,341,1.012508511543274,0
218,342,0.9132665991783142,0
218,343,0.5851970314979553,0
218,344,0.7448301315307617,0
218,345,1.3510738611221313,0
218,346,1.6073263883590698,0
218,347,0.37800270318984985,0
218,348,2.18517804145813,0
218,349,1.1851295232772827,0
218,350,0.35706380009651184,0
218,351,1.1725207567214966,0
218,352,1.6173635721206665,0
218,353,1.3880232572555542,0
218,354,1.3770767450332642,0
218,355,1.8991494178771973,0
218,356,0.7302417755126953,0
218,357,0.5698397159576416,0
218,358,0.9687721133232117,0
218,359,-0.49375754594802856,0
218,360,2.2086191177368164,0
218,361,1.6765280961990356,0
218,362,0.24725127220153809,0
218,363,0.711265504360199,0
218,364,1.7046865224838257,0
218,365,0.3096331059932709,0
218,366,1.2760511636734009,0
218,367,2.332829713821411,0
218,368,1.362945795059204,0
218,369,1.0807462930679321,0
218,370,1.3018203973770142,0
218,371,2.020862340927124,0
218,372,2.192531108856201,0
218,373,-0.3397396504878998,0
218,374,1.023967981338501,0
218,375,0.9895076751708984,0
218,376,1.0128618478775024,0
218,377,1.6427528858184814,0
218,378,0.57024085521698,0
218,379,0.9953636527061462,0
218,380,1.3683733940124512,0
218,381,2.702564239501953,0
218,382,0.8688473105430603,0
218,383,1.4029916524887085,0
218,384,0.2680709660053253,0
218,385,0.945356547832489,0
218,386,-0.08506723493337631,0
218,387,0.8464431762695312,0
218,388,1.1083317995071411,0
218,389,2.0181989669799805,0
218,390,1.1311652660369873,0
218,391,0.8424746990203857,0
218,392,0.2214309126138687,0
218,393,0.3168591558933258,0
218,394,0.6433866620063782,0
218,395,-0.27682793140411377,0
218,396,1.0518757104873657,0
218,397,0.746000349521637,0
218,398,1.6584255695343018,0
218,399,0.8125701546669006,0
218,400,1.2625677585601807,0
218,401,0.7040063738822937,0
218,402,0.7468459606170654,0
218,403,0.4918631613254547,0
218,404,1.143837332725525,0
218,405,1.6657477617263794,0
218,406,1.4754325151443481,0
218,407,-0.10742580145597458,0
218,408,1.8520482778549194,0
218,409,0.3738693594932556,0
218,410,1.2357922792434692,0
218,411,-0.3958507776260376,0
218,412,0.23218393325805664,0
218,413,0.5215330123901367,0
218,414,1.3782016038894653,0
218,415,1.3109153509140015,0
218,416,0.0905325710773468,0
218,417,1.3607332706451416,0
218,418,0.9941701889038086,0
218,419,0.8013118505477905,0
218,420,0.7303338050842285,0
218,421,1.030035138130188,0
218,422,2.325247049331665,0
218,423,1.2063002586364746,0
218,424,-0.007014746777713299,0
218,425,0.7314494252204895,0
218,426,0.42480629682540894,0
218,427,0.9167697429656982,0
218,428,0.44212910532951355,0
218,429,1.1934430599212646,0
218,430,1.0906645059585571,0
218,431,1.1077836751937866,0
218,432,0.5342513918876648,0
218,433,0.82479327917099,0
218,434,1.3121479749679565,0
218,435,0.5710089802742004,0
218,436,0.9450708627700806,0
218,437,-0.4968729317188263,0
218,438,0.5182970762252808,0
218,439,1.3792850971221924,0
218,440,0.9206012487411499,0
218,441,1.0366525650024414,0
218,442,1.4180020093917847,0
218,443,1.2595059871673584,0
218,444,-0.4112416207790375,0
218,445,0.23234160244464874,0
218,446,1.2883679866790771,0
218,447,1.9896414279937744,0
218,448,0.768707811832428,0
218,449,1.7645349502563477,0
218,450,0.5418718457221985,0
218,451,1.8765454292297363,0
218,452,1.361733078956604,0
218,453,0.08216097950935364,0
218,454,0.880190908908844,0
218,455,0.9877005815505981,0
218,456,1.6081966161727905,0
218,457,0.6363710165023804,0
218,458,1.82270085811615,0
218,459,1.8037893772125244,0
218,460,1.2438384294509888,0
218,461,0.48978546261787415,0
218,462,1.0274466276168823,0
218,463,1.4720993041992188,0
218,464,0.9272043704986572,0
218,465,1.9601728916168213,0
218,466,0.6687250137329102,0
218,467,1.874042272567749,0
218,468,1.6361967325210571,0
218,469,0.17761094868183136,0
218,470,1.2664861679077148,0
218,471,0.13465289771556854,0
218,472,1.05078125,0
218,473,0.28591465950012207,0
218,474,1.5379657745361328,0
218,475,1.1528775691986084,0
218,476,-0.15647220611572266,0
218,477,1.266010046005249,0
218,478,0.7666259407997131,0
218,479,1.0812885761260986,0
218,480,1.1589184999465942,0
218,481,0.6029263734817505,0
218,482,1.5922271013259888,0
218,483,0.7568440437316895,0
218,484,1.0987821817398071,0
218,485,0.36575376987457275,0
218,486,1.606147289276123,0
218,487,1.3567214012145996,0
218,488,1.4584786891937256,0
218,489,0.06591787934303284,0
218,490,1.5719854831695557,0
218,491,1.617408275604248,0
218,492,1.4992421865463257,0
218,493,0.7600401639938354,0
218,494,1.786258339881897,0
218,495,0.008838120847940445,0
218,496,1.944460153579712,0
218,497,-0.5086938142776489,0
218,498,0.3095942437648773,0
218,499,0.6142259240150452,0
218,500,1.4658130407333374,0
218,501,-0.1033501923084259,0
218,502,0.559710681438446,0
218,503,0.7435816526412964,0
218,504,0.733224093914032,0
218,505,0.6594774723052979,0
218,506,1.7453992366790771,0
218,507,2.021230936050415,0
218,508,1.361264944076538,0
218,509,0.52858966588974,0
218,510,2.101320743560791,0
218,511,0.5377956032752991,0
218,512,1.295415997505188,0
218,513,1.4493751525878906,0
218,514,0.8501498699188232,0
218,515,1.3269962072372437,0
218,516,1.6857481002807617,0
218,517,0.6926488280296326,0
218,518,1.065440058708191,0
218,519,0.2555118203163147,0
218,520,1.3083797693252563,0
218,521,0.3551972508430481,0
218,522,0.9948077201843262,0
218,523,0.7686561942100525,0
218,524,1.1012850999832153,0
218,525,0.3721129298210144,0
218,526,0.47078368067741394,0
218,527,1.356251835823059,0
218,528,0.2818746864795685,0
218,529,0.4894424080848694,0
218,530,1.5899916887283325,0
218,531,1.461419701576233,0
219,0,0.09171935170888901,0
219,1,-1.1055678129196167,0
219,2,-0.2636575400829315,0
219,3,-0.5611523985862732,0
219,4,-0.24073046445846558,0
219,5,-0.5401572585105896,0
219,6,-0.004204304423183203,0
219,7,-0.4604754149913788,0
219,8,0.9687254428863525,0
219,9,-0.6334503889083862,0
219,10,-0.13024500012397766,0
219,11,-0.126583993434906,0
219,12,-0.4966793954372406,0
219,13,0.7890713810920715,0
219,14,0.5844342112541199,0
219,15,-0.7407834529876709,0
219,16,0.4571744203567505,0
219,17,-0.5339412093162537,0
219,18,-0.29288768768310547,0
219,19,0.5635490417480469,0
219,20,-0.012712075375020504,0
219,21,-0.7298221588134766,0
219,22,0.0980319157242775,0
219,23,0.2130163162946701,0
219,24,-0.4235436022281647,0
219,25,0.35623714327812195,0
219,26,0.5338065028190613,0
219,27,0.44990307092666626,0
219,28,0.041735269129276276,0
219,29,0.37843257188796997,0
219,30,-0.2674184739589691,0
219,31,-0.590386688709259,0
219,32,-0.6094992756843567,0
219,33,-0.7209208607673645,0
219,34,0.018595192581415176,0
219,35,0.44544342160224915,0
219,36,0.027630873024463654,0
219,37,-0.5195720195770264,0
219,38,-0.30416640639305115,0
219,39,0.2845354974269867,0
219,40,0.022646775469183922,0
219,41,-0.35396355390548706,0
219,42,-0.3366612493991852,0
219,43,-0.5360783338546753,0
219,44,1.0772641897201538,0
219,45,0.5443253517150879,0
219,46,-1.6862441301345825,0
219,47,-0.7044475078582764,0
219,48,-0.768683671951294,0
219,49,-0.5632126331329346,0
219,50,-0.30150091648101807,0
219,51,-1.5693440437316895,0
219,52,0.23680351674556732,0
219,53,-0.11597850173711777,0
219,54,-0.4313070774078369,0
219,55,-0.05836169794201851,0
219,56,0.7405985593795776,0
219,57,-0.24567286670207977,0
219,58,0.2340099811553955,0
219,59,0.03738367557525635,0
219,60,-0.11346800625324249,0
219,61,0.3913007974624634,0
219,62,-0.29078391194343567,0
219,63,-0.8870196342468262,0
219,64,-0.057158127427101135,0
219,65,-0.6808936595916748,0
219,66,-0.39795562624931335,0
219,67,0.14415383338928223,0
219,68,-0.5089623332023621,0
219,69,-0.10842429846525192,0
219,70,-0.3228161633014679,0
219,71,0.4189402759075165,0
219,72,-0.3181057572364807,0
219,73,0.5629648566246033,0
219,74,-0.4196571111679077,0
219,75,-0.24250297248363495,0
219,76,-0.302688866853714,0
219,77,-0.1707765907049179,0
219,78,0.17295458912849426,0
219,79,1.163655400276184,0
219,80,-0.421414852142334,0
219,81,-0.04622780159115791,0
219,82,-0.7843724489212036,0
219,83,-1.0928226709365845,0
219,84,-0.21706104278564453,0
219,85,-0.6075424551963806,0
219,86,-0.3699621558189392,0
219,87,-0.31616708636283875,0
219,88,0.2961978614330292,0
219,89,-0.45429012179374695,0
219,90,0.6480139493942261,0
219,91,-0.17677442729473114,0
219,92,-0.16559481620788574,0
219,93,0.04989311471581459,0
219,94,-0.6114347577095032,0
219,95,-0.1775578260421753,0
219,96,-0.27501147985458374,0
219,97,-0.12572993338108063,0
219,98,-0.6430741548538208,0
219,99,-0.2522299885749817,0
219,100,-0.11055772751569748,0
219,101,0.037524204701185226,0
219,102,-0.026598185300827026,0
219,103,-0.2584044337272644,0
219,104,-0.514904260635376,0
219,105,-0.5334367156028748,0
219,106,0.40031030774116516,0
219,107,-0.943871021270752,0
219,108,-0.19132035970687866,0
219,109,-0.32990315556526184,0
219,110,-0.4348318874835968,0
219,111,-0.10116654634475708,0
219,112,0.0552034005522728,0
219,113,-0.2202727496623993,0
219,114,0.04392083361744881,0
219,115,-0.7260627746582031,0
219,116,0.19832821190357208,0
219,117,-0.45983660221099854,0
219,118,-0.8542618155479431,0
219,119,-0.30354708433151245,0
219,120,0.30113548040390015,0
219,121,0.24198958277702332,0
219,122,0.05162828043103218,0
219,123,-0.22826765477657318,0
219,124,-0.6263655424118042,0
219,125,-0.4922226667404175,0
219,126,-0.018531525507569313,0
219,127,0.15859362483024597,0
219,128,-1.4652692079544067,0
219,129,-0.14809969067573547,0
219,130,-0.43444785475730896,0
219,131,-0.5387696623802185,0
219,132,-0.22466644644737244,0
219,133,0.07319074869155884,0
219,134,0.24343553185462952,0
219,135,-0.21699905395507812,0
219,136,-1.2182859182357788,0
219,137,-0.8714767098426819,0
219,138,-0.6970158815383911,0
219,139,-0.5122660994529724,0
219,140,0.005573246628046036,0
219,141,0.2548058331012726,0
219,142,-0.44335535168647766,0
219,143,-0.4076780080795288,0
219,144,-0.3835585415363312,0
219,145,0.11352334916591644,0
219,146,-0.2765521705150604,0
219,147,0.22507300972938538,0
219,148,0.5074059367179871,0
219,149,0.0005231288378126919,0
219,150,-0.8956634998321533,0
219,151,-1.118674635887146,0
219,152,-0.07293864339590073,0
219,153,-0.3090343773365021,0
219,154,-0.24148724973201752,0
219,155,0.21084392070770264,0
219,156,-0.06272654235363007,0
219,157,-0.16422557830810547,0
219,158,0.47671249508857727,0
219,159,-0.7661932706832886,0
219,160,-0.18587294220924377,0
219,161,-0.5251444578170776,0
219,162,0.26491591334342957,0
219,163,-0.5307284593582153,0
219,164,-1.0137379169464111,0
219,165,0.14332842826843262,0
219,166,-0.05625511705875397,0
219,167,-0.28287550806999207,0
219,168,-0.47608333826065063,0
219,169,0.155058354139328,0
219,170,-0.16948996484279633,0
219,171,-0.2679066061973572,0
219,172,0.7954701781272888,0
219,173,0.26606154441833496,0
219,174,-0.4167078733444214,0
219,175,-0.8951762318611145,0
219,176,-0.369843453168869,0
219,177,0.300523042678833,0
219,178,-0.8893685936927795,0
219,179,0.9926304221153259,0
219,180,-0.11057494580745697,0
219,181,-0.5670364499092102,0
219,182,-0.5153887867927551,0
219,183,0.1962851732969284,0
219,184,-0.5706296563148499,0
219,185,-0.5707195401191711,0
219,186,-0.14364421367645264,0
219,187,-1.0513275861740112,0
219,188,-0.6312215924263,0
219,189,0.13331715762615204,0
219,190,-0.49515098333358765,0
219,191,-0.19639025628566742,0
219,192,0.4338069558143616,0
219,193,-0.32714539766311646,0
219,194,0.057422835379838943,0
219,195,-0.45876544713974,0
219,196,0.021754100918769836,0
219,197,-0.36975759267807007,0
219,198,-0.23778600990772247,0
219,199,-0.010454736649990082,0
219,200,-0.6526948809623718,0
219,201,0.5820279717445374,0
219,202,0.05465985834598541,0
219,203,-0.4304782450199127,0
219,204,-1.2869387865066528,0
219,205,-0.7909014225006104,0
219,206,-0.7822222709655762,0
219,207,0.22934836149215698,0
219,208,0.19024915993213654,0
219,209,-1.0656307935714722,0
219,210,0.6519899964332581,0
219,211,-0.7867368459701538,0
219,212,-0.5152099132537842,0
219,213,-0.6492880582809448,0
219,214,-0.8329148292541504,0
219,215,-0.5791235566139221,0
219,216,0.10041908174753189,0
219,217,0.4934544265270233,0
219,218,-0.3667982816696167,0
219,219,-0.5557290315628052,0
219,220,-0.14938324689865112,0
219,221,-0.6353416442871094,0
219,222,-0.7193202376365662,0
219,223,-0.23558968305587769,0
219,224,0.14042389392852783,0
219,225,-0.00927096325904131,0
219,226,0.03210467845201492,0
219,227,0.002838775282725692,0
219,228,-0.32104596495628357,0
219,229,0.30548587441444397,0
219,230,0.1575014740228653,0
219,231,-0.5420403480529785,0
219,232,-0.9729774594306946,0
219,233,0.15571103990077972,0
219,234,-0.36864179372787476,0
219,235,-0.03224398195743561,0
219,236,0.9044281840324402,0
219,237,-0.24066168069839478,0
219,238,0.5123105049133301,0
219,239,0.10458572953939438,0
219,240,-0.3192771077156067,0
219,241,0.41832998394966125,0
219,242,0.07000848650932312,0
219,243,0.32546141743659973,0
219,244,-0.4462244510650635,0
219,245,-1.705601692199707,0
219,246,-1.1106717586517334,0
219,247,-0.33034011721611023,0
219,248,0.3272565007209778,0
219,249,-0.20334523916244507,0
219,250,-0.0764387771487236,0
219,251,0.21250076591968536,0
219,252,1.2318847179412842,0
219,253,-0.3572501540184021,0
219,254,0.37811341881752014,0
219,255,1.3196377754211426,0
219,256,1.481728196144104,0
219,257,0.028133319690823555,0
219,258,1.3282161951065063,0
219,259,-0.11041031032800674,0
219,260,2.0438427925109863,0
219,261,0.02826232835650444,0
219,262,1.3649249076843262,0
219,263,1.708659052848816,0
219,264,0.8592670559883118,0
219,265,1.220125436782837,0
219,266,0.2744520604610443,0
219,267,1.1768460273742676,0
219,268,2.011934280395508,0
219,269,0.35179266333580017,0
219,270,0.7642085552215576,0
219,271,3.087076187133789,0
219,272,1.5752172470092773,0
219,273,1.2169305086135864,0
219,274,0.33353230357170105,0
219,275,0.44084352254867554,0
219,276,1.3393981456756592,0
219,277,1.629343867301941,0
219,278,0.22351498901844025,0
219,279,1.4607722759246826,0
219,280,0.5658907890319824,0
219,281,0.48958852887153625,0
219,282,-0.656071662902832,0
219,283,0.8710159063339233,0
219,284,0.9090868830680847,0
219,285,1.6395550966262817,0
219,286,-0.10286486893892288,0
219,287,1.304932713508606,0
219,288,-0.026067201048135757,0
219,289,-0.07489829510450363,0
219,290,0.5054081678390503,0
219,291,0.22346916794776917,0
219,292,0.25806230306625366,0
219,293,0.9222643375396729,0
219,294,0.07452300935983658,0
219,295,0.1337917447090149,0
219,296,1.1668999195098877,0
219,297,1.1097137928009033,0
219,298,0.9761978983879089,0
219,299,0.29866641759872437,0
219,300,0.4582492709159851,0
219,301,0.2104809433221817,0
219,302,0.11259301006793976,0
219,303,0.9177037477493286,0
219,304,0.6473450660705566,0
219,305,0.7910387516021729,0
219,306,1.9520180225372314,0
219,307,0.8321577310562134,0
219,308,1.6506329774856567,1
219,309,0.8578264117240906,0
219,310,1.1737418174743652,0
219,311,0.832460880279541,0
219,312,1.159182071685791,0
219,313,0.7409041523933411,0
219,314,-0.07446155697107315,0
219,315,0.3453559875488281,0
219,316,1.3101458549499512,0
219,317,1.561962366104126,0
219,318,0.3497980535030365,0
219,319,1.323540449142456,0
219,320,1.7579797506332397,0
219,321,2.348902702331543,0
219,322,0.11498820036649704,1
219,323,0.10630788654088974,0
219,324,0.15768657624721527,1
219,325,1.7157186269760132,0
219,326,-0.24748966097831726,0
219,327,0.8214361071586609,0
219,328,0.045498043298721313,0
219,329,-0.008963624015450478,0
219,330,0.816655158996582,0
219,331,0.4036445915699005,0
219,332,-0.5230582356452942,0
219,333,1.1668999195098877,0
219,334,0.8148934841156006,0
219,335,0.14468108117580414,0
219,336,0.530807614326477,0
219,337,-0.16897015273571014,0
219,338,1.3336654901504517,0
219,339,-0.6102810502052307,0
219,340,0.2450323849916458,0
219,341,2.3763010501861572,0
219,342,0.5075446367263794,0
219,343,0.5628185272216797,0
219,344,1.9452558755874634,0
219,345,-0.6985923647880554,0
219,346,0.524901270866394,0
219,347,0.2670503556728363,0
219,348,0.44300758838653564,0
219,349,0.30770039558410645,0
219,350,1.019008755683899,0
219,351,0.5387550592422485,0
219,352,0.18605807423591614,0
219,353,1.1003895998001099,0
219,354,1.2415577173233032,0
219,355,1.5258234739303589,0
219,356,-0.027998117730021477,0
219,357,0.6965288519859314,0
219,358,1.0682878494262695,0
219,359,0.8395534157752991,0
219,360,1.084343433380127,0
219,361,0.3636671304702759,0
219,362,0.15812110900878906,0
219,363,1.6192572116851807,0
219,364,0.4759417474269867,0
219,365,0.9606680870056152,0
219,366,0.9299877882003784,0
219,367,-0.07596734166145325,0
219,368,0.7455300688743591,0
219,369,0.6556906700134277,0
219,370,0.7060326933860779,0
219,371,-0.22202180325984955,0
219,372,1.0810807943344116,0
219,373,0.6595978736877441,0
219,374,0.6354883909225464,0
219,375,0.9256200790405273,0
219,376,0.27427443861961365,0
219,377,0.9697275757789612,0
219,378,0.1909821778535843,0
219,379,1.0383347272872925,0
219,380,0.33632123470306396,0
219,381,0.6845803260803223,0
219,382,0.6165803670883179,0
219,383,1.0917640924453735,0
219,384,-0.33397459983825684,0
219,385,1.0954035520553589,0
219,386,-0.4519580900669098,0
219,387,0.40287885069847107,0
219,388,0.04255769029259682,0
219,389,1.8018337488174438,0
219,390,0.6793789267539978,0
219,391,1.2283395528793335,0
219,392,0.1202932745218277,0
219,393,0.8064008355140686,0
219,394,-0.5053663849830627,0
219,395,-0.26978012919425964,0
219,396,0.5471187829971313,0
219,397,0.39278340339660645,0
219,398,0.7280134558677673,0
219,399,0.3775345981121063,0
219,400,1.0714280605316162,0
219,401,-0.19063018262386322,0
219,402,1.999894380569458,0
219,403,1.0924228429794312,0
219,404,1.1993242502212524,0
219,405,-0.382710337638855,0
219,406,-0.39445844292640686,0
219,407,-0.30453982949256897,0
219,408,1.2014684677124023,0
219,409,2.1435539722442627,0
219,410,0.8309559226036072,0
219,411,1.2538081407546997,0
219,412,-0.09623025357723236,0
219,413,-0.0725044384598732,0
219,414,0.3869258761405945,0
219,415,-0.09660609811544418,0
219,416,-0.7774019241333008,0
219,417,0.11287009716033936,0
219,418,-0.019262585788965225,0
219,419,0.35941383242607117,0
219,420,0.13469979166984558,0
219,421,0.6893317103385925,0
219,422,1.3835933208465576,0
219,423,1.0376369953155518,0
219,424,-0.09325075149536133,0
219,425,0.5843489766120911,0
219,426,-0.48531007766723633,0
219,427,0.5834263563156128,0
219,428,0.1619831621646881,0
219,429,0.5971030592918396,0
219,430,0.20858238637447357,0
219,431,0.8658332228660583,0
219,432,0.36655160784721375,0
219,433,0.4353289306163788,0
219,434,0.22204452753067017,0
219,435,0.8805868029594421,0
219,436,1.2881569862365723,0
219,437,-0.17497573792934418,0
219,438,1.1518369913101196,0
219,439,0.8039140105247498,0
219,440,0.8900309205055237,0
219,441,1.071001648902893,0
219,442,-0.07890742272138596,0
219,443,0.10007265210151672,0
219,444,0.6806022524833679,0
219,445,0.1475161612033844,0
219,446,0.09676974266767502,0
219,447,1.272828459739685,0
219,448,-0.017134185880422592,0
219,449,0.6787831783294678,0
219,450,-0.1694888025522232,0
219,451,0.29486802220344543,0
219,452,0.7459611296653748,0
219,453,0.24589304625988007,0
219,454,0.45768097043037415,0
219,455,0.47360047698020935,0
219,456,-0.1259772926568985,0
219,457,-0.8053429126739502,0
219,458,0.7307817339897156,0
219,459,0.11038117110729218,0
219,460,2.290806293487549,0
219,461,0.006149169988930225,0
219,462,0.9186878204345703,0
219,463,0.5603774785995483,0
219,464,2.6076924800872803,0
219,465,0.7790966033935547,0
219,466,1.245208501815796,0
219,467,0.9623277187347412,0
219,468,0.12169019877910614,0
219,469,1.3486469984054565,0
219,470,-0.2510589063167572,0
219,471,-0.02542557194828987,0
219,472,-0.14431877434253693,0
219,473,1.8804311752319336,0
219,474,0.2617281377315521,0
219,475,0.8828276991844177,0
219,476,1.3899462223052979,0
219,477,0.6831703782081604,0
219,478,0.816709578037262,0
219,479,1.5911080837249756,0
219,480,1.2255021333694458,0
219,481,1.4778159856796265,0
219,482,1.0954591035842896,0
219,483,1.047872543334961,0
219,484,-0.5738582611083984,0
219,485,0.2655112147331238,0
219,486,1.6772104501724243,0
219,487,1.5025887489318848,0
219,488,0.14726611971855164,0
219,489,0.4148605465888977,0
219,490,1.1927788257598877,0
219,491,1.1112648248672485,0
219,492,0.24519316852092743,0
219,493,0.37189969420433044,0
219,494,1.4642962217330933,0
219,495,0.8820109963417053,0
219,496,1.3297595977783203,0
219,497,-0.1578081101179123,0
219,498,0.1906282603740692,0
219,499,0.2880353033542633,0
219,500,0.5709152817726135,0
219,501,-0.878891110420227,0
219,502,0.8479298949241638,0
219,503,0.294078528881073,0
219,504,0.4224936366081238,0
219,505,2.0443122386932373,0
219,506,0.579976499080658,0
219,507,0.8734035491943359,0
219,508,1.3222285509109497,0
219,509,0.887999951839447,0
219,510,0.968903660774231,0
219,511,0.8684861063957214,0
219,512,0.8967514038085938,0
219,513,0.536628007888794,0
219,514,0.5722553730010986,0
219,515,0.9992991089820862,0
219,516,1.698752760887146,0
219,517,0.5316383242607117,0
219,518,1.5982650518417358,0
219,519,-0.3148869574069977,0
219,520,0.590677797794342,0
219,521,-0.3824944496154785,0
219,522,0.8534708619117737,0
219,523,-0.04063338413834572,0
219,524,0.22149613499641418,0
219,525,0.5789684057235718,0
219,526,-0.4447948932647705,0
219,527,0.303257018327713,0
219,528,0.6051585078239441,0
219,529,0.9450219869613647,0
219,530,0.8892673850059509,0
219,531,0.8920325636863708,0
239,0,0.29246869683265686,0
239,1,0.46116966009140015,0
239,2,1.5102968215942383,0
239,3,0.42011934518814087,0
239,4,0.5331168174743652,0
239,5,0.26192009449005127,0
239,6,0.9558878540992737,0
239,7,0.11738651245832443,0
239,8,-0.03698015585541725,0
239,9,0.4169899523258209,0
239,10,1.1363866329193115,0
239,11,1.0531431436538696,0
239,12,0.652959942817688,0
239,13,0.06435050070285797,0
239,14,0.55909663438797,0
239,15,0.15127785503864288,0
239,16,0.36735999584198,0
239,17,0.9817959070205688,0
239,18,0.8985226154327393,0
239,19,0.42993396520614624,0
239,20,0.09899956732988358,0
239,21,1.121288537979126,0
239,22,0.43773218989372253,0
239,23,0.14224585890769958,0
239,24,-0.00922328606247902,0
239,25,0.6718373894691467,0
239,26,0.17908059060573578,0
239,27,0.6538881659507751,0
239,28,0.36126548051834106,0
239,29,0.37628546357154846,0
239,30,0.9658491015434265,0
239,31,-0.9827207326889038,0
239,32,1.0732429027557373,0
239,33,0.5882737040519714,0
239,34,0.4124290347099304,0
239,35,0.3791907727718353,0
239,36,-0.33819839358329773,0
239,37,0.2930294871330261,0
239,38,0.03651667758822441,0
239,39,1.237233281135559,0
239,40,0.512286365032196,0
239,41,0.10878700017929077,0
239,42,0.059861596673727036,0
239,43,0.06284698843955994,0
239,44,0.09044624119997025,0
239,45,0.2478438913822174,0
239,46,1.0813404321670532,0
239,47,0.4892457127571106,0
239,48,0.6659943461418152,0
239,49,0.3050348162651062,0
239,50,0.14716356992721558,0
239,51,0.1831638365983963,0
239,52,0.8509625196456909,0
239,53,-0.15045952796936035,0
239,54,0.4958887994289398,0
239,55,0.37164658308029175,0
239,56,0.45545443892478943,0
239,57,0.47760963439941406,0
239,58,0.7628715634346008,0
239,59,-0.0817955732345581,0
239,60,1.336511254310608,0
239,61,0.6028395295143127,0
239,62,1.9066317081451416,0
239,63,0.2891060411930084,0
239,64,0.5493223071098328,0
239,65,0.006644807290285826,0
239,66,-0.05719704180955887,0
239,67,0.46955233812332153,0
239,68,0.5434687733650208,0
239,69,0.16534987092018127,0
239,70,1.0370874404907227,0
239,71,-0.6202897429466248,0
239,72,0.5546749830245972,0
239,73,0.15608181059360504,0
239,74,0.33097729086875916,0
239,75,0.6992136836051941,0
239,76,0.46157127618789673,0
239,77,0.28499743342399597,0
239,78,0.44980648159980774,0
239,79,0.08290565013885498,0
239,80,0.4895315170288086,0
239,81,0.23653551936149597,0
239,82,0.28859686851501465,0
239,83,1.4953606128692627,0
239,84,0.7510265111923218,0
239,85,0.07692764699459076,0
239,86,0.2970103621482849,0
239,87,0.7952621579170227,0
239,88,0.8134748935699463,0
239,89,0.787119448184967,0
239,90,0.6796410083770752,0
239,91,0.40832725167274475,0
239,92,0.6651873588562012,0
239,93,0.3336145281791687,0
239,94,0.5085151195526123,0
239,95,0.9844762682914734,0
239,96,-0.21777397394180298,0
239,97,1.2216646671295166,0
239,98,-0.12963631749153137,0
239,99,0.235602468252182,0
239,100,1.1232858896255493,0
239,101,-0.40215611457824707,0
239,102,0.5033121109008789,0
239,103,0.20397384464740753,0
239,104,0.4175618290901184,0
239,105,1.2972569465637207,0
239,106,0.45883500576019287,0
239,107,0.4773707389831543,0
239,108,0.15428979694843292,0
239,109,-0.15677233040332794,0
239,110,-0.570408046245575,0
239,111,-0.6753958463668823,0
239,112,-0.41301992535591125,0
239,113,0.8451896905899048,0
239,114,0.25963106751441956,0
239,115,0.5632402300834656,0
239,116,-0.28527531027793884,0
239,117,-0.380191445350647,0
239,118,-0.671036422252655,0
239,119,0.0282172542065382,0
239,120,-0.23338814079761505,0
239,121,-0.36658209562301636,0
239,122,0.3110760450363159,0
239,123,-0.5003616809844971,0
239,124,0.6586825251579285,0
239,125,0.8461815118789673,0
239,126,0.34021058678627014,0
239,127,-0.5320347547531128,0
239,128,-0.09504725784063339,0
239,129,-0.37510988116264343,0
239,130,0.09343727678060532,0
239,131,-0.9372197389602661,0
239,132,0.8805240988731384,0
239,133,-0.16702739894390106,0
239,134,1.1791431903839111,0
239,135,0.2762822210788727,0
239,136,0.5915403366088867,0
239,137,-0.14254702627658844,0
239,138,0.4102032780647278,0
239,139,-0.77253258228302,0
239,140,0.4634323716163635,0
239,141,0.8326712846755981,0
239,142,-0.48803338408470154,0
239,143,0.26626452803611755,0
239,144,0.5691944360733032,0
239,145,-0.5382339954376221,0
239,146,-0.05122998729348183,0
239,147,-0.10223764926195145,0
239,148,0.35546496510505676,0
239,149,0.13288556039333344,0
239,150,0.1974032074213028,0
239,151,0.0633992925286293,0
239,152,-0.37244313955307007,0
239,153,-0.0785888135433197,0
239,154,0.6674308180809021,0
239,155,0.331134557723999,0
239,156,0.29628050327301025,0
239,157,0.0511140376329422,0
239,158,-0.6149871349334717,0
239,159,0.305869460105896,0
239,160,0.2748359441757202,0
239,161,1.4502202272415161,0
239,162,1.1074546575546265,0
239,163,-0.3448643088340759,0
239,164,0.021395841613411903,0
239,165,0.17440462112426758,0
239,166,0.8052818179130554,0
239,167,0.2571386992931366,0
239,168,0.061595652252435684,0
239,169,0.2887960970401764,0
239,170,1.2945579290390015,0
239,171,0.8676849007606506,0
239,172,0.6861457228660583,0
239,173,0.7516821026802063,0
239,174,0.33190780878067017,0
239,175,0.19313901662826538,0
239,176,-0.29161742329597473,0
239,177,1.1625158786773682,0
239,178,-0.28535059094429016,0
239,179,-0.33575499057769775,0
239,180,-0.5228756666183472,0
239,181,0.5089214444160461,0
239,182,0.7610052824020386,0
239,183,-0.6373795866966248,0
239,184,1.440185785293579,0
239,185,-0.2061750590801239,0
239,186,-0.10837510973215103,0
239,187,1.0100349187850952,0
239,188,-0.26840779185295105,0
239,189,-0.637053370475769,0
239,190,0.24936175346374512,0
239,191,0.7159151434898376,0
239,192,-0.13251522183418274,0
239,193,1.0174514055252075,0
239,194,0.1839110404253006,0
239,195,-0.725165843963623,0
239,196,-0.30743804574012756,0
239,197,0.2752320170402527,0
239,198,0.4283309280872345,0
239,199,0.8312899470329285,0
239,200,0.7346858978271484,0
239,201,0.38667193055152893,0
239,202,0.8745052814483643,0
239,203,0.6945962905883789,0
239,204,0.4329717457294464,0
239,205,0.7166142463684082,0
239,206,-0.9243815541267395,0
239,207,1.2028841972351074,0
239,208,0.9019467234611511,0
239,209,-0.35405007004737854,0
239,210,0.7662671208381653,0
239,211,-0.0629313662648201,0
239,212,-0.24659815430641174,0
239,213,0.08019457757472992,0
239,214,0.21973849833011627,0
239,215,1.0880379676818848,0
239,216,0.1724708080291748,0
239,217,0.5484349131584167,0
239,218,0.973198413848877,0
239,219,-0.08101485669612885,0
239,220,0.8773109316825867,0
239,221,0.8543428778648376,0
239,222,1.0308849811553955,0
239,223,-0.2651606500148773,0
239,224,0.10989400744438171,0
239,225,-0.12321221828460693,0
239,226,1.215938925743103,0
239,227,-0.08586634695529938,0
239,228,0.02635483257472515,0
239,229,0.9180561900138855,0
239,230,1.3089390993118286,0
239,231,0.3226858675479889,0
239,232,1.385137915611267,0
239,233,-0.3391164243221283,0
239,234,0.3489711284637451,0
239,235,0.13854055106639862,0
239,236,-0.019826678559184074,0
239,237,0.3456101715564728,0
239,238,0.6600821614265442,0
239,239,1.1473917961120605,0
239,240,0.3371434211730957,0
239,241,0.7501453161239624,0
239,242,0.7209140062332153,0
239,243,-0.2663553059101105,0
239,244,-0.08599022030830383,0
239,245,0.7210663557052612,0
239,246,-0.23529569804668427,0
239,247,0.582699179649353,0
239,248,0.34295856952667236,0
239,249,1.011371374130249,0
239,250,0.9395986199378967,0
239,251,1.3713290691375732,0
239,252,0.10846781730651855,0
239,253,0.49511781334877014,0
239,254,0.35694342851638794,0
239,255,0.2545510530471802,0
239,256,-0.7131903767585754,0
239,257,0.4878770709037781,0
239,258,0.06236967816948891,0
239,259,0.5860131978988647,0
239,260,-0.5806689262390137,0
239,261,0.7160047292709351,0
239,262,-0.2689141631126404,0
239,263,-1.067618727684021,0
239,264,1.2839921712875366,0
239,265,-0.2555181384086609,0
239,266,0.07861194014549255,0
239,267,0.49587351083755493,0
239,268,0.6085142493247986,0
239,269,1.1660468578338623,0
239,270,-0.22551991045475006,0
239,271,0.28990721702575684,0
239,272,1.4002771377563477,0
239,273,0.3867616653442383,0
239,274,1.903995394706726,0
239,275,0.8549811840057373,0
239,276,0.49730050563812256,0
239,277,-0.5271814465522766,0
239,278,0.7132070064544678,0
239,279,0.26333144307136536,0
239,280,1.165503740310669,0
239,281,1.0167495012283325,0
239,282,0.821172833442688,0
239,283,1.3398064374923706,0
239,284,0.496113121509552,0
239,285,0.8120140433311462,0
239,286,0.8582802414894104,0
239,287,0.2697209417819977,0
239,288,0.16354577243328094,0
239,289,0.6573799252510071,0
239,290,1.0496670007705688,0
239,291,0.8391345143318176,0
239,292,1.7856451272964478,0
239,293,0.9463633298873901,1
239,294,1.2994779348373413,0
239,295,-0.28042304515838623,0
239,296,-0.17956572771072388,0
239,297,1.0844814777374268,0
239,298,0.6012356877326965,0
239,299,1.8862215280532837,1
239,300,-0.5115019083023071,0
239,301,0.4536677896976471,0
239,302,1.2889069318771362,0
239,303,-0.1416841298341751,0
239,304,0.7238771915435791,0
239,305,1.0400724411010742,0
239,306,0.7852088809013367,0
239,307,1.1537708044052124,1
239,308,0.26623842120170593,0
239,309,-0.0015786370495334268,1
239,310,-0.4186377227306366,0
239,311,2.5962283611297607,0
239,312,0.2877585291862488,0
239,313,0.3930225372314453,0
239,314,0.5627880692481995,1
239,315,0.5839782357215881,0
239,316,1.2720246315002441,0
239,317,0.5453971028327942,0
239,318,0.5909838080406189,0
239,319,0.6823074221611023,0
239,320,0.410487562417984,0
239,321,0.55943763256073,0
239,322,0.6708027720451355,0
239,323,1.2027113437652588,0
239,324,0.06780334562063217,0
239,325,-0.3337273895740509,0
239,326,0.6964794993400574,0
239,327,1.2361894845962524,0
239,328,1.4274557828903198,0
239,329,0.7584882974624634,0
239,330,0.5225028991699219,0
239,331,0.5037312507629395,0
239,332,0.7273140549659729,0
239,333,0.5935124754905701,0
239,334,1.0225001573562622,0
239,335,0.5971764922142029,0
239,336,0.7612561583518982,0
239,337,1.5998461246490479,0
239,338,-0.2392682582139969,0
239,339,0.87079256772995,0
239,340,0.757297694683075,0
239,341,-0.1372295767068863,0
239,342,0.7658017873764038,0
239,343,0.5027061104774475,0
239,344,0.6869214773178101,0
239,345,1.5133105516433716,0
239,346,1.078545093536377,0
239,347,0.1724379062652588,0
239,348,1.3441177606582642,0
239,349,1.4513779878616333,0
239,350,-0.10596439987421036,0
239,351,1.4134221076965332,0
239,352,1.057421088218689,0
239,353,0.6730608940124512,0
239,354,0.39865344762802124,0
239,355,1.3302154541015625,0
239,356,0.6747086644172668,0
239,357,0.20938237011432648,0
239,358,0.7587621212005615,0
239,359,-0.6500470638275146,0
239,360,1.492544174194336,0
239,361,1.7838973999023438,0
239,362,0.4431166350841522,0
239,363,-0.002082390245050192,0
239,364,1.1266722679138184,0
239,365,-0.1643275022506714,0
239,366,1.3128992319107056,0
239,367,2.036684036254883,0
239,368,0.9033681750297546,0
239,369,0.24565650522708893,0
239,370,0.6163027882575989,0
239,371,1.714176058769226,0
239,372,1.5402053594589233,0
239,373,-0.3462066650390625,0
239,374,1.351664662361145,0
239,375,1.409293532371521,0
239,376,0.004955808166414499,0
239,377,0.8503863215446472,0
239,378,0.9288010597229004,0
239,379,0.37504690885543823,0
239,380,0.9787519574165344,0
239,381,1.9555350542068481,0
239,382,1.0019962787628174,0
239,383,0.8970696926116943,0
239,384,0.7516027688980103,0
239,385,-0.025824621319770813,0
239,386,0.3958008587360382,0
239,387,0.794579267501831,0
239,388,1.7778334617614746,0
239,389,0.6163517236709595,0
239,390,1.1920900344848633,0
239,391,1.1288447380065918,0
239,392,0.42018184065818787,0
239,393,1.0782181024551392,0
239,394,1.157271385192871,0
239,395,-0.12905512750148773,0
239,396,0.44598013162612915,0
239,397,0.7278577089309692,0
239,398,1.3041437864303589,0
239,399,0.8194463849067688,0
239,400,-0.09100231528282166,0
239,401,0.32228177785873413,0
239,402,0.0022241456899791956,0
239,403,0.5342527627944946,0
239,404,0.44677358865737915,0
239,405,1.789688229560852,0
239,406,1.0761349201202393,0
239,407,0.4479810297489166,0
239,408,1.0039494037628174,0
239,409,-0.5898690223693848,0
239,410,1.099492073059082,0
239,411,-0.07145173102617264,0
239,412,0.7693926692008972,0
239,413,0.722659170627594,0
239,414,1.211086630821228,0
239,415,1.3999605178833008,0
239,416,0.3933661878108978,0
239,417,0.7806673645973206,0
239,418,1.6373283863067627,0
239,419,1.0429165363311768,0
239,420,1.6107771396636963,0
239,421,1.2153297662734985,0
239,422,0.9482426643371582,0
239,423,1.2808781862258911,0
239,424,0.2714099884033203,0
239,425,0.4312268793582916,0
239,426,0.6909646987915039,0
239,427,0.21798205375671387,0
239,428,1.4203596115112305,0
239,429,0.7207922339439392,0
239,430,1.3080142736434937,0
239,431,1.237999439239502,0
239,432,1.1282317638397217,0
239,433,0.19258706271648407,0
239,434,1.2822725772857666,0
239,435,0.47396740317344666,0
239,436,0.2808901369571686,0
239,437,0.4778137803077698,0
239,438,-0.21024468541145325,0
239,439,1.5996882915496826,0
239,440,1.1759248971939087,0
239,441,0.3808537721633911,0
239,442,1.0603669881820679,0
239,443,1.097537875175476,0
239,444,-0.327440470457077,0
239,445,0.5380649566650391,0
239,446,0.8979800939559937,0
239,447,1.5846554040908813,0
239,448,1.165981411933899,0
239,449,1.4030237197875977,0
239,450,1.0094305276870728,0
239,451,1.2691380977630615,0
239,452,1.2503398656845093,0
239,453,0.518787682056427,0
239,454,0.7036609053611755,0
239,455,0.46426162123680115,0
239,456,2.1395342350006104,0
239,457,1.0919095277786255,0
239,458,1.5072476863861084,0
239,459,0.668788492679596,0
239,460,-0.03103289194405079,0
239,461,0.6173923015594482,0
239,462,0.8221337199211121,0
239,463,0.8086754679679871,0
239,464,-0.18547484278678894,0
239,465,1.8695693016052246,0
239,466,0.48996156454086304,0
239,467,0.8229555487632751,0
239,468,1.3808608055114746,0
239,469,-0.4839451014995575,0
239,470,0.8194432854652405,0
239,471,0.03591283783316612,0
239,472,0.6309178471565247,0
239,473,-0.6482635736465454,0
239,474,1.1727181673049927,0
239,475,0.5380100607872009,0
239,476,-1.0118659734725952,0
239,477,1.4317232370376587,0
239,478,-0.3573603332042694,0
239,479,-0.06687656790018082,0
239,480,0.26079460978507996,0
239,481,0.2884109318256378,0
239,482,0.5222225785255432,0
239,483,1.000481367111206,0
239,484,1.2649755477905273,0
239,485,0.9748237729072571,0
239,486,0.5981411337852478,0
239,487,0.06924812495708466,0
239,488,2.068028688430786,0
239,489,0.4110451936721802,0
239,490,0.8878660798072815,0
239,491,1.2428488731384277,0
239,492,0.8878535032272339,0
239,493,0.5320692658424377,0
239,494,1.3844497203826904,0
239,495,0.10352637618780136,0
239,496,0.543194055557251,0
239,497,0.024647241458296776,0
239,498,1.1514273881912231,0
239,499,0.8743242621421814,0
239,500,-0.015944577753543854,0
239,501,0.7062234878540039,0
239,502,-0.4530060589313507,0
239,503,0.5136474370956421,0
239,504,0.7663391828536987,0
239,505,-0.42412611842155457,0
239,506,1.4323837757110596,0
239,507,1.395107626914978,0
239,508,0.3013768494129181,0
239,509,-0.04574107751250267,0
239,510,1.4012541770935059,0
239,511,0.7868764400482178,0
239,512,1.180046796798706,0
239,513,0.26918303966522217,0
239,514,0.6399233937263489,0
239,515,1.484350562095642,0
239,516,0.6004822850227356,0
239,517,0.9380250573158264,0
239,518,-0.06353925168514252,0
239,519,1.287009835243225,0
239,520,1.1025257110595703,0
239,521,0.13782291114330292,0
239,522,0.05342511460185051,0
239,523,1.0859248638153076,0
239,524,1.5099570751190186,0
239,525,0.9120970368385315,0
239,526,1.1996408700942993,0
239,527,0.9275739192962646,0
239,528,0.10187383741140366,0
239,529,0.6198012232780457,0
239,530,1.1921086311340332,0
239,531,0.9592732191085815,0
