user_id,item_id,prediction,actual
14,0,-1.400804877281189,0
14,1,-0.22111867368221283,0
14,2,0.3549693524837494,0
14,3,0.4366944432258606,0
14,4,-0.04312191158533096,0
14,5,-0.6506043076515198,0
14,6,-0.377792090177536,0
14,7,-1.361180067062378,0
14,8,0.06660279631614685,0
14,9,0.049172114580869675,0
14,10,0.015076003968715668,0
14,11,-1.0126577615737915,0
14,12,0.09494826197624207,0
14,13,-0.3983701765537262,0
14,14,-0.5222840309143066,0
14,15,0.02660520002245903,0
14,16,-1.3148789405822754,0
14,17,0.24979917705059052,0
14,18,0.9400556683540344,0
14,19,-0.2796972095966339,0
14,20,0.4071720540523529,0
14,21,-0.3740783929824829,0
14,22,-1.1529207229614258,0
14,23,-0.31842032074928284,0
14,24,-0.9922522902488708,0
14,25,-0.940621554851532,0
14,26,-0.5207361578941345,0
14,27,-0.740033745765686,0
14,28,0.1920963078737259,0
14,29,0.5847581624984741,0
14,30,-0.0859733298420906,0
14,31,0.04043338820338249,0
14,32,-1.0397754907608032,0
14,33,-0.45011427998542786,0
14,34,-0.846938967704773,0
14,35,-0.4416974186897278,0
14,36,-0.9436385631561279,0
14,37,-1.0131428241729736,0
14,38,0.3821047246456146,0
14,39,-0.347383052110672,0
14,40,-1.2614420652389526,0
14,41,-0.49491462111473083,0
14,42,-0.1393190175294876,0
14,43,-0.26382648944854736,0
14,44,-0.3749770522117615,0
14,45,-0.7375901341438293,0
14,46,-0.27602535486221313,0
14,47,0.20661982893943787,0
14,48,-0.048647843301296234,0
14,49,0.4951397180557251,0
14,50,-1.058121681213379,0
14,51,0.9425339102745056,0
14,52,0.13815245032310486,0
14,53,-0.501758337020874,0
14,54,-0.21041551232337952,0
14,55,-0.5905939936637878,0
14,56,-1.0045119524002075,0
14,57,-0.5437417030334473,0
14,58,-0.4928814172744751,0
14,59,-0.3909381926059723,0
14,60,0.5109049081802368,0
14,61,0.7910551428794861,0
14,62,0.5454836487770081,0
14,63,-0.1444864124059677,0
14,64,-0.6428914666175842,0
14,65,0.5061230659484863,0
14,66,0.8029951453208923,0
14,67,-0.4910556972026825,0
14,68,-0.06311216950416565,0
14,69,0.4488668739795685,0
14,70,-0.5550559759140015,0
14,71,-0.5135741233825684,0
14,72,-0.039757780730724335,0
14,73,0.03178892657160759,0
14,74,-0.01522559579461813,0
14,75,-0.0310687068849802,0
14,76,0.49806830286979675,0
14,77,-1.047857403755188,0
14,78,-0.05675310641527176,0
14,79,0.6846336722373962,0
14,80,-0.6417692303657532,0
14,81,0.05533238872885704,0
14,82,-1.2524858713150024,0
14,83,0.5037434101104736,0
14,84,-0.5154702663421631,0
14,85,0.2213881015777588,0
14,86,0.17682179808616638,0
14,87,0.9860843420028687,0
14,88,-0.9203900098800659,0
14,89,-0.7185801863670349,0
14,90,0.5717583894729614,0
14,91,0.48375681042671204,0
14,92,-0.5004128217697144,0
14,93,-0.42638078331947327,0
14,94,-0.05506836250424385,0
14,95,0.3916691243648529,0
14,96,-0.18878822028636932,0
14,97,0.3153446316719055,0
14,98,0.22677907347679138,0
14,99,0.28234848380088806,0
14,100,-0.22994664311408997,0
14,101,0.1407150775194168,0
14,102,-1.2419164180755615,0
14,103,0.14706362783908844,0
14,104,0.2645098567008972,0
14,105,-0.43478304147720337,0
14,106,0.5117197036743164,0
14,107,-0.019708598032593727,0
14,108,-0.7010742425918579,0
14,109,0.5032919645309448,0
14,110,0.2156931459903717,0
14,111,-0.6081970930099487,0
14,112,0.018435444682836533,0
14,113,-0.15881070494651794,0
14,114,-0.8211695551872253,0
14,115,0.07529480010271072,0
14,116,0.34132665395736694,0
14,117,0.3304029405117035,0
14,118,0.6497366428375244,0
14,119,-0.9606509208679199,0
14,120,-0.8435426950454712,0
14,121,-0.2669537365436554,0
14,122,-0.840895414352417,0
14,123,-0.39304548501968384,0
14,124,-1.2033308744430542,0
14,125,0.7470407485961914,0
14,126,-1.0378789901733398,0
14,127,-0.1080225482583046,0
14,128,1.0227395296096802,0
14,129,-0.5257647037506104,0
14,130,0.7444876432418823,0
14,131,0.07660317420959473,0
14,132,-0.40449798107147217,0
14,133,0.9951042532920837,0
14,134,0.03210611268877983,0
14,135,-0.09393888711929321,0
14,136,0.27814677357673645,0
14,137,-0.008787992410361767,0
14,138,-0.8803062438964844,0
14,139,-0.9134561419487,0
14,140,-0.21449096500873566,0
14,141,-0.48648446798324585,0
14,142,0.21334324777126312,0
14,143,0.25124073028564453,0
14,144,-0.1362188309431076,0
14,145,0.7838846445083618,0
14,146,-0.4989188015460968,0
14,147,-0.4289274215698242,0
14,148,-0.2398512065410614,0
14,149,0.11466988176107407,0
14,150,0.46727070212364197,0
14,151,1.1772550344467163,0
14,152,0.8853644728660583,0
14,153,0.6130847334861755,0
14,154,-0.49910831451416016,0
14,155,-0.45739489793777466,0
14,156,0.6818117499351501,0
14,157,-0.10758472979068756,0
14,158,-0.45168182253837585,0
14,159,0.1618746966123581,0
14,160,-1.1348797082901,0
14,161,-0.21506494283676147,0
14,162,0.4318826198577881,0
14,163,-0.24389994144439697,0
14,164,-0.025412477552890778,0
14,165,-0.384659081697464,0
14,166,-0.3839230239391327,0
14,167,-0.5772714018821716,0
14,168,0.1417219489812851,0
14,169,-0.412954181432724,0
14,170,-0.9868127107620239,0
14,171,0.06786859035491943,0
14,172,-0.6556869745254517,0
14,173,0.37587982416152954,0
14,174,-0.4545283913612366,0
14,175,1.0055993795394897,0
14,176,0.23204082250595093,0
14,177,0.03468316048383713,0
14,178,0.26366347074508667,0
14,179,-1.2024996280670166,0
14,180,0.5557030439376831,0
14,181,-0.5057733654975891,0
14,182,-0.26049670577049255,0
14,183,0.1910228133201599,0
14,184,0.24450770020484924,0
14,185,-0.3580467700958252,0
14,186,-0.2501777112483978,0
14,187,0.8310461044311523,0
14,188,-0.3330329954624176,0
14,189,0.5193612575531006,0
14,190,0.47303205728530884,0
14,191,-0.6848651170730591,0
14,192,0.4685482084751129,0
14,193,-0.44529446959495544,0
14,194,-0.33539512753486633,0
14,195,0.07945000380277634,0
14,196,-0.1756572425365448,0
14,197,0.8618886470794678,0
14,198,0.475408136844635,0
14,199,-0.5563876032829285,0
14,200,0.5980792045593262,0
14,201,-0.08274299651384354,0
14,202,1.2057626247406006,0
14,203,-0.753208339214325,0
14,204,0.522844672203064,0
14,205,-0.20356103777885437,0
14,206,0.20527946949005127,0
14,207,-0.196412593126297,0
14,208,-0.6339244246482849,0
14,209,0.08518114686012268,0
14,210,0.13118386268615723,0
14,211,0.7325432300567627,0
14,212,0.9966583847999573,0
14,213,-0.26914164423942566,0
14,214,0.3133991062641144,0
14,215,-0.7786564230918884,0
14,216,-0.1945762038230896,0
14,217,0.5794203281402588,0
14,218,0.011620128527283669,0
14,219,-0.013282849453389645,0
14,220,0.023914529010653496,0
14,221,0.3635554611682892,0
14,222,-0.8890920877456665,0
14,223,1.223541259765625,0
14,224,-0.3921334147453308,0
14,225,0.6903940439224243,0
14,226,0.03478708490729332,0
14,227,0.7286335229873657,0
14,228,-0.354200154542923,0
14,229,-0.5436009764671326,0
14,230,0.02867862582206726,0
14,231,-0.7809980511665344,0
14,232,-0.33355793356895447,0
14,233,-0.21976624429225922,0
14,234,-0.1840987205505371,0
14,235,-0.21695442497730255,0
14,236,-0.5649325847625732,0
14,237,-0.7991628050804138,0
14,238,0.6584876179695129,0
14,239,0.9496893882751465,0
14,240,-0.4869422912597656,0
14,241,-0.29122018814086914,0
14,242,0.21083033084869385,0
14,243,-0.7924193739891052,0
14,244,-0.09682486951351166,0
14,245,0.2102520763874054,0
14,246,0.36105379462242126,0
14,247,1.0881831645965576,0
14,248,0.06547931581735611,0
14,249,-0.40105628967285156,0
14,250,-0.8703584671020508,0
14,251,-0.5478624105453491,0
14,252,-0.9891247749328613,0
14,253,0.090654656291008,0
14,254,-0.32462769746780396,0
14,255,0.057212501764297485,0
14,256,-0.07356934994459152,0
14,257,-0.039861440658569336,0
14,258,-0.36214756965637207,0
14,259,-0.21331705152988434,0
14,260,0.050239548087120056,0
14,261,0.3373185992240906,0
14,262,-0.38036447763442993,0
14,263,0.9012144804000854,0
14,264,0.2398073822259903,0
14,265,0.03914482146501541,0
14,266,-0.3234960734844208,0
14,267,0.12139923125505447,0
14,268,-1.0733357667922974,0
14,269,-0.34765711426734924,0
14,270,-0.46925806999206543,0
14,271,-0.4324628710746765,0
14,272,-0.8464055061340332,0
14,273,-1.346279263496399,0
14,274,-0.5723996162414551,0
14,275,0.26499876379966736,0
14,276,-0.2766553461551666,0
14,277,-0.6645869016647339,0
14,278,-0.49295276403427124,0
14,279,-0.5796465873718262,0
14,280,-0.3022029399871826,0
14,281,0.45468178391456604,0
14,282,-0.04245544597506523,0
14,283,0.2995152771472931,0
14,284,-1.026869535446167,0
14,285,-0.27127012610435486,0
14,286,-0.517054557800293,0
14,287,0.23320360481739044,0
14,288,0.03246187046170235,0
14,289,0.47152066230773926,0
14,290,-0.765217661857605,0
14,291,-0.5318499207496643,0
14,292,-0.579613983631134,0
14,293,-0.42529430985450745,0
14,294,-0.008358231745660305,0
14,295,-0.7565540671348572,0
14,296,-0.12462199479341507,0
14,297,0.804844319820404,0
14,298,-0.12928132712841034,0
14,299,0.4067639708518982,0
14,300,0.3708409070968628,0
14,301,-0.15919026732444763,0
14,302,0.40205028653144836,0
14,303,-0.12244229763746262,0
14,304,-0.009765793569386005,0
14,305,-0.019717564806342125,0
14,306,-0.8998321294784546,0
14,307,0.8178608417510986,0
14,308,0.4743301570415497,0
14,309,0.44777530431747437,0
14,310,-0.12649087607860565,0
14,311,-0.10997162759304047,0
14,312,0.36412346363067627,0
14,313,-0.0685359537601471,0
14,314,0.6380686163902283,0
14,315,-0.9141274690628052,0
14,316,0.010122917592525482,0
14,317,-0.6329091191291809,0
14,318,1.3285808563232422,0
14,319,0.47076794505119324,0
14,320,-0.2883590757846832,0
14,321,-1.1093634366989136,0
14,322,-0.7267074584960938,0
14,323,0.2965071201324463,0
14,324,-0.1276472508907318,0
14,325,-1.1334443092346191,0
14,326,-0.24024973809719086,0
14,327,-0.6319347023963928,0
14,328,-1.110005497932434,0
14,329,-0.3264075517654419,0
14,330,0.4125080108642578,0
14,331,-0.219744011759758,0
14,332,0.22403572499752045,0
14,333,0.2369314581155777,0
14,334,-1.084299921989441,0
14,335,0.1291804015636444,0
14,336,1.9576176404953003,0
14,337,-0.8479872345924377,0
14,338,-0.9500319957733154,0
14,339,-0.35078224539756775,0
14,340,0.05487511307001114,0
14,341,-1.2854729890823364,0
14,342,-0.9931138157844543,0
14,343,1.0448026657104492,0
14,344,-0.10219446569681168,0
14,345,-0.7330000400543213,0
14,346,-0.8427178859710693,0
14,347,-0.2510100305080414,0
14,348,-0.7972784042358398,0
14,349,-1.0347986221313477,0
14,350,-0.7740776538848877,0
14,351,0.2856965959072113,0
14,352,0.001701459987089038,0
14,353,-0.43347781896591187,0
14,354,-0.9799923300743103,0
14,355,-0.3156367838382721,0
14,356,-0.09934784471988678,0
14,357,-0.3851548135280609,0
14,358,-0.7440502047538757,0
14,359,0.20578555762767792,0
14,360,-0.30139678716659546,0
14,361,-0.42711010575294495,0
14,362,-1.0274457931518555,0
14,363,-0.30152222514152527,0
14,364,-0.4364301860332489,0
14,365,0.8906528949737549,0
14,366,-0.8138846755027771,0
14,367,0.5505452156066895,0
14,368,0.09301823377609253,0
14,369,0.1971769779920578,0
14,370,-1.3542838096618652,0
14,371,-0.4177098870277405,0
14,372,-0.6567832231521606,0
14,373,-0.22142116725444794,0
14,374,-0.04382093995809555,0
14,375,-0.42563483119010925,0
14,376,-1.7669333219528198,0
14,377,-1.085544466972351,0
14,378,0.7347304821014404,0
14,379,-0.3042253851890564,0
14,380,-0.8695011734962463,0
14,381,0.4415595829486847,0
14,382,-0.2692214846611023,0
14,383,0.1249665915966034,0
14,384,-0.3167353570461273,0
14,385,0.4947294294834137,0
14,386,-0.7738834023475647,0
14,387,-0.7243174910545349,0
14,388,-0.670478105545044,0
14,389,-0.11434552818536758,0
14,390,-0.46407169103622437,0
14,391,-0.4401758313179016,0
14,392,0.22634591162204742,0
14,393,-1.0046106576919556,0
14,394,0.12197121232748032,0
14,395,-0.24718567728996277,0
14,396,0.32218438386917114,0
14,397,-0.014623955823481083,0
14,398,-0.5042583346366882,0
14,399,0.0891021266579628,0
14,400,0.8314998149871826,0
14,401,-0.05025549232959747,0
14,402,0.06985563784837723,0
14,403,-0.5383196473121643,0
14,404,1.0970860719680786,0
14,405,-0.4013107419013977,0
14,406,-1.2599557638168335,0
14,407,-0.4345610737800598,1
14,408,-0.9617907404899597,0
14,409,0.31294071674346924,1
14,410,0.07284000515937805,0
14,411,0.7030119299888611,0
14,412,0.34090328216552734,0
14,413,-0.9805945754051208,0
14,414,-1.0003275871276855,0
14,415,-0.34013351798057556,0
14,416,-0.2877373695373535,0
14,417,-0.6361756324768066,0
14,418,-0.17077504098415375,0
14,419,0.3491402566432953,0
14,420,0.9515812993049622,0
14,421,-0.12417329102754593,0
14,422,0.1380484700202942,0
14,423,-0.49636510014533997,0
14,424,0.5822849273681641,0
14,425,-0.5530885457992554,0
14,426,0.14603805541992188,0
14,427,-0.8505802750587463,0
14,428,0.03380153700709343,0
14,429,-0.5597419738769531,0
14,430,-0.6514933705329895,0
14,431,0.11845165491104126,0
14,432,0.25007492303848267,0
14,433,-0.26702311635017395,0
14,434,-0.2880103588104248,0
14,435,0.03484365716576576,0
14,436,0.30306345224380493,0
14,437,-0.11400435864925385,0
14,438,-0.31553521752357483,0
14,439,0.14882737398147583,0
14,440,-1.1338800191879272,0
14,441,-0.2977946400642395,0
14,442,-0.7546694874763489,0
14,443,0.07724671810865402,0
14,444,-0.7321479916572571,0
14,445,-0.08732711523771286,0
14,446,-0.9467729926109314,0
14,447,0.29646486043930054,0
14,448,0.23331256210803986,0
14,449,-0.8849363327026367,0
14,450,-0.13615776598453522,0
14,451,-0.6909569501876831,0
14,452,-0.09289541095495224,0
14,453,0.8839819431304932,0
14,454,-1.1945866346359253,0
14,455,0.13534434139728546,0
14,456,-0.7313313484191895,0
14,457,1.0563961267471313,0
14,458,0.21413372457027435,0
14,459,-0.7743573784828186,0
14,460,-0.9879210591316223,0
14,461,-0.0920574963092804,0
14,462,0.24457116425037384,0
14,463,-0.3730049431324005,0
14,464,-0.08527800440788269,0
14,465,-1.688352108001709,0
14,466,-0.5469708442687988,0
14,467,-0.3139156103134155,0
14,468,-1.4314645528793335,0
14,469,0.3567627966403961,0
14,470,-0.630384087562561,0
14,471,-0.9650231599807739,0
14,472,0.011805183254182339,0
14,473,-0.563321590423584,0
14,474,-0.5848146677017212,0
14,475,-0.03421950712800026,0
14,476,-0.2538265883922577,0
14,477,-0.5918921232223511,0
14,478,-0.20814915001392365,0
14,479,-0.11573256552219391,0
14,480,-0.4436550736427307,0
14,481,-0.1376313418149948,0
14,482,-0.3608034551143646,0
14,483,-0.8270965218544006,0
14,484,0.018790030851960182,0
14,485,-1.1554490327835083,0
14,486,-1.1418894529342651,0
14,487,-1.0568294525146484,0
14,488,-0.9675530791282654,0
14,489,0.08955498039722443,0
14,490,-0.49700114130973816,0
14,491,-1.1183632612228394,0
14,492,-0.61332106590271,0
14,493,0.17640277743339539,0
14,494,-0.7301257848739624,0
14,495,-0.924040675163269,0
14,496,-0.43372413516044617,0
14,497,-1.0481308698654175,0
14,498,-0.2132093608379364,0
14,499,-0.4393553137779236,0
14,500,-0.26976680755615234,0
14,501,-1.1507965326309204,0
14,502,0.9369572401046753,0
14,503,-1.0475218296051025,0
14,504,1.060122013092041,0
14,505,-1.3644914627075195,0
14,506,-0.8754230737686157,0
14,507,0.35524505376815796,0
14,508,0.20906054973602295,0
14,509,0.2949686348438263,0
14,510,-1.1602754592895508,0
14,511,-0.26308807730674744,0
14,512,0.05736582726240158,0
14,513,-0.2522294819355011,0
14,514,0.09587319195270538,0
14,515,-0.8509933948516846,0
14,516,-0.5605200529098511,0
14,517,-0.012090707197785378,0
14,518,0.21945276856422424,0
14,519,-0.5695964694023132,0
14,520,0.26256871223449707,0
14,521,-0.6032351851463318,0
14,522,-0.7370080947875977,0
14,523,-0.10435469448566437,0
14,524,-1.3816230297088623,0
14,525,-1.4165074825286865,0
14,526,0.5914090275764465,0
14,527,-0.2688739001750946,0
14,528,-0.59955233335495,0
14,529,-0.5695403814315796,0
14,530,-0.2964327931404114,0
14,531,-0.6322761178016663,0
14,532,-0.3301302492618561,0
14,533,-0.8880016803741455,0
17,0,-0.31681621074676514,0
17,1,0.20363155007362366,0
17,2,0.04859142750501633,0
17,3,0.9225680828094482,0
17,4,-0.9758961796760559,0
17,5,0.3314153254032135,0
17,6,0.49803900718688965,0
17,7,-0.09446340054273605,0
17,8,-0.6254995465278625,0
17,9,0.633779764175415,0
17,10,0.6806731820106506,0
17,11,-0.13963782787322998,0
17,12,-0.6553496718406677,0
17,13,-0.3308697044849396,0
17,14,-0.6066752076148987,0
17,15,-0.21410980820655823,0
17,16,-0.3212440013885498,0
17,17,-0.04459650069475174,0
17,18,0.7474757432937622,0
17,19,-0.32303372025489807,0
17,20,0.7312284708023071,0
17,21,-0.17758844792842865,0
17,22,-0.41369956731796265,0
17,23,-0.25695696473121643,0
17,24,0.28090378642082214,0
17,25,-0.7332598567008972,0
17,26,-0.6158406734466553,0
17,27,0.33130279183387756,0
17,28,-0.2646767795085907,0
17,29,0.7572318315505981,0
17,30,0.253306120634079,0
17,31,-0.23137390613555908,0
17,32,-0.7635520100593567,0
17,33,-0.178909569978714,0
17,34,-0.948011040687561,0
17,35,-0.6626771688461304,0
17,36,0.35546690225601196,0
17,37,0.7000651359558105,0
17,38,0.506105363368988,0
17,39,0.08845267444849014,0
17,40,-0.09378445893526077,0
17,41,-0.49073120951652527,0
17,42,0.13939139246940613,0
17,43,-0.16792987287044525,0
17,44,-0.659728467464447,0
17,45,0.09844084829092026,0
17,46,-0.02645280957221985,0
17,47,-0.15077784657478333,0
17,48,0.4665537476539612,0
17,49,0.032212112098932266,0
17,50,-0.3970572054386139,0
17,51,0.2552609145641327,0
17,52,0.08930139243602753,0
17,53,0.05361437797546387,0
17,54,0.477054238319397,0
17,55,-0.5843364000320435,0
17,56,0.09550374001264572,0
17,57,0.6265750527381897,0
17,58,-0.23820047080516815,0
17,59,0.30450108647346497,0
17,60,0.1254214495420456,0
17,61,0.3693174123764038,0
17,62,0.11923832446336746,0
17,63,0.11806300282478333,0
17,64,0.12997150421142578,0
17,65,-0.1336365044116974,0
17,66,0.5967453718185425,0
17,67,-0.88019198179245,0
17,68,0.7884804010391235,0
17,69,-0.023897865787148476,0
17,70,-0.003807104891166091,0
17,71,-0.15891775488853455,0
17,72,0.3600676655769348,0
17,73,0.5490120053291321,0
17,74,-0.1952047199010849,0
17,75,1.0769259929656982,0
17,76,0.07686809450387955,0
17,77,-0.2586055099964142,0
17,78,-0.024089423939585686,0
17,79,0.4572139084339142,0
17,80,-0.11675941944122314,0
17,81,0.9034734964370728,0
17,82,-0.1369556337594986,0
17,83,-0.8913224339485168,0
17,84,0.14092202484607697,0
17,85,-0.5557227730751038,0
17,86,-0.076502725481987,0
17,87,0.15689779818058014,0
17,88,0.06074542924761772,0
17,89,-0.423985093832016,0
17,90,0.4723626971244812,0
17,91,1.4145783185958862,0
17,92,-0.17225655913352966,0
17,93,0.24364084005355835,0
17,94,0.4838995337486267,0
17,95,0.4679352343082428,0
17,96,0.8718119263648987,0
17,97,0.5765736699104309,0
17,98,0.07346060127019882,0
17,99,0.7215960025787354,0
17,100,-0.031464509665966034,0
17,101,-0.40116438269615173,0
17,102,0.15287190675735474,0
17,103,-0.2668074667453766,0
17,104,0.7957108616828918,0
17,105,0.09895791858434677,0
17,106,0.5594761967658997,0
17,107,-0.35487744212150574,0
17,108,-0.5530893802642822,0
17,109,0.7449485063552856,0
17,110,-0.16023357212543488,0
17,111,-0.15837344527244568,0
17,112,0.4175746440887451,0
17,113,-0.37058931589126587,0
17,114,0.08051194995641708,0
17,115,-0.013662422075867653,0
17,116,0.31922900676727295,0
17,117,0.7009668350219727,0
17,118,-0.13197670876979828,0
17,119,-0.26425039768218994,0
17,120,0.4149554967880249,0
17,121,-0.08627498149871826,0
17,122,-0.34867343306541443,0
17,123,0.26289668679237366,0
17,124,0.09231448173522949,0
17,125,0.9234204888343811,0
17,126,0.24292919039726257,0
17,127,0.8571875691413879,0
17,128,-0.588569164276123,0
17,129,-0.1564614325761795,0
17,130,-0.44706296920776367,0
17,131,1.0696862936019897,0
17,132,0.13659602403640747,0
17,133,0.08097197115421295,0
17,134,0.07523249089717865,0
17,135,0.7527291178703308,0
17,136,-1.2394109964370728,0
17,137,-0.6288924217224121,0
17,138,-0.03812799230217934,0
17,139,-0.1645755022764206,0
17,140,0.15467093884944916,0
17,141,-0.11439865082502365,0
17,142,0.2021133154630661,0
17,143,0.8661408424377441,0
17,144,-0.17110003530979156,0
17,145,0.7186701893806458,0
17,146,-0.6389021873474121,0
17,147,0.4778582453727722,0
17,148,-0.33675912022590637,0
17,149,-0.1518811732530594,0
17,150,0.45389363169670105,0
17,151,-0.07721059769392014,0
17,152,0.42556899785995483,0
17,153,-0.18071909248828888,0
17,154,-0.0296395905315876,0
17,155,0.2945977747440338,0
17,156,-0.4010513126850128,0
17,157,-0.6093225479125977,0
17,158,-0.5944410562515259,0
17,159,0.03027033805847168,0
17,160,-0.023074783384799957,0
17,161,0.3067534267902374,0
17,162,0.05849628522992134,0
17,163,-0.28414684534072876,0
17,164,-0.4520159661769867,0
17,165,-0.3435615301132202,0
17,166,0.3069303333759308,0
17,167,-0.7636858820915222,0
17,168,-0.35628587007522583,0
17,169,0.512157142162323,0
17,170,-0.14832036197185516,0
17,171,-0.04957427829504013,0
17,172,-0.1298876702785492,0
17,173,-1.0683857202529907,0
17,174,-0.5851948857307434,0
17,175,0.18500621616840363,0
17,176,0.18400447070598602,0
17,177,-0.2993691861629486,0
17,178,0.26658380031585693,0
17,179,0.46893706917762756,0
17,180,-0.280534565448761,0
17,181,-0.26387056708335876,0
17,182,-0.31638890504837036,0
17,183,0.5306586623191833,0
17,184,-0.5184632539749146,0
17,185,-0.1513686180114746,0
17,186,0.05870307609438896,0
17,187,-0.41416820883750916,0
17,188,0.3373207747936249,0
17,189,0.4840644299983978,0
17,190,0.16653919219970703,0
17,191,-0.03431353718042374,0
17,192,-0.22834047675132751,0
17,193,0.06345541775226593,0
17,194,-0.006393971852958202,0
17,195,0.5847046375274658,0
17,196,0.14168235659599304,0
17,197,0.28045257925987244,0
17,198,-0.2821761667728424,0
17,199,-0.557593047618866,0
17,200,-0.16831465065479279,0
17,201,0.23844066262245178,0
17,202,0.4633961617946625,0
17,203,-0.32781776785850525,0
17,204,0.4396233856678009,0
17,205,0.017698850482702255,0
17,206,0.05563626438379288,0
17,207,-0.9223670363426208,0
17,208,-0.6120266914367676,0
17,209,0.1074661985039711,0
17,210,0.5162294507026672,0
17,211,-0.010977826081216335,0
17,212,0.4380269944667816,0
17,213,0.6120954155921936,0
17,214,0.10795596241950989,0
17,215,-0.5494014024734497,0
17,216,-0.09963306039571762,0
17,217,0.8821719288825989,0
17,218,0.2590826749801636,0
17,219,0.26509174704551697,0
17,220,-0.11705522239208221,0
17,221,1.179518699645996,0
17,222,-0.3937021791934967,0
17,223,0.323489248752594,0
17,224,0.5186789035797119,0
17,225,0.9166660904884338,0
17,226,-0.20759065449237823,0
17,227,0.5640605092048645,0
17,228,0.3126256465911865,0
17,229,-0.4993356764316559,0
17,230,0.43561798334121704,0
17,231,-0.0661936029791832,0
17,232,-0.6173275709152222,0
17,233,0.4698745906352997,0
17,234,0.39804807305336,0
17,235,0.4831492304801941,0
17,236,-0.7200296521186829,0
17,237,-0.4361259937286377,0
17,238,0.5593278408050537,0
17,239,0.20711037516593933,0
17,240,-0.34470564126968384,0
17,241,0.23823106288909912,0
17,242,0.06274262070655823,0
17,243,-0.09434434026479721,0
17,244,-0.4214789569377899,0
17,245,-0.3773458003997803,0
17,246,0.27278199791908264,0
17,247,0.09421633183956146,0
17,248,0.19205796718597412,0
17,249,0.068644680082798,0
17,250,-0.14286834001541138,0
17,251,-0.9988475441932678,0
17,252,-0.722813069820404,0
17,253,0.24464209377765656,0
17,254,0.2374599128961563,0
17,255,-0.18997669219970703,0
17,256,1.168153166770935,0
17,257,-0.27007776498794556,0
17,258,-0.15580706298351288,0
17,259,-0.01819085329771042,0
17,260,-0.014117458835244179,0
17,261,0.28303924202919006,0
17,262,0.19651490449905396,0
17,263,0.12636525928974152,0
17,264,0.03722203150391579,0
17,265,0.19247497618198395,0
17,266,-0.044831518083810806,0
17,267,0.7376253008842468,0
17,268,1.1464227437973022,0
17,269,0.24238379299640656,0
17,270,0.49578481912612915,0
17,271,0.7456845045089722,0
17,272,0.1424468755722046,0
17,273,-0.04999256134033203,0
17,274,-0.4012396037578583,0
17,275,2.5277445316314697,0
17,276,0.3590371906757355,0
17,277,-0.9523645639419556,0
17,278,0.4716746211051941,0
17,279,0.14762195944786072,0
17,280,0.03152352198958397,0
17,281,0.5388174653053284,0
17,282,0.696270763874054,0
17,283,0.22979669272899628,0
17,284,0.5922001004219055,0
17,285,0.750184178352356,0
17,286,-0.30513620376586914,0
17,287,0.002122390316799283,0
17,288,1.04574716091156,0
17,289,0.401578426361084,0
17,290,-0.13569796085357666,0
17,291,-0.021175572648644447,0
17,292,0.7050718069076538,0
17,293,0.15042227506637573,0
17,294,1.1723096370697021,0
17,295,-0.10428689420223236,0
17,296,0.2791173458099365,0
17,297,0.23930972814559937,0
17,298,-0.7433992028236389,0
17,299,0.0903940498828888,0
17,300,1.1468781232833862,0
17,301,0.3726562559604645,0
17,302,-0.23892128467559814,0
17,303,0.6477530598640442,0
17,304,0.3423839211463928,0
17,305,0.008722389116883278,0
17,306,-0.6439864039421082,0
17,307,0.15913991630077362,0
17,308,0.08961717039346695,0
17,309,1.2413675785064697,0
17,310,0.13185228407382965,0
17,311,1.16169273853302,0
17,312,0.7011582255363464,0
17,313,0.23794329166412354,0
17,314,1.100816011428833,0
17,315,0.37776538729667664,0
17,316,0.05271187797188759,0
17,317,0.12734152376651764,0
17,318,1.1623468399047852,0
17,319,0.7473005652427673,0
17,320,0.03239560127258301,0
17,321,0.33578047156333923,0
17,322,0.9117425680160522,0
17,323,0.33734267950057983,0
17,324,0.5214398503303528,0
17,325,-0.06260408461093903,0
17,326,0.45489224791526794,0
17,327,0.08855456858873367,0
17,328,-0.4674294590950012,0
17,329,0.4364343285560608,0
17,330,-0.09028003364801407,0
17,331,-0.2778942883014679,0
17,332,-0.20851880311965942,0
17,333,-0.4037834703922272,0
17,334,-0.02549932897090912,0
17,335,-0.033855900168418884,0
17,336,0.32142436504364014,0
17,337,0.6368945240974426,0
17,338,0.6300945281982422,0
17,339,0.40799951553344727,0
17,340,0.14240923523902893,0
17,341,0.5333998203277588,0
17,342,0.5883908271789551,0
17,343,-0.15817968547344208,0
17,344,0.004105863161385059,0
17,345,-0.6339284777641296,0
17,346,0.1754215955734253,0
17,347,0.20029118657112122,0
17,348,-0.09201454371213913,0
17,349,0.757631778717041,0
17,350,0.8341078162193298,0
17,351,0.8111854195594788,0
17,352,0.7120461463928223,0
17,353,0.2464132308959961,0
17,354,0.09498095512390137,0
17,355,1.053740382194519,0
17,356,0.36315417289733887,0
17,357,0.6369451880455017,0
17,358,0.5454813838005066,0
17,359,-0.046940259635448456,0
17,360,-0.018534395843744278,0
17,361,-0.01705770753324032,0
17,362,0.38390713930130005,0
17,363,0.3442832827568054,0
17,364,0.34773769974708557,0
17,365,0.6631853580474854,0
17,366,0.3123766779899597,0
17,367,-0.12041571736335754,0
17,368,1.244495153427124,0
17,369,-0.046014003455638885,0
17,370,0.2844878137111664,0
17,371,1.0596777200698853,0
17,372,0.592771053314209,0
17,373,-0.12299267202615738,0
17,374,0.25654518604278564,0
17,375,0.4892745316028595,0
17,376,0.26638394594192505,0
17,377,-0.23920856416225433,0
17,378,1.2904901504516602,0
17,379,0.4329357147216797,0
17,380,-0.08429165929555893,0
17,381,-0.029315482825040817,0
17,382,-0.13236670196056366,0
17,383,0.730025053024292,0
17,384,0.2370465248823166,0
17,385,-0.06057918444275856,0
17,386,0.08632514625787735,0
17,387,-0.370516836643219,0
17,388,-0.2453184574842453,0
17,389,-0.17090363800525665,0
17,390,-0.3232439160346985,0
17,391,0.05291202291846275,0
17,392,-0.5950708985328674,0
17,393,-0.13091552257537842,0
17,394,0.5142675638198853,0
17,395,0.510720431804657,0
17,396,0.7540691494941711,0
17,397,-0.1596374809741974,0
17,398,0.2405676692724228,0
17,399,0.6873576641082764,0
17,400,0.40204763412475586,0
17,401,0.1364334225654602,0
17,402,0.9439325332641602,0
17,403,0.3786744475364685,0
17,404,0.7283937931060791,0
17,405,-0.11637650430202484,0
17,406,0.3385412395000458,0
17,407,0.7653826475143433,1
17,408,0.4842984080314636,0
17,409,0.270748108625412,1
17,410,1.2848267555236816,0
17,411,0.15810419619083405,0
17,412,0.1404430866241455,0
17,413,-0.2172611653804779,0
17,414,-0.32102108001708984,0
17,415,-0.12726734578609467,0
17,416,0.22329109907150269,0
17,417,0.11777810752391815,0
17,418,0.23022691905498505,0
17,419,1.0056266784667969,0
17,420,0.4052441716194153,0
17,421,-0.5647963881492615,0
17,422,0.3922314941883087,0
17,423,0.34026384353637695,0
17,424,-0.041840486228466034,0
17,425,0.34404081106185913,0
17,426,-0.277812659740448,0
17,427,0.5060571432113647,0
17,428,0.3039734959602356,0
17,429,1.1079508066177368,0
17,430,0.5180251598358154,0
17,431,0.2862413823604584,0
17,432,0.7342987656593323,0
17,433,1.6877360343933105,0
17,434,0.0362887904047966,0
17,435,-0.21474264562129974,0
17,436,0.7185948491096497,0
17,437,0.2985517084598541,0
17,438,0.6222025752067566,0
17,439,0.9874243140220642,0
17,440,0.2737301290035248,0
17,441,-0.44852209091186523,0
17,442,0.17855225503444672,0
17,443,0.5945456624031067,0
17,444,0.2468378245830536,0
17,445,0.2237223982810974,0
17,446,-0.20468223094940186,0
17,447,1.3856152296066284,0
17,448,0.446826696395874,0
17,449,0.8244898319244385,0
17,450,0.7778211236000061,0
17,451,-0.2523782551288605,0
17,452,0.6504953503608704,0
17,453,1.1443368196487427,0
17,454,0.27716222405433655,0
17,455,-0.5445380806922913,0
17,456,0.04425190016627312,0
17,457,0.9507482647895813,0
17,458,0.08899683505296707,0
17,459,1.0154228210449219,0
17,460,0.4412359595298767,0
17,461,0.32079148292541504,0
17,462,-0.09096506983041763,0
17,463,-0.19087983667850494,0
17,464,-0.5908864736557007,0
17,465,0.8353332877159119,0
17,466,-0.6989814639091492,0
17,467,0.014039344154298306,0
17,468,0.3420899510383606,0
17,469,0.03915664553642273,0
17,470,0.12304916232824326,0
17,471,0.5025425553321838,0
17,472,-0.16959303617477417,0
17,473,-0.08391495794057846,0
17,474,-0.17414289712905884,0
17,475,-1.0876365900039673,0
17,476,0.23329339921474457,0
17,477,0.5428462624549866,0
17,478,1.005590796470642,0
17,479,0.14245472848415375,0
17,480,1.235844612121582,0
17,481,0.37088823318481445,0
17,482,0.060218386352062225,0
17,483,0.32009729743003845,0
17,484,0.2785221040248871,0
17,485,-0.09749224036931992,0
17,486,0.49036577343940735,0
17,487,0.2899543344974518,0
17,488,0.3591076135635376,0
17,489,0.6431887745857239,0
17,490,0.07220436632633209,0
17,491,-0.10898774117231369,0
17,492,0.4248492121696472,0
17,493,1.1357203722000122,0
17,494,-0.022728458046913147,0
17,495,-0.1589348018169403,0
17,496,0.11910487711429596,0
17,497,-0.04270278662443161,0
17,498,0.43105435371398926,0
17,499,0.34728342294692993,0
17,500,0.011884746141731739,0
17,501,0.5681697130203247,0
17,502,1.0817393064498901,0
17,503,0.19144457578659058,0
17,504,1.0709648132324219,0
17,505,0.17392654716968536,0
17,506,1.33089017868042,0
17,507,-0.4309881031513214,0
17,508,0.5499823689460754,0
17,509,1.0120704174041748,0
17,510,-0.9600774645805359,0
17,511,0.9400226473808289,0
17,512,0.1867290437221527,0
17,513,-0.38404056429862976,0
17,514,0.3489439785480499,0
17,515,0.6655104756355286,0
17,516,0.16726906597614288,0
17,517,0.7292446494102478,0
17,518,0.12567953765392303,0
17,519,0.3550182580947876,0
17,520,-0.5566174983978271,0
17,521,0.2961087226867676,0
17,522,1.1255663633346558,0
17,523,0.6642770171165466,0
17,524,0.554114043712616,0
17,525,0.4531462788581848,0
17,526,0.48031049966812134,0
17,527,0.6041945815086365,0
17,528,0.8199453353881836,0
17,529,0.39247462153434753,0
17,530,-0.6591954231262207,0
17,531,0.7461692094802856,0
17,532,0.1869499683380127,0
17,533,0.036893561482429504,0
20,0,-0.6427593231201172,0
20,1,0.11965945363044739,0
20,2,0.04955601692199707,0
20,3,0.44302475452423096,0
20,4,-0.5081005096435547,0
20,5,-0.7531932592391968,0
20,6,-0.0738186463713646,0
20,7,-0.9198979735374451,0
20,8,0.5122534036636353,0
20,9,0.6312916874885559,0
20,10,0.07412103563547134,0
20,11,-0.8565331697463989,0
20,12,-0.40869247913360596,0
20,13,-0.31276005506515503,0
20,14,0.5136004090309143,0
20,15,0.05268147587776184,0
20,16,-0.6386708617210388,0
20,17,0.7969803214073181,0
20,18,-0.28201133012771606,0
20,19,0.3251678943634033,0
20,20,0.045485179871320724,0
20,21,0.8710107803344727,0
20,22,-0.07464366406202316,0
20,23,-0.1657833606004715,0
20,24,-1.4029573202133179,0
20,25,0.3474180996417999,0
20,26,-0.23280581831932068,0
20,27,-0.38192784786224365,0
20,28,0.2842712700366974,0
20,29,0.4893955886363983,0
20,30,-0.6482736468315125,0
20,31,0.08182895183563232,0
20,32,0.2543591558933258,0
20,33,1.4617443084716797,0
20,34,-0.5007066130638123,0
20,35,0.3080594837665558,0
20,36,-0.3738139569759369,0
20,37,-0.3896600306034088,0
20,38,-0.3324333727359772,0
20,39,0.14293351769447327,0
20,40,-0.8346542716026306,0
20,41,0.6986050009727478,0
20,42,-0.5720512270927429,0
20,43,-0.14077962934970856,0
20,44,-0.5955176949501038,0
20,45,-0.42978087067604065,0
20,46,0.2608208656311035,0
20,47,0.4124416410923004,0
20,48,0.5949781537055969,0
20,49,-1.1654014587402344,0
20,50,-0.9452300071716309,0
20,51,1.033801555633545,0
20,52,0.399738609790802,0
20,53,-0.23970051109790802,0
20,54,-0.19489875435829163,0
20,55,-0.4697638154029846,0
20,56,-0.865217387676239,0
20,57,-0.28803762793540955,0
20,58,0.5308716893196106,0
20,59,-0.720396876335144,0
20,60,0.5398401618003845,0
20,61,0.1440809816122055,0
20,62,-0.174283966422081,0
20,63,-0.4706958532333374,0
20,64,-0.20783503353595734,0
20,65,0.2096451073884964,0
20,66,0.15251879394054413,0
20,67,-0.45402348041534424,0
20,68,-0.529206395149231,0
20,69,1.431742548942566,0
20,70,-0.8505463600158691,0
20,71,-0.9353054165840149,0
20,72,-0.37247538566589355,0
20,73,-0.35957765579223633,0
20,74,-0.7765212059020996,0
20,75,-0.03570428490638733,0
20,76,0.5437552332878113,0
20,77,-1.0269253253936768,0
20,78,-0.30892470479011536,0
20,79,-0.2764502465724945,0
20,80,-0.5457026362419128,0
20,81,-0.42207056283950806,0
20,82,-0.4773731827735901,0
20,83,-0.3478839099407196,0
20,84,-0.61995929479599,0
20,85,-0.15230026841163635,0
20,86,-0.24487856030464172,0
20,87,-0.3897274434566498,0
20,88,-0.677721381187439,0
20,89,-0.23940818011760712,0
20,90,0.21219252049922943,0
20,91,1.1035211086273193,0
20,92,-0.380985826253891,0
20,93,-0.09214804321527481,0
20,94,-0.6589593887329102,0
20,95,0.7644678950309753,0
20,96,-1.1798969507217407,0
20,97,-0.49501436948776245,0
20,98,-0.4346564710140228,0
20,99,-0.38011062145233154,0
20,100,0.03968236967921257,0
20,101,-0.8572073578834534,0
20,102,-0.7544451355934143,0
20,103,-0.1572226732969284,0
20,104,0.3658883273601532,0
20,105,-0.12480159103870392,0
20,106,0.6377870440483093,0
20,107,-0.43544623255729675,0
20,108,-0.552854597568512,0
20,109,0.2745724618434906,0
20,110,0.5192440748214722,0
20,111,-0.8733651638031006,0
20,112,-0.5704643726348877,0
20,113,-0.29456812143325806,0
20,114,-0.4689182937145233,0
20,115,-0.5591338276863098,0
20,116,-0.34251299500465393,0
20,117,-0.15058644115924835,0
20,118,0.7923970818519592,0
20,119,-1.1148985624313354,0
20,120,-0.17532259225845337,0
20,121,1.2213597297668457,0
20,122,-0.7356844544410706,0
20,123,0.8940137624740601,0
20,124,-0.38505318760871887,0
20,125,0.30189529061317444,0
20,126,0.12858064472675323,0
20,127,-0.6969684362411499,0
20,128,0.4076120853424072,0
20,129,-0.814537763595581,0
20,130,-0.4803078770637512,0
20,131,-0.45953673124313354,0
20,132,0.10863640159368515,0
20,133,-0.5678827166557312,0
20,134,-0.1630190759897232,0
20,135,-0.6282944679260254,0
20,136,-0.05013123154640198,0
20,137,-0.9819587469100952,0
20,138,-1.0310049057006836,0
20,139,-0.8433659076690674,0
20,140,0.05790393799543381,0
20,141,-0.13937854766845703,0
20,142,-0.07542276382446289,0
20,143,0.1200561374425888,0
20,144,-0.5797129273414612,0
20,145,0.7417182922363281,0
20,146,-0.949321985244751,0
20,147,-0.21082279086112976,0
20,148,0.16214780509471893,0
20,149,-0.4517833888530731,0
20,150,0.6277205348014832,0
20,151,0.5115417242050171,0
20,152,0.2823213040828705,0
20,153,-0.27351030707359314,0
20,154,-0.5446670651435852,0
20,155,0.47947388887405396,0
20,156,-0.43053752183914185,0
20,157,0.7697815895080566,0
20,158,-0.9139627814292908,0
20,159,-0.295676589012146,0
20,160,-0.41115331649780273,0
20,161,-0.42408761382102966,0
20,162,0.1377810388803482,0
20,163,0.1847527027130127,0
20,164,0.8291073441505432,0
20,165,-0.37936219573020935,0
20,166,0.21153977513313293,0
20,167,-0.34469249844551086,0
20,168,0.3339439928531647,0
20,169,-0.20660518109798431,0
20,170,0.2135661244392395,0
20,171,-0.024360358715057373,0
20,172,-0.21676760911941528,0
20,173,-0.09556254744529724,0
20,174,-1.2521910667419434,0
20,175,0.16393312811851501,0
20,176,-0.0378270223736763,0
20,177,0.13153888285160065,0
20,178,0.4027853310108185,0
20,179,-0.7754058241844177,0
20,180,-0.34872516989707947,0
20,181,-0.8696061968803406,0
20,182,-0.0906742736697197,0
20,183,-0.4595300853252411,0
20,184,-0.04834063723683357,0
20,185,0.07292617857456207,0
20,186,-0.03879273682832718,0
20,187,0.7846676111221313,0
20,188,0.9467929601669312,0
20,189,0.6268570423126221,0
20,190,0.752813994884491,0
20,191,-0.01878129318356514,0
20,192,0.18135978281497955,0
20,193,-0.9181803464889526,0
20,194,-0.6670048236846924,0
20,195,0.04006434604525566,0
20,196,-0.40770772099494934,0
20,197,0.6466122269630432,0
20,198,0.7885665893554688,0
20,199,-0.6522943377494812,0
20,200,0.03947990760207176,0
20,201,0.559661865234375,0
20,202,0.5434368252754211,0
20,203,-0.16080135107040405,0
20,204,-0.057327862828969955,0
20,205,0.06756627559661865,0
20,206,0.29690009355545044,0
20,207,-0.2321155071258545,0
20,208,0.11605259776115417,0
20,209,0.1587080955505371,0
20,210,-0.05954807624220848,0
20,211,0.6456469893455505,0
20,212,0.6916136741638184,0
20,213,-1.2283083200454712,0
20,214,-0.3124667704105377,0
20,215,-0.10282744467258453,0
20,216,-0.7492763996124268,0
20,217,0.0647386908531189,0
20,218,0.03038884326815605,0
20,219,-0.38697630167007446,0
20,220,0.2401340752840042,0
20,221,1.014714241027832,0
20,222,-0.2976742684841156,0
20,223,0.7435556650161743,0
20,224,-0.7157885432243347,0
20,225,-0.7535104751586914,0
20,226,0.4141017496585846,0
20,227,0.14424842596054077,0
20,228,-0.6649990677833557,0
20,229,-0.5060800313949585,0
20,230,0.05552637204527855,0
20,231,-0.5254147052764893,0
20,232,-0.13072040677070618,0
20,233,-0.10648667067289352,0
20,234,-0.008060534484684467,0
20,235,-0.4503539204597473,0
20,236,-0.74632728099823,0
20,237,-1.2382720708847046,0
20,238,0.25323179364204407,0
20,239,0.5132615566253662,0
20,240,-0.3399735987186432,0
20,241,0.44418641924858093,0
20,242,0.4333953857421875,0
20,243,-1.2048134803771973,0
20,244,-0.14964894950389862,0
20,245,0.3122555911540985,0
20,246,0.06707308441400528,0
20,247,0.005718732252717018,0
20,248,1.2529710531234741,0
20,249,-0.5717227458953857,0
20,250,0.15150751173496246,0
20,251,-0.26190173625946045,0
20,252,-0.6588354110717773,0
20,253,-0.7604733109474182,0
20,254,0.07633957266807556,0
20,255,-0.15185680985450745,0
20,256,-0.6078734397888184,0
20,257,-0.5674777030944824,0
20,258,-0.48320409655570984,0
20,259,-0.4231981933116913,0
20,260,-0.4139203727245331,0
20,261,0.5701974034309387,0
20,262,-0.20691826939582825,0
20,263,0.1794404685497284,0
20,264,0.12653450667858124,0
20,265,0.6837936043739319,0
20,266,-0.25539642572402954,0
20,267,-0.20326729118824005,0
20,268,-0.39596807956695557,0
20,269,-0.5630918145179749,0
20,270,-0.1299811452627182,0
20,271,-0.4977639615535736,0
20,272,-0.19873899221420288,0
20,273,-0.018397601321339607,0
20,274,0.10571203380823135,0
20,275,-0.08043504506349564,0
20,276,-0.9550194144248962,0
20,277,-0.830246090888977,0
20,278,0.24026590585708618,0
20,279,0.08331865072250366,0
20,280,-0.6678889989852905,0
20,281,-0.05521825700998306,0
20,282,-1.3005609512329102,0
20,283,-0.5533441305160522,0
20,284,-0.48392653465270996,0
20,285,-0.8135913014411926,0
20,286,-0.9457112550735474,0
20,287,0.9900271892547607,0
20,288,-0.6567108631134033,0
20,289,0.5317546725273132,0
20,290,0.03607849031686783,0
20,291,-0.22240450978279114,0
20,292,-0.9019387364387512,0
20,293,-0.1985776275396347,0
20,294,-0.6169204711914062,0
20,295,-0.8689175248146057,0
20,296,-0.957863450050354,0
20,297,0.2546127140522003,0
20,298,0.1846502274274826,0
20,299,0.19217702746391296,0
20,300,0.6229931116104126,0
20,301,-0.4978371858596802,0
20,302,0.3348422944545746,0
20,303,-0.5976690649986267,0
20,304,-0.7999173402786255,0
20,305,-0.003962457645684481,0
20,306,-0.4284292459487915,0
20,307,0.5498700141906738,0
20,308,1.7243480682373047,0
20,309,0.2270791232585907,0
20,310,-0.5419629216194153,0
20,311,0.7158752083778381,0
20,312,0.8398439288139343,0
20,313,-0.22702127695083618,0
20,314,-0.19584310054779053,0
20,315,-1.0355604887008667,0
20,316,-0.6387014985084534,1
20,317,0.49327388405799866,0
20,318,0.024350224062800407,0
20,319,0.21559563279151917,0
20,320,-0.713566780090332,0
20,321,-0.32333484292030334,0
20,322,-0.8809678554534912,0
20,323,0.4675852656364441,0
20,324,0.2189788669347763,0
20,325,-0.9486010670661926,0
20,326,-1.2811223268508911,0
20,327,-0.04517461359500885,0
20,328,-0.6534770727157593,0
20,329,-0.511905312538147,0
20,330,-0.09759556502103806,1
20,331,-1.1866368055343628,0
20,332,-0.1823796033859253,1
20,333,-0.3479352295398712,0
20,334,-0.4914715588092804,0
20,335,0.17599870264530182,0
20,336,0.2859236001968384,0
20,337,-1.0609318017959595,0
20,338,-0.5944997668266296,0
20,339,-1.5061454772949219,0
20,340,0.032929256558418274,0
20,341,-1.0653750896453857,0
20,342,-0.9937265515327454,0
20,343,1.390243411064148,0
20,344,-0.8814431428909302,0
20,345,-0.7995229959487915,0
20,346,0.4487326741218567,0
20,347,-0.22978807985782623,0
20,348,-0.759488582611084,0
20,349,-0.1906234323978424,0
20,350,-0.7282804250717163,0
20,351,0.4327852725982666,0
20,352,-0.09324999153614044,0
20,353,-0.19950486719608307,0
20,354,-0.644125759601593,0
20,355,-0.5001675486564636,0
20,356,-0.6129540801048279,0
20,357,-0.020245561376214027,0
20,358,-0.19894948601722717,0
20,359,0.2573601007461548,0
20,360,-0.9244703650474548,0
20,361,0.4484204947948456,0
20,362,-0.8031324148178101,0
20,363,-0.40773478150367737,0
20,364,-0.6828246712684631,0
20,365,-0.012123470194637775,0
20,366,-0.5891144275665283,0
20,367,0.11858473718166351,0
20,368,-0.2570723593235016,0
20,369,0.012108996510505676,0
20,370,-0.8886150121688843,0
20,371,-0.21391701698303223,0
20,372,-0.7757930755615234,0
20,373,-0.7934015989303589,0
20,374,-1.1024343967437744,0
20,375,-0.39924678206443787,0
20,376,-0.6832131147384644,0
20,377,-0.6215345859527588,0
20,378,0.27756229043006897,0
20,379,-0.7254238128662109,0
20,380,-0.9781309366226196,0
20,381,-0.13093815743923187,0
20,382,-0.9007816314697266,0
20,383,-0.6126853823661804,0
20,384,-0.5716071128845215,0
20,385,0.13610924780368805,0
20,386,-1.4298914670944214,0
20,387,-0.6155062317848206,0
20,388,-0.5880604386329651,0
20,389,-0.5849839448928833,0
20,390,0.37828490138053894,0
20,391,0.9824377298355103,0
20,392,0.2407679706811905,0
20,393,-0.1922244280576706,0
20,394,0.2749023735523224,0
20,395,-0.4946332275867462,0
20,396,-0.5726428031921387,0
20,397,-0.28061988949775696,0
20,398,-1.0374013185501099,0
20,399,-0.6632097363471985,0
20,400,-0.8300365209579468,0
20,401,-0.1603269875049591,0
20,402,0.17237138748168945,0
20,403,-0.8886997103691101,0
20,404,1.200168490409851,0
20,405,-0.15156090259552002,0
20,406,-0.020793022587895393,0
20,407,-0.6260108351707458,0
20,408,-0.6192978024482727,0
20,409,-0.5154018402099609,0
20,410,0.15647384524345398,0
20,411,0.9298931360244751,0
20,412,-0.41446608304977417,0
20,413,-0.6675831079483032,0
20,414,-0.7889175415039062,0
20,415,-1.1745120286941528,0
20,416,-0.11274049431085587,0
20,417,-0.5125657320022583,0
20,418,-0.6442024111747742,0
20,419,-0.28948500752449036,0
20,420,0.2552025020122528,0
20,421,0.4862271249294281,0
20,422,-0.3257928192615509,0
20,423,-1.046656847000122,0
20,424,-0.14124813675880432,0
20,425,-0.5788798332214355,0
20,426,0.1474045217037201,0
20,427,-0.6191191673278809,0
20,428,-0.11841806024312973,0
20,429,-1.2505334615707397,0
20,430,-0.8202677965164185,0
20,431,-0.26131755113601685,0
20,432,0.13022905588150024,0
20,433,-0.15755993127822876,0
20,434,-0.8956039547920227,0
20,435,-0.016348492354154587,0
20,436,-0.3567625880241394,0
20,437,-0.3575843870639801,0
20,438,-0.33078932762145996,0
20,439,-0.04611090570688248,0
20,440,-0.694628894329071,0
20,441,-0.21201381087303162,0
20,442,0.4198526442050934,0
20,443,-0.3877728581428528,0
20,444,-0.4086438715457916,0
20,445,-0.6085082292556763,0
20,446,-0.4675370752811432,0
20,447,-0.37969014048576355,0
20,448,-0.6975396275520325,0
20,449,-1.1993930339813232,0
20,450,-0.7221317291259766,0
20,451,-0.6546272039413452,0
20,452,-0.14715629816055298,0
20,453,1.1496154069900513,0
20,454,-0.07073501497507095,0
20,455,-0.11769094318151474,0
20,456,-0.7440611720085144,0
20,457,0.38156962394714355,0
20,458,-0.3058898150920868,0
20,459,-0.527317464351654,0
20,460,-0.7702898979187012,0
20,461,-0.9360134601593018,0
20,462,0.3401529788970947,0
20,463,-0.860751211643219,0
20,464,-0.43177419900894165,0
20,465,-0.6446187496185303,0
20,466,0.3707082271575928,0
20,467,-0.8302236199378967,0
20,468,-0.6249735951423645,0
20,469,-0.2736901640892029,0
20,470,-1.0287275314331055,0
20,471,-0.0714377760887146,0
20,472,-0.49607935547828674,0
20,473,0.45209014415740967,0
20,474,-0.6910656094551086,0
20,475,0.36535510420799255,0
20,476,-0.8092902898788452,0
20,477,-0.643747091293335,0
20,478,-0.47201287746429443,0
20,479,-0.4326685965061188,0
20,480,-0.6119475960731506,0
20,481,-0.5610872507095337,0
20,482,-0.7491249442100525,0
20,483,-0.9179903864860535,0
20,484,-0.5709361433982849,0
20,485,-1.0122720003128052,0
20,486,-0.853039026260376,0
20,487,-0.6396390199661255,0
20,488,-0.47771769762039185,0
20,489,-0.03865329176187515,0
20,490,-0.5841973423957825,0
20,491,-1.0591965913772583,0
20,492,-0.3600448668003082,0
20,493,-0.1684996634721756,0
20,494,-0.545068085193634,0
20,495,0.18024374544620514,0
20,496,-0.3863760530948639,0
20,497,-1.187079668045044,0
20,498,0.0688435286283493,0
20,499,0.41956380009651184,0
20,500,-0.11900165677070618,0
20,501,-0.8063982725143433,0
20,502,0.07775060832500458,0
20,503,-0.24567733705043793,0
20,504,0.1666649580001831,0
20,505,-0.799008846282959,0
20,506,-0.6280322670936584,0
20,507,-0.14052344858646393,0
20,508,0.32664626836776733,0
20,509,-0.4731045663356781,0
20,510,-0.20963117480278015,0
20,511,-0.6955441236495972,0
20,512,-0.03583458438515663,0
20,513,-0.23395712673664093,0
20,514,-0.5319114923477173,0
20,515,-0.8268113732337952,0
20,516,-0.43878334760665894,0
20,517,-0.5004303455352783,0
20,518,0.06714606285095215,0
20,519,-1.1019896268844604,0
20,520,0.46758243441581726,0
20,521,-0.9587201476097107,0
20,522,-0.4869290590286255,0
20,523,0.18354284763336182,0
20,524,-0.9673857688903809,0
20,525,-1.3994526863098145,0
20,526,-0.20191438496112823,0
20,527,-0.23852777481079102,0
20,528,-0.9602054953575134,0
20,529,0.012913024984300137,0
20,530,-0.3774203956127167,0
20,531,-0.8026431202888489,0
20,532,-0.30318403244018555,0
20,533,-1.4440640211105347,0
34,0,0.7107325196266174,0
34,1,-0.16379651427268982,0
34,2,0.47314122319221497,0
34,3,-0.2234179973602295,0
34,4,0.8830022215843201,0
34,5,0.17131419479846954,0
34,6,0.2238619029521942,0
34,7,-0.06174161285161972,0
34,8,1.1132196187973022,0
34,9,-0.6396743059158325,0
34,10,0.03584154695272446,0
34,11,0.2735561430454254,0
34,12,0.2876696288585663,0
34,13,0.17017225921154022,0
34,14,0.18186601996421814,0
34,15,0.3513244688510895,0
34,16,0.0048673516139388084,0
34,17,-0.1637980341911316,0
34,18,-0.2554652690887451,0
34,19,0.015547017566859722,0
34,20,0.2740207314491272,0
34,21,-0.10652375221252441,0
34,22,0.3140026926994324,0
34,23,-0.08012989163398743,0
34,24,0.031861789524555206,0
34,25,0.25980740785598755,0
34,26,0.438874214887619,0
34,27,0.03555668890476227,0
34,28,0.7430739402770996,0
34,29,-0.5088195204734802,0
34,30,0.2522626519203186,0
34,31,0.08620724827051163,0
34,32,0.9340450763702393,0
34,33,-0.021723415702581406,0
34,34,0.6394524574279785,0
34,35,0.7325754165649414,0
34,36,-0.3708038330078125,0
34,37,0.08301454037427902,0
34,38,-0.061508532613515854,0
34,39,0.42717674374580383,0
34,40,-0.033607352524995804,0
34,41,0.4224104881286621,0
34,42,-0.11838848143815994,0
34,43,-0.05545496940612793,0
34,44,-0.2958475947380066,0
34,45,-0.2616187036037445,0
34,46,0.24769249558448792,0
34,47,-0.36191681027412415,0
34,48,-0.03705791383981705,0
34,49,0.26302146911621094,0
34,50,0.1364232450723648,0
34,51,0.06206018105149269,0
34,52,0.11181779205799103,0
34,53,0.5367045998573303,0
34,54,-0.4292321801185608,0
34,55,0.2476305365562439,0
34,56,0.3789176642894745,0
34,57,-0.5164563655853271,0
34,58,-0.1514834463596344,0
34,59,0.1289842575788498,0
34,60,-0.608784556388855,0
34,61,0.03805441036820412,0
34,62,0.4721015393733978,0
34,63,0.15497998893260956,0
34,64,0.10333138704299927,0
34,65,0.502448558807373,0
34,66,-0.19944487512111664,0
34,67,0.9363584518432617,0
34,68,-0.27779239416122437,0
34,69,-0.08383118361234665,0
34,70,0.2472614347934723,0
34,71,0.2658097743988037,0
34,72,0.6419385671615601,0
34,73,-0.34221935272216797,0
34,74,0.5660620927810669,0
34,75,-0.6775408983230591,0
34,76,-0.1576792299747467,0
34,77,0.3726012706756592,0
34,78,0.3715140223503113,0
34,79,-0.40189534425735474,0
34,80,-0.25127798318862915,0
34,81,-0.6046010255813599,0
34,82,0.26559269428253174,0
34,83,0.6134551763534546,0
34,84,-0.2623814642429352,0
34,85,0.2350454330444336,0
34,86,0.3086051046848297,0
34,87,0.2665054500102997,0
34,88,-0.40569522976875305,0
34,89,0.7498227953910828,0
34,90,0.3140316903591156,0
34,91,-0.9236552715301514,0
34,92,0.8967373371124268,0
34,93,-0.5929049253463745,0
34,94,-0.33816519379615784,0
34,95,-0.5648469924926758,0
34,96,-0.2801656723022461,0
34,97,0.06927672773599625,0
34,98,0.5402677655220032,0
34,99,-0.10003069043159485,0
34,100,-0.24856525659561157,0
34,101,1.0603224039077759,0
34,102,0.6836651563644409,0
34,103,0.055344872176647186,0
34,104,-0.5342540740966797,0
34,105,0.049480292946100235,0
34,106,-0.20991800725460052,0
34,107,0.7022070288658142,0
34,108,0.41396287083625793,0
34,109,-0.2716134190559387,0
34,110,0.722213625907898,0
34,111,0.4599519968032837,0
34,112,-0.14964422583580017,0
34,113,0.021600639447569847,0
34,114,0.19286131858825684,0
34,115,-0.07981491088867188,0
34,116,0.027335209771990776,0
34,117,-0.31458789110183716,0
34,118,0.05126076191663742,0
34,119,0.3976805806159973,0
34,120,-0.11869792640209198,0
34,121,0.050263166427612305,0
34,122,0.03766953572630882,0
34,123,-0.1800011843442917,0
34,124,0.6941336393356323,0
34,125,0.37916243076324463,0
34,126,-0.2137656956911087,0
34,127,-0.07308973371982574,0
34,128,0.42877912521362305,0
34,129,0.19435670971870422,0
34,130,0.34724584221839905,0
34,131,0.01622249186038971,0
34,132,-0.17837472259998322,0
34,133,0.4351861774921417,0
34,134,-0.0496506541967392,0
34,135,0.05394738167524338,0
34,136,0.6795685887336731,0
34,137,0.4791935980319977,0
34,138,0.25010621547698975,0
34,139,0.3129895031452179,0
34,140,0.21740593016147614,0
34,141,0.15676327049732208,0
34,142,-0.11031430214643478,0
34,143,-0.6650710105895996,0
34,144,0.3831603229045868,0
34,145,-0.25436922907829285,0
34,146,0.4353877604007721,0
34,147,-0.16167140007019043,0
34,148,0.22110921144485474,0
34,149,-0.37802791595458984,0
34,150,-0.2048667073249817,0
34,151,0.4599112868309021,0
34,152,-0.07403410226106644,0
34,153,0.10246932506561279,0
34,154,0.4417088031768799,0
34,155,-0.2834703326225281,0
34,156,0.5651565790176392,0
34,157,0.39915063977241516,0
34,158,0.27751272916793823,0
34,159,0.1543392688035965,0
34,160,0.10711565613746643,0
34,161,0.2232753187417984,0
34,162,0.13912193477153778,0
34,163,-0.17778481543064117,0
34,164,0.10279091447591782,0
34,165,-0.12277974933385849,0
34,166,0.7352065443992615,0
34,167,0.8381985425949097,0
34,168,0.4987163841724396,0
34,169,-0.013780834153294563,0
34,170,0.018257958814501762,0
34,171,0.12314964085817337,0
34,172,0.2836749255657196,0
34,173,1.1027718782424927,0
34,174,0.2607068717479706,0
34,175,0.0780336931347847,0
34,176,0.17610467970371246,0
34,177,-0.15124578773975372,0
34,178,0.33588430285453796,0
34,179,0.03483520448207855,0
34,180,0.38043996691703796,0
34,181,0.3364397883415222,0
34,182,0.3863697648048401,0
34,183,0.3552865982055664,0
34,184,0.3039774000644684,0
34,185,0.6596827507019043,0
34,186,0.8646262884140015,0
34,187,0.01758827455341816,0
34,188,-0.5708403587341309,0
34,189,0.20787537097930908,0
34,190,0.009183813817799091,0
34,191,0.7570993900299072,0
34,192,0.244263157248497,0
34,193,0.30443114042282104,0
34,194,0.06661555916070938,0
34,195,0.5730260014533997,0
34,196,-0.31154191493988037,0
34,197,0.4944444000720978,0
34,198,-0.402622789144516,0
34,199,1.0101821422576904,0
34,200,-0.04489180073142052,0
34,201,-0.7115036845207214,0
34,202,-0.0954124927520752,0
34,203,0.8773675560951233,0
34,204,0.03491431102156639,0
34,205,-0.5340735912322998,0
34,206,0.554821252822876,0
34,207,0.402633935213089,0
34,208,0.3642239272594452,0
34,209,0.18561848998069763,0
34,210,0.32565179467201233,0
34,211,0.4429057240486145,0
34,212,-0.27949759364128113,0
34,213,0.4617760181427002,0
34,214,0.09946858137845993,0
34,215,0.4100457727909088,0
34,216,0.37615057826042175,0
34,217,-0.11988819390535355,0
34,218,0.5905190110206604,0
34,219,0.2413177639245987,0
34,220,-0.27840253710746765,0
34,221,-0.9953861236572266,0
34,222,-0.16740497946739197,0
34,223,0.10894861072301865,0
34,224,-0.16613927483558655,0
34,225,0.20732933282852173,0
34,226,-0.3217714726924896,0
34,227,-0.3043348491191864,0
34,228,-0.17600420117378235,0
34,229,0.3117397129535675,0
34,230,0.08564630895853043,0
34,231,0.331680029630661,0
34,232,0.4691641926765442,0
34,233,0.6575025916099548,0
34,234,-0.8188583850860596,0
34,235,-0.6937122344970703,0
34,236,-0.12204563617706299,0
34,237,0.13447755575180054,0
34,238,-0.49017250537872314,0
34,239,-0.03785370662808418,0
34,240,0.41888779401779175,0
34,241,-0.41277021169662476,0
34,242,0.10547541826963425,0
34,243,0.062242064625024796,0
34,244,0.5214381217956543,0
34,245,0.13587376475334167,0
34,246,0.43630194664001465,0
34,247,0.5004729628562927,0
34,248,0.0487014576792717,0
34,249,-0.2809706926345825,0
34,250,-0.26218152046203613,0
34,251,0.7004712820053101,0
34,252,0.34145405888557434,0
34,253,-0.7039979696273804,0
34,254,-0.5429069995880127,0
34,255,-0.3715856671333313,0
34,256,-0.45768406987190247,0
34,257,0.10298938304185867,0
34,258,-0.26391494274139404,0
34,259,-0.008061633445322514,0
34,260,-0.11642933636903763,0
34,261,-0.13291922211647034,0
34,262,-0.4905438721179962,0
34,263,-0.14701464772224426,0
34,264,-0.466216504573822,0
34,265,-0.1466754674911499,0
34,266,-0.0020046760328114033,0
34,267,-0.5494677424430847,0
34,268,-0.8361848592758179,0
34,269,-0.3082365393638611,0
34,270,-0.2974652945995331,0
34,271,-0.39135825634002686,0
34,272,-0.3735826313495636,0
34,273,-0.42950743436813354,0
34,274,0.17639341950416565,0
34,275,-0.911901593208313,0
34,276,-0.03941161558032036,0
34,277,2.1137869358062744,0
34,278,-0.4752207398414612,0
34,279,-0.3322131633758545,0
34,280,0.4365030527114868,0
34,281,-0.6319840550422668,0
34,282,-0.17965632677078247,0
34,283,0.12602205574512482,0
34,284,-0.5287973880767822,0
34,285,-0.6495155692100525,0
34,286,0.8879655003547668,0
34,287,-0.1110343411564827,0
34,288,-0.4701392650604248,0
34,289,-0.47837725281715393,0
34,290,0.8170996904373169,0
34,291,-0.5424080491065979,0
34,292,-0.6826589107513428,0
34,293,-0.2079990655183792,0
34,294,0.13288451731204987,0
34,295,0.6130092740058899,0
34,296,0.20468328893184662,0
34,297,0.07319092750549316,0
34,298,0.050110556185245514,0
34,299,-0.45670512318611145,0
34,300,-0.7068376541137695,0
34,301,-0.29052069783210754,0
34,302,0.15689000487327576,0
34,303,-0.4533963203430176,0
34,304,0.010394144803285599,0
34,305,-0.3703048527240753,0
34,306,0.7389386296272278,0
34,307,-0.3917400538921356,0
34,308,-0.4365677833557129,0
34,309,-0.6480419039726257,0
34,310,-0.40401577949523926,0
34,311,-1.4045283794403076,0
34,312,-0.7174123525619507,0
34,313,-0.3259357213973999,0
34,314,-0.6112133860588074,0
34,315,-0.009778733365237713,0
34,316,-0.37228256464004517,0
34,317,-0.31318017840385437,0
34,318,-0.23361404240131378,0
34,319,-0.8472602367401123,0
34,320,-0.24478261172771454,0
34,321,-0.44915300607681274,0
34,322,-0.5037868022918701,0
34,323,-0.1034930944442749,0
34,324,0.11695587635040283,0
34,325,-0.4278812110424042,0
34,326,-0.46106189489364624,0
34,327,0.2792636752128601,0
34,328,-0.1506427526473999,0
34,329,-0.0756041556596756,0
34,330,0.021611755713820457,0
34,331,0.4488122761249542,0
34,332,-0.16418136656284332,0
34,333,0.10570867359638214,0
34,334,0.02457369677722454,0
34,335,-0.15272554755210876,0
34,336,-0.08750015497207642,0
34,337,-0.37897223234176636,0
34,338,-0.39517664909362793,0
34,339,0.4251057207584381,0
34,340,-0.5594016313552856,0
34,341,-0.40624934434890747,0
34,342,-0.7197427749633789,0
34,343,-0.010981227271258831,0
34,344,0.09104253351688385,0
34,345,0.5703955888748169,0
34,346,-0.4083206355571747,0
34,347,-0.020516518503427505,0
34,348,-0.04182660952210426,0
34,349,-0.4214642345905304,0
34,350,-0.6968469023704529,0
34,351,-0.5767812132835388,0
34,352,-0.8321965932846069,0
34,353,-0.09374235570430756,0
34,354,0.2792729437351227,0
34,355,-0.6802299618721008,0
34,356,-0.7708674073219299,0
34,357,-0.2648080289363861,0
34,358,-0.34458696842193604,0
34,359,-0.09528592228889465,0
34,360,0.24943408370018005,0
34,361,-1.1438417434692383,0
34,362,-0.39342013001441956,0
34,363,-0.11720474809408188,0
34,364,0.33625707030296326,0
34,365,-0.781902551651001,0
34,366,-0.028458720073103905,0
34,367,0.2896217107772827,0
34,368,-0.5034939050674438,0
34,369,0.04179035872220993,0
34,370,-0.04290090873837471,0
34,371,-1.392691731452942,0
34,372,-0.432405024766922,0
34,373,0.7664384841918945,0
34,374,0.07081174850463867,0
34,375,-0.28756463527679443,0
34,376,-0.036781638860702515,0
34,377,-0.24537323415279388,0
34,378,-0.2803390324115753,0
34,379,-0.08863324671983719,0
34,380,-0.25321346521377563,0
34,381,-0.034231122583150864,0
34,382,0.795154333114624,0
34,383,-0.10976432263851166,0
34,384,-0.03808307275176048,1
34,385,0.494577556848526,0
34,386,0.18385721743106842,0
34,387,0.05016839876770973,0
34,388,0.3955425024032593,0
34,389,0.27016013860702515,0
34,390,0.028047287836670876,0
34,391,-0.5517473220825195,0
34,392,0.9303545951843262,0
34,393,-0.6203989386558533,0
34,394,-0.9356926083564758,0
34,395,-0.4625946283340454,0
34,396,-0.5197242498397827,0
34,397,0.8754035830497742,0
34,398,-0.09383402019739151,0
34,399,0.19828668236732483,0
34,400,-0.37899836897850037,0
34,401,0.31997719407081604,0
34,402,-0.5979472398757935,0
34,403,-0.09546609967947006,0
34,404,-0.6418100595474243,0
34,405,-0.3461160361766815,0
34,406,0.06361644715070724,0
34,407,-0.16419175267219543,0
34,408,0.006794861983507872,0
34,409,-0.17209123075008392,0
34,410,-0.05699993297457695,0
34,411,-0.32953357696533203,0
34,412,-0.15802498161792755,0
34,413,-0.19454427063465118,0
34,414,0.19632680714130402,0
34,415,0.08054593205451965,0
34,416,-0.05278429388999939,0
34,417,0.01650620624423027,0
34,418,0.40285584330558777,0
34,419,-0.9907166361808777,0
34,420,0.1699717938899994,0
34,421,0.1693349927663803,0
34,422,-0.34404081106185913,0
34,423,-0.16696211695671082,0
34,424,-0.2770760655403137,0
34,425,-0.1842891275882721,0
34,426,0.22819644212722778,0
34,427,0.03283488377928734,0
34,428,0.2971128225326538,0
34,429,-0.22013187408447266,0
34,430,0.28211766481399536,0
34,431,-0.36958733201026917,0
34,432,-0.16055582463741302,0
34,433,-0.366070032119751,0
34,434,-0.3204607367515564,0
34,435,0.4426582157611847,0
34,436,-0.4529382288455963,0
34,437,-0.0776853859424591,0
34,438,-0.19994407892227173,0
34,439,-1.3375381231307983,0
34,440,-0.06347858160734177,0
34,441,0.1125362366437912,0
34,442,-0.7853185534477234,0
34,443,-0.9920909404754639,0
34,444,0.3453980088233948,0
34,445,0.015970833599567413,0
34,446,0.1468283236026764,0
34,447,-0.38346853852272034,0
34,448,-0.323314905166626,0
34,449,0.06276321411132812,0
34,450,0.48776692152023315,0
34,451,0.32133761048316956,0
34,452,-0.302320659160614,0
34,453,-0.2776219844818115,0
34,454,-0.4729437828063965,0
34,455,0.4372953772544861,0
34,456,-0.32030147314071655,0
34,457,-0.021599113941192627,0
34,458,0.1413850039243698,0
34,459,-0.45404481887817383,0
34,460,0.28649234771728516,0
34,461,-0.3663431406021118,0
34,462,-0.49191486835479736,0
34,463,0.36043697595596313,0
34,464,0.4555365741252899,0
34,465,-0.23976141214370728,1
34,466,-0.09120608866214752,0
34,467,0.05972927808761597,0
34,468,-0.5539002418518066,0
34,469,-0.06675820797681808,0
34,470,-0.27461352944374084,0
34,471,-0.36731332540512085,0
34,472,0.3927435874938965,0
34,473,0.2950423061847687,0
34,474,-0.1263541877269745,0
34,475,0.15295100212097168,0
34,476,0.0991983711719513,0
34,477,0.024260014295578003,0
34,478,-0.6025517582893372,0
34,479,0.1853398233652115,0
34,480,-0.4869093894958496,0
34,481,-0.9210705757141113,0
34,482,-0.12836185097694397,0
34,483,0.26258113980293274,0
34,484,-0.5331247448921204,0
34,485,0.21043933928012848,0
34,486,-0.2384846955537796,0
34,487,0.0577775202691555,0
34,488,-0.3719525933265686,0
34,489,0.0022235598880797625,0
34,490,-0.06152620539069176,0
34,491,-0.021970637142658234,0
34,492,-0.5576934218406677,0
34,493,-0.7593485713005066,0
34,494,0.6296693682670593,0
34,495,0.4595543444156647,0
34,496,0.16902191936969757,0
34,497,0.2074916809797287,0
34,498,-0.14946670830249786,0
34,499,-0.49588051438331604,0
34,500,-0.46064695715904236,0
34,501,0.15995974838733673,0
34,502,0.08750483393669128,0
34,503,-0.4163970351219177,0
34,504,-0.657004177570343,0
34,505,0.07148081064224243,0
34,506,-0.4225989282131195,0
34,507,0.09986618161201477,0
34,508,0.2042768895626068,0
34,509,-0.5079956650733948,0
34,510,0.21899062395095825,0
34,511,-0.4584815502166748,0
34,512,-0.12636174261569977,0
34,513,0.07908844202756882,0
34,514,0.003630160354077816,0
34,515,-0.6708475947380066,1
34,516,-0.5250844359397888,0
34,517,-0.27535101771354675,0
34,518,-0.20356428623199463,0
34,519,-0.08749977499246597,0
34,520,0.006014931481331587,0
34,521,0.5779930949211121,0
34,522,-1.2813019752502441,0
34,523,-0.2547832727432251,0
34,524,-0.725425660610199,0
34,525,-0.4769429564476013,0
34,526,0.04275612160563469,0
34,527,-0.8131253719329834,0
34,528,-0.6038087606430054,0
34,529,0.17982318997383118,0
34,530,0.32853004336357117,0
34,531,-0.06239897385239601,1
34,532,-0.3773181140422821,0
34,533,0.36461183428764343,1
63,0,-0.0018453802913427353,0
63,1,0.22370852530002594,0
63,2,-0.558016300201416,0
63,3,-0.3375367820262909,0
63,4,-0.5763943195343018,0
63,5,0.22026976943016052,0
63,6,0.0495058074593544,0
63,7,0.6433342695236206,0
63,8,-0.28054335713386536,0
63,9,-0.0849044919013977,0
63,10,0.23329079151153564,0
63,11,0.656949520111084,0
63,12,0.006648831535130739,0
63,13,0.45603638887405396,0
63,14,0.10880056023597717,0
63,15,-0.3201914131641388,0
63,16,0.623180627822876,0
63,17,-0.22967703640460968,0
63,18,-0.3432873785495758,0
63,19,-0.16626273095607758,0
63,20,-0.5917434692382812,0
63,21,0.27841880917549133,0
63,22,0.578504741191864,0
63,23,0.2623712420463562,0
63,24,0.7078149318695068,0
63,25,-0.15430673956871033,0
63,26,0.12284865975379944,0
63,27,0.520134449005127,0
63,28,-0.06003471463918686,0
63,29,-0.013245507143437862,0
63,30,0.14160175621509552,0
63,31,0.354688823223114,0
63,32,0.2154521346092224,0
63,33,-0.08830387145280838,0
63,34,0.32177621126174927,0
63,35,-0.34405773878097534,0
63,36,0.7760272026062012,0
63,37,0.6478685140609741,0
63,38,0.2905147671699524,0
63,39,0.20150406658649445,0
63,40,0.6702428460121155,0
63,41,0.22742505371570587,0
63,42,0.7276495695114136,0
63,43,0.1754286289215088,0
63,44,0.4792749881744385,0
63,45,0.3060290813446045,0
63,46,0.5113296508789062,0
63,47,-0.18665964901447296,0
63,48,0.1277109980583191,0
63,49,-0.27340900897979736,0
63,50,0.3765256106853485,0
63,51,-0.26616254448890686,0
63,52,-0.16470423340797424,0
63,53,0.3326183557510376,0
63,54,0.34148740768432617,0
63,55,0.5130747556686401,0
63,56,0.699216902256012,0
63,57,0.4402182400226593,0
63,58,0.5945034027099609,0
63,59,0.8097469806671143,0
63,60,-0.07625658065080643,0
63,61,-0.4406402111053467,0
63,62,-0.3116864562034607,0
63,63,0.23427163064479828,0
63,64,0.2812838852405548,0
63,65,0.2532733976840973,0
63,66,-0.3082028031349182,0
63,67,0.23019909858703613,0
63,68,0.29270753264427185,0
63,69,-0.7315999865531921,0
63,70,0.03671630099415779,0
63,71,0.887708306312561,0
63,72,-0.22690941393375397,0
63,73,0.5468984246253967,0
63,74,0.3364914357662201,0
63,75,0.3612673282623291,0
63,76,-0.25802236795425415,0
63,77,0.5061510801315308,0
63,78,0.1266060769557953,0
63,79,0.18012867867946625,0
63,80,0.617489755153656,0
63,81,0.4917633831501007,0
63,82,0.4395762085914612,0
63,83,-0.22959840297698975,0
63,84,0.5925604104995728,0
63,85,0.22916240990161896,0
63,86,-0.04106894135475159,0
63,87,-0.0467975027859211,0
63,88,0.8339453339576721,0
63,89,-0.013218116946518421,0
63,90,-0.4295114576816559,0
63,91,-0.7004221081733704,0
63,92,0.19055216014385223,0
63,93,0.6257665753364563,0
63,94,-0.4064365029335022,0
63,95,-0.29228225350379944,0
63,96,0.04636635631322861,0
63,97,0.01168116182088852,0
63,98,0.17163684964179993,0
63,99,0.08645931631326675,0
63,100,-0.43541863560676575,0
63,101,0.25242945551872253,0
63,102,0.15939021110534668,0
63,103,0.2933150827884674,0
63,104,-0.053949024528265,0
63,105,0.19003185629844666,0
63,106,-0.24254173040390015,0
63,107,0.046083755791187286,0
63,108,0.08779783546924591,0
63,109,0.3900924623012543,0
63,110,-0.10049062222242355,0
63,111,0.5944051742553711,0
63,112,0.7311816215515137,0
63,113,-0.17677521705627441,0
63,114,0.1558172106742859,0
63,115,0.5918635129928589,0
63,116,-0.4674835205078125,0
63,117,-0.19145558774471283,0
63,118,-0.05074390396475792,0
63,119,1.049361228942871,0
63,120,0.4367055296897888,0
63,121,0.303817480802536,0
63,122,0.4245481789112091,0
63,123,-0.16112087666988373,0
63,124,0.31027284264564514,0
63,125,-0.3889329135417938,0
63,126,-0.1013198122382164,0
63,127,0.5979432463645935,0
63,128,-0.13353507220745087,0
63,129,1.12152099609375,0
63,130,-0.40011003613471985,0
63,131,0.1288289874792099,0
63,132,0.8356413841247559,0
63,133,0.09542779624462128,0
63,134,0.24171513319015503,0
63,135,-0.13860037922859192,0
63,136,-0.7285781502723694,0
63,137,0.10523676127195358,0
63,138,0.3070169985294342,0
63,139,0.7315750122070312,0
63,140,0.06812869012355804,0
63,141,0.04607474431395531,0
63,142,0.04411477595567703,0
63,143,0.09198050945997238,0
63,144,0.24846208095550537,0
63,145,0.33432647585868835,0
63,146,0.39408019185066223,0
63,147,0.29199281334877014,0
63,148,-0.14988404512405396,0
63,149,0.3042672276496887,0
63,150,0.060218166559934616,0
63,151,-0.6209767460823059,0
63,152,-0.3304113745689392,0
63,153,-0.016908153891563416,0
63,154,0.5177733302116394,0
63,155,-0.08869115263223648,0
63,156,-0.3401889204978943,0
63,157,0.11441479623317719,0
63,158,0.5654324293136597,0
63,159,0.2560771107673645,0
63,160,0.7304030060768127,0
63,161,0.21390743553638458,0
63,162,-0.5135549306869507,0
63,163,0.6163949966430664,0
63,164,0.15393884479999542,0
63,165,0.12671060860157013,0
63,166,0.0786762610077858,0
63,167,0.5647553205490112,0
63,168,-0.029935335740447044,0
63,169,0.2827122211456299,0
63,170,0.40420469641685486,0
63,171,-0.27943721413612366,0
63,172,0.6877797245979309,0
63,173,-0.046279456466436386,0
63,174,0.11291084438562393,0
63,175,-0.654242992401123,0
63,176,0.11628444492816925,0
63,177,0.050751253962516785,0
63,178,-0.001494704163633287,0
63,179,0.6138210892677307,0
63,180,0.037297818809747696,0
63,181,0.8202563524246216,0
63,182,0.688381016254425,0
63,183,0.32652217149734497,0
63,184,0.21356892585754395,0
63,185,0.07876726239919662,0
63,186,-0.022246774286031723,0
63,187,-0.4596109688282013,0
63,188,0.03520325943827629,0
63,189,0.25834721326828003,0
63,190,-0.26224058866500854,0
63,191,0.7200335264205933,0
63,192,-0.31044235825538635,0
63,193,0.10028208792209625,0
63,194,0.3643498718738556,0
63,195,0.11882799863815308,0
63,196,0.6984705924987793,0
63,197,-0.3921118974685669,0
63,198,-0.203152135014534,0
63,199,0.10989711433649063,0
63,200,-0.16139797866344452,0
63,201,0.12678682804107666,0
63,202,-0.7724063396453857,0
63,203,-0.06179739534854889,0
63,204,-0.12315277010202408,0
63,205,-0.04201526567339897,0
63,206,0.2913927435874939,0
63,207,-0.24086317420005798,0
63,208,-0.026912270113825798,0
63,209,0.34649425745010376,0
63,210,-0.11649861186742783,0
63,211,-0.8315724730491638,0
63,212,0.22209714353084564,0
63,213,0.3474963903427124,0
63,214,-0.1024799644947052,0
63,215,0.14660312235355377,0
63,216,0.34209275245666504,0
63,217,-0.16033019125461578,0
63,218,-0.1183333471417427,0
63,219,0.07794438302516937,0
63,220,-0.02657580003142357,0
63,221,-0.1592487245798111,0
63,222,0.48739883303642273,0
63,223,-0.6247463226318359,0
63,224,0.41343507170677185,0
63,225,-0.21337610483169556,0
63,226,-0.1400344967842102,0
63,227,-0.310493528842926,0
63,228,0.11582491546869278,0
63,229,0.44028493762016296,0
63,230,0.4080566465854645,0
63,231,0.2436612993478775,0
63,232,0.29560115933418274,0
63,233,0.28489503264427185,0
63,234,0.3752208650112152,0
63,235,0.5308865904808044,0
63,236,0.3958509862422943,0
63,237,-0.03617890924215317,0
63,238,0.07154124975204468,0
63,239,-0.41533222794532776,0
63,240,0.27502381801605225,0
63,241,0.09735137969255447,0
63,242,-0.15885072946548462,0
63,243,0.7246313691139221,0
63,244,0.18133603036403656,0
63,245,0.13369597494602203,0
63,246,-0.5322760939598083,0
63,247,0.37957921624183655,0
63,248,-0.17049476504325867,0
63,249,0.3942223787307739,0
63,250,0.4456292986869812,0
63,251,0.16004334390163422,0
63,252,0.012137134559452534,0
63,253,-0.5210177302360535,0
63,254,-0.11207973957061768,0
63,255,-0.0397564060986042,0
63,256,-0.39129623770713806,0
63,257,-0.10014709085226059,0
63,258,-0.1136140525341034,0
63,259,-0.2625638246536255,0
63,260,0.27608850598335266,0
63,261,-0.6967365145683289,0
63,262,0.2544375956058502,0
63,263,-0.31499266624450684,0
63,264,-0.033935703337192535,0
63,265,-0.40949609875679016,0
63,266,0.6418005228042603,0
63,267,-0.7266316413879395,0
63,268,0.6174481511116028,0
63,269,0.47511768341064453,0
63,270,0.20737509429454803,0
63,271,0.05906611680984497,0
63,272,0.7011908888816833,0
63,273,1.9674174785614014,0
63,274,-0.1762804388999939,0
63,275,-0.4213544428348541,0
63,276,0.1623670607805252,0
63,277,-0.03753821551799774,0
63,278,0.12867580354213715,0
63,279,0.38070255517959595,0
63,280,0.2469160407781601,0
63,281,-0.3667846620082855,0
63,282,0.2831915020942688,0
63,283,-0.19809779524803162,0
63,284,0.40875595808029175,0
63,285,0.04368695989251137,0
63,286,0.42717811465263367,0
63,287,-0.5026576519012451,0
63,288,0.18073219060897827,0
63,289,-0.1758800745010376,0
63,290,-0.03817516565322876,0
63,291,-0.013354542665183544,0
63,292,0.6092205047607422,0
63,293,0.6356238126754761,0
63,294,-0.08887805789709091,0
63,295,0.27967748045921326,0
63,296,0.19847196340560913,0
63,297,0.20097893476486206,0
63,298,0.7248654365539551,0
63,299,-0.27564308047294617,0
63,300,-0.10061968863010406,0
63,301,0.2341233342885971,0
63,302,0.05757614225149155,0
63,303,0.35900476574897766,0
63,304,0.4911862313747406,0
63,305,0.18707643449306488,0
63,306,-0.15074798464775085,0
63,307,-0.9511554837226868,0
63,308,-0.1836305856704712,1
63,309,-0.20993150770664215,0
63,310,0.019200662150979042,0
63,311,0.09553162753582001,0
63,312,-0.8390859961509705,0
63,313,-0.2049594223499298,0
63,314,0.13622942566871643,0
63,315,0.17188972234725952,0
63,316,-0.13092000782489777,0
63,317,0.13212651014328003,0
63,318,-0.7490350604057312,0
63,319,-0.6785225868225098,0
63,320,0.7191117405891418,0
63,321,0.517715573310852,0
63,322,0.46048203110694885,1
63,323,-0.6535958051681519,0
63,324,0.471579909324646,1
63,325,0.19348616898059845,0
63,326,0.7328053116798401,0
63,327,0.1262718141078949,0
63,328,0.3861098885536194,0
63,329,0.5257400274276733,0
63,330,0.03566690906882286,0
63,331,0.6937047839164734,0
63,332,-0.357527494430542,0
63,333,0.30221784114837646,0
63,334,0.006507687270641327,0
63,335,-0.1347062885761261,0
63,336,-0.664084255695343,0
63,337,0.6700854897499084,0
63,338,0.6054027676582336,0
63,339,0.707729697227478,0
63,340,0.13536100089550018,0
63,341,0.7275496125221252,0
63,342,0.8842504024505615,0
63,343,-0.7179164290428162,0
63,344,0.28655311465263367,0
63,345,0.7090191841125488,0
63,346,-0.7700898051261902,0
63,347,0.14461545646190643,0
63,348,0.658732533454895,0
63,349,0.11914999037981033,0
63,350,0.7447137832641602,0
63,351,0.08944740146398544,0
63,352,0.1938764601945877,0
63,353,-0.09405282139778137,0
63,354,0.582073986530304,0
63,355,0.4941418468952179,0
63,356,-0.006407835986465216,0
63,357,0.06452645361423492,0
63,358,0.46865314245224,0
63,359,-0.687232255935669,0
63,360,0.29583215713500977,0
63,361,0.7229660153388977,0
63,362,0.8055972456932068,0
63,363,0.20779702067375183,0
63,364,0.21934357285499573,0
63,365,0.10596708953380585,0
63,366,0.7824133634567261,0
63,367,-0.5572540163993835,0
63,368,-0.5092803239822388,0
63,369,-0.33643653988838196,0
63,370,0.9570558667182922,0
63,371,0.3775167167186737,0
63,372,0.2929360568523407,0
63,373,0.17314386367797852,0
63,374,0.0401352122426033,0
63,375,-0.06087696552276611,0
63,376,0.752551794052124,0
63,377,-0.04910636320710182,0
63,378,0.035746488720178604,0
63,379,0.5271902680397034,0
63,380,0.8361939191818237,0
63,381,-0.267543762922287,0
63,382,0.5419324636459351,0
63,383,-0.30586591362953186,0
63,384,0.35934698581695557,0
63,385,-0.5065857768058777,0
63,386,0.9857988357543945,0
63,387,0.3642998933792114,0
63,388,0.9656383991241455,0
63,389,-0.13554932177066803,0
63,390,-0.08463162928819656,0
63,391,-0.28878211975097656,0
63,392,-0.11375030875205994,0
63,393,0.8359056115150452,0
63,394,0.3119075894355774,0
63,395,0.6021291017532349,0
63,396,0.13628815114498138,0
63,397,-0.07592084258794785,0
63,398,0.8541138768196106,0
63,399,0.12044946849346161,0
63,400,0.003164751222357154,0
63,401,-0.21163979172706604,0
63,402,-0.19147492945194244,0
63,403,0.9388337135314941,0
63,404,-0.4140058755874634,0
63,405,0.06723035871982574,0
63,406,0.16911828517913818,0
63,407,0.33107906579971313,0
63,408,0.06934835761785507,0
63,409,0.3917001783847809,0
63,410,-0.4885196089744568,0
63,411,-0.624411940574646,0
63,412,0.4868939518928528,0
63,413,0.3444973826408386,0
63,414,0.6782141923904419,0
63,415,0.4967665374279022,0
63,416,-0.23710186779499054,0
63,417,-0.05494511500000954,0
63,418,0.46636438369750977,0
63,419,0.1749655306339264,0
63,420,-0.5389101505279541,0
63,421,0.052428919821977615,0
63,422,0.108455590903759,0
63,423,0.21262960135936737,0
63,424,-0.29788362979888916,0
63,425,0.4082466661930084,0
63,426,-0.3007560968399048,0
63,427,0.00851498730480671,0
63,428,-0.2704157829284668,0
63,429,0.3843999207019806,0
63,430,0.6884005665779114,0
63,431,0.1898147165775299,0
63,432,0.039014559239149094,0
63,433,-0.22007834911346436,0
63,434,0.2091531902551651,0
63,435,-0.6628023386001587,0
63,436,0.03625034913420677,0
63,437,0.17773838341236115,0
63,438,0.33576616644859314,0
63,439,0.108165442943573,0
63,440,0.3694304823875427,0
63,441,0.15892495214939117,0
63,442,0.7227884531021118,0
63,443,-0.18671907484531403,0
63,444,0.7445025444030762,0
63,445,0.492449015378952,0
63,446,0.4089040160179138,0
63,447,0.17775826156139374,0
63,448,0.36897769570350647,0
63,449,0.538236677646637,0
63,450,0.09628254175186157,0
63,451,0.3605595827102661,0
63,452,0.1644502878189087,0
63,453,-0.6172534227371216,0
63,454,0.9739751815795898,0
63,455,-0.22086338698863983,0
63,456,0.44839009642601013,0
63,457,-0.8571193814277649,0
63,458,-0.20377744734287262,0
63,459,0.3579609990119934,0
63,460,-0.11655502766370773,0
63,461,0.07589906454086304,0
63,462,-0.28024229407310486,0
63,463,0.011663609184324741,0
63,464,-0.29102063179016113,0
63,465,0.542049765586853,0
63,466,0.48207783699035645,0
63,467,0.524624228477478,0
63,468,0.2406952679157257,0
63,469,-0.885715663433075,0
63,470,0.45714887976646423,0
63,471,0.3405205011367798,0
63,472,0.06170627847313881,0
63,473,0.09268414974212646,0
63,474,0.6577855944633484,0
63,475,0.38330695033073425,0
63,476,0.6143390536308289,0
63,477,0.11911430209875107,0
63,478,-0.13245372474193573,0
63,479,-0.3538137376308441,0
63,480,0.47922849655151367,0
63,481,0.534827470779419,0
63,482,0.0873028114438057,0
63,483,1.190382957458496,0
63,484,-0.21484874188899994,0
63,485,0.7614410519599915,0
63,486,0.5704993009567261,0
63,487,-0.035786520689725876,0
63,488,0.7096492052078247,0
63,489,-0.5424110293388367,0
63,490,0.32768797874450684,0
63,491,0.8059915900230408,0
63,492,0.5602830648422241,0
63,493,0.05640029162168503,0
63,494,0.6493047475814819,0
63,495,0.21920280158519745,0
63,496,0.42223551869392395,0
63,497,0.6817386150360107,0
63,498,0.6978244781494141,0
63,499,-0.28765803575515747,0
63,500,0.03900986164808273,0
63,501,0.8989218473434448,0
63,502,0.11556224524974823,0
63,503,0.4292778968811035,0
63,504,-0.27873560786247253,0
63,505,0.3777972459793091,0
63,506,0.5436118841171265,0
63,507,0.09680342674255371,0
63,508,-0.0597025491297245,0
63,509,0.26318639516830444,0
63,510,0.17571966350078583,0
63,511,0.019385691732168198,0
63,512,0.43801018595695496,0
63,513,0.17179545760154724,0
63,514,-0.3010064959526062,0
63,515,0.836111307144165,0
63,516,0.49043694138526917,0
63,517,-0.01934059150516987,0
63,518,0.044612206518650055,0
63,519,0.07847463339567184,0
63,520,-0.6022568345069885,0
63,521,0.2618284225463867,0
63,522,0.497803658246994,0
63,523,0.04664766788482666,0
63,524,0.9010688066482544,0
63,525,0.8880814909934998,0
63,526,-0.39867261052131653,0
63,527,0.17862065136432648,0
63,528,0.659674346446991,0
63,529,0.4416673183441162,0
63,530,0.6070637702941895,0
63,531,0.4174577295780182,0
63,532,-0.21910561621189117,0
63,533,0.7191036939620972,0
64,0,-0.43905186653137207,0
64,1,0.2143222540616989,0
64,2,0.008255098946392536,0
64,3,0.6431038975715637,0
64,4,-0.04953089728951454,0
64,5,0.2939290404319763,0
64,6,-0.04530489817261696,0
64,7,0.26943299174308777,0
64,8,-0.06733925640583038,0
64,9,0.2159574031829834,0
64,10,0.22296132147312164,0
64,11,0.4715281128883362,0
64,12,0.2453867644071579,0
64,13,0.05275376886129379,0
64,14,-0.44843459129333496,0
64,15,-0.28443676233291626,0
64,16,0.4781574308872223,0
64,17,-0.5455480813980103,0
64,18,0.4381740391254425,0
64,19,0.045357197523117065,0
64,20,-0.12236128002405167,0
64,21,-0.2503379285335541,0
64,22,0.7317110896110535,0
64,23,0.14203670620918274,0
64,24,1.0158538818359375,0
64,25,-0.5077287554740906,0
64,26,0.016989681869745255,0
64,27,0.10152915120124817,0
64,28,0.19326986372470856,0
64,29,0.4924774467945099,0
64,30,0.3972000479698181,0
64,31,0.262493759393692,0
64,32,-0.21781392395496368,0
64,33,-0.42939242720603943,0
64,34,0.39112693071365356,0
64,35,0.051221489906311035,0
64,36,0.560823380947113,0
64,37,0.8476651310920715,0
64,38,0.18349246680736542,0
64,39,-0.16019339859485626,0
64,40,0.5545033812522888,0
64,41,0.21512489020824432,0
64,42,1.241904377937317,0
64,43,0.17377136647701263,0
64,44,0.6356438398361206,0
64,45,0.2622043192386627,0
64,46,0.5772160887718201,0
64,47,-0.21109087765216827,0
64,48,0.10496128350496292,0
64,49,0.2429378777742386,0
64,50,0.47496429085731506,0
64,51,-0.06389347463846207,0
64,52,-0.03064066357910633,0
64,53,0.3800089955329895,0
64,54,0.3538760840892792,0
64,55,-0.04111682251095772,0
64,56,0.5235159397125244,0
64,57,0.15302051603794098,0
64,58,-0.09662710875272751,0
64,59,0.8598290085792542,0
64,60,0.48390495777130127,0
64,61,0.5203420519828796,0
64,62,0.007358355447649956,0
64,63,0.21010401844978333,0
64,64,0.3950798213481903,0
64,65,0.021779518574476242,0
64,66,0.4078105688095093,0
64,67,0.09897121042013168,0
64,68,0.6817392110824585,0
64,69,-0.8942777514457703,0
64,70,0.34473881125450134,0
64,71,0.993179202079773,0
64,72,0.13604430854320526,0
64,73,0.8580765128135681,0
64,74,0.604722797870636,0
64,75,0.47446659207344055,0
64,76,0.20576737821102142,0
64,77,0.0007038472685962915,0
64,78,0.3401481807231903,0
64,79,0.4601533114910126,0
64,80,0.4519093632698059,0
64,81,0.8115421533584595,0
64,82,0.08751344680786133,0
64,83,0.04366008937358856,0
64,84,0.6459898352622986,0
64,85,0.12731344997882843,0
64,86,0.15633870661258698,0
64,87,0.08085840195417404,0
64,88,0.7087221145629883,0
64,89,-0.20498928427696228,0
64,90,0.07600858062505722,0
64,91,-0.4747281074523926,0
64,92,0.14011012017726898,0
64,93,0.758144736289978,0
64,94,0.369797945022583,0
64,95,-0.19986988604068756,0
64,96,1.0340385437011719,0
64,97,0.6957020163536072,0
64,98,0.7313393950462341,0
64,99,0.9629220962524414,0
64,100,-0.7831987738609314,0
64,101,0.30925264954566956,0
64,102,0.2197510451078415,0
64,103,0.7124426364898682,0
64,104,-0.07644311338663101,0
64,105,0.18642306327819824,0
64,106,-0.018453342840075493,0
64,107,0.09596136957406998,0
64,108,0.09159114211797714,0
64,109,0.5844821333885193,0
64,110,-0.06572776287794113,0
64,111,0.8400614857673645,0
64,112,1.0574558973312378,0
64,113,0.351601779460907,0
64,114,0.07541146874427795,0
64,115,1.0049159526824951,0
64,116,-0.6092138886451721,0
64,117,0.17425256967544556,0
64,118,-0.17302091419696808,0
64,119,0.4380083382129669,0
64,120,0.12781503796577454,0
64,121,-0.06740859895944595,0
64,122,0.9793551564216614,0
64,123,0.09012825787067413,0
64,124,-0.036810290068387985,0
64,125,0.14091379940509796,0
64,126,-0.08403594046831131,0
64,127,0.8712731003761292,0
64,128,-0.17145749926567078,0
64,129,1.0466023683547974,0
64,130,-0.3966832756996155,0
64,131,0.598858118057251,0
64,132,1.1522324085235596,0
64,133,1.181498646736145,0
64,134,0.28414762020111084,0
64,135,0.14617589116096497,0
64,136,-0.7666635513305664,0
64,137,0.48557859659194946,0
64,138,0.5691574215888977,0
64,139,0.8497743606567383,0
64,140,-0.3000508248806,0
64,141,0.40391916036605835,0
64,142,0.22568953037261963,0
64,143,0.4890991151332855,0
64,144,0.056198254227638245,0
64,145,0.44510185718536377,0
64,146,0.22911155223846436,0
64,147,0.15613476932048798,0
64,148,-0.4020530879497528,0
64,149,0.44621384143829346,0
64,150,0.0911887064576149,0
64,151,-0.031068718060851097,0
64,152,-0.1893942803144455,0
64,153,0.41700479388237,0
64,154,0.8506430983543396,0
64,155,-0.05185664817690849,0
64,156,-0.42164334654808044,0
64,157,-0.3751221299171448,0
64,158,0.6230919361114502,0
64,159,0.4119051396846771,0
64,160,0.7694218754768372,0
64,161,0.1220201626420021,0
64,162,-0.4738557040691376,0
64,163,0.2860267162322998,0
64,164,0.01592419482767582,0
64,165,-0.07023054361343384,0
64,166,0.2628496587276459,0
64,167,0.647567868232727,0
64,168,0.31604909896850586,0
64,169,0.2139270305633545,0
64,170,0.25495415925979614,0
64,171,0.10979220271110535,0
64,172,0.701354444026947,0
64,173,0.3396397829055786,0
64,174,0.45888471603393555,0
64,175,-0.6988918781280518,0
64,176,0.2397954761981964,0
64,177,0.2818072438240051,0
64,178,0.1509239673614502,0
64,179,0.5028597116470337,0
64,180,-0.18189455568790436,0
64,181,0.7380948066711426,0
64,182,0.6865547299385071,0
64,183,0.4225166440010071,0
64,184,-0.012375922873616219,0
64,185,-0.04086178168654442,0
64,186,0.06253495812416077,0
64,187,0.03241489827632904,0
64,188,-0.6447998285293579,0
64,189,0.1395193487405777,0
64,190,-0.05543246492743492,0
64,191,0.37387967109680176,0
64,192,-0.4862302839756012,0
64,193,0.14505785703659058,0
64,194,0.4861879348754883,0
64,195,0.15718190371990204,0
64,196,0.7308261394500732,0
64,197,0.504155158996582,0
64,198,-0.09588324278593063,0
64,199,0.2920714020729065,0
64,200,0.18131384253501892,0
64,201,-0.27374905347824097,0
64,202,0.08879420906305313,0
64,203,-0.15015675127506256,0
64,204,-0.01068330928683281,0
64,205,0.04487884044647217,0
64,206,-0.07409019768238068,0
64,207,0.05462154373526573,0
64,208,-0.17986582219600677,0
64,209,0.35011026263237,0
64,210,0.4281575381755829,0
64,211,-0.5118107795715332,0
64,212,0.6570125222206116,0
64,213,1.0069189071655273,0
64,214,0.25691768527030945,0
64,215,-0.25218039751052856,0
64,216,-0.05945811793208122,0
64,217,0.3463660776615143,0
64,218,0.1382078230381012,0
64,219,0.234336256980896,0
64,220,-0.22039726376533508,0
64,221,0.21621403098106384,0
64,222,0.2239081859588623,0
64,223,-0.7252123951911926,0
64,224,0.5711725354194641,0
64,225,0.48664939403533936,0
64,226,-0.022747313603758812,0
64,227,0.07684680819511414,0
64,228,0.6811956763267517,0
64,229,0.19274182617664337,0
64,230,0.374336302280426,0
64,231,0.08485177904367447,0
64,232,0.418555349111557,0
64,233,0.6694151163101196,0
64,234,0.507326602935791,0
64,235,1.1624823808670044,0
64,236,0.6721131801605225,0
64,237,0.40744876861572266,0
64,238,0.4207177758216858,0
64,239,-0.3540360927581787,0
64,240,0.3860172927379608,0
64,241,0.16231530904769897,0
64,242,-0.054253485053777695,0
64,243,0.8022317290306091,0
64,244,0.4800685942173004,0
64,245,0.24326372146606445,0
64,246,0.3702247142791748,0
64,247,0.4270927309989929,0
64,248,-0.3424464166164398,0
64,249,0.14292564988136292,0
64,250,0.26490503549575806,0
64,251,0.006636268924921751,0
64,252,0.522927463054657,0
64,253,-0.0563410185277462,0
64,254,-1.0281832218170166,0
64,255,-0.10634834319353104,0
64,256,-0.9083998203277588,0
64,257,0.7988658547401428,0
64,258,0.1192735806107521,0
64,259,-0.30738356709480286,0
64,260,-0.355342298746109,0
64,261,-0.29295966029167175,0
64,262,-0.4324004650115967,0
64,263,-0.3935416042804718,0
64,264,-0.6802330613136292,0
64,265,-0.34290996193885803,0
64,266,0.6375978589057922,0
64,267,0.09891889989376068,0
64,268,1.0155925750732422,0
64,269,0.8784719705581665,0
64,270,-0.05102790519595146,0
64,271,0.29943475127220154,0
64,272,0.4190288484096527,0
64,273,0.24815943837165833,0
64,274,-0.690038800239563,0
64,275,0.10022707283496857,0
64,276,0.7745321989059448,0
64,277,0.022028103470802307,0
64,278,0.050486814230680466,0
64,279,0.14556637406349182,0
64,280,0.05999691039323807,0
64,281,0.2482667714357376,0
64,282,0.7156169414520264,0
64,283,0.5466582775115967,0
64,284,0.6703183054924011,0
64,285,0.7313922047615051,0
64,286,0.3688502013683319,0
64,287,-0.6917433142662048,0
64,288,0.901538610458374,0
64,289,-0.019644688814878464,0
64,290,0.7421392798423767,0
64,291,0.6247459053993225,0
64,292,0.8869678378105164,0
64,293,1.0436257123947144,0
64,294,0.3779912292957306,0
64,295,0.2015356570482254,0
64,296,2.1483664512634277,0
64,297,0.3506172001361847,0
64,298,0.0770740881562233,0
64,299,-0.06716353446245193,0
64,300,0.3892706036567688,0
64,301,0.3700368106365204,0
64,302,-0.19817151129245758,0
64,303,0.8111535310745239,0
64,304,0.335930198431015,0
64,305,-0.08718306571245193,0
64,306,-0.4615241587162018,0
64,307,-0.44936037063598633,0
64,308,-0.2380165308713913,1
64,309,-0.05883389711380005,0
64,310,-0.1038857251405716,0
64,311,0.14391693472862244,0
64,312,-0.21726715564727783,0
64,313,-0.4088767468929291,0
64,314,0.7756346464157104,0
64,315,0.5392763614654541,0
64,316,0.15035590529441833,0
64,317,0.1292109340429306,0
64,318,0.4267244338989258,0
64,319,0.48249563574790955,0
64,320,0.4840112626552582,0
64,321,-0.12368743121623993,0
64,322,0.18005894124507904,1
64,323,-0.5833089351654053,0
64,324,0.7069430351257324,1
64,325,0.7255111932754517,0
64,326,0.9550972580909729,0
64,327,0.26746034622192383,0
64,328,0.3841141164302826,0
64,329,0.5919475555419922,0
64,330,0.04761987552046776,0
64,331,0.843947172164917,0
64,332,0.5615297555923462,0
64,333,0.4376083314418793,0
64,334,-0.12511855363845825,0
64,335,-0.6437436938285828,0
64,336,0.10101519525051117,0
64,337,1.3206018209457397,0
64,338,0.1518075168132782,0
64,339,0.8826159238815308,0
64,340,0.4307740330696106,0
64,341,0.5784492492675781,0
64,342,0.5299761295318604,0
64,343,-0.9329068064689636,0
64,344,0.620917797088623,0
64,345,0.08591485768556595,0
64,346,-0.8200792074203491,0
64,347,0.5813540816307068,0
64,348,0.6803697347640991,0
64,349,-0.11604209989309311,0
64,350,1.049771785736084,0
64,351,0.5869180560112,0
64,352,0.5142503976821899,0
64,353,0.07688077539205551,0
64,354,0.8055615425109863,0
64,355,0.8958132266998291,0
64,356,-0.0434587262570858,0
64,357,-0.31124916672706604,0
64,358,0.5914034247398376,0
64,359,-0.7741965055465698,0
64,360,0.4829324781894684,0
64,361,0.18299123644828796,0
64,362,0.5707273483276367,0
64,363,0.27893945574760437,0
64,364,0.4673694968223572,0
64,365,-0.025914376601576805,0
64,366,0.2060738056898117,0
64,367,-0.05258074030280113,0
64,368,0.3182874023914337,0
64,369,0.35879620909690857,0
64,370,0.981857419013977,0
64,371,0.6951663494110107,0
64,372,0.2717735469341278,0
64,373,0.3759573996067047,0
64,374,0.9310709238052368,0
64,375,0.4879421889781952,0
64,376,0.6497259140014648,0
64,377,-0.26474374532699585,0
64,378,0.6468514800071716,0
64,379,0.5760849118232727,0
64,380,0.5477482080459595,0
64,381,-0.26458728313446045,0
64,382,0.5303655862808228,0
64,383,1.045034646987915,0
64,384,0.3877262771129608,0
64,385,0.058908611536026,0
64,386,0.970946729183197,0
64,387,0.17349568009376526,0
64,388,0.8760743141174316,0
64,389,0.29284483194351196,0
64,390,-0.16325964033603668,0
64,391,-1.138156771659851,0
64,392,-0.13125117123126984,0
64,393,0.32655826210975647,0
64,394,0.22118927538394928,0
64,395,0.1829412430524826,0
64,396,0.4881521463394165,0
64,397,0.8526920676231384,0
64,398,0.19493283331394196,0
64,399,0.498891144990921,0
64,400,1.159653663635254,0
64,401,0.04923054948449135,0
64,402,-0.19413365423679352,0
64,403,1.0836158990859985,0
64,404,0.1142582967877388,0
64,405,0.08323013782501221,0
64,406,-0.21031983196735382,0
64,407,0.22929374873638153,0
64,408,1.2275375127792358,0
64,409,-0.4581042230129242,0
64,410,0.3830796778202057,0
64,411,-0.6146439909934998,0
64,412,0.16549038887023926,0
64,413,0.9535484910011292,0
64,414,0.10527366399765015,0
64,415,0.5586485266685486,0
64,416,-0.31473827362060547,0
64,417,0.4911901652812958,0
64,418,0.8373192548751831,0
64,419,0.8788094520568848,0
64,420,-0.4187023341655731,0
64,421,-0.3840569853782654,0
64,422,0.5718300342559814,0
64,423,0.5617419481277466,0
64,424,0.18625305593013763,0
64,425,0.26324373483657837,0
64,426,0.2365591824054718,0
64,427,0.28597068786621094,0
64,428,-0.4966268837451935,0
64,429,0.6161344647407532,0
64,430,0.8603330254554749,0
64,431,0.06940663605928421,0
64,432,0.8172112703323364,0
64,433,0.4237145781517029,0
64,434,0.7782214879989624,0
64,435,0.2831001281738281,0
64,436,0.28600597381591797,0
64,437,0.646952748298645,0
64,438,0.6585388779640198,0
64,439,0.8275065422058105,0
64,440,0.5540145635604858,0
64,441,-0.055664606392383575,0
64,442,0.14763396978378296,0
64,443,0.4052271842956543,0
64,444,0.5683139562606812,0
64,445,1.0726693868637085,0
64,446,0.20991875231266022,0
64,447,0.3926231265068054,0
64,448,1.0134989023208618,0
64,449,0.838287889957428,0
64,450,0.42260023951530457,0
64,451,0.07815689593553543,0
64,452,0.6515906453132629,0
64,453,-0.23578372597694397,0
64,454,1.0988789796829224,0
64,455,-0.20240861177444458,0
64,456,1.3108696937561035,0
64,457,-0.0816226527094841,0
64,458,-0.06222953647375107,0
64,459,0.5915319323539734,0
64,460,0.23728284239768982,0
64,461,0.47049179673194885,0
64,462,-0.3366584777832031,0
64,463,0.07534254342317581,0
64,464,-0.3640230894088745,0
64,465,0.8892368674278259,0
64,466,-0.5798630714416504,0
64,467,1.0819132328033447,0
64,468,0.42525726556777954,0
64,469,-0.6868329048156738,0
64,470,1.4944099187850952,0
64,471,0.3181839883327484,0
64,472,0.502988338470459,0
64,473,-0.08457757532596588,0
64,474,0.7597871422767639,0
64,475,0.06008905917406082,0
64,476,1.106096625328064,0
64,477,0.3327271044254303,0
64,478,0.7107791304588318,0
64,479,-0.1887260526418686,0
64,480,0.5163671970367432,0
64,481,0.5753747820854187,0
64,482,0.09991827607154846,0
64,483,0.7171147465705872,0
64,484,0.2916751205921173,0
64,485,0.31837934255599976,0
64,486,0.4280998408794403,0
64,487,0.34458404779434204,0
64,488,0.08343645185232162,0
64,489,0.1555238962173462,0
64,490,0.5217877626419067,0
64,491,0.6296371817588806,0
64,492,0.11124447733163834,0
64,493,0.5252537131309509,0
64,494,0.5593281984329224,0
64,495,-0.03384602069854736,0
64,496,-0.19562940299510956,0
64,497,0.9905562400817871,0
64,498,0.05262770876288414,0
64,499,0.42471808195114136,0
64,500,0.6830997467041016,0
64,501,0.443071186542511,0
64,502,0.33622607588768005,0
64,503,0.7168021202087402,0
64,504,0.5285542607307434,0
64,505,0.1815268099308014,0
64,506,0.5738748908042908,0
64,507,-0.5134584903717041,0
64,508,0.3457249104976654,0
64,509,0.7759935259819031,0
64,510,0.060846589505672455,0
64,511,0.21881575882434845,0
64,512,-0.1678040772676468,0
64,513,0.17231385409832,0
64,514,0.08535435795783997,0
64,515,1.3672468662261963,0
64,516,0.36573320627212524,0
64,517,0.48573195934295654,0
64,518,0.0731862336397171,0
64,519,0.4998512864112854,0
64,520,-0.5055501461029053,0
64,521,0.30213335156440735,0
64,522,0.6688244342803955,0
64,523,-0.35741767287254333,0
64,524,0.7720191478729248,0
64,525,0.600281298160553,0
64,526,0.33125922083854675,0
64,527,0.8215800523757935,0
64,528,1.311183214187622,0
64,529,0.15354783833026886,0
64,530,0.3378397822380066,0
64,531,0.7331479787826538,0
64,532,-0.6424939632415771,0
64,533,0.7722053527832031,0
75,0,-0.1708366572856903,0
75,1,0.7219341397285461,0
75,2,-0.16387152671813965,0
75,3,0.949791669845581,0
75,4,-0.036703962832689285,0
75,5,0.13947148621082306,0
75,6,0.20759998261928558,0
75,7,0.1890832930803299,0
75,8,1.4257705211639404,0
75,9,0.26059794425964355,0
75,10,0.6721822619438171,0
75,11,1.1666899919509888,0
75,12,0.46625974774360657,0
75,13,1.1143159866333008,0
75,14,0.6084567904472351,0
75,15,-0.4359826445579529,0
75,16,1.2620056867599487,0
75,17,0.44129040837287903,0
75,18,0.24664384126663208,0
75,19,1.1400333642959595,0
75,20,0.1173098087310791,0
75,21,0.8583420515060425,0
75,22,1.240943431854248,0
75,23,1.295361042022705,0
75,24,0.48867592215538025,0
75,25,0.8123002648353577,0
75,26,0.2273685783147812,0
75,27,1.031070590019226,0
75,28,0.7371106147766113,0
75,29,0.9583375453948975,0
75,30,1.0595329999923706,0
75,31,0.39584141969680786,0
75,32,0.5966783165931702,0
75,33,0.640266478061676,0
75,34,1.5275731086730957,0
75,35,0.6596481800079346,0
75,36,-0.2563568949699402,0
75,37,0.5860357284545898,0
75,38,-0.4176046848297119,0
75,39,0.7646046280860901,0
75,40,0.7804971933364868,0
75,41,1.3660544157028198,0
75,42,0.8105744123458862,0
75,43,0.8052207827568054,0
75,44,0.7910569310188293,0
75,45,1.0329153537750244,0
75,46,0.8576263785362244,0
75,47,-0.0938519537448883,0
75,48,0.700383722782135,0
75,49,-0.060492414981126785,0
75,50,0.051059819757938385,0
75,51,0.6742821335792542,0
75,52,0.9265491962432861,0
75,53,1.6695560216903687,0
75,54,0.458609402179718,0
75,55,0.7461866140365601,0
75,56,0.4998069703578949,0
75,57,-0.18806685507297516,0
75,58,0.9087409377098083,0
75,59,1.3781710863113403,0
75,60,0.954052209854126,0
75,61,0.6743370294570923,0
75,62,0.16546860337257385,0
75,63,-0.033205144107341766,0
75,64,0.9480779767036438,0
75,65,1.205973744392395,0
75,66,0.7958235740661621,0
75,67,0.27816373109817505,0
75,68,-0.075727179646492,0
75,69,0.30175063014030457,0
75,70,0.9760907292366028,0
75,71,1.477669358253479,0
75,72,0.6874789595603943,0
75,73,1.2880865335464478,0
75,74,0.5586116909980774,0
75,75,0.6456266641616821,0
75,76,0.03351046144962311,0
75,77,0.5958881378173828,0
75,78,1.497558832168579,0
75,79,1.126376986503601,0
75,80,0.7142388224601746,0
75,81,-0.2306405007839203,0
75,82,0.16536539793014526,0
75,83,-0.07622426003217697,0
75,84,0.24270875751972198,0
75,85,1.0776805877685547,0
75,86,0.744860827922821,0
75,87,0.3829118311405182,0
75,88,0.9810003042221069,0
75,89,0.48636144399642944,0
75,90,0.13430996239185333,0
75,91,-0.5114360451698303,0
75,92,0.7746601104736328,0
75,93,0.939906120300293,0
75,94,-0.3647885322570801,0
75,95,1.4965873956680298,0
75,96,0.07913114875555038,0
75,97,0.3477543294429779,0
75,98,1.6933082342147827,0
75,99,0.40850043296813965,0
75,100,-0.15632149577140808,0
75,101,0.9212977886199951,0
75,102,1.2869465351104736,0
75,103,0.5269672274589539,0
75,104,0.5251423120498657,0
75,105,1.09880530834198,0
75,106,0.8951268196105957,0
75,107,0.5174610018730164,0
75,108,0.4231683313846588,0
75,109,0.7843550443649292,0
75,110,1.006648302078247,0
75,111,0.6121711134910583,0
75,112,0.6072190403938293,0
75,113,-0.371290922164917,0
75,114,0.2620164752006531,0
75,115,1.1329046487808228,0
75,116,-0.33301299810409546,0
75,117,-0.09510670602321625,0
75,118,0.7066660523414612,0
75,119,0.809573233127594,0
75,120,1.1903759241104126,0
75,121,0.958122193813324,0
75,122,0.8212128281593323,0
75,123,0.750868022441864,0
75,124,0.5347805619239807,0
75,125,0.13962304592132568,0
75,126,0.04762180522084236,0
75,127,1.0622352361679077,0
75,128,0.1157783791422844,0
75,129,1.028742790222168,0
75,130,-0.31313642859458923,0
75,131,-0.1918001025915146,0
75,132,1.2997950315475464,0
75,133,1.7561805248260498,0
75,134,1.5019561052322388,0
75,135,-0.20311415195465088,0
75,136,-0.28509676456451416,0
75,137,0.7567871809005737,0
75,138,0.7556419372558594,0
75,139,0.5515606999397278,0
75,140,0.7757147550582886,0
75,141,-0.018380139023065567,0
75,142,0.15011605620384216,0
75,143,0.8396334648132324,0
75,144,0.3248771131038666,0
75,145,1.162858009338379,0
75,146,0.62419593334198,0
75,147,0.3232842981815338,0
75,148,0.8655550479888916,0
75,149,0.8820773363113403,0
75,150,0.4437089264392853,0
75,151,0.42809930443763733,0
75,152,0.06491237133741379,0
75,153,1.269407868385315,0
75,154,1.1711467504501343,0
75,155,0.5815571546554565,0
75,156,0.11209405213594437,0
75,157,1.127402424812317,0
75,158,1.631176471710205,0
75,159,0.9115365743637085,0
75,160,0.9483102560043335,0
75,161,0.14556333422660828,0
75,162,0.62718266248703,0
75,163,0.9996062517166138,0
75,164,1.0837488174438477,0
75,165,0.33930256962776184,0
75,166,1.2319929599761963,0
75,167,0.10419594496488571,0
75,168,0.9405248165130615,0
75,169,0.9776690602302551,0
75,170,0.4213675260543823,0
75,171,-0.20361417531967163,0
75,172,1.6747969388961792,0
75,173,1.2015790939331055,0
75,174,0.5893859267234802,0
75,175,-0.9530659317970276,0
75,176,0.9608884453773499,0
75,177,0.9093746542930603,0
75,178,-0.17809030413627625,0
75,179,0.7072865962982178,0
75,180,0.480395644903183,0
75,181,0.9646430611610413,0
75,182,1.229044795036316,0
75,183,1.4395462274551392,0
75,184,1.0053058862686157,0
75,185,0.5221000909805298,0
75,186,1.0538594722747803,0
75,187,0.059036631137132645,0
75,188,-0.5774574279785156,0
75,189,1.274571418762207,0
75,190,0.7226186394691467,0
75,191,1.1190710067749023,0
75,192,0.03781737759709358,0
75,193,-0.7688641548156738,0
75,194,0.7827248573303223,0
75,195,0.24358871579170227,0
75,196,1.2698042392730713,0
75,197,1.7586292028427124,0
75,198,1.0729025602340698,0
75,199,1.0799802541732788,0
75,200,0.9470890164375305,0
75,201,0.7130148410797119,0
75,202,-0.15859292447566986,0
75,203,0.52815842628479,0
75,204,0.5659196972846985,0
75,205,0.4679185450077057,0
75,206,0.8399617075920105,0
75,207,0.5065717101097107,0
75,208,1.210460901260376,0
75,209,1.0145472288131714,0
75,210,1.4751312732696533,0
75,211,-0.13691659271717072,0
75,212,0.65547776222229,0
75,213,1.0358247756958008,0
75,214,1.3739917278289795,0
75,215,0.5096721053123474,0
75,216,0.5676126480102539,0
75,217,-0.22871442139148712,0
75,218,0.6631762385368347,0
75,219,0.5137456655502319,0
75,220,0.49866586923599243,0
75,221,0.5827596187591553,0
75,222,0.5302557349205017,0
75,223,-0.6410284042358398,0
75,224,0.8865811824798584,0
75,225,0.21138213574886322,0
75,226,0.6752273440361023,0
75,227,-0.09777114540338516,0
75,228,0.23122254014015198,0
75,229,0.9335976243019104,0
75,230,-0.20912188291549683,0
75,231,0.6849880814552307,0
75,232,1.2683812379837036,0
75,233,1.5499869585037231,0
75,234,0.5694251656532288,0
75,235,0.9956873655319214,0
75,236,0.7348924279212952,0
75,237,-0.9467074871063232,0
75,238,0.9560885429382324,0
75,239,1.076735019683838,0
75,240,1.0522414445877075,0
75,241,0.7903644442558289,0
75,242,1.1662856340408325,0
75,243,0.5788705945014954,0
75,244,1.022453784942627,0
75,245,1.5798143148422241,0
75,246,0.47469478845596313,0
75,247,1.8908286094665527,0
75,248,0.9307420253753662,0
75,249,0.6895178556442261,0
75,250,0.5153374671936035,0
75,251,0.3405240476131439,0
75,252,-0.12220071256160736,0
75,253,0.054012563079595566,0
75,254,-0.12172067165374756,0
75,255,-0.24990010261535645,0
75,256,-0.2414594441652298,0
75,257,-0.36591511964797974,0
75,258,-0.4587154984474182,0
75,259,-0.6474442481994629,0
75,260,-0.4088685214519501,0
75,261,-0.5370011329650879,0
75,262,-0.8708066940307617,0
75,263,-0.5711703300476074,0
75,264,-0.7170450091362,0
75,265,-0.6809924244880676,0
75,266,1.986572027206421,0
75,267,-0.9609665870666504,0
75,268,0.637026309967041,0
75,269,-0.06209218129515648,0
75,270,-0.5593372583389282,0
75,271,0.19529050588607788,0
75,272,1.4162756204605103,0
75,273,0.01793062686920166,0
75,274,-0.5408828258514404,0
75,275,-1.1148713827133179,0
75,276,-0.6382790803909302,0
75,277,0.14033621549606323,0
75,278,-0.6341701745986938,0
75,279,-0.1659049689769745,0
75,280,1.2602777481079102,0
75,281,-0.3050228953361511,0
75,282,-0.39168426394462585,0
75,283,-0.2482665777206421,0
75,284,-0.04825375974178314,0
75,285,-1.269580364227295,0
75,286,1.3169798851013184,0
75,287,-0.39544039964675903,0
75,288,-0.16171954572200775,0
75,289,-0.17267362773418427,0
75,290,0.01779801771044731,0
75,291,-0.09037396311759949,0
75,292,0.21594996750354767,0
75,293,0.9893450736999512,0
75,294,-0.6300837993621826,0
75,295,-0.273253470659256,0
75,296,-0.01758316345512867,0
75,297,1.525026559829712,0
75,298,0.4670066237449646,0
75,299,0.08362157642841339,0
75,300,-0.12464602291584015,0
75,301,0.006491085048764944,0
75,302,0.48805248737335205,0
75,303,0.11113081872463226,0
75,304,-0.2865358889102936,0
75,305,-0.10522454977035522,0
75,306,-0.21867726743221283,0
75,307,-0.4281175136566162,0
75,308,-0.6797864437103271,0
75,309,-0.5833343863487244,0
75,310,-0.5614856481552124,0
75,311,-1.1437817811965942,0
75,312,-1.3612632751464844,0
75,313,-0.549203634262085,0
75,314,0.31101253628730774,1
75,315,-0.9538854360580444,0
75,316,0.12821970880031586,1
75,317,0.8860406875610352,0
75,318,0.07628989219665527,0
75,319,-0.6523105502128601,0
75,320,0.5044851899147034,0
75,321,-0.3588407039642334,0
75,322,-0.8196981549263,0
75,323,-0.023787587881088257,0
75,324,1.1541862487792969,0
75,325,-0.5911389589309692,0
75,326,0.9775172472000122,0
75,327,-0.11251429468393326,0
75,328,0.987737238407135,0
75,329,0.17638880014419556,0
75,330,0.6665967106819153,0
75,331,1.0030250549316406,0
75,332,-0.4097226858139038,0
75,333,0.9202892184257507,0
75,334,0.4518483281135559,0
75,335,-0.7496432065963745,0
75,336,0.1725265234708786,0
75,337,0.6054880023002625,0
75,338,-0.3556749224662781,0
75,339,0.07577367126941681,0
75,340,0.5422285199165344,0
75,341,-0.4018996059894562,0
75,342,-0.16843003034591675,0
75,343,-0.24178369343280792,0
75,344,-1.095380425453186,0
75,345,0.5607879161834717,0
75,346,-0.8723647594451904,0
75,347,0.2919538915157318,0
75,348,0.48828747868537903,0
75,349,-0.8981832265853882,0
75,350,-0.6920101642608643,0
75,351,0.7300151586532593,0
75,352,0.6547549366950989,0
75,353,0.1945873349905014,0
75,354,0.10561900585889816,0
75,355,-0.6515716910362244,0
75,356,-1.2524060010910034,0
75,357,-0.7433384656906128,0
75,358,1.3303831815719604,0
75,359,0.4745420813560486,0
75,360,-0.3221692144870758,0
75,361,0.8511390089988708,0
75,362,-0.2258671522140503,0
75,363,-0.11741889268159866,0
75,364,-0.23865064978599548,0
75,365,0.08541980385780334,0
75,366,-0.14959532022476196,0
75,367,0.3986169099807739,0
75,368,-0.7672601938247681,0
75,369,-0.4997551739215851,0
75,370,-0.22702595591545105,0
75,371,-1.0245718955993652,0
75,372,0.3607492744922638,0
75,373,0.4014304280281067,0
75,374,-0.9853072762489319,0
75,375,-0.46773213148117065,0
75,376,0.06762390583753586,0
75,377,-1.105269432067871,0
75,378,0.7834166884422302,0
75,379,-0.17428915202617645,0
75,380,0.2909657955169678,0
75,381,-0.9166594743728638,0
75,382,0.6781304478645325,0
75,383,-0.6999062299728394,0
75,384,0.25227755308151245,0
75,385,-0.46674609184265137,0
75,386,0.6569518446922302,0
75,387,-0.3315381109714508,0
75,388,1.468438982963562,0
75,389,0.39337217807769775,0
75,390,0.37968090176582336,0
75,391,-1.2178438901901245,0
75,392,0.40848368406295776,0
75,393,-1.0024241209030151,0
75,394,0.08263144642114639,0
75,395,-0.7704794406890869,0
75,396,-0.047855913639068604,0
75,397,1.5915699005126953,0
75,398,0.07866702973842621,0
75,399,-0.014768489636480808,0
75,400,-0.37512099742889404,0
75,401,0.12790022790431976,0
75,402,-1.0064769983291626,0
75,403,0.7893951535224915,0
75,404,-0.16293805837631226,0
75,405,0.11955972015857697,0
75,406,0.26061007380485535,0
75,407,-0.11069855093955994,0
75,408,-0.13267655670642853,0
75,409,-0.42563313245773315,0
75,410,-0.04203443601727486,0
75,411,-0.5738058090209961,0
75,412,0.0484539158642292,0
75,413,-0.06311587244272232,0
75,414,0.6275619268417358,0
75,415,0.16913366317749023,0
75,416,-0.25732651352882385,0
75,417,-0.7034581899642944,0
75,418,1.7910068035125732,0
75,419,-1.0779685974121094,0
75,420,0.732204258441925,0
75,421,0.662225604057312,0
75,422,0.16195803880691528,0
75,423,-1.0306452512741089,0
75,424,0.2611173689365387,0
75,425,-0.7805605530738831,0
75,426,-0.06528416275978088,0
75,427,0.22059860825538635,0
75,428,-0.013256272301077843,0
75,429,-0.7094414234161377,0
75,430,0.7289467453956604,0
75,431,0.24521701037883759,0
75,432,0.7156075835227966,0
75,433,-0.699633002281189,0
75,434,0.3398701250553131,0
75,435,0.322830468416214,0
75,436,-0.309518039226532,0
75,437,0.09028803557157516,0
75,438,-0.048190996050834656,0
75,439,-0.12542302906513214,0
75,440,0.06156193092465401,0
75,441,0.36124247312545776,0
75,442,0.19680845737457275,0
75,443,-1.2327995300292969,0
75,444,0.7915383577346802,0
75,445,0.3966892659664154,0
75,446,0.49218055605888367,0
75,447,0.335737943649292,0
75,448,-0.2111392766237259,0
75,449,0.36325955390930176,0
75,450,-0.35900235176086426,0
75,451,-0.15597185492515564,0
75,452,0.0677742287516594,0
75,453,-0.193121537566185,0
75,454,0.48007336258888245,0
75,455,0.8065236210823059,0
75,456,-0.2336762398481369,0
75,457,-0.354011207818985,0
75,458,0.014476855285465717,0
75,459,0.13742633163928986,0
75,460,0.39684098958969116,0
75,461,-0.02224549651145935,0
75,462,-0.6448251008987427,0
75,463,0.1636032611131668,0
75,464,-0.7243364453315735,0
75,465,-0.31859639286994934,0
75,466,-0.37845712900161743,0
75,467,0.0016111809527501464,0
75,468,-0.4449221193790436,0
75,469,-0.6746443510055542,0
75,470,-0.3510708212852478,0
75,471,0.25511857867240906,0
75,472,0.6855629682540894,0
75,473,0.08271322399377823,0
75,474,0.9837111234664917,0
75,475,0.7181982398033142,0
75,476,0.2587721645832062,0
75,477,-0.22583118081092834,0
75,478,-0.8668438196182251,0
75,479,0.37463974952697754,0
75,480,-0.47706130146980286,0
75,481,-0.9863318204879761,0
75,482,-0.4536994397640228,0
75,483,0.052415814250707626,0
75,484,-1.3434933423995972,0
75,485,0.021184328943490982,0
75,486,-0.13818605244159698,0
75,487,-0.7027044892311096,0
75,488,0.23941156268119812,0
75,489,-0.3340965807437897,0
75,490,0.25304827094078064,0
75,491,0.5841834545135498,0
75,492,0.3727315366268158,0
75,493,-0.7325685024261475,0
75,494,0.9814209342002869,0
75,495,0.8811351656913757,0
75,496,-0.04245517775416374,0
75,497,0.06226633861660957,0
75,498,0.5801752209663391,0
75,499,0.8386964201927185,0
75,500,0.373217910528183,0
75,501,-0.14307145774364471,0
75,502,0.7676851153373718,0
75,503,0.20319771766662598,0
75,504,0.47847849130630493,0
75,505,0.20134598016738892,0
75,506,-0.4535473585128784,0
75,507,0.0767921432852745,0
75,508,0.30442652106285095,0
75,509,-0.6038122177124023,0
75,510,-0.7037025094032288,0
75,511,-1.322088360786438,0
75,512,-0.2421923130750656,0
75,513,0.8116450905799866,0
75,514,-0.5295876860618591,0
75,515,0.19402998685836792,0
75,516,0.524932861328125,0
75,517,0.059870947152376175,0
75,518,0.18853871524333954,0
75,519,-0.794822096824646,0
75,520,-0.6723232865333557,0
75,521,-0.4234817922115326,0
75,522,0.006595262326300144,0
75,523,-0.4683210253715515,0
75,524,-0.21721100807189941,0
75,525,-0.5004488229751587,0
75,526,0.07643399387598038,0
75,527,-0.0982464924454689,0
75,528,0.17762640118598938,0
75,529,-0.04515654221177101,0
75,530,0.6474188566207886,0
75,531,-0.01930004358291626,0
75,532,-1.0506139993667603,0
75,533,-0.025469835847616196,0
125,0,-0.6094532608985901,0
125,1,-0.5152713060379028,0
125,2,0.028683003038167953,0
125,3,0.4476833939552307,0
125,4,-0.12306620180606842,0
125,5,-0.3284931480884552,0
125,6,-0.086439348757267,0
125,7,-0.030376827344298363,0
125,8,-1.6343127489089966,0
125,9,0.021505827084183693,0
125,10,0.09736637026071548,0
125,11,-0.5975349545478821,0
125,12,-0.16889189183712006,0
125,13,-0.7397847771644592,0
125,14,-1.244187831878662,0
125,15,-0.10539502650499344,0
125,16,-0.4506990909576416,0
125,17,-0.6919147968292236,0
125,18,0.7516161799430847,0
125,19,-0.4139523208141327,0
125,20,-0.004607444629073143,0
125,21,-0.9074710607528687,0
125,22,-0.6300241351127625,0
125,23,0.18896149098873138,0
125,24,0.15801356732845306,0
125,25,-1.0818449258804321,0
125,26,-0.7748277187347412,0
125,27,-0.8712602853775024,0
125,28,-1.0420136451721191,0
125,29,0.33308663964271545,0
125,30,-0.7262127995491028,0
125,31,-0.12349382042884827,0
125,32,-1.0877741575241089,0
125,33,-0.8203562498092651,0
125,34,-1.2535200119018555,0
125,35,-1.1242235898971558,0
125,36,0.4171604812145233,0
125,37,0.20520976185798645,0
125,38,1.164064645767212,0
125,39,-0.6634422540664673,0
125,40,-0.3679671883583069,0
125,41,-0.8377004265785217,0
125,42,0.5612576007843018,0
125,43,-0.6790997385978699,0
125,44,0.29634708166122437,0
125,45,-0.5142253041267395,0
125,46,-0.06345897912979126,0
125,47,0.03657916933298111,0
125,48,0.19204182922840118,0
125,49,0.09795183688402176,0
125,50,0.17633257806301117,0
125,51,-1.038130283355713,0
125,52,-1.067990779876709,0
125,53,-1.2804070711135864,0
125,54,-0.3887902796268463,0
125,55,-0.525816023349762,0
125,56,-1.1397987604141235,0
125,57,0.682192325592041,0
125,58,-1.1577950716018677,0
125,59,-0.011625835672020912,0
125,60,0.5681008100509644,0
125,61,0.37534186244010925,0
125,62,-0.41802358627319336,0
125,63,0.2317795306444168,0
125,64,-0.8085696697235107,0
125,65,-0.48155900835990906,0
125,66,-0.39837679266929626,0
125,67,-0.7004969716072083,0
125,68,0.17194916307926178,0
125,69,-0.6252211928367615,0
125,70,-0.6974526643753052,0
125,71,-0.17912958562374115,0
125,72,-0.41791272163391113,0
125,73,0.19255609810352325,0
125,74,-0.11236149072647095,0
125,75,0.40499207377433777,0
125,76,-0.3432530164718628,0
125,77,-0.9152799844741821,0
125,78,-0.4883081018924713,0
125,79,0.5565322041511536,0
125,80,-0.5183317065238953,0
125,81,1.3755371570587158,0
125,82,-0.17627300322055817,0
125,83,-0.5134835839271545,0
125,84,0.6750942468643188,0
125,85,-0.5716375112533569,0
125,86,-0.6489163637161255,0
125,87,0.2527295649051666,0
125,88,0.2823953330516815,0
125,89,-0.8311521410942078,0
125,90,0.5956264734268188,0
125,91,0.5328177213668823,0
125,92,-0.8596699833869934,0
125,93,0.5323842167854309,0
125,94,0.6704181432723999,0
125,95,0.07506129890680313,0
125,96,0.7675986886024475,0
125,97,0.44756436347961426,0
125,98,-0.7439061403274536,0
125,99,0.6552431583404541,0
125,100,-0.22087103128433228,0
125,101,-0.8634698390960693,0
125,102,-0.987090528011322,0
125,103,-0.21803569793701172,0
125,104,0.48742860555648804,0
125,105,-1.0620365142822266,0
125,106,-0.3311264216899872,0
125,107,-1.5410072803497314,0
125,108,-0.3842043876647949,0
125,109,-0.19070501625537872,0
125,110,-1.1548669338226318,0
125,111,-0.7964192628860474,0
125,112,0.5716445446014404,0
125,113,-0.2709246575832367,0
125,114,-0.5638723373413086,0
125,115,-0.6631924510002136,0
125,116,-0.950864851474762,0
125,117,1.127536416053772,0
125,118,-1.1141340732574463,0
125,119,-1.5973496437072754,0
125,120,-0.34684136509895325,0
125,121,-0.764487624168396,0
125,122,0.10609626770019531,0
125,123,-0.13199402391910553,0
125,124,-0.6744009852409363,0
125,125,-0.10145208239555359,0
125,126,-0.39684584736824036,0
125,127,0.43123912811279297,0
125,128,-0.8370117545127869,0
125,129,-0.2585991621017456,0
125,130,-0.8839433789253235,0
125,131,0.43925347924232483,0
125,132,-0.2471233308315277,0
125,133,0.055119771510362625,0
125,134,-0.30060452222824097,0
125,135,0.11356239020824432,0
125,136,-0.919752836227417,0
125,137,-0.6784922480583191,0
125,138,-0.19457629323005676,0
125,139,-0.45626088976860046,0
125,140,-1.2728936672210693,0
125,141,-0.022745879366993904,0
125,142,-0.319496214389801,0
125,143,0.43275150656700134,0
125,144,0.007656475063413382,0
125,145,0.6006982922554016,0
125,146,0.3363480269908905,0
125,147,0.3246752619743347,0
125,148,-0.5238388180732727,0
125,149,0.17400243878364563,0
125,150,-0.2637495994567871,0
125,151,-1.0233272314071655,0
125,152,0.39305636286735535,0
125,153,-0.5239682197570801,0
125,154,-0.5123489499092102,0
125,155,-0.5070080161094666,0
125,156,-1.14911949634552,0
125,157,-1.5575604438781738,0
125,158,-0.12481250613927841,0
125,159,-0.3601590692996979,0
125,160,-0.09028659760951996,0
125,161,-0.2433815896511078,0
125,162,-1.0374271869659424,0
125,163,-0.6991186738014221,0
125,164,-0.6754156947135925,0
125,165,-0.2745601534843445,0
125,166,-0.563959538936615,0
125,167,-0.5386563539505005,0
125,168,-0.7053657174110413,0
125,169,-0.7720174193382263,0
125,170,-0.11705654114484787,0
125,171,-0.08246194571256638,0
125,172,-0.9613412022590637,0
125,173,-0.6750472187995911,0
125,174,-0.527795672416687,0
125,175,-0.8115465641021729,0
125,176,-0.30040550231933594,0
125,177,0.11148866266012192,0
125,178,-0.5990275144577026,0
125,179,-0.21052540838718414,0
125,180,-0.9910953640937805,0
125,181,-0.0031407163478434086,0
125,182,-0.708983838558197,0
125,183,-0.8366811275482178,0
125,184,-0.4571884274482727,0
125,185,-1.4940637350082397,0
125,186,-0.12979528307914734,0
125,187,-0.5849085450172424,0
125,188,-0.008305088616907597,0
125,189,-0.4632294178009033,0
125,190,-0.19058409333229065,0
125,191,-1.446531891822815,0
125,192,0.026734892278909683,0
125,193,0.35310640931129456,0
125,194,-0.3514885902404785,0
125,195,-0.7341006398200989,0
125,196,-0.37525394558906555,0
125,197,-0.29849937558174133,0
125,198,-0.5322250127792358,0
125,199,-0.8895632028579712,0
125,200,0.10467146337032318,0
125,201,-0.2704600393772125,0
125,202,0.4195452034473419,0
125,203,-0.7186263203620911,0
125,204,-0.0077066062949597836,0
125,205,-0.4820404648780823,0
125,206,-1.039559006690979,0
125,207,-0.7849342226982117,0
125,208,-0.16726188361644745,0
125,209,0.23288097977638245,0
125,210,-0.36487290263175964,0
125,211,-0.894618034362793,0
125,212,0.5527022480964661,0
125,213,-0.19500085711479187,0
125,214,-0.06007473170757294,0
125,215,-1.0034773349761963,0
125,216,-0.40724843740463257,0
125,217,0.9728984236717224,0
125,218,-0.5441181659698486,0
125,219,-0.04560201242566109,0
125,220,-0.6284050345420837,0
125,221,0.3996773362159729,0
125,222,-0.5399360656738281,0
125,223,-0.2095421850681305,0
125,224,0.23749108612537384,0
125,225,0.5196691751480103,0
125,226,-0.1814132183790207,0
125,227,0.8888370990753174,0
125,228,0.10136884450912476,0
125,229,-0.9925306439399719,0
125,230,0.43015456199645996,0
125,231,-0.6285466551780701,0
125,232,-0.641101062297821,0
125,233,-1.0131810903549194,0
125,234,0.246738001704216,0
125,235,0.42756688594818115,0
125,236,0.11358492076396942,0
125,237,0.48760226368904114,0
125,238,0.4589007794857025,0
125,239,-0.19216479361057281,0
125,240,-0.7373828887939453,0
125,241,-0.2384357750415802,0
125,242,0.015413299202919006,0
125,243,-0.10688861459493637,0
125,244,0.11088147014379501,0
125,245,-0.05584113299846649,0
125,246,-0.7775355577468872,0
125,247,-0.2529221475124359,0
125,248,-0.07774341106414795,0
125,249,-0.25691550970077515,0
125,250,-0.11062038689851761,0
125,251,-0.9870530962944031,0
125,252,0.7838111519813538,0
125,253,0.6244462728500366,0
125,254,-0.3214552402496338,0
125,255,0.4107624888420105,0
125,256,-0.23547250032424927,0
125,257,0.45143869519233704,0
125,258,0.501278281211853,0
125,259,-0.002751442836597562,0
125,260,0.27494436502456665,0
125,261,-0.23533718287944794,0
125,262,0.6454750895500183,0
125,263,-0.4756474196910858,0
125,264,-0.18842560052871704,0
125,265,-0.14808882772922516,0
125,266,-0.22751715779304504,0
125,267,1.3567662239074707,0
125,268,1.462482213973999,0
125,269,1.1210707426071167,0
125,270,0.7812727689743042,0
125,271,0.24734871089458466,0
125,272,-0.3461095690727234,0
125,273,0.6803408861160278,0
125,274,-0.7865009307861328,0
125,275,0.854755699634552,0
125,276,1.2826907634735107,0
125,277,-1.1279144287109375,0
125,278,0.39942216873168945,0
125,279,0.6656415462493896,0
125,280,-0.5093451738357544,0
125,281,0.8522082567214966,0
125,282,0.36181673407554626,0
125,283,1.0675400495529175,0
125,284,0.8699314594268799,0
125,285,1.5378504991531372,0
125,286,-1.2386256456375122,0
125,287,-0.9280876517295837,0
125,288,0.7789456844329834,0
125,289,0.2796194553375244,0
125,290,-0.17584343254566193,0
125,291,0.9866307973861694,0
125,292,1.4618223905563354,0
125,293,-0.2150449901819229,0
125,294,0.377845823764801,0
125,295,0.5300173759460449,0
125,296,1.0668293237686157,0
125,297,-0.6888715624809265,0
125,298,-0.05123473331332207,0
125,299,-0.1313771903514862,0
125,300,0.09355460852384567,0
125,301,0.4101015627384186,0
125,302,-0.4221436381340027,0
125,303,0.4256574511528015,0
125,304,0.5123748183250427,0
125,305,0.007785981986671686,0
125,306,-0.4949337840080261,0
125,307,0.022103626281023026,0
125,308,0.2205532193183899,0
125,309,0.4512728154659271,0
125,310,1.044435977935791,0
125,311,1.1528947353363037,0
125,312,0.9371846914291382,0
125,313,-0.7064721584320068,0
125,314,0.5499899387359619,0
125,315,1.5129904747009277,0
125,316,0.4601302146911621,1
125,317,-0.9930465221405029,0
125,318,0.10891523212194443,0
125,319,0.7795795798301697,0
125,320,0.5212356448173523,0
125,321,0.11939873546361923,0
125,322,1.5736860036849976,0
125,323,0.057207949459552765,0
125,324,-0.2808082103729248,0
125,325,1.1145775318145752,0
125,326,0.13744184374809265,0
125,327,-0.06167982518672943,0
125,328,-0.16881433129310608,0
125,329,0.32624951004981995,0
125,330,-0.6140955090522766,1
125,331,0.05937992036342621,0
125,332,0.8703826069831848,1
125,333,0.0387226827442646,0
125,334,-0.3770844042301178,0
125,335,-0.3139171898365021,0
125,336,-0.2857893407344818,0
125,337,0.5161893963813782,0
125,338,1.0745618343353271,0
125,339,0.6479399800300598,0
125,340,0.2554126977920532,0
125,341,0.23775304853916168,0
125,342,1.2008062601089478,0
125,343,-0.3411693274974823,0
125,344,1.2209830284118652,0
125,345,-0.556733250617981,0
125,346,0.06388029456138611,0
125,347,0.05584583431482315,0
125,348,0.6956014037132263,0
125,349,0.5927319526672363,0
125,350,1.8905283212661743,0
125,351,0.17202602326869965,0
125,352,0.41617417335510254,0
125,353,-0.9383975267410278,0
125,354,0.5782670974731445,0
125,355,1.3638147115707397,0
125,356,1.2088459730148315,0
125,357,-0.13430799543857574,0
125,358,-0.517160177230835,0
125,359,-0.42995238304138184,0
125,360,0.17878225445747375,0
125,361,0.07804682105779648,0
125,362,0.7448468804359436,0
125,363,-0.5004290342330933,0
125,364,0.5513813495635986,0
125,365,0.16035158932209015,0
125,366,0.07738611102104187,0
125,367,-0.6350618004798889,0
125,368,0.3165777623653412,0
125,369,-0.011676366440951824,0
125,370,1.2585796117782593,0
125,371,3.9121410846710205,0
125,372,1.0723967552185059,0
125,373,-0.6500481367111206,0
125,374,1.1742243766784668,0
125,375,1.5597596168518066,0
125,376,0.4135819673538208,0
125,377,0.5258402824401855,0
125,378,-0.003981824964284897,0
125,379,0.7155811190605164,0
125,380,0.6105645298957825,0
125,381,1.2017431259155273,0
125,382,-0.722460150718689,0
125,383,0.7411770820617676,0
125,384,-0.5022560358047485,0
125,385,-0.634018063545227,0
125,386,0.07639341801404953,0
125,387,0.45023855566978455,0
125,388,-0.5539471507072449,0
125,389,-0.3633134365081787,0
125,390,-0.35451850295066833,0
125,391,0.3438231945037842,0
125,392,-1.1731220483779907,0
125,393,0.9278427362442017,0
125,394,0.9673479199409485,0
125,395,1.4062247276306152,0
125,396,0.7205488085746765,0
125,397,-0.6348997354507446,0
125,398,-0.5050025582313538,0
125,399,0.9817140102386475,0
125,400,0.8686179518699646,0
125,401,0.05156413093209267,0
125,402,1.2897645235061646,0
125,403,0.967865526676178,0
125,404,0.1661355048418045,0
125,405,-0.01698899269104004,0
125,406,-0.3993394672870636,0
125,407,-0.07751619070768356,0
125,408,0.7799320816993713,0
125,409,0.6831729412078857,0
125,410,0.19208978116512299,0
125,411,-0.2200908213853836,0
125,412,-0.34717386960983276,0
125,413,1.4736568927764893,0
125,414,-0.3599507808685303,0
125,415,0.2697945237159729,0
125,416,-0.1690141260623932,0
125,417,0.271321177482605,0
125,418,-1.0623488426208496,0
125,419,2.7043845653533936,0
125,420,-0.5335776209831238,0
125,421,-1.2105165719985962,0
125,422,0.4805753827095032,0
125,423,0.8623665571212769,0
125,424,-0.12126631289720535,0
125,425,0.43932124972343445,0
125,426,-0.13653627038002014,0
125,427,0.003524832660332322,0
125,428,-0.5822460055351257,0
125,429,1.4583884477615356,0
125,430,0.12144681811332703,0
125,431,0.14086462557315826,0
125,432,-0.39407879114151,0
125,433,0.19025620818138123,0
125,434,0.5470808744430542,0
125,435,-0.8164237141609192,0
125,436,0.6780878901481628,0
125,437,0.07346466928720474,0
125,438,0.4640704095363617,0
125,439,1.4901384115219116,0
125,440,0.44010433554649353,0
125,441,-0.7169667482376099,0
125,442,-0.158213272690773,0
125,443,1.6722251176834106,0
125,444,0.03718425706028938,0
125,445,0.5828889012336731,0
125,446,-0.2431335151195526,0
125,447,0.17097333073616028,0
125,448,1.7202900648117065,0
125,449,0.6871441006660461,0
125,450,0.047714099287986755,0
125,451,-0.09430928528308868,0
125,452,0.2274804413318634,0
125,453,0.000798608991317451,0
125,454,0.864320695400238,0
125,455,-0.6606732606887817,0
125,456,1.3975505828857422,0
125,457,0.8156200647354126,0
125,458,-0.6693618297576904,0
125,459,0.3630860447883606,0
125,460,0.20558813214302063,0
125,461,-0.22216510772705078,0
125,462,-0.05044414848089218,0
125,463,-1.0772864818572998,0
125,464,-0.2841774821281433,0
125,465,1.167392373085022,0
125,466,-0.20566126704216003,0
125,467,1.0376542806625366,0
125,468,0.9320945739746094,0
125,469,-0.3453521132469177,0
125,470,1.0837182998657227,0
125,471,0.5288931131362915,0
125,472,-0.7317963242530823,0
125,473,-0.5242395401000977,0
125,474,0.03447256237268448,0
125,475,-0.7769949436187744,0
125,476,0.6403464078903198,0
125,477,0.39401546120643616,0
125,478,2.0206618309020996,0
125,479,-0.9713156223297119,0
125,480,1.6193920373916626,0
125,481,2.321162700653076,0
125,482,0.4557691812515259,0
125,483,0.7005282044410706,0
125,484,1.768380880355835,0
125,485,0.2979561984539032,0
125,486,-0.26323172450065613,0
125,487,0.2735326588153839,0
125,488,0.32587292790412903,0
125,489,0.017281608656048775,0
125,490,0.2742171585559845,0
125,491,0.5689694881439209,0
125,492,-0.2958918511867523,0
125,493,1.0276232957839966,0
125,494,-0.40179434418678284,0
125,495,-0.2667640447616577,0
125,496,-1.045444130897522,0
125,497,0.5267702341079712,0
125,498,-0.6671878695487976,0
125,499,0.13515439629554749,0
125,500,0.753983736038208,0
125,501,0.6561875343322754,0
125,502,0.04112662374973297,0
125,503,0.6655908226966858,0
125,504,0.23772311210632324,0
125,505,-0.6055601835250854,0
125,506,0.7098692655563354,0
125,507,-0.7271547913551331,0
125,508,-0.45885413885116577,0
125,509,1.2902222871780396,0
125,510,0.5197417736053467,0
125,511,1.2429790496826172,0
125,512,-0.638595461845398,0
125,513,-0.011655803769826889,0
125,514,-0.15553908050060272,0
125,515,1.9809881448745728,0
125,516,0.5826247334480286,0
125,517,0.5331509113311768,0
125,518,0.7281726002693176,0
125,519,1.4470622539520264,0
125,520,-0.4312988817691803,0
125,521,0.7875286340713501,0
125,522,1.0267977714538574,0
125,523,-0.5170642137527466,0
125,524,1.8556157350540161,0
125,525,1.6735708713531494,0
125,526,-0.2226579338312149,0
125,527,1.2595622539520264,0
125,528,1.5932178497314453,0
125,529,-0.3776223659515381,0
125,530,-0.20236842334270477,0
125,531,1.129612684249878,0
125,532,-0.07783276587724686,0
125,533,0.3991144299507141,0
153,0,-0.10904210805892944,0
153,1,-0.2895669639110565,0
153,2,0.6923936605453491,0
153,3,1.4219924211502075,0
153,4,0.5728389620780945,0
153,5,0.024883192032575607,0
153,6,0.5800402164459229,0
153,7,0.2966436445713043,0
153,8,1.5340118408203125,0
153,9,-0.44762900471687317,0
153,10,0.5797789692878723,0
153,11,0.607876181602478,0
153,12,0.9000479578971863,0
153,13,0.1175977811217308,0
153,14,0.08679424971342087,0
153,15,0.042300187051296234,0
153,16,0.05850565806031227,0
153,17,0.44810038805007935,0
153,18,1.2570194005966187,0
153,19,0.7041693329811096,0
153,20,0.1448667347431183,0
153,21,-0.42986613512039185,0
153,22,0.43795666098594666,0
153,23,0.5625298619270325,0
153,24,0.3233971893787384,0
153,25,-0.3627338111400604,0
153,26,0.6074111461639404,0
153,27,0.2516571879386902,0
153,28,2.0282647609710693,0
153,29,1.1776635646820068,0
153,30,1.5223509073257446,0
153,31,-0.40744996070861816,0
153,32,-0.7741947174072266,0
153,33,-0.2095421999692917,0
153,34,0.21374167501926422,0
153,35,0.15484751760959625,0
153,36,-1.1790658235549927,0
153,37,1.1981425285339355,0
153,38,-0.03599658980965614,0
153,39,0.3504897952079773,0
153,40,-0.4265166223049164,0
153,41,-0.23961499333381653,0
153,42,1.0717815160751343,0
153,43,-0.09742210060358047,0
153,44,0.2586648762226105,0
153,45,0.29478704929351807,0
153,46,0.056586798280477524,0
153,47,0.19944730401039124,0
153,48,0.8684719800949097,0
153,49,0.7400515079498291,0
153,50,-1.337235927581787,0
153,51,0.42262551188468933,0
153,52,-0.06539303064346313,0
153,53,0.0072975014336407185,0
153,54,0.5773223638534546,0
153,55,0.7464436888694763,0
153,56,0.14142301678657532,0
153,57,-0.7600769400596619,0
153,58,-0.7007834911346436,0
153,59,0.893718421459198,0
153,60,0.6403750777244568,0
153,61,1.4987096786499023,0
153,62,1.3941339254379272,0
153,63,0.20842298865318298,0
153,64,0.09827437251806259,0
153,65,0.7083377242088318,0
153,66,1.0767309665679932,0
153,67,0.27073827385902405,0
153,68,0.8660785555839539,0
153,69,1.0167524814605713,0
153,70,1.1124224662780762,0
153,71,0.5132853984832764,0
153,72,1.7913228273391724,0
153,73,1.7070069313049316,0
153,74,1.1398807764053345,0
153,75,0.6872372031211853,0
153,76,0.5206885933876038,0
153,77,0.07771378010511398,0
153,78,1.1933979988098145,0
153,79,0.8516512513160706,0
153,80,-0.18405695259571075,0
153,81,0.301193505525589,0
153,82,-0.37568068504333496,0
153,83,0.2526632845401764,0
153,84,0.08330387622117996,0
153,85,1.0204861164093018,0
153,86,0.3932029902935028,0
153,87,0.6097498536109924,0
153,88,0.7263718247413635,0
153,89,0.7764024138450623,0
153,90,0.8115360140800476,0
153,91,0.4329003691673279,0
153,92,1.3753478527069092,0
153,93,0.46467533707618713,0
153,94,0.5363355875015259,0
153,95,1.0936757326126099,0
153,96,0.44380077719688416,0
153,97,1.2918412685394287,0
153,98,1.6556034088134766,0
153,99,1.378292441368103,0
153,100,0.43658676743507385,0
153,101,1.2468974590301514,0
153,102,0.9703423976898193,0
153,103,1.2773325443267822,0
153,104,0.42660313844680786,0
153,105,0.9932401180267334,0
153,106,0.7581559419631958,0
153,107,0.015103690326213837,0
153,108,0.2717853784561157,0
153,109,0.6142638921737671,0
153,110,0.13917674124240875,0
153,111,-0.22880926728248596,0
153,112,1.1228312253952026,0
153,113,-0.5078539252281189,0
153,114,-0.2565697729587555,0
153,115,1.0821499824523926,0
153,116,0.9711141586303711,0
153,117,0.41802704334259033,0
153,118,-0.08093525469303131,0
153,119,0.8981360197067261,0
153,120,1.156508445739746,0
153,121,0.0435282364487648,0
153,122,0.8778799772262573,0
153,123,0.5786361694335938,0
153,124,0.43702349066734314,0
153,125,0.4415218234062195,0
153,126,0.31719470024108887,0
153,127,1.5282655954360962,0
153,128,-0.26113614439964294,0
153,129,0.17795273661613464,0
153,130,0.5864863395690918,0
153,131,1.1421021223068237,0
153,132,-0.13705535233020782,0
153,133,1.5280095338821411,0
153,134,1.2413204908370972,0
153,135,0.7614390254020691,0
153,136,-0.20627816021442413,0
153,137,0.30063363909721375,0
153,138,0.6635145545005798,0
153,139,0.15211544930934906,0
153,140,0.03087463229894638,0
153,141,0.7999846935272217,0
153,142,1.133628487586975,0
153,143,0.3849036991596222,0
153,144,0.6419564485549927,0
153,145,1.2936384677886963,0
153,146,-0.06332536786794662,0
153,147,0.9188101887702942,0
153,148,0.3989677429199219,0
153,149,0.3523443937301636,0
153,150,0.8228372931480408,0
153,151,1.0929765701293945,0
153,152,0.9859984517097473,0
153,153,1.7224262952804565,0
153,154,0.45493531227111816,0
153,155,0.1170913428068161,0
153,156,1.6826376914978027,0
153,157,0.8958956003189087,0
153,158,0.6977396607398987,0
153,159,-0.17035460472106934,0
153,160,0.3449682295322418,0
153,161,0.013027675449848175,0
153,162,1.3187999725341797,0
153,163,-0.5745289325714111,0
153,164,-0.32867148518562317,0
153,165,-0.10462050139904022,0
153,166,1.0816453695297241,0
153,167,-0.240403950214386,0
153,168,1.3270652294158936,0
153,169,0.47465670108795166,0
153,170,-0.5125024318695068,0
153,171,0.9209072589874268,0
153,172,1.0305614471435547,0
153,173,1.0604981184005737,0
153,174,0.7414431571960449,0
153,175,0.5374526381492615,0
153,176,1.2452284097671509,0
153,177,0.4875606298446655,0
153,178,0.697548508644104,0
153,179,1.202717900276184,0
153,180,0.9193758964538574,0
153,181,0.7316200733184814,0
153,182,-0.11443930119276047,0
153,183,1.3624088764190674,0
153,184,0.6769899725914001,0
153,185,-0.047974973917007446,0
153,186,0.12788374722003937,0
153,187,-0.26379889249801636,0
153,188,-1.5231468677520752,0
153,189,1.9793028831481934,0
153,190,-0.09686348587274551,0
153,191,0.5695404410362244,0
153,192,0.6535540223121643,0
153,193,-0.037123385816812515,0
153,194,0.2701717019081116,0
153,195,1.6798806190490723,0
153,196,0.8688846826553345,0
153,197,1.4416159391403198,0
153,198,0.6409529447555542,0
153,199,1.097435474395752,0
153,200,0.839178740978241,0
153,201,-0.7447000741958618,0
153,202,1.3061116933822632,0
153,203,0.936326265335083,0
153,204,0.8838909268379211,0
153,205,-0.4167955815792084,0
153,206,0.38143208622932434,0
153,207,0.5411375761032104,0
153,208,0.27624547481536865,0
153,209,0.6235108971595764,0
153,210,1.028200387954712,0
153,211,0.7735801935195923,0
153,212,0.996588408946991,0
153,213,1.1951920986175537,0
153,214,1.1625909805297852,0
153,215,-0.023929279297590256,0
153,216,1.0902600288391113,0
153,217,0.6525241732597351,0
153,218,0.8137774467468262,0
153,219,1.2618052959442139,0
153,220,0.7031264305114746,0
153,221,0.5545011162757874,0
153,222,0.21849609911441803,0
153,223,0.459758996963501,0
153,224,1.5209755897521973,0
153,225,1.1445989608764648,0
153,226,0.3415661156177521,0
153,227,0.758387565612793,0
153,228,0.47849076986312866,0
153,229,0.505572497844696,0
153,230,0.7429397106170654,0
153,231,0.1498805731534958,0
153,232,0.902367353439331,0
153,233,1.499987006187439,0
153,234,0.4209783673286438,0
153,235,1.5041356086730957,0
153,236,0.22919288277626038,0
153,237,-0.8830752968788147,0
153,238,1.102670431137085,0
153,239,1.4827162027359009,0
153,240,-0.42517077922821045,0
153,241,0.7135502696037292,0
153,242,1.4520481824874878,0
153,243,0.35972678661346436,0
153,244,1.079501986503601,0
153,245,0.8611118793487549,0
153,246,0.5434490442276001,0
153,247,1.437041163444519,0
153,248,1.0907609462738037,0
153,249,0.8968107104301453,0
153,250,-0.4538790285587311,0
153,251,-0.6026246547698975,0
153,252,-0.2704865038394928,0
153,253,0.6496534943580627,0
153,254,-0.10629212856292725,0
153,255,0.06806851178407669,0
153,256,0.593951940536499,0
153,257,0.1748008280992508,0
153,258,-0.36758899688720703,0
153,259,-0.8140019178390503,0
153,260,0.09146840870380402,0
153,261,-0.1823316514492035,0
153,262,-0.7878698110580444,0
153,263,0.885307788848877,0
153,264,-0.28239211440086365,0
153,265,-0.4559427797794342,0
153,266,0.2676590085029602,0
153,267,-0.686822772026062,0
153,268,-0.34182843565940857,0
153,269,-0.22575613856315613,0
153,270,-0.562493622303009,0
153,271,0.8024807572364807,0
153,272,1.0026893615722656,0
153,273,-0.8615530133247375,0
153,274,-0.9871941804885864,0
153,275,-0.4439404606819153,0
153,276,-0.25943514704704285,0
153,277,-0.17317092418670654,0
153,278,-0.24441125988960266,0
153,279,-0.4420222043991089,0
153,280,1.123828649520874,0
153,281,-0.11128596216440201,0
153,282,0.22624574601650238,0
153,283,-0.07263239473104477,0
153,284,0.7596684098243713,0
153,285,-1.3432756662368774,0
153,286,1.0105773210525513,0
153,287,-0.5263844728469849,0
153,288,-0.006613277364522219,0
153,289,0.6361554861068726,0
153,290,-0.6971192955970764,0
153,291,-0.3708834946155548,0
153,292,-0.14056292176246643,0
153,293,0.6726138591766357,0
153,294,-0.10720954835414886,0
153,295,-1.0525509119033813,0
153,296,-0.434354305267334,0
153,297,2.908590316772461,0
153,298,0.07931700348854065,0
153,299,-0.49317529797554016,0
153,300,-0.3198980987071991,0
153,301,0.24520474672317505,0
153,302,0.6121974587440491,0
153,303,-0.33226874470710754,0
153,304,-0.468172550201416,0
153,305,-0.04954221844673157,0
153,306,-0.17196856439113617,0
153,307,0.2424621433019638,0
153,308,-0.6069473624229431,1
153,309,0.2210255116224289,0
153,310,0.08237610757350922,0
153,311,-0.4663795828819275,0
153,312,-0.7101220488548279,0
153,313,0.03606664761900902,0
153,314,1.2357178926467896,0
153,315,-0.6524654030799866,0
153,316,0.523054301738739,0
153,317,0.4034329950809479,0
153,318,0.35575711727142334,0
153,319,0.15996752679347992,0
153,320,0.5760745406150818,0
153,321,-1.1684589385986328,0
153,322,-0.5151615738868713,1
153,323,-0.025650236755609512,0
153,324,0.5042835474014282,1
153,325,-0.540848433971405,0
153,326,0.6945844292640686,0
153,327,-0.2505112290382385,0
153,328,-0.3168347477912903,0
153,329,-0.4863879978656769,0
153,330,0.5096505284309387,0
153,331,0.768856406211853,0
153,332,-0.6630200147628784,0
153,333,0.18076267838478088,0
153,334,0.10456419736146927,0
153,335,-0.7033615112304688,0
153,336,0.3070678412914276,0
153,337,0.18133823573589325,0
153,338,-0.5749157667160034,0
153,339,0.6095658540725708,0
153,340,0.48893529176712036,0
153,341,-0.7138417959213257,0
153,342,0.2882721722126007,0
153,343,-0.05337444692850113,0
153,344,0.0738479346036911,0
153,345,-0.1743505746126175,0
153,346,-1.5972729921340942,0
153,347,0.6928045153617859,0
153,348,0.5434545278549194,0
153,349,-1.318326473236084,0
153,350,-0.4443887174129486,0
153,351,0.714923620223999,0
153,352,0.9604209661483765,0
153,353,0.12824836373329163,0
153,354,0.21770259737968445,0
153,355,-0.7512962222099304,0
153,356,-1.2083436250686646,0
153,357,-0.12489540874958038,0
153,358,0.4818184971809387,0
153,359,0.34795650839805603,0
153,360,-0.43297475576400757,0
153,361,0.4308760166168213,0
153,362,-0.6592587232589722,0
153,363,0.11861996352672577,0
153,364,0.22147727012634277,0
153,365,0.40130478143692017,0
153,366,-0.3832324743270874,0
153,367,-0.6368191242218018,0
153,368,-0.47448813915252686,0
153,369,-0.9199165105819702,0
153,370,-0.7456449270248413,0
153,371,-0.7968246936798096,0
153,372,0.4572564661502838,0
153,373,0.5083551406860352,0
153,374,-0.5748928189277649,0
153,375,-0.5539150834083557,0
153,376,-0.5766863226890564,0
153,377,-1.5011714696884155,0
153,378,0.3711813688278198,0
153,379,0.5126270055770874,0
153,380,0.013070677407085896,0
153,381,-0.9015527963638306,0
153,382,0.08303091675043106,0
153,383,-0.5166272521018982,0
153,384,0.23490707576274872,0
153,385,0.1761852502822876,0
153,386,0.4361720383167267,0
153,387,-1.2827247381210327,0
153,388,0.733540952205658,0
153,389,0.5885705351829529,0
153,390,0.0861441120505333,0
153,391,-1.4792135953903198,0
153,392,-0.422238290309906,0
153,393,-0.8141345977783203,0
153,394,0.6768413186073303,0
153,395,0.363514244556427,0
153,396,1.344030499458313,0
153,397,0.7260470390319824,0
153,398,0.6958808898925781,0
153,399,-0.1209506243467331,0
153,400,0.22405555844306946,0
153,401,-0.1440102607011795,0
153,402,-0.31183212995529175,0
153,403,1.147135615348816,0
153,404,0.34187793731689453,0
153,405,0.3564927577972412,0
153,406,-0.892467200756073,0
153,407,0.2064797580242157,0
153,408,-0.8548896312713623,0
153,409,1.0266004800796509,0
153,410,-0.2773248255252838,0
153,411,-0.248023122549057,0
153,412,0.49000996351242065,0
153,413,-1.4349949359893799,0
153,414,-0.3534770905971527,0
153,415,-0.17369012534618378,0
153,416,-0.7011796236038208,0
153,417,-1.5181635618209839,0
153,418,0.7616397738456726,0
153,419,-0.1687498241662979,0
153,420,1.062353253364563,0
153,421,-0.31788769364356995,0
153,422,-0.007056624162942171,0
153,423,-0.42728960514068604,0
153,424,0.42325279116630554,0
153,425,-0.1986243575811386,0
153,426,1.1768828630447388,0
153,427,0.0919637456536293,0
153,428,0.6367835402488708,0
153,429,0.05967263877391815,0
153,430,0.9561287760734558,0
153,431,0.1782430112361908,0
153,432,0.33169615268707275,0
153,433,-0.9132769107818604,0
153,434,0.3957708179950714,0
153,435,-0.40057089924812317,0
153,436,-0.033917754888534546,0
153,437,-0.2874376177787781,0
153,438,0.2708175778388977,0
153,439,0.6459276676177979,0
153,440,-1.4197384119033813,0
153,441,-1.346160650253296,0
153,442,0.005384268704801798,0
153,443,-0.37949609756469727,0
153,444,0.5496501922607422,0
153,445,0.0478593111038208,0
153,446,-0.22370578348636627,0
153,447,0.39763253927230835,0
153,448,-0.14972853660583496,0
153,449,0.03219204396009445,0
153,450,0.000479955313494429,0
153,451,-0.27811121940612793,0
153,452,0.12513098120689392,0
153,453,0.5132411122322083,0
153,454,-0.4984496831893921,0
153,455,0.24118807911872864,0
153,456,-0.6347503066062927,0
153,457,0.34944021701812744,0
153,458,0.18295830488204956,0
153,459,0.1716199815273285,0
153,460,-0.1334003508090973,0
153,461,-0.46628865599632263,0
153,462,-0.19249138236045837,0
153,463,0.07314777374267578,0
153,464,0.08949360996484756,0
153,465,-0.3822844624519348,0
153,466,-0.37126100063323975,0
153,467,-0.34899991750717163,0
153,468,-0.915692150592804,0
153,469,-0.19931374490261078,0
153,470,-0.5412121415138245,0
153,471,0.7959057092666626,0
153,472,0.03125852718949318,0
153,473,-0.25764355063438416,0
153,474,1.0087261199951172,0
153,475,0.05135931447148323,0
153,476,0.3460552990436554,0
153,477,0.504452109336853,0
153,478,-0.8714836239814758,0
153,479,0.6467024087905884,0
153,480,-0.18115727603435516,0
153,481,-0.2745450735092163,0
153,482,-0.7678211331367493,0
153,483,0.4231279194355011,0
153,484,-1.257784366607666,0
153,485,-0.0565042607486248,0
153,486,-0.358421266078949,0
153,487,-1.1754695177078247,0
153,488,-0.056386109441518784,0
153,489,-0.39529168605804443,0
153,490,-0.2501929998397827,0
153,491,-0.23795779049396515,0
153,492,-0.47770246863365173,0
153,493,-0.8508437275886536,0
153,494,0.08151693642139435,0
153,495,-0.4956924319267273,0
153,496,0.3162180483341217,0
153,497,-0.3399215042591095,0
153,498,0.04879731312394142,0
153,499,-0.3562059998512268,0
153,500,0.24141481518745422,0
153,501,0.10741590708494186,0
153,502,1.1537474393844604,0
153,503,0.3819485008716583,0
153,504,0.7877992391586304,0
153,505,0.03983122110366821,0
153,506,-0.8265011310577393,0
153,507,0.17192266881465912,0
153,508,0.19391809403896332,0
153,509,-0.038829777389764786,0
153,510,-1.1532979011535645,0
153,511,-0.5123907327651978,0
153,512,-0.18201357126235962,0
153,513,-0.10286501049995422,0
153,514,-0.22779758274555206,0
153,515,0.645796537399292,0
153,516,-0.42072561383247375,0
153,517,-0.28298240900039673,0
153,518,-0.16649220883846283,0
153,519,-0.42265617847442627,0
153,520,-0.0016989723080769181,0
153,521,-0.8336554765701294,0
153,522,-1.0793087482452393,0
153,523,-0.00433614244684577,0
153,524,-0.6921834349632263,0
153,525,-0.23885942995548248,0
153,526,0.28609195351600647,0
153,527,0.10890468209981918,0
153,528,0.22696927189826965,0
153,529,-0.9016207456588745,0
153,530,0.6102428436279297,0
153,531,0.03144587203860283,0
153,532,-1.1658895015716553,0
153,533,-0.17705267667770386,0
162,0,0.3300073742866516,0
162,1,-0.19369342923164368,0
162,2,0.11098366230726242,0
162,3,0.6831050515174866,0
162,4,0.6043944954872131,0
162,5,-0.09650755673646927,0
162,6,-0.16385994851589203,0
162,7,0.016737205907702446,0
162,8,1.3001034259796143,0
162,9,-0.893721878528595,0
162,10,0.10496195405721664,0
162,11,0.40498554706573486,0
162,12,0.6233794689178467,0
162,13,0.05343707650899887,0
162,14,0.39585793018341064,0
162,15,-0.16876347362995148,0
162,16,0.06135823577642441,0
162,17,0.39799773693084717,0
162,18,0.6259282827377319,0
162,19,0.9457451701164246,0
162,20,-0.24327532947063446,0
162,21,-0.3675993084907532,0
162,22,0.2693553566932678,0
162,23,0.3498045802116394,0
162,24,-0.6045016050338745,0
162,25,0.6624054908752441,0
162,26,0.5687904357910156,0
162,27,0.48349729180336,0
162,28,1.5712836980819702,0
162,29,0.6284050941467285,0
162,30,1.07435142993927,0
162,31,-0.49943262338638306,0
162,32,-0.16481417417526245,0
162,33,-0.0172811858355999,0
162,34,0.8638659119606018,0
162,35,0.32384446263313293,0
162,36,-1.1246416568756104,0
162,37,0.37961676716804504,0
162,38,-0.7419412136077881,0
162,39,0.0079874899238348,0
162,40,0.019238200038671494,0
162,41,-0.2839815318584442,0
162,42,0.36372050642967224,0
162,43,-0.371271550655365,0
162,44,-0.11090708523988724,0
162,45,0.02746913768351078,0
162,46,-0.13531146943569183,0
162,47,0.1584201604127884,0
162,48,0.10349033772945404,0
162,49,-0.22047333419322968,0
162,50,-1.436863899230957,0
162,51,0.30071714520454407,0
162,52,-0.361337274312973,0
162,53,0.3979310989379883,0
162,54,-0.033304862678050995,0
162,55,0.6843333840370178,0
162,56,-0.04348672926425934,0
162,57,-0.6943240761756897,0
162,58,-0.14621278643608093,0
162,59,0.064865343272686,0
162,60,-0.07318580150604248,0
162,61,0.8195195198059082,0
162,62,1.0201970338821411,0
162,63,-0.33009907603263855,0
162,64,0.24614937603473663,0
162,65,0.8691079020500183,0
162,66,0.5982009768486023,0
162,67,0.12037762254476547,0
162,68,-0.10512931644916534,0
162,69,0.9804863929748535,0
162,70,0.8852945566177368,0
162,71,0.5131144523620605,0
162,72,1.3367241621017456,0
162,73,0.31758227944374084,0
162,74,0.37942931056022644,0
162,75,-0.16055403649806976,0
162,76,-0.32180219888687134,0
162,77,0.15652015805244446,0
162,78,0.9776903390884399,0
162,79,0.13416090607643127,0
162,80,0.24032500386238098,0
162,81,-0.1719042807817459,0
162,82,-0.8332437872886658,0
162,83,0.08674948662519455,0
162,84,-0.5486196875572205,0
162,85,0.9753623008728027,0
162,86,1.2225227355957031,0
162,87,-0.24221393465995789,0
162,88,0.4281720519065857,0
162,89,1.2563340663909912,0
162,90,-0.138275608420372,0
162,91,-0.24621103703975677,0
162,92,1.2287386655807495,0
162,93,0.06313013285398483,0
162,94,0.24065858125686646,0
162,95,0.8676260113716125,0
162,96,-0.252921462059021,0
162,97,0.2331443727016449,0
162,98,1.0530529022216797,0
162,99,0.22826527059078217,0
162,100,0.6710611581802368,0
162,101,1.0938166379928589,0
162,102,1.2919617891311646,0
162,103,0.9153630137443542,0
162,104,-0.055012937635183334,0
162,105,1.0778849124908447,0
162,106,0.4509451985359192,0
162,107,0.45758339762687683,0
162,108,0.38007497787475586,0
162,109,-0.2610769271850586,0
162,110,0.07393030822277069,0
162,111,-0.2055259495973587,0
162,112,0.008510027080774307,0
162,113,-0.963366687297821,0
162,114,0.22178800404071808,0
162,115,0.8020926117897034,0
162,116,0.912943422794342,0
162,117,-0.28740864992141724,0
162,118,0.4808337092399597,0
162,119,0.8750746250152588,0
162,120,0.9473656415939331,0
162,121,-0.1935032159090042,0
162,122,0.9230033755302429,0
162,123,0.7127043604850769,0
162,124,0.752059280872345,0
162,125,-0.3736967444419861,0
162,126,0.6609167456626892,0
162,127,1.0034873485565186,0
162,128,-0.3177857995033264,0
162,129,-0.10098849982023239,0
162,130,0.7964128255844116,0
162,131,0.4378456473350525,0
162,132,0.03796811029314995,0
162,133,0.4468196630477905,0
162,134,0.6241459250450134,0
162,135,0.30720576643943787,0
162,136,0.6581181883811951,0
162,137,0.29692137241363525,0
162,138,0.6605618596076965,0
162,139,-0.02411065809428692,0
162,140,0.16918304562568665,0
162,141,0.36787426471710205,0
162,142,0.4428139328956604,0
162,143,-0.03211159259080887,0
162,144,0.6196949481964111,0
162,145,0.6219738125801086,0
162,146,0.33674830198287964,0
162,147,0.4934995472431183,0
162,148,0.6764022707939148,0
162,149,-0.25377553701400757,0
162,150,0.6383817791938782,0
162,151,0.9403263926506042,0
162,152,0.48294010758399963,0
162,153,1.2086645364761353,0
162,154,0.4078866243362427,0
162,155,0.14414481818675995,0
162,156,1.2800486087799072,0
162,157,0.6640725135803223,0
162,158,0.7125630378723145,0
162,159,-0.5038291215896606,0
162,160,-0.07777956873178482,0
162,161,-0.4048212170600891,0
162,162,1.1014330387115479,0
162,163,0.02382384054362774,0
162,164,-0.016027679666876793,0
162,165,0.463924378156662,0
162,166,0.9996716380119324,0
162,167,-0.35622653365135193,0
162,168,1.1787182092666626,0
162,169,0.11361558735370636,0
162,170,-0.26019391417503357,0
162,171,0.5847905278205872,0
162,172,0.1656060665845871,0
162,173,0.641319215297699,0
162,174,0.6138324737548828,0
162,175,0.11134657263755798,0
162,176,0.434688925743103,0
162,177,0.024535445496439934,0
162,178,-0.17903491854667664,0
162,179,0.7082412838935852,0
162,180,0.16291946172714233,0
162,181,0.5602080225944519,0
162,182,-0.12122505903244019,0
162,183,0.8612673878669739,0
162,184,1.0632507801055908,0
162,185,0.47515785694122314,0
162,186,0.23354987800121307,0
162,187,-0.6198015213012695,0
162,188,-1.374059796333313,0
162,189,1.1075359582901,0
162,190,-0.7425241470336914,0
162,191,0.6364838480949402,0
162,192,0.8919761180877686,0
162,193,-0.7519603967666626,0
162,194,0.06329531222581863,0
162,195,0.9581252932548523,0
162,196,0.3991544246673584,0
162,197,0.8580564856529236,0
162,198,0.493441104888916,0
162,199,1.250805377960205,0
162,200,0.15232104063034058,0
162,201,-0.49475544691085815,0
162,202,0.661444902420044,0
162,203,1.2267314195632935,0
162,204,0.39639759063720703,0
162,205,-0.5750946402549744,0
162,206,0.2827773988246918,0
162,207,0.5013749599456787,0
162,208,0.7787895798683167,0
162,209,0.3980062007904053,0
162,210,0.34025901556015015,0
162,211,0.8068186044692993,0
162,212,0.140453040599823,0
162,213,0.6929659247398376,0
162,214,1.3598170280456543,0
162,215,0.33987903594970703,0
162,216,0.7270816564559937,0
162,217,-0.34674161672592163,0
162,218,0.46546295285224915,0
162,219,0.9082252383232117,0
162,220,0.7272443771362305,0
162,221,-0.007071277592331171,0
162,222,0.3143714368343353,0
162,223,0.19610801339149475,0
162,224,0.5100540518760681,0
162,225,-0.05142084136605263,0
162,226,0.0516367070376873,0
162,227,-0.08998680859804153,0
162,228,-0.02361604943871498,0
162,229,0.3532014489173889,0
162,230,-0.40857693552970886,0
162,231,-0.013396544381976128,0
162,232,0.7866665124893188,0
162,233,1.071552038192749,0
162,234,0.2544732987880707,0
162,235,0.7099093198776245,0
162,236,-0.046069011092185974,0
162,237,-0.8353152275085449,0
162,238,0.1053474098443985,0
162,239,1.18880033493042,0
162,240,-1.0320031642913818,0
162,241,0.7128162384033203,0
162,242,1.1279150247573853,0
162,243,-0.09461161494255066,0
162,244,0.9366299510002136,0
162,245,0.9510624408721924,0
162,246,0.6569147706031799,0
162,247,0.57219398021698,0
162,248,1.2836453914642334,0
162,249,0.4044824242591858,0
162,250,-0.08490689098834991,0
162,251,-0.5550992488861084,0
162,252,0.2824043035507202,0
162,253,0.35048285126686096,0
162,254,0.3963381350040436,0
162,255,0.48274850845336914,0
162,256,0.3907161056995392,0
162,257,-0.43151602149009705,0
162,258,0.05147626996040344,0
162,259,-0.8961894512176514,0
162,260,-0.37756165862083435,0
162,261,-0.4660571813583374,0
162,262,-0.7397499084472656,0
162,263,-0.17295022308826447,0
162,264,-0.819828450679779,0
162,265,-0.4271458387374878,0
162,266,0.5144501328468323,0
162,267,-0.36024680733680725,0
162,268,-0.596810519695282,0
162,269,-0.35659757256507874,0
162,270,-0.7365964651107788,0
162,271,0.6598612070083618,0
162,272,1.144885540008545,0
162,273,-0.29415175318717957,0
162,274,-0.11615912616252899,0
162,275,-0.7206067442893982,0
162,276,-0.6942422389984131,0
162,277,0.7927148938179016,0
162,278,-0.6613097786903381,0
162,279,0.22187747061252594,0
162,280,2.0277259349823,0
162,281,-0.15330201387405396,0
162,282,0.12647756934165955,0
162,283,-0.012577760964632034,0
162,284,0.0796532854437828,0
162,285,-1.139919400215149,0
162,286,0.8102484345436096,0
162,287,0.15590591728687286,0
162,288,-0.3044721484184265,0
162,289,0.14410720765590668,0
162,290,-0.44390761852264404,0
162,291,-0.4096238315105438,0
162,292,-0.3627001643180847,0
162,293,0.21259929239749908,0
162,294,-0.4409692883491516,0
162,295,-0.91900235414505,0
162,296,-1.0469640493392944,0
162,297,1.3736149072647095,0
162,298,-0.1301778107881546,0
162,299,-0.31558090448379517,0
162,300,-0.56996089220047,0
162,301,-0.005461286287754774,0
162,302,0.7526078224182129,0
162,303,-0.36219364404678345,0
162,304,-0.4024798274040222,0
162,305,0.6388562917709351,0
162,306,0.30508771538734436,0
162,307,-0.0428009070456028,0
162,308,-0.7698017954826355,1
162,309,-0.4274909794330597,0
162,310,-0.24340631067752838,0
162,311,-0.8391680121421814,0
162,312,-0.30054301023483276,0
162,313,0.161041259765625,0
162,314,0.11526773124933243,0
162,315,-0.5660844445228577,0
162,316,0.3687805235385895,0
162,317,0.3452375829219818,0
162,318,-0.25460609793663025,0
162,319,-0.7619568109512329,0
162,320,0.3068406283855438,0
162,321,-0.482429176568985,0
162,322,-0.8325932621955872,1
162,323,0.23032252490520477,0
162,324,0.5645128488540649,1
162,325,-0.5451530814170837,0
162,326,0.5569486021995544,0
162,327,-0.09243422001600266,0
162,328,0.21410277485847473,0
162,329,-0.3877221941947937,0
162,330,0.4177151024341583,0
162,331,-0.0731571689248085,0
162,332,-0.5097689628601074,0
162,333,0.1724281758069992,0
162,334,0.5557971596717834,0
162,335,0.050662700086832047,0
162,336,-0.4280945956707001,0
162,337,-0.3433109521865845,0
162,338,-0.23308393359184265,0
162,339,0.1456281691789627,0
162,340,0.199752539396286,0
162,341,-0.572496235370636,0
162,342,-0.14626041054725647,0
162,343,0.4391760230064392,0
162,344,-0.485169380903244,0
162,345,0.44893205165863037,0
162,346,-0.6939820647239685,0
162,347,-0.01844111643731594,0
162,348,-0.059044767171144485,0
162,349,-0.596314013004303,0
162,350,-1.0005996227264404,0
162,351,-0.04153882712125778,0
162,352,0.24981389939785004,0
162,353,0.3699781000614166,0
162,354,0.06747500598430634,0
162,355,-1.0262607336044312,0
162,356,-0.8137305378913879,0
162,357,0.5966874957084656,0
162,358,0.3446856737136841,0
162,359,0.9553967118263245,0
162,360,-0.10949316620826721,0
162,361,-0.02115902304649353,0
162,362,-0.5733575820922852,0
162,363,0.14091022312641144,0
162,364,0.5148099064826965,0
162,365,0.08338439464569092,0
162,366,-0.06625433266162872,0
162,367,0.12652118504047394,0
162,368,-0.5812014937400818,0
162,369,-0.858223557472229,0
162,370,-0.8309152126312256,0
162,371,-1.3490906953811646,0
162,372,0.3160374164581299,0
162,373,0.24930329620838165,0
162,374,-0.8463467955589294,0
162,375,-0.5668042898178101,0
162,376,-0.15275029838085175,0
162,377,-0.7424999475479126,0
162,378,0.17381146550178528,0
162,379,0.3708478510379791,0
162,380,-0.3214382529258728,0
162,381,-0.7814228534698486,0
162,382,-0.18219676613807678,0
162,383,-1.3627407550811768,0
162,384,0.18212760984897614,0
162,385,0.3056564927101135,0
162,386,0.6402763724327087,0
162,387,-0.5691037178039551,0
162,388,0.6991254091262817,0
162,389,0.13028563559055328,0
162,390,0.5069661736488342,0
162,391,-0.7256962656974792,0
162,392,-0.18717364966869354,0
162,393,-1.083156943321228,0
162,394,-0.33664771914482117,0
162,395,-0.7119048237800598,0
162,396,0.9546513557434082,0
162,397,0.8313822746276855,0
162,398,0.26192766427993774,0
162,399,-0.3727995753288269,0
162,400,-0.9006280899047852,0
162,401,-0.10149683058261871,0
162,402,-0.3860521912574768,0
162,403,0.7589296102523804,0
162,404,-0.6814885139465332,0
162,405,0.3852427005767822,0
162,406,0.15768364071846008,0
162,407,0.2857902944087982,0
162,408,-0.7057135105133057,0
162,409,0.7395557761192322,0
162,410,-0.1824960708618164,0
162,411,-0.2233181893825531,0
162,412,-0.2977246642112732,0
162,413,-1.0295324325561523,0
162,414,-0.072039395570755,0
162,415,-0.4627235233783722,0
162,416,0.04113759845495224,0
162,417,-1.001646637916565,0
162,418,1.1168100833892822,0
162,419,-1.0839282274246216,0
162,420,0.7962256073951721,0
162,421,-0.01448257640004158,0
162,422,-0.5170563459396362,0
162,423,-0.7165713310241699,0
162,424,-0.1253151297569275,0
162,425,-0.2339552938938141,0
162,426,0.5511150360107422,0
162,427,0.5411447286605835,0
162,428,1.180094599723816,0
162,429,-0.17986111342906952,0
162,430,0.599616289138794,0
162,431,0.331153929233551,0
162,432,-0.05613020062446594,0
162,433,-0.5998656749725342,0
162,434,0.15090559422969818,0
162,435,0.46289294958114624,0
162,436,-0.6551658511161804,0
162,437,-0.49771878123283386,0
162,438,-0.30278822779655457,0
162,439,-0.6513787508010864,0
162,440,-0.624690592288971,0
162,441,-0.46012964844703674,0
162,442,-0.14842069149017334,0
162,443,-1.385350227355957,0
162,444,0.1912676990032196,0
162,445,-0.48390993475914,0
162,446,0.6258387565612793,0
162,447,0.178017258644104,0
162,448,-0.6516788005828857,0
162,449,-0.20991253852844238,0
162,450,0.6285504698753357,0
162,451,-0.05214208737015724,0
162,452,0.011837012134492397,0
162,453,0.029415423050522804,0
162,454,-0.6475790143013,0
162,455,0.7340853214263916,0
162,456,-0.8590520024299622,0
162,457,-0.024866577237844467,0
162,458,0.465820848941803,0
162,459,-0.10726867616176605,0
162,460,0.10839395970106125,0
162,461,-0.17165455222129822,0
162,462,-0.22227351367473602,0
162,463,0.07294342666864395,0
162,464,0.36519306898117065,0
162,465,-0.6862594485282898,0
162,466,0.10922039300203323,0
162,467,-0.8844029903411865,0
162,468,-0.7133972644805908,0
162,469,0.2604055106639862,0
162,470,-0.9305461049079895,0
162,471,0.5390620231628418,0
162,472,0.2578858435153961,0
162,473,-0.2715732753276825,0
162,474,0.7052854895591736,0
162,475,0.29458925127983093,0
162,476,-0.30860331654548645,0
162,477,0.04542543366551399,0
162,478,-0.7658401727676392,0
162,479,0.5844437479972839,0
162,480,-0.35090911388397217,0
162,481,-0.6310082077980042,0
162,482,-0.49628394842147827,0
162,483,-0.1843998283147812,0
162,484,-1.4661437273025513,0
162,485,0.258554071187973,0
162,486,0.020413845777511597,0
162,487,-0.8969234824180603,0
162,488,0.48493853211402893,0
162,489,-0.07624201476573944,0
162,490,-0.2743646800518036,0
162,491,0.3148758113384247,0
162,492,-0.2347058653831482,0
162,493,-0.7890216708183289,0
162,494,0.5315022468566895,0
162,495,0.06537850946187973,0
162,496,0.22373062372207642,0
162,497,-0.20161709189414978,0
162,498,0.18278345465660095,0
162,499,-0.10152073949575424,0
162,500,-0.2800808250904083,0
162,501,0.20479397475719452,0
162,502,0.4019482731819153,0
162,503,0.11956153810024261,0
162,504,-0.2602982521057129,0
162,505,0.3862881064414978,0
162,506,-0.06558065116405487,0
162,507,0.22334635257720947,0
162,508,-0.2102614939212799,0
162,509,-1.2801837921142578,0
162,510,-0.09277041256427765,0
162,511,-0.3408927023410797,0
162,512,-0.04023779183626175,0
162,513,0.2919197380542755,0
162,514,-0.5271575450897217,0
162,515,-0.24621662497520447,0
162,516,-0.12926043570041656,0
162,517,-0.1296570599079132,0
162,518,-0.47038519382476807,0
162,519,-0.511891782283783,0
162,520,0.401176393032074,0
162,521,-0.45619481801986694,0
162,522,-1.02751624584198,0
162,523,0.15591952204704285,0
162,524,-0.8506373167037964,0
162,525,0.22706307470798492,0
162,526,0.07234261184930801,0
162,527,-0.6274367570877075,0
162,528,-0.6868013143539429,0
162,529,-0.5488660931587219,0
162,530,0.3885728418827057,0
162,531,-0.08901917189359665,0
162,532,-0.5236770510673523,0
162,533,-0.24275298416614532,0
167,0,0.17285095155239105,0
167,1,0.3659367561340332,0
167,2,-0.03706469386816025,0
167,3,0.4081113040447235,0
167,4,0.10004867613315582,0
167,5,0.15383626520633698,0
167,6,-0.18186919391155243,0
167,7,-0.23173600435256958,0
167,8,1.1176888942718506,0
167,9,0.250080406665802,0
167,10,0.23561136424541473,0
167,11,0.19521747529506683,0
167,12,0.04444928094744682,0
167,13,0.4865439832210541,0
167,14,0.6456425786018372,0
167,15,-0.03270864486694336,0
167,16,0.602480411529541,0
167,17,1.0630974769592285,0
167,18,0.42873427271842957,0
167,19,0.8288248777389526,0
167,20,0.024643387645483017,0
167,21,0.3705960810184479,0
167,22,0.5442742705345154,0
167,23,0.9346479773521423,0
167,24,-0.3193240761756897,0
167,25,0.7085371017456055,0
167,26,0.41385379433631897,0
167,27,0.625861406326294,0
167,28,0.8301491737365723,0
167,29,0.33781513571739197,0
167,30,0.5864787697792053,0
167,31,-0.024917516857385635,0
167,32,0.3329634964466095,0
167,33,0.33223044872283936,0
167,34,0.6368291974067688,0
167,35,0.36334413290023804,0
167,36,-0.6720976829528809,0
167,37,0.040551308542490005,0
167,38,-0.4295680820941925,0
167,39,0.21674694120883942,0
167,40,-0.17922940850257874,0
167,41,0.4036717414855957,0
167,42,-0.10344723612070084,0
167,43,-0.10512068122625351,0
167,44,0.2661418914794922,0
167,45,0.35875964164733887,0
167,46,-0.04264520853757858,0
167,47,0.11520221829414368,0
167,48,0.5092558264732361,0
167,49,-0.4089776873588562,0
167,50,-0.3465440273284912,0
167,51,0.28966134786605835,0
167,52,0.7107327580451965,0
167,53,0.35252684354782104,0
167,54,-0.11402714252471924,0
167,55,0.7081078290939331,0
167,56,0.14108756184577942,0
167,57,-0.664675235748291,0
167,58,0.533024251461029,0
167,59,0.655349850654602,0
167,60,0.4683563709259033,0
167,61,0.08348073810338974,0
167,62,0.41545844078063965,0
167,63,-0.17191244661808014,0
167,64,0.4528500437736511,0
167,65,0.7434582114219666,0
167,66,0.3215055465698242,0
167,67,0.25130221247673035,0
167,68,-0.27023518085479736,0
167,69,0.6663548946380615,0
167,70,0.7435055375099182,0
167,71,0.2783278822898865,0
167,72,0.4453125298023224,0
167,73,0.15455330908298492,0
167,74,-0.07497093081474304,0
167,75,0.0779736265540123,0
167,76,-0.38359230756759644,0
167,77,0.2094891518354416,0
167,78,0.8012647032737732,0
167,79,0.21927571296691895,0
167,80,0.3425622880458832,0
167,81,-0.09042033553123474,0
167,82,0.1685386449098587,0
167,83,0.20989370346069336,0
167,84,-0.0412479005753994,0
167,85,0.5830994248390198,0
167,86,0.6926977038383484,0
167,87,-0.19824567437171936,0
167,88,0.28135713934898376,0
167,89,0.5465598106384277,0
167,90,0.3227410912513733,0
167,91,0.19599629938602448,0
167,92,0.5887832045555115,0
167,93,0.0959506556391716,0
167,94,-0.1856384575366974,0
167,95,0.7626456022262573,0
167,96,-0.22284404933452606,0
167,97,0.09329480677843094,0
167,98,0.5322732925415039,0
167,99,-0.07727456092834473,0
167,100,0.7286033034324646,0
167,101,0.3853246569633484,0
167,102,0.9085973501205444,0
167,103,0.3950464129447937,0
167,104,-0.05264333263039589,0
167,105,0.9834040999412537,0
167,106,0.1783594936132431,0
167,107,0.19423682987689972,0
167,108,0.34894290566444397,0
167,109,0.25081804394721985,0
167,110,0.08810602128505707,0
167,111,0.03015519678592682,0
167,112,-0.025881020352244377,0
167,113,0.1468164026737213,0
167,114,0.35843542218208313,0
167,115,0.6578279733657837,0
167,116,0.21685832738876343,0
167,117,-0.3223247528076172,0
167,118,0.32011306285858154,0
167,119,0.4335588812828064,0
167,120,0.38677912950515747,0
167,121,0.7978777289390564,0
167,122,0.522602915763855,0
167,123,0.6647732853889465,0
167,124,0.638086199760437,0
167,125,-0.20676706731319427,0
167,126,0.46591195464134216,0
167,127,0.2881140112876892,0
167,128,0.1391260027885437,0
167,129,-0.30366724729537964,0
167,130,0.0744481161236763,0
167,131,-0.26108309626579285,0
167,132,0.23914866149425507,0
167,133,-0.018306808546185493,0
167,134,0.05488206073641777,0
167,135,-0.3637501299381256,0
167,136,0.19342343509197235,0
167,137,0.3289773166179657,0
167,138,0.07156722992658615,0
167,139,0.08460091054439545,0
167,140,0.5909016132354736,0
167,141,0.5122865438461304,0
167,142,0.1330074667930603,0
167,143,0.16189755499362946,0
167,144,0.1486983448266983,0
167,145,0.23071150481700897,0
167,146,0.36756008863449097,0
167,147,0.3130791485309601,0
167,148,0.6718332171440125,0
167,149,-0.06450185924768448,0
167,150,0.23930566012859344,0
167,151,0.8803562521934509,0
167,152,-0.3125835955142975,0
167,153,0.31260377168655396,0
167,154,0.7021030783653259,0
167,155,0.3499866724014282,0
167,156,0.3469848930835724,0
167,157,0.7384363412857056,0
167,158,0.38273516297340393,0
167,159,0.017583701759576797,0
167,160,-0.17198415100574493,0
167,161,0.4861812889575958,0
167,162,0.7015366554260254,0
167,163,0.17696069180965424,0
167,164,0.09843941777944565,0
167,165,0.4219066798686981,0
167,166,0.7305966019630432,0
167,167,0.11251749843358994,0
167,168,0.5345607995986938,0
167,169,0.26463088393211365,0
167,170,0.1839897781610489,0
167,171,0.24777956306934357,0
167,172,0.5142806768417358,0
167,173,0.34424567222595215,0
167,174,0.006228233687579632,0
167,175,-0.39208459854125977,0
167,176,0.22486244142055511,0
167,177,0.24479934573173523,0
167,178,0.07265233248472214,0
167,179,0.08531373739242554,0
167,180,0.43759915232658386,0
167,181,0.007861814461648464,0
167,182,0.45179158449172974,0
167,183,0.5152604579925537,0
167,184,0.621315062046051,0
167,185,0.18971668183803558,0
167,186,0.13235773146152496,0
167,187,0.314433217048645,0
167,188,-0.3415861129760742,0
167,189,0.4428938031196594,0
167,190,0.06725206971168518,0
167,191,0.4063173234462738,0
167,192,0.05164530500769615,0
167,193,-0.4953327476978302,0
167,194,0.5663549304008484,0
167,195,0.24838730692863464,0
167,196,0.46395182609558105,0
167,197,0.9723677039146423,0
167,198,0.6919119954109192,0
167,199,0.7421938180923462,0
167,200,0.5007041096687317,0
167,201,0.5585789680480957,0
167,202,0.6719298362731934,0
167,203,0.6488360166549683,0
167,204,0.10971742868423462,0
167,205,0.13815389573574066,0
167,206,-0.21977397799491882,0
167,207,0.6418148279190063,0
167,208,0.7396090626716614,0
167,209,0.040933601558208466,0
167,210,0.6211721897125244,0
167,211,0.46850043535232544,0
167,212,-0.022486651316285133,0
167,213,0.6794282793998718,0
167,214,0.5436843633651733,0
167,215,0.48222726583480835,0
167,216,0.13234634697437286,0
167,217,-0.3520382344722748,0
167,218,0.4181169867515564,0
167,219,0.7856960892677307,0
167,220,0.68592768907547,0
167,221,0.08220382779836655,0
167,222,0.3755100667476654,0
167,223,0.21890558302402496,0
167,224,-0.16502131521701813,0
167,225,0.12877871096134186,0
167,226,0.31113511323928833,0
167,227,-0.023771699517965317,0
167,228,0.14484550058841705,0
167,229,0.5420563817024231,0
167,230,-0.5796318054199219,0
167,231,-0.08692193776369095,0
167,232,0.7190991640090942,0
167,233,0.16589108109474182,0
167,234,0.3988048732280731,0
167,235,0.3884444832801819,0
167,236,0.4183237552642822,0
167,237,-0.5419905781745911,0
167,238,0.11250365525484085,0
167,239,0.34455743432044983,0
167,240,0.0008576777763664722,0
167,241,0.502581000328064,0
167,242,0.2558405101299286,0
167,243,0.2590576112270355,0
167,244,0.5365521907806396,0
167,245,0.750248372554779,0
167,246,0.6973318457603455,0
167,247,-0.13505858182907104,0
167,248,0.5582678318023682,0
167,249,0.3539781868457794,0
167,250,0.34557053446769714,0
167,251,0.3878050446510315,0
167,252,-0.5398290753364563,0
167,253,-0.23988103866577148,0
167,254,0.35583949089050293,0
167,255,-0.013684901408851147,0
167,256,-0.3371240794658661,0
167,257,-0.33649522066116333,0
167,258,-0.5412599444389343,0
167,259,0.17045453190803528,0
167,260,-0.6846341490745544,0
167,261,-0.36745861172676086,0
167,262,-0.22855842113494873,0
167,263,-0.16947321593761444,0
167,264,-0.5100906491279602,0
167,265,0.1786438226699829,0
167,266,0.4373898208141327,0
167,267,-0.1945229470729828,0
167,268,-0.6403359174728394,0
167,269,-0.43050044775009155,0
167,270,-0.7360492944717407,0
167,271,-0.0452452078461647,0
167,272,0.3256533741950989,0
167,273,-0.537712812423706,0
167,274,0.030731262639164925,0
167,275,-0.38628315925598145,1
167,276,-1.1229151487350464,0
167,277,0.07044671475887299,0
167,278,0.0327058807015419,0
167,279,0.24619606137275696,0
167,280,0.19162631034851074,0
167,281,-0.033476609736680984,0
167,282,-0.5008180737495422,0
167,283,-0.7874342203140259,0
167,284,-0.24278244376182556,0
167,285,-0.8414034247398376,0
167,286,0.6930704116821289,0
167,287,0.5952581167221069,0
167,288,-0.03918154165148735,1
167,289,-0.16392257809638977,0
167,290,0.3251781165599823,1
167,291,-0.061035580933094025,0
167,292,-0.5510222911834717,0
167,293,0.6239100098609924,0
167,294,-0.22909480333328247,0
167,295,-0.6263936161994934,1
167,296,-0.3095778524875641,0
167,297,0.6046145558357239,0
167,298,-0.16789470613002777,0
167,299,0.2441226691007614,0
167,300,0.12564446032047272,0
167,301,-0.5196537971496582,0
167,302,0.9660625457763672,0
167,303,-0.636155903339386,0
167,304,-0.4317741394042969,0
167,305,0.45200780034065247,0
167,306,-0.062340687960386276,0
167,307,-0.10680331289768219,0
167,308,-0.12520219385623932,0
167,309,-0.7270548939704895,0
167,310,-0.445413202047348,0
167,311,-0.2108609527349472,0
167,312,0.07812507450580597,0
167,313,0.15886715054512024,0
167,314,-0.03974539786577225,0
167,315,-0.7202645540237427,0
167,316,-0.2494937628507614,0
167,317,0.6308544874191284,0
167,318,0.11009873449802399,0
167,319,-0.2751496732234955,0
167,320,-0.3709091544151306,0
167,321,-0.21871763467788696,0
167,322,-0.5214948654174805,0
167,323,-0.15047433972358704,0
167,324,0.2978340983390808,0
167,325,-0.20201966166496277,0
167,326,-0.28902867436408997,0
167,327,-0.36407679319381714,0
167,328,0.07620163261890411,0
167,329,-0.32127320766448975,0
167,330,0.08373871445655823,0
167,331,-0.20996958017349243,0
167,332,-0.6245184540748596,0
167,333,-0.01890501193702221,0
167,334,0.13343963027000427,0
167,335,0.20919275283813477,0
167,336,0.26923972368240356,0
167,337,-0.26089537143707275,0
167,338,-0.7007630467414856,0
167,339,-0.6453390717506409,0
167,340,0.1385168582201004,0
167,341,-0.592451810836792,0
167,342,-0.49990400671958923,1
167,343,0.376852422952652,0
167,344,-0.7910234332084656,0
167,345,0.44706252217292786,0
167,346,-0.05636880546808243,0
167,347,-0.17846718430519104,0
167,348,-0.3510998785495758,0
167,349,0.00028207097784616053,0
167,350,-0.9057748317718506,0
167,351,-0.2396833300590515,0
167,352,0.08960144221782684,0
167,353,0.27107328176498413,0
167,354,-0.6766320466995239,0
167,355,-0.5751989483833313,0
167,356,-0.90281742811203,0
167,357,-0.0024005621671676636,0
167,358,0.21145504713058472,0
167,359,0.3779450058937073,0
167,360,-0.12964944541454315,0
167,361,0.20210275053977966,0
167,362,-0.440569132566452,0
167,363,0.0458143912255764,0
167,364,0.34073740243911743,0
167,365,0.2416631132364273,0
167,366,-0.18030214309692383,0
167,367,0.4123387634754181,0
167,368,-0.3710302412509918,0
167,369,0.002310944953933358,0
167,370,-0.9181286096572876,0
167,371,-1.2868831157684326,0
167,372,-0.6164212226867676,0
167,373,0.33593517541885376,0
167,374,-0.9819731116294861,0
167,375,-0.3308615982532501,0
167,376,0.276077538728714,0
167,377,-0.475120484828949,0
167,378,-0.09171555191278458,0
167,379,-0.668583869934082,0
167,380,-0.5378170609474182,0
167,381,-0.09233974665403366,0
167,382,0.29538974165916443,0
167,383,-0.642453670501709,0
167,384,0.45537400245666504,0
167,385,0.13409239053726196,0
167,386,-0.12491223216056824,0
167,387,-0.36159804463386536,0
167,388,0.4773421883583069,0
167,389,0.12699005007743835,0
167,390,0.36781519651412964,0
167,391,-0.5952163338661194,0
167,392,0.2902516722679138,0
167,393,-0.7306300401687622,0
167,394,-0.46393105387687683,0
167,395,-0.838273286819458,0
167,396,-0.2509135901927948,0
167,397,0.44025567173957825,0
167,398,-0.22675557434558868,0
167,399,-0.9198025465011597,0
167,400,-0.5369106531143188,0
167,401,-0.121580570936203,0
167,402,-0.5073907375335693,0
167,403,-0.02008388563990593,0
167,404,-0.09321242570877075,0
167,405,0.38188737630844116,0
167,406,-0.4049380123615265,0
167,407,0.0964614674448967,0
167,408,-0.042603276669979095,0
167,409,-0.03933504596352577,0
167,410,0.006236412562429905,0
167,411,0.2190399318933487,0
167,412,-0.116036556661129,0
167,413,-0.6564428210258484,0
167,414,0.008188934996724129,0
167,415,-0.6417484283447266,0
167,416,-0.16101902723312378,0
167,417,-0.09341611713171005,0
167,418,0.7517688870429993,0
167,419,-1.1533257961273193,0
167,420,-0.029506603255867958,0
167,421,0.26997092366218567,0
167,422,-0.5206190347671509,0
167,423,-1.1066731214523315,0
167,424,-0.14888568222522736,0
167,425,-0.3472632169723511,0
167,426,0.4491109549999237,0
167,427,0.18845950067043304,1
167,428,0.34178438782691956,0
167,429,-1.2470903396606445,0
167,430,-0.16473443806171417,0
167,431,-0.3011634647846222,0
167,432,0.23605254292488098,0
167,433,-0.33100032806396484,0
167,434,0.08362696319818497,0
167,435,1.710193395614624,0
167,436,-0.5837769508361816,0
167,437,0.12475679814815521,0
167,438,-0.11283311992883682,0
167,439,-0.40645572543144226,0
167,440,-0.40162840485572815,0
167,441,-0.13369134068489075,0
167,442,-0.23669539391994476,0
167,443,-0.8308668732643127,0
167,444,-0.06642022728919983,0
167,445,-0.3959926962852478,0
167,446,0.5131628513336182,0
167,447,0.45866701006889343,0
167,448,-0.8642751574516296,0
167,449,-0.4765380620956421,0
167,450,-0.09975183010101318,0
167,451,-0.27798759937286377,0
167,452,-0.09400380402803421,0
167,453,-0.06576800346374512,0
167,454,-0.3241264522075653,0
167,455,0.3785650432109833,0
167,456,-0.6636091470718384,0
167,457,0.3966326117515564,0
167,458,-0.0963406190276146,0
167,459,-0.16790194809436798,0
167,460,-0.24383513629436493,0
167,461,-0.21890263259410858,0
167,462,-0.12826623022556305,0
167,463,0.3039287030696869,0
167,464,-0.06176374852657318,0
167,465,-0.5962106585502625,0
167,466,0.0070130713284015656,0
167,467,-1.0567009449005127,0
167,468,-0.4663514792919159,0
167,469,0.15023231506347656,0
167,470,-0.44330456852912903,0
167,471,-0.3056616485118866,0
167,472,0.5193216800689697,0
167,473,0.722108781337738,0
167,474,-0.011319577693939209,0
167,475,0.19492767751216888,0
167,476,-0.2711505591869354,0
167,477,0.18708401918411255,0
167,478,-1.0288296937942505,0
167,479,0.45061400532722473,0
167,480,-0.9298624396324158,0
167,481,-0.5388450622558594,0
167,482,-0.17441703379154205,0
167,483,-0.5177305340766907,0
167,484,-1.3022533655166626,0
167,485,-0.19270454347133636,0
167,486,0.14535556733608246,0
167,487,-0.09967274963855743,0
167,488,-0.18655440211296082,0
167,489,0.11044079810380936,0
167,490,0.016166111454367638,0
167,491,-0.18869958817958832,0
167,492,-0.12342825531959534,0
167,493,-0.6554128527641296,0
167,494,0.20096325874328613,0
167,495,0.1671728640794754,0
167,496,0.21105533838272095,0
167,497,-0.19429731369018555,0
167,498,-0.019168568775057793,0
167,499,0.697036623954773,0
167,500,-0.09225915372371674,0
167,501,-0.5423137545585632,0
167,502,0.08613304048776627,0
167,503,0.07230598479509354,0
167,504,0.38206741213798523,0
167,505,0.08612796664237976,0
167,506,-0.2209572046995163,0
167,507,0.34490883350372314,0
167,508,-0.22248582541942596,0
167,509,-1.210519552230835,0
167,510,-0.521786093711853,0
167,511,-0.5636968016624451,0
167,512,-0.25889936089515686,0
167,513,0.17045266926288605,0
167,514,0.07171367853879929,0
167,515,-0.9867178201675415,0
167,516,0.025370148941874504,0
167,517,-0.006424204912036657,0
167,518,-0.2901161015033722,0
167,519,-0.6268859505653381,0
167,520,0.2169656753540039,0
167,521,-0.5684929490089417,0
167,522,-0.5614963173866272,0
167,523,0.23121915757656097,0
167,524,-0.5295268893241882,0
167,525,-0.8306322693824768,0
167,526,0.3544267416000366,0
167,527,-0.3465423285961151,0
167,528,-0.8204227685928345,0
167,529,0.20308344066143036,0
167,530,0.21203820407390594,0
167,531,-0.05305338278412819,0
167,532,-0.6217535138130188,0
167,533,-0.7550217509269714,0
173,0,1.0877785682678223,0
173,1,0.0851161777973175,0
173,2,0.02908787690103054,0
173,3,0.19486236572265625,0
173,4,0.18699632585048676,0
173,5,0.012975887395441532,0
173,6,0.7477506995201111,0
173,7,0.22387897968292236,0
173,8,0.37536412477493286,0
173,9,-0.21335719525814056,0
173,10,0.23332178592681885,0
173,11,0.35355618596076965,0
173,12,0.40128523111343384,0
173,13,-0.48516613245010376,0
173,14,0.18026861548423767,0
173,15,0.18480908870697021,0
173,16,0.5222457051277161,0
173,17,-0.13368110358715057,0
173,18,-0.5031180381774902,0
173,19,0.1746707707643509,0
173,20,0.004588817711919546,0
173,21,0.1937142014503479,0
173,22,0.863420844078064,0
173,23,-0.10209713131189346,0
173,24,0.2110210508108139,0
173,25,0.42111799120903015,0
173,26,0.6541454195976257,0
173,27,0.12645213305950165,0
173,28,0.6227949857711792,0
173,29,-0.17646385729312897,0
173,30,0.3046475648880005,0
173,31,-0.1702250838279724,0
173,32,0.8228182196617126,0
173,33,0.5602227449417114,0
173,34,0.20949150621891022,0
173,35,0.677799642086029,0
173,36,0.3672909438610077,0
173,37,0.4135642945766449,0
173,38,-0.9294583201408386,0
173,39,-0.02205725386738777,0
173,40,0.31448158621788025,0
173,41,0.11419698596000671,0
173,42,-0.027632424607872963,0
173,43,0.31524673104286194,0
173,44,-0.1972372978925705,0
173,45,-0.07729370146989822,0
173,46,0.07054194062948227,0
173,47,-0.30638381838798523,0
173,48,0.2760627865791321,0
173,49,-0.5466474890708923,0
173,50,-0.1420668661594391,0
173,51,0.10189449787139893,0
173,52,-0.20026017725467682,0
173,53,0.2736429274082184,0
173,54,0.21923144161701202,0
173,55,0.0914243683218956,0
173,56,0.6043935418128967,0
173,57,0.4897153973579407,0
173,58,-0.030521180480718613,0
173,59,-0.017776209861040115,0
173,60,-0.5915676355361938,0
173,61,0.3032226264476776,0
173,62,-0.3938177227973938,0
173,63,-0.2734110355377197,0
173,64,0.8672155141830444,0
173,65,-0.1969900280237198,0
173,66,-0.29068610072135925,0
173,67,0.6191026568412781,0
173,68,0.21063615381717682,0
173,69,0.17186002433300018,0
173,70,-0.3843214213848114,0
173,71,0.26138609647750854,0
173,72,0.38280701637268066,0
173,73,0.046263061463832855,0
173,74,0.08284920454025269,0
173,75,-0.04155214875936508,0
173,76,0.0934901162981987,0
173,77,0.04508892074227333,0
173,78,0.1337129920721054,0
173,79,-0.339621901512146,0
173,80,0.30875205993652344,0
173,81,-0.04217744991183281,0
173,82,0.3092288076877594,0
173,83,-0.5224995613098145,0
173,84,-0.40415841341018677,0
173,85,-0.10008589178323746,0
173,86,0.15233902633190155,0
173,87,-0.9148457050323486,0
173,88,0.33517515659332275,0
173,89,0.429962694644928,0
173,90,-0.26475438475608826,0
173,91,-0.470895916223526,0
173,92,0.5747055411338806,0
173,93,0.24832755327224731,0
173,94,-0.3794909715652466,0
173,95,-0.6238601803779602,0
173,96,-0.8059421181678772,0
173,97,-0.2589855194091797,0
173,98,0.15867802500724792,0
173,99,0.2677837908267975,0
173,100,-0.14165616035461426,0
173,101,0.05243455246090889,0
173,102,0.7052503824234009,0
173,103,0.33512985706329346,0
173,104,-0.5547106862068176,0
173,105,-0.08781281113624573,0
173,106,0.2334355264902115,0
173,107,0.1551278978586197,0
173,108,-0.18953712284564972,0
173,109,0.19315683841705322,0
173,110,0.3425982892513275,0
173,111,0.3203529715538025,0
173,112,-0.26096370816230774,0
173,113,-0.31381645798683167,0
173,114,0.7196211218833923,0
173,115,-0.214481383562088,0
173,116,-0.08762753009796143,0
173,117,-0.3359600007534027,0
173,118,-0.08777561783790588,0
173,119,1.0625661611557007,0
173,120,0.9658507704734802,0
173,121,0.16501496732234955,0
173,122,0.44313132762908936,0
173,123,0.9380109310150146,0
173,124,0.26603832840919495,0
173,125,-0.2416427582502365,0
173,126,0.33006301522254944,0
173,127,0.32723090052604675,0
173,128,-0.3824816942214966,0
173,129,0.39782440662384033,0
173,130,-0.1792820394039154,0
173,131,0.07623258978128433,0
173,132,0.5181595087051392,0
173,133,-0.1331116408109665,0
173,134,-0.3690780997276306,0
173,135,0.3193758428096771,0
173,136,-0.059547457844018936,0
173,137,-0.2625970244407654,0
173,138,0.11865908652544022,0
173,139,-0.06945569813251495,0
173,140,0.3640298843383789,0
173,141,0.08876556158065796,0
173,142,-0.21167686581611633,0
173,143,-0.1740812361240387,0
173,144,-0.33278805017471313,0
173,145,0.14549605548381805,0
173,146,-0.39139610528945923,0
173,147,0.0018456303514540195,0
173,148,0.02659725584089756,0
173,149,-0.5917752981185913,0
173,150,0.1328125,0
173,151,-0.25610753893852234,0
173,152,-0.2767445147037506,0
173,153,0.3828141987323761,0
173,154,0.19446565210819244,0
173,155,0.25089403986930847,0
173,156,0.07643748819828033,0
173,157,0.363077849149704,0
173,158,0.07653467357158661,0
173,159,-0.4635263979434967,0
173,160,0.5564526915550232,0
173,161,-0.12510791420936584,0
173,162,0.3347616195678711,0
173,163,0.20145326852798462,0
173,164,0.30156493186950684,0
173,165,0.0779544860124588,0
173,166,0.4373111128807068,0
173,167,0.797845721244812,0
173,168,0.6234391927719116,0
173,169,0.24063408374786377,0
173,170,0.2571006119251251,0
173,171,0.018067894503474236,0
173,172,0.24447967112064362,0
173,173,0.5164405107498169,0
173,174,-0.0012071123346686363,0
173,175,0.0010829331586137414,0
173,176,0.1347801238298416,0
173,177,0.0883648470044136,0
173,178,-0.01952887326478958,0
173,179,1.0812205076217651,0
173,180,-0.5613846778869629,0
173,181,-0.4464327394962311,0
173,182,0.21125972270965576,0
173,183,0.06973318010568619,0
173,184,-0.3811343014240265,0
173,185,0.871658205986023,0
173,186,-0.06142149865627289,0
173,187,-0.08818552643060684,0
173,188,-0.3004094362258911,0
173,189,0.0603933148086071,0
173,190,0.09412290155887604,0
173,191,0.431546688079834,0
173,192,-0.07702182978391647,0
173,193,-0.016177916899323463,0
173,194,-0.07427535951137543,0
173,195,0.38282546401023865,0
173,196,0.2728255093097687,0
173,197,0.18615393340587616,0
173,198,-0.006612070836126804,0
173,199,0.25216466188430786,0
173,200,-0.5039872527122498,0
173,201,-0.14355291426181793,0
173,202,-0.3048126697540283,0
173,203,0.43342792987823486,0
173,204,-0.6446543335914612,0
173,205,-0.328604131937027,0
173,206,0.3751673996448517,0
173,207,0.22024807333946228,0
173,208,-0.08400789648294449,0
173,209,0.25525015592575073,0
173,210,0.20378407835960388,0
173,211,0.09695708006620407,0
173,212,-0.33915358781814575,0
173,213,0.02820068970322609,0
173,214,-0.2710220217704773,0
173,215,0.11514175683259964,0
173,216,-0.057406820356845856,0
173,217,-0.3623684048652649,0
173,218,0.038087595254182816,0
173,219,-0.10699684172868729,0
173,220,0.0922824814915657,0
173,221,-0.27282968163490295,0
173,222,0.04166283831000328,0
173,223,-0.3134465515613556,0
173,224,0.03399994596838951,0
173,225,-0.8534023761749268,0
173,226,-0.16969451308250427,0
173,227,-1.0507686138153076,0
173,228,-0.14292635023593903,0
173,229,0.28892818093299866,0
173,230,-0.08105158060789108,0
173,231,0.48340848088264465,0
173,232,0.14458903670310974,0
173,233,1.034089207649231,0
173,234,-0.09789583086967468,0
173,235,0.3500176966190338,0
173,236,-0.03859588876366615,0
173,237,-0.21447068452835083,0
173,238,-0.18495109677314758,0
173,239,-0.5738429427146912,0
173,240,-0.1306321620941162,0
173,241,0.6822633147239685,0
173,242,0.07148345559835434,0
173,243,-0.033214982599020004,0
173,244,0.511570930480957,0
173,245,-0.021251073107123375,0
173,246,0.13616342842578888,0
173,247,-0.034937165677547455,0
173,248,0.5707665085792542,0
173,249,-0.26816076040267944,0
173,250,0.1954318881034851,0
173,251,0.1438969224691391,0
173,252,0.01557049062103033,0
173,253,-0.6730775833129883,0
173,254,-0.6847783923149109,0
173,255,0.000407488172641024,0
173,256,-0.7134248614311218,0
173,257,0.888918936252594,0
173,258,-0.01294599287211895,0
173,259,0.08033560961484909,0
173,260,-0.015633266419172287,0
173,261,-0.34111958742141724,0
173,262,-0.04744711518287659,0
173,263,-0.443734735250473,0
173,264,-0.05296281725168228,0
173,265,0.40532752871513367,0
173,266,0.20269641280174255,0
173,267,0.49805790185928345,0
173,268,0.8636496663093567,0
173,269,0.27512937784194946,0
173,270,-0.1265854388475418,0
173,271,0.39767512679100037,0
173,272,0.4424338936805725,0
173,273,0.611746609210968,0
173,274,0.5839843153953552,0
173,275,-0.20391373336315155,0
173,276,-0.026308255270123482,0
173,277,0.7011073231697083,0
173,278,0.4576106667518616,0
173,279,0.3233431577682495,0
173,280,0.1447426676750183,0
173,281,-0.16513147950172424,0
173,282,-0.012765951454639435,0
173,283,-0.3140198290348053,0
173,284,0.701598584651947,0
173,285,0.19664378464221954,0
173,286,0.512019157409668,0
173,287,0.1775325983762741,0
173,288,0.43800124526023865,0
173,289,-0.1878550946712494,0
173,290,1.8671902418136597,0
173,291,0.3858431577682495,0
173,292,-0.0026697185821831226,0
173,293,0.8933404684066772,0
173,294,0.02850557677447796,0
173,295,-0.4690712094306946,0
173,296,0.6521920561790466,0
173,297,0.01886720582842827,0
173,298,0.3665381073951721,0
173,299,-0.5281186699867249,0
173,300,0.09421709924936295,0
173,301,0.0090086180716753,0
173,302,0.14719848334789276,0
173,303,0.1401868760585785,0
173,304,0.03356798365712166,0
173,305,0.128126323223114,0
173,306,0.6688601970672607,0
173,307,-0.46007418632507324,0
173,308,0.24177557229995728,1
173,309,-0.24456259608268738,0
173,310,-0.0672009214758873,0
173,311,0.2838518023490906,0
173,312,0.9156939387321472,0
173,313,0.016028275713324547,0
173,314,0.13157598674297333,0
173,315,-0.09602281451225281,0
173,316,-0.47764065861701965,0
173,317,0.8655234575271606,0
173,318,-0.5973121523857117,0
173,319,0.2778494954109192,0
173,320,-0.2653052806854248,0
173,321,0.502561092376709,0
173,322,-0.3094598352909088,1
173,323,-0.2525864243507385,0
173,324,0.4722842574119568,1
173,325,0.3772313594818115,0
173,326,-0.35004374384880066,0
173,327,0.5203792452812195,0
173,328,0.14698505401611328,0
173,329,-0.046813420951366425,0
173,330,-0.3562232553958893,0
173,331,-0.148996964097023,0
173,332,0.011257823556661606,0
173,333,-0.2758620083332062,0
173,334,0.23571303486824036,0
173,335,-0.2340945303440094,0
173,336,-0.5555078387260437,0
173,337,0.28166982531547546,0
173,338,0.548306405544281,0
173,339,0.22655054926872253,0
173,340,0.674919068813324,0
173,341,0.12959258258342743,0
173,342,-0.25983524322509766,0
173,343,-0.2826981246471405,0
173,344,0.032657843083143234,0
173,345,0.4647570848464966,0
173,346,0.23283454775810242,0
173,347,0.48532193899154663,0
173,348,0.2271462380886078,0
173,349,0.10561221837997437,0
173,350,0.21761183440685272,0
173,351,0.30857813358306885,0
173,352,0.21157972514629364,0
173,353,0.5954734683036804,0
173,354,0.6106749773025513,0
173,355,0.40269097685813904,0
173,356,-0.25093185901641846,0
173,357,0.4594953656196594,0
173,358,0.6507521867752075,0
173,359,-0.23819498717784882,0
173,360,-0.1638433337211609,0
173,361,0.3850782811641693,0
173,362,0.16076691448688507,0
173,363,0.1409672498703003,0
173,364,-0.12215806543827057,0
173,365,-0.5034616589546204,0
173,366,0.3683161735534668,0
173,367,-0.4200129806995392,0
173,368,-0.05948851257562637,0
173,369,-0.19821082055568695,0
173,370,0.6738191843032837,0
173,371,-0.1371934562921524,0
173,372,0.3216685354709625,0
173,373,0.27659016847610474,0
173,374,-0.24736455082893372,0
173,375,0.2219952493906021,0
173,376,0.8606323599815369,0
173,377,0.2284172922372818,0
173,378,-0.02468867041170597,0
173,379,0.32114970684051514,0
173,380,-0.1408998817205429,0
173,381,-0.6934720873832703,0
173,382,0.34519338607788086,0
173,383,-0.002472084714099765,0
173,384,0.00035835246671922505,0
173,385,0.41206979751586914,0
173,386,0.3185613453388214,0
173,387,0.45685073733329773,0
173,388,0.28237420320510864,0
173,389,0.34482645988464355,0
173,390,0.3649947941303253,0
173,391,0.07689854502677917,0
173,392,0.19640421867370605,0
173,393,0.47867727279663086,0
173,394,-0.11837802082300186,0
173,395,0.09494262933731079,0
173,396,-0.1410873979330063,0
173,397,-0.044208824634552,0
173,398,0.22274701297283173,0
173,399,0.07517531514167786,0
173,400,-0.02940327674150467,0
173,401,0.3127261698246002,0
173,402,0.06978239119052887,0
173,403,0.5033912658691406,0
173,404,0.059784457087516785,0
173,405,-0.005722839385271072,0
173,406,0.6926438212394714,0
173,407,0.5363843441009521,0
173,408,1.0432308912277222,0
173,409,-0.6516271233558655,0
173,410,0.2161031812429428,0
173,411,-0.3114597797393799,0
173,412,-0.13841699063777924,0
173,413,0.27820995450019836,0
173,414,0.42227068543434143,0
173,415,-0.655467689037323,0
173,416,0.05416199937462807,0
173,417,0.7374642491340637,0
173,418,0.2019299864768982,0
173,419,-0.35007601976394653,0
173,420,-0.7403377890586853,0
173,421,0.2688216269016266,0
173,422,-0.1470271646976471,0
173,423,0.39513397216796875,0
173,424,-0.2893795073032379,0
173,425,0.1628539115190506,0
173,426,0.577733039855957,0
173,427,0.6909672021865845,0
173,428,0.24458403885364532,0
173,429,0.29333406686782837,0
173,430,0.21527396142482758,0
173,431,-0.15976981818675995,0
173,432,0.6189711093902588,0
173,433,0.09988809376955032,0
173,434,-0.2341497391462326,0
173,435,0.7545961737632751,0
173,436,-0.39061683416366577,0
173,437,0.13676151633262634,0
173,438,0.408735454082489,0
173,439,-0.07884383946657181,0
173,440,0.42871880531311035,0
173,441,0.0097995325922966,0
173,442,0.7528753876686096,0
173,443,-0.12298871576786041,0
173,444,0.6176097393035889,0
173,445,0.1604730635881424,0
173,446,0.5613566040992737,0
173,447,0.1058661937713623,0
173,448,0.06844188272953033,0
173,449,0.17202399671077728,0
173,450,0.5590447783470154,0
173,451,0.19301186501979828,0
173,452,0.613746702671051,0
173,453,-0.14842036366462708,0
173,454,0.6281971335411072,0
173,455,-0.10275384783744812,0
173,456,0.2938344180583954,0
173,457,-0.036293692886829376,0
173,458,0.1402207612991333,0
173,459,0.38901516795158386,0
173,460,0.30971089005470276,0
173,461,0.10462016612291336,0
173,462,-0.21208877861499786,0
173,463,0.14747841656208038,0
173,464,-0.2089744508266449,0
173,465,1.1564866304397583,0
173,466,0.17885974049568176,0
173,467,-0.20127469301223755,0
173,468,0.5107974410057068,0
173,469,-0.265936017036438,0
173,470,0.4247584640979767,0
173,471,0.9369057416915894,0
173,472,-0.27686479687690735,0
173,473,0.5653678774833679,0
173,474,0.16565681993961334,0
173,475,0.015105986967682838,0
173,476,-0.22123795747756958,0
173,477,0.5357455015182495,0
173,478,0.21440795063972473,0
173,479,-0.058808594942092896,0
173,480,0.033412475138902664,0
173,481,0.27866455912590027,0
173,482,0.07144743204116821,0
173,483,0.32397979497909546,0
173,484,-0.5947062969207764,0
173,485,0.49761760234832764,0
173,486,0.6199439167976379,0
173,487,0.4006735384464264,0
173,488,0.13915149867534637,0
173,489,0.8447326421737671,0
173,490,0.02928527444601059,0
173,491,-0.08260919898748398,0
173,492,0.5543707013130188,0
173,493,0.1671152412891388,0
173,494,0.8490737080574036,0
173,495,0.75285804271698,0
173,496,0.2672373354434967,0
173,497,0.47920042276382446,0
173,498,0.1476985663175583,0
173,499,0.9400366544723511,0
173,500,0.2555801272392273,0
173,501,0.654449999332428,0
173,502,0.36991098523139954,0
173,503,0.6843109726905823,0
173,504,-0.29929718375205994,0
173,505,0.9548553228378296,0
173,506,0.6894978880882263,0
173,507,-0.3947409987449646,0
173,508,0.4154663383960724,0
173,509,-0.23171673715114594,0
173,510,0.7318463921546936,0
173,511,0.07585056871175766,0
173,512,0.3320586085319519,0
173,513,0.0502554252743721,0
173,514,-0.17208538949489594,0
173,515,0.24743103981018066,0
173,516,-0.23000046610832214,0
173,517,-0.2000545859336853,0
173,518,-0.4622436463832855,0
173,519,0.39559394121170044,0
173,520,-0.20926517248153687,0
173,521,0.07894538342952728,0
173,522,-0.08830360323190689,0
173,523,0.22442376613616943,0
173,524,-0.12602923810482025,0
173,525,0.47676923871040344,0
173,526,-0.24105405807495117,0
173,527,0.27661609649658203,0
173,528,-0.13950258493423462,0
173,529,0.5546432137489319,0
173,530,0.4875618815422058,0
173,531,1.0349347591400146,0
173,532,-0.0838390365242958,0
173,533,0.2596355676651001,0
186,0,0.9277939200401306,0
186,1,-0.3904499411582947,0
186,2,0.4835112690925598,0
186,3,-0.24820880591869354,0
186,4,0.7590988278388977,0
186,5,0.3004797101020813,0
186,6,0.8278217315673828,0
186,7,0.9180518984794617,0
186,8,0.37004944682121277,0
186,9,-0.7257229089736938,0
186,10,-0.6480405330657959,0
186,11,0.8514253497123718,0
186,12,0.9394953846931458,0
186,13,-0.3723183274269104,0
186,14,-0.5089269280433655,0
186,15,0.4002359211444855,0
186,16,0.24348805844783783,0
186,17,-1.1751959323883057,0
186,18,0.03682994097471237,0
186,19,-0.41065290570259094,0
186,20,-0.037324126809835434,0
186,21,-0.9385792016983032,0
186,22,0.7555152177810669,0
186,23,-0.6354897022247314,0
186,24,1.703734278678894,0
186,25,-0.5259623527526855,0
186,26,0.47676435112953186,0
186,27,-0.43498682975769043,0
186,28,0.38238203525543213,0
186,29,-0.5506696105003357,0
186,30,0.8914190530776978,0
186,31,0.12681421637535095,0
186,32,0.08084560185670853,0
186,33,-0.8073722720146179,0
186,34,0.5227348208427429,0
186,35,-0.24590322375297546,0
186,36,0.42025989294052124,0
186,37,1.3070181608200073,0
186,38,0.4651782214641571,0
186,39,0.0329008549451828,0
186,40,0.6626471281051636,0
186,41,-0.5771191716194153,0
186,42,0.8911489844322205,0
186,43,0.37668848037719727,0
186,44,0.9945809841156006,0
186,45,0.5684096217155457,0
186,46,-0.25722643733024597,0
186,47,-0.1841694414615631,0
186,48,-0.1619563102722168,0
186,49,1.2443571090698242,0
186,50,0.5436093211174011,0
186,51,-0.8623181581497192,0
186,52,-0.7477825284004211,0
186,53,-0.05241941660642624,0
186,54,0.6668577790260315,0
186,55,-0.02024242654442787,0
186,56,1.0686852931976318,0
186,57,0.10252534598112106,0
186,58,-0.5920586585998535,0
186,59,0.4904164671897888,0
186,60,-0.4534408748149872,0
186,61,0.9208906888961792,0
186,62,0.1730063408613205,0
186,63,0.5989353656768799,0
186,64,0.3937961757183075,0
186,65,-0.42296671867370605,0
186,66,0.37762418389320374,0
186,67,0.49049112200737,0
186,68,1.0474307537078857,0
186,69,-1.0909873247146606,0
186,70,0.8083423376083374,0
186,71,1.0091527700424194,0
186,72,1.010007619857788,0
186,73,0.3030138909816742,0
186,74,0.9795015454292297,0
186,75,0.30222609639167786,0
186,76,0.07387653738260269,0
186,77,0.7278746366500854,0
186,78,0.039159391075372696,0
186,79,0.13358600437641144,0
186,80,0.4181400239467621,0
186,81,0.616976261138916,0
186,82,0.2107076793909073,0
186,83,0.27496954798698425,0
186,84,0.14633066952228546,0
186,85,-0.25354617834091187,0
186,86,-0.23345528542995453,0
186,87,0.41188672184944153,0
186,88,1.1536369323730469,0
186,89,0.49640384316444397,0
186,90,0.3220059275627136,0
186,91,-1.0064865350723267,0
186,92,0.615503191947937,0
186,93,0.2632542550563812,0
186,94,0.01779749244451523,0
186,95,-0.8212997913360596,0
186,96,1.4053772687911987,0
186,97,0.4236225187778473,0
186,98,0.729732871055603,0
186,99,0.999506413936615,0
186,100,-0.24220126867294312,0
186,101,0.42789775133132935,0
186,102,0.5628533959388733,0
186,103,0.7082146406173706,0
186,104,-0.7033073306083679,0
186,105,-0.009086531586945057,0
186,106,0.21510785818099976,0
186,107,0.12485300749540329,0
186,108,0.4374525845050812,0
186,109,-0.2615049481391907,0
186,110,-0.221064493060112,0
186,111,0.8731154799461365,0
186,112,0.4179311990737915,0
186,113,-0.15312954783439636,0
186,114,0.3184201717376709,0
186,115,0.35320302844047546,0
186,116,-0.08219825476408005,0
186,117,0.25039100646972656,0
186,118,-0.9799966812133789,0
186,119,1.191135048866272,0
186,120,0.27690941095352173,0
186,121,-1.0597187280654907,0
186,122,0.954012930393219,0
186,123,-0.791205644607544,0
186,124,0.17506854236125946,0
186,125,-0.13587729632854462,0
186,126,0.3673548102378845,0
186,127,1.1333566904067993,0
186,128,-0.6744939684867859,0
186,129,1.1288059949874878,0
186,130,0.37706121802330017,0
186,131,0.6238255500793457,0
186,132,-0.33046668767929077,0
186,133,1.0294114351272583,0
186,134,-0.0919809639453888,0
186,135,0.6044254899024963,0
186,136,-0.17926520109176636,0
186,137,0.9779340624809265,0
186,138,1.1054500341415405,0
186,139,1.293015480041504,0
186,140,-0.42661428451538086,0
186,141,0.7929500937461853,0
186,142,0.4809931218624115,0
186,143,-0.3627495765686035,0
186,144,0.679330587387085,0
186,145,-0.4859859347343445,0
186,146,0.9321133494377136,0
186,147,-0.09070876985788345,0
186,148,-0.31584709882736206,0
186,149,0.6391984224319458,0
186,150,-0.1769152283668518,0
186,151,-0.2972158193588257,0
186,152,-0.06480006128549576,0
186,153,0.38840949535369873,0
186,154,0.1314723789691925,0
186,155,-0.20018558204174042,0
186,156,0.4608164131641388,0
186,157,-0.6646460890769958,0
186,158,0.5516124367713928,0
186,159,-0.20920266211032867,0
186,160,0.6984830498695374,0
186,161,-0.6320127844810486,0
186,162,-0.4199867844581604,0
186,163,-0.5119853615760803,0
186,164,-0.36825844645500183,0
186,165,0.23378732800483704,0
186,166,-0.2957004904747009,0
186,167,0.5827522277832031,0
186,168,0.29884520173072815,0
186,169,-0.10643532127141953,0
186,170,-0.5269284844398499,0
186,171,0.9244272708892822,0
186,172,0.5770624876022339,0
186,173,0.6631425023078918,0
186,174,1.2975764274597168,0
186,175,0.11334884911775589,0
186,176,0.11692968010902405,0
186,177,0.22055234014987946,0
186,178,0.3604802191257477,0
186,179,1.4179589748382568,0
186,180,-0.13938038051128387,0
186,181,0.7893487811088562,0
186,182,-0.2141997516155243,0
186,183,0.18623162806034088,0
186,184,-0.45630261301994324,0
186,185,0.2803402245044708,0
186,186,0.2696312665939331,0
186,187,-0.8517395853996277,0
186,188,-0.7731283903121948,0
186,189,0.019648483023047447,0
186,190,-0.6629909873008728,0
186,191,-0.04135378450155258,0
186,192,0.35697782039642334,0
186,193,1.022016167640686,0
186,194,0.21260754764080048,0
186,195,0.5092903971672058,0
186,196,-0.26807481050491333,0
186,197,-0.07234399765729904,0
186,198,-0.7920179963111877,0
186,199,0.37638965249061584,0
186,200,0.328490287065506,0
186,201,-1.1064097881317139,0
186,202,-0.7312489151954651,0
186,203,0.46439293026924133,0
186,204,0.06063464283943176,0
186,205,0.04009166732430458,0
186,206,0.4830791652202606,0
186,207,0.5571913123130798,0
186,208,-0.5133535265922546,0
186,209,-0.4992154836654663,0
186,210,-0.2010074108839035,0
186,211,-0.3804273009300232,0
186,212,-0.5294225215911865,0
186,213,0.6031423807144165,0
186,214,-0.08734321594238281,0
186,215,-0.17355439066886902,0
186,216,0.14878734946250916,0
186,217,-0.2518627345561981,0
186,218,0.06966857612133026,0
186,219,-0.025055930018424988,0
186,220,0.10752102732658386,0
186,221,-0.6655858159065247,0
186,222,0.15674901008605957,0
186,223,-0.7785608768463135,0
186,224,1.298065423965454,0
186,225,0.6161748170852661,0
186,226,-0.049311183393001556,0
186,227,-0.2554748058319092,0
186,228,0.24674363434314728,0
186,229,0.5070745944976807,0
186,230,0.8159971237182617,0
186,231,0.8234174251556396,0
186,232,0.4796251654624939,0
186,233,0.8788632750511169,0
186,234,-0.032002951949834824,0
186,235,0.7591845989227295,0
186,236,1.090577244758606,0
186,237,1.2672139406204224,0
186,238,0.06048273295164108,0
186,239,-0.31669166684150696,0
186,240,0.25828438997268677,0
186,241,-0.17598989605903625,0
186,242,-0.056699238717556,0
186,243,0.3987431824207306,0
186,244,0.4259606599807739,0
186,245,-0.4992351531982422,0
186,246,-0.6437631845474243,0
186,247,0.34364598989486694,0
186,248,-0.823273777961731,0
186,249,-0.08137691766023636,0
186,250,-0.6116500496864319,0
186,251,0.35760486125946045,0
186,252,0.7629678249359131,0
186,253,0.4779435992240906,0
186,254,-0.5882982015609741,0
186,255,-0.09096507728099823,0
186,256,-0.39598971605300903,0
186,257,0.4369950592517853,0
186,258,0.35791516304016113,0
186,259,-0.5314145684242249,0
186,260,0.3080519437789917,0
186,261,0.16765064001083374,0
186,262,-0.3061999976634979,0
186,263,0.059929266571998596,0
186,264,-0.12809431552886963,0
186,265,-0.8826560974121094,0
186,266,-0.2030685842037201,0
186,267,-0.08027815073728561,0
186,268,0.8300483226776123,0
186,269,1.09238600730896,0
186,270,0.4144062101840973,0
186,271,0.120920829474926,0
186,272,-0.04159056395292282,0
186,273,0.23142266273498535,0
186,274,-0.6638793349266052,0
186,275,-0.37095436453819275,0
186,276,1.2171056270599365,0
186,277,0.3585474193096161,0
186,278,0.042887523770332336,0
186,279,0.22816653549671173,0
186,280,0.3088722825050354,0
186,281,0.11979903280735016,0
186,282,1.2421491146087646,0
186,283,0.42902278900146484,0
186,284,0.7948343753814697,0
186,285,0.4618651866912842,0
186,286,0.29775944352149963,0
186,287,-1.2364753484725952,0
186,288,0.37603697180747986,0
186,289,-0.25735509395599365,0
186,290,0.13978621363639832,0
186,291,0.4616827666759491,0
186,292,0.5399628281593323,0
186,293,0.21299895644187927,0
186,294,0.5751602649688721,0
186,295,0.3609258532524109,0
186,296,0.8851732015609741,0
186,297,0.27417659759521484,0
186,298,0.056238122284412384,0
186,299,-1.117048978805542,0
186,300,-0.5642313957214355,0
186,301,0.09193556010723114,0
186,302,-0.7230663299560547,0
186,303,0.8517867922782898,0
186,304,0.15236249566078186,0
186,305,-0.750899076461792,0
186,306,0.08648631721735,0
186,307,-0.1491502821445465,0
186,308,-0.9004175066947937,0
186,309,-0.15585975348949432,0
186,310,0.38144758343696594,0
186,311,-0.18207469582557678,0
186,312,-1.0448940992355347,0
186,313,-0.0815940797328949,0
186,314,0.22901499271392822,0
186,315,0.7889184951782227,0
186,316,-0.38760286569595337,1
186,317,-0.298766553401947,0
186,318,-0.03814249485731125,0
186,319,0.2251690924167633,0
186,320,0.6367061734199524,0
186,321,-0.34829726815223694,0
186,322,0.4636373519897461,0
186,323,-0.46314823627471924,0
186,324,-0.18323549628257751,0
186,325,0.6348169445991516,0
186,326,1.3786695003509521,0
186,327,0.33407679200172424,0
186,328,0.4246821999549866,0
186,329,0.19480380415916443,0
186,330,-0.47203266620635986,1
186,331,0.9710001349449158,0
186,332,0.03302453085780144,1
186,333,0.12387990206480026,0
186,334,-0.039722990244627,0
186,335,-0.6359082460403442,0
186,336,-0.3897518813610077,0
186,337,0.7365641593933105,0
186,338,0.6714050769805908,0
186,339,1.5201447010040283,0
186,340,0.11427021771669388,0
186,341,1.2856388092041016,0
186,342,0.9776700735092163,0
186,343,-1.1060236692428589,0
186,344,0.8251931667327881,0
186,345,0.35544630885124207,0
186,346,-0.6675193905830383,0
186,347,0.12261359393596649,0
186,348,0.9773270487785339,0
186,349,-0.11961191892623901,0
186,350,1.0080252885818481,0
186,351,-0.23067894577980042,0
186,352,0.2213839441537857,0
186,353,0.3147996962070465,0
186,354,0.9323076009750366,0
186,355,0.3948496878147125,0
186,356,-0.35391464829444885,0
186,357,-0.10027407109737396,0
186,358,0.28027164936065674,0
186,359,-0.6587418913841248,0
186,360,1.1346871852874756,0
186,361,-0.921581506729126,0
186,362,0.5670361518859863,0
186,363,0.2117277830839157,0
186,364,0.6692907214164734,0
186,365,-0.6983128786087036,0
186,366,0.4779801070690155,0
186,367,-0.6325104236602783,0
186,368,0.664447546005249,0
186,369,-0.15157413482666016,0
186,370,1.3330403566360474,0
186,371,0.7001429796218872,0
186,372,1.0236496925354004,0
186,373,0.3580387234687805,0
186,374,1.0179909467697144,0
186,375,0.47495076060295105,0
186,376,1.0069749355316162,0
186,377,0.17225657403469086,0
186,378,-0.603731632232666,0
186,379,0.7775096893310547,0
186,380,1.2949427366256714,0
186,381,-0.40640902519226074,0
186,382,0.54897141456604,0
186,383,0.7398160696029663,0
186,384,0.1393050104379654,0
186,385,-0.14938488602638245,0
186,386,1.0560280084609985,0
186,387,-0.07805413752794266,0
186,388,0.8712831139564514,0
186,389,0.6127146482467651,0
186,390,0.13714763522148132,0
186,391,-0.6101643443107605,0
186,392,-0.64930659532547,0
186,393,0.6158973574638367,0
186,394,0.2626904845237732,0
186,395,0.47557997703552246,0
186,396,0.16813457012176514,0
186,397,0.20995451509952545,0
186,398,1.1426199674606323,0
186,399,0.39475128054618835,0
186,400,0.7428927421569824,0
186,401,0.11722026020288467,0
186,402,0.23554085195064545,0
186,403,0.9941834211349487,0
186,404,-0.8054780960083008,0
186,405,-0.08939357846975327,0
186,406,-0.06194405257701874,0
186,407,0.16127775609493256,0
186,408,0.7778953909873962,0
186,409,0.1664326786994934,0
186,410,-0.43511444330215454,0
186,411,-0.9132011532783508,0
186,412,0.4246596097946167,0
186,413,0.5043225884437561,0
186,414,0.43640199303627014,0
186,415,1.062945008277893,0
186,416,0.13979877531528473,0
186,417,-0.5393975973129272,0
186,418,0.4170917570590973,0
186,419,0.5983774662017822,0
186,420,-0.5795644521713257,0
186,421,-0.9312034249305725,0
186,422,0.06555474549531937,0
186,423,2.146699905395508,0
186,424,-0.2267703413963318,0
186,425,0.5281500816345215,0
186,426,0.6840649843215942,0
186,427,0.3948778212070465,0
186,428,0.35015249252319336,0
186,429,1.6840853691101074,0
186,430,0.7459585070610046,0
186,431,0.4507102966308594,0
186,432,0.19517837464809418,0
186,433,0.2841114401817322,0
186,434,0.4239673912525177,0
186,435,-0.8191221356391907,0
186,436,0.48955702781677246,0
186,437,0.39746999740600586,0
186,438,0.4858371913433075,0
186,439,0.05061757192015648,0
186,440,0.5905187726020813,0
186,441,-0.5471574664115906,0
186,442,-0.34743478894233704,0
186,443,0.3189113736152649,0
186,444,0.7590128779411316,0
186,445,1.0980510711669922,0
186,446,-0.019964173436164856,0
186,447,-0.1408253312110901,0
186,448,1.0985524654388428,0
186,449,1.4551866054534912,0
186,450,1.0753321647644043,0
186,451,0.8762166500091553,0
186,452,-0.17996087670326233,0
186,453,-0.6045217514038086,0
186,454,1.0711143016815186,0
186,455,-0.0026306414511054754,0
186,456,1.2331364154815674,0
186,457,-0.20897620916366577,0
186,458,-0.06292468309402466,0
186,459,0.10008085519075394,0
186,460,0.436103492975235,0
186,461,0.7328590154647827,0
186,462,-0.3046068847179413,0
186,463,0.44714435935020447,0
186,464,0.38660380244255066,0
186,465,1.3808515071868896,0
186,466,-0.6633327007293701,0
186,467,0.9838656187057495,0
186,468,1.0211573839187622,0
186,469,-0.39211705327033997,0
186,470,1.0298103094100952,0
186,471,0.6197684407234192,0
186,472,0.12745392322540283,0
186,473,-0.21146473288536072,0
186,474,0.4629436433315277,0
186,475,-0.542046308517456,0
186,476,1.226520299911499,0
186,477,0.7728919982910156,0
186,478,0.6084489822387695,0
186,479,0.24837732315063477,0
186,480,0.8229426741600037,0
186,481,0.423194944858551,0
186,482,0.6997092962265015,0
186,483,0.6993746161460876,0
186,484,0.46398264169692993,0
186,485,1.001218318939209,0
186,486,0.853851854801178,0
186,487,0.5929603576660156,0
186,488,0.059626031666994095,0
186,489,-0.41719260811805725,0
186,490,0.44105103611946106,0
186,491,0.6077612638473511,0
186,492,-0.19842563569545746,0
186,493,-0.40037763118743896,0
186,494,0.41121092438697815,0
186,495,-0.17571523785591125,0
186,496,0.34223976731300354,0
186,497,1.1589751243591309,0
186,498,-0.08307097852230072,0
186,499,-0.563443124294281,0
186,500,0.3864261209964752,0
186,501,0.8781740665435791,0
186,502,0.07100491225719452,0
186,503,0.4478227496147156,0
186,504,0.025391001254320145,0
186,505,0.6397815346717834,0
186,506,0.5284508466720581,0
186,507,-0.6959022879600525,0
186,508,0.02767718955874443,0
186,509,0.7863743305206299,0
186,510,0.40753430128097534,0
186,511,0.7351161241531372,0
186,512,-0.25054746866226196,0
186,513,-0.32659512758255005,0
186,514,0.4648192226886749,0
186,515,1.2578095197677612,0
186,516,-0.05808385834097862,0
186,517,-0.2956800162792206,0
186,518,-0.07065878063440323,0
186,519,0.9421713352203369,0
186,520,-0.5090382695198059,0
186,521,0.17819787561893463,0
186,522,0.006677120458334684,0
186,523,0.14124220609664917,0
186,524,0.8057531118392944,0
186,525,1.431110143661499,0
186,526,0.19749663770198822,0
186,527,0.45418742299079895,0
186,528,0.9881604313850403,0
186,529,0.051468126475811005,0
186,530,0.2470555454492569,0
186,531,0.774064302444458,0
186,532,0.6418839693069458,0
186,533,1.574918270111084,0
190,0,-0.16925349831581116,0
190,1,-0.18382775783538818,0
190,2,0.161312997341156,0
190,3,0.30374225974082947,0
190,4,-0.1869659423828125,0
190,5,-0.8509439826011658,0
190,6,-0.43818506598472595,0
190,7,-1.1793997287750244,0
190,8,0.8845576047897339,0
190,9,0.4889183044433594,0
190,10,0.21901115775108337,0
190,11,-1.0601776838302612,0
190,12,-0.2050846815109253,0
190,13,-0.32064712047576904,0
190,14,0.7365207672119141,0
190,15,0.14229890704154968,0
190,16,-0.7453293204307556,0
190,17,1.3848148584365845,0
190,18,-0.1285327970981598,0
190,19,0.736431360244751,0
190,20,-0.031002352014183998,0
190,21,0.8575886487960815,0
190,22,-0.44345104694366455,0
190,23,-0.2463504821062088,0
190,24,-2.034761667251587,0
190,25,0.3997151553630829,0
190,26,0.21289712190628052,0
190,27,-0.09900225698947906,0
190,28,0.723099946975708,0
190,29,0.3140944540500641,0
190,30,-0.2215852439403534,0
190,31,-0.4319473206996918,0
190,32,-0.0775553360581398,0
190,33,1.3077903985977173,0
190,34,-0.3676083981990814,0
190,35,0.6521125435829163,0
190,36,-0.9154685735702515,0
190,37,-0.7884888648986816,0
190,38,-0.9636511206626892,0
190,39,-0.07292050123214722,0
190,40,-1.1012482643127441,0
190,41,0.5301182866096497,0
190,42,-0.8894588351249695,0
190,43,-0.8289780020713806,0
190,44,-1.3032901287078857,0
190,45,-0.9999043941497803,0
190,46,-0.29350465536117554,0
190,47,0.15929000079631805,0
190,48,0.2653665542602539,0
190,49,-0.9616396427154541,0
190,50,-1.3298020362854004,0
190,51,1.1284611225128174,0
190,52,0.004462095443159342,0
190,53,-0.08730372786521912,0
190,54,-0.05072816461324692,0
190,55,-0.1723054051399231,0
190,56,-0.8781017065048218,0
190,57,-0.9170262813568115,0
190,58,0.6130073666572571,0
190,59,-0.802064836025238,0
190,60,0.003900052746757865,0
190,61,-0.5387638211250305,0
190,62,0.6207588911056519,0
190,63,-0.9805460572242737,0
190,64,-0.5547249913215637,0
190,65,0.7611184120178223,0
190,66,0.07969782501459122,0
190,67,-0.2658526599407196,0
190,68,-0.9357314705848694,0
190,69,1.882169485092163,0
190,70,-0.2819254398345947,0
190,71,-1.3440622091293335,0
190,72,-0.40791046619415283,0
190,73,-0.8859569430351257,0
190,74,-0.34082573652267456,0
190,75,-0.8187597393989563,0
190,76,0.604057252407074,0
190,77,-0.8504118919372559,0
190,78,-0.1193869486451149,0
190,79,-0.756319522857666,0
190,80,-0.4044106900691986,0
190,81,-0.8582092523574829,0
190,82,-0.5613595843315125,0
190,83,-0.06915906071662903,0
190,84,-1.254615068435669,0
190,85,0.22867724299430847,0
190,86,0.2825077176094055,0
190,87,-0.6335671544075012,0
190,88,-1.2219631671905518,0
190,89,0.2338983714580536,0
190,90,-0.3378913998603821,0
190,91,0.8474219441413879,0
190,92,0.2213352620601654,0
190,93,-0.9755557775497437,0
190,94,-0.6097092628479004,0
190,95,0.333514541387558,0
190,96,-1.9578652381896973,0
190,97,-0.8555843234062195,0
190,98,-0.6440476179122925,0
190,99,-0.9605819582939148,0
190,100,0.3205050826072693,0
190,101,-0.47810545563697815,0
190,102,-0.5251191854476929,0
190,103,-0.2084818333387375,0
190,104,-0.05512746423482895,0
190,105,0.5902300477027893,0
190,106,0.16315342485904694,0
190,107,0.4085264205932617,0
190,108,-0.5018580555915833,0
190,109,-0.027481498196721077,0
190,110,0.5276683568954468,0
190,111,-0.7662021517753601,0
190,112,-1.1876658201217651,0
190,113,-0.7971633076667786,0
190,114,-0.17581093311309814,0
190,115,-0.5285009145736694,0
190,116,0.6886702179908752,0
190,117,-0.7808193564414978,0
190,118,0.924997091293335,0
190,119,-0.6391087174415588,0
190,120,-0.059306442737579346,0
190,121,0.8014554977416992,0
190,122,-0.730872631072998,0
190,123,1.027895450592041,0
190,124,0.021850286051630974,0
190,125,0.3280755579471588,0
190,126,0.24424013495445251,0
190,127,-0.8951672911643982,0
190,128,0.8612319827079773,0
190,129,-1.597906231880188,0
190,130,0.40669378638267517,0
190,131,-0.7126733660697937,0
190,132,-0.40747177600860596,0
190,133,-1.155137062072754,0
190,134,-0.2393895387649536,0
190,135,-0.3791680634021759,0
190,136,0.9183659553527832,0
190,137,-0.6101703643798828,0
190,138,-0.6563851833343506,0
190,139,-1.1173808574676514,0
190,140,0.3381684124469757,0
190,141,-0.2690066695213318,0
190,142,0.016824696213006973,0
190,143,-0.5132718682289124,0
190,144,-0.35928040742874146,0
190,145,0.30605706572532654,0
190,146,-0.982489824295044,0
190,147,-0.48430097103118896,0
190,148,0.43978646397590637,0
190,149,-1.1250325441360474,0
190,150,0.8173062801361084,0
190,151,1.0691901445388794,0
190,152,0.36645594239234924,0
190,153,-0.23041170835494995,0
190,154,-0.3943297266960144,0
190,155,0.2956952154636383,0
190,156,0.7846987247467041,0
190,157,0.8952890038490295,0
190,158,-1.0253018140792847,0
190,159,0.014794908463954926,0
190,160,-0.7600376009941101,0
190,161,0.17704486846923828,0
190,162,0.8795503377914429,0
190,163,0.1912941336631775,0
190,164,0.08037719875574112,0
190,165,-0.1633388102054596,0
190,166,0.45138290524482727,0
190,167,-0.20913545787334442,0
190,168,0.26768720149993896,0
190,169,-0.37203410267829895,0
190,170,-0.2837944030761719,0
190,171,0.1517339050769806,0
190,172,-0.7918611168861389,0
190,173,-0.6054030060768127,0
190,174,-0.7597619891166687,0
190,175,0.6955480575561523,0
190,176,0.20102500915527344,0
190,177,-0.4378359019756317,0
190,178,0.627425491809845,0
190,179,-0.7244935631752014,0
190,180,0.061963897198438644,0
190,181,-1.0421319007873535,0
190,182,-0.538995623588562,0
190,183,-0.42212042212486267,0
190,184,0.3355383574962616,0
190,185,0.7511335015296936,0
190,186,-0.3655122220516205,0
190,187,0.43090376257896423,0
190,188,0.3384377360343933,0
190,189,0.5354247093200684,0
190,190,0.43524909019470215,0
190,191,0.37275609374046326,0
190,192,0.19357483088970184,0
190,193,-0.7340294122695923,0
190,194,-0.6490997672080994,0
190,195,0.40037721395492554,0
190,196,-0.13154082000255585,0
190,197,-0.02939392626285553,0
190,198,0.41143277287483215,0
190,199,-0.17985990643501282,0
190,200,-0.4404047429561615,0
190,201,0.29485538601875305,0
190,202,0.5562283992767334,0
190,203,0.2002866268157959,0
190,204,0.018533986061811447,0
190,205,-0.17482101917266846,0
190,206,-0.004049977753311396,0
190,207,-0.332346111536026,0
190,208,0.3242689073085785,0
190,209,-0.19170209765434265,0
190,210,0.08432607352733612,0
190,211,1.2580393552780151,0
190,212,0.08821041882038116,0
190,213,-1.0352249145507812,0
190,214,0.05706223472952843,0
190,215,0.2268439382314682,0
190,216,-0.07700963318347931,0
190,217,0.19564716517925262,0
190,218,0.0011557709658518434,0
190,219,-0.4602440893650055,0
190,220,0.5033447742462158,0
190,221,0.6439518928527832,0
190,222,-0.47387751936912537,0
190,223,1.086753249168396,0
190,224,-1.2300420999526978,0
190,225,-1.221270203590393,0
190,226,-0.19968780875205994,0
190,227,-0.17899395525455475,0
190,228,-0.7144763469696045,0
190,229,-0.4698375463485718,0
190,230,-0.2604600191116333,0
190,231,-0.8244530558586121,0
190,232,0.010951234959065914,0
190,233,-0.031338535249233246,0
190,234,-0.3025655150413513,0
190,235,-1.2485804557800293,0
190,236,-1.443577527999878,0
190,237,-1.5884227752685547,0
190,238,-0.2599537968635559,0
190,239,0.5481914281845093,0
190,240,-0.8276459574699402,0
190,241,0.4680005609989166,0
190,242,0.20205657184123993,0
190,243,-1.4104504585266113,0
190,244,-0.5613812208175659,0
190,245,0.1530250608921051,0
190,246,0.3014528751373291,0
190,247,-0.41808614134788513,0
190,248,1.356329083442688,0
190,249,-0.08717730641365051,0
190,250,-0.22256633639335632,0
190,251,0.19361001253128052,0
190,252,-1.4645414352416992,0
190,253,-0.8429967761039734,0
190,254,0.4162954092025757,0
190,255,0.3727932870388031,0
190,256,0.2415722757577896,0
190,257,-0.42520979046821594,0
190,258,-0.3131459057331085,0
190,259,-0.11816232651472092,0
190,260,-0.22404228150844574,0
190,261,0.3022281229496002,0
190,262,0.13955117762088776,0
190,263,0.3759464919567108,0
190,264,0.5091210603713989,0
190,265,0.9958915710449219,0
190,266,-0.4559185802936554,0
190,267,-0.5078911185264587,0
190,268,-1.8137919902801514,0
190,269,-1.4656639099121094,0
190,270,-0.8087734580039978,0
190,271,-0.43458378314971924,0
190,272,-0.3753032982349396,0
190,273,-0.34094226360321045,0
190,274,0.4877227246761322,0
190,275,-0.44573545455932617,0
190,276,-1.498889446258545,0
190,277,-0.036148279905319214,0
190,278,-0.22166875004768372,0
190,279,-0.16913357377052307,0
190,280,-0.12137728184461594,0
190,281,-0.26526951789855957,0
190,282,-1.2832202911376953,0
190,283,-0.9920529723167419,0
190,284,-1.2758307456970215,0
190,285,-1.1994709968566895,0
190,286,0.12660686671733856,0
190,287,2.2287731170654297,0
190,288,-0.6961148381233215,0
190,289,0.4530628025531769,0
190,290,0.04196230694651604,0
190,291,-0.5718919634819031,0
190,292,-1.7549943923950195,0
190,293,-0.33842334151268005,0
190,294,-0.20898127555847168,0
190,295,-0.8994245529174805,0
190,296,-1.669251561164856,0
190,297,-0.058745913207530975,0
190,298,-0.19006916880607605,0
190,299,0.26289013028144836,0
190,300,0.6686176657676697,0
190,301,-1.0344723463058472,0
190,302,0.9373710751533508,0
190,303,-0.9704944491386414,0
190,304,-0.4354479908943176,0
190,305,0.8028873801231384,0
190,306,0.18109776079654694,0
190,307,-0.22984576225280762,0
190,308,0.7200018763542175,0
190,309,-0.22645211219787598,0
190,310,-0.8033331632614136,0
190,311,-0.03703539818525314,0
190,312,1.170386552810669,0
190,313,0.58903968334198,1
190,314,-1.0070409774780273,0
190,315,-1.3869616985321045,1
190,316,-0.49633145332336426,0
190,317,0.38256245851516724,0
190,318,0.10136735439300537,1
190,319,-0.5001555681228638,0
190,320,-0.7674285769462585,0
190,321,-0.6978265047073364,0
190,322,-1.5237129926681519,0
190,323,0.5806538462638855,0
190,324,0.2626064121723175,0
190,325,-1.2983002662658691,0
190,326,-1.68023681640625,0
190,327,-0.3396708071231842,0
190,328,-0.7881710529327393,0
190,329,-0.6852113008499146,0
190,330,0.2336876541376114,0
190,331,-1.1078516244888306,0
190,332,-0.4229397475719452,0
190,333,-0.27682188153266907,0
190,334,-0.2325117439031601,0
190,335,0.9966928958892822,0
190,336,0.31940218806266785,0
190,337,-1.5115694999694824,0
190,338,-1.1566609144210815,0
190,339,-1.7233220338821411,0
190,340,-0.002475830027833581,0
190,341,-1.3366460800170898,0
190,342,-1.4184987545013428,0
190,343,2.105412006378174,0
190,344,-1.1119682788848877,0
190,345,-0.2637719213962555,0
190,346,0.5128021240234375,0
190,347,-0.02517550066113472,0
190,348,-1.4043805599212646,0
190,349,-0.7142929434776306,0
190,350,-1.8281843662261963,0
190,351,-0.643049418926239,0
190,352,-0.5053225755691528,0
190,353,0.12182539701461792,0
190,354,-1.1074168682098389,0
190,355,-1.0275074243545532,0
190,356,-0.5613980293273926,0
190,357,0.5483441948890686,0
190,358,-0.26071542501449585,0
190,359,0.9868853688240051,0
190,360,-0.8296530842781067,0
190,361,0.009387105703353882,0
190,362,-1.4936296939849854,0
190,363,-0.026472363620996475,0
190,364,-0.48053255677223206,0
190,365,0.0964781641960144,0
190,366,-0.6175044178962708,0
190,367,0.4493412375450134,0
190,368,-0.07368126511573792,0
190,369,0.11708556115627289,0
190,370,-1.7399863004684448,0
190,371,-2.08620023727417,0
190,372,-1.4258443117141724,0
190,373,-0.2001814842224121,0
190,374,-2.0601351261138916,0
190,375,-1.0176759958267212,0
190,376,-0.9386097192764282,0
190,377,-0.2962487041950226,0
190,378,0.21302951872348785,0
190,379,-0.864874541759491,0
190,380,-1.5952017307281494,0
190,381,-0.47193533182144165,0
190,382,-0.29501572251319885,0
190,383,-1.16110098361969,0
190,384,-0.34594202041625977,0
190,385,1.0536746978759766,0
190,386,-1.3514219522476196,0
190,387,-0.7493798136711121,0
190,388,-0.6136201620101929,0
190,389,-0.2554466426372528,0
190,390,0.5621251463890076,0
190,391,0.5689112544059753,0
190,392,1.1538764238357544,0
190,393,-0.9117253422737122,0
190,394,-0.8085570931434631,0
190,395,-0.9286694526672363,0
190,396,-0.7257421612739563,0
190,397,-0.04266219213604927,0
190,398,-0.5570710897445679,0
190,399,-0.7877321839332581,0
190,400,-1.2734313011169434,0
190,401,-0.19385014474391937,0
190,402,-0.33282575011253357,0
190,403,-1.2710051536560059,0
190,404,0.6604670882225037,0
190,405,-0.2627835273742676,0
190,406,0.13940902054309845,0
190,407,-0.7142859101295471,0
190,408,-1.4063467979431152,0
190,409,0.17523516714572906,0
190,410,-0.31575560569763184,0
190,411,1.0955235958099365,0
190,412,-0.23245781660079956,0
190,413,-1.8801740407943726,0
190,414,-0.4829165041446686,0
190,415,-1.1916663646697998,0
190,416,0.1422814577817917,0
190,417,0.09578396379947662,0
190,418,-0.08717256784439087,0
190,419,-1.6799980401992798,0
190,420,0.6050997376441956,0
190,421,0.6546859741210938,0
190,422,-0.7179861068725586,0
190,423,-1.5388531684875488,0
190,424,-0.2288493514060974,0
190,425,-0.8928539156913757,0
190,426,-0.12061567604541779,0
190,427,-0.14747539162635803,0
190,428,0.5199549198150635,0
190,429,-1.6162184476852417,0
190,430,-0.8499417304992676,0
190,431,-0.3195949196815491,0
190,432,-0.1898045390844345,0
190,433,-0.16205339133739471,0
190,434,-1.2864210605621338,0
190,435,0.9248617887496948,0
190,436,-1.0739747285842896,0
190,437,-0.6894691586494446,1
190,438,-1.2258232831954956,1
190,439,-1.0443898439407349,0
190,440,-0.8180879354476929,0
190,441,-0.20935681462287903,0
190,442,0.24207188189029694,0
190,443,-1.420255422592163,0
190,444,-0.6368885040283203,0
190,445,-1.1966429948806763,0
190,446,-0.046363506466150284,0
190,447,-0.20059451460838318,0
190,448,-1.5045459270477295,0
190,449,-1.4882516860961914,0
190,450,-0.4572269022464752,0
190,451,-0.1436728984117508,0
190,452,-0.5255803465843201,0
190,453,0.7282840013504028,0
190,454,-1.0847378969192505,0
190,455,0.2709440290927887,0
190,456,-1.8152960538864136,0
190,457,0.439235657453537,0
190,458,0.48975521326065063,0
190,459,-0.6899648308753967,0
190,460,-0.8850963115692139,0
190,461,-1.3033783435821533,0
190,462,0.33438190817832947,0
190,463,0.15498164296150208,0
190,464,0.19975043833255768,0
190,465,-1.6678944826126099,0
190,466,0.7156555652618408,0
190,467,-1.5439335107803345,0
190,468,-1.2636545896530151,0
190,469,0.5139018297195435,0
190,470,-1.6530611515045166,0
190,471,-0.4290727972984314,0
190,472,-0.09924899786710739,0
190,473,0.5364854335784912,0
190,474,-0.9850505590438843,0
190,475,0.1795973926782608,0
190,476,-1.2333245277404785,0
190,477,-1.0518985986709595,0
190,478,-1.354559063911438,0
190,479,-0.08068686723709106,0
190,480,-1.3135123252868652,0
190,481,-1.3352391719818115,0
190,482,-0.9526302814483643,0
190,483,-1.0912116765975952,0
190,484,-1.3917200565338135,0
190,485,-1.096519112586975,0
190,486,-0.3803868889808655,0
190,487,-0.3840130567550659,0
190,488,-0.37264394760131836,0
190,489,0.2578696310520172,0
190,490,-0.3519384264945984,0
190,491,-1.4832572937011719,0
190,492,-0.4203827679157257,0
190,493,-0.16402293741703033,0
190,494,-0.21115975081920624,0
190,495,0.32107609510421753,0
190,496,0.36453092098236084,0
190,497,-1.232840895652771,0
190,498,0.3878050744533539,0
190,499,-0.013255770318210125,0
190,500,-0.7227254509925842,0
190,501,-1.1390326023101807,0
190,502,0.03331318497657776,0
190,503,-0.5747932195663452,0
190,504,-0.040919821709394455,0
190,505,-0.3714824914932251,0
190,506,-0.38185471296310425,0
190,507,0.7563623785972595,0
190,508,0.49261289834976196,0
190,509,-1.4350098371505737,0
190,510,-0.3292181193828583,0
190,511,-0.705867350101471,0
190,512,0.050501786172389984,0
190,513,-0.14554955065250397,0
190,514,-0.351237028837204,0
190,515,-2.252854824066162,0
190,516,-0.5972455739974976,0
190,517,-0.5759781002998352,0
190,518,-0.48098331689834595,0
190,519,-1.4976801872253418,0
190,520,0.8144485354423523,0
190,521,-0.8633636832237244,0
190,522,-1.1002205610275269,0
190,523,0.5852832198143005,0
190,524,-2.0122575759887695,0
190,525,-1.697311282157898,0
190,526,0.07963763177394867,0
190,527,-1.09102201461792,0
190,528,-1.7946417331695557,0
190,529,-0.19160370528697968,0
190,530,-0.748418927192688,0
190,531,-1.168816089630127,0
190,532,0.13758550584316254,0
190,533,-1.5633488893508911,0
205,0,-0.110162653028965,0
205,1,-0.23427434265613556,0
205,2,1.1122084856033325,0
205,3,0.8871603012084961,0
205,4,0.7721512913703918,0
205,5,-0.7665327191352844,0
205,6,0.49980106949806213,0
205,7,-0.15420322120189667,0
205,8,0.16205283999443054,0
205,9,-0.16642263531684875,0
205,10,0.06064687669277191,0
205,11,-0.2685903310775757,0
205,12,0.4939827024936676,0
205,13,-0.7169249057769775,0
205,14,-1.062373399734497,0
205,15,0.25704383850097656,0
205,16,-0.2579208016395569,0
205,17,-0.4369484782218933,0
205,18,1.1234747171401978,0
205,19,0.6472602486610413,0
205,20,0.20607413351535797,0
205,21,-0.5265888571739197,0
205,22,-0.3153138756752014,0
205,23,0.5451235175132751,0
205,24,-0.14044532179832458,0
205,25,-0.2179727703332901,0
205,26,0.337691992521286,0
205,27,-0.5000869631767273,0
205,28,0.61795973777771,0
205,29,0.5277953743934631,0
205,30,0.3756122291088104,0
205,31,-0.06838911771774292,0
205,32,-0.6926213502883911,0
205,33,-0.7984538078308105,0
205,34,-0.34480926394462585,0
205,35,-0.23380126059055328,0
205,36,-0.2835948169231415,0
205,37,-0.15399375557899475,0
205,38,0.10511157661676407,0
205,39,-0.4755624830722809,0
205,40,-0.13539330661296844,0
205,41,-0.6237995028495789,0
205,42,0.7079236507415771,0
205,43,-0.4943009316921234,0
205,44,0.12937213480472565,0
205,45,-0.4892154037952423,0
205,46,-0.04559166729450226,0
205,47,-0.6630470752716064,0
205,48,-0.12266572564840317,0
205,49,0.4723667502403259,0
205,50,-0.7362334132194519,0
205,51,-0.25276485085487366,0
205,52,-0.27528372406959534,0
205,53,-0.1680794209241867,0
205,54,0.1634787619113922,0
205,55,-0.7494270205497742,0
205,56,-0.7253402471542358,0
205,57,-0.1527251899242401,0
205,58,-0.7085829377174377,0
205,59,-0.13165651261806488,0
205,60,0.554897129535675,0
205,61,1.1875027418136597,0
205,62,0.4759977161884308,0
205,63,0.2639688551425934,0
205,64,0.09867395460605621,0
205,65,0.7178587913513184,0
205,66,0.47507625818252563,0
205,67,-0.6130254864692688,0
205,68,0.3190310597419739,0
205,69,0.758077085018158,0
205,70,0.3498137891292572,0
205,71,0.1365486979484558,0
205,72,0.958236038684845,0
205,73,0.02375488355755806,0
205,74,0.7620527744293213,0
205,75,-0.06900351494550705,0
205,76,0.30706655979156494,0
205,77,-0.46093061566352844,0
205,78,0.9286327958106995,0
205,79,1.0617656707763672,0
205,80,-0.03801688551902771,0
205,81,0.4165678322315216,0
205,82,-1.1970674991607666,0
205,83,-0.07776463776826859,0
205,84,-0.634401261806488,0
205,85,0.3026209771633148,0
205,86,0.43131497502326965,0
205,87,0.31591400504112244,0
205,88,0.14904934167861938,0
205,89,0.5068190693855286,0
205,90,0.1137809008359909,0
205,91,0.3886708617210388,0
205,92,0.2649042308330536,0
205,93,0.19614462554454803,0
205,94,-0.09703881293535233,0
205,95,1.0008221864700317,0
205,96,0.8708807826042175,0
205,97,0.6187020540237427,0
205,98,1.0067514181137085,0
205,99,1.9349615573883057,0
205,100,-0.13548071682453156,0
205,101,0.09508038312196732,0
205,102,0.24640518426895142,0
205,103,1.1225477457046509,0
205,104,-0.23732176423072815,0
205,105,0.16703149676322937,0
205,106,0.18972685933113098,0
205,107,0.20511141419410706,0
205,108,-0.16004028916358948,0
205,109,-0.3190933167934418,0
205,110,-0.6249399781227112,0
205,111,-0.4652760922908783,0
205,112,-0.19572460651397705,0
205,113,-0.392752468585968,0
205,114,-0.0486849769949913,0
205,115,-0.0148905199021101,0
205,116,0.08817989379167557,0
205,117,0.7548070549964905,0
205,118,-0.3113779127597809,0
205,119,-0.07443325221538544,0
205,120,1.1954195499420166,0
205,121,-0.8553838729858398,0
205,122,0.20616398751735687,0
205,123,0.3762035667896271,0
205,124,0.31927818059921265,0
205,125,-0.2924592196941376,0
205,126,-0.0806703120470047,0
205,127,0.7073529362678528,0
205,128,-0.5346704125404358,0
205,129,-0.030890528112649918,0
205,130,0.2626735270023346,0
205,131,-0.36763322353363037,0
205,132,0.23033593595027924,0
205,133,0.9272641539573669,0
205,134,0.7093561887741089,0
205,135,0.09169410914182663,0
205,136,0.47766146063804626,0
205,137,-0.053140394389629364,0
205,138,0.09885703772306442,0
205,139,-0.04689941927790642,0
205,140,-0.16661329567432404,0
205,141,0.05059461295604706,0
205,142,0.237092524766922,0
205,143,0.45669519901275635,0
205,144,-0.156095951795578,0
205,145,0.4170015752315521,0
205,146,1.0311940908432007,0
205,147,-0.31310632824897766,0
205,148,0.7239636182785034,0
205,149,0.6725316643714905,0
205,150,0.34283626079559326,0
205,151,0.18189305067062378,0
205,152,0.5177217721939087,0
205,153,1.0943796634674072,0
205,154,0.10102757811546326,0
205,155,-0.21811601519584656,0
205,156,0.5079870820045471,0
205,157,-0.291151762008667,0
205,158,0.35656416416168213,0
205,159,-0.4421049952507019,0
205,160,-0.039158813655376434,0
205,161,-0.42180803418159485,0
205,162,0.46353498101234436,0
205,163,-0.37085580825805664,0
205,164,0.08634427934885025,0
205,165,-0.7004412412643433,0
205,166,0.6919012665748596,0
205,167,-0.27846765518188477,0
205,168,0.06971611082553864,0
205,169,-0.4792691171169281,0
205,170,-0.3604797422885895,0
205,171,1.115620732307434,0
205,172,-0.3173549771308899,0
205,173,0.964435875415802,0
205,174,0.30276069045066833,0
205,175,0.337568461894989,0
205,176,0.1308409720659256,0
205,177,0.4730817973613739,0
205,178,-0.6678197383880615,0
205,179,0.6685513854026794,0
205,180,-0.08294913172721863,0
205,181,0.08285264670848846,0
205,182,-0.816771924495697,0
205,183,0.561596155166626,0
205,184,0.3019447922706604,0
205,185,0.23166002333164215,0
205,186,0.27601850032806396,0
205,187,-0.05533256754279137,0
205,188,-1.1644818782806396,0
205,189,0.48565465211868286,0
205,190,-0.15174804627895355,0
205,191,-0.05661832541227341,0
205,192,0.5457660555839539,0
205,193,0.6534656286239624,0
205,194,-0.3625173270702362,0
205,195,0.10032232105731964,0
205,196,-0.13985228538513184,0
205,197,1.208847999572754,0
205,198,0.6857552528381348,0
205,199,0.2184528410434723,0
205,200,0.8304646015167236,0
205,201,0.147811159491539,0
205,202,0.7067844867706299,0
205,203,0.516425371170044,0
205,204,0.20421282947063446,0
205,205,-0.0633193850517273,0
205,206,-0.0037870050873607397,0
205,207,0.3717106878757477,0
205,208,0.30736684799194336,0
205,209,0.16593338549137115,0
205,210,0.9850927591323853,0
205,211,0.5846719741821289,0
205,212,0.6765424609184265,0
205,213,0.6572870016098022,0
205,214,0.8732370138168335,0
205,215,-0.6025956869125366,0
205,216,0.17126870155334473,0
205,217,0.5609671473503113,0
205,218,0.1255432367324829,0
205,219,1.0319033861160278,0
205,220,0.34923747181892395,0
205,221,0.645298421382904,0
205,222,-0.24741210043430328,0
205,223,0.12577302753925323,0
205,224,0.3529452085494995,0
205,225,0.6544438600540161,0
205,226,0.5454561710357666,0
205,227,0.14354738593101501,0
205,228,0.10158394277095795,0
205,229,0.39041537046432495,0
205,230,-0.31975990533828735,0
205,231,0.14710946381092072,0
205,232,0.044863104820251465,0
205,233,0.539985716342926,0
205,234,0.23947390913963318,0
205,235,1.0873591899871826,0
205,236,0.11194738745689392,0
205,237,0.3601934611797333,0
205,238,0.9508503675460815,0
205,239,0.9975048303604126,0
205,240,-0.7169430255889893,0
205,241,0.08978632837533951,0
205,242,1.0571321249008179,0
205,243,-0.4494107663631439,0
205,244,0.9289425015449524,0
205,245,0.5861771106719971,0
205,246,-0.21347686648368835,0
205,247,0.6236598491668701,0
205,248,1.213260531425476,0
205,249,-0.14074409008026123,0
205,250,-0.17851583659648895,0
205,251,-0.6570148468017578,0
205,252,-0.04565059021115303,0
205,253,-0.02452215924859047,0
205,254,-0.49228963255882263,0
205,255,-0.13399606943130493,0
205,256,0.18403103947639465,0
205,257,-0.21863532066345215,0
205,258,0.08953097462654114,0
205,259,-0.06837040930986404,0
205,260,-0.004143430385738611,0
205,261,-0.17003068327903748,0
205,262,-0.2813675105571747,0
205,263,0.12752686440944672,0
205,264,0.21130286157131195,0
205,265,-0.0370137020945549,0
205,266,0.3704122006893158,0
205,267,0.7128801345825195,0
205,268,0.8061327338218689,0
205,269,0.46015316247940063,0
205,270,-0.27330687642097473,0
205,271,0.03572428971529007,0
205,272,0.34284913539886475,0
205,273,-0.5409560799598694,0
205,274,-0.6861585378646851,0
205,275,-0.06289508938789368,0
205,276,-0.196990966796875,0
205,277,-0.1775982677936554,0
205,278,-0.9818360209465027,0
205,279,-0.17775414884090424,0
205,280,0.6981948018074036,0
205,281,1.955681324005127,0
205,282,0.25067833065986633,0
205,283,0.22199971973896027,0
205,284,-0.6986159086227417,0
205,285,0.2665610909461975,0
205,286,-0.22284790873527527,0
205,287,-0.3442690670490265,0
205,288,0.24649544060230255,0
205,289,0.8045299053192139,0
205,290,-0.13141171634197235,0
205,291,-0.15505313873291016,0
205,292,0.18310505151748657,0
205,293,-0.14984869956970215,0
205,294,-0.284483402967453,0
205,295,-0.75126051902771,0
205,296,0.1857900321483612,0
205,297,0.8613326549530029,0
205,298,0.5403790473937988,0
205,299,-0.4017215371131897,0
205,300,0.02209734357893467,0
205,301,0.238857239484787,0
205,302,0.13377346098423004,0
205,303,0.4443323612213135,0
205,304,-0.5273990631103516,0
205,305,0.2938078045845032,0
205,306,-1.3369660377502441,0
205,307,0.24327152967453003,0
205,308,-0.4241214394569397,0
205,309,0.36987966299057007,0
205,310,0.9620543718338013,0
205,311,-0.09967879951000214,0
205,312,0.28883302211761475,0
205,313,-0.48754313588142395,0
205,314,1.1795638799667358,0
205,315,0.1952490508556366,0
205,316,-0.08756143599748611,1
205,317,-0.556581437587738,0
205,318,0.61182701587677,0
205,319,0.9440050721168518,0
205,320,0.07682698220014572,0
205,321,-0.5038712024688721,0
205,322,0.16827844083309174,0
205,323,0.31519147753715515,0
205,324,0.7239075899124146,0
205,325,-0.5681240558624268,0
205,326,0.8491210341453552,0
205,327,0.4514171779155731,0
205,328,-0.7992369532585144,0
205,329,-0.2413531243801117,0
205,330,0.22567258775234222,1
205,331,-0.10861608386039734,0
205,332,0.4317157566547394,1
205,333,0.7193758487701416,0
205,334,-1.1024574041366577,0
205,335,-0.07170914858579636,0
205,336,0.10799498111009598,0
205,337,0.22409231960773468,0
205,338,-0.6279705762863159,0
205,339,0.06639250367879868,0
205,340,0.9552600383758545,0
205,341,-0.2624814510345459,0
205,342,-0.8944330215454102,0
205,343,0.1748211830854416,0
205,344,0.2888471782207489,0
205,345,-0.15367332100868225,0
205,346,-0.5123310089111328,0
205,347,0.22943896055221558,0
205,348,0.4562019407749176,0
205,349,-0.6276991963386536,0
205,350,-0.2075410932302475,0
205,351,0.18834151327610016,0
205,352,0.9046993851661682,0
205,353,-0.35928285121917725,0
205,354,0.16853374242782593,0
205,355,-0.27507340908050537,0
205,356,-0.07669348269701004,0
205,357,0.05442114919424057,0
205,358,0.1924266219139099,0
205,359,-0.17187537252902985,0
205,360,0.32305708527565,0
205,361,0.4877607226371765,0
205,362,-0.4939006268978119,0
205,363,-0.07622343301773071,0
205,364,0.2675824761390686,0
205,365,0.4647789001464844,0
205,366,-0.05904961749911308,0
205,367,0.4417016804218292,0
205,368,0.22681370377540588,0
205,369,-0.7372635006904602,0
205,370,-0.47484534978866577,0
205,371,0.39464178681373596,0
205,372,0.30693140625953674,0
205,373,-0.1787242889404297,0
205,374,0.04013710096478462,0
205,375,0.35932788252830505,0
205,376,-0.5657935738563538,0
205,377,-0.807628333568573,0
205,378,0.6111603379249573,0
205,379,0.6409821510314941,0
205,380,-0.18434762954711914,0
205,381,0.24124775826931,0
205,382,-0.6299086213111877,0
205,383,-0.5135188102722168,0
205,384,-0.44899052381515503,0
205,385,-0.18930424749851227,0
205,386,-0.18097057938575745,0
205,387,-0.036994025111198425,0
205,388,0.3935816287994385,0
205,389,0.08192502707242966,0
205,390,0.28678596019744873,0
205,391,-0.4647105932235718,0
205,392,-0.5004758834838867,0
205,393,-0.2876095771789551,0
205,394,-0.4140443205833435,0
205,395,-0.24766884744167328,0
205,396,0.3353220820426941,0
205,397,0.5395770072937012,0
205,398,0.07532279193401337,0
205,399,0.01971306838095188,0
205,400,0.013638843782246113,0
205,401,-0.6818893551826477,0
205,402,0.32848215103149414,0
205,403,0.8168806433677673,0
205,404,-0.04200829565525055,0
205,405,-0.6204954385757446,0
205,406,-0.2449808269739151,0
205,407,-0.06375794112682343,0
205,408,0.04309384152293205,0
205,409,0.02756882831454277,0
205,410,0.5116392970085144,0
205,411,-0.10371197760105133,0
205,412,-0.4000193774700165,0
205,413,0.44800689816474915,0
205,414,-0.4792829155921936,0
205,415,-0.15105053782463074,0
205,416,-0.3875073790550232,0
205,417,-0.5450828075408936,0
205,418,0.2518371641635895,0
205,419,0.8099682331085205,0
205,420,0.2193894237279892,0
205,421,-0.6687539219856262,0
205,422,0.35974836349487305,0
205,423,0.047128379344940186,0
205,424,0.8268794417381287,0
205,425,-0.28044649958610535,0
205,426,0.5095600485801697,0
205,427,0.06987807154655457,0
205,428,-0.23794905841350555,0
205,429,0.03587659075856209,0
205,430,0.35139116644859314,0
205,431,0.6535497307777405,0
205,432,0.2823096215724945,0
205,433,-0.16482573747634888,0
205,434,-0.2520167827606201,0
205,435,0.22458575665950775,0
205,436,-0.03385402634739876,0
205,437,0.18558959662914276,0
205,438,0.9135432243347168,0
205,439,-0.178303524851799,0
205,440,0.20295771956443787,0
205,441,-0.5437667965888977,0
205,442,-0.7878195643424988,0
205,443,0.7556806206703186,0
205,444,-0.36044609546661377,0
205,445,0.052761368453502655,0
205,446,0.22650209069252014,0
205,447,0.1548817753791809,0
205,448,0.45908933877944946,0
205,449,0.048614803701639175,0
205,450,0.4084451496601105,0
205,451,-0.3777877986431122,0
205,452,0.09124729037284851,0
205,453,0.5787025094032288,0
205,454,-0.3207955062389374,0
205,455,0.29075729846954346,0
205,456,0.6845023036003113,0
205,457,0.7888145446777344,0
205,458,-0.2888250946998596,0
205,459,-0.18634040653705597,0
205,460,-0.9184451699256897,0
205,461,0.04178125038743019,0
205,462,0.33390259742736816,0
205,463,-0.5563290119171143,0
205,464,-0.6763228178024292,0
205,465,-0.2016979604959488,0
205,466,-0.12569551169872284,0
205,467,-0.09226121008396149,0
205,468,-0.0832086130976677,0
205,469,-0.16799351572990417,0
205,470,-0.5307270288467407,0
205,471,0.04135248437523842,0
205,472,0.09649355709552765,0
205,473,-0.9527580142021179,0
205,474,-0.15774115920066833,0
205,475,0.140166774392128,0
205,476,0.2673116624355316,0
205,477,0.24434028565883636,0
205,478,0.4327070116996765,0
205,479,-0.6088324785232544,0
205,480,0.7009922862052917,0
205,481,0.7244407534599304,0
205,482,-0.3573160767555237,0
205,483,0.23996862769126892,0
205,484,0.37931621074676514,0
205,485,-0.46981069445610046,0
205,486,-0.7785128951072693,0
205,487,-0.3876911401748657,0
205,488,-0.3072175979614258,0
205,489,0.3380231261253357,0
205,490,-0.7491588592529297,0
205,491,-0.08199744671583176,0
205,492,-0.031549207866191864,0
205,493,0.540485680103302,0
205,494,-0.01293931994587183,0
205,495,-0.36547625064849854,0
205,496,-0.7885533571243286,0
205,497,0.3813250958919525,0
205,498,0.06866482645273209,0
205,499,0.12150079756975174,0
205,500,0.7933120727539062,0
205,501,-0.06158234924077988,0
205,502,0.5338113307952881,0
205,503,-0.31167006492614746,0
205,504,0.7790467143058777,0
205,505,-0.6207340955734253,0
205,506,0.26299864053726196,0
205,507,-0.3083180785179138,0
205,508,-0.18502286076545715,0
205,509,-0.4069196581840515,0
205,510,0.049211230129003525,0
205,511,-0.15302354097366333,0
205,512,0.44598257541656494,0
205,513,0.5471169948577881,0
205,514,-0.22928650677204132,0
205,515,0.5648258924484253,0
205,516,0.08858758211135864,0
205,517,0.4516241252422333,0
205,518,0.16991128027439117,0
205,519,0.6488185524940491,0
205,520,-0.41932007670402527,0
205,521,0.26334741711616516,0
205,522,-0.35944557189941406,0
205,523,-0.2511540949344635,0
205,524,-0.06989511102437973,0
205,525,0.6213899850845337,0
205,526,0.1421244889497757,0
205,527,0.4329744875431061,0
205,528,0.058793310075998306,0
205,529,-0.6428873538970947,0
205,530,0.4471118152141571,0
205,531,-0.2651742994785309,0
205,532,-0.31378552317619324,0
205,533,-0.25778335332870483,0
218,0,0.3639850914478302,0
218,1,-0.19016437232494354,0
218,2,-0.21436385810375214,0
218,3,-0.11013780534267426,0
218,4,0.1976739913225174,0
218,5,0.9981143474578857,0
218,6,0.3523141145706177,0
218,7,0.710232675075531,0
218,8,0.11808393895626068,0
218,9,-0.4697427451610565,0
218,10,0.02452831156551838,0
218,11,0.5826928615570068,0
218,12,0.4963339567184448,0
218,13,0.06223206967115402,0
218,14,-0.3180887699127197,0
218,15,-0.02921338938176632,0
218,16,0.4753817617893219,0
218,17,-0.3665234446525574,0
218,18,0.8629485368728638,0
218,19,-0.2539382576942444,0
218,20,-0.37320950627326965,0
218,21,-1.1668277978897095,0
218,22,-0.14254994690418243,0
218,23,0.22846022248268127,0
218,24,1.010838508605957,0
218,25,-1.1362801790237427,0
218,26,0.4786120057106018,0
218,27,0.699908435344696,0
218,28,0.49457427859306335,0
218,29,0.3903146982192993,0
218,30,1.3698399066925049,0
218,31,-0.20882734656333923,0
218,32,-0.8099929094314575,0
218,33,-1.2496674060821533,0
218,34,0.07634001970291138,0
218,35,-0.8323595523834229,0
218,36,-0.5075551271438599,0
218,37,1.4574984312057495,0
218,38,1.2332923412322998,0
218,39,-0.03450123220682144,0
218,40,0.3404274880886078,0
218,41,-1.2947286367416382,0
218,42,0.5874797105789185,0
218,43,-0.2203914225101471,0
218,44,0.9526073932647705,0
218,45,0.5156492590904236,0
218,46,-0.49329909682273865,0
218,47,0.21470364928245544,0
218,48,-0.028519276529550552,0
218,49,0.845546305179596,0
218,50,-0.257201224565506,0
218,51,-0.12505142390727997,0
218,52,-0.6433497071266174,0
218,53,-0.41700616478919983,0
218,54,0.4080851972103119,0
218,55,1.0581132173538208,0
218,56,0.9511487483978271,0
218,57,-0.039946362376213074,0
218,58,-0.6394703984260559,0
218,59,0.989482581615448,0
218,60,-0.39742034673690796,0
218,61,0.6573183536529541,0
218,62,0.9845858812332153,0
218,63,0.03732164204120636,0
218,64,0.34763413667678833,0
218,65,0.36160463094711304,0
218,66,0.5134270191192627,0
218,67,0.3515140414237976,0
218,68,1.1994762420654297,0
218,69,-0.9502670168876648,0
218,70,1.1913288831710815,0
218,71,0.8132364153862,0
218,72,1.3577972650527954,0
218,73,0.7772159576416016,0
218,74,1.0240297317504883,0
218,75,0.7623196840286255,0
218,76,-1.0753471851348877,0
218,77,0.6221810579299927,0
218,78,0.1509520560503006,0
218,79,0.3577937185764313,0
218,80,0.8257378339767456,0
218,81,1.2770106792449951,0
218,82,-0.15995697677135468,0
218,83,0.17937998473644257,0
218,84,0.6651150584220886,0
218,85,0.3806418478488922,0
218,86,0.8128823637962341,0
218,87,0.466881662607193,0
218,88,1.014290690422058,0
218,89,0.5244845747947693,0
218,90,0.6652431488037109,0
218,91,-0.36932075023651123,0
218,92,0.8877184987068176,0
218,93,0.31873348355293274,0
218,94,0.7092254161834717,0
218,95,-0.1860763132572174,0
218,96,1.2501192092895508,0
218,97,0.6535167098045349,0
218,98,0.5042676329612732,0
218,99,0.4691840410232544,0
218,100,0.8753501772880554,0
218,101,1.5342586040496826,0
218,102,0.7304772734642029,0
218,103,0.6312748193740845,0
218,104,-0.09594295918941498,0
218,105,0.584383487701416,0
218,106,-0.12246008217334747,0
218,107,0.19826027750968933,0
218,108,0.27319350838661194,0
218,109,0.46920081973075867,0
218,110,-0.785521388053894,0
218,111,0.507328987121582,0
218,112,1.4910870790481567,0
218,113,-0.4903765320777893,0
218,114,0.5708960294723511,0
218,115,1.2296342849731445,0
218,116,0.8603763580322266,0
218,117,0.7796897292137146,0
218,118,-0.4086548984050751,0
218,119,0.9872989654541016,0
218,120,0.07605063170194626,0
218,121,-0.9228456616401672,0
218,122,0.8255361318588257,0
218,123,-0.7965953946113586,0
218,124,0.5398475527763367,0
218,125,0.3292769491672516,0
218,126,0.5863178968429565,0
218,127,1.936900019645691,0
218,128,-0.18634986877441406,0
218,129,0.6937862038612366,0
218,130,0.6816587448120117,0
218,131,1.2340481281280518,0
218,132,-0.4864119589328766,0
218,133,0.5452873110771179,0
218,134,-0.01763886772096157,0
218,135,1.0099083185195923,0
218,136,-0.25339511036872864,0
218,137,0.7468843460083008,0
218,138,0.7779026627540588,0
218,139,0.6414642930030823,0
218,140,0.2545766532421112,0
218,141,1.17666757106781,0
218,142,0.47800514101982117,0
218,143,-0.0628475546836853,0
218,144,1.3354676961898804,0
218,145,0.09663175046443939,0
218,146,0.7817085385322571,0
218,147,0.8927286267280579,0
218,148,-0.24460044503211975,0
218,149,0.18452073633670807,0
218,150,0.3224768340587616,0
218,151,0.41756507754325867,0
218,152,0.4465232491493225,0
218,153,0.4169583022594452,0
218,154,0.6204373836517334,0
218,155,-0.32330507040023804,0
218,156,0.7974547147750854,0
218,157,-0.1207033172249794,0
218,158,0.29213783144950867,0
218,159,-0.3633391559123993,0
218,160,-0.0808313712477684,0
218,161,-0.06824991106987,0
218,162,-0.08512300997972488,0
218,163,-0.515330970287323,0
218,164,-1.2623757123947144,0
218,165,0.7542388439178467,0
218,166,-0.056389808654785156,0
218,167,0.13767680525779724,0
218,168,-0.07035842537879944,0
218,169,0.5000807642936707,0
218,170,-0.6081739664077759,0
218,171,0.47348451614379883,0
218,172,0.14501595497131348,0
218,173,-0.3966016173362732,0
218,174,1.081834077835083,0
218,175,0.2871701419353485,0
218,176,0.5775924324989319,0
218,177,-0.6777664422988892,0
218,178,0.434541255235672,0
218,179,0.8944918513298035,0
218,180,0.4187709093093872,0
218,181,1.0859662294387817,0
218,182,-0.07424534112215042,0
218,183,0.9638795852661133,0
218,184,0.14021022617816925,0
218,185,-0.3118407726287842,0
218,186,-0.08666066080331802,0
218,187,-1.2812587022781372,0
218,188,-0.7914590835571289,0
218,189,0.9020964503288269,0
218,190,-0.9689859747886658,0
218,191,0.31827807426452637,0
218,192,0.4842815399169922,0
218,193,0.6527806520462036,0
218,194,0.5733332633972168,0
218,195,1.0097405910491943,0
218,196,0.4750010371208191,0
218,197,-0.1858842819929123,0
218,198,-0.8894757032394409,0
218,199,0.6330825686454773,0
218,200,0.25373098254203796,0
218,201,-0.5124859809875488,0
218,202,0.42290976643562317,0
218,203,0.5105201601982117,0
218,204,0.6786336898803711,0
218,205,-0.33596035838127136,0
218,206,0.08645769953727722,0
218,207,0.16564451158046722,0
218,208,-0.6850003004074097,0
218,209,-0.348574161529541,0
218,210,-0.3689405620098114,0
218,211,-0.2027917355298996,0
218,212,-0.269502192735672,0
218,213,1.5167185068130493,0
218,214,0.0946660190820694,0
218,215,0.047674402594566345,0
218,216,0.9202443361282349,0
218,217,-0.08846987783908844,0
218,218,0.6163482666015625,0
218,219,0.9894148707389832,0
218,220,0.6216112971305847,0
218,221,-0.7843101620674133,0
218,222,0.5724400877952576,0
218,223,0.26290827989578247,0
218,224,0.975470781326294,0
218,225,1.0993177890777588,0
218,226,-0.44654977321624756,0
218,227,0.42592868208885193,0
218,228,0.05741429701447487,0
218,229,0.6860235333442688,0
218,230,0.5067806839942932,0
218,231,0.1257152110338211,0
218,232,-0.1029077023267746,0
218,233,0.31554028391838074,0
218,234,0.5196301937103271,0
218,235,0.7792503833770752,0
218,236,0.9372125267982483,0
218,237,0.4113745391368866,0
218,238,0.047505125403404236,0
218,239,0.1489604264497757,0
218,240,-0.7169263362884521,0
218,241,-0.2829000949859619,0
218,242,-0.381891131401062,0
218,243,0.9736067056655884,0
218,244,-0.05069218575954437,0
218,245,0.12056619673967361,0
218,246,-0.1153043657541275,0
218,247,0.5853716135025024,0
218,248,-0.7728071808815002,0
218,249,0.8326339721679688,0
218,250,-0.4992986023426056,0
218,251,-0.6926235556602478,0
218,252,0.474802702665329,0
218,253,0.6351310610771179,0
218,254,-0.5785813927650452,0
218,255,-0.2697361707687378,0
218,256,-1.1655160188674927,0
218,257,0.40312936902046204,0
218,258,-0.2914617657661438,0
218,259,-0.8718675971031189,0
218,260,-0.2174379527568817,0
218,261,-0.3480682373046875,0
218,262,-0.8348569273948669,0
218,263,-0.1523367464542389,0
218,264,-0.4528408944606781,0
218,265,-0.9097405076026917,0
218,266,-0.06209513917565346,0
218,267,0.046243369579315186,0
218,268,-0.004621172323822975,0
218,269,1.3603914976119995,0
218,270,0.19964158535003662,0
218,271,0.8613817691802979,0
218,272,0.12796944379806519,0
218,273,-0.3651313781738281,0
218,274,-0.4741712212562561,0
218,275,0.08545562624931335,0
218,276,0.431629478931427,0
218,277,0.33511656522750854,0
218,278,0.6956008076667786,0
218,279,0.016897203400731087,0
218,280,0.4734369218349457,0
218,281,-0.20436646044254303,0
218,282,2.350945472717285,0
218,283,0.9084674119949341,0
218,284,0.871620237827301,0
218,285,0.28964975476264954,0
218,286,0.955668032169342,0
218,287,-0.7341240048408508,0
218,288,0.6562045812606812,0
218,289,-0.1346244215965271,0
218,290,-0.24205122888088226,0
218,291,0.42867985367774963,0
218,292,0.8275526762008667,0
218,293,0.7679304480552673,0
218,294,0.4773966372013092,0
218,295,0.3273898959159851,0
218,296,0.45604637265205383,0
218,297,0.5903459787368774,0
218,298,-0.8886606693267822,0
218,299,-0.27246275544166565,0
218,300,-0.41808024048805237,0
218,301,0.05203157663345337,0
218,302,-0.13271485269069672,0
218,303,0.7279853224754333,0
218,304,0.7613568902015686,0
218,305,-0.34755730628967285,0
218,306,-0.15211325883865356,0
218,307,0.06860066205263138,0
218,308,-0.40280938148498535,0
218,309,-0.579965353012085,0
218,310,0.15450894832611084,0
218,311,0.22412288188934326,0
218,312,-0.6889111399650574,0
218,313,-0.011180223897099495,0
218,314,0.16926079988479614,0
218,315,0.22391140460968018,0
218,316,0.4598385691642761,1
218,317,-0.03621436282992363,0
218,318,-0.23963333666324615,0
218,319,-0.40815967321395874,0
218,320,0.940025806427002,0
218,321,-0.4209301769733429,0
218,322,0.3197200298309326,0
218,323,-0.5015147924423218,0
218,324,-0.38155892491340637,0
218,325,0.5011518001556396,0
218,326,1.629112720489502,0
218,327,-0.599806010723114,0
218,328,0.22869761288166046,0
218,329,0.8227952718734741,0
218,330,-0.6180469989776611,1
218,331,1.1795637607574463,0
218,332,-0.4075097143650055,1
218,333,0.12025491893291473,0
218,334,-0.12801465392112732,0
218,335,-0.2449513077735901,0
218,336,-0.002777918241918087,0
218,337,0.769821286201477,0
218,338,1.160901665687561,0
218,339,0.7133992314338684,0
218,340,0.038993507623672485,0
218,341,1.1287739276885986,0
218,342,1.287106990814209,0
218,343,-0.6005291938781738,0
218,344,0.6525928378105164,0
218,345,0.8580189943313599,0
218,346,-0.9549652934074402,0
218,347,-0.2403736263513565,0
218,348,0.5718036890029907,0
218,349,0.4116637706756592,0
218,350,0.8754705786705017,0
218,351,-0.15371578931808472,0
218,352,-0.12135385721921921,0
218,353,0.8477879762649536,0
218,354,0.14867287874221802,0
218,355,0.40360227227211,0
218,356,0.12262161821126938,0
218,357,0.053276561200618744,0
218,358,-0.26567330956459045,0
218,359,-0.31900179386138916,0
218,360,1.3309599161148071,0
218,361,-0.5457092523574829,0
218,362,0.6913036108016968,0
218,363,0.3096069395542145,0
218,364,0.5077959895133972,0
218,365,0.06324587017297745,0
218,366,0.3137485980987549,0
218,367,-0.71171635389328,0
218,368,0.4309001564979553,0
218,369,0.4459923505783081,0
218,370,0.8606030344963074,0
218,371,0.19147200882434845,0
218,372,0.4127940833568573,0
218,373,0.3278624713420868,0
218,374,0.7328845858573914,0
218,375,-0.09031502902507782,0
218,376,0.7150672078132629,0
218,377,-0.2752813994884491,0
218,378,-0.5074490904808044,0
218,379,0.9785157442092896,0
218,380,0.9402056932449341,0
218,381,-0.04395296797156334,0
218,382,1.0122182369232178,0
218,383,0.05058205872774124,0
218,384,0.854167640209198,0
218,385,0.2667606472969055,0
218,386,1.410373330116272,0
218,387,-0.33101707696914673,0
218,388,1.2947561740875244,0
218,389,0.2934505045413971,0
218,390,-0.09204446524381638,0
218,391,-1.3182839155197144,0
218,392,-0.47669294476509094,0
218,393,-0.007352602202445269,0
218,394,0.19981591403484344,0
218,395,0.11760734021663666,0
218,396,0.7728880643844604,0
218,397,-0.2515045702457428,0
218,398,1.098502516746521,0
218,399,0.08677588403224945,0
218,400,0.8760697841644287,0
218,401,0.284027636051178,0
218,402,0.2162475436925888,0
218,403,0.995997428894043,0
218,404,-0.6044408082962036,0
218,405,0.35207611322402954,0
218,406,-0.3262680172920227,0
218,407,0.443380743265152,0
218,408,0.6378053426742554,0
218,409,0.8689916729927063,0
218,410,-0.22475889325141907,0
218,411,-0.5199322700500488,0
218,412,0.6741234064102173,0
218,413,-0.31227025389671326,0
218,414,0.7352325320243835,0
218,415,1.0566152334213257,0
218,416,0.763161301612854,0
218,417,-0.39852315187454224,0
218,418,0.5839882493019104,0
218,419,0.08369427919387817,0
218,420,0.23166856169700623,0
218,421,-0.9716923236846924,0
218,422,-0.26989856362342834,0
218,423,1.0482594966888428,0
218,424,-0.5158326625823975,0
218,425,0.670336127281189,0
218,426,0.12983031570911407,0
218,427,0.8179845809936523,0
218,428,1.3683924674987793,0
218,429,1.6856235265731812,0
218,430,0.5968515872955322,0
218,431,0.9522297382354736,0
218,432,0.4091787040233612,0
218,433,0.0555836521089077,0
218,434,0.9336336255073547,0
218,435,-0.31784287095069885,0
218,436,0.7878318428993225,0
218,437,-0.04672401025891304,0
218,438,0.29038068652153015,0
218,439,0.6733800768852234,0
218,440,0.05838842689990997,0
218,441,-0.6649909019470215,0
218,442,-0.17437952756881714,0
218,443,-0.7634822130203247,0
218,444,0.5855388045310974,0
218,445,1.5338588953018188,0
218,446,-0.18660955131053925,0
218,447,0.4989815652370453,0
218,448,0.6125924587249756,0
218,449,0.8957195281982422,0
218,450,1.6397452354431152,0
218,451,0.7043551206588745,0
218,452,0.6301671862602234,0
218,453,-0.170693501830101,0
218,454,0.8891292810440063,0
218,455,0.15667468309402466,0
218,456,0.8743472695350647,0
218,457,-0.11261752247810364,0
218,458,0.29492127895355225,0
218,459,0.33057892322540283,0
218,460,0.04871788248419762,0
218,461,1.2321747541427612,0
218,462,-0.2838728427886963,0
218,463,0.6246476173400879,0
218,464,0.9410984516143799,0
218,465,0.1868494153022766,0
218,466,-0.4956966042518616,0
218,467,0.2505723237991333,0
218,468,0.5729179382324219,0
218,469,0.584664523601532,0
218,470,0.8255483508110046,0
218,471,0.5411937832832336,0
218,472,0.5187956094741821,0
218,473,0.3938314914703369,0
218,474,0.2237613946199417,0
218,475,-0.9140020608901978,0
218,476,1.3763090372085571,0
218,477,0.8146056532859802,0
218,478,0.116401307284832,0
218,479,0.4173552691936493,0
218,480,0.8168800473213196,0
218,481,0.4361253082752228,0
218,482,0.7244606614112854,0
218,483,0.06949421018362045,0
218,484,-0.1322958618402481,0
218,485,0.7845844626426697,0
218,486,0.9941220283508301,0
218,487,0.050129588693380356,0
218,488,0.6423566937446594,0
218,489,-0.02299089916050434,0
218,490,0.9216436743736267,0
218,491,0.4277001917362213,0
218,492,-0.5668599009513855,0
218,493,-0.5711948275566101,0
218,494,0.43211185932159424,0
218,495,-0.5992724895477295,0
218,496,0.5027109384536743,0
218,497,1.2071455717086792,0
218,498,-0.2212972342967987,0
218,499,-0.6448038220405579,0
218,500,-0.430253267288208,0
218,501,0.19246001541614532,0
218,502,0.7682561874389648,0
218,503,0.598518431186676,0
218,504,-0.07287207245826721,0
218,505,0.6356988549232483,0
218,506,0.8519667983055115,0
218,507,-0.26955103874206543,0
218,508,-0.1893981397151947,0
218,509,1.1058261394500732,0
218,510,-0.2319868952035904,0
218,511,1.442594289779663,0
218,512,-0.39600831270217896,0
218,513,-0.17191605269908905,0
218,514,0.31646010279655457,0
218,515,0.4162384569644928,0
218,516,0.267205148935318,0
218,517,-0.04738716408610344,0
218,518,-0.3093224763870239,0
218,519,0.2669149935245514,0
218,520,0.37138038873672485,0
218,521,0.00020771482377313077,0
218,522,0.502629816532135,0
218,523,0.18611262738704681,0
218,524,0.5559835433959961,0
218,525,0.8930550217628479,0
218,526,0.5534935593605042,0
218,527,-0.07839199900627136,0
218,528,0.8319399952888489,0
218,529,0.09592285752296448,0
218,530,-0.27649861574172974,0
218,531,0.6534457802772522,0
218,532,0.15480656921863556,0
218,533,1.2124446630477905,0
219,0,0.1260843276977539,0
219,1,0.04671051353216171,0
219,2,-0.4663694500923157,0
219,3,-0.4024913012981415,0
219,4,-0.24802470207214355,0
219,5,0.17151914536952972,0
219,6,-0.016432875767350197,0
219,7,0.6792852878570557,0
219,8,-0.3718295991420746,0
219,9,-0.20785953104496002,0
219,10,0.07160431146621704,0
219,11,0.5861880779266357,0
219,12,0.1460006684064865,0
219,13,0.3132346272468567,0
219,14,-0.09741801023483276,0
219,15,-0.20328867435455322,0
219,16,0.5633952617645264,0
219,17,-0.47504478693008423,0
219,18,-0.23231999576091766,0
219,19,-0.25245943665504456,0
219,20,-0.5422319769859314,0
219,21,0.08410006016492844,0
219,22,0.39766862988471985,0
219,23,0.24289937317371368,0
219,24,0.7707340121269226,0
219,25,-0.17184339463710785,0
219,26,0.18126064538955688,0
219,27,0.32019683718681335,0
219,28,-0.15590554475784302,0
219,29,-0.09743855148553848,0
219,30,0.06717424094676971,0
219,31,0.3801451325416565,0
219,32,0.24094891548156738,0
219,33,-0.28311285376548767,0
219,34,0.38252341747283936,0
219,35,-0.24081887304782867,0
219,36,0.7725017070770264,0
219,37,0.47574669122695923,0
219,38,0.32654932141304016,0
219,39,0.1706209033727646,0
219,40,0.6914476752281189,0
219,41,0.08301834017038345,0
219,42,0.719757616519928,0
219,43,0.041269171983003616,0
219,44,0.5522513389587402,0
219,45,0.1405390352010727,0
219,46,0.3773438334465027,0
219,47,-0.16636718809604645,0
219,48,-0.0025267219170928,0
219,49,0.017699450254440308,0
219,50,0.4385313391685486,0
219,51,-0.37797555327415466,0
219,52,-0.36816275119781494,0
219,53,0.2658032774925232,0
219,54,0.3381102681159973,0
219,55,0.38635778427124023,0
219,56,0.6007820963859558,0
219,57,0.3467518389225006,0
219,58,0.4328840970993042,0
219,59,0.787204384803772,0
219,60,-0.13430911302566528,0
219,61,-0.4149540960788727,0
219,62,-0.2738471031188965,0
219,63,0.2619580626487732,0
219,64,0.1915222853422165,0
219,65,0.20041505992412567,0
219,66,-0.28427448868751526,0
219,67,0.41023117303848267,0
219,68,0.30063679814338684,0
219,69,-0.9213225841522217,0
219,70,0.05351749435067177,0
219,71,0.965945303440094,0
219,72,-0.38040390610694885,0
219,73,0.3768734037876129,0
219,74,0.5164284110069275,0
219,75,0.14331606030464172,0
219,76,-0.19315606355667114,0
219,77,0.45730581879615784,0
219,78,-0.0018718969076871872,0
219,79,0.14115186035633087,0
219,80,0.6439201831817627,0
219,81,0.4548993408679962,0
219,82,0.435865581035614,0
219,83,-0.09828653931617737,0
219,84,0.6452568769454956,0
219,85,0.23989734053611755,0
219,86,0.04187178611755371,0
219,87,0.08191928267478943,0
219,88,0.8211143612861633,0
219,89,-0.018906693905591965,0
219,90,-0.546485185623169,0
219,91,-0.8721993565559387,0
219,92,0.27224022150039673,0
219,93,0.4695035517215729,0
219,94,-0.3391124904155731,0
219,95,-0.490674763917923,0
219,96,0.15507552027702332,0
219,97,0.0210616085678339,0
219,98,0.11251229047775269,0
219,99,-0.06255125254392624,0
219,100,-0.6016017198562622,0
219,101,0.28077974915504456,0
219,102,0.030577190220355988,0
219,103,0.3115745186805725,0
219,104,-0.25035759806632996,0
219,105,0.03635258227586746,0
219,106,-0.33028820157051086,0
219,107,0.08748006820678711,0
219,108,0.2248946875333786,0
219,109,0.3274204730987549,0
219,110,-0.03146130591630936,0
219,111,0.6784852743148804,0
219,112,0.6068241000175476,0
219,113,-0.15767452120780945,0
219,114,0.16501225531101227,0
219,115,0.500474214553833,0
219,116,-0.47192925214767456,0
219,117,-0.05422539263963699,0
219,118,-0.08650114387273788,0
219,119,1.0162338018417358,0
219,120,0.23283593356609344,0
219,121,0.040990911424160004,0
219,122,0.41094517707824707,0
219,123,-0.35938194394111633,0
219,124,0.19113540649414062,0
219,125,-0.4214547574520111,0
219,126,-0.20554529130458832,0
219,127,0.5408859252929688,0
219,128,-0.03467913344502449,0
219,129,1.1382924318313599,0
219,130,-0.15934687852859497,0
219,131,0.12678581476211548,0
219,132,0.6340816020965576,0
219,133,0.2035394161939621,0
219,134,0.19121484458446503,0
219,135,-0.08299988508224487,0
219,136,-0.37092000246047974,0
219,137,0.2778373658657074,0
219,138,0.4062800407409668,0
219,139,0.7751189470291138,0
219,140,-0.12682057917118073,0
219,141,0.06811388581991196,0
219,142,0.05959293618798256,0
219,143,-0.0014700504252687097,0
219,144,0.2966994643211365,0
219,145,0.17673952877521515,0
219,146,0.5074458718299866,0
219,147,0.08680287003517151,0
219,148,-0.23444414138793945,0
219,149,0.39903539419174194,0
219,150,-0.08049898594617844,0
219,151,-0.6050276756286621,0
219,152,-0.23176245391368866,0
219,153,-0.030452974140644073,0
219,154,0.5390272736549377,0
219,155,-0.25083982944488525,0
219,156,-0.17254523932933807,0
219,157,-0.03628794476389885,0
219,158,0.6490580439567566,0
219,159,0.30770963430404663,0
219,160,0.7139706611633301,0
219,161,0.11286568641662598,0
219,162,-0.6128448843955994,0
219,163,0.5379190444946289,0
219,164,-0.010412178002297878,0
219,165,0.27076753973960876,0
219,166,-0.14102011919021606,0
219,167,0.6102901697158813,0
219,168,-0.07633698731660843,0
219,169,0.04870583117008209,0
219,170,0.253492534160614,0
219,171,-0.237161785364151,0
219,172,0.48381680250167847,0
219,173,0.09984716773033142,0
219,174,0.3138437867164612,0
219,175,-0.495168000459671,0
219,176,0.06835255026817322,0
219,177,0.06433412432670593,0
219,178,0.015230524353682995,0
219,179,0.48492246866226196,0
219,180,0.023274850100278854,0
219,181,0.8810916543006897,0
219,182,0.5996437072753906,0
219,183,0.192338228225708,0
219,184,0.31057503819465637,0
219,185,0.037716928869485855,0
219,186,-0.006103321444243193,0
219,187,-0.45931476354599,0
219,188,-0.11719007045030594,0
219,189,0.09017322957515717,0
219,190,-0.3512914478778839,0
219,191,0.630048394203186,0
219,192,-0.2770839333534241,0
219,193,0.29413944482803345,0
219,194,0.3626103103160858,0
219,195,0.01494978740811348,0
219,196,0.6780089735984802,0
219,197,-0.5453868508338928,0
219,198,-0.3175327181816101,0
219,199,0.09911593049764633,0
219,200,-0.19002674520015717,0
219,201,-0.03521966189146042,0
219,202,-0.8404667973518372,0
219,203,-0.043954409658908844,0
219,204,-0.05268438905477524,0
219,205,-0.07886086404323578,0
219,206,0.1953548789024353,0
219,207,-0.17436134815216064,0
219,208,-0.05596397817134857,0
219,209,0.27103203535079956,0
219,210,-0.24254289269447327,0
219,211,-0.7645084261894226,0
219,212,0.05163322761654854,0
219,213,0.27063289284706116,0
219,214,-0.08169190585613251,0
219,215,0.10789254307746887,0
219,216,0.5035900473594666,0
219,217,-0.18598434329032898,0
219,218,-0.19710125029087067,0
219,219,-0.015951352193951607,0
219,220,-0.03281174600124359,0
219,221,-0.3902318477630615,0
219,222,0.41716358065605164,0
219,223,-0.6577396988868713,0
219,224,0.36980050802230835,0
219,225,-0.16526085138320923,0
219,226,-0.2993805706501007,0
219,227,-0.31757283210754395,0
219,228,0.007575683295726776,0
219,229,0.38004612922668457,0
219,230,0.42796748876571655,0
219,231,0.23226463794708252,0
219,232,0.2903943955898285,0
219,233,0.23426507413387299,0
219,234,0.17660017311573029,0
219,235,0.30330589413642883,0
219,236,0.46162518858909607,0
219,237,0.1910792589187622,0
219,238,-0.06197115406394005,0
219,239,-0.485380083322525,0
219,240,0.24386920034885406,0
219,241,-0.08010614663362503,0
219,242,-0.28108200430870056,0
219,243,0.9104639887809753,0
219,244,0.11645327508449554,0
219,245,-0.041682273149490356,0
219,246,-0.5622053742408752,0
219,247,0.26605159044265747,0
219,248,-0.4171355664730072,0
219,249,0.32622992992401123,0
219,250,0.2803487479686737,0
219,251,0.33727097511291504,0
219,252,0.19521157443523407,0
219,253,-0.8015868067741394,0
219,254,-0.4005678594112396,0
219,255,0.02304765209555626,0
219,256,-0.47916489839553833,0
219,257,-0.07757414877414703,0
219,258,-0.10581786930561066,0
219,259,-0.33640679717063904,0
219,260,0.4096664488315582,0
219,261,-0.6972782015800476,0
219,262,0.42088475823402405,0
219,263,-0.54071044921875,0
219,264,-0.02614300139248371,0
219,265,-0.2860584855079651,0
219,266,0.6198089718818665,0
219,267,-0.640337347984314,0
219,268,0.5318655967712402,0
219,269,0.5827186703681946,0
219,270,0.19471672177314758,0
219,271,-0.08874676376581192,0
219,272,0.5404047966003418,0
219,273,1.8994176387786865,0
219,274,-0.1923360675573349,0
219,275,-0.6470404267311096,0
219,276,0.35816022753715515,0
219,277,0.2559186816215515,0
219,278,-0.13737696409225464,0
219,279,0.3166510760784149,0
219,280,0.2725752592086792,0
219,281,-0.21340365707874298,0
219,282,0.3828720152378082,0
219,283,0.032140184193849564,0
219,284,0.1666165143251419,0
219,285,0.10916239023208618,0
219,286,0.437353253364563,0
219,287,-0.5359556674957275,0
219,288,0.17943590879440308,0
219,289,-0.171393483877182,0
219,290,0.1105712503194809,0
219,291,0.029438268393278122,0
219,292,0.587245762348175,0
219,293,0.4949903190135956,0
219,294,-0.13204123079776764,0
219,295,0.518639087677002,0
219,296,0.42279645800590515,0
219,297,-0.02417032979428768,0
219,298,0.7037679553031921,0
219,299,-0.2927881181240082,0
219,300,-0.37361541390419006,0
219,301,0.21439333260059357,0
219,302,0.028141159564256668,0
219,303,0.43100112676620483,0
219,304,0.6672888994216919,0
219,305,0.1869249790906906,0
219,306,-0.02564283274114132,0
219,307,-0.9073328971862793,0
219,308,-0.2793724238872528,1
219,309,-0.32928547263145447,0
219,310,0.12171610444784164,0
219,311,0.0060897101648151875,0
219,312,-0.8379170298576355,0
219,313,-0.2563309371471405,0
219,314,-0.04913545399904251,0
219,315,0.2829553186893463,0
219,316,-0.021975677460432053,0
219,317,-0.14472554624080658,0
219,318,-0.6718874573707581,0
219,319,-0.7964147329330444,0
219,320,0.7555720210075378,0
219,321,0.4467175006866455,0
219,322,0.5129395127296448,1
219,323,-0.5923778414726257,0
219,324,0.36566686630249023,1
219,325,0.22339937090873718,0
219,326,0.7293506860733032,0
219,327,0.14628629386425018,0
219,328,0.4101002514362335,0
219,329,0.6090883016586304,0
219,330,0.11347471177577972,0
219,331,0.8992828726768494,0
219,332,-0.10628283023834229,0
219,333,0.46718090772628784,0
219,334,-0.0011277957819402218,0
219,335,-0.1406341791152954,0
219,336,-0.6919641494750977,0
219,337,0.5989230275154114,0
219,338,0.6422097682952881,0
219,339,0.8187649846076965,0
219,340,0.16749513149261475,0
219,341,0.6989808082580566,0
219,342,0.7740076184272766,0
219,343,-0.65257328748703,0
219,344,0.5207053422927856,0
219,345,0.7970110774040222,0
219,346,-0.7601733207702637,0
219,347,0.14970864355564117,0
219,348,0.7382774949073792,0
219,349,0.003562130033969879,0
219,350,0.7850606441497803,0
219,351,-0.06612992286682129,0
219,352,-0.08285897225141525,0
219,353,-0.21127495169639587,0
219,354,0.6588395833969116,0
219,355,0.4690960943698883,0
219,356,0.1201522946357727,0
219,357,0.03898485004901886,0
219,358,0.30162352323532104,0
219,359,-0.7051119208335876,0
219,360,0.4732789993286133,0
219,361,0.49679404497146606,0
219,362,0.8300946354866028,0
219,363,0.16213299334049225,0
219,364,0.2716972529888153,0
219,365,0.033109504729509354,0
219,366,0.7518345713615417,0
219,367,-0.41236770153045654,0
219,368,-0.5930826663970947,0
219,369,-0.22527877986431122,0
219,370,1.027754545211792,0
219,371,0.4081900715827942,0
219,372,0.272553950548172,0
219,373,0.1626913994550705,0
219,374,0.2653537690639496,0
219,375,0.08289717137813568,0
219,376,0.6552561521530151,0
219,377,0.09728048741817474,0
219,378,-0.12408419698476791,0
219,379,0.5823487639427185,0
219,380,0.9523864984512329,0
219,381,-0.08200573176145554,0
219,382,0.6411848664283752,0
219,383,-0.22817490994930267,0
219,384,0.3088267147541046,0
219,385,-0.45429527759552,0
219,386,0.9746249318122864,0
219,387,0.5219931602478027,0
219,388,0.9494480490684509,0
219,389,-0.04903296381235123,0
219,390,-0.06270912289619446,0
219,391,-0.30013659596443176,0
219,392,0.02059423178434372,0
219,393,0.824312150478363,0
219,394,0.14712581038475037,0
219,395,0.5777679085731506,0
219,396,0.031230026856064796,0
219,397,-0.05543965846300125,0
219,398,0.8427926301956177,0
219,399,0.29400959610939026,0
219,400,0.09291714429855347,0
219,401,-0.232123002409935,0
219,402,-0.22429654002189636,0
219,403,0.871020495891571,0
219,404,-0.5011956095695496,0
219,405,0.05548941344022751,0
219,406,0.15813720226287842,0
219,407,0.17106345295906067,0
219,408,0.09575583040714264,0
219,409,0.3697572350502014,0
219,410,-0.5210714936256409,0
219,411,-0.6028681993484497,0
219,412,0.5110211968421936,0
219,413,0.5153706073760986,0
219,414,0.7634702920913696,0
219,415,0.6766549348831177,0
219,416,-0.3233528435230255,0
219,417,0.13430041074752808,0
219,418,0.3589363694190979,0
219,419,0.2572062909603119,0
219,420,-0.5206719040870667,0
219,421,0.11744701862335205,0
219,422,0.19712188839912415,0
219,423,0.3459521532058716,0
219,424,-0.20581309497356415,0
219,425,0.4553859233856201,0
219,426,-0.34130480885505676,0
219,427,-0.0492677241563797,0
219,428,-0.380464643239975,0
219,429,0.40969377756118774,0
219,430,0.7265192270278931,0
219,431,0.32575228810310364,0
219,432,-0.06866684556007385,0
219,433,-0.3340231776237488,0
219,434,0.24024638533592224,0
219,435,-0.5429191589355469,0
219,436,-0.006251665763556957,0
219,437,0.19676759839057922,0
219,438,0.23683014512062073,0
219,439,-0.03135550767183304,0
219,440,0.4791814982891083,0
219,441,0.351010262966156,0
219,442,0.41882461309432983,0
219,443,-0.13472920656204224,0
219,444,0.6911076307296753,0
219,445,0.5732982754707336,0
219,446,0.5021951794624329,0
219,447,0.031927190721035004,0
219,448,0.4908389151096344,0
219,449,0.543800413608551,0
219,450,0.17801199853420258,0
219,451,0.38766855001449585,0
219,452,-0.007738211192190647,0
219,453,-0.7503185868263245,0
219,454,0.8985903263092041,0
219,455,-0.1145436018705368,0
219,456,0.604347825050354,0
219,457,-0.8239086270332336,0
219,458,-0.13038454949855804,0
219,459,0.18692483007907867,0
219,460,-0.18826325237751007,0
219,461,0.09354067593812943,0
219,462,-0.21387320756912231,0
219,463,0.10540787875652313,0
219,464,-0.20986616611480713,0
219,465,0.4053180515766144,0
219,466,0.5112847089767456,0
219,467,0.7152648568153381,0
219,468,0.3054433763027191,0
219,469,-0.8183906078338623,0
219,470,0.5664409399032593,0
219,471,0.3496268391609192,0
219,472,0.1670079231262207,0
219,473,-0.053645819425582886,0
219,474,0.5992744565010071,0
219,475,0.4851377010345459,0
219,476,0.6993827223777771,0
219,477,-0.005771883763372898,0
219,478,0.07983539998531342,0
219,479,-0.3454274535179138,0
219,480,0.47156810760498047,0
219,481,0.5583061575889587,0
219,482,0.08172561228275299,0
219,483,1.1520849466323853,0
219,484,-0.03122001700103283,0
219,485,0.7818094491958618,0
219,486,0.5516314506530762,0
219,487,0.04297653213143349,0
219,488,0.6167027950286865,0
219,489,-0.5649885535240173,0
219,490,0.3796026408672333,0
219,491,0.843056857585907,0
219,492,0.48733919858932495,0
219,493,0.059707727283239365,0
219,494,0.5760787129402161,0
219,495,0.11742772907018661,0
219,496,0.34221500158309937,0
219,497,0.8898652791976929,0
219,498,0.6436414122581482,0
219,499,-0.4420456290245056,0
219,500,0.11204768717288971,0
219,501,0.8792092204093933,0
219,502,-0.14676599204540253,0
219,503,0.26171252131462097,0
219,504,-0.3818228542804718,0
219,505,0.2966917157173157,0
219,506,0.4794946610927582,0
219,507,0.13476808369159698,0
219,508,-0.09469906985759735,0
219,509,0.2741042971611023,0
219,510,0.3987067937850952,0
219,511,0.04077102243900299,0
219,512,0.43356361985206604,0
219,513,0.3993486166000366,0
219,514,-0.24742521345615387,0
219,515,0.8436046838760376,0
219,516,0.6577944755554199,0
219,517,0.022432556375861168,0
219,518,0.1498151272535324,0
219,519,0.2871173918247223,0
219,520,-0.5413909554481506,0
219,521,0.5064244866371155,0
219,522,0.3660086691379547,0
219,523,-0.036100104451179504,0
219,524,0.9299266338348389,0
219,525,0.8851940631866455,0
219,526,-0.35091057419776917,0
219,527,0.1227012351155281,0
219,528,0.6257467269897461,0
219,529,0.3946266174316406,0
219,530,0.6305863261222839,0
219,531,0.39460375905036926,0
219,532,-0.18024660646915436,0
219,533,0.8881038427352905,0
239,0,0.10269731283187866,0
239,1,0.20453181862831116,0
239,2,-0.1465686708688736,0
239,3,0.8105200529098511,0
239,4,0.0925893634557724,0
239,5,0.20982307195663452,0
239,6,0.4263685345649719,0
239,7,0.3573671877384186,0
239,8,0.9872258901596069,0
239,9,-0.03913269191980362,0
239,10,0.7571480870246887,0
239,11,0.7916809320449829,0
239,12,0.2532813847064972,0
239,13,0.15448758006095886,0
239,14,0.7773175835609436,0
239,15,-0.3553759455680847,0
239,16,0.33724284172058105,0
239,17,1.0470836162567139,0
239,18,0.6058128476142883,0
239,19,1.0267189741134644,0
239,20,0.2462303787469864,0
239,21,0.356139212846756,0
239,22,0.6918540000915527,0
239,23,0.4604164659976959,0
239,24,0.1903911828994751,0
239,25,0.5795438885688782,0
239,26,0.3323526084423065,0
239,27,0.6422412991523743,0
239,28,1.5284019708633423,0
239,29,1.0991382598876953,0
239,30,1.4087868928909302,0
239,31,-0.10003978759050369,0
239,32,0.043740883469581604,0
239,33,0.7002218961715698,0
239,34,0.13412059843540192,0
239,35,0.44746342301368713,0
239,36,-0.6233240962028503,0
239,37,0.916522204875946,0
239,38,-0.5113536715507507,0
239,39,0.7114080190658569,0
239,40,0.03243165835738182,0
239,41,-0.10730495303869247,0
239,42,0.08287286013364792,0
239,43,0.0297260582447052,0
239,44,0.4683621823787689,0
239,45,0.9337366819381714,0
239,46,-0.03782691806554794,0
239,47,0.3923236131668091,0
239,48,0.9801852107048035,0
239,49,-0.43711692094802856,0
239,50,-0.9944496154785156,0
239,51,0.6287265419960022,0
239,52,0.2126125991344452,0
239,53,0.5497705340385437,0
239,54,0.5927844643592834,0
239,55,0.5966364741325378,0
239,56,0.6210206747055054,0
239,57,-0.06243957206606865,0
239,58,0.3085913062095642,0
239,59,0.5646974444389343,0
239,60,0.682306706905365,0
239,61,0.8286169171333313,0
239,62,0.7346453666687012,0
239,63,0.09524574875831604,0
239,64,1.052443504333496,0
239,65,0.29323285818099976,0
239,66,0.8146997690200806,0
239,67,-0.11333601176738739,0
239,68,0.3885515034198761,0
239,69,1.2592029571533203,0
239,70,1.0278185606002808,0
239,71,0.5714355707168579,0
239,72,1.2906097173690796,0
239,73,1.0744661092758179,0
239,74,0.11672264337539673,0
239,75,0.9679999947547913,0
239,76,0.24052214622497559,0
239,77,0.20888137817382812,0
239,78,1.2793608903884888,0
239,79,0.660140335559845,0
239,80,0.4273960292339325,0
239,81,0.3222065567970276,0
239,82,-0.05491143465042114,0
239,83,-0.6651957631111145,0
239,84,0.03520624712109566,0
239,85,0.5679855942726135,0
239,86,0.7116081714630127,0
239,87,-0.161149799823761,0
239,88,0.8456708192825317,0
239,89,1.1068130731582642,0
239,90,0.5271994471549988,0
239,91,0.6698989868164062,0
239,92,0.8096177577972412,0
239,93,0.42485570907592773,0
239,94,-0.01243234146386385,0
239,95,1.1910312175750732,0
239,96,-0.07094842195510864,0
239,97,0.12412047386169434,0
239,98,0.8162214159965515,0
239,99,0.5284944176673889,0
239,100,1.021364688873291,0
239,101,0.5083123445510864,0
239,102,1.1624715328216553,0
239,103,0.6187652945518494,0
239,104,0.2660970389842987,0
239,105,1.0176751613616943,0
239,106,0.9294078350067139,0
239,107,-0.04292311891913414,0
239,108,0.4497079849243164,0
239,109,0.5409955382347107,0
239,110,0.04011155292391777,0
239,111,-0.030649499967694283,0
239,112,0.5720309615135193,0
239,113,-0.5430490970611572,0
239,114,0.4662981927394867,0
239,115,0.8717110753059387,0
239,116,0.7124549746513367,0
239,117,-0.18066328763961792,0
239,118,0.3883819282054901,0
239,119,1.0807613134384155,0
239,120,1.3536230325698853,0
239,121,0.6972150802612305,0
239,122,0.866828441619873,0
239,123,1.128846287727356,0
239,124,0.4781816005706787,0
239,125,0.3811577260494232,0
239,126,1.1228842735290527,0
239,127,1.3995426893234253,0
239,128,-0.45444777607917786,0
239,129,0.26969900727272034,0
239,130,-0.025435689836740494,0
239,131,0.74605393409729,0
239,132,0.44500917196273804,0
239,133,0.37638193368911743,0
239,134,0.8819620609283447,0
239,135,0.36374402046203613,0
239,136,-0.3670153319835663,0
239,137,0.21591705083847046,0
239,138,0.4827861785888672,0
239,139,0.04885967820882797,0
239,140,0.8827557563781738,0
239,141,0.5012631416320801,0
239,142,0.6396530270576477,0
239,143,0.6129067540168762,0
239,144,0.5403262376785278,0
239,145,1.0582716464996338,0
239,146,-0.3852751851081848,0
239,147,0.5957513451576233,0
239,148,0.6044122576713562,0
239,149,0.01979857310652733,0
239,150,0.8294690847396851,0
239,151,0.5763384699821472,0
239,152,0.47772225737571716,0
239,153,1.3974651098251343,0
239,154,0.3088974952697754,0
239,155,0.6911981701850891,0
239,156,0.7858136892318726,0
239,157,1.0018706321716309,0
239,158,0.3620912730693817,0
239,159,-0.30537980794906616,0
239,160,0.4342202842235565,0
239,161,0.01412247121334076,0
239,162,1.4390292167663574,0
239,163,0.6386889219284058,0
239,164,0.29745569825172424,0
239,165,0.2768949568271637,0
239,166,0.8212009072303772,0
239,167,-0.6930076479911804,0
239,168,1.0236142873764038,0
239,169,0.875665009021759,0
239,170,0.1774832159280777,0
239,171,0.6976268291473389,0
239,172,0.7279298901557922,0
239,173,0.3681788742542267,0
239,174,0.031388141214847565,0
239,175,0.3189367651939392,0
239,176,0.6086688041687012,0
239,177,0.28106459975242615,0
239,178,-0.05075670778751373,0
239,179,1.311213493347168,0
239,180,0.5485134720802307,0
239,181,0.2572454810142517,0
239,182,-0.26458635926246643,0
239,183,1.2333683967590332,0
239,184,0.1424715220928192,0
239,185,0.037967707961797714,0
239,186,0.04476045072078705,0
239,187,-0.13661156594753265,0
239,188,-0.3465336561203003,0
239,189,1.5489987134933472,0
239,190,0.04963149130344391,0
239,191,0.6319587826728821,0
239,192,0.616550624370575,0
239,193,-0.5333499312400818,0
239,194,0.546036422252655,0
239,195,1.175586462020874,0
239,196,0.7022190690040588,0
239,197,1.1898232698440552,0
239,198,1.0639315843582153,0
239,199,0.842650294303894,0
239,200,0.6968662738800049,0
239,201,-0.011842053383588791,0
239,202,0.8493722677230835,0
239,203,1.004798412322998,0
239,204,0.5729156136512756,0
239,205,0.3703852593898773,0
239,206,0.5172336101531982,0
239,207,0.7043044567108154,0
239,208,0.4134148359298706,0
239,209,0.23990704119205475,0
239,210,0.6386179327964783,0
239,211,0.7960115075111389,0
239,212,0.049496885389089584,0
239,213,0.7733094692230225,0
239,214,0.8833800554275513,0
239,215,0.5662252306938171,0
239,216,0.6662736535072327,0
239,217,-0.2727487087249756,0
239,218,0.40569910407066345,0
239,219,0.9846527576446533,0
239,220,0.8351313471794128,0
239,221,0.8452578783035278,0
239,222,0.7068967819213867,0
239,223,0.5457130670547485,0
239,224,1.202789068222046,0
239,225,0.29275184869766235,0
239,226,0.4531935453414917,0
239,227,-0.21166472136974335,0
239,228,-0.15123987197875977,0
239,229,0.5621336698532104,0
239,230,0.11156771332025528,0
239,231,0.04564521089196205,0
239,232,0.7018802762031555,0
239,233,1.2342098951339722,0
239,234,0.503821849822998,0
239,235,1.056986927986145,0
239,236,0.4434467554092407,0
239,237,-1.1710234880447388,0
239,238,0.7721497416496277,0
239,239,0.8626089692115784,0
239,240,-0.35529911518096924,0
239,241,1.1723650693893433,0
239,242,1.2183551788330078,0
239,243,0.32270386815071106,0
239,244,0.42186665534973145,0
239,245,0.5131608247756958,0
239,246,0.19611115753650665,0
239,247,0.7228159308433533,0
239,248,1.2896498441696167,0
239,249,0.5622789263725281,0
239,250,0.15575650334358215,0
239,251,-0.4146046042442322,0
239,252,-0.5220649242401123,0
239,253,0.2246515154838562,0
239,254,0.7290815711021423,0
239,255,0.3435043394565582,0
239,256,0.5702477097511292,0
239,257,-0.24844816327095032,0
239,258,-0.31402072310447693,0
239,259,-0.7695943117141724,0
239,260,-0.4878355860710144,0
239,261,-0.2767663598060608,0
239,262,-0.491654634475708,0
239,263,0.5587912201881409,0
239,264,-0.645979106426239,0
239,265,-0.3317720592021942,0
239,266,0.30288180708885193,0
239,267,-0.403441458940506,0
239,268,-0.07431726157665253,0
239,269,-0.3844474256038666,0
239,270,-0.4501587748527527,0
239,271,0.8733881115913391,0
239,272,1.2191849946975708,0
239,273,-0.0539352148771286,0
239,274,-0.28628790378570557,0
239,275,0.15061621367931366,0
239,276,-0.9360309839248657,0
239,277,-0.8577113747596741,0
239,278,0.4149115979671478,0
239,279,0.5100528001785278,0
239,280,0.6901178956031799,0
239,281,-0.3085915744304657,0
239,282,0.18941442668437958,0
239,283,-0.18188680708408356,0
239,284,1.0083997249603271,0
239,285,-0.8686050772666931,0
239,286,0.6873563528060913,0
239,287,0.3008284568786621,0
239,288,0.4246956408023834,0
239,289,0.28864604234695435,0
239,290,-0.41780775785446167,0
239,291,-0.20921942591667175,0
239,292,-0.32506823539733887,0
239,293,0.7150782346725464,1
239,294,0.17004863917827606,0
239,295,-1.0760773420333862,0
239,296,-0.924216091632843,0
239,297,1.8401315212249756,0
239,298,-0.3707788586616516,0
239,299,-0.01268481183797121,1
239,300,0.4682975709438324,0
239,301,0.133223757147789,0
239,302,0.7762442827224731,0
239,303,0.05793353170156479,0
239,304,-0.4218897521495819,0
239,305,0.39596402645111084,0
239,306,0.13160014152526855,0
239,307,0.24935129284858704,1
239,308,-0.3303318917751312,0
239,309,0.1700654774904251,1
239,310,-0.7147780656814575,0
239,311,0.22192712128162384,0
239,312,-0.014624398201704025,0
239,313,1.065791368484497,0
239,314,0.9336630702018738,1
239,315,-0.546743631362915,0
239,316,-0.014222605153918266,0
239,317,0.794301450252533,0
239,318,0.043620605021715164,0
239,319,0.056873299181461334,0
239,320,0.1717766970396042,0
239,321,-0.07625443488359451,0
239,322,-0.8195722699165344,0
239,323,0.09337335079908371,0
239,324,0.28822842240333557,0
239,325,-0.3001321256160736,0
239,326,0.43907761573791504,0
239,327,-0.21643051505088806,0
239,328,0.14676563441753387,0
239,329,-0.46890851855278015,0
239,330,0.2013084888458252,0
239,331,-0.06930089741945267,0
239,332,-0.7072213292121887,0
239,333,-0.323697954416275,0
239,334,0.6462173461914062,0
239,335,0.0015851788921281695,0
239,336,-0.0036780755035579205,0
239,337,0.33667927980422974,0
239,338,-0.11802041530609131,0
239,339,-0.5557378530502319,0
239,340,0.5156310796737671,0
239,341,0.027019696310162544,0
239,342,0.3301449418067932,0
239,343,-0.10843701660633087,0
239,344,-0.6675363779067993,0
239,345,0.21961496770381927,0
239,346,-0.7014899849891663,0
239,347,0.5846518874168396,0
239,348,-0.21724535524845123,0
239,349,0.06666596978902817,0
239,350,-0.8172328472137451,0
239,351,0.6549602150917053,0
239,352,1.0492112636566162,0
239,353,0.8244903087615967,0
239,354,-0.4288296103477478,0
239,355,-0.3453993797302246,0
239,356,-0.7166923880577087,0
239,357,0.5616006851196289,0
239,358,0.7099477648735046,0
239,359,0.6346136331558228,0
239,360,-0.39609700441360474,0
239,361,0.4374057352542877,0
239,362,-0.39945700764656067,0
239,363,0.3302840292453766,0
239,364,0.35008031129837036,0
239,365,0.6278133988380432,0
239,366,0.2900204062461853,0
239,367,-0.4197121560573578,0
239,368,0.42217400670051575,0
239,369,-0.5783774256706238,0
239,370,-0.6695217490196228,0
239,371,-1.0240346193313599,0
239,372,0.2608097493648529,0
239,373,0.12246894091367722,0
239,374,-1.0840015411376953,0
239,375,-0.5751165747642517,0
239,376,-0.0733010396361351,0
239,377,-0.6348000168800354,0
239,378,0.6497390866279602,0
239,379,0.2317553013563156,0
239,380,-0.08220691978931427,0
239,381,-0.7123875617980957,0
239,382,0.06440768390893936,0
239,383,-0.5807594060897827,0
239,384,0.4070073962211609,0
239,385,0.40452757477760315,0
239,386,0.19599834084510803,0
239,387,-0.5338321924209595,0
239,388,0.6595641374588013,0
239,389,0.2462625503540039,0
239,390,0.33798882365226746,0
239,391,-0.5238292813301086,0
239,392,-0.3484368622303009,0
239,393,-0.442872554063797,0
239,394,0.5576694011688232,0
239,395,-0.42854008078575134,0
239,396,0.9842715859413147,0
239,397,0.2672417163848877,0
239,398,0.584726095199585,0
239,399,-0.7212232351303101,0
239,400,-0.11982101202011108,0
239,401,0.11633361130952835,0
239,402,-0.22320260107517242,0
239,403,0.8138331770896912,0
239,404,0.38959023356437683,0
239,405,0.3705948293209076,0
239,406,0.06517024338245392,0
239,407,0.878757894039154,0
239,408,-0.19510413706302643,0
239,409,0.3591576814651489,0
239,410,-0.04434613883495331,0
239,411,-0.2098226398229599,0
239,412,0.23714938759803772,0
239,413,-1.2096784114837646,0
239,414,0.15813420712947845,0
239,415,-0.49638205766677856,0
239,416,0.4404917061328888,0
239,417,-0.707452118396759,0
239,418,0.9807849526405334,0
239,419,-0.7228368520736694,0
239,420,0.3798467218875885,0
239,421,0.07091992348432541,0
239,422,-0.1508994698524475,0
239,423,-0.42673811316490173,0
239,424,-0.031033208593726158,0
239,425,-0.19926810264587402,0
239,426,0.901358425617218,0
239,427,0.46356239914894104,0
239,428,1.2224857807159424,0
239,429,-0.0749836340546608,0
239,430,0.32051482796669006,0
239,431,-0.05445292592048645,0
239,432,0.7190085053443909,0
239,433,0.23343072831630707,0
239,434,0.09834356606006622,0
239,435,0.29998159408569336,0
239,436,-0.04231463000178337,0
239,437,-0.10913882404565811,0
239,438,0.00685723265632987,0
239,439,0.4301292300224304,0
239,440,-0.5789623856544495,0
239,441,-0.6832770705223083,0
239,442,0.789371907711029,0
239,443,-0.7097457647323608,0
239,444,0.4313240051269531,0
239,445,-0.24497291445732117,0
239,446,0.27931517362594604,0
239,447,0.789270281791687,0
239,448,-0.8110315203666687,0
239,449,-0.21605931222438812,0
239,450,0.4617420732975006,0
239,451,-0.13602682948112488,0
239,452,0.3379502296447754,0
239,453,0.23681144416332245,0
239,454,0.05105765908956528,0
239,455,-0.08055520057678223,0
239,456,-0.7412368655204773,0
239,457,-0.09155519306659698,0
239,458,0.44574517011642456,0
239,459,0.6112924218177795,0
239,460,0.31963014602661133,0
239,461,0.20927801728248596,0
239,462,-0.3975182771682739,0
239,463,0.026284558698534966,0
239,464,-0.16733841598033905,0
239,465,0.10565079748630524,0
239,466,-0.12944260239601135,0
239,467,-1.1310099363327026,0
239,468,-0.1928092986345291,0
239,469,0.27017027139663696,0
239,470,-0.4433254301548004,0
239,471,0.6756923198699951,0
239,472,0.27379369735717773,0
239,473,0.6833752393722534,0
239,474,0.7549524307250977,0
239,475,0.03640293329954147,0
239,476,-0.19128356873989105,0
239,477,0.5140480399131775,0
239,478,-0.8997568488121033,0
239,479,0.5462062954902649,0
239,480,-0.39440831542015076,0
239,481,-0.3937307596206665,0
239,482,0.005927146878093481,0
239,483,-0.34697118401527405,0
239,484,-1.067065954208374,0
239,485,-0.28450796008110046,0
239,486,0.8070134520530701,0
239,487,-0.23817221820354462,0
239,488,0.5048816204071045,0
239,489,-0.27598485350608826,0
239,490,0.1650814563035965,0
239,491,-0.08502767980098724,0
239,492,0.4702664911746979,0
239,493,-0.45102986693382263,0
239,494,0.23509414494037628,0
239,495,0.37040117383003235,0
239,496,0.6408658623695374,0
239,497,-0.766957700252533,0
239,498,0.34390348196029663,0
239,499,0.861950695514679,0
239,500,-0.11227016150951385,0
239,501,-0.015055009163916111,0
239,502,0.8215696215629578,0
239,503,0.6339953541755676,0
239,504,0.5199344754219055,0
239,505,0.4272105097770691,0
239,506,0.4930366277694702,0
239,507,-0.010729004628956318,0
239,508,0.1535724699497223,0
239,509,-0.33641353249549866,0
239,510,-0.6188989877700806,0
239,511,-0.3656616806983948,0
239,512,0.16101232171058655,0
239,513,-0.13412708044052124,0
239,514,-0.043502502143383026,0
239,515,-0.2993234694004059,0
239,516,-0.28382444381713867,0
239,517,-0.023871982470154762,0
239,518,-0.3956984877586365,0
239,519,-1.058581829071045,0
239,520,0.40546464920043945,0
239,521,-1.1054902076721191,0
239,522,0.09031935781240463,0
239,523,0.9102705121040344,0
239,524,-0.6030591130256653,0
239,525,-0.26035794615745544,0
239,526,0.35215669870376587,0
239,527,0.006826821248978376,0
239,528,-0.2330615371465683,0
239,529,0.05256173014640808,0
239,530,0.12195020169019699,0
239,531,-0.049000587314367294,0
239,532,-0.2681393027305603,0
239,533,-0.6964641213417053,0
