user_id,item_id,prediction,actual
14,0,0.1578879952430725,0
14,1,-0.45901182293891907,0
14,2,0.5615307688713074,0
14,3,-1.3172117471694946,0
14,4,0.0390189029276371,0
14,5,0.2874750792980194,0
14,6,0.5566615462303162,0
14,7,0.36078473925590515,0
14,8,-0.22300972044467926,0
14,9,0.05866028368473053,0
14,10,-0.10256890952587128,0
14,11,-0.017277376726269722,0
14,12,-0.5764411091804504,0
14,13,-0.1280234456062317,0
14,14,0.12614914774894714,0
14,15,-0.40342220664024353,0
14,16,-0.24860495328903198,0
14,17,0.3338215947151184,0
14,18,-0.20071819424629211,0
14,19,0.1123691126704216,0
14,20,0.10612780600786209,0
14,21,0.4235532283782959,0
14,22,-0.2101808786392212,0
14,23,-0.5410475134849548,0
14,24,-0.4685755670070648,0
14,25,-0.36948248744010925,0
14,26,0.48581933975219727,0
14,27,-0.2962038815021515,0
14,28,0.14035825431346893,0
14,29,0.026178866624832153,0
14,30,0.09334227442741394,0
14,31,0.34447985887527466,0
14,32,0.5332857966423035,0
14,33,-0.10404795408248901,0
14,34,-0.21233034133911133,0
14,35,0.28165745735168457,0
14,36,0.5337750911712646,0
14,37,0.6207073330879211,0
14,38,-0.9011627435684204,0
14,39,-0.7007036805152893,0
14,40,-0.37499237060546875,0
14,41,-0.00355567317456007,0
14,42,-0.6815523505210876,0
14,43,-0.04476404935121536,0
14,44,-0.7434634566307068,0
14,45,-0.2891034185886383,0
14,46,0.3376118838787079,0
14,47,0.48686206340789795,0
14,48,0.3308382034301758,0
14,49,-0.1542421281337738,0
14,50,0.20742598176002502,0
14,51,0.3895396292209625,0
14,52,-0.1322973370552063,0
14,53,-0.4282902181148529,0
14,54,0.1716444492340088,0
14,55,0.6888883113861084,0
14,56,0.5088438391685486,0
14,57,0.6652011871337891,0
14,58,-0.023432685062289238,0
14,59,-0.0033162999898195267,0
14,60,-0.6893631219863892,0
14,61,-0.3536949157714844,0
14,62,-0.6286011338233948,0
14,63,0.4337526857852936,0
14,64,-0.05388396978378296,0
14,65,-0.3184920847415924,0
14,66,1.1675868034362793,0
14,67,0.3593375086784363,0
14,68,0.07689041644334793,0
14,69,-0.9637551307678223,0
14,70,-0.35174262523651123,0
14,71,-0.5429651141166687,0
14,72,0.4541166424751282,0
14,73,0.6673076748847961,0
14,74,0.008291881531476974,0
14,75,0.3430676758289337,0
14,76,0.021821267902851105,0
14,77,-0.2216475009918213,0
14,78,-0.5726327896118164,0
14,79,0.11545615643262863,0
14,80,-0.7748834490776062,0
14,81,0.5673219561576843,0
14,82,0.2629741430282593,0
14,83,0.33378058671951294,0
14,84,-0.6222408413887024,0
14,85,-0.4257456362247467,0
14,86,-0.29982855916023254,0
14,87,0.5811198353767395,0
14,88,-0.6798382997512817,0
14,89,-0.016211388632655144,0
14,90,-0.3837343752384186,0
14,91,-0.561030387878418,0
14,92,0.08023504167795181,0
14,93,0.008001366630196571,0
14,94,0.7775400280952454,0
14,95,0.12392689287662506,0
14,96,0.3867826461791992,0
14,97,0.8323259353637695,0
14,98,0.2012433409690857,0
14,99,0.4352952539920807,0
14,100,-0.14265336096286774,0
14,101,-0.5608457326889038,0
14,102,0.522278368473053,0
14,103,-0.4092450737953186,0
14,104,0.027239954099059105,0
14,105,0.11217019706964493,0
14,106,1.227157473564148,0
14,107,-0.9464747905731201,0
14,108,0.0686039999127388,0
14,109,0.12367468327283859,0
14,110,0.5381370782852173,0
14,111,-0.3107702136039734,0
14,112,0.1957310140132904,0
14,113,-0.1732313632965088,0
14,114,-0.08118921518325806,0
14,115,-0.11518841981887817,0
14,116,0.4211135506629944,0
14,117,0.5977259278297424,0
14,118,0.49997636675834656,0
14,119,0.4417508840560913,0
14,120,0.21409818530082703,0
14,121,-0.34643861651420593,0
14,122,-0.4310390055179596,0
14,123,-0.5989031791687012,0
14,124,0.5298371315002441,0
14,125,0.13916383683681488,0
14,126,0.26881641149520874,0
14,127,-0.9643791913986206,0
14,128,0.05386147275567055,0
14,129,-0.3539876937866211,0
14,130,-0.45918193459510803,0
14,131,0.07216402143239975,0
14,132,-0.16489984095096588,0
14,133,-0.42050695419311523,0
14,134,0.3251919746398926,0
14,135,0.5316123962402344,0
14,136,-0.04276053607463837,0
14,137,-0.14851604402065277,0
14,138,-0.2702580392360687,0
14,139,0.7891502380371094,0
14,140,0.0793653130531311,0
14,141,-0.6983104348182678,0
14,142,0.3582029342651367,0
14,143,0.011251294985413551,0
14,144,-0.1760505586862564,0
14,145,0.09620895236730576,0
14,146,-0.2232142835855484,0
14,147,0.6314924359321594,0
14,148,-0.6275516152381897,0
14,149,0.1573009043931961,0
14,150,-0.08129061758518219,0
14,151,-0.653407633304596,0
14,152,-0.4166143834590912,0
14,153,-0.33480387926101685,0
14,154,0.43110883235931396,0
14,155,-0.21837732195854187,0
14,156,-0.010793679393827915,0
14,157,0.061489906162023544,0
14,158,0.02099359780550003,0
14,159,-0.9913085103034973,0
14,160,0.862870991230011,0
14,161,-0.14626190066337585,0
14,162,-0.37586894631385803,0
14,163,0.8083368539810181,0
14,164,0.11391770094633102,0
14,165,0.9559177756309509,0
14,166,-0.8193057775497437,0
14,167,-0.1653430014848709,0
14,168,0.861961305141449,0
14,169,1.2776706218719482,0
14,170,-0.26034465432167053,0
14,171,0.21423165500164032,0
14,172,-0.16521593928337097,0
14,173,0.19377478957176208,0
14,174,-0.6855183839797974,0
14,175,-0.8889136910438538,0
14,176,-0.38004907965660095,0
14,177,-0.41145411133766174,0
14,178,0.262002170085907,0
14,179,0.3954276740550995,0
14,180,-0.661773681640625,0
14,181,-0.9931370615959167,0
14,182,0.7237914204597473,0
14,183,-0.3227524161338806,0
14,184,-0.11811938136816025,0
14,185,-0.8175092339515686,0
14,186,0.6817265152931213,0
14,187,0.2485680878162384,0
14,188,1.053321123123169,0
14,189,-0.49113452434539795,0
14,190,-0.04975590109825134,0
14,191,0.22971780598163605,0
14,192,-0.22899876534938812,0
14,193,0.44114166498184204,0
14,194,0.25455641746520996,0
14,195,0.12439092993736267,0
14,196,0.38156288862228394,0
14,197,-0.08759472519159317,0
14,198,0.46869218349456787,0
14,199,0.2632960081100464,0
14,200,0.240245521068573,0
14,201,0.6188496947288513,0
14,202,0.00875136163085699,0
14,203,-0.14725282788276672,0
14,204,0.23200656473636627,0
14,205,0.1424282342195511,0
14,206,0.22539687156677246,0
14,207,0.08050922304391861,0
14,208,-0.5433772802352905,0
14,209,-0.6941038370132446,0
14,210,0.28939247131347656,0
14,211,-0.6636859178543091,0
14,212,-1.288901686668396,0
14,213,-0.5969646573066711,0
14,214,-0.45516157150268555,0
14,215,-0.480754017829895,0
14,216,-0.10706917196512222,0
14,217,-1.6784238815307617,0
14,218,0.7513556480407715,0
14,219,0.11891201138496399,0
14,220,0.1397869735956192,0
14,221,1.1132644414901733,0
14,222,-0.6109836101531982,0
14,223,-0.5196759104728699,0
14,224,-0.1037449836730957,0
14,225,0.14534002542495728,0
14,226,-0.16385014355182648,0
14,227,0.2019810974597931,0
14,228,0.698124885559082,0
14,229,-0.08397457003593445,0
14,230,-0.5639527440071106,0
14,231,0.49200597405433655,0
14,232,-0.09797344356775284,0
14,233,-1.075827717781067,0
14,234,-0.0392681322991848,0
14,235,0.5349161028862,0
14,236,-0.758174479007721,0
14,237,-0.31245777010917664,0
14,238,0.5818080306053162,0
14,239,-0.0588669516146183,0
14,240,0.0567883662879467,0
14,241,-0.23987779021263123,0
14,242,-0.08571930974721909,0
14,243,-0.21369971334934235,0
14,244,-0.30022117495536804,0
14,245,0.2568013072013855,0
14,246,0.18508756160736084,0
14,247,-0.7790170311927795,0
14,248,-0.9516059160232544,0
14,249,0.30152109265327454,0
14,250,-0.3987622857093811,0
14,251,0.13760042190551758,0
14,252,-0.34340324997901917,0
14,253,0.999933123588562,0
14,254,-0.8732372522354126,0
14,255,-0.8525388836860657,0
14,256,0.028235064819455147,0
14,257,-0.61753910779953,0
14,258,-0.6934926509857178,0
14,259,-0.48335862159729004,0
14,260,0.17296822369098663,0
14,261,0.3917713165283203,0
14,262,0.33784645795822144,0
14,263,0.3564368784427643,0
14,264,-0.38177698850631714,0
14,265,-0.4929317533969879,0
14,266,0.845794141292572,0
14,267,-0.1389250010251999,0
14,268,-0.29595285654067993,0
14,269,0.24575650691986084,0
14,270,0.22023525834083557,0
14,271,0.693317711353302,0
14,272,-0.102445587515831,0
14,273,0.008197855204343796,0
14,274,-0.21252816915512085,0
14,275,0.6342332363128662,0
14,276,-0.3813838064670563,0
14,277,-1.0124964714050293,0
14,278,-0.5419328212738037,0
14,279,-0.22234109044075012,0
14,280,0.058305323123931885,0
14,281,-0.4671328663825989,0
14,282,-0.42270392179489136,0
14,283,0.7207375764846802,0
14,284,0.8076889514923096,0
14,285,0.4799191355705261,0
14,286,0.051861684769392014,0
14,287,-0.4622996151447296,0
14,288,-0.41332876682281494,0
14,289,-0.18103212118148804,0
14,290,1.0948575735092163,0
14,291,-0.3430614173412323,0
14,292,-0.2616620659828186,0
14,293,-0.6131156086921692,0
14,294,-0.02608930878341198,0
14,295,0.10607673227787018,0
14,296,0.6398591995239258,0
14,297,-0.6188661456108093,0
14,298,-0.6327574849128723,0
14,299,0.2113349437713623,0
14,300,-0.1112358495593071,0
14,301,-0.0802220031619072,0
14,302,-1.1524146795272827,0
14,303,0.0610448457300663,0
14,304,0.5078490972518921,0
14,305,0.9109874963760376,0
14,306,-0.5531356930732727,0
14,307,0.6080886125564575,0
14,308,0.1615464985370636,0
14,309,-0.0005320733180269599,0
14,310,-1.047969937324524,0
14,311,1.2238787412643433,0
14,312,0.6377780437469482,0
14,313,1.2051186561584473,0
14,314,0.22589236497879028,0
14,315,-0.3351644277572632,0
14,316,-0.33398398756980896,0
14,317,-0.9429129958152771,0
14,318,-0.14794518053531647,0
14,319,0.5610200762748718,0
14,320,0.23244203627109528,0
14,321,-0.10946477949619293,0
14,322,0.36415767669677734,0
14,323,-0.39281177520751953,0
14,324,-0.7687373161315918,0
14,325,0.812224805355072,0
14,326,0.7048449516296387,0
14,327,0.3422980308532715,0
14,328,-0.15761348605155945,0
14,329,1.1364210844039917,0
14,330,0.4849836230278015,0
14,331,-0.4766422510147095,0
14,332,1.1278886795043945,0
14,333,-0.3206328749656677,0
14,334,-0.24613015353679657,0
14,335,1.4931920766830444,0
14,336,0.768920361995697,0
14,337,1.0405744314193726,0
14,338,-0.3868798017501831,0
14,339,-0.24857762455940247,0
14,340,-0.3589445948600769,0
14,341,-0.683929443359375,0
14,342,-0.10650794953107834,0
14,343,0.2416059672832489,0
14,344,0.48812755942344666,0
14,345,1.2238552570343018,0
14,346,0.6220089197158813,0
14,347,0.4708194136619568,0
14,348,-0.07674344629049301,0
14,349,0.5888100862503052,0
14,350,0.7711276412010193,0
14,351,0.9667065143585205,0
14,352,0.3575138747692108,0
14,353,0.2310594618320465,0
14,354,0.23216386139392853,0
14,355,1.2493360042572021,0
14,356,-0.8500379323959351,0
14,357,0.3144546151161194,0
14,358,-0.4492865800857544,0
14,359,-0.5696463584899902,0
14,360,-0.05962706357240677,0
14,361,0.7140433192253113,0
14,362,-0.554123044013977,0
14,363,0.4265156388282776,0
14,364,-0.6645603775978088,0
14,365,0.4178861975669861,0
14,366,-0.21281665563583374,0
14,367,0.2541193664073944,0
14,368,-0.3161468207836151,0
14,369,0.7046452760696411,0
14,370,-0.9825461506843567,0
14,371,-0.5092206001281738,0
14,372,0.6427614688873291,0
14,373,0.8844783902168274,0
14,374,-0.36782142519950867,0
14,375,1.2906451225280762,0
14,376,-0.022051777690649033,0
14,377,0.5747072696685791,0
14,378,0.16098329424858093,0
14,379,0.8067638278007507,0
14,380,0.4960591197013855,0
14,381,0.020619895309209824,0
14,382,0.6524858474731445,0
14,383,0.6210513710975647,0
14,384,0.00236592348664999,0
14,385,-0.048808030784130096,0
14,386,0.6951656937599182,0
14,387,1.3554458618164062,0
14,388,-0.10391969233751297,0
14,389,0.5481294393539429,0
14,390,-0.34772756695747375,0
14,391,-0.3213824927806854,0
14,392,0.4715351462364197,0
14,393,0.13450832664966583,0
14,394,-0.44447290897369385,0
14,395,0.7300077676773071,0
14,396,-0.5922861099243164,0
14,397,-0.2549337148666382,0
14,398,0.7844968438148499,0
14,399,-1.2319283485412598,0
14,400,-0.09796664863824844,0
14,401,-0.14075221121311188,0
14,402,-0.07877306640148163,0
14,403,0.40045830607414246,0
14,404,1.0877872705459595,0
14,405,0.19579225778579712,0
14,406,1.0207370519638062,0
14,407,1.14869225025177,1
14,408,1.2269173860549927,0
14,409,-0.25364959239959717,1
14,410,0.1606602817773819,0
14,411,0.4206273853778839,0
14,412,0.5154029130935669,0
14,413,-0.023227063938975334,0
14,414,0.12848910689353943,0
14,415,-0.15321455895900726,0
14,416,0.8907613754272461,0
14,417,0.932421863079071,0
14,418,-0.7337451577186584,0
14,419,-0.8800084590911865,0
14,420,0.37934568524360657,0
14,421,-0.3541960120201111,0
14,422,0.06088395044207573,0
14,423,-0.19831514358520508,0
14,424,-1.3392401933670044,0
14,425,0.48477378487586975,0
14,426,0.31077519059181213,0
14,427,-0.13161137700080872,0
14,428,0.2833822965621948,0
14,429,0.41739514470100403,0
14,430,-0.1240227222442627,0
14,431,-0.07969297468662262,0
14,432,0.10056490451097488,0
14,433,0.7815713882446289,0
14,434,0.48744866251945496,0
14,435,1.0131165981292725,0
14,436,0.8947516083717346,0
14,437,0.5848750472068787,0
14,438,-0.22562117874622345,0
14,439,0.48615357279777527,0
14,440,0.5059337019920349,0
14,441,0.12163189798593521,0
14,442,-0.22448809444904327,0
14,443,0.3791455626487732,0
14,444,0.9662054181098938,0
14,445,0.3682841658592224,0
14,446,-0.14257904887199402,0
14,447,-0.6895989179611206,0
14,448,-0.3150397539138794,0
14,449,-0.2633591890335083,0
14,450,-0.5386009812355042,0
14,451,0.28123345971107483,0
14,452,0.9307553768157959,0
14,453,0.6080307364463806,0
14,454,-0.49004894495010376,0
14,455,-0.44577327370643616,0
14,456,-0.12576580047607422,0
14,457,0.182220920920372,0
14,458,0.04903211072087288,0
14,459,0.013659348711371422,0
14,460,0.050151534378528595,0
14,461,-1.315669298171997,0
14,462,0.6417005062103271,0
14,463,-0.6460451483726501,0
14,464,0.48063576221466064,0
14,465,0.48767927289009094,0
14,466,0.2505946755409241,0
14,467,0.9356133341789246,0
14,468,-0.7649266123771667,0
14,469,0.8260193467140198,0
14,470,-0.597724437713623,0
14,471,0.600081205368042,0
14,472,0.2340734601020813,0
14,473,0.6555297374725342,0
14,474,0.13077881932258606,0
14,475,0.6979723572731018,0
14,476,0.585971474647522,0
14,477,-0.006892310455441475,0
14,478,-0.5538779497146606,0
14,479,-0.523495614528656,0
14,480,-0.26546284556388855,0
14,481,0.5831231474876404,0
14,482,-0.4864865243434906,0
14,483,0.11065826565027237,0
14,484,0.9949507713317871,0
14,485,0.6283964514732361,0
14,486,-1.112401008605957,0
14,487,-1.0110108852386475,0
14,488,0.24204835295677185,0
14,489,-0.3066416382789612,0
14,490,0.6337305307388306,0
14,491,0.20985503494739532,0
14,492,-0.546509325504303,0
14,493,1.2122375965118408,0
14,494,-0.40122702717781067,0
14,495,-0.07113689929246902,0
14,496,0.34719759225845337,0
14,497,-0.6677034497261047,0
14,498,-0.5670254230499268,0
14,499,1.0610302686691284,0
14,500,-0.2207883894443512,0
14,501,-0.11944696307182312,0
14,502,-0.05577480420470238,0
14,503,-0.036113191395998,0
14,504,-0.5255727767944336,0
14,505,0.03837388753890991,0
14,506,-0.28345608711242676,0
14,507,-0.8478139042854309,0
14,508,-0.43856754899024963,0
14,509,-0.03226187080144882,0
14,510,-0.3113713562488556,0
14,511,-0.41343069076538086,0
14,512,0.14050105214118958,0
14,513,0.5931141376495361,0
14,514,1.0394306182861328,0
14,515,0.2910766303539276,0
14,516,0.4971380829811096,0
14,517,2.6099307537078857,0
14,518,-0.3272607922554016,0
14,519,0.48817384243011475,0
14,520,0.21235178411006927,0
14,521,0.7127783298492432,0
14,522,0.8037079572677612,0
14,523,0.2382502555847168,0
14,524,0.4199948012828827,0
14,525,0.1415465623140335,0
14,526,0.9062037467956543,0
14,527,1.1980538368225098,0
14,528,0.4421914517879486,0
14,529,0.47079548239707947,0
14,530,-0.02088143490254879,0
14,531,-0.5199441909790039,0
14,532,-0.5890197157859802,0
14,533,-0.10514260828495026,0
14,534,-0.08278028666973114,0
14,535,-0.5065857172012329,0
14,536,0.38285937905311584,0
14,537,-0.5359741449356079,0
14,538,-0.3107658624649048,0
14,539,-0.3713400959968567,0
14,540,-0.8934460878372192,0
14,541,-0.4465302526950836,0
14,542,-0.5495562553405762,0
14,543,-0.6281701922416687,0
14,544,-0.8838472962379456,0
14,545,-1.1239999532699585,0
14,546,-0.6273321509361267,0
14,547,-1.203690528869629,0
14,548,-0.4314505457878113,0
14,549,-1.3246289491653442,0
14,550,-0.7355116009712219,0
14,551,-1.0417349338531494,0
14,552,-1.236568570137024,0
14,553,-0.878169596195221,0
14,554,-1.0336261987686157,0
14,555,-0.9879806637763977,0
14,556,-0.5474939346313477,0
14,557,-0.27951493859291077,0
14,558,-0.11374229937791824,0
14,559,-1.2272759675979614,0
14,560,0.6011985540390015,0
14,561,0.5728474855422974,0
14,562,-0.1500982642173767,0
14,563,-0.2151876837015152,0
14,564,-0.18548448383808136,0
14,565,-0.040413644164800644,0
14,566,0.10035290569067001,0
14,567,-0.9159582853317261,0
14,568,0.14898782968521118,0
14,569,-0.9576733112335205,0
14,570,0.847510814666748,0
14,571,0.5481711626052856,1
14,572,0.38688409328460693,0
14,573,-0.4196211099624634,0
14,574,-0.1603720337152481,0
14,575,-1.54595947265625,0
14,576,-0.22700485587120056,0
14,577,-0.6381791830062866,0
14,578,-0.5894385576248169,0
14,579,-0.24133683741092682,0
14,580,-0.0983692929148674,0
14,581,0.11155234277248383,0
14,582,-0.8505489230155945,0
14,583,0.05180977284908295,0
14,584,0.23895658552646637,0
14,585,-0.2806999087333679,0
14,586,-0.8907801508903503,1
14,587,-0.12420415133237839,0
14,588,0.07123059779405594,0
14,589,0.2505617141723633,0
14,590,-0.2609889805316925,0
14,591,0.49333441257476807,0
14,592,-0.026837153360247612,1
14,593,0.27776166796684265,0
14,594,-0.5314294695854187,0
14,595,-0.8272061944007874,0
14,596,0.524074137210846,0
14,597,-0.055219877511262894,0
14,598,0.6521989703178406,0
14,599,-0.06834466010332108,0
14,600,0.9445633292198181,0
14,601,0.10248245298862457,0
14,602,0.41894540190696716,0
14,603,0.988350510597229,0
14,604,-1.0493226051330566,0
14,605,-0.07036004215478897,0
14,606,-0.7561398148536682,0
14,607,0.21487365663051605,0
14,608,-0.45433780550956726,0
14,609,0.5536711812019348,0
14,610,-0.7769086956977844,0
14,611,-0.8996706604957581,0
14,612,-1.014251708984375,0
14,613,0.288093239068985,0
14,614,-0.043869469314813614,0
14,615,-0.43453216552734375,0
14,616,0.7307447791099548,0
14,617,0.29114434123039246,0
14,618,-0.2629983425140381,0
14,619,0.0988023579120636,0
14,620,-0.05766572058200836,0
14,621,-0.911965012550354,0
14,622,0.2021741420030594,0
14,623,0.26045671105384827,0
14,624,0.4095389246940613,0
14,625,0.44092220067977905,0
14,626,1.1313446760177612,0
14,627,0.5139167308807373,0
14,628,-0.955365002155304,0
14,629,-0.8593485355377197,0
14,630,-0.31871727108955383,0
14,631,-0.4748506247997284,0
14,632,0.11176953464746475,0
14,633,0.1416991502046585,0
14,634,-0.32776057720184326,0
14,635,-0.19263577461242676,0
14,636,0.2641863524913788,0
14,637,0.6683575510978699,0
14,638,0.06654788553714752,0
14,639,1.0203888416290283,0
14,640,0.8062310218811035,0
14,641,-0.03710902854800224,0
14,642,0.20219892263412476,0
14,643,0.203206866979599,0
14,644,1.1083124876022339,0
14,645,0.06534036993980408,0
14,646,-0.6153063178062439,0
14,647,-0.49979668855667114,0
14,648,-0.23830817639827728,0
14,649,-0.07175865769386292,0
14,650,-0.08855798840522766,0
14,651,-0.46674466133117676,0
14,652,0.13210763037204742,0
14,653,-0.3702402412891388,0
14,654,0.05589914321899414,0
14,655,-0.575328528881073,0
14,656,0.4358479678630829,0
14,657,0.7318011522293091,0
14,658,0.02460525557398796,0
14,659,-0.11052282154560089,0
14,660,-0.6520140171051025,0
14,661,-0.31195977330207825,0
14,662,-0.6407541632652283,0
14,663,0.9932140707969666,0
14,664,0.27609238028526306,0
14,665,0.6721245050430298,0
14,666,0.6578519344329834,0
14,667,-0.200245663523674,0
14,668,-1.198399543762207,0
14,669,-0.18106430768966675,0
14,670,-0.4686395525932312,0
14,671,-0.9470081329345703,0
14,672,1.0793378353118896,0
14,673,0.20458582043647766,0
14,674,0.4467535614967346,0
14,675,-0.26620960235595703,0
14,676,0.5381640791893005,0
14,677,-0.35872432589530945,0
14,678,0.4436488747596741,0
14,679,-0.33009374141693115,0
14,680,1.1109583377838135,0
14,681,-0.019413189962506294,0
14,682,0.7274998426437378,0
14,683,0.8636611700057983,0
14,684,-0.03998570516705513,0
14,685,0.6044319868087769,0
14,686,-1.0013011693954468,0
14,687,-0.06382554024457932,0
14,688,-0.15102513134479523,0
14,689,0.7144662737846375,0
14,690,-1.0549670457839966,0
14,691,0.1695161759853363,0
14,692,-0.573003351688385,0
14,693,0.31420934200286865,0
14,694,0.7667513489723206,0
14,695,0.8156680464744568,0
14,696,0.23375628888607025,1
14,697,-0.8793272376060486,0
17,0,-0.0673890933394432,0
17,1,0.35179024934768677,0
17,2,-1.1450769901275635,0
17,3,0.025202779099345207,0
17,4,-0.16218778491020203,0
17,5,-0.11899235099554062,0
17,6,-0.682174801826477,0
17,7,-0.015833238139748573,0
17,8,0.3168962895870209,0
17,9,-0.046883806586265564,0
17,10,0.12599055469036102,0
17,11,-0.10492128133773804,0
17,12,-0.6634494662284851,0
17,13,0.39588266611099243,0
17,14,-0.06113197281956673,0
17,15,-0.35766416788101196,0
17,16,0.21968205273151398,0
17,17,-0.3918646275997162,0
17,18,-0.22188320755958557,0
17,19,0.4907175898551941,0
17,20,0.12746427953243256,0
17,21,-0.5485691428184509,0
17,22,-0.11101089417934418,0
17,23,-0.09039422869682312,0
17,24,-0.0660838708281517,0
17,25,-0.028606198728084564,0
17,26,0.22753435373306274,0
17,27,0.32938069105148315,0
17,28,-0.7203420400619507,0
17,29,0.36212754249572754,0
17,30,-1.2109274864196777,0
17,31,-0.1476183533668518,0
17,32,0.09294655174016953,0
17,33,-0.3232319951057434,0
17,34,0.04221145063638687,0
17,35,-0.09371005743741989,0
17,36,0.6545619964599609,0
17,37,-0.10352405905723572,0
17,38,0.8504316210746765,0
17,39,0.2348528802394867,0
17,40,0.004711984656751156,0
17,41,-0.10907690227031708,0
17,42,0.5231369733810425,0
17,43,-0.02973143197596073,0
17,44,-0.1073235422372818,0
17,45,-0.1226678192615509,0
17,46,-0.4712923765182495,0
17,47,-0.30687215924263,0
17,48,-0.7901046276092529,0
17,49,0.08249929547309875,0
17,50,0.5097168684005737,0
17,51,-0.8393546938896179,0
17,52,0.20592527091503143,0
17,53,-0.21933455765247345,0
17,54,-0.9211606979370117,0
17,55,0.029893659055233,0
17,56,0.10932160913944244,0
17,57,0.1665412336587906,0
17,58,-0.8500256538391113,0
17,59,0.542586088180542,0
17,60,0.07246607542037964,0
17,61,-0.2883075773715973,0
17,62,-0.3315233290195465,0
17,63,0.0319099947810173,0
17,64,0.6226915121078491,0
17,65,-0.06470047682523727,0
17,66,-0.2001636028289795,0
17,67,-0.24536314606666565,0
17,68,-0.3300069570541382,0
17,69,-0.24490848183631897,0
17,70,0.22917921841144562,0
17,71,-0.033002350479364395,0
17,72,0.03317280486226082,0
17,73,-0.2357906699180603,0
17,74,-0.15826131403446198,0
17,75,-0.3161890506744385,0
17,76,-0.5727878212928772,0
17,77,-0.012971006333827972,0
17,78,-0.7773409485816956,0
17,79,-0.2623451054096222,0
17,80,0.06437166035175323,0
17,81,0.6379714608192444,0
17,82,-0.20333664119243622,0
17,83,-0.5120693445205688,0
17,84,-0.3025777339935303,0
17,85,-0.10130351036787033,0
17,86,0.2981722056865692,0
17,87,0.10770207643508911,0
17,88,-0.3019044101238251,0
17,89,-0.3793671131134033,0
17,90,-0.10615446418523788,0
17,91,0.29163995385169983,0
17,92,-0.45969057083129883,0
17,93,-0.3916797637939453,0
17,94,-0.1983765959739685,0
17,95,-0.17419131100177765,0
17,96,-0.253492534160614,0
17,97,-0.3219870328903198,0
17,98,-0.4364907741546631,0
17,99,-0.4826078712940216,0
17,100,-0.44547683000564575,0
17,101,-0.3211261034011841,0
17,102,0.27634015679359436,0
17,103,-0.8631750345230103,0
17,104,-0.0766509473323822,0
17,105,0.2488996535539627,0
17,106,-0.17947079241275787,0
17,107,0.05385364592075348,0
17,108,0.05678830295801163,0
17,109,-0.07056219130754471,0
17,110,-0.6488358378410339,0
17,111,0.15016840398311615,0
17,112,0.15531601011753082,0
17,113,-0.5802234411239624,0
17,114,-0.03545382618904114,0
17,115,-0.18182875216007233,0
17,116,0.21099363267421722,0
17,117,-0.21340160071849823,0
17,118,-0.5382692217826843,0
17,119,-0.6128280758857727,0
17,120,0.471713662147522,0
17,121,-0.764794111251831,0
17,122,-0.6068381667137146,0
17,123,-0.5378187894821167,0
17,124,-0.3154219388961792,0
17,125,-0.06308115273714066,0
17,126,-0.33558332920074463,0
17,127,-0.09237536042928696,0
17,128,-0.9962324500083923,0
17,129,-0.10342355072498322,0
17,130,-0.44885340332984924,0
17,131,-0.5405956506729126,0
17,132,-0.8354991674423218,0
17,133,-0.33589479327201843,0
17,134,-0.23661084473133087,0
17,135,-0.511126697063446,0
17,136,-0.07260102778673172,0
17,137,0.22565725445747375,0
17,138,-0.09291676431894302,0
17,139,-0.08408232033252716,0
17,140,-0.3894234001636505,0
17,141,-0.20651602745056152,0
17,142,0.0946001335978508,0
17,143,-0.4598426818847656,0
17,144,-0.502403199672699,0
17,145,0.006197750102728605,0
17,146,-0.2956279218196869,0
17,147,-0.28711825609207153,0
17,148,-0.21341194212436676,0
17,149,-0.0029601703863590956,0
17,150,-0.9879028797149658,0
17,151,-0.4513561725616455,0
17,152,0.06960926204919815,0
17,153,0.10434232652187347,0
17,154,-0.4445093870162964,0
17,155,-0.22207094728946686,0
17,156,-0.4581211805343628,0
17,157,-0.6455231308937073,0
17,158,0.49632593989372253,0
17,159,-0.18043829500675201,0
17,160,-0.3507242202758789,0
17,161,0.031879324465990067,0
17,162,-0.5917631387710571,0
17,163,-0.723638653755188,0
17,164,-0.6683132648468018,0
17,165,0.011508463881909847,0
17,166,-0.5423454642295837,0
17,167,-0.4523801803588867,0
17,168,-0.529278576374054,0
17,169,0.11128426343202591,0
17,170,0.30119699239730835,0
17,171,-0.52396160364151,0
17,172,-0.219430074095726,0
17,173,-0.4307543933391571,0
17,174,0.14698933064937592,0
17,175,-1.136765956878662,0
17,176,-0.7971905469894409,0
17,177,-0.7881630063056946,0
17,178,-0.18305063247680664,0
17,179,0.4136962592601776,0
17,180,0.20121143758296967,0
17,181,-0.1315384805202484,0
17,182,-0.17224109172821045,0
17,183,0.12674158811569214,0
17,184,-0.3137884736061096,0
17,185,-0.7784746289253235,0
17,186,0.6326010227203369,0
17,187,-0.47741395235061646,0
17,188,-0.4320562779903412,0
17,189,0.3449338972568512,0
17,190,-0.007456512190401554,0
17,191,-0.4931207001209259,0
17,192,-0.5460225343704224,0
17,193,-0.13701766729354858,0
17,194,-0.0012220824137330055,0
17,195,-0.5011596083641052,0
17,196,0.16555848717689514,0
17,197,0.07827692478895187,0
17,198,0.24448342621326447,0
17,199,-0.7855068445205688,0
17,200,-0.20175054669380188,0
17,201,-0.02443726360797882,0
17,202,0.2596834599971771,0
17,203,-0.3515525758266449,0
17,204,-0.16521529853343964,0
17,205,-0.12778924405574799,0
17,206,-0.9559517502784729,0
17,207,-0.3296683430671692,0
17,208,-0.09213108569383621,0
17,209,0.580621063709259,0
17,210,-0.6920379400253296,0
17,211,-0.37596777081489563,0
17,212,0.14419785141944885,0
17,213,-0.4070472717285156,0
17,214,-0.09008806943893433,0
17,215,-0.31066086888313293,0
17,216,0.32239723205566406,0
17,217,0.1935029923915863,0
17,218,-0.21275068819522858,0
17,219,-0.19078800082206726,0
17,220,-0.13834190368652344,0
17,221,0.024748394265770912,0
17,222,-0.44772177934646606,0
17,223,0.07146801799535751,0
17,224,-0.12562716007232666,0
17,225,0.21950197219848633,0
17,226,-0.24719522893428802,0
17,227,-0.10501725226640701,0
17,228,0.26079732179641724,0
17,229,-0.45220619440078735,0
17,230,-0.6134965419769287,0
17,231,-0.1433735489845276,0
17,232,-0.10715736448764801,0
17,233,-0.5406370759010315,0
17,234,-0.3088730573654175,0
17,235,-0.3155135214328766,0
17,236,-0.09095771610736847,0
17,237,-0.46160265803337097,0
17,238,-0.440976619720459,0
17,239,-0.19433681666851044,0
17,240,0.06969353556632996,0
17,241,-0.3671799600124359,0
17,242,-0.32845088839530945,0
17,243,0.49095356464385986,0
17,244,-0.21502408385276794,0
17,245,-0.46483248472213745,0
17,246,-0.5584931373596191,0
17,247,-0.3353021740913391,0
17,248,-0.24217067658901215,0
17,249,-0.18578341603279114,0
17,250,0.792667806148529,0
17,251,-0.10886526107788086,0
17,252,-0.049629904329776764,0
17,253,0.03271658718585968,0
17,254,0.6082822680473328,0
17,255,-0.6834726929664612,0
17,256,-0.2773389220237732,0
17,257,0.10613173246383667,0
17,258,0.18665538728237152,0
17,259,-0.46848028898239136,0
17,260,0.23463241755962372,0
17,261,0.1650553196668625,0
17,262,0.10389801114797592,0
17,263,-0.14048904180526733,0
17,264,0.04090959578752518,0
17,265,0.8200458884239197,0
17,266,0.764165997505188,0
17,267,0.07158074527978897,0
17,268,0.0018730717711150646,0
17,269,0.43378517031669617,0
17,270,-0.13077737390995026,0
17,271,0.21334873139858246,0
17,272,-0.14977791905403137,0
17,273,-0.011898576281964779,0
17,274,-0.17147867381572723,0
17,275,-0.9759247303009033,0
17,276,-0.053263504058122635,0
17,277,0.16842129826545715,0
17,278,-0.11078725755214691,0
17,279,0.19238629937171936,0
17,280,-0.20475968718528748,0
17,281,-0.2945411503314972,0
17,282,-0.04871022328734398,0
17,283,-0.37788575887680054,0
17,284,0.1679542511701584,0
17,285,-0.4078795611858368,0
17,286,0.19500160217285156,0
17,287,0.28145018219947815,0
17,288,0.7299773693084717,0
17,289,-0.6096360683441162,0
17,290,0.36307966709136963,0
17,291,0.23746684193611145,0
17,292,0.05146951973438263,0
17,293,0.807807981967926,0
17,294,0.0021947810892015696,0
17,295,0.4715072512626648,0
17,296,0.5551323890686035,0
17,297,-0.05324208736419678,0
17,298,-0.48621466755867004,0
17,299,1.794439673423767,0
17,300,0.7261307239532471,0
17,301,0.7188915014266968,0
17,302,-0.29327595233917236,0
17,303,-0.009041622281074524,0
17,304,-0.6210637092590332,0
17,305,0.45989808440208435,0
17,306,0.9072768688201904,0
17,307,0.1220257580280304,0
17,308,0.07083503156900406,0
17,309,-0.15258009731769562,0
17,310,0.41570547223091125,0
17,311,0.19466614723205566,0
17,312,0.44580909609794617,0
17,313,0.1718062162399292,0
17,314,0.0865587592124939,0
17,315,0.05003784969449043,0
17,316,0.0598057396709919,0
17,317,-0.09406135231256485,0
17,318,0.5124717354774475,0
17,319,0.5438153743743896,0
17,320,-0.13540716469287872,0
17,321,-0.2682146728038788,0
17,322,0.1419866979122162,0
17,323,0.2439723163843155,0
17,324,0.14078068733215332,0
17,325,0.35364994406700134,0
17,326,-0.837490439414978,0
17,327,0.492049902677536,0
17,328,-0.23978668451309204,0
17,329,0.25961968302726746,0
17,330,-0.08603799343109131,0
17,331,-0.23389306664466858,0
17,332,-0.43565842509269714,0
17,333,-0.3052467405796051,0
17,334,0.45919570326805115,0
17,335,0.07846970111131668,0
17,336,-0.025955118238925934,0
17,337,0.4411768615245819,0
17,338,-0.3338998258113861,0
17,339,0.13829340040683746,0
17,340,-0.21547283232212067,0
17,341,0.20712672173976898,0
17,342,0.2703417241573334,0
17,343,0.4502566456794739,0
17,344,-0.08845121413469315,0
17,345,0.6101138591766357,0
17,346,0.788811206817627,0
17,347,0.19266197085380554,0
17,348,-0.10002923756837845,0
17,349,-0.188284769654274,0
17,350,-0.14879415929317474,0
17,351,0.5420910120010376,0
17,352,0.8543723821640015,0
17,353,-0.3875342011451721,0
17,354,-0.6330782771110535,0
17,355,0.5019219517707825,0
17,356,-0.01913442835211754,0
17,357,0.5283142328262329,0
17,358,-0.36776766180992126,0
17,359,0.4511057734489441,0
17,360,-0.02394459769129753,0
17,361,0.5416387915611267,0
17,362,0.0796782523393631,0
17,363,-0.1166311725974083,0
17,364,0.22801396250724792,0
17,365,0.4097907245159149,0
17,366,0.3965558409690857,0
17,367,0.3354733884334564,0
17,368,0.4310021996498108,0
17,369,0.1696811318397522,0
17,370,0.783272385597229,0
17,371,-0.6517915725708008,0
17,372,-0.32030412554740906,0
17,373,0.19157327711582184,0
17,374,-0.09666545689105988,0
17,375,0.21401458978652954,0
17,376,0.6104066371917725,0
17,377,0.08856687694787979,0
17,378,-0.27660614252090454,0
17,379,0.37559613585472107,0
17,380,-0.1489003598690033,0
17,381,0.3855268359184265,0
17,382,0.2151329517364502,0
17,383,0.2651999890804291,0
17,384,0.8403592705726624,0
17,385,-0.3585575222969055,0
17,386,0.10962425917387009,0
17,387,0.24867281317710876,0
17,388,-0.044792238622903824,0
17,389,-0.5885336995124817,0
17,390,0.09393738210201263,0
17,391,0.4616450369358063,0
17,392,0.35912755131721497,0
17,393,0.1238916665315628,0
17,394,-0.21839575469493866,0
17,395,-0.44687560200691223,0
17,396,-0.5236865878105164,0
17,397,-0.7043519020080566,0
17,398,-0.04873107746243477,0
17,399,0.5719508528709412,0
17,400,0.16068802773952484,0
17,401,0.552933394908905,0
17,402,-0.810985803604126,0
17,403,0.11088501662015915,0
17,404,0.18805506825447083,0
17,405,-0.043160974979400635,0
17,406,0.3395383954048157,0
17,407,-0.039579011499881744,1
17,408,0.035096731036901474,0
17,409,0.2067400962114334,1
17,410,0.11686035990715027,0
17,411,-0.13672132790088654,0
17,412,0.27720895409584045,0
17,413,0.263882577419281,0
17,414,0.35084351897239685,0
17,415,-0.08321531116962433,0
17,416,0.03830660879611969,0
17,417,-0.42318689823150635,0
17,418,-0.06700369715690613,0
17,419,0.5681663155555725,0
17,420,0.7835832238197327,0
17,421,0.6180254817008972,0
17,422,-0.16334028542041779,0
17,423,-0.7762818336486816,0
17,424,0.04601656645536423,0
17,425,0.16501101851463318,0
17,426,0.36214426159858704,0
17,427,-0.11299623548984528,0
17,428,-0.08797352015972137,0
17,429,0.3766099512577057,0
17,430,-0.036921415477991104,0
17,431,-0.139839306473732,0
17,432,0.7784571051597595,0
17,433,-0.508488118648529,0
17,434,0.25013214349746704,0
17,435,-0.39342883229255676,0
17,436,0.472568541765213,0
17,437,0.38476505875587463,0
17,438,0.5201048851013184,0
17,439,-0.06838889420032501,0
17,440,0.46507352590560913,0
17,441,0.4421336352825165,0
17,442,-0.17242243885993958,0
17,443,0.29694369435310364,0
17,444,0.3064069151878357,0
17,445,-0.021631833165884018,0
17,446,-0.19751185178756714,0
17,447,-0.04245370253920555,0
17,448,-0.8528371453285217,0
17,449,-0.1392904818058014,0
17,450,-0.19142895936965942,0
17,451,-0.4568145275115967,0
17,452,0.08082173019647598,0
17,453,-0.042319681495428085,0
17,454,-0.1866413652896881,0
17,455,0.22175264358520508,0
17,456,0.3039720058441162,0
17,457,0.0977909043431282,0
17,458,0.33349502086639404,0
17,459,0.09099626541137695,0
17,460,0.39252346754074097,0
17,461,0.5330115556716919,0
17,462,0.8445946574211121,0
17,463,-0.28941696882247925,0
17,464,0.7216874957084656,0
17,465,0.06288500875234604,0
17,466,0.11534611135721207,0
17,467,0.15754015743732452,0
17,468,0.15127281844615936,0
17,469,0.3024996817111969,0
17,470,0.7876062393188477,0
17,471,0.07488526403903961,0
17,472,-0.41298002004623413,0
17,473,-0.1220998466014862,0
17,474,0.10517455637454987,0
17,475,0.5376529097557068,0
17,476,0.20834173262119293,0
17,477,-0.18149805068969727,0
17,478,0.42405256628990173,0
17,479,0.35201090574264526,0
17,480,-0.4130513370037079,0
17,481,0.05023831129074097,0
17,482,-0.005756532773375511,0
17,483,-0.15296390652656555,0
17,484,-0.33448755741119385,0
17,485,0.14706657826900482,0
17,486,-0.0901867225766182,0
17,487,-0.036702197045087814,0
17,488,0.17045645415782928,0
17,489,0.261065810918808,0
17,490,-0.6371384859085083,0
17,491,-0.10522805154323578,0
17,492,-0.10963128507137299,0
17,493,0.5365108847618103,0
17,494,0.41256073117256165,0
17,495,-0.5108491778373718,0
17,496,-0.1371697038412094,0
17,497,-0.399108350276947,0
17,498,0.3370315730571747,0
17,499,-0.16083082556724548,0
17,500,0.023090045899152756,0
17,501,-0.2941353917121887,0
17,502,0.0042768074199557304,0
17,503,-0.31672966480255127,0
17,504,-0.49550238251686096,0
17,505,0.31244993209838867,0
17,506,0.18464778363704681,0
17,507,0.432481050491333,0
17,508,0.3092038035392761,0
17,509,0.783353865146637,0
17,510,0.3146108090877533,0
17,511,0.25274133682250977,0
17,512,-0.0012910697842016816,0
17,513,0.6611209511756897,0
17,514,0.02714434266090393,0
17,515,0.3830960988998413,0
17,516,-0.13699068129062653,0
17,517,-0.40685540437698364,0
17,518,0.5676884055137634,0
17,519,0.22178226709365845,0
17,520,0.4855051338672638,0
17,521,0.4975599944591522,0
17,522,-0.05342115834355354,0
17,523,0.33472582697868347,0
17,524,0.6926448345184326,0
17,525,-0.37667784094810486,0
17,526,0.2572481334209442,0
17,527,-0.4026445746421814,0
17,528,-0.2334819734096527,0
17,529,-0.22178871929645538,0
17,530,0.11144974827766418,0
17,531,-0.32059362530708313,0
17,532,0.4601859748363495,0
17,533,0.09866070747375488,0
17,534,0.5417474508285522,0
17,535,0.5643089413642883,0
17,536,0.4847564101219177,0
17,537,0.8029237389564514,0
17,538,-0.19135388731956482,0
17,539,-0.1127128079533577,0
17,540,0.10348963737487793,0
17,541,-0.1616532802581787,0
17,542,0.6727362275123596,0
17,543,0.21694253385066986,0
17,544,0.35318878293037415,0
17,545,1.1212750673294067,0
17,546,0.00013666183804161847,0
17,547,0.4941044747829437,0
17,548,0.44707316160202026,0
17,549,0.7008529305458069,0
17,550,0.38007229566574097,0
17,551,0.11356297135353088,0
17,552,-0.02021845430135727,0
17,553,-0.07058422267436981,0
17,554,0.5941581130027771,0
17,555,-0.15025924146175385,0
17,556,-0.1179971769452095,0
17,557,-0.3496876060962677,0
17,558,-0.19236449897289276,0
17,559,-0.07927374541759491,0
17,560,-0.35865145921707153,0
17,561,0.008716276846826077,0
17,562,0.14191921055316925,0
17,563,0.36171162128448486,0
17,564,-0.03613356873393059,0
17,565,0.4216804504394531,0
17,566,0.2296111285686493,0
17,567,0.65785813331604,0
17,568,-0.09402299672365189,0
17,569,0.3056405186653137,0
17,570,-0.01460214052349329,0
17,571,0.03585618734359741,1
17,572,0.12518243491649628,0
17,573,0.2789447605609894,0
17,574,0.11246310919523239,0
17,575,0.6100372672080994,0
17,576,0.05795721709728241,0
17,577,0.35813140869140625,0
17,578,-0.0874202772974968,0
17,579,0.5704216957092285,0
17,580,-0.2505507171154022,0
17,581,-0.312094509601593,0
17,582,-0.03997158259153366,0
17,583,0.1940758377313614,0
17,584,0.7521324753761292,0
17,585,0.5606648921966553,0
17,586,0.3810635805130005,1
17,587,0.0532304085791111,0
17,588,0.38855674862861633,0
17,589,-0.38394492864608765,0
17,590,-0.1332429200410843,0
17,591,0.031971488147974014,0
17,592,0.3003925383090973,1
17,593,-0.12481279671192169,0
17,594,0.05024261400103569,0
17,595,0.18558919429779053,0
17,596,0.2518690228462219,0
17,597,-0.26464125514030457,0
17,598,-0.7123344540596008,0
17,599,-0.21465831995010376,0
17,600,-0.03075249493122101,0
17,601,0.24645684659481049,0
17,602,0.29790404438972473,0
17,603,0.35167446732521057,0
17,604,0.3303717076778412,0
17,605,-0.22101759910583496,0
17,606,-0.08287245780229568,0
17,607,-0.10881569236516953,0
17,608,0.10074445605278015,0
17,609,-0.5870288014411926,0
17,610,0.18267911672592163,0
17,611,0.1941814124584198,0
17,612,-0.1605515480041504,0
17,613,-0.3289180099964142,0
17,614,0.23424337804317474,0
17,615,0.14625151455402374,0
17,616,0.1993923932313919,0
17,617,0.013004090636968613,0
17,618,-0.6899662613868713,0
17,619,-0.36478105187416077,0
17,620,-0.8332546353340149,0
17,621,-0.026891442015767097,0
17,622,0.1259981244802475,0
17,623,-0.06433742493391037,0
17,624,0.021582970395684242,0
17,625,-0.10201665014028549,0
17,626,0.2543249726295471,0
17,627,0.08848749846220016,0
17,628,0.35086438059806824,0
17,629,0.7785425782203674,0
17,630,0.4412963390350342,0
17,631,0.35178613662719727,0
17,632,-0.40886446833610535,0
17,633,-0.20434556901454926,0
17,634,0.6415789723396301,0
17,635,-0.3372102379798889,0
17,636,0.9574131369590759,0
17,637,-0.648807942867279,0
17,638,0.23284104466438293,0
17,639,-0.048213884234428406,0
17,640,-0.5540223121643066,0
17,641,-0.6998976469039917,0
17,642,0.28570428490638733,0
17,643,0.19831189513206482,0
17,644,0.15507538616657257,0
17,645,-0.11376363039016724,0
17,646,0.4317247271537781,0
17,647,0.21966899931430817,0
17,648,-0.30710843205451965,0
17,649,0.09594607353210449,0
17,650,-0.609341025352478,0
17,651,0.6125295758247375,0
17,652,-0.36763226985931396,0
17,653,-0.23309443891048431,0
17,654,0.33334067463874817,0
17,655,0.35378944873809814,0
17,656,0.709637463092804,0
17,657,-0.45760178565979004,0
17,658,-0.08133981376886368,0
17,659,0.6205812692642212,0
17,660,-0.6407999396324158,0
17,661,-0.30683633685112,0
17,662,-0.2166718691587448,0
17,663,0.4650978147983551,0
17,664,0.010068122297525406,0
17,665,0.3063351511955261,0
17,666,-0.5523278713226318,0
17,667,0.11087553203105927,0
17,668,0.29849496483802795,0
17,669,-0.10211461037397385,0
17,670,0.06323379278182983,0
17,671,0.02883150801062584,0
17,672,-0.3831075131893158,0
17,673,-0.5216222405433655,0
17,674,0.30629199743270874,0
17,675,-0.3652123808860779,0
17,676,-0.5737717747688293,0
17,677,-0.27728578448295593,0
17,678,0.017228666692972183,0
17,679,-0.5274170637130737,0
17,680,0.18074551224708557,0
17,681,0.4034486711025238,0
17,682,0.7703302502632141,0
17,683,0.3406652510166168,0
17,684,0.23326657712459564,0
17,685,-0.4536646008491516,0
17,686,0.8281682729721069,0
17,687,0.6820709705352783,0
17,688,0.291424423456192,0
17,689,-0.43662434816360474,0
17,690,0.19355086982250214,0
17,691,-0.13182641565799713,0
17,692,0.08873697370290756,0
17,693,-0.04973306134343147,0
17,694,-0.26530134677886963,0
17,695,-0.44624409079551697,0
17,696,-0.05276903137564659,1
17,697,0.38507598638534546,0
20,0,-1.1539452075958252,0
20,1,-0.002342792460694909,0
20,2,0.002814661478623748,0
20,3,-0.42104244232177734,0
20,4,-0.1783536672592163,0
20,5,-1.1704403162002563,0
20,6,-0.5162132382392883,0
20,7,0.0070541067980229855,0
20,8,0.3996315598487854,0
20,9,0.32674849033355713,0
20,10,0.20914755761623383,0
20,11,-0.022467870265245438,0
20,12,0.27479487657546997,0
20,13,-0.34490057826042175,0
20,14,-0.13835100829601288,0
20,15,-0.47597211599349976,0
20,16,0.018547505140304565,0
20,17,0.4375186264514923,0
20,18,-1.071484088897705,0
20,19,0.24364955723285675,0
20,20,-0.23122064769268036,0
20,21,-0.033650580793619156,0
20,22,-0.36662882566452026,0
20,23,-0.10435079038143158,0
20,24,-0.3122248649597168,0
20,25,0.08928905427455902,0
20,26,-0.3689197897911072,0
20,27,0.39055800437927246,0
20,28,0.17362454533576965,0
20,29,0.34633728861808777,0
20,30,-0.4200488030910492,0
20,31,-0.22439418733119965,0
20,32,0.006508507765829563,0
20,33,-0.276513934135437,0
20,34,0.1044994443655014,0
20,35,0.4287218153476715,0
20,36,0.7450017929077148,0
20,37,-0.44305089116096497,0
20,38,-0.3306960165500641,0
20,39,-0.2246067374944687,0
20,40,0.3082345128059387,0
20,41,-0.10139736533164978,0
20,42,0.11845923215150833,0
20,43,-0.779876172542572,0
20,44,0.3687264621257782,0
20,45,0.14660273492336273,0
20,46,0.32281458377838135,0
20,47,0.19374532997608185,0
20,48,-0.40342673659324646,0
20,49,-0.1940864473581314,0
20,50,0.21110907196998596,0
20,51,-0.3372330367565155,0
20,52,-0.021008675917983055,0
20,53,-0.2658825218677521,0
20,54,-0.5501664876937866,0
20,55,-0.13874414563179016,0
20,56,-0.387375146150589,0
20,57,-0.37617728114128113,0
20,58,0.42970919609069824,0
20,59,-0.2650395929813385,0
20,60,0.17645666003227234,0
20,61,-0.17990271747112274,0
20,62,0.1786886304616928,0
20,63,-0.4147281050682068,0
20,64,-0.14690618216991425,0
20,65,0.29003605246543884,0
20,66,-0.27636441588401794,0
20,67,-0.2759944796562195,0
20,68,0.03023095428943634,0
20,69,-0.11084377765655518,0
20,70,0.15432725846767426,0
20,71,0.024323567748069763,0
20,72,0.248649463057518,0
20,73,-0.45132744312286377,0
20,74,-0.06494562327861786,0
20,75,-0.10563269257545471,0
20,76,0.0897500291466713,0
20,77,0.01799796335399151,0
20,78,0.36348578333854675,0
20,79,-0.09086421132087708,0
20,80,-0.1458173245191574,0
20,81,0.16679459810256958,0
20,82,-0.2869426906108856,0
20,83,-0.6850724220275879,0
20,84,-1.0499827861785889,0
20,85,0.3211738169193268,0
20,86,0.302986204624176,0
20,87,0.1439555138349533,0
20,88,0.3670072853565216,0
20,89,0.45928671956062317,0
20,90,-0.7817773818969727,0
20,91,-0.3227979838848114,0
20,92,0.2668934464454651,0
20,93,-0.17229357361793518,0
20,94,-0.39616039395332336,0
20,95,-0.1371743232011795,0
20,96,-0.9031702280044556,0
20,97,-0.3966588079929352,0
20,98,-0.8274424076080322,0
20,99,-0.5230461359024048,0
20,100,0.31326624751091003,0
20,101,1.77957299456466e-05,0
20,102,-0.048946116119623184,0
20,103,-0.3483084738254547,0
20,104,-0.46779921650886536,0
20,105,0.365731418132782,0
20,106,-0.451999694108963,0
20,107,0.12748496234416962,0
20,108,0.37407010793685913,0
20,109,-0.2917732000350952,0
20,110,-0.301846981048584,0
20,111,0.3779386878013611,0
20,112,-0.6636033058166504,0
20,113,-0.214322030544281,0
20,114,-0.8087307214736938,0
20,115,-0.7030644416809082,0
20,116,-0.1567806899547577,0
20,117,-0.27634677290916443,0
20,118,0.4213818609714508,0
20,119,-0.269242525100708,0
20,120,0.7719340920448303,0
20,121,-0.19638101756572723,0
20,122,-0.14127327501773834,0
20,123,-0.23616410791873932,0
20,124,-0.811913251876831,0
20,125,-0.15804676711559296,0
20,126,-0.5900700688362122,0
20,127,0.017371639609336853,0
20,128,0.20029518008232117,0
20,129,-0.24884097278118134,0
20,130,0.0022550078574568033,0
20,131,-0.6530197262763977,0
20,132,-0.28023314476013184,0
20,133,-0.15102675557136536,0
20,134,-0.42853856086730957,0
20,135,-0.6176028251647949,0
20,136,0.09372203797101974,0
20,137,0.0161881186068058,0
20,138,0.42107075452804565,0
20,139,-0.3397369682788849,0
20,140,-0.33467864990234375,0
20,141,0.12909404933452606,0
20,142,0.018506333231925964,0
20,143,-0.0391705185174942,0
20,144,0.38783037662506104,0
20,145,-0.14711636304855347,0
20,146,0.048247117549180984,0
20,147,-0.4832671880722046,0
20,148,0.313363641500473,0
20,149,-0.4080823063850403,0
20,150,0.01498072873800993,0
20,151,-0.40460914373397827,0
20,152,0.13379019498825073,0
20,153,-0.31858110427856445,0
20,154,-0.6343715190887451,0
20,155,-0.05411110818386078,0
20,156,0.32852762937545776,0
20,157,-0.2806508243083954,0
20,158,0.210490882396698,0
20,159,0.1764673888683319,0
20,160,-0.23339742422103882,0
20,161,-0.21680770814418793,0
20,162,0.7232696413993835,0
20,163,-0.6145286560058594,0
20,164,-0.34103769063949585,0
20,165,-0.11106614023447037,0
20,166,-0.15615896880626678,0
20,167,0.3985622525215149,0
20,168,-1.2284057140350342,0
20,169,-0.5169308185577393,0
20,170,-0.2752297818660736,0
20,171,0.09886955469846725,0
20,172,-0.25794854760169983,0
20,173,-0.3155600428581238,0
20,174,-0.06025506183505058,0
20,175,-0.38239267468452454,0
20,176,0.17616048455238342,0
20,177,0.33060339093208313,0
20,178,-0.056294217705726624,0
20,179,0.13933168351650238,0
20,180,-0.01051609218120575,0
20,181,0.4999469518661499,0
20,182,-0.11838601529598236,0
20,183,0.051581647247076035,0
20,184,-0.2705763280391693,0
20,185,-0.07928726077079773,0
20,186,-0.0016604986740276217,0
20,187,-0.10970670729875565,0
20,188,-0.4362339675426483,0
20,189,-0.09867430478334427,0
20,190,-0.33107078075408936,0
20,191,-1.2250460386276245,0
20,192,0.3510968089103699,0
20,193,0.30005964636802673,0
20,194,-0.45857104659080505,0
20,195,-0.5003329515457153,0
20,196,-0.3394635021686554,0
20,197,-0.5335642695426941,0
20,198,-0.010092468000948429,0
20,199,0.1965194046497345,0
20,200,-0.7112577557563782,0
20,201,-0.272903174161911,0
20,202,-0.5942577123641968,0
20,203,0.49578621983528137,0
20,204,-0.18548403680324554,0
20,205,-0.26551851630210876,0
20,206,-0.43443065881729126,0
20,207,0.9404400587081909,0
20,208,0.5442062616348267,0
20,209,0.022862102836370468,0
20,210,0.5342246294021606,0
20,211,0.0906115397810936,0
20,212,1.0283623933792114,0
20,213,0.05647660046815872,0
20,214,-0.0071020605973899364,0
20,215,0.16409069299697876,0
20,216,0.5555427670478821,0
20,217,0.3445970118045807,0
20,218,-0.8018044829368591,0
20,219,-0.36688074469566345,0
20,220,-0.03470864146947861,0
20,221,-0.3372505009174347,0
20,222,0.2097989171743393,0
20,223,0.11838451027870178,0
20,224,0.2518067955970764,0
20,225,-0.08781612664461136,0
20,226,0.2861969769001007,0
20,227,-0.39439713954925537,0
20,228,-0.7730874419212341,0
20,229,-0.227688729763031,0
20,230,0.159026637673378,0
20,231,-0.8282109498977661,0
20,232,0.3071637749671936,0
20,233,0.05500924959778786,0
20,234,0.16176564991474152,0
20,235,-0.29727107286453247,0
20,236,0.26565730571746826,0
20,237,-0.17413389682769775,0
20,238,-0.3576691448688507,0
20,239,0.08765635639429092,0
20,240,-0.004347942303866148,0
20,241,0.4815264940261841,0
20,242,0.15729579329490662,0
20,243,-0.13715706765651703,0
20,244,-0.3996063470840454,0
20,245,-0.5572168827056885,0
20,246,-0.7766844034194946,0
20,247,-0.2493971437215805,0
20,248,-0.04119080305099487,0
20,249,-0.018955355510115623,0
20,250,-0.2926606833934784,0
20,251,-0.0877644419670105,0
20,252,-0.043052904307842255,0
20,253,0.6821118593215942,0
20,254,0.5888988375663757,0
20,255,-0.4158831238746643,0
20,256,-0.1600683331489563,0
20,257,-0.06846288591623306,0
20,258,-0.19966576993465424,0
20,259,0.3790241777896881,0
20,260,0.026512758806347847,0
20,261,0.6332844495773315,0
20,262,0.36852338910102844,0
20,263,0.29471853375434875,0
20,264,0.12275905162096024,0
20,265,0.6709179282188416,0
20,266,-0.17201942205429077,0
20,267,0.6562360525131226,0
20,268,0.36862942576408386,0
20,269,0.3246615529060364,0
20,270,0.3450741469860077,0
20,271,0.07380276173353195,0
20,272,0.6282420754432678,0
20,273,-0.2004547268152237,0
20,274,-0.17043694853782654,0
20,275,-0.05250471830368042,0
20,276,-0.5226163864135742,0
20,277,0.5229527950286865,0
20,278,0.05974659323692322,0
20,279,0.6151174306869507,0
20,280,0.10470473021268845,0
20,281,0.06399281322956085,0
20,282,0.07612697035074234,0
20,283,0.5028029680252075,0
20,284,0.6355051398277283,0
20,285,-1.046292781829834,0
20,286,0.18495722115039825,0
20,287,0.19386999309062958,0
20,288,0.02880636602640152,0
20,289,0.21851500868797302,0
20,290,0.5550916194915771,0
20,291,2.2384915351867676,0
20,292,-0.2711450755596161,0
20,293,0.15627877414226532,0
20,294,0.18442648649215698,0
20,295,0.20219294726848602,0
20,296,0.4053519368171692,0
20,297,0.929652214050293,0
20,298,-0.8129718899726868,0
20,299,0.31170186400413513,0
20,300,-0.2712837755680084,0
20,301,-0.18975776433944702,0
20,302,0.008693542331457138,0
20,303,-0.04171773046255112,0
20,304,-0.2407212257385254,0
20,305,0.7464563846588135,0
20,306,0.5581862330436707,0
20,307,0.15002883970737457,0
20,308,0.012482128106057644,0
20,309,0.29699185490608215,0
20,310,0.5372756123542786,0
20,311,0.42898809909820557,0
20,312,-0.23980455100536346,0
20,313,0.6045799851417542,0
20,314,0.3885776400566101,0
20,315,0.3284333348274231,0
20,316,0.6800454258918762,1
20,317,0.04717696085572243,0
20,318,0.3180221915245056,0
20,319,0.003260132623836398,0
20,320,0.18564961850643158,0
20,321,0.3050309419631958,0
20,322,0.6472641825675964,0
20,323,0.48787638545036316,0
20,324,0.253157377243042,0
20,325,0.4811649024486542,0
20,326,0.6434849500656128,0
20,327,0.05098888278007507,0
20,328,0.670524537563324,0
20,329,0.29588407278060913,0
20,330,0.5828335285186768,1
20,331,0.15716984868049622,0
20,332,-0.898712694644928,1
20,333,0.1941760778427124,0
20,334,0.6432750821113586,0
20,335,0.2621338665485382,0
20,336,-0.7630622982978821,0
20,337,0.676135778427124,0
20,338,1.0346323251724243,0
20,339,-0.335233211517334,0
20,340,-0.010500635951757431,0
20,341,-0.15336079895496368,0
20,342,0.8397290706634521,0
20,343,0.6748121976852417,0
20,344,0.6551464200019836,0
20,345,0.2602238059043884,0
20,346,0.029346125200390816,0
20,347,0.9502847194671631,0
20,348,0.3243921101093292,0
20,349,-0.5600877404212952,0
20,350,0.1957148164510727,0
20,351,0.2093343585729599,0
20,352,0.48753172159194946,0
20,353,0.3043261766433716,0
20,354,0.2951475977897644,0
20,355,0.33987855911254883,0
20,356,0.7038591504096985,0
20,357,0.5091072916984558,0
20,358,0.3485896587371826,0
20,359,-0.6301946640014648,0
20,360,0.9228653907775879,0
20,361,-0.981360912322998,0
20,362,0.2759566307067871,0
20,363,-0.04218047857284546,0
20,364,0.1949741244316101,0
20,365,-0.07946392148733139,0
20,366,0.13411128520965576,0
20,367,0.31506866216659546,0
20,368,0.7936461567878723,0
20,369,0.23473316431045532,0
20,370,0.3517606556415558,0
20,371,-0.1840328425168991,0
20,372,-0.021981846541166306,0
20,373,0.5696587562561035,0
20,374,0.5478002429008484,0
20,375,0.21890313923358917,0
20,376,-0.07002122700214386,0
20,377,0.2900567948818207,0
20,378,-0.11400487273931503,0
20,379,0.193752720952034,0
20,380,0.4639137387275696,0
20,381,0.36041176319122314,0
20,382,0.1460091471672058,0
20,383,0.4642638564109802,0
20,384,-0.19748803973197937,0
20,385,-0.08253461867570877,0
20,386,0.18370823562145233,0
20,387,0.0861584022641182,0
20,388,0.14896653592586517,0
20,389,-0.08811662346124649,0
20,390,0.0551939494907856,0
20,391,0.4468058943748474,0
20,392,0.3797250986099243,0
20,393,0.7248733639717102,0
20,394,0.30571669340133667,0
20,395,0.2742069661617279,0
20,396,0.2757856249809265,0
20,397,-0.14968746900558472,0
20,398,-0.10613644123077393,0
20,399,0.4301369786262512,0
20,400,-0.07041457295417786,0
20,401,0.18445369601249695,0
20,402,-0.0034938151948153973,0
20,403,0.28710153698921204,0
20,404,0.24132107198238373,0
20,405,-0.1363057643175125,0
20,406,0.3820001482963562,0
20,407,0.20379681885242462,0
20,408,0.27297064661979675,0
20,409,0.39580169320106506,0
20,410,0.10048604011535645,0
20,411,-0.6049314737319946,0
20,412,0.518135130405426,0
20,413,0.41955801844596863,0
20,414,-0.24355949461460114,0
20,415,0.25818002223968506,0
20,416,0.36424165964126587,0
20,417,-0.2438378781080246,0
20,418,0.02294269949197769,0
20,419,0.643055260181427,0
20,420,0.45687833428382874,0
20,421,0.6247867941856384,0
20,422,0.40072086453437805,0
20,423,-0.20911401510238647,0
20,424,0.16174277663230896,0
20,425,0.29895275831222534,0
20,426,-0.1197952851653099,0
20,427,0.03206177428364754,0
20,428,-0.7454160451889038,0
20,429,0.4779883325099945,0
20,430,0.5868375897407532,0
20,431,-0.06873498111963272,0
20,432,-0.08988771587610245,0
20,433,0.4881141483783722,0
20,434,0.6294556260108948,0
20,435,-0.39131614565849304,0
20,436,0.5299122333526611,0
20,437,-0.17713557183742523,0
20,438,0.10621505230665207,0
20,439,0.9144992232322693,0
20,440,0.019935067743062973,0
20,441,0.5222063660621643,0
20,442,0.7541252970695496,0
20,443,-0.19537372887134552,0
20,444,0.16623543202877045,0
20,445,0.29733404517173767,0
20,446,-0.26117122173309326,0
20,447,0.31479737162590027,0
20,448,-0.0036704670637845993,0
20,449,0.3730629086494446,0
20,450,-0.5563541054725647,0
20,451,0.3945586383342743,0
20,452,0.06734838336706161,0
20,453,0.5853186249732971,0
20,454,-0.23765406012535095,0
20,455,0.9387038350105286,0
20,456,0.14364074170589447,0
20,457,0.048332538455724716,0
20,458,-0.011992596089839935,0
20,459,-0.38499167561531067,0
20,460,0.15656568109989166,0
20,461,0.9399534463882446,0
20,462,0.2296375185251236,0
20,463,0.5809310674667358,0
20,464,0.7097654342651367,0
20,465,-0.9084914922714233,0
20,466,0.16702404618263245,0
20,467,0.4024670720100403,0
20,468,0.12279794365167618,0
20,469,-0.008273506537079811,0
20,470,0.4223882257938385,0
20,471,-0.2188331037759781,0
20,472,0.6936277151107788,0
20,473,0.32299134135246277,0
20,474,0.38002148270606995,0
20,475,0.38056620955467224,0
20,476,-0.12590231001377106,0
20,477,-0.19649404287338257,0
20,478,0.48495277762413025,0
20,479,0.0418412908911705,0
20,480,0.910021185874939,0
20,481,-0.433765172958374,0
20,482,0.6530982851982117,0
20,483,0.5678489804267883,0
20,484,-0.6462058424949646,0
20,485,0.034140948206186295,0
20,486,0.41022950410842896,0
20,487,0.3138730525970459,0
20,488,0.20119410753250122,0
20,489,0.30407077074050903,0
20,490,-0.10205572843551636,0
20,491,-0.6109462380409241,0
20,492,0.36666274070739746,0
20,493,-0.02069045975804329,0
20,494,0.15760652720928192,0
20,495,0.2340986728668213,0
20,496,0.19284923374652863,0
20,497,0.3185911476612091,0
20,498,0.5366141200065613,0
20,499,0.714747965335846,0
20,500,0.12617243826389313,0
20,501,0.12873804569244385,0
20,502,0.2970137894153595,0
20,503,-0.21452070772647858,0
20,504,0.29943764209747314,0
20,505,0.12674234807491302,0
20,506,0.09691212326288223,0
20,507,0.6167253255844116,0
20,508,0.2850646674633026,0
20,509,0.6782853007316589,0
20,510,0.793070375919342,0
20,511,0.5550094246864319,0
20,512,0.389265775680542,0
20,513,-0.24825982749462128,0
20,514,-0.29243791103363037,0
20,515,-0.4434104859828949,0
20,516,-0.23383238911628723,0
20,517,-0.08561200648546219,0
20,518,0.02905156835913658,0
20,519,-0.12330027669668198,0
20,520,-0.16486449539661407,0
20,521,0.6722238659858704,0
20,522,-0.6338256597518921,0
20,523,0.08399856090545654,0
20,524,0.33243632316589355,0
20,525,-0.44053420424461365,0
20,526,-0.08147189766168594,0
20,527,-1.154869794845581,0
20,528,0.34940609335899353,0
20,529,0.45144468545913696,0
20,530,0.10507647693157196,0
20,531,-0.4034198522567749,0
20,532,0.7270931601524353,0
20,533,0.4176819622516632,0
20,534,0.7279067039489746,0
20,535,0.7129378318786621,0
20,536,0.44826507568359375,0
20,537,0.9240915775299072,0
20,538,0.5524123907089233,0
20,539,0.001205164473503828,0
20,540,0.08158176392316818,0
20,541,0.7420790195465088,0
20,542,0.5902554392814636,0
20,543,0.6304881572723389,0
20,544,0.06041849032044411,0
20,545,0.9832475185394287,0
20,546,0.4027763307094574,0
20,547,0.2982967495918274,0
20,548,0.3624895215034485,0
20,549,0.22853831946849823,0
20,550,0.6655599474906921,0
20,551,0.15438035130500793,0
20,552,0.17755083739757538,0
20,553,-0.15202224254608154,0
20,554,0.5010145902633667,0
20,555,0.18413618206977844,0
20,556,-0.03529146686196327,0
20,557,0.4561598002910614,0
20,558,0.7535184621810913,0
20,559,0.6542054414749146,0
20,560,0.8613405227661133,0
20,561,0.21921080350875854,0
20,562,0.2651486396789551,0
20,563,0.32401588559150696,0
20,564,-0.2599150240421295,0
20,565,0.7896866798400879,0
20,566,-0.331434428691864,0
20,567,0.5940479040145874,0
20,568,0.01910070702433586,0
20,569,0.379904568195343,0
20,570,0.30416151881217957,0
20,571,0.27285486459732056,0
20,572,0.21328982710838318,1
20,573,0.012803218327462673,0
20,574,0.17707788944244385,0
20,575,0.4578431248664856,0
20,576,0.036130379885435104,0
20,577,-0.0689794048666954,0
20,578,0.6431016325950623,0
20,579,0.44921228289604187,0
20,580,0.08851069957017899,0
20,581,0.9858245849609375,0
20,582,0.29131367802619934,0
20,583,0.4487766921520233,0
20,584,0.4831407070159912,0
20,585,-0.04931296408176422,0
20,586,-0.014930191449820995,0
20,587,0.5713860392570496,1
20,588,0.1371607482433319,0
20,589,-0.3594379723072052,0
20,590,-0.20085686445236206,0
20,591,0.33428752422332764,0
20,592,0.30855023860931396,0
20,593,-0.4040388762950897,1
20,594,-0.18431787192821503,0
20,595,0.44987180829048157,0
20,596,0.18987500667572021,0
20,597,-0.24270303547382355,0
20,598,-0.5643478631973267,0
20,599,0.12946073710918427,0
20,600,-0.0007737993146292865,0
20,601,-0.27470362186431885,0
20,602,0.33190321922302246,0
20,603,-0.08585521578788757,0
20,604,0.12116994708776474,0
20,605,0.6149446964263916,0
20,606,-0.33739227056503296,0
20,607,0.24825792014598846,0
20,608,-0.12463347613811493,0
20,609,0.02191457524895668,0
20,610,0.8134335279464722,0
20,611,0.10469024628400803,0
20,612,0.2881242036819458,0
20,613,0.23929820954799652,0
20,614,-0.007070892956107855,0
20,615,0.3017386198043823,0
20,616,-0.030078668147325516,0
20,617,0.526925265789032,0
20,618,-0.3635711371898651,0
20,619,-0.07522878795862198,0
20,620,-0.5683982372283936,0
20,621,-0.09950602799654007,0
20,622,0.21677939593791962,0
20,623,0.23233389854431152,0
20,624,0.5746994018554688,0
20,625,-0.4435538649559021,0
20,626,-0.0539914108812809,0
20,627,0.7354196906089783,0
20,628,0.08472350239753723,0
20,629,0.2682059407234192,0
20,630,0.577247142791748,0
20,631,0.5901426076889038,0
20,632,0.17325961589813232,0
20,633,0.47716400027275085,0
20,634,0.21848751604557037,0
20,635,0.08937830477952957,0
20,636,0.3116718530654907,0
20,637,-0.08938054740428925,0
20,638,0.41345953941345215,0
20,639,-0.0882614329457283,0
20,640,0.2717221677303314,0
20,641,-0.11221430450677872,0
20,642,-0.0845533162355423,0
20,643,-0.25011348724365234,0
20,644,-0.08496709913015366,0
20,645,-0.14318102598190308,0
20,646,0.7986992597579956,0
20,647,0.18841972947120667,0
20,648,0.06701099872589111,0
20,649,0.6437766551971436,0
20,650,-0.06332118809223175,0
20,651,0.5525054335594177,0
20,652,-0.4285936653614044,0
20,653,0.09398475289344788,0
20,654,0.23548927903175354,0
20,655,0.5010552406311035,0
20,656,0.15891706943511963,0
20,657,-0.5044597387313843,0
20,658,0.04234137758612633,0
20,659,0.3356899619102478,0
20,660,0.07050174474716187,0
20,661,0.14214974641799927,0
20,662,-0.24792852997779846,0
20,663,-0.2506945729255676,0
20,664,0.014230800792574883,0
20,665,0.2876719832420349,0
20,666,-0.05686848983168602,0
20,667,-0.22074249386787415,0
20,668,0.6453282833099365,0
20,669,0.9523826837539673,0
20,670,0.2111138105392456,0
20,671,0.6105616092681885,0
20,672,-0.19697144627571106,0
20,673,0.5355639457702637,0
20,674,0.039184797555208206,0
20,675,0.7698587775230408,0
20,676,0.15009428560733795,0
20,677,0.20597462356090546,0
20,678,0.08093321323394775,0
20,679,0.7772857546806335,0
20,680,-0.29839521646499634,0
20,681,0.0973052829504013,0
20,682,-0.21933786571025848,0
20,683,-0.2853575050830841,0
20,684,0.5342063307762146,0
20,685,-0.5397418737411499,0
20,686,-0.09924761205911636,0
20,687,0.6847075819969177,0
20,688,0.3848252594470978,0
20,689,-0.12546531856060028,0
20,690,0.11921052634716034,0
20,691,-0.10800063610076904,0
20,692,0.49729740619659424,0
20,693,0.9927396178245544,0
20,694,-0.08173541724681854,0
20,695,0.46107956767082214,0
20,696,-0.027927709743380547,0
20,697,0.4540148675441742,0
34,0,0.42843902111053467,0
34,1,0.33120912313461304,0
34,2,0.15207085013389587,0
34,3,0.38258615136146545,0
34,4,0.6289798021316528,0
34,5,0.9078565835952759,0
34,6,0.2522631287574768,0
34,7,-0.017729634419083595,0
34,8,0.46078774333000183,0
34,9,0.6564933657646179,0
34,10,0.1545245349407196,0
34,11,0.6383126974105835,0
34,12,-0.09220224618911743,0
34,13,-0.24323800206184387,0
34,14,-0.15245406329631805,0
34,15,0.3795306384563446,0
34,16,0.25187355279922485,0
34,17,0.055566754192113876,0
34,18,0.6902323961257935,0
34,19,0.14182031154632568,0
34,20,0.020137695595622063,0
34,21,0.1974591314792633,0
34,22,0.26665836572647095,0
34,23,-0.19187256693840027,0
34,24,0.3419784605503082,0
34,25,0.27789178490638733,0
34,26,0.16087254881858826,0
34,27,-0.43947091698646545,0
34,28,0.3356320858001709,0
34,29,0.3489956259727478,0
34,30,0.3602035939693451,0
34,31,0.3822389543056488,0
34,32,0.27202674746513367,0
34,33,0.8878338932991028,0
34,34,-0.2515638470649719,0
34,35,-0.02734639123082161,0
34,36,0.045599620789289474,0
34,37,0.3176809549331665,0
34,38,0.39257264137268066,0
34,39,-0.010254464112222195,0
34,40,0.5240671634674072,0
34,41,-0.31353113055229187,0
34,42,0.17732571065425873,0
34,43,0.3102708160877228,0
34,44,0.2395239770412445,0
34,45,0.4333893954753876,0
34,46,0.26518306136131287,0
34,47,-0.3202463388442993,0
34,48,0.5672974586486816,0
34,49,0.40304046869277954,0
34,50,0.2304995357990265,0
34,51,0.40388554334640503,0
34,52,-0.2293468564748764,0
34,53,-0.04154856503009796,0
34,54,-0.04698586463928223,0
34,55,-0.10232505202293396,0
34,56,0.33620917797088623,0
34,57,-0.32956546545028687,0
34,58,-0.21196074783802032,0
34,59,0.5198831558227539,0
34,60,0.3165348768234253,0
34,61,-0.08600905537605286,0
34,62,0.29953712224960327,0
34,63,0.38244032859802246,0
34,64,0.3679233193397522,0
34,65,0.19282139837741852,0
34,66,0.046903446316719055,0
34,67,0.1386590152978897,0
34,68,0.30068308115005493,0
34,69,-0.010752326808869839,0
34,70,0.12438349425792694,0
34,71,0.08649131655693054,0
34,72,0.6681448817253113,0
34,73,-0.053814344108104706,0
34,74,0.4205573797225952,0
34,75,0.4468305706977844,0
34,76,-0.26148858666419983,0
34,77,-0.08119475841522217,0
34,78,-0.3981504440307617,0
34,79,-0.599454939365387,0
34,80,-0.05128661170601845,0
34,81,-0.22806711494922638,0
34,82,0.44620466232299805,0
34,83,0.6803225874900818,0
34,84,0.5440055131912231,0
34,85,0.25695788860321045,0
34,86,-0.058424290269613266,0
34,87,-0.07174807041883469,0
34,88,0.4405139088630676,0
34,89,0.47118157148361206,0
34,90,-0.5184900164604187,0
34,91,0.3451327979564667,0
34,92,0.5628830790519714,0
34,93,-0.19296224415302277,0
34,94,0.16112063825130463,0
34,95,0.49262550473213196,0
34,96,0.4935609996318817,0
34,97,-0.02735479176044464,0
34,98,-0.16209444403648376,0
34,99,0.21380193531513214,0
34,100,-0.012264649383723736,0
34,101,0.3289385437965393,0
34,102,0.0957229882478714,0
34,103,-0.4307660162448883,0
34,104,0.27025172114372253,0
34,105,0.0073371524922549725,0
34,106,0.22992512583732605,0
34,107,0.43015867471694946,0
34,108,0.7476071119308472,0
34,109,0.27864009141921997,0
34,110,0.13561469316482544,0
34,111,-0.018738076090812683,0
34,112,0.6687434911727905,0
34,113,-0.1164783239364624,0
34,114,-0.08548253029584885,0
34,115,0.30633780360221863,0
34,116,0.03345949947834015,0
34,117,0.2868000268936157,0
34,118,0.06424222141504288,0
34,119,-0.2643578052520752,0
34,120,-0.18753282725811005,0
34,121,0.2302008420228958,0
34,122,-0.12789160013198853,0
34,123,0.08950065821409225,0
34,124,0.8201311230659485,0
34,125,0.40635526180267334,0
34,126,0.04190581664443016,0
34,127,0.09586108475923538,0
34,128,0.09925483167171478,0
34,129,0.06040147319436073,0
34,130,-0.03494308516383171,0
34,131,-0.20426543056964874,0
34,132,-0.1519726663827896,0
34,133,0.09710397571325302,0
34,134,0.15506984293460846,0
34,135,-0.028527481481432915,0
34,136,0.40004146099090576,0
34,137,0.42648831009864807,0
34,138,-0.13663707673549652,0
34,139,0.18169625103473663,0
34,140,-0.13054192066192627,0
34,141,0.5325161218643188,0
34,142,0.005608394742012024,0
34,143,-0.4146805703639984,0
34,144,0.17294444143772125,0
34,145,0.3607074022293091,0
34,146,-0.015114035457372665,0
34,147,0.11897053569555283,0
34,148,0.05923369899392128,0
34,149,0.08451675623655319,0
34,150,-0.14111976325511932,0
34,151,0.03750785067677498,0
34,152,0.34067049622535706,0
34,153,0.6647316217422485,0
34,154,0.03376835584640503,0
34,155,0.039004337042570114,0
34,156,0.23503318428993225,0
34,157,0.08706935495138168,0
34,158,0.2968088388442993,0
34,159,-0.16966168582439423,0
34,160,0.2309485822916031,0
34,161,-0.09626206755638123,0
34,162,-0.021431582048535347,0
34,163,0.05037328600883484,0
34,164,0.4998961091041565,0
34,165,-0.09097870439291,0
34,166,-0.04961840808391571,0
34,167,0.20521330833435059,0
34,168,0.4566553831100464,0
34,169,0.4301038086414337,0
34,170,0.29606449604034424,0
34,171,0.6651262640953064,0
34,172,0.06613784283399582,0
34,173,0.17540329694747925,0
34,174,0.054439082741737366,0
34,175,-0.03619258478283882,0
34,176,-0.05871209874749184,0
34,177,-0.33934256434440613,0
34,178,0.00757217314094305,0
34,179,0.492733895778656,0
34,180,-0.3183273673057556,0
34,181,0.20710715651512146,0
34,182,-0.265710711479187,0
34,183,0.10417278110980988,0
34,184,-0.043315380811691284,0
34,185,-0.2563539147377014,0
34,186,0.07868021726608276,0
34,187,-0.0810074731707573,0
34,188,0.8705264329910278,0
34,189,0.49106141924858093,0
34,190,0.5551830530166626,0
34,191,0.30448123812675476,0
34,192,0.37835317850112915,0
34,193,0.38893064856529236,0
34,194,0.34262460470199585,0
34,195,0.20710697770118713,0
34,196,0.3093881607055664,0
34,197,-0.07724098116159439,0
34,198,0.104361392557621,0
34,199,0.41409844160079956,0
34,200,0.25449106097221375,0
34,201,-0.22737562656402588,0
34,202,0.06922148913145065,0
34,203,0.4034149944782257,0
34,204,0.32476216554641724,0
34,205,-0.23992544412612915,0
34,206,-0.05812589079141617,0
34,207,-0.23514261841773987,0
34,208,0.20563650131225586,0
34,209,0.5775940418243408,0
34,210,0.0266165342181921,0
34,211,0.11760450154542923,0
34,212,0.16719046235084534,0
34,213,-0.03967105969786644,0
34,214,0.0301269069314003,0
34,215,0.05124272033572197,0
34,216,0.11087227612733841,0
34,217,0.11665532737970352,0
34,218,0.4726034998893738,0
34,219,0.6935132741928101,0
34,220,0.10224037617444992,0
34,221,0.12187042832374573,0
34,222,-0.033150095492601395,0
34,223,0.24683356285095215,0
34,224,0.1714300513267517,0
34,225,0.1364852339029312,0
34,226,0.22106508910655975,0
34,227,0.001791092217899859,0
34,228,0.6079635620117188,0
34,229,0.23953919112682343,0
34,230,0.09147533774375916,0
34,231,0.0633244514465332,0
34,232,-0.14414723217487335,0
34,233,-0.037502188235521317,0
34,234,-0.1374880075454712,0
34,235,-0.15229345858097076,0
34,236,0.21610349416732788,0
34,237,0.575708270072937,0
34,238,-0.05527137964963913,0
34,239,0.10306646674871445,0
34,240,0.4493354558944702,0
34,241,-0.6458703279495239,0
34,242,0.12274030596017838,0
34,243,0.3844529688358307,0
34,244,0.02862459607422352,0
34,245,0.530048668384552,0
34,246,0.08171892911195755,0
34,247,0.36275067925453186,0
34,248,-0.14982116222381592,0
34,249,0.3289499282836914,0
34,250,0.7161377668380737,0
34,251,0.15280844271183014,0
34,252,0.09909741580486298,0
34,253,0.4968773126602173,0
34,254,0.30119049549102783,0
34,255,-0.523744523525238,0
34,256,0.4414118826389313,0
34,257,-0.1668820083141327,0
34,258,-0.07925593852996826,0
34,259,-0.0649077370762825,0
34,260,-0.04717393219470978,0
34,261,-6.09762137173675e-05,0
34,262,0.1302352249622345,0
34,263,0.18084800243377686,0
34,264,-0.007894126698374748,0
34,265,-0.5551720857620239,0
34,266,0.5271579623222351,0
34,267,0.10708180069923401,0
34,268,0.5754374861717224,0
34,269,0.8278977274894714,0
34,270,0.12207043915987015,0
34,271,0.1385536938905716,0
34,272,-0.06991393119096756,0
34,273,-0.012226592749357224,0
34,274,-0.47055545449256897,0
34,275,-0.4302654564380646,0
34,276,-0.09261859208345413,0
34,277,-0.3650757372379303,0
34,278,0.14259327948093414,0
34,279,0.5146070718765259,0
34,280,0.15001143515110016,0
34,281,0.03773677349090576,0
34,282,-0.7179921865463257,0
34,283,0.015145753510296345,0
34,284,-0.06766185909509659,0
34,285,0.7924588322639465,0
34,286,0.7054412364959717,0
34,287,-0.5387936234474182,0
34,288,0.10440771281719208,0
34,289,0.1262563019990921,0
34,290,0.028495196253061295,0
34,291,0.125599205493927,0
34,292,0.3524930477142334,0
34,293,0.28204745054244995,0
34,294,0.4698074758052826,0
34,295,1.8392263650894165,0
34,296,0.03010760433971882,0
34,297,-0.05415588244795799,0
34,298,-0.38294363021850586,0
34,299,0.1659785658121109,0
34,300,0.330301433801651,0
34,301,0.4462273418903351,0
34,302,0.20792493224143982,0
34,303,0.23341943323612213,0
34,304,0.42406296730041504,0
34,305,0.3472668528556824,0
34,306,0.5892688632011414,0
34,307,-0.42095986008644104,0
34,308,0.2707573473453522,0
34,309,0.2575749158859253,0
34,310,-0.0869622454047203,0
34,311,0.0732976421713829,0
34,312,0.264676034450531,0
34,313,0.08053383231163025,0
34,314,-0.21739870309829712,0
34,315,-0.7680875658988953,0
34,316,-0.20017845928668976,0
34,317,0.34299951791763306,0
34,318,0.6018716096878052,0
34,319,0.07800588756799698,0
34,320,-0.38484254479408264,0
34,321,-0.2559228241443634,0
34,322,0.05771603062748909,0
34,323,0.09403173625469208,0
34,324,0.20021764934062958,0
34,325,0.19915221631526947,0
34,326,-0.03331983834505081,0
34,327,-0.29360145330429077,0
34,328,-0.39081138372421265,0
34,329,0.10230988264083862,0
34,330,-0.20443607866764069,0
34,331,-0.49055245518684387,0
34,332,0.5489184856414795,0
34,333,-0.20071491599082947,0
34,334,-0.08003515750169754,0
34,335,0.32965993881225586,0
34,336,0.5888503193855286,0
34,337,0.37552210688591003,0
34,338,-0.06599955260753632,0
34,339,-0.16977545619010925,0
34,340,0.05278892070055008,0
34,341,0.2920617163181305,0
34,342,0.09806163609027863,0
34,343,-0.2355733960866928,0
34,344,0.7153659462928772,0
34,345,0.41298016905784607,0
34,346,0.6595942974090576,0
34,347,-0.08320344984531403,0
34,348,-0.06997833400964737,0
34,349,0.2128499299287796,0
34,350,0.379431813955307,0
34,351,0.15799066424369812,0
34,352,-0.36638322472572327,0
34,353,-0.07322848588228226,0
34,354,0.2691376507282257,0
34,355,0.8037252426147461,0
34,356,-0.2033938467502594,0
34,357,0.18272846937179565,0
34,358,0.5522427558898926,0
34,359,0.0509113147854805,0
34,360,0.16616830229759216,0
34,361,0.4781007468700409,0
34,362,-0.4851524233818054,0
34,363,-0.17427118122577667,0
34,364,0.012094314210116863,0
34,365,0.17166335880756378,0
34,366,0.29794350266456604,0
34,367,0.0638670027256012,0
34,368,0.28538990020751953,0
34,369,0.018285049125552177,0
34,370,0.35907918214797974,0
34,371,0.06060884892940521,0
34,372,0.1507371962070465,0
34,373,0.2708820104598999,0
34,374,-0.7699743509292603,0
34,375,0.00310958712361753,0
34,376,0.013964482583105564,0
34,377,0.28409650921821594,0
34,378,0.13970904052257538,0
34,379,0.5125635266304016,0
34,380,0.18754200637340546,0
34,381,0.14131972193717957,0
34,382,0.20438067615032196,0
34,383,0.24086937308311462,0
34,384,0.16384874284267426,1
34,385,-0.1347595751285553,0
34,386,-0.1434311419725418,0
34,387,0.4372454285621643,0
34,388,-0.24891914427280426,0
34,389,0.06702091544866562,0
34,390,-0.21445438265800476,0
34,391,0.20717045664787292,0
34,392,-0.09400905668735504,0
34,393,0.42991864681243896,0
34,394,0.2534887492656708,0
34,395,-0.2269427478313446,0
34,396,-0.22397129237651825,0
34,397,0.08383412659168243,0
34,398,-0.033437296748161316,0
34,399,-0.5114039778709412,0
34,400,-0.48798638582229614,0
34,401,-0.3112477660179138,0
34,402,0.20783209800720215,0
34,403,0.3434225618839264,0
34,404,0.6172647476196289,0
34,405,0.742676317691803,0
34,406,0.64890056848526,0
34,407,0.7210830450057983,0
34,408,0.6228103637695312,0
34,409,0.10448165982961655,0
34,410,0.4155332148075104,0
34,411,0.9213500022888184,0
34,412,0.05095945671200752,0
34,413,-0.04336888715624809,0
34,414,0.672770082950592,0
34,415,0.6349613666534424,0
34,416,0.2928256690502167,0
34,417,0.3924204111099243,0
34,418,0.19328680634498596,0
34,419,0.11915824562311172,0
34,420,1.0510040521621704,0
34,421,0.304328590631485,0
34,422,0.01776561141014099,0
34,423,0.028888627886772156,0
34,424,-0.08919249475002289,0
34,425,-0.41235604882240295,0
34,426,0.38772276043891907,0
34,427,0.20637692511081696,0
34,428,0.2942974865436554,0
34,429,0.5836604237556458,0
34,430,-0.46371299028396606,0
34,431,-0.0938168540596962,0
34,432,0.690495491027832,0
34,433,-0.29433557391166687,0
34,434,-0.10009564459323883,0
34,435,0.7796657681465149,0
34,436,0.36834487318992615,0
34,437,0.387989342212677,0
34,438,0.17464427649974823,0
34,439,0.26826658844947815,0
34,440,0.020749373361468315,0
34,441,0.3704717457294464,0
34,442,-0.4470071494579315,0
34,443,0.2062598317861557,0
34,444,0.5016756653785706,0
34,445,0.21097970008850098,0
34,446,0.3103269338607788,0
34,447,-0.47975414991378784,0
34,448,-0.4154498875141144,0
34,449,-0.32159486413002014,0
34,450,-0.2780475616455078,0
34,451,-0.033108606934547424,0
34,452,0.1050281897187233,0
34,453,0.02990015596151352,0
34,454,0.0146403843536973,0
34,455,-0.4403369724750519,0
34,456,0.8819276690483093,0
34,457,0.05959593132138252,0
34,458,0.7556296586990356,0
34,459,-0.4126417338848114,0
34,460,0.6886931657791138,0
34,461,-0.24604284763336182,0
34,462,-0.531196653842926,0
34,463,-0.1941128671169281,0
34,464,0.3415670394897461,0
34,465,0.12688645720481873,1
34,466,0.43568435311317444,0
34,467,0.03349239006638527,0
34,468,0.1727960705757141,0
34,469,0.4123920500278473,0
34,470,0.09390616416931152,0
34,471,-0.11606991291046143,0
34,472,0.06845465302467346,0
34,473,-0.13585439324378967,0
34,474,0.04570398107171059,0
34,475,0.11307896673679352,0
34,476,0.6065933704376221,0
34,477,-0.10965488851070404,0
34,478,0.6138355135917664,0
34,479,0.2855835258960724,0
34,480,-0.04618357867002487,0
34,481,0.776409387588501,0
34,482,0.055155035108327866,0
34,483,-0.6206190586090088,0
34,484,0.03759321942925453,0
34,485,0.2786259949207306,0
34,486,-0.0022136864718049765,0
34,487,-0.45610612630844116,0
34,488,0.8204479813575745,0
34,489,0.1888718605041504,0
34,490,0.09158041328191757,0
34,491,-0.23608599603176117,0
34,492,-0.11909323185682297,0
34,493,0.7229198813438416,0
34,494,-0.003349526785314083,0
34,495,0.49419891834259033,0
34,496,-0.09476545453071594,0
34,497,0.00902603380382061,0
34,498,0.12397141754627228,0
34,499,0.11725803464651108,0
34,500,0.2371932715177536,0
34,501,0.3218558728694916,0
34,502,0.22955894470214844,0
34,503,0.05277248099446297,0
34,504,-0.14713482558727264,0
34,505,-0.3742658793926239,0
34,506,0.4849880039691925,0
34,507,0.08988205343484879,0
34,508,-0.14687660336494446,0
34,509,-0.15196466445922852,0
34,510,-0.42829129099845886,0
34,511,-0.12927384674549103,0
34,512,-0.0766773596405983,0
34,513,-0.06958147138357162,0
34,514,0.03643941506743431,0
34,515,0.12127634137868881,1
34,516,0.10573802888393402,0
34,517,0.41989636421203613,0
34,518,0.23317742347717285,0
34,519,0.708531379699707,0
34,520,-0.2813735604286194,0
34,521,0.5373923182487488,0
34,522,0.036902401596307755,0
34,523,0.139055535197258,0
34,524,0.39116525650024414,0
34,525,0.4612429440021515,0
34,526,0.3994673490524292,0
34,527,0.1327875703573227,0
34,528,0.13060392439365387,0
34,529,-0.23843537271022797,0
34,530,-0.4787762463092804,0
34,531,-0.1479896456003189,1
34,532,-0.2596663236618042,0
34,533,-0.3900657892227173,1
34,534,0.288289874792099,0
34,535,0.36727792024612427,0
34,536,0.021615339443087578,0
34,537,0.37627363204956055,0
34,538,-0.03530312329530716,0
34,539,-0.0032934800256043673,0
34,540,-0.0479220487177372,0
34,541,0.026847820729017258,0
34,542,-0.30308645963668823,0
34,543,-0.07411397248506546,0
34,544,-0.1507233828306198,0
34,545,0.26546531915664673,0
34,546,0.18687203526496887,0
34,547,-0.0004876585735473782,0
34,548,0.10132172703742981,0
34,549,0.11495792120695114,0
34,550,-0.19914090633392334,0
34,551,-0.2458132654428482,0
34,552,-0.4704419672489166,0
34,553,-0.011328836902976036,0
34,554,-0.07655048370361328,0
34,555,-0.10202635079622269,0
34,556,0.4682641327381134,0
34,557,0.026967087760567665,0
34,558,-0.03709457814693451,0
34,559,-0.5182487964630127,0
34,560,-0.22504238784313202,0
34,561,-0.05006582662463188,0
34,562,0.1670965850353241,0
34,563,-0.1551194190979004,0
34,564,0.5894150137901306,0
34,565,0.30064627528190613,0
34,566,-0.3789996802806854,0
34,567,-0.015449734404683113,0
34,568,-0.012546142563223839,0
34,569,0.027469947934150696,0
34,570,0.03996287286281586,0
34,571,0.2492009997367859,0
34,572,-0.030841028317809105,0
34,573,-0.02236403152346611,0
34,574,-0.3320700228214264,0
34,575,0.09507612884044647,0
34,576,-0.0637379139661789,0
34,577,-0.06656631827354431,0
34,578,0.25254711508750916,0
34,579,0.34383705258369446,0
34,580,0.24306803941726685,0
34,581,0.2900668680667877,0
34,582,0.20028114318847656,0
34,583,0.5231152176856995,0
34,584,0.325082927942276,1
34,585,-0.01961299404501915,0
34,586,0.20730745792388916,0
34,587,0.09209641814231873,0
34,588,-0.4579671323299408,0
34,589,0.38764670491218567,0
34,590,0.031072737649083138,0
34,591,-0.16693712770938873,0
34,592,-0.12363757193088531,0
34,593,-0.05661262199282646,0
34,594,0.16511906683444977,0
34,595,-0.18791760504245758,0
34,596,0.43929076194763184,0
34,597,0.3986537754535675,0
34,598,0.3846007287502289,0
34,599,-0.0019839659798890352,0
34,600,-0.10631753504276276,0
34,601,0.1002834215760231,0
34,602,0.4840989410877228,0
34,603,0.07465071231126785,0
34,604,-0.37659794092178345,0
34,605,0.03550397977232933,0
34,606,-0.06724705547094345,0
34,607,-0.2751706838607788,0
34,608,-0.055014148354530334,0
34,609,-0.0018115011043846607,0
34,610,-0.19187676906585693,0
34,611,0.07467442005872726,0
34,612,0.2517302334308624,0
34,613,-0.22540810704231262,0
34,614,0.4702378809452057,0
34,615,0.11948208510875702,0
34,616,0.13606831431388855,0
34,617,0.10687649995088577,0
34,618,0.13697868585586548,0
34,619,0.1587459146976471,0
34,620,0.06053789705038071,0
34,621,0.016949838027358055,0
34,622,0.37691810727119446,0
34,623,-0.10649316757917404,0
34,624,-0.15845347940921783,0
34,625,-0.10087309032678604,0
34,626,-0.20449018478393555,0
34,627,0.6649911999702454,0
34,628,0.12235361337661743,0
34,629,0.1234893798828125,0
34,630,-0.029032710939645767,0
34,631,0.25890401005744934,0
34,632,-0.035377174615859985,0
34,633,-0.10236460715532303,0
34,634,0.06781913340091705,0
34,635,0.2929518520832062,0
34,636,0.1501498818397522,0
34,637,-0.02809675969183445,0
34,638,0.2008032202720642,0
34,639,0.18902096152305603,0
34,640,0.9082931876182556,0
34,641,0.044917672872543335,0
34,642,-0.4745286703109741,0
34,643,0.35977837443351746,0
34,644,0.48301634192466736,0
34,645,0.5735514163970947,0
34,646,-0.50270676612854,0
34,647,0.08121898770332336,0
34,648,0.11619634181261063,0
34,649,0.08308883011341095,0
34,650,0.4211454689502716,0
34,651,0.32465827465057373,0
34,652,0.06535499542951584,0
34,653,0.08176041394472122,0
34,654,0.680112361907959,0
34,655,0.08655765652656555,0
34,656,0.7058221697807312,0
34,657,0.3628924489021301,0
34,658,0.20655256509780884,0
34,659,0.21726453304290771,0
34,660,0.37768346071243286,0
34,661,0.2538544833660126,0
34,662,1.0406115055084229,0
34,663,0.0024098451249301434,0
34,664,-0.15533266961574554,0
34,665,0.21697275340557098,0
34,666,-0.32201117277145386,0
34,667,0.5015113353729248,0
34,668,-0.2639375627040863,0
34,669,0.07673855125904083,0
34,670,0.4049478769302368,0
34,671,-0.05899281054735184,0
34,672,0.24247409403324127,0
34,673,-0.011059761047363281,0
34,674,0.4974652826786041,0
34,675,-0.2682402431964874,0
34,676,0.14998069405555725,0
34,677,-0.4609185755252838,0
34,678,0.6453192830085754,0
34,679,-0.1682506501674652,0
34,680,0.20450544357299805,0
34,681,-0.01922289840877056,0
34,682,0.7043384313583374,0
34,683,0.2516012191772461,0
34,684,-0.29415571689605713,0
34,685,0.49598872661590576,0
34,686,-0.19032232463359833,0
34,687,0.5147100687026978,0
34,688,-0.31567907333374023,0
34,689,0.43983885645866394,0
34,690,0.027362659573554993,0
34,691,-0.26703524589538574,0
34,692,0.24182404577732086,0
34,693,0.33491048216819763,0
34,694,0.5018115043640137,0
34,695,0.056855760514736176,0
34,696,0.06268537044525146,0
34,697,0.2905544340610504,0
63,0,-0.5325071811676025,0
63,1,0.055178526788949966,0
63,2,-0.7667521834373474,0
63,3,1.2000446319580078,0
63,4,0.6321614980697632,0
63,5,-0.5379073619842529,0
63,6,-0.47145920991897583,0
63,7,-0.1130937710404396,0
63,8,0.33727169036865234,0
63,9,0.580436646938324,0
63,10,-0.30122360587120056,0
63,11,0.23303388059139252,0
63,12,0.6310563087463379,0
63,13,-0.2508566081523895,0
63,14,-0.00424477644264698,0
63,15,0.12428977340459824,0
63,16,0.45612332224845886,0
63,17,-0.12132412195205688,0
63,18,-0.23964881896972656,0
63,19,0.1709103286266327,0
63,20,-0.24547812342643738,0
63,21,-0.47433969378471375,0
63,22,0.31119340658187866,0
63,23,0.2392755001783371,0
63,24,0.3009031116962433,0
63,25,0.07638677209615707,0
63,26,-0.2232937514781952,0
63,27,0.4542650580406189,0
63,28,-0.655602216720581,0
63,29,0.16588179767131805,0
63,30,-0.5215814113616943,0
63,31,0.14194060862064362,0
63,32,-0.30336683988571167,0
63,33,0.09491150081157684,0
63,34,0.03888687118887901,0
63,35,-0.3790077567100525,0
63,36,0.08991487324237823,0
63,37,-0.5989252328872681,0
63,38,0.9833219051361084,0
63,39,0.9755234718322754,0
63,40,0.23845548927783966,0
63,41,-0.22251999378204346,0
63,42,0.7592641115188599,0
63,43,-0.01789095811545849,0
63,44,0.6484118103981018,0
63,45,0.5772519111633301,0
63,46,-0.3543897569179535,0
63,47,-0.3309343755245209,0
63,48,-0.8410435318946838,0
63,49,1.0403447151184082,0
63,50,0.5332787036895752,0
63,51,-0.6613640785217285,0
63,52,-0.08973132073879242,0
63,53,0.15145689249038696,0
63,54,-0.3853561580181122,0
63,55,-0.5568392872810364,0
63,56,-0.34122538566589355,0
63,57,-0.5050541162490845,0
63,58,0.14416293799877167,0
63,59,0.6417316198348999,0
63,60,0.16221831738948822,0
63,61,-0.09934692829847336,0
63,62,0.21882100403308868,0
63,63,-0.4426589906215668,0
63,64,0.15738092362880707,0
63,65,0.2619931399822235,0
63,66,-0.7620140314102173,0
63,67,-0.5888037085533142,0
63,68,0.26397252082824707,0
63,69,0.14261740446090698,0
63,70,0.48146310448646545,0
63,71,0.520740270614624,0
63,72,-0.5083766579627991,0
63,73,-1.1332730054855347,0
63,74,0.009844335727393627,0
63,75,-0.39047181606292725,0
63,76,0.16667552292346954,0
63,77,0.5684607028961182,0
63,78,-0.19521647691726685,0
63,79,-0.5223218202590942,0
63,80,0.292013019323349,0
63,81,-0.3513965904712677,0
63,82,-0.2271338701248169,0
63,83,-0.5019289255142212,0
63,84,-0.38258108496665955,0
63,85,0.6477293372154236,0
63,86,-0.026408588513731956,0
63,87,-0.266236275434494,0
63,88,0.273179292678833,0
63,89,0.28180620074272156,0
63,90,-0.11585178971290588,0
63,91,0.6237063407897949,0
63,92,0.11933600157499313,0
63,93,-0.4521562159061432,0
63,94,-0.1602795422077179,0
63,95,-0.509876012802124,0
63,96,-0.4630470871925354,0
63,97,-1.057407259941101,0
63,98,-1.0611940622329712,0
63,99,-1.018210530281067,0
63,100,-0.18010446429252625,0
63,101,-0.1527344286441803,0
63,102,-0.39356085658073425,0
63,103,-0.6380917429924011,0
63,104,-0.18738208711147308,0
63,105,-0.01686883717775345,0
63,106,-0.9807302355766296,0
63,107,1.2623753547668457,0
63,108,0.3328531086444855,0
63,109,-0.40492957830429077,0
63,110,-0.5992869734764099,0
63,111,0.292118102312088,0
63,112,-0.346477746963501,0
63,113,-0.14715412259101868,0
63,114,-0.1392035186290741,0
63,115,-0.47377684712409973,0
63,116,0.02112489938735962,0
63,117,-0.5539658069610596,0
63,118,-0.6252021193504333,0
63,119,-0.7565919160842896,0
63,120,0.16609305143356323,0
63,121,-0.030297791585326195,0
63,122,-0.34181150794029236,0
63,123,0.07411365956068039,0
63,124,-0.6445797085762024,0
63,125,0.4784126579761505,0
63,126,-0.35568687319755554,0
63,127,0.2927508056163788,0
63,128,-0.0796533077955246,0
63,129,0.2505667805671692,0
63,130,0.7641587257385254,0
63,131,-0.7971498966217041,0
63,132,-0.42315471172332764,0
63,133,-0.35695987939834595,0
63,134,-0.4329000413417816,0
63,135,-0.858537495136261,0
63,136,0.2889406681060791,0
63,137,0.4764924943447113,0
63,138,0.41637131571769714,0
63,139,-0.5801554918289185,0
63,140,-0.7977778315544128,0
63,141,0.4965355694293976,0
63,142,0.005025357939302921,0
63,143,-0.13014811277389526,0
63,144,0.03349362686276436,0
63,145,-0.2365681529045105,0
63,146,-0.34847232699394226,0
63,147,-0.8359290361404419,0
63,148,0.7129342555999756,0
63,149,-0.28619319200515747,0
63,150,-0.5703784227371216,0
63,151,0.10225733369588852,0
63,152,0.630893349647522,0
63,153,0.359203577041626,0
63,154,-1.2821837663650513,0
63,155,0.3168262839317322,0
63,156,0.1303853839635849,0
63,157,-0.13767904043197632,0
63,158,0.2699233591556549,0
63,159,0.30681148171424866,0
63,160,-1.0214649438858032,0
63,161,-0.4485587775707245,0
63,162,-0.3176111876964569,0
63,163,-0.5852640271186829,0
63,164,-0.44973891973495483,0
63,165,-0.7661944627761841,0
63,166,0.5593763589859009,0
63,167,0.2159506380558014,0
63,168,-1.1083807945251465,0
63,169,-1.0055099725723267,0
63,170,-0.0483940914273262,0
63,171,-0.11678242683410645,0
63,172,-0.375752329826355,0
63,173,-0.20699955523014069,0
63,174,1.252701759338379,0
63,175,0.4904007315635681,0
63,176,0.03584924340248108,0
63,177,-0.4677112400531769,0
63,178,-0.22702647745609283,0
63,179,0.22706785798072815,0
63,180,0.8146964907646179,0
63,181,0.7495288252830505,0
63,182,-1.2436789274215698,0
63,183,0.06134452670812607,0
63,184,0.2052447497844696,0
63,185,0.277439683675766,0
63,186,-0.412759006023407,0
63,187,-0.6033357977867126,0
63,188,-0.19898608326911926,0
63,189,0.6085103750228882,0
63,190,-0.4037407636642456,0
63,191,-0.7885135412216187,0
63,192,0.2913515567779541,0
63,193,0.15524697303771973,0
63,194,-0.1677969992160797,0
63,195,-0.4575721323490143,0
63,196,-0.06639829277992249,0
63,197,-0.5114268064498901,0
63,198,-0.49061307311058044,0
63,199,-0.39121323823928833,0
63,200,-0.3460831344127655,0
63,201,-0.4090314507484436,0
63,202,-0.6030257344245911,0
63,203,0.32413730025291443,0
63,204,0.03717130050063133,0
63,205,-0.07765008509159088,0
63,206,-0.3119504749774933,0
63,207,0.18097344040870667,0
63,208,0.7362666130065918,0
63,209,0.6165041327476501,0
63,210,-0.6174260377883911,0
63,211,0.5822829604148865,0
63,212,1.6264129877090454,0
63,213,-0.06995366513729095,0
63,214,-0.0989951640367508,0
63,215,0.09144320338964462,0
63,216,0.9845724105834961,0
63,217,1.3434062004089355,0
63,218,-1.1893794536590576,0
63,219,-0.6784476637840271,0
63,220,-0.060396745800971985,0
63,221,-0.7183048129081726,0
63,222,0.5330438613891602,0
63,223,0.608490526676178,0
63,224,-0.2915548086166382,0
63,225,-0.28349387645721436,0
63,226,-0.12731555104255676,0
63,227,0.3169279396533966,0
63,228,-0.568967878818512,0
63,229,-0.28179508447647095,0
63,230,0.47280004620552063,0
63,231,-0.7086463570594788,0
63,232,-0.04774542152881622,0
63,233,0.19223125278949738,0
63,234,0.1320073902606964,0
63,235,-0.8405004739761353,0
63,236,0.6427028775215149,0
63,237,0.43151727318763733,0
63,238,-0.9193528294563293,0
63,239,0.2190273553133011,0
63,240,-0.15753668546676636,0
63,241,0.09189915657043457,0
63,242,-0.027211079373955727,0
63,243,0.22100704908370972,0
63,244,0.02859915792942047,0
63,245,-0.42627158761024475,0
63,246,-0.6451912522315979,0
63,247,0.6032606363296509,0
63,248,0.4732833206653595,0
63,249,0.12786535918712616,0
63,250,0.483024537563324,0
63,251,-0.07899102568626404,0
63,252,-0.47587963938713074,0
63,253,0.18695610761642456,0
63,254,2.951944351196289,0
63,255,0.06725257635116577,0
63,256,0.0028036925941705704,0
63,257,0.09678877145051956,0
63,258,0.05866009369492531,0
63,259,1.0354260206222534,0
63,260,0.5478860139846802,0
63,261,0.5358458161354065,0
63,262,-0.7239250540733337,0
63,263,-0.7742013335227966,0
63,264,0.2992049753665924,0
63,265,0.6931545734405518,0
63,266,-0.2375475913286209,0
63,267,-0.263232946395874,0
63,268,0.8049399256706238,0
63,269,0.7787954211235046,0
63,270,0.5712520480155945,0
63,271,-0.18468818068504333,0
63,272,0.9749329090118408,0
63,273,0.23224693536758423,0
63,274,0.04550737887620926,0
63,275,0.07514400780200958,0
63,276,-0.5701643824577332,0
63,277,1.027759313583374,0
63,278,0.2136230766773224,0
63,279,0.4220603406429291,0
63,280,0.09009282290935516,0
63,281,0.5678250789642334,0
63,282,-0.2215341478586197,0
63,283,-0.21896867454051971,0
63,284,-0.04091500863432884,0
63,285,-0.01675075851380825,0
63,286,-0.28470510244369507,0
63,287,0.7296866774559021,0
63,288,0.4040123522281647,0
63,289,0.9389552474021912,0
63,290,-0.5414577722549438,0
63,291,0.7628528475761414,0
63,292,0.338663250207901,0
63,293,0.9064263701438904,0
63,294,0.19542624056339264,0
63,295,0.6638746857643127,0
63,296,-0.2377612143754959,0
63,297,0.737299382686615,0
63,298,0.08776663988828659,0
63,299,0.5116143822669983,0
63,300,-0.13278770446777344,0
63,301,-0.21669243276119232,0
63,302,1.0452957153320312,0
63,303,-0.20207592844963074,0
63,304,-0.7858713269233704,0
63,305,0.16650737822055817,0
63,306,0.8646182417869568,0
63,307,0.39971089363098145,0
63,308,1.1509803533554077,1
63,309,-0.5973194241523743,0
63,310,0.6955366730690002,0
63,311,-0.49015817046165466,0
63,312,0.18931923806667328,0
63,313,0.007183295674622059,0
63,314,-0.1466616988182068,0
63,315,0.058711472898721695,0
63,316,0.6078563928604126,0
63,317,0.8571038246154785,0
63,318,-0.4435640871524811,0
63,319,0.9064110517501831,0
63,320,-0.09927032142877579,0
63,321,-0.21778346598148346,0
63,322,0.5109186768531799,1
63,323,0.6010874509811401,0
63,324,0.1508813053369522,1
63,325,-0.11789260059595108,0
63,326,-0.7679952383041382,0
63,327,-0.21681436896324158,0
63,328,0.05184239521622658,0
63,329,-0.17227879166603088,0
63,330,0.5567665100097656,0
63,331,0.08291811496019363,0
63,332,-0.1828341782093048,0
63,333,-0.042834945023059845,0
63,334,0.2914729416370392,0
63,335,-0.3618941605091095,0
63,336,-0.7771307826042175,0
63,337,-0.08312593400478363,0
63,338,0.01555239874869585,0
63,339,0.7415711879730225,0
63,340,0.6431301236152649,0
63,341,0.10360759496688843,0
63,342,1.5514302253723145,0
63,343,-0.34619444608688354,0
63,344,0.8574707508087158,0
63,345,-0.2721884250640869,0
63,346,0.4215533137321472,0
63,347,0.03040710650384426,0
63,348,0.25325995683670044,0
63,349,0.40419089794158936,0
63,350,-0.5804610848426819,0
63,351,0.0860593244433403,0
63,352,0.06080663204193115,0
63,353,-0.3152558207511902,0
63,354,0.03041999042034149,0
63,355,-0.26308146119117737,0
63,356,0.3924970328807831,0
63,357,1.012195110321045,0
63,358,0.5188518166542053,0
63,359,0.94737708568573,0
63,360,0.9611689448356628,0
63,361,-0.43862083554267883,0
63,362,-0.6900372505187988,0
63,363,-0.18822810053825378,0
63,364,0.23837138712406158,0
63,365,0.3102744221687317,0
63,366,0.2902199923992157,0
63,367,0.7718830704689026,0
63,368,0.6242931485176086,0
63,369,-0.26058122515678406,0
63,370,1.5309587717056274,0
63,371,0.1623029261827469,0
63,372,-0.4396965503692627,0
63,373,0.1280680149793625,0
63,374,0.20597651600837708,0
63,375,0.14803791046142578,0
63,376,0.4286470413208008,0
63,377,0.42187535762786865,0
63,378,-0.40584686398506165,0
63,379,-0.01813451759517193,0
63,380,-0.5442526340484619,0
63,381,0.23713919520378113,0
63,382,-0.40181684494018555,0
63,383,-0.0728565901517868,0
63,384,0.051978662610054016,0
63,385,-0.41273966431617737,0
63,386,-0.11639302968978882,0
63,387,-0.046780072152614594,0
63,388,-0.4719938337802887,0
63,389,-0.18122681975364685,0
63,390,-0.09034301340579987,0
63,391,1.0079426765441895,0
63,392,-0.017398815602064133,0
63,393,1.0591883659362793,0
63,394,0.19543948769569397,0
63,395,-0.3064590096473694,0
63,396,0.05862785503268242,0
63,397,-0.9846588969230652,0
63,398,-0.569561779499054,0
63,399,1.1675817966461182,0
63,400,0.443770170211792,0
63,401,0.2734198272228241,0
63,402,0.07315880060195923,0
63,403,0.019363220781087875,0
63,404,-0.05961272493004799,0
63,405,0.0930866152048111,0
63,406,-0.32451900839805603,0
63,407,0.2645706236362457,0
63,408,-0.15416619181632996,0
63,409,0.46549925208091736,0
63,410,-0.25940513610839844,0
63,411,0.2834247350692749,0
63,412,-0.43166235089302063,0
63,413,-0.7943854928016663,0
63,414,0.41647544503211975,0
63,415,-0.07214563339948654,0
63,416,-0.007668324280530214,0
63,417,-0.5221166014671326,0
63,418,0.6152942180633545,0
63,419,0.23395898938179016,0
63,420,0.7986628413200378,0
63,421,0.2558180093765259,0
63,422,0.5452008247375488,0
63,423,0.5310943722724915,0
63,424,0.7165219187736511,0
63,425,0.5728293061256409,0
63,426,0.7644197940826416,0
63,427,0.6489121913909912,0
63,428,-0.011326776817440987,0
63,429,0.32352781295776367,0
63,430,0.4765760004520416,0
63,431,-0.16872498393058777,0
63,432,-0.2767488360404968,0
63,433,0.25443264842033386,0
63,434,-0.36966803669929504,0
63,435,-0.32001182436943054,0
63,436,-0.30267688632011414,0
63,437,-0.6072065234184265,0
63,438,0.5953351855278015,0
63,439,0.57432621717453,0
63,440,0.11158397793769836,0
63,441,0.6066360473632812,0
63,442,0.3451950252056122,0
63,443,0.21455363929271698,0
63,444,0.09666501730680466,0
63,445,-0.23962129652500153,0
63,446,-0.47605469822883606,0
63,447,0.9248667359352112,0
63,448,-0.32057708501815796,0
63,449,0.5594264268875122,0
63,450,-0.4692593812942505,0
63,451,0.0878005176782608,0
63,452,0.06238333508372307,0
63,453,0.19525225460529327,0
63,454,0.007830329239368439,0
63,455,0.5147925615310669,0
63,456,0.3768421709537506,0
63,457,-0.26577261090278625,0
63,458,0.15171076357364655,0
63,459,-0.15154677629470825,0
63,460,0.12456850707530975,0
63,461,0.3231823146343231,0
63,462,1.2947850227355957,0
63,463,1.0625735521316528,0
63,464,0.930083155632019,0
63,465,-0.2681175470352173,0
63,466,0.2143496870994568,0
63,467,-0.4491533637046814,0
63,468,0.8578450083732605,0
63,469,0.17124579846858978,0
63,470,0.854053795337677,0
63,471,-0.18078190088272095,0
63,472,-0.11691846698522568,0
63,473,-0.055434200912714005,0
63,474,-0.01663070172071457,0
63,475,-0.2424452006816864,0
63,476,0.12340537458658218,0
63,477,0.08549745380878448,0
63,478,1.5973601341247559,0
63,479,-0.026642102748155594,0
63,480,0.46912676095962524,0
63,481,0.7531211376190186,0
63,482,0.7729242444038391,0
63,483,-0.14313140511512756,0
63,484,0.2876896262168884,0
63,485,-0.4327166676521301,0
63,486,0.6136139631271362,0
63,487,0.26801466941833496,0
63,488,0.7472365498542786,0
63,489,-0.48807641863822937,0
63,490,-1.2810900211334229,0
63,491,0.15330305695533752,0
63,492,0.02970653772354126,0
63,493,-0.15335571765899658,0
63,494,0.9640641212463379,0
63,495,0.430219829082489,0
63,496,0.1104901134967804,0
63,497,0.6226886510848999,0
63,498,0.603017270565033,0
63,499,-0.05088682845234871,0
63,500,-0.013792277313768864,0
63,501,-0.33363282680511475,0
63,502,0.33834362030029297,0
63,503,0.5731247663497925,0
63,504,0.02588808536529541,0
63,505,-0.5189045071601868,0
63,506,0.43611961603164673,0
63,507,1.2957545518875122,0
63,508,0.6778863668441772,0
63,509,0.3255667984485626,0
63,510,0.9984662532806396,0
63,511,0.9636557698249817,0
63,512,0.3892551362514496,0
63,513,-0.2688770294189453,0
63,514,-0.6138418316841125,0
63,515,-0.5648277997970581,0
63,516,-0.7229216694831848,0
63,517,-0.8553890585899353,0
63,518,0.9390210509300232,0
63,519,-0.2139890193939209,0
63,520,-0.3270016014575958,0
63,521,0.8287376165390015,0
63,522,-1.1542893648147583,0
63,523,-0.030947403982281685,0
63,524,0.7265808582305908,0
63,525,-0.19853080809116364,0
63,526,-0.5375351905822754,0
63,527,-1.2072468996047974,0
63,528,0.27771756052970886,0
63,529,0.250099778175354,0
63,530,-0.4236304759979248,0
63,531,-0.5813548564910889,0
63,532,0.7534282207489014,0
63,533,-0.28431934118270874,0
63,534,0.28301915526390076,0
63,535,1.4946026802062988,0
63,536,0.018247829750180244,0
63,537,0.8416235446929932,0
63,538,0.6805732846260071,0
63,539,0.20499615371227264,0
63,540,0.4489533603191376,0
63,541,0.6877995133399963,0
63,542,0.6087536811828613,0
63,543,0.3377142548561096,0
63,544,0.020239761099219322,0
63,545,1.461209774017334,0
63,546,0.7823271751403809,0
63,547,0.6210489869117737,0
63,548,0.42387375235557556,0
63,549,0.8519608974456787,0
63,550,0.8568516969680786,0
63,551,0.16467492282390594,0
63,552,0.4744279682636261,0
63,553,0.3510206341743469,0
63,554,0.756676435470581,0
63,555,0.06210329756140709,0
63,556,-0.42350488901138306,0
63,557,-0.12099730223417282,0
63,558,0.1400400847196579,0
63,559,0.4518935978412628,0
63,560,0.008817271329462528,0
63,561,0.26665225625038147,0
63,562,0.1262582540512085,0
63,563,0.0011664722114801407,0
63,564,0.7732140421867371,0
63,565,0.5468448400497437,0
63,566,-0.1480247974395752,0
63,567,0.9981492757797241,0
63,568,0.4013558328151703,0
63,569,0.46308040618896484,0
63,570,-0.23611463606357574,0
63,571,-0.13994327187538147,0
63,572,-0.44743776321411133,0
63,573,0.09548773616552353,1
63,574,0.27042901515960693,0
63,575,0.8570340275764465,0
63,576,-0.2964820861816406,0
63,577,0.53570955991745,0
63,578,1.3846454620361328,0
63,579,-0.21145141124725342,0
63,580,0.38239309191703796,0
63,581,0.18199776113033295,0
63,582,0.6108787655830383,0
63,583,0.523361086845398,0
63,584,0.27541086077690125,0
63,585,0.4118516743183136,0
63,586,0.13685031235218048,0
63,587,0.8982115983963013,0
63,588,-0.13394562900066376,1
63,589,-0.6220163106918335,0
63,590,-0.04425609111785889,0
63,591,-0.21192780137062073,0
63,592,-0.07420507818460464,0
63,593,-1.003271460533142,0
63,594,-0.3428402245044708,1
63,595,0.8052634000778198,0
63,596,-0.41859522461891174,0
63,597,-0.33799418807029724,0
63,598,-0.13407935202121735,0
63,599,0.3714243471622467,0
63,600,-0.7742746472358704,0
63,601,-0.4219261109828949,0
63,602,-0.8582194447517395,0
63,603,-0.0839020311832428,0
63,604,0.9084453582763672,0
63,605,0.7094851732254028,0
63,606,-0.020725050941109657,0
63,607,-0.38078418374061584,0
63,608,0.45470181107521057,0
63,609,-0.2283352166414261,0
63,610,0.4077391028404236,0
63,611,0.10942156612873077,0
63,612,0.6855998039245605,0
63,613,0.9633592963218689,0
63,614,0.21255145967006683,0
63,615,0.4161282479763031,0
63,616,-0.439380943775177,0
63,617,0.7613715529441833,0
63,618,-0.15656529366970062,0
63,619,0.4388165771961212,0
63,620,-0.7910362482070923,0
63,621,0.08336260169744492,0
63,622,0.16590137779712677,0
63,623,0.057280395179986954,0
63,624,0.14976082742214203,0
63,625,-0.08629963546991348,0
63,626,0.16961981356143951,0
63,627,-0.1902848333120346,0
63,628,0.11202993243932724,0
63,629,0.9239686131477356,0
63,630,0.6839929223060608,0
63,631,0.3839361369609833,0
63,632,-0.11404535174369812,0
63,633,0.00683540990576148,0
63,634,0.2440878003835678,0
63,635,0.9035159945487976,0
63,636,0.9180241823196411,0
63,637,0.3499949276447296,0
63,638,1.6151217222213745,0
63,639,0.5037384033203125,0
63,640,0.023649992421269417,0
63,641,-0.1835162490606308,0
63,642,1.083158254623413,0
63,643,0.09280703961849213,0
63,644,-0.5345888137817383,0
63,645,-0.21115250885486603,0
63,646,0.6082913875579834,0
63,647,0.7836279273033142,0
63,648,0.917524516582489,0
63,649,1.1287447214126587,0
63,650,0.07285481691360474,0
63,651,0.21893930435180664,0
63,652,0.973721444606781,0
63,653,0.3574247658252716,0
63,654,0.21931320428848267,0
63,655,1.1077276468276978,0
63,656,1.3030831813812256,0
63,657,-1.1447982788085938,0
63,658,0.6359241008758545,0
63,659,0.906777560710907,0
63,660,0.31820833683013916,0
63,661,-0.28141799569129944,0
63,662,0.2927679121494293,0
63,663,-0.5437343120574951,0
63,664,-0.12833333015441895,0
63,665,0.1648101806640625,0
63,666,0.18330079317092896,0
63,667,-0.27020931243896484,0
63,668,1.3418179750442505,0
63,669,0.13413216173648834,0
63,670,1.2034177780151367,0
63,671,0.6603849530220032,0
63,672,-0.009473067708313465,0
63,673,0.7780685424804688,0
63,674,0.018917586654424667,0
63,675,0.2598194479942322,0
63,676,0.10460009425878525,0
63,677,0.3879139721393585,0
63,678,0.14929474890232086,0
63,679,0.04256214573979378,0
63,680,0.15398451685905457,0
63,681,-0.619205892086029,0
63,682,0.06695261597633362,0
63,683,-0.4806382656097412,0
63,684,0.31405875086784363,0
63,685,-0.4079664945602417,0
63,686,1.2296396493911743,0
63,687,1.7974761724472046,0
63,688,0.6471638083457947,0
63,689,-0.40915700793266296,0
63,690,1.0794914960861206,0
63,691,1.3148131370544434,0
63,692,1.249739170074463,0
63,693,0.9591159820556641,0
63,694,-0.24657568335533142,0
63,695,0.25561919808387756,0
63,696,-0.6933287382125854,0
63,697,1.1832561492919922,0
64,0,-0.4292472302913666,0
64,1,-0.2640453577041626,0
64,2,-0.4904119372367859,0
64,3,-0.5984653234481812,0
64,4,-0.2066652774810791,0
64,5,-0.15753082931041718,0
64,6,-0.42445847392082214,0
64,7,-0.08736313134431839,0
64,8,0.2436516284942627,0
64,9,-0.4054000973701477,0
64,10,0.37848982214927673,0
64,11,-0.41201838850975037,0
64,12,-0.5019505023956299,0
64,13,0.2821989953517914,0
64,14,-0.07541949301958084,0
64,15,-0.5037046074867249,0
64,16,-0.31436121463775635,0
64,17,-0.07456842064857483,0
64,18,-0.2273673117160797,0
64,19,0.6311977505683899,0
64,20,-0.40961962938308716,0
64,21,-0.16931664943695068,0
64,22,0.23152285814285278,0
64,23,-0.38775694370269775,0
64,24,-0.6348105669021606,0
64,25,-0.05380427837371826,0
64,26,0.21197310090065002,0
64,27,0.03408258035778999,0
64,28,-0.43877899646759033,0
64,29,-0.010402151383459568,0
64,30,-0.3067661225795746,0
64,31,-0.09636853635311127,0
64,32,-0.011129317805171013,0
64,33,-0.31037023663520813,0
64,34,-0.39772555232048035,0
64,35,0.1477562040090561,0
64,36,-0.01887870393693447,0
64,37,-0.2523912489414215,0
64,38,0.46958988904953003,0
64,39,-0.33417510986328125,0
64,40,-0.10491189360618591,0
64,41,0.0403314083814621,0
64,42,-0.06022443249821663,0
64,43,0.03107311762869358,0
64,44,0.19336843490600586,0
64,45,0.04701744019985199,0
64,46,-0.4587327241897583,0
64,47,-0.16210868954658508,0
64,48,-0.6077207326889038,0
64,49,-0.38676464557647705,0
64,50,-0.10932275652885437,0
64,51,-0.3336949348449707,0
64,52,0.2562207579612732,0
64,53,-0.17999614775180817,0
64,54,-0.6596400737762451,0
64,55,0.49452489614486694,0
64,56,-0.2888510227203369,0
64,57,0.45133480429649353,0
64,58,-0.8245733380317688,0
64,59,-0.2214677333831787,0
64,60,-0.05055127292871475,0
64,61,-0.38463294506073,0
64,62,-0.3758694529533386,0
64,63,0.05564858764410019,0
64,64,0.44559115171432495,0
64,65,-0.10781239718198776,0
64,66,0.283145546913147,0
64,67,0.019344082102179527,0
64,68,0.2653464078903198,0
64,69,-0.11943371593952179,0
64,70,0.06406650692224503,0
64,71,-0.06743831932544708,0
64,72,0.03025113046169281,0
64,73,0.08188166469335556,0
64,74,-0.13117195665836334,0
64,75,0.20162129402160645,0
64,76,-0.30345940589904785,0
64,77,0.20261138677597046,0
64,78,-0.2746438980102539,0
64,79,-0.3824080228805542,0
64,80,-0.11460494250059128,0
64,81,0.5155413746833801,0
64,82,-0.44106289744377136,0
64,83,-0.6148438453674316,0
64,84,-0.6930636167526245,0
64,85,-0.06015349552035332,0
64,86,0.4561302065849304,0
64,87,-0.08019945025444031,0
64,88,-0.282640665769577,0
64,89,-0.10575543344020844,0
64,90,-0.06380761414766312,0
64,91,-0.07528520375490189,0
64,92,-0.4425104856491089,0
64,93,-0.05825840309262276,0
64,94,-0.709985613822937,0
64,95,-0.383565753698349,0
64,96,-0.3380914330482483,0
64,97,-0.5504036545753479,0
64,98,-0.31036487221717834,0
64,99,-0.8514631986618042,0
64,100,-0.042412400245666504,0
64,101,-0.2947200536727905,0
64,102,0.302645742893219,0
64,103,0.010799200274050236,0
64,104,0.16634365916252136,0
64,105,-0.26689374446868896,0
64,106,-0.2405819594860077,0
64,107,-0.14668789505958557,0
64,108,-0.2587314248085022,0
64,109,-0.44615498185157776,0
64,110,-0.4751157760620117,0
64,111,-0.09677824378013611,0
64,112,-0.37182265520095825,0
64,113,-0.5015363693237305,0
64,114,-0.37641772627830505,0
64,115,0.031868282705545425,0
64,116,-0.06472897529602051,0
64,117,-0.27439308166503906,0
64,118,0.16035790741443634,0
64,119,0.3231533169746399,0
64,120,0.8961354494094849,0
64,121,-0.480040580034256,0
64,122,-0.20207197964191437,0
64,123,-0.05003062263131142,0
64,124,-0.6007007360458374,0
64,125,-0.23192456364631653,0
64,126,-0.24828527867794037,0
64,127,-0.14170876145362854,0
64,128,-0.7014936208724976,0
64,129,-0.28201454877853394,0
64,130,-0.16810843348503113,0
64,131,-0.5020882487297058,0
64,132,-0.7842485904693604,0
64,133,-0.013430514372885227,0
64,134,-0.2748315632343292,0
64,135,-0.29769062995910645,0
64,136,-0.30270683765411377,0
64,137,-0.4884187579154968,0
64,138,0.04248892888426781,0
64,139,-0.4972810447216034,0
64,140,-0.08039296418428421,0
64,141,-0.04202654957771301,0
64,142,-0.15070343017578125,0
64,143,-0.42488574981689453,0
64,144,-0.1708357036113739,0
64,145,-0.24630075693130493,0
64,146,0.02982715331017971,0
64,147,-0.3947931230068207,0
64,148,0.18638905882835388,0
64,149,-0.40193498134613037,0
64,150,-0.5556456446647644,0
64,151,-0.5003778338432312,0
64,152,-0.2084738314151764,0
64,153,-0.33064040541648865,0
64,154,0.06338836997747421,0
64,155,0.046049565076828,0
64,156,-0.3955369293689728,0
64,157,-0.5255715847015381,0
64,158,0.07493965327739716,0
64,159,-0.4228269159793854,0
64,160,-0.33775416016578674,0
64,161,-0.05493081361055374,0
64,162,0.29191774129867554,0
64,163,-0.3439960479736328,0
64,164,-0.1666792333126068,0
64,165,0.11704949289560318,0
64,166,-0.04775689169764519,0
64,167,0.32222604751586914,0
64,168,-0.9106683135032654,0
64,169,0.16912288963794708,0
64,170,0.06969373673200607,0
64,171,-0.21323427557945251,0
64,172,-0.1623845249414444,0
64,173,0.20550280809402466,0
64,174,-0.13400928676128387,0
64,175,-0.7311420440673828,0
64,176,-0.6161769032478333,0
64,177,0.3757376968860626,0
64,178,-0.21391649544239044,0
64,179,0.518674373626709,0
64,180,-0.14539845287799835,0
64,181,-0.09362061321735382,0
64,182,0.007598526775836945,0
64,183,-0.14896748960018158,0
64,184,-0.5023104548454285,0
64,185,-0.7104044556617737,0
64,186,0.0935106948018074,0
64,187,0.32292667031288147,0
64,188,-0.4057357907295227,0
64,189,0.6455684900283813,0
64,190,-0.30950629711151123,0
64,191,-1.0335659980773926,0
64,192,-0.3443412780761719,0
64,193,-0.20797406136989594,0
64,194,-0.3884156346321106,0
64,195,-0.14734505116939545,0
64,196,-0.27114033699035645,0
64,197,0.004500093404203653,0
64,198,0.029488377273082733,0
64,199,-0.23342132568359375,0
64,200,0.11681472510099411,0
64,201,0.3409978747367859,0
64,202,-0.32785922288894653,0
64,203,0.13712367415428162,0
64,204,-0.2674475610256195,0
64,205,-0.07786158472299576,0
64,206,-0.47556620836257935,0
64,207,0.8813521862030029,0
64,208,0.15706437826156616,0
64,209,-0.07837136834859848,0
64,210,-0.21675685048103333,0
64,211,-0.265194833278656,0
64,212,0.13187727332115173,0
64,213,-0.26613545417785645,0
64,214,-0.48977020382881165,0
64,215,-0.35204440355300903,0
64,216,-0.286259263753891,0
64,217,0.44036585092544556,0
64,218,-0.2951469123363495,0
64,219,-0.28451377153396606,0
64,220,-0.4218471944332123,0
64,221,0.4260568916797638,0
64,222,-0.7739484310150146,0
64,223,0.0664592832326889,0
64,224,-0.4235512912273407,0
64,225,0.028076032176613808,0
64,226,0.5526079535484314,0
64,227,-0.4209939241409302,0
64,228,-0.3223956525325775,0
64,229,-0.5445004105567932,0
64,230,-0.7070177793502808,0
64,231,-0.19448506832122803,0
64,232,0.2953525483608246,0
64,233,-0.5031482577323914,0
64,234,-0.653084397315979,0
64,235,-0.38392215967178345,0
64,236,0.19686967134475708,0
64,237,-0.376431941986084,0
64,238,-0.11856649070978165,0
64,239,0.15709790587425232,0
64,240,0.03237846493721008,0
64,241,0.22163312137126923,0
64,242,-0.18683326244354248,0
64,243,-0.406417578458786,0
64,244,-0.3374696671962738,0
64,245,-0.2580605745315552,0
64,246,-0.4127223789691925,0
64,247,-0.021936995908617973,0
64,248,0.06179901957511902,0
64,249,-0.7541698813438416,0
64,250,0.2025901973247528,0
64,251,-0.0650097131729126,0
64,252,-0.19655641913414001,0
64,253,0.17626553773880005,0
64,254,0.12467071413993835,0
64,255,-0.8837756514549255,0
64,256,-0.10161574184894562,0
64,257,0.07232410460710526,0
64,258,0.037344206124544144,0
64,259,-0.5843411684036255,0
64,260,0.2967839539051056,0
64,261,-0.17249563336372375,0
64,262,-0.35454100370407104,0
64,263,-0.10794391483068466,0
64,264,-0.5720512270927429,0
64,265,0.4504809081554413,0
64,266,0.7815682291984558,0
64,267,0.3737718462944031,0
64,268,-0.3136821687221527,0
64,269,0.11729758977890015,0
64,270,0.41739797592163086,0
64,271,-0.41448068618774414,0
64,272,0.3747140169143677,0
64,273,0.45685189962387085,0
64,274,0.003647824749350548,0
64,275,-0.3385678827762604,0
64,276,-0.0901888757944107,0
64,277,-0.10243574529886246,0
64,278,-0.8821203112602234,0
64,279,0.07755028456449509,0
64,280,0.019968556240200996,0
64,281,0.07837650924921036,0
64,282,-0.4403517246246338,0
64,283,-0.16140791773796082,0
64,284,-0.15729224681854248,0
64,285,0.3381248414516449,0
64,286,-0.0676712617278099,0
64,287,0.6697638034820557,0
64,288,0.3205190896987915,0
64,289,-0.09003756940364838,0
64,290,-0.03858887404203415,0
64,291,0.5169302821159363,0
64,292,-0.5477055311203003,0
64,293,0.7123867869377136,0
64,294,-0.1651165783405304,0
64,295,-0.07832653075456619,0
64,296,-0.09993711858987808,0
64,297,0.1963663250207901,0
64,298,-0.08278823643922806,0
64,299,0.1946251541376114,0
64,300,-0.1628086119890213,0
64,301,0.001551605761051178,0
64,302,0.2176041156053543,0
64,303,-0.21734334528446198,0
64,304,-0.08881499618291855,0
64,305,-0.17564795911312103,0
64,306,0.16065290570259094,0
64,307,0.2696167230606079,0
64,308,0.621587336063385,1
64,309,0.19463910162448883,0
64,310,0.6724712252616882,0
64,311,-0.0664483979344368,0
64,312,0.1391609162092209,0
64,313,0.2558477818965912,0
64,314,2.6275253295898438,0
64,315,0.4777032732963562,0
64,316,0.771232545375824,0
64,317,0.16847576200962067,0
64,318,-0.18659859895706177,0
64,319,0.7187477946281433,0
64,320,0.2658374011516571,0
64,321,0.20638439059257507,0
64,322,0.5489199161529541,1
64,323,-0.06941890716552734,0
64,324,-0.060001980513334274,1
64,325,-0.13884088397026062,0
64,326,0.13019417226314545,0
64,327,0.0690702497959137,0
64,328,-0.07610953599214554,0
64,329,0.1207171231508255,0
64,330,-0.23730677366256714,0
64,331,1.072688102722168,0
64,332,-0.13582928478717804,0
64,333,-0.030755622312426567,0
64,334,-0.23843324184417725,0
64,335,-0.39791709184646606,0
64,336,-0.46604636311531067,0
64,337,-0.11404163390398026,0
64,338,-0.11055351048707962,0
64,339,0.7819268703460693,0
64,340,-0.24645553529262543,0
64,341,0.33111372590065,0
64,342,0.391343891620636,0
64,343,-0.5163152813911438,0
64,344,0.1927231401205063,0
64,345,-0.05286874249577522,0
64,346,0.08084968477487564,0
64,347,-0.6838553547859192,0
64,348,0.20608000457286835,0
64,349,0.45461583137512207,0
64,350,0.13549865782260895,0
64,351,-0.20818644762039185,0
64,352,0.8762768507003784,0
64,353,-0.6623920202255249,0
64,354,-0.4805643856525421,0
64,355,-0.3160458207130432,0
64,356,0.2660733461380005,0
64,357,0.3874545693397522,0
64,358,-0.12229061871767044,0
64,359,-0.680661141872406,0
64,360,0.18104152381420135,0
64,361,0.2709667980670929,0
64,362,0.4012901484966278,0
64,363,0.07689657807350159,0
64,364,0.358795166015625,0
64,365,-0.5493326783180237,0
64,366,-0.3744014501571655,0
64,367,0.47672778367996216,0
64,368,0.24756178259849548,0
64,369,-0.7398642897605896,0
64,370,0.8320116996765137,0
64,371,-0.5764352083206177,0
64,372,-0.0655534565448761,0
64,373,-0.43617087602615356,0
64,374,0.28300419449806213,0
64,375,0.04142587631940842,0
64,376,0.20422160625457764,0
64,377,-0.14505304396152496,0
64,378,-0.752180278301239,0
64,379,-0.6074727177619934,0
64,380,0.3367454707622528,0
64,381,0.7369897365570068,0
64,382,0.4277009963989258,0
64,383,0.14435182511806488,0
64,384,-0.7293671369552612,0
64,385,0.13413909077644348,0
64,386,-0.15216673910617828,0
64,387,0.5023435950279236,0
64,388,0.5654084086418152,0
64,389,0.6940264701843262,0
64,390,0.1460292488336563,0
64,391,-0.05700552463531494,0
64,392,-0.14420448243618011,0
64,393,0.8338286876678467,0
64,394,-0.6407650113105774,0
64,395,0.17759518325328827,0
64,396,-0.14969898760318756,0
64,397,-0.46779054403305054,0
64,398,0.6297154426574707,0
64,399,0.3306106925010681,0
64,400,0.8142853379249573,0
64,401,0.2521095871925354,0
64,402,0.23356586694717407,0
64,403,-0.17936919629573822,0
64,404,-0.7456679940223694,0
64,405,-0.07083674520254135,0
64,406,-0.12101750075817108,0
64,407,0.6246879696846008,0
64,408,0.09191256016492844,0
64,409,-0.13122814893722534,0
64,410,0.20015425980091095,0
64,411,-0.27697983384132385,0
64,412,-0.08945915848016739,0
64,413,-0.0028411021921783686,0
64,414,-0.1840643733739853,0
64,415,-0.3041529059410095,0
64,416,0.03448004648089409,0
64,417,-0.3597736060619354,0
64,418,0.09738104045391083,0
64,419,0.39283427596092224,0
64,420,-0.3302854597568512,0
64,421,-0.30115801095962524,0
64,422,0.26174402236938477,0
64,423,-0.4601215124130249,0
64,424,0.0886082649230957,0
64,425,0.31829655170440674,0
64,426,0.6446325182914734,0
64,427,-0.17720414698123932,0
64,428,0.26942989230155945,0
64,429,0.9427886009216309,0
64,430,-0.09398629516363144,0
64,431,0.5038984417915344,0
64,432,-0.03009130246937275,0
64,433,-0.09982924163341522,0
64,434,-0.668383002281189,0
64,435,-0.1485978066921234,0
64,436,-0.46599769592285156,0
64,437,1.0227763652801514,0
64,438,0.3886634409427643,0
64,439,0.059709370136260986,0
64,440,-0.608889102935791,0
64,441,0.30619344115257263,0
64,442,-0.05408220365643501,0
64,443,0.3640020489692688,0
64,444,0.17937511205673218,0
64,445,0.0014920842368155718,0
64,446,-0.34700655937194824,0
64,447,0.38326671719551086,0
64,448,-0.6520330905914307,0
64,449,0.27497002482414246,0
64,450,0.24811957776546478,0
64,451,0.13398368656635284,0
64,452,-0.8274855017662048,0
64,453,-0.21257148683071136,0
64,454,0.21438701450824738,0
64,455,-0.1444266140460968,0
64,456,-0.16338182985782623,0
64,457,-0.34423813223838806,0
64,458,-0.49574193358421326,0
64,459,0.660222053527832,0
64,460,0.017279479652643204,0
64,461,0.27708256244659424,0
64,462,0.15063494443893433,0
64,463,-0.005812100134789944,0
64,464,-0.10865546017885208,0
64,465,-0.4302385151386261,0
64,466,-0.2722383737564087,0
64,467,-0.6630509495735168,0
64,468,0.17101503908634186,0
64,469,0.052335843443870544,0
64,470,0.6366446018218994,0
64,471,-0.4157617390155792,0
64,472,0.22068822383880615,0
64,473,-0.28650152683258057,0
64,474,0.6370152235031128,0
64,475,0.14133982360363007,0
64,476,0.28136906027793884,0
64,477,0.02467469498515129,0
64,478,-0.004302680026739836,0
64,479,-0.4114120602607727,0
64,480,0.4196533262729645,0
64,481,-0.06151308864355087,0
64,482,0.14237937331199646,0
64,483,-0.2856447696685791,0
64,484,-0.13831457495689392,0
64,485,-0.005883532576262951,0
64,486,0.3216995894908905,0
64,487,0.7335712909698486,0
64,488,0.4371102750301361,0
64,489,-0.14756184816360474,0
64,490,-0.33007052540779114,0
64,491,0.6788691878318787,0
64,492,-0.0741192027926445,0
64,493,-0.15536367893218994,0
64,494,0.524324893951416,0
64,495,0.6134235858917236,0
64,496,0.4587954878807068,0
64,497,0.567559003829956,0
64,498,0.5450257062911987,0
64,499,0.12151224166154861,0
64,500,-0.11295108497142792,0
64,501,-0.2942318022251129,0
64,502,-0.7146909236907959,0
64,503,0.08537734299898148,0
64,504,-0.14261426031589508,0
64,505,0.32895639538764954,0
64,506,0.08710532635450363,0
64,507,0.7332478761672974,0
64,508,0.0853230208158493,0
64,509,0.2600405514240265,0
64,510,0.3046208620071411,0
64,511,0.4493640065193176,0
64,512,0.0032990677282214165,0
64,513,0.15553252398967743,0
64,514,-0.21343985199928284,0
64,515,-0.5422059297561646,0
64,516,0.09911859035491943,0
64,517,0.30997395515441895,0
64,518,0.8888925909996033,0
64,519,-0.8365193605422974,0
64,520,0.21198514103889465,0
64,521,0.04766468703746796,0
64,522,-0.09307879954576492,0
64,523,-0.06883011758327484,0
64,524,0.41584834456443787,0
64,525,-0.4710250794887543,0
64,526,0.19786682724952698,0
64,527,-0.5747547149658203,0
64,528,0.15138761699199677,0
64,529,0.1215239018201828,0
64,530,0.3894664943218231,0
64,531,0.2771550416946411,0
64,532,0.4839600920677185,0
64,533,0.43769729137420654,0
64,534,0.22332067787647247,0
64,535,0.7202022671699524,0
64,536,1.2533340454101562,0
64,537,0.5456016659736633,0
64,538,0.7622840404510498,0
64,539,0.21606817841529846,0
64,540,-0.15079323947429657,0
64,541,0.6804940700531006,0
64,542,0.43773114681243896,0
64,543,-0.047437988221645355,0
64,544,-0.08752302825450897,0
64,545,0.8810295462608337,0
64,546,0.24506938457489014,0
64,547,0.004461864475160837,0
64,548,0.24688339233398438,0
64,549,0.4921526610851288,0
64,550,0.7098910808563232,0
64,551,-0.21223506331443787,0
64,552,0.1461171805858612,0
64,553,-0.36532697081565857,0
64,554,0.3492719233036041,0
64,555,0.47461068630218506,0
64,556,-0.3653954267501831,0
64,557,0.46618393063545227,0
64,558,-0.020756209269165993,0
64,559,0.22281549870967865,0
64,560,0.06514330953359604,0
64,561,0.04844489321112633,0
64,562,-0.21011888980865479,0
64,563,-0.004691432695835829,0
64,564,0.2870982885360718,0
64,565,0.7437803745269775,0
64,566,0.18744638562202454,0
64,567,0.2897605299949646,0
64,568,0.45164161920547485,0
64,569,0.23471304774284363,0
64,570,-0.18414083123207092,0
64,571,-0.5928621292114258,0
64,572,0.23088204860687256,1
64,573,-0.209493488073349,0
64,574,0.1688004583120346,0
64,575,0.26326707005500793,0
64,576,0.1288747936487198,0
64,577,0.261026531457901,0
64,578,0.4927438497543335,0
64,579,0.19386208057403564,0
64,580,0.01264001615345478,0
64,581,0.7500094175338745,0
64,582,-0.03226020932197571,0
64,583,0.18811708688735962,0
64,584,1.082060694694519,0
64,585,-0.4685302972793579,0
64,586,-0.1226465255022049,0
64,587,0.482743501663208,1
64,588,0.4726068675518036,0
64,589,-0.6592079401016235,0
64,590,0.01090158335864544,0
64,591,-0.06478608399629593,0
64,592,-0.478091299533844,0
64,593,-0.5041525363922119,1
64,594,-0.24989527463912964,0
64,595,0.40531617403030396,0
64,596,-0.6077779531478882,0
64,597,-0.5133525133132935,0
64,598,-0.3538857102394104,0
64,599,-0.05214203894138336,0
64,600,0.17953093349933624,0
64,601,0.2953554093837738,0
64,602,0.3525193929672241,0
64,603,0.991680920124054,0
64,604,0.3930552005767822,0
64,605,-0.18795141577720642,0
64,606,-0.2536686658859253,0
64,607,0.8746874928474426,0
64,608,-0.25257933139801025,0
64,609,0.03057236038148403,0
64,610,0.0018725726986303926,0
64,611,-0.5814629793167114,0
64,612,-0.5161465406417847,0
64,613,0.7883334755897522,0
64,614,0.40282154083251953,0
64,615,0.14568211138248444,0
64,616,0.3690741956233978,0
64,617,0.22041094303131104,0
64,618,-0.6092803478240967,0
64,619,0.21190114319324493,0
64,620,-1.117996335029602,0
64,621,-0.047635991126298904,0
64,622,-0.3335408568382263,0
64,623,0.6389739513397217,0
64,624,0.9241610169410706,0
64,625,-0.23386810719966888,0
64,626,1.1133499145507812,0
64,627,-0.31155237555503845,0
64,628,-0.398613840341568,0
64,629,0.1439935714006424,0
64,630,0.20643460750579834,0
64,631,-0.17987313866615295,0
64,632,0.3469432592391968,0
64,633,0.08256795257329941,0
64,634,-0.31091901659965515,0
64,635,0.27004894614219666,0
64,636,0.9278709292411804,0
64,637,0.580312192440033,0
64,638,0.3165031671524048,0
64,639,-0.14357450604438782,0
64,640,0.21698389947414398,0
64,641,-0.11165033280849457,0
64,642,0.6031904816627502,0
64,643,0.4344630837440491,0
64,644,0.3745070695877075,0
64,645,-0.5196090340614319,0
64,646,1.2718273401260376,0
64,647,-0.31511160731315613,0
64,648,-0.49480757117271423,0
64,649,0.31167393922805786,0
64,650,-0.3886798024177551,0
64,651,-0.4801817536354065,0
64,652,0.34742894768714905,0
64,653,0.46045950055122375,0
64,654,-0.6544375419616699,0
64,655,0.8739424347877502,0
64,656,1.1857175827026367,0
64,657,-0.0047941431403160095,0
64,658,0.542595624923706,0
64,659,0.4956474006175995,0
64,660,0.05287626013159752,0
64,661,0.5581750273704529,0
64,662,-0.34912678599357605,0
64,663,0.9930431246757507,0
64,664,0.5084792375564575,0
64,665,0.46320614218711853,0
64,666,0.6026991009712219,0
64,667,0.003794534597545862,0
64,668,-0.09752999246120453,0
64,669,-0.12850798666477203,0
64,670,0.652614414691925,0
64,671,0.2810623049736023,0
64,672,0.3618635833263397,0
64,673,0.11348018795251846,0
64,674,0.745516300201416,0
64,675,-0.22316323220729828,0
64,676,-0.03425327315926552,0
64,677,0.24962972104549408,0
64,678,0.4168837368488312,0
64,679,-0.3809039890766144,0
64,680,0.6023690700531006,0
64,681,-0.23775751888751984,0
64,682,0.9826348423957825,0
64,683,0.9209384322166443,0
64,684,0.3582300543785095,0
64,685,-0.62950599193573,0
64,686,0.6320355534553528,0
64,687,0.5023869872093201,0
64,688,0.4218418598175049,0
64,689,0.24833732843399048,0
64,690,0.2114579677581787,0
64,691,0.9748455882072449,0
64,692,0.11247460544109344,0
64,693,0.11818624287843704,0
64,694,0.4465215504169464,0
64,695,0.49423375725746155,0
64,696,-0.5678490996360779,0
64,697,-0.07635274529457092,0
75,0,-0.07368910312652588,0
75,1,-0.16940557956695557,0
75,2,0.3718356490135193,0
75,3,-0.015424447134137154,0
75,4,0.3867463171482086,0
75,5,-0.22337651252746582,0
75,6,0.3300410211086273,0
75,7,0.38736212253570557,0
75,8,-0.0722660943865776,0
75,9,0.3715098202228546,0
75,10,-0.17702633142471313,0
75,11,0.38257041573524475,0
75,12,0.732390820980072,0
75,13,-0.6876748204231262,0
75,14,-0.033673908561468124,0
75,15,0.13428227603435516,0
75,16,0.3669823408126831,0
75,17,0.36947813630104065,0
75,18,-0.1351887434720993,0
75,19,0.4274219274520874,0
75,20,0.3231726884841919,0
75,21,0.025661731138825417,0
75,22,0.20688298344612122,0
75,23,0.062030501663684845,0
75,24,0.39574599266052246,0
75,25,0.08409722149372101,0
75,26,-0.3930450975894928,0
75,27,0.3557661473751068,0
75,28,0.5284095406532288,0
75,29,0.26423054933547974,0
75,30,0.04367908462882042,0
75,31,0.24121211469173431,0
75,32,-0.16772852838039398,0
75,33,0.41421371698379517,0
75,34,0.3338690400123596,0
75,35,-0.27125799655914307,0
75,36,-0.3343326151371002,0
75,37,-0.5460596084594727,0
75,38,-0.16105778515338898,0
75,39,0.12904509902000427,0
75,40,0.46839919686317444,0
75,41,0.1452558934688568,0
75,42,-0.14762340486049652,0
75,43,-0.09167498350143433,0
75,44,0.18759649991989136,0
75,45,0.38735562562942505,0
75,46,0.00523717887699604,0
75,47,0.41384997963905334,0
75,48,-0.3240560293197632,0
75,49,0.4912736415863037,0
75,50,0.042992860078811646,0
75,51,0.2570973038673401,0
75,52,-0.1863134801387787,0
75,53,0.1414618343114853,0
75,54,-0.25425833463668823,0
75,55,-0.04105671867728233,0
75,56,-0.11957034468650818,0
75,57,-0.2171585112810135,0
75,58,0.3246326148509979,0
75,59,0.288924902677536,0
75,60,0.11908720433712006,0
75,61,-0.3823372423648834,0
75,62,0.24740523099899292,0
75,63,-0.03661458194255829,0
75,64,0.14838595688343048,0
75,65,0.14071351289749146,0
75,66,-0.14392994344234467,0
75,67,-0.1285609006881714,0
75,68,0.4235425591468811,0
75,69,-0.24015900492668152,0
75,70,0.04674509912729263,0
75,71,-0.022401705384254456,0
75,72,0.3543264865875244,0
75,73,-0.5282415747642517,0
75,74,0.22292420268058777,0
75,75,0.11785757541656494,0
75,76,0.3551107347011566,0
75,77,0.29447463154792786,0
75,78,0.17021141946315765,0
75,79,-0.4034059941768646,0
75,80,0.09500965476036072,0
75,81,-0.2890115976333618,0
75,82,0.200302392244339,0
75,83,-0.18114197254180908,0
75,84,-0.3408683240413666,0
75,85,0.5861262679100037,0
75,86,0.015650970861315727,0
75,87,6.796367961214855e-05,0
75,88,0.2672293484210968,0
75,89,0.7165156006813049,0
75,90,-0.5550065636634827,0
75,91,0.051865506917238235,0
75,92,0.5122016668319702,0
75,93,-0.06935758143663406,0
75,94,0.03267417475581169,0
75,95,-0.07695313543081284,0
75,96,0.10675212740898132,0
75,97,-0.11601526290178299,0
75,98,-0.3989761173725128,0
75,99,-0.17026078701019287,0
75,100,0.3589291572570801,0
75,101,0.28269675374031067,0
75,102,0.015222126618027687,0
75,103,0.19032128155231476,0
75,104,-0.1875348687171936,0
75,105,0.20220007002353668,0
75,106,-0.1491594761610031,0
75,107,0.23789244890213013,0
75,108,0.5108020305633545,0
75,109,0.4364320635795593,0
75,110,0.1221364364027977,0
75,111,0.1464608758687973,0
75,112,-0.022593718022108078,0
75,113,-0.04100841283798218,0
75,114,-0.15451258420944214,0
75,115,-0.34351515769958496,0
75,116,0.021968303248286247,0
75,117,-0.05435461550951004,0
75,118,0.1453218311071396,0
75,119,0.35938596725463867,0
75,120,-0.06507178395986557,0
75,121,0.151566281914711,0
75,122,-0.018806863576173782,0
75,123,-0.0709398165345192,0
75,124,-0.4229741096496582,0
75,125,0.32392534613609314,0
75,126,-0.11095277965068817,0
75,127,-0.17061032354831696,0
75,128,0.6299067139625549,0
75,129,0.02344684675335884,0
75,130,0.3575805723667145,0
75,131,-0.5625239014625549,0
75,132,-0.5657635927200317,0
75,133,0.045222777873277664,0
75,134,-0.4614783525466919,0
75,135,-0.6896159052848816,0
75,136,0.41279491782188416,0
75,137,0.4709896147251129,0
75,138,0.16679121553897858,0
75,139,-0.06141537427902222,0
75,140,-0.28869786858558655,0
75,141,0.4295835494995117,0
75,142,0.2820051312446594,0
75,143,-0.0656634122133255,0
75,144,0.30679622292518616,0
75,145,0.05530419573187828,0
75,146,0.36846426129341125,0
75,147,-0.46825262904167175,0
75,148,0.3045477867126465,0
75,149,0.1157655343413353,0
75,150,0.29518312215805054,0
75,151,0.3886784017086029,0
75,152,0.4122908413410187,0
75,153,0.5467575192451477,0
75,154,-0.7837634086608887,0
75,155,0.04999992996454239,0
75,156,0.6067323088645935,0
75,157,0.25698235630989075,0
75,158,0.024325525388121605,0
75,159,0.09974320232868195,0
75,160,-0.09324990212917328,0
75,161,-0.6104529500007629,0
75,162,0.388198584318161,0
75,163,-0.1650841236114502,0
75,164,-0.18116174638271332,0
75,165,-0.037314075976610184,0
75,166,0.3651520609855652,0
75,167,0.43585240840911865,0
75,168,-0.30326029658317566,0
75,169,-0.39403244853019714,0
75,170,-0.20922763645648956,0
75,171,0.44821697473526,0
75,172,-0.058093611150979996,0
75,173,0.016621030867099762,0
75,174,0.2963840961456299,0
75,175,0.44554999470710754,0
75,176,0.33028659224510193,0
75,177,-0.10129139572381973,0
75,178,0.07858583331108093,0
75,179,-0.12903212010860443,0
75,180,0.3369084298610687,0
75,181,0.3261767625808716,0
75,182,-0.07095254212617874,0
75,183,0.2515065371990204,0
75,184,0.0448915921151638,0
75,185,0.35962793231010437,0
75,186,-0.33599168062210083,0
75,187,0.29641494154930115,0
75,188,0.3989017903804779,0
75,189,0.060367193073034286,0
75,190,-0.056156329810619354,0
75,191,-0.5990909337997437,0
75,192,0.4871584177017212,0
75,193,0.8577238321304321,0
75,194,0.07533203810453415,0
75,195,-0.1608179211616516,0
75,196,0.05159604549407959,0
75,197,-0.5185562372207642,0
75,198,0.006406253669410944,0
75,199,0.6258928775787354,0
75,200,0.10896390676498413,0
75,201,-0.4901159107685089,0
75,202,-0.5891352891921997,0
75,203,0.6774070262908936,0
75,204,0.2564488649368286,0
75,205,0.10968034714460373,0
75,206,0.385297030210495,0
75,207,0.5850716829299927,0
75,208,0.5355775356292725,0
75,209,-0.105097196996212,0
75,210,-0.0730385109782219,0
75,211,0.6475340127944946,0
75,212,0.7971565127372742,0
75,213,-0.048972148448228836,0
75,214,-0.10179941356182098,0
75,215,0.24333402514457703,0
75,216,0.6577762365341187,0
75,217,0.0875001847743988,0
75,218,0.06921815127134323,0
75,219,0.16517676413059235,0
75,220,0.16610530018806458,0
75,221,-0.2430546134710312,0
75,222,0.7877395153045654,0
75,223,0.7110776305198669,0
75,224,0.14421799778938293,0
75,225,0.2967354357242584,0
75,226,-0.013128099031746387,0
75,227,0.14948873221874237,0
75,228,-0.33333250880241394,0
75,229,0.5804778933525085,0
75,230,0.016677265986800194,0
75,231,-0.07468248903751373,0
75,232,0.17550040781497955,0
75,233,0.21275192499160767,0
75,234,0.3632487952709198,0
75,235,-0.23041272163391113,0
75,236,0.3667396605014801,0
75,237,0.6301456689834595,0
75,238,-0.22733737528324127,0
75,239,0.1708155870437622,0
75,240,-0.13965541124343872,0
75,241,-0.11798517405986786,0
75,242,0.3528849184513092,0
75,243,0.2723933160305023,0
75,244,-0.13454315066337585,0
75,245,-0.035716257989406586,0
75,246,-0.26308777928352356,0
75,247,0.44960281252861023,0
75,248,0.11340327560901642,0
75,249,0.256664901971817,0
75,250,-0.028427110984921455,0
75,251,0.10573703050613403,0
75,252,0.020414618775248528,0
75,253,0.4644249975681305,0
75,254,0.5491896867752075,0
75,255,-0.21996481716632843,0
75,256,0.2550901770591736,0
75,257,-0.21289651095867157,0
75,258,-0.30213528871536255,0
75,259,0.7157555222511292,0
75,260,-0.11478100717067719,0
75,261,0.35094156861305237,0
75,262,0.23864847421646118,0
75,263,0.25631293654441833,0
75,264,0.0009890124201774597,0
75,265,0.11832662671804428,0
75,266,-0.13339999318122864,0
75,267,-0.30706414580345154,0
75,268,0.28579017519950867,0
75,269,0.6746717691421509,0
75,270,0.40116387605667114,0
75,271,0.35523557662963867,0
75,272,0.9456115961074829,0
75,273,-0.30301445722579956,0
75,274,-0.06538169831037521,0
75,275,0.365403950214386,0
75,276,-0.17851082980632782,0
75,277,1.0831730365753174,0
75,278,0.2353755235671997,0
75,279,0.31269213557243347,0
75,280,0.3992442488670349,0
75,281,0.6047796607017517,0
75,282,0.0936637744307518,0
75,283,0.6328641176223755,0
75,284,0.564479410648346,0
75,285,0.725268542766571,0
75,286,-0.07365327328443527,0
75,287,0.09909652918577194,0
75,288,-0.4688434302806854,0
75,289,0.958180844783783,0
75,290,0.23048284649848938,0
75,291,0.3912928104400635,0
75,292,0.24100066721439362,0
75,293,0.04861461743712425,0
75,294,-0.4453858435153961,0
75,295,0.6089298129081726,0
75,296,-0.1780870109796524,0
75,297,0.3916078805923462,0
75,298,0.043088339269161224,0
75,299,0.049592867493629456,0
75,300,-0.4913874566555023,0
75,301,-0.37174320220947266,0
75,302,0.45928677916526794,0
75,303,-0.7159815430641174,0
75,304,0.3526386320590973,0
75,305,-0.1563374102115631,0
75,306,0.3774230182170868,0
75,307,-0.08371675759553909,0
75,308,0.8124865293502808,0
75,309,-0.2164914458990097,0
75,310,0.4649411141872406,0
75,311,0.06877689808607101,0
75,312,0.3866601586341858,0
75,313,0.27869242429733276,0
75,314,-0.12006694078445435,1
75,315,-0.27083420753479004,0
75,316,0.4495459794998169,1
75,317,0.18249821662902832,0
75,318,-0.30206453800201416,0
75,319,0.3046345114707947,0
75,320,-0.3683898150920868,0
75,321,-0.08170579373836517,0
75,322,0.23532669246196747,0
75,323,0.09410874545574188,0
75,324,0.1088629737496376,0
75,325,0.4237498342990875,0
75,326,-0.005096668843179941,0
75,327,0.3399437963962555,0
75,328,0.2568202614784241,0
75,329,0.2617502510547638,0
75,330,0.5166921019554138,0
75,331,-0.3461027145385742,0
75,332,-0.08926796913146973,0
75,333,0.16175611317157745,0
75,334,0.48611414432525635,0
75,335,-0.007112352177500725,0
75,336,-0.22359108924865723,0
75,337,0.305542528629303,0
75,338,0.4526669681072235,0
75,339,-0.7412071824073792,0
75,340,0.32866060733795166,0
75,341,-0.4072795510292053,0
75,342,0.5757343769073486,0
75,343,0.15418589115142822,0
75,344,0.8620997667312622,0
75,345,0.10748390108346939,0
75,346,0.2987547218799591,0
75,347,0.03154798224568367,0
75,348,0.9661693572998047,0
75,349,0.12433743476867676,0
75,350,0.060379642993211746,0
75,351,0.3080514967441559,0
75,352,-0.0020270980894565582,0
75,353,-0.20579802989959717,0
75,354,0.29088297486305237,0
75,355,-0.0722704529762268,0
75,356,0.10192957520484924,0
75,357,0.35035622119903564,0
75,358,0.41831088066101074,0
75,359,0.14111445844173431,0
75,360,1.2382957935333252,0
75,361,-0.4709618091583252,0
75,362,-0.2861199676990509,0
75,363,-0.029014885425567627,0
75,364,0.134947270154953,0
75,365,-0.1777588427066803,0
75,366,-0.12501117587089539,0
75,367,-0.10918497294187546,0
75,368,0.0640135258436203,0
75,369,0.1877310574054718,0
75,370,-0.042581554502248764,0
75,371,0.5652984976768494,0
75,372,0.2071746587753296,0
75,373,0.3257109522819519,0
75,374,0.4213945269584656,0
75,375,0.3696037232875824,0
75,376,0.23404565453529358,0
75,377,0.20594337582588196,0
75,378,0.13403671979904175,0
75,379,0.0809202641248703,0
75,380,-0.11476719379425049,0
75,381,0.2198745310306549,0
75,382,-0.21229784190654755,0
75,383,-0.1223895400762558,0
75,384,-0.007066832389682531,0
75,385,0.015488700941205025,0
75,386,0.23173809051513672,0
75,387,0.10289258509874344,0
75,388,-0.08385299146175385,0
75,389,0.10526980459690094,0
75,390,-0.33975937962532043,0
75,391,0.279488205909729,0
75,392,0.40816882252693176,0
75,393,0.3789975941181183,0
75,394,0.2821393609046936,0
75,395,0.2707112431526184,0
75,396,-0.14290940761566162,0
75,397,-0.13148851692676544,0
75,398,0.23895619809627533,0
75,399,-0.39753466844558716,0
75,400,-0.2032374143600464,0
75,401,0.045162349939346313,0
75,402,0.3329545557498932,0
75,403,0.2711516320705414,0
75,404,0.5729045867919922,0
75,405,0.269096314907074,0
75,406,0.2934592664241791,0
75,407,0.43168243765830994,0
75,408,0.16042472422122955,0
75,409,0.5624984502792358,0
75,410,-0.48709213733673096,0
75,411,0.6339280009269714,0
75,412,-0.057018183171749115,0
75,413,-0.39555811882019043,0
75,414,0.5829198360443115,0
75,415,0.1313439905643463,0
75,416,-0.13976715505123138,0
75,417,0.7285093069076538,0
75,418,-0.3778626322746277,0
75,419,0.21616500616073608,0
75,420,0.712460994720459,0
75,421,-0.5904049277305603,0
75,422,0.19332291185855865,0
75,423,0.28997278213500977,0
75,424,-0.17325197160243988,0
75,425,-0.2700861692428589,0
75,426,-0.41466861963272095,0
75,427,0.38631904125213623,0
75,428,-0.4503416419029236,0
75,429,0.23875761032104492,0
75,430,0.593940794467926,0
75,431,0.26290786266326904,0
75,432,-0.304068386554718,0
75,433,0.715743362903595,0
75,434,0.17927417159080505,0
75,435,0.557191014289856,0
75,436,-0.09924419969320297,0
75,437,-0.3029019236564636,0
75,438,0.1255754679441452,0
75,439,0.4915032982826233,0
75,440,0.15067678689956665,0
75,441,0.17668458819389343,0
75,442,-0.22373227775096893,0
75,443,0.10660652071237564,0
75,444,0.11108162254095078,0
75,445,0.34542015194892883,0
75,446,0.3412456214427948,0
75,447,-0.337830126285553,0
75,448,0.4995402693748474,0
75,449,0.44249847531318665,0
75,450,0.09106547385454178,0
75,451,0.4023180902004242,0
75,452,0.32226839661598206,0
75,453,0.3069034516811371,0
75,454,-0.414821058511734,0
75,455,0.4702160060405731,0
75,456,0.11723783612251282,0
75,457,0.3405664265155792,0
75,458,-0.5642556548118591,0
75,459,-0.28217753767967224,0
75,460,-0.08429647237062454,0
75,461,0.02718225307762623,0
75,462,-0.3050370216369629,0
75,463,1.689028024673462,0
75,464,0.32494601607322693,0
75,465,-0.2570232152938843,0
75,466,0.6121981739997864,0
75,467,0.08552559465169907,0
75,468,0.015818066895008087,0
75,469,0.17383624613285065,0
75,470,0.050392236560583115,0
75,471,-0.027232496067881584,0
75,472,0.6340035796165466,0
75,473,0.30976712703704834,0
75,474,0.1398971676826477,0
75,475,0.10676533728837967,0
75,476,0.049637988209724426,0
75,477,-0.420862078666687,0
75,478,0.47176694869995117,0
75,479,-0.7127890586853027,0
75,480,0.5052253007888794,0
75,481,0.03715013712644577,0
75,482,0.741439938545227,0
75,483,0.2179635912179947,0
75,484,0.5288755297660828,0
75,485,0.03959687799215317,0
75,486,0.32844048738479614,0
75,487,0.08560539782047272,0
75,488,0.0646393746137619,0
75,489,-0.8686907887458801,0
75,490,0.09133550524711609,0
75,491,-0.11738747358322144,0
75,492,0.16522586345672607,0
75,493,0.23223653435707092,0
75,494,-0.030969718471169472,0
75,495,0.4755609631538391,0
75,496,0.42929986119270325,0
75,497,0.4823864996433258,0
75,498,0.35418397188186646,0
75,499,0.23677296936511993,0
75,500,0.33278629183769226,0
75,501,0.17247094213962555,0
75,502,0.2034582942724228,0
75,503,0.2156648337841034,0
75,504,0.14965158700942993,0
75,505,-0.3182234466075897,0
75,506,0.5579224228858948,0
75,507,-0.01440024096518755,0
75,508,0.34618887305259705,0
75,509,-0.5789799690246582,0
75,510,0.5468533635139465,0
75,511,0.42207881808280945,0
75,512,0.19658944010734558,0
75,513,-0.3137575685977936,0
75,514,0.23613902926445007,0
75,515,0.14219710230827332,0
75,516,0.11988425254821777,0
75,517,0.4780180752277374,0
75,518,0.2209792137145996,0
75,519,0.34850385785102844,0
75,520,-0.21524713933467865,0
75,521,0.6658923625946045,0
75,522,-0.33476823568344116,0
75,523,-0.06657515466213226,0
75,524,0.180485799908638,0
75,525,-0.05163445696234703,0
75,526,0.10936719924211502,0
75,527,-0.17295335233211517,0
75,528,0.2594514787197113,0
75,529,0.2847033739089966,0
75,530,-0.022976327687501907,0
75,531,-0.0882713571190834,0
75,532,0.671615719795227,0
75,533,-0.07182469964027405,0
75,534,0.14947320520877838,0
75,535,0.467204213142395,0
75,536,-0.031414695084095,0
75,537,-0.1747564822435379,0
75,538,0.6661747694015503,0
75,539,0.3297320604324341,0
75,540,-0.19046343863010406,0
75,541,0.10596726834774017,0
75,542,0.12473990768194199,0
75,543,0.13306471705436707,0
75,544,0.36178967356681824,0
75,545,-0.16428923606872559,0
75,546,0.12040243297815323,0
75,547,0.4691102206707001,0
75,548,-0.05945810303092003,0
75,549,0.3891488015651703,0
75,550,-0.08785714954137802,0
75,551,-0.08178462088108063,0
75,552,-0.05872844532132149,0
75,553,0.3619508445262909,0
75,554,0.16199785470962524,0
75,555,-0.12867990136146545,0
75,556,-0.041626133024692535,0
75,557,0.26260727643966675,0
75,558,0.327322393655777,0
75,559,0.30575746297836304,0
75,560,0.2749193608760834,0
75,561,0.44359344244003296,0
75,562,0.08604490011930466,0
75,563,-0.38120222091674805,0
75,564,0.4543146789073944,0
75,565,-0.09778738766908646,0
75,566,-0.2219374030828476,0
75,567,0.8730535507202148,0
75,568,0.16320565342903137,0
75,569,-0.18406414985656738,0
75,570,0.04805652052164078,0
75,571,0.34527158737182617,0
75,572,0.08325401693582535,0
75,573,-0.023848727345466614,0
75,574,0.12449023872613907,1
75,575,0.5868950486183167,0
75,576,-0.2465120553970337,0
75,577,0.09479598701000214,0
75,578,0.5079349875450134,0
75,579,0.5039940476417542,0
75,580,0.3961341381072998,0
75,581,0.6762455701828003,0
75,582,-0.025223959237337112,0
75,583,0.3514850437641144,0
75,584,0.15704871714115143,0
75,585,-0.1548980325460434,0
75,586,0.2380666732788086,0
75,587,0.3040092885494232,0
75,588,0.19834721088409424,0
75,589,0.25058713555336,1
75,590,0.3521917462348938,0
75,591,0.33491918444633484,0
75,592,-0.15111100673675537,0
75,593,0.07848422229290009,0
75,594,0.13958384096622467,0
75,595,0.8450697660446167,1
75,596,0.07317256927490234,0
75,597,0.09006352722644806,0
75,598,0.8104766607284546,0
75,599,0.5433650016784668,0
75,600,-0.04490000382065773,0
75,601,0.072759710252285,0
75,602,-0.020555755123496056,0
75,603,0.08065555989742279,0
75,604,0.3397643268108368,0
75,605,0.30120155215263367,0
75,606,0.08110112696886063,0
75,607,0.11204170435667038,0
75,608,0.01700373739004135,0
75,609,0.29568472504615784,0
75,610,0.37815356254577637,0
75,611,0.10195397585630417,0
75,612,0.604790210723877,0
75,613,0.27099689841270447,0
75,614,-0.3422183096408844,0
75,615,0.5337083339691162,0
75,616,-0.4408360719680786,0
75,617,0.5620849132537842,0
75,618,0.3912656605243683,0
75,619,0.4649422764778137,0
75,620,0.13598202168941498,0
75,621,0.02926834486424923,0
75,622,-0.123675636947155,0
75,623,0.0872611552476883,0
75,624,-0.03057774156332016,0
75,625,-0.10854246467351913,0
75,626,0.1364661604166031,0
75,627,0.3335038721561432,0
75,628,0.2926851212978363,0
75,629,-0.034637708216905594,0
75,630,0.7159311771392822,0
75,631,0.21170306205749512,0
75,632,0.4176252484321594,0
75,633,0.2811290919780731,0
75,634,-0.07868865877389908,0
75,635,0.32587936520576477,0
75,636,0.1432102918624878,0
75,637,0.5850222706794739,0
75,638,0.8270264267921448,0
75,639,0.7713893055915833,0
75,640,0.5340907573699951,0
75,641,0.028015494346618652,0
75,642,-0.36490461230278015,0
75,643,0.06381665170192719,0
75,644,0.00753720011562109,0
75,645,-0.08291603624820709,0
75,646,0.24325738847255707,0
75,647,0.49157050251960754,0
75,648,0.5886449813842773,0
75,649,0.5870949625968933,0
75,650,0.4869106113910675,0
75,651,0.2116064578294754,0
75,652,0.09821653366088867,0
75,653,0.343374639749527,0
75,654,0.10386751592159271,0
75,655,0.0645853579044342,0
75,656,0.35259008407592773,0
75,657,0.1007411777973175,0
75,658,0.20327812433242798,0
75,659,0.25232604146003723,0
75,660,0.17202363908290863,0
75,661,0.13032101094722748,0
75,662,0.008616096340119839,0
75,663,-0.04166381061077118,0
75,664,0.14557985961437225,0
75,665,0.019236711785197258,0
75,666,0.003970270045101643,0
75,667,-0.10312110185623169,0
75,668,0.3314633369445801,0
75,669,-0.05418258532881737,0
75,670,0.4978775680065155,0
75,671,0.21847940981388092,0
75,672,0.6895078420639038,0
75,673,0.7147646546363831,0
75,674,0.29829931259155273,0
75,675,0.5136203765869141,0
75,676,0.42540308833122253,0
75,677,-0.31632882356643677,0
75,678,0.5178284645080566,0
75,679,0.2912868559360504,0
75,680,0.11458997428417206,0
75,681,-0.3012900948524475,0
75,682,-0.08042415231466293,0
75,683,-0.15119226276874542,0
75,684,0.4285617470741272,0
75,685,0.6457362771034241,0
75,686,0.0018647778779268265,0
75,687,-0.006856989581137896,0
75,688,-0.12651421129703522,0
75,689,0.2082594782114029,0
75,690,0.05952368304133415,0
75,691,-0.11702267825603485,0
75,692,0.5609015822410583,0
75,693,0.4575384557247162,0
75,694,0.25124311447143555,0
75,695,0.014703609049320221,0
75,696,0.2829113006591797,0
75,697,0.7416354417800903,1
125,0,0.500266432762146,0
125,1,0.24617904424667358,0
125,2,0.04706554487347603,0
125,3,-0.9043688774108887,0
125,4,-0.24430061876773834,0
125,5,0.3317103385925293,0
125,6,0.0734737291932106,0
125,7,0.06658118218183517,0
125,8,0.2349344789981842,0
125,9,-0.40018895268440247,0
125,10,0.6287461519241333,0
125,11,-0.12572352588176727,0
125,12,-0.5718982815742493,0
125,13,0.8977009057998657,0
125,14,-0.1810344010591507,0
125,15,-0.28187793493270874,0
125,16,-0.13414134085178375,0
125,17,-0.4067320227622986,0
125,18,0.15012291073799133,0
125,19,0.45277199149131775,0
125,20,-0.35614943504333496,0
125,21,0.3527551293373108,0
125,22,-0.055281639099121094,0
125,23,-0.1610201746225357,0
125,24,0.12110794335603714,0
125,25,-0.33914637565612793,0
125,26,0.8063849806785583,0
125,27,0.2730417251586914,0
125,28,-0.5112003684043884,0
125,29,-0.06525082141160965,0
125,30,-0.43045300245285034,0
125,31,0.0026255142875015736,0
125,32,0.5324807167053223,0
125,33,-0.46785035729408264,0
125,34,0.08962719142436981,0
125,35,0.8146666884422302,0
125,36,0.6527489423751831,0
125,37,0.512942373752594,0
125,38,0.27416107058525085,0
125,39,-0.4155133366584778,0
125,40,-0.10308054089546204,0
125,41,0.5619671940803528,0
125,42,0.5029346942901611,0
125,43,0.16602763533592224,0
125,44,-0.0718463733792305,0
125,45,-0.010534207336604595,0
125,46,0.4158618152141571,0
125,47,-0.005130555015057325,0
125,48,0.2561849355697632,0
125,49,-0.9260172247886658,0
125,50,0.23721905052661896,0
125,51,-0.294448584318161,0
125,52,0.8222695589065552,0
125,53,0.14510072767734528,0
125,54,0.06069416552782059,0
125,55,0.09845332056283951,0
125,56,0.3832986056804657,0
125,57,0.4587956368923187,0
125,58,-0.17946366965770721,0
125,59,-0.12554626166820526,0
125,60,0.04813084378838539,0
125,61,-0.13001422584056854,0
125,62,-0.30336397886276245,0
125,63,0.47645917534828186,0
125,64,0.3298567831516266,0
125,65,0.12265124917030334,0
125,66,0.4447832405567169,0
125,67,0.5117548704147339,0
125,68,-0.16778281331062317,0
125,69,0.5508226156234741,0
125,70,-0.3492624759674072,0
125,71,0.2059106081724167,0
125,72,-0.20028838515281677,0
125,73,1.0233416557312012,0
125,74,-0.41583937406539917,0
125,75,0.2992902994155884,0
125,76,-0.02138122171163559,0
125,77,-0.610399067401886,0
125,78,0.3201363980770111,0
125,79,0.49872076511383057,0
125,80,0.10658663511276245,0
125,81,0.7872761487960815,0
125,82,-0.0019139628857374191,0
125,83,-0.11934179067611694,0
125,84,0.11684813350439072,0
125,85,-0.2683195173740387,0
125,86,0.24142897129058838,0
125,87,0.5183104276657104,0
125,88,-0.4377954602241516,0
125,89,-0.6429614424705505,0
125,90,0.2851561903953552,0
125,91,-0.022085854783654213,0
125,92,-0.45105883479118347,0
125,93,0.6309041380882263,0
125,94,-0.39133504033088684,0
125,95,0.2925243675708771,0
125,96,-0.16041246056556702,0
125,97,0.08058205991983414,0
125,98,0.6531444191932678,0
125,99,-0.24047404527664185,0
125,100,-0.42048120498657227,0
125,101,-0.335550993680954,0
125,102,0.5925026535987854,0
125,103,0.0011973659275099635,0
125,104,0.04732520133256912,0
125,105,0.16677182912826538,0
125,106,0.6204591989517212,0
125,107,-1.0158846378326416,0
125,108,-0.2556122839450836,0
125,109,0.11270950734615326,0
125,110,-0.10857114940881729,0
125,111,0.334728866815567,0
125,112,0.16211500763893127,0
125,113,-0.2050786316394806,0
125,114,0.15719664096832275,0
125,115,0.15206627547740936,0
125,116,-0.30724427103996277,0
125,117,0.05759001523256302,0
125,118,0.33153894543647766,0
125,119,0.17539376020431519,0
125,120,0.3810484707355499,0
125,121,-0.04626009613275528,0
125,122,0.22452133893966675,0
125,123,0.06344405561685562,0
125,124,0.24288085103034973,0
125,125,-0.7256718277931213,0
125,126,-0.0071769715286791325,0
125,127,0.23022593557834625,0
125,128,-0.812555193901062,0
125,129,-0.09132275730371475,0
125,130,-0.8428168296813965,0
125,131,0.3983829915523529,0
125,132,0.3158954977989197,0
125,133,0.07161769270896912,0
125,134,0.40985625982284546,0
125,135,0.7311856150627136,0
125,136,-0.4848516583442688,0
125,137,0.18963783979415894,0
125,138,-0.18520623445510864,0
125,139,0.5376371145248413,0
125,140,0.8543516993522644,0
125,141,-0.38308748602867126,0
125,142,0.5281118750572205,0
125,143,0.03894756734371185,0
125,144,-0.6124204397201538,0
125,145,0.1603783816099167,0
125,146,-0.07518003135919571,0
125,147,0.3557203412055969,0
125,148,0.2250024527311325,0
125,149,0.6341235637664795,0
125,150,-0.1571979969739914,0
125,151,-0.3708173930644989,0
125,152,0.09402862936258316,0
125,153,-0.18390728533267975,0
125,154,0.741004467010498,0
125,155,0.11272972822189331,0
125,156,-0.7806969285011292,0
125,157,-0.42174938321113586,0
125,158,-0.08653955906629562,0
125,159,-0.17129391431808472,0
125,160,0.7379615902900696,0
125,161,0.40555256605148315,0
125,162,0.2615880072116852,0
125,163,0.09227591007947922,0
125,164,0.3454923927783966,0
125,165,0.7533794641494751,0
125,166,-0.09038066118955612,0
125,167,0.5015543699264526,0
125,168,0.39628109335899353,0
125,169,0.6211313605308533,0
125,170,0.5349705815315247,0
125,171,-0.2957056760787964,0
125,172,0.5704794526100159,0
125,173,0.4704504609107971,0
125,174,-0.5870738625526428,0
125,175,-1.1532012224197388,0
125,176,-0.5946028828620911,0
125,177,0.1882704347372055,0
125,178,0.2914503812789917,0
125,179,0.23441196978092194,0
125,180,-0.7506465911865234,0
125,181,-0.510167121887207,0
125,182,1.328959345817566,0
125,183,0.15033823251724243,0
125,184,0.004381937440484762,0
125,185,-0.2817935645580292,0
125,186,0.05924737825989723,0
125,187,0.8183344602584839,0
125,188,-0.4160444140434265,0
125,189,0.62138432264328,0
125,190,0.33289608359336853,0
125,191,0.2286112755537033,0
125,192,-0.43624967336654663,0
125,193,-0.4454529583454132,0
125,194,-0.24192416667938232,0
125,195,0.22253817319869995,0
125,196,-0.036201607435941696,0
125,197,0.7845947742462158,0
125,198,0.9231795072555542,0
125,199,-0.39350494742393494,0
125,200,0.21132983267307281,0
125,201,0.7797490358352661,0
125,202,0.9512757658958435,0
125,203,-0.7187629342079163,0
125,204,0.31122225522994995,0
125,205,0.4478764235973358,0
125,206,-0.5432132482528687,0
125,207,-0.1078546792268753,0
125,208,-0.4408101439476013,0
125,209,0.024383779615163803,0
125,210,-0.05601983144879341,0
125,211,-0.3672783076763153,0
125,212,-0.7517997026443481,0
125,213,-0.37033811211586,0
125,214,0.2982787489891052,0
125,215,0.17874675989151,0
125,216,-0.3275544047355652,0
125,217,-0.3630070388317108,0
125,218,0.24912701547145844,0
125,219,-0.13637878000736237,0
125,220,-0.5053608417510986,0
125,221,0.6621226072311401,0
125,222,-0.629421055316925,0
125,223,-0.3042074143886566,0
125,224,0.03918750211596489,0
125,225,0.2716067135334015,0
125,226,0.2498903125524521,0
125,227,-0.34012478590011597,0
125,228,-0.1265634447336197,0
125,229,-0.36652636528015137,0
125,230,-0.3817509412765503,0
125,231,0.24509425461292267,0
125,232,0.2360498011112213,0
125,233,-0.37458789348602295,0
125,234,0.021058911457657814,0
125,235,0.42863792181015015,0
125,236,-0.08198070526123047,0
125,237,-0.8928248286247253,0
125,238,0.88250732421875,0
125,239,0.04853152483701706,0
125,240,0.5271903872489929,0
125,241,0.3934764564037323,0
125,242,0.08256807923316956,0
125,243,0.05249054729938507,0
125,244,0.3397013247013092,0
125,245,0.1657305806875229,0
125,246,-0.36493492126464844,0
125,247,-0.30705946683883667,0
125,248,-0.26649150252342224,0
125,249,-0.338797390460968,0
125,250,0.2894311845302582,0
125,251,0.039812617003917694,0
125,252,-0.0870366320014,0
125,253,0.06262197345495224,0
125,254,-0.9251646995544434,0
125,255,-0.12247171252965927,0
125,256,-0.5760414600372314,0
125,257,-0.11205043643712997,0
125,258,-0.017912333831191063,0
125,259,-0.699402391910553,0
125,260,0.25373780727386475,0
125,261,0.07594399154186249,0
125,262,0.5571677684783936,0
125,263,0.5010478496551514,0
125,264,-0.5681902766227722,0
125,265,0.566951334476471,0
125,266,0.3637678623199463,0
125,267,0.15088915824890137,0
125,268,-0.3663519024848938,0
125,269,-0.9450778961181641,0
125,270,-0.9289534687995911,0
125,271,0.010007732547819614,0
125,272,-0.7971847057342529,0
125,273,-0.11034534126520157,0
125,274,-0.09335292130708694,0
125,275,-0.19465436041355133,0
125,276,0.2616739571094513,0
125,277,-0.564816415309906,0
125,278,-0.11343403905630112,0
125,279,-0.5254276394844055,0
125,280,-0.5118306279182434,0
125,281,-0.7281540632247925,0
125,282,-0.4371967613697052,0
125,283,0.0782729983329773,0
125,284,-0.15346913039684296,0
125,285,-0.18379861116409302,0
125,286,0.11036252230405807,0
125,287,-0.27976447343826294,0
125,288,-0.044836655259132385,0
125,289,-0.7995889186859131,0
125,290,0.4386884570121765,0
125,291,-0.17281711101531982,0
125,292,0.16052909195423126,0
125,293,-0.2264636904001236,0
125,294,-0.1835688203573227,0
125,295,-0.420538991689682,0
125,296,-0.047500479966402054,0
125,297,-0.12067041546106339,0
125,298,0.24065019190311432,0
125,299,-0.14646050333976746,0
125,300,0.2596331238746643,0
125,301,0.3521047830581665,0
125,302,-0.6750802993774414,0
125,303,0.13332128524780273,0
125,304,-0.06659433245658875,0
125,305,-0.11563816666603088,0
125,306,0.032975565642118454,0
125,307,0.05762050300836563,0
125,308,-0.7072159647941589,0
125,309,0.27153483033180237,0
125,310,-0.11277388036251068,0
125,311,0.5084080696105957,0
125,312,-0.1926945000886917,0
125,313,0.01967068389058113,0
125,314,0.4687584340572357,0
125,315,0.5499950051307678,0
125,316,-0.3395416736602783,1
125,317,-0.23415949940681458,0
125,318,0.33783209323883057,0
125,319,0.21999703347682953,0
125,320,-0.05481833592057228,0
125,321,0.7470319271087646,0
125,322,-0.11475611478090286,0
125,323,-0.0835261270403862,0
125,324,0.36769142746925354,0
125,325,-0.11155377328395844,0
125,326,-0.04815206304192543,0
125,327,0.14418354630470276,0
125,328,-0.38927364349365234,0
125,329,0.11241061985492706,0
125,330,-0.7724811434745789,1
125,331,0.13970650732517242,0
125,332,-0.015070555731654167,1
125,333,0.20768623054027557,0
125,334,-0.3673321306705475,0
125,335,0.13480088114738464,0
125,336,-0.17222486436367035,0
125,337,-0.42751631140708923,0
125,338,-0.10205904394388199,0
125,339,-0.21949048340320587,0
125,340,-0.9113356471061707,0
125,341,0.20260284841060638,0
125,342,-0.579717218875885,0
125,343,0.020966438576579094,0
125,344,-0.7137024998664856,0
125,345,0.29882436990737915,0
125,346,0.20011012256145477,0
125,347,-0.36577099561691284,0
125,348,-0.39228489995002747,0
125,349,-0.09372326731681824,0
125,350,-0.21725764870643616,0
125,351,-0.09211056679487228,0
125,352,0.15072087943553925,0
125,353,-0.04843347892165184,0
125,354,-0.6987844109535217,0
125,355,0.10390863567590714,0
125,356,-0.3627360165119171,0
125,357,0.05767809972167015,0
125,358,-1.0650299787521362,0
125,359,0.4770670533180237,0
125,360,-0.5735959410667419,0
125,361,0.13336077332496643,0
125,362,1.3155485391616821,0
125,363,-0.07458629459142685,0
125,364,-0.24445876479148865,0
125,365,-0.4155866503715515,0
125,366,-0.3252733051776886,0
125,367,0.42155903577804565,0
125,368,-0.04213322326540947,0
125,369,-0.325335294008255,0
125,370,0.3158731460571289,0
125,371,-0.32247281074523926,0
125,372,0.24478968977928162,0
125,373,-0.31026872992515564,0
125,374,-0.17828036844730377,0
125,375,-0.034061454236507416,0
125,376,0.1318102478981018,0
125,377,-0.43795275688171387,0
125,378,-0.3673514723777771,0
125,379,-0.2973737418651581,0
125,380,0.385924369096756,0
125,381,0.06391977518796921,0
125,382,0.3397601544857025,0
125,383,0.5417967438697815,0
125,384,-0.19835840165615082,0
125,385,0.024756599217653275,0
125,386,-0.06301619112491608,0
125,387,0.191178098320961,0
125,388,0.12188560515642166,0
125,389,0.0838792696595192,0
125,390,0.4772705137729645,0
125,391,-0.6251558661460876,0
125,392,-0.5659114122390747,0
125,393,-0.6247431039810181,0
125,394,-0.5614513754844666,0
125,395,0.3188124895095825,0
125,396,-0.06788884848356247,0
125,397,-0.15301932394504547,0
125,398,0.46741530299186707,0
125,399,-0.17433373630046844,0
125,400,0.05151958391070366,0
125,401,0.1729595959186554,0
125,402,0.18999460339546204,0
125,403,0.03549259901046753,0
125,404,-0.4865210950374603,0
125,405,-0.725651204586029,0
125,406,-0.004392124712467194,0
125,407,-0.031454600393772125,0
125,408,-0.22322270274162292,0
125,409,-0.7898327112197876,0
125,410,0.4364909827709198,0
125,411,-0.7100144624710083,0
125,412,0.04014824703335762,0
125,413,0.20085501670837402,0
125,414,-0.38447803258895874,0
125,415,-0.4074585437774658,0
125,416,-0.2197059988975525,0
125,417,-0.27447745203971863,0
125,418,0.13043741881847382,0
125,419,0.0863502249121666,0
125,420,-0.4471854567527771,0
125,421,-0.06475383043289185,0
125,422,0.3014957308769226,0
125,423,-0.27122962474823,0
125,424,0.022713400423526764,0
125,425,-0.3647225797176361,0
125,426,-0.3916094899177551,0
125,427,-0.14615991711616516,0
125,428,-0.16733717918395996,0
125,429,0.0008701383485458791,0
125,430,-0.1809556931257248,0
125,431,-0.7460098266601562,0
125,432,0.17762163281440735,0
125,433,0.23426340520381927,0
125,434,0.352530300617218,0
125,435,-0.44462060928344727,0
125,436,-0.28458890318870544,0
125,437,0.4273735284805298,0
125,438,-0.2849065661430359,0
125,439,-0.1772611290216446,0
125,440,-0.24509410560131073,0
125,441,-0.323114275932312,0
125,442,0.14266876876354218,0
125,443,-0.5082718729972839,0
125,444,-0.22573505342006683,0
125,445,0.08357755094766617,0
125,446,0.0018441755091771483,0
125,447,0.0774228572845459,0
125,448,-0.4059693515300751,0
125,449,-0.214138925075531,0
125,450,0.27938294410705566,0
125,451,0.11493995785713196,0
125,452,-0.3798646926879883,0
125,453,-0.21711581945419312,0
125,454,-0.20926548540592194,0
125,455,-0.05760723724961281,0
125,456,-0.3826117515563965,0
125,457,-0.6756353378295898,0
125,458,-0.49964022636413574,0
125,459,0.26983165740966797,0
125,460,0.2877918779850006,0
125,461,-0.3833593428134918,0
125,462,0.15521566569805145,0
125,463,-0.8767068386077881,0
125,464,-0.3367930054664612,0
125,465,0.11975735425949097,0
125,466,-0.2794734537601471,0
125,467,-0.015602614730596542,0
125,468,-0.41860461235046387,0
125,469,-0.1918799877166748,0
125,470,0.18904240429401398,0
125,471,0.2807912826538086,0
125,472,-0.05335715785622597,0
125,473,0.2710726261138916,0
125,474,0.06749968230724335,0
125,475,-0.17069561779499054,0
125,476,-0.32171574234962463,0
125,477,0.24102617800235748,0
125,478,-0.263037770986557,0
125,479,-0.07430804520845413,0
125,480,-0.5157309174537659,0
125,481,-0.1186048611998558,0
125,482,0.022407304495573044,0
125,483,0.2846675217151642,0
125,484,-0.7657235860824585,0
125,485,0.0911058560013771,0
125,486,-0.7934950590133667,0
125,487,0.31345289945602417,0
125,488,-0.4788680970668793,0
125,489,0.022649716585874557,0
125,490,0.11483383178710938,0
125,491,0.031207045540213585,0
125,492,-0.7791418433189392,0
125,493,-0.19859610497951508,0
125,494,-0.15749801695346832,0
125,495,-0.04730140417814255,0
125,496,-0.2545517385005951,0
125,497,-0.470366895198822,0
125,498,-0.038363777101039886,0
125,499,-0.37989041209220886,0
125,500,-0.1984972059726715,0
125,501,-0.4772663712501526,0
125,502,-0.7669157981872559,0
125,503,-0.5593135356903076,0
125,504,-0.41777822375297546,0
125,505,0.5232366323471069,0
125,506,-0.6013541221618652,0
125,507,-0.5344175696372986,0
125,508,-0.4550582468509674,0
125,509,0.5953054428100586,0
125,510,-0.5870226621627808,0
125,511,-0.34135985374450684,0
125,512,-0.20094965398311615,0
125,513,0.23531365394592285,0
125,514,-0.015027103945612907,0
125,515,-0.4065060615539551,0
125,516,0.1743963360786438,0
125,517,-0.2478359341621399,0
125,518,0.12856119871139526,0
125,519,-0.1239098608493805,0
125,520,0.7857514023780823,0
125,521,-0.5692983269691467,0
125,522,0.20995789766311646,0
125,523,-0.12671895325183868,0
125,524,-0.26354190707206726,0
125,525,-0.3641079068183899,0
125,526,0.14557237923145294,0
125,527,0.12896335124969482,0
125,528,-0.6506145000457764,0
125,529,-0.3796384632587433,0
125,530,0.5082749724388123,0
125,531,-0.0036429695319384336,0
125,532,-0.3458556532859802,0
125,533,0.28993305563926697,0
125,534,0.1351984292268753,0
125,535,-0.4298996031284332,0
125,536,0.42636242508888245,0
125,537,0.019323354586958885,0
125,538,-0.3705110549926758,0
125,539,-0.40546053647994995,0
125,540,0.2189798802137375,0
125,541,0.12741412222385406,0
125,542,-0.2864123284816742,0
125,543,-0.23185963928699493,0
125,544,-0.1270858198404312,0
125,545,-0.16873793303966522,0
125,546,-0.514228105545044,0
125,547,-0.3634994924068451,0
125,548,-0.08148305118083954,0
125,549,-0.13977445662021637,0
125,550,0.37784838676452637,0
125,551,-0.04923582822084427,0
125,552,-0.050693854689598083,0
125,553,-0.27717745304107666,0
125,554,0.2558668255805969,0
125,555,-0.2000587433576584,0
125,556,-0.37413209676742554,0
125,557,0.36931049823760986,0
125,558,-0.1598256230354309,0
125,559,-0.30994290113449097,0
125,560,-0.40914347767829895,0
125,561,-0.2152802050113678,0
125,562,-0.4756743013858795,0
125,563,0.6467925310134888,0
125,564,-0.2506123483181,0
125,565,0.5886180400848389,0
125,566,-0.06795115768909454,0
125,567,-0.6482338309288025,0
125,568,-0.8134641051292419,0
125,569,0.2935020923614502,0
125,570,0.0193729717284441,0
125,571,-0.12945803999900818,0
125,572,0.12744788825511932,1
125,573,-0.09444545209407806,0
125,574,-0.015602415427565575,0
125,575,-0.206462100148201,0
125,576,0.3112928569316864,0
125,577,0.044477351009845734,0
125,578,-0.8047653436660767,0
125,579,-0.32750946283340454,0
125,580,-0.09017421305179596,0
125,581,-0.24048292636871338,0
125,582,-0.280386358499527,0
125,583,-0.04152039438486099,0
125,584,0.3075104355812073,0
125,585,-0.34142816066741943,0
125,586,-0.3745265007019043,0
125,587,-0.5311695337295532,1
125,588,0.4538981020450592,0
125,589,-0.14790992438793182,0
125,590,-0.6323379278182983,0
125,591,0.3188849687576294,0
125,592,-0.023706668987870216,0
125,593,-0.49945467710494995,1
125,594,-0.5906602144241333,0
125,595,-0.7643386721611023,0
125,596,-0.09561176598072052,0
125,597,-0.5296681523323059,0
125,598,-1.26841139793396,0
125,599,-0.41633427143096924,0
125,600,0.3930310308933258,0
125,601,-0.20569562911987305,0
125,602,0.2392471432685852,0
125,603,0.19400465488433838,0
125,604,-0.9487143158912659,0
125,605,-1.1776082515716553,0
125,606,-0.67093425989151,0
125,607,-0.17372094094753265,0
125,608,-0.8250512480735779,0
125,609,-0.3897866904735565,0
125,610,-0.6394436359405518,0
125,611,-0.4914710521697998,0
125,612,-0.6633298397064209,0
125,613,0.3021923899650574,0
125,614,0.12275335937738419,0
125,615,-0.519157886505127,0
125,616,-0.05892498418688774,0
125,617,-0.5093978643417358,0
125,618,-0.6167429089546204,0
125,619,0.04125218465924263,0
125,620,-0.573779821395874,0
125,621,-0.3560732305049896,0
125,622,-0.3811753988265991,0
125,623,-0.3371035158634186,0
125,624,0.32253149151802063,0
125,625,-0.2426142543554306,0
125,626,0.553337574005127,0
125,627,-0.0006516427965834737,0
125,628,-0.21059352159500122,0
125,629,-0.04085332527756691,0
125,630,-0.015613580122590065,0
125,631,0.4097733199596405,0
125,632,-0.1152593269944191,0
125,633,-0.6806225776672363,0
125,634,-0.034932006150484085,0
125,635,-0.28526023030281067,0
125,636,0.001772843417711556,0
125,637,-0.7588004469871521,0
125,638,-0.7110836505889893,0
125,639,-0.3061635196208954,0
125,640,-0.3178703486919403,0
125,641,0.11301500350236893,0
125,642,0.1845204085111618,0
125,643,-0.21538110077381134,0
125,644,0.26909321546554565,0
125,645,-0.0010786360362544656,0
125,646,0.0894952118396759,0
125,647,-0.6782701015472412,0
125,648,-0.4395045340061188,0
125,649,-1.0317212343215942,0
125,650,-0.5778424143791199,0
125,651,-0.17381902039051056,0
125,652,-0.9502382874488831,0
125,653,0.2832413911819458,0
125,654,-0.175334170460701,0
125,655,-0.3185800313949585,0
125,656,-0.12190225720405579,0
125,657,-0.27913469076156616,0
125,658,-0.31842806935310364,0
125,659,-0.1179327741265297,0
125,660,-0.2909328043460846,0
125,661,0.04604072868824005,0
125,662,0.05697944760322571,0
125,663,0.6317888498306274,0
125,664,-0.23802007734775543,0
125,665,0.12523818016052246,0
125,666,-0.1826830506324768,0
125,667,0.28094884753227234,0
125,668,0.042904242873191833,0
125,669,-0.006722267717123032,0
125,670,-0.55599445104599,0
125,671,-0.7243029475212097,0
125,672,-0.15123069286346436,0
125,673,-0.8220263719558716,0
125,674,-0.04245930165052414,0
125,675,-0.3305625319480896,0
125,676,-0.7590732574462891,0
125,677,0.08895158767700195,0
125,678,-0.5637176632881165,0
125,679,-0.33437058329582214,0
125,680,0.04245109111070633,0
125,681,0.14444024860858917,0
125,682,0.14811542630195618,0
125,683,0.392988383769989,0
125,684,0.19198377430438995,0
125,685,-0.7304307222366333,0
125,686,-0.01237498689442873,0
125,687,-0.48883482813835144,0
125,688,-0.20114926993846893,0
125,689,-0.4481485188007355,0
125,690,-0.3746753931045532,0
125,691,-0.4122983515262604,0
125,692,-0.6942505240440369,0
125,693,-0.7751995325088501,0
125,694,0.1690731793642044,0
125,695,0.03934251144528389,0
125,696,-0.6671655178070068,0
125,697,0.04741013050079346,0
153,0,0.5622925162315369,0
153,1,-0.18264420330524445,0
153,2,0.27610787749290466,0
153,3,-1.2808712720870972,0
153,4,0.03779618814587593,0
153,5,0.833473265171051,0
153,6,0.7319102883338928,0
153,7,0.6106806993484497,0
153,8,0.25901898741722107,0
153,9,-0.038504526019096375,0
153,10,0.03546208515763283,0
153,11,0.17456591129302979,0
153,12,-0.808336079120636,0
153,13,-0.04485596343874931,0
153,14,0.1818639189004898,0
153,15,-0.5986995100975037,0
153,16,-0.1399248093366623,0
153,17,0.3224184513092041,0
153,18,0.5107479095458984,0
153,19,0.3978461027145386,0
153,20,0.1069289818406105,0
153,21,0.2003786563873291,0
153,22,0.15927942097187042,0
153,23,-0.3375626504421234,0
153,24,0.10817492753267288,0
153,25,-0.28059178590774536,0
153,26,1.0271769762039185,0
153,27,-0.027896562591195107,0
153,28,-0.17823097109794617,0
153,29,-0.015378205105662346,0
153,30,0.25105711817741394,0
153,31,0.767194390296936,0
153,32,0.4437195658683777,0
153,33,0.1279241144657135,0
153,34,-0.07232540100812912,0
153,35,0.2507786452770233,0
153,36,0.035384174436330795,0
153,37,1.0134251117706299,0
153,38,-0.09540998190641403,0
153,39,-0.5098262429237366,0
153,40,0.11302725970745087,0
153,41,-0.02246559038758278,0
153,42,-0.6268037557601929,0
153,43,0.8597745895385742,0
153,44,-0.6658058166503906,0
153,45,0.036659564822912216,0
153,46,-0.031970638781785965,0
153,47,0.0893799364566803,0
153,48,0.2984044551849365,0
153,49,-0.47814586758613586,0
153,50,-0.012837829999625683,0
153,51,0.617553174495697,0
153,52,0.3833826780319214,0
153,53,-0.3976292908191681,0
153,54,-0.12888918817043304,0
153,55,1.0695990324020386,0
153,56,0.19787999987602234,0
153,57,0.7100235223770142,0
153,58,-0.5448853969573975,0
153,59,0.33530569076538086,0
153,60,-0.1409587413072586,0
153,61,-0.29499566555023193,0
153,62,-0.5466400384902954,0
153,63,0.40129029750823975,0
153,64,-0.15840308368206024,0
153,65,0.41163963079452515,0
153,66,0.7534882426261902,0
153,67,0.8921710848808289,0
153,68,-0.018517248332500458,0
153,69,-0.3331535756587982,0
153,70,-0.04737941920757294,0
153,71,0.07479016482830048,0
153,72,0.40758275985717773,0
153,73,0.9315972328186035,0
153,74,0.5866020917892456,0
153,75,0.9208626747131348,0
153,76,-0.3141250014305115,0
153,77,0.030841831117868423,0
153,78,0.1658903956413269,0
153,79,-0.5765061378479004,0
153,80,-0.0865509957075119,0
153,81,0.5537911057472229,0
153,82,0.6623168587684631,0
153,83,0.4422035813331604,0
153,84,0.3775349259376526,0
153,85,-0.25801876187324524,0
153,86,0.44002994894981384,0
153,87,0.04784904047846794,0
153,88,-0.7652022838592529,0
153,89,-0.330046683549881,0
153,90,-0.3492964804172516,0
153,91,-0.08846339583396912,0
153,92,-0.08121027052402496,0
153,93,0.2272690385580063,0
153,94,-0.28017258644104004,0
153,95,0.1713448017835617,0
153,96,0.5381682515144348,0
153,97,0.32206839323043823,0
153,98,0.05663216859102249,0
153,99,0.04992086812853813,0
153,100,0.6570152044296265,0
153,101,-0.03040473163127899,0
153,102,0.8068053126335144,0
153,103,-0.017523610964417458,0
153,104,0.40336939692497253,0
153,105,0.45106029510498047,0
153,106,0.8455110192298889,0
153,107,-0.7571301460266113,0
153,108,-0.021943558007478714,0
153,109,0.24283374845981598,0
153,110,0.7172266244888306,0
153,111,-0.6196706295013428,0
153,112,0.6354243159294128,0
153,113,-0.2996171712875366,0
153,114,0.038619767874479294,0
153,115,-0.02875085547566414,0
153,116,-0.00835393089801073,0
153,117,0.12458501756191254,0
153,118,0.5732171535491943,0
153,119,0.8401345610618591,0
153,120,0.4138178527355194,0
153,121,0.1696413904428482,0
153,122,-0.08698645234107971,0
153,123,-0.41247543692588806,0
153,124,0.6610978245735168,0
153,125,0.23567108809947968,0
153,126,0.3878452479839325,0
153,127,-0.3931925594806671,0
153,128,0.045194193720817566,0
153,129,-0.08933477848768234,0
153,130,-0.31843090057373047,0
153,131,-0.007084949873387814,0
153,132,-0.6231963634490967,0
153,133,-0.08286568522453308,0
153,134,-0.03054783120751381,0
153,135,0.30109554529190063,0
153,136,0.24553298950195312,0
153,137,-0.2785691022872925,0
153,138,-0.6706783771514893,0
153,139,0.6590567827224731,0
153,140,0.13886086642742157,0
153,141,-0.014391569420695305,0
153,142,0.14330627024173737,0
153,143,0.2923007607460022,0
153,144,0.07106928527355194,0
153,145,0.47434359788894653,0
153,146,0.36261701583862305,0
153,147,0.5656705498695374,0
153,148,-0.2078540027141571,0
153,149,0.6506742835044861,0
153,150,-0.6625300049781799,0
153,151,-0.42979124188423157,0
153,152,-0.32303404808044434,0
153,153,-0.5236663222312927,0
153,154,0.6981431841850281,0
153,155,0.03877000883221626,0
153,156,-0.6139081716537476,0
153,157,0.17947755753993988,0
153,158,0.6072918772697449,0
153,159,-0.8671814203262329,0
153,160,1.0388258695602417,0
153,161,-0.6497339010238647,0
153,162,-0.31950873136520386,0
153,163,0.2617458403110504,0
153,164,0.07630296796560287,0
153,165,1.2110542058944702,0
153,166,0.08114076405763626,0
153,167,0.14109118282794952,0
153,168,0.6012246608734131,0
153,169,0.8863101601600647,0
153,170,-0.21839633584022522,0
153,171,-0.032186005264520645,0
153,172,0.11028594523668289,0
153,173,0.715254008769989,0
153,174,-0.5618494749069214,0
153,175,-1.1158794164657593,0
153,176,-0.3300182521343231,0
153,177,0.2817482352256775,0
153,178,-0.3023388385772705,0
153,179,0.7930903434753418,0
153,180,-0.2442140132188797,0
153,181,-1.1173580884933472,0
153,182,0.9097675681114197,0
153,183,0.18989811837673187,0
153,184,-0.028030119836330414,0
153,185,-0.7683333158493042,0
153,186,0.37121981382369995,0
153,187,1.0367554426193237,0
153,188,0.7883445620536804,0
153,189,0.1713021695613861,0
153,190,0.4397856593132019,0
153,191,0.23391927778720856,0
153,192,-0.41694504022598267,0
153,193,-0.21083344519138336,0
153,194,0.05867992714047432,0
153,195,0.2241082489490509,0
153,196,0.5805641412734985,0
153,197,0.24457471072673798,0
153,198,0.6384838223457336,0
153,199,0.6496648788452148,0
153,200,0.8911766409873962,0
153,201,0.5878995060920715,0
153,202,0.34080588817596436,0
153,203,-0.3318120539188385,0
153,204,0.3542388081550598,0
153,205,0.4396967887878418,0
153,206,0.333644300699234,0
153,207,0.6728216409683228,0
153,208,-0.4043075442314148,0
153,209,-0.49528273940086365,0
153,210,-0.30389079451560974,0
153,211,-0.5138588547706604,0
153,212,-1.1290833950042725,0
153,213,-0.41241684556007385,0
153,214,0.07046273350715637,0
153,215,-0.054601676762104034,0
153,216,-0.5735090970993042,0
153,217,-1.4514544010162354,0
153,218,1.3383692502975464,0
153,219,0.6094979643821716,0
153,220,-0.07338505983352661,0
153,221,0.7324299216270447,0
153,222,-0.3392043709754944,0
153,223,0.1021345853805542,0
153,224,-0.05595233663916588,0
153,225,0.5857224464416504,0
153,226,0.23037651181221008,0
153,227,-0.45336952805519104,0
153,228,0.2185862809419632,0
153,229,-0.2400955706834793,0
153,230,-0.6398589611053467,0
153,231,0.6776008605957031,0
153,232,0.457365483045578,0
153,233,-0.8355944156646729,0
153,234,-0.10102810710668564,0
153,235,0.5173242688179016,0
153,236,-0.7666734457015991,0
153,237,0.15536314249038696,0
153,238,0.6044630408287048,0
153,239,-0.01898883283138275,0
153,240,0.3761727213859558,0
153,241,-0.6214368939399719,0
153,242,0.005650696810334921,0
153,243,0.030450012534856796,0
153,244,-0.38170766830444336,0
153,245,0.4695843458175659,0
153,246,0.4964926540851593,0
153,247,-0.04010803997516632,0
153,248,-0.670471727848053,0
153,249,-0.2920563519001007,0
153,250,-0.29168105125427246,0
153,251,0.5485451817512512,0
153,252,-0.97431880235672,0
153,253,-0.1464725285768509,0
153,254,-0.7664538621902466,0
153,255,-0.8325973749160767,0
153,256,-0.14941173791885376,0
153,257,-0.49632084369659424,0
153,258,-0.4182579815387726,0
153,259,-0.4752143919467926,0
153,260,0.25418993830680847,0
153,261,-0.15961165726184845,0
153,262,-0.3838793933391571,0
153,263,-0.3262999355792999,0
153,264,0.12189110368490219,0
153,265,-0.3498028814792633,0
153,266,0.6943578124046326,0
153,267,0.29663848876953125,0
153,268,-0.3314838409423828,0
153,269,-0.11519334465265274,0
153,270,0.19638042151927948,0
153,271,-0.0841750055551529,0
153,272,0.4847767651081085,0
153,273,0.2752678692340851,0
153,274,-0.3481023609638214,0
153,275,0.7292283177375793,0
153,276,-0.38499778509140015,0
153,277,-0.7885170578956604,0
153,278,-0.8868410587310791,0
153,279,-0.7490423321723938,0
153,280,0.11200227588415146,0
153,281,0.22172483801841736,0
153,282,-0.2609076201915741,0
153,283,0.6310845613479614,0
153,284,-0.4201433062553406,0
153,285,2.9623327255249023,0
153,286,1.157939076423645,0
153,287,0.3735760748386383,0
153,288,0.06494361907243729,0
153,289,-0.46579602360725403,0
153,290,-0.45807886123657227,0
153,291,-1.0313447713851929,0
153,292,0.18156839907169342,0
153,293,0.5289804339408875,0
153,294,0.1170344427227974,0
153,295,0.5112462043762207,0
153,296,-0.855305016040802,0
153,297,-0.2729935944080353,0
153,298,0.1392023116350174,0
153,299,-0.29219043254852295,0
153,300,0.12222696095705032,0
153,301,0.2675122022628784,0
153,302,0.0416901595890522,0
153,303,-0.11490952223539352,0
153,304,0.6009250283241272,0
153,305,-0.7124895453453064,0
153,306,0.20867231488227844,0
153,307,-0.3676444888114929,0
153,308,0.7602929472923279,1
153,309,-0.10639800131320953,0
153,310,-1.1892985105514526,0
153,311,-0.4317452013492584,0
153,312,0.34227293729782104,0
153,313,-0.4535168707370758,0
153,314,0.6584153771400452,0
153,315,0.07254230976104736,0
153,316,-0.6176365613937378,0
153,317,-0.13315023481845856,0
153,318,0.14896807074546814,0
153,319,0.052918095141649246,0
153,320,0.09160204231739044,0
153,321,0.16647528111934662,0
153,322,0.046771638095378876,1
153,323,-0.6176571846008301,0
153,324,-0.8492484092712402,1
153,325,-0.53452068567276,0
153,326,0.579808235168457,0
153,327,0.08131777495145798,0
153,328,-0.6126220226287842,0
153,329,-0.19786584377288818,0
153,330,-0.3367874324321747,0
153,331,-0.05280277878046036,0
153,332,0.8165543675422668,0
153,333,0.25042787194252014,0
153,334,-0.820590078830719,0
153,335,-0.6282997131347656,0
153,336,0.3868979215621948,0
153,337,-0.5132457613945007,0
153,338,-0.6931741833686829,0
153,339,-0.38420340418815613,0
153,340,0.30913665890693665,0
153,341,-0.055923402309417725,0
153,342,0.41932106018066406,0
153,343,-1.0546787977218628,0
153,344,-0.4695359766483307,0
153,345,-0.13561518490314484,0
153,346,0.7730899453163147,0
153,347,-1.2977725267410278,0
153,348,0.43226829171180725,0
153,349,0.08377174288034439,0
153,350,0.3369070887565613,0
153,351,-0.1518513709306717,0
153,352,-0.10276038199663162,0
153,353,-0.7190582156181335,0
153,354,-0.036586809903383255,0
153,355,0.010845302604138851,0
153,356,-0.9213218688964844,0
153,357,-0.15112163126468658,0
153,358,-0.3587104380130768,0
153,359,-0.6051306128501892,0
153,360,0.2019321322441101,0
153,361,-0.09074167162179947,0
153,362,-0.1262674629688263,0
153,363,1.18802011013031,0
153,364,-0.8157688975334167,0
153,365,-0.3869245648384094,0
153,366,-0.560156524181366,0
153,367,-0.4193447530269623,0
153,368,0.585908830165863,0
153,369,-0.9931759238243103,0
153,370,-0.6221774220466614,0
153,371,0.2329065054655075,0
153,372,0.7741389274597168,0
153,373,-0.6520064473152161,0
153,374,-0.08026658743619919,0
153,375,0.007376635912805796,0
153,376,-0.3441656529903412,0
153,377,-0.6208112239837646,0
153,378,-0.04551373049616814,0
153,379,-0.49430516362190247,0
153,380,0.5863704681396484,0
153,381,0.4028380215167999,0
153,382,0.3484378457069397,0
153,383,-0.29665449261665344,0
153,384,-0.43425512313842773,0
153,385,0.7964376211166382,0
153,386,-0.352470338344574,0
153,387,0.25525256991386414,0
153,388,-0.112523652613163,0
153,389,1.1330831050872803,0
153,390,-0.1507948786020279,0
153,391,-0.4114852249622345,0
153,392,-0.9204975962638855,0
153,393,0.46355271339416504,0
153,394,-0.5734362602233887,0
153,395,1.393109679222107,0
153,396,-0.07967644929885864,0
153,397,-0.17620253562927246,0
153,398,1.1694369316101074,0
153,399,-0.6984310150146484,0
153,400,0.01711338944733143,0
153,401,0.418267160654068,0
153,402,0.04040185362100601,0
153,403,-0.01461120042949915,0
153,404,-0.4640952944755554,0
153,405,0.8851544260978699,0
153,406,-0.45167607069015503,0
153,407,0.6288019418716431,0
153,408,0.02980303391814232,0
153,409,1.2682573795318604,0
153,410,-0.6537792086601257,0
153,411,1.417312502861023,0
153,412,-0.6735787987709045,0
153,413,-0.3108963072299957,0
153,414,-0.21462170779705048,0
153,415,-0.13610342144966125,0
153,416,-0.21708670258522034,0
153,417,1.2923259735107422,0
153,418,-0.31882238388061523,0
153,419,-0.7733681201934814,0
153,420,-0.28571972250938416,0
153,421,-0.9750081300735474,0
153,422,0.4177906811237335,0
153,423,-0.5372549295425415,0
153,424,-0.8435465097427368,0
153,425,-0.072072334587574,0
153,426,-0.4768151044845581,0
153,427,0.20871484279632568,0
153,428,0.03840173780918121,0
153,429,0.29091519117355347,0
153,430,0.10682248324155807,0
153,431,-0.32892510294914246,0
153,432,0.1975291669368744,0
153,433,0.15178345143795013,0
153,434,-1.104154348373413,0
153,435,1.1543500423431396,0
153,436,-0.883623480796814,0
153,437,0.6015074253082275,0
153,438,-0.5509042143821716,0
153,439,-0.058149371296167374,0
153,440,-0.7902411818504333,0
153,441,0.09329068660736084,0
153,442,-0.27237460017204285,0
153,443,0.6728608012199402,0
153,444,-0.19266270101070404,0
153,445,0.15720273554325104,0
153,446,-0.015628397464752197,0
153,447,-0.2820855975151062,0
153,448,0.04558049887418747,0
153,449,-0.11132662743330002,0
153,450,0.19772851467132568,0
153,451,0.8938357830047607,0
153,452,-0.5036440491676331,0
153,453,0.01594715006649494,0
153,454,-0.37742483615875244,0
153,455,-0.37396204471588135,0
153,456,-0.9476373195648193,0
153,457,0.12088199704885483,0
153,458,-0.16038523614406586,0
153,459,0.23544122278690338,0
153,460,-0.09667527675628662,0
153,461,-1.054064393043518,0
153,462,-1.2654980421066284,0
153,463,-0.2631669044494629,0
153,464,-0.318949431180954,0
153,465,0.199785053730011,0
153,466,-0.28481343388557434,0
153,467,-0.7336689829826355,0
153,468,0.021066181361675262,0
153,469,-0.1153692826628685,0
153,470,-0.12488655745983124,0
153,471,1.0016874074935913,0
153,472,-0.1707625687122345,0
153,473,-0.5720931887626648,0
153,474,-0.10719474405050278,0
153,475,-0.5279645919799805,0
153,476,0.9149105548858643,0
153,477,0.38459083437919617,0
153,478,-0.400879442691803,0
153,479,-0.7086061835289001,0
153,480,-0.031015649437904358,0
153,481,0.4228894114494324,0
153,482,0.0749952495098114,0
153,483,-1.0552821159362793,0
153,484,1.1420782804489136,0
153,485,-0.19416163861751556,0
153,486,-0.2052810937166214,0
153,487,-0.1564098745584488,0
153,488,0.7970749139785767,0
153,489,-0.3168632388114929,0
153,490,0.8142102956771851,0
153,491,0.9658194780349731,0
153,492,-0.5431132316589355,0
153,493,0.4353480935096741,0
153,494,-0.2839163839817047,0
153,495,0.5584230422973633,0
153,496,0.5166348218917847,0
153,497,-0.11121457815170288,0
153,498,-0.9934136867523193,0
153,499,0.10565172880887985,0
153,500,-0.4621685743331909,0
153,501,-0.28639182448387146,0
153,502,-0.6454864144325256,0
153,503,-0.1990932673215866,0
153,504,-0.6213489770889282,0
153,505,0.17298781871795654,0
153,506,-0.025138823315501213,0
153,507,-0.7177193760871887,0
153,508,-0.2741122543811798,0
153,509,-0.3284452557563782,0
153,510,-0.2987293601036072,0
153,511,-0.5070862174034119,0
153,512,0.2173006385564804,0
153,513,0.15605664253234863,0
153,514,0.40184396505355835,0
153,515,-0.26871296763420105,0
153,516,0.5129053592681885,0
153,517,1.5063209533691406,0
153,518,0.3516276180744171,0
153,519,-0.04705767706036568,0
153,520,0.0021757434587925673,0
153,521,0.10434144735336304,0
153,522,0.952303946018219,0
153,523,0.11358244717121124,0
153,524,-0.10196501016616821,0
153,525,0.08838111907243729,0
153,526,0.43368464708328247,0
153,527,0.9019809365272522,0
153,528,0.2314002364873886,0
153,529,0.09723503142595291,0
153,530,0.3460155129432678,0
153,531,0.30344080924987793,0
153,532,-1.2167783975601196,0
153,533,0.45135635137557983,0
153,534,-0.38018015027046204,0
153,535,-0.16875340044498444,0
153,536,0.8745916485786438,0
153,537,-0.5831462144851685,0
153,538,-0.1998981088399887,0
153,539,-0.3587948679924011,0
153,540,-0.9989349842071533,0
153,541,0.06794170290231705,0
153,542,-0.3366192877292633,0
153,543,-0.7281690239906311,0
153,544,-0.47728487849235535,0
153,545,-1.165769338607788,0
153,546,-0.5723920464515686,0
153,547,-1.2672126293182373,0
153,548,0.04752117395401001,0
153,549,-1.031316876411438,0
153,550,-0.06406358629465103,0
153,551,-0.29067716002464294,0
153,552,-0.6643151044845581,0
153,553,-0.4800412058830261,0
153,554,-0.8908517956733704,0
153,555,0.07500065118074417,0
153,556,0.06201144680380821,0
153,557,0.6895902752876282,0
153,558,-0.030554108321666718,0
153,559,-0.5966242551803589,0
153,560,0.09849867224693298,0
153,561,0.4753595292568207,0
153,562,-0.702018141746521,0
153,563,-0.5051801204681396,0
153,564,0.18404284119606018,0
153,565,-0.09184196591377258,0
153,566,-0.28727951645851135,0
153,567,-0.3654624819755554,0
153,568,0.6668265461921692,0
153,569,-0.6334871053695679,0
153,570,-0.07058004289865494,0
153,571,-0.08645247668027878,0
153,572,0.05008266121149063,0
153,573,-0.11065175384283066,1
153,574,-0.15595228970050812,0
153,575,-0.8953268527984619,0
153,576,0.1505628526210785,0
153,577,0.2603537440299988,0
153,578,-0.4981103837490082,0
153,579,-0.11840195208787918,0
153,580,0.14973850548267365,0
153,581,0.0007089154678396881,0
153,582,-0.14368762075901031,0
153,583,-0.08543136715888977,0
153,584,0.12738268077373505,0
153,585,-0.4685399830341339,0
153,586,-0.5037413239479065,0
153,587,0.07892586290836334,0
153,588,0.08917132765054703,1
153,589,0.23282751441001892,0
153,590,0.6503810286521912,0
153,591,0.11479032039642334,0
153,592,-0.8033065795898438,0
153,593,0.060665931552648544,0
153,594,-0.2149847000837326,1
153,595,-1.076079249382019,0
153,596,0.45356616377830505,0
153,597,-0.16210496425628662,0
153,598,1.0827027559280396,0
153,599,-0.09726706892251968,0
153,600,0.4386451244354248,0
153,601,0.5614450573921204,0
153,602,0.5037810802459717,0
153,603,0.7132707238197327,0
153,604,-0.8010483384132385,0
153,605,-0.5943989753723145,0
153,606,0.27802395820617676,0
153,607,0.5538464188575745,0
153,608,0.01072966679930687,0
153,609,0.2836554944515228,0
153,610,-0.3338495194911957,0
153,611,-0.8987228274345398,0
153,612,-0.6513447165489197,0
153,613,0.598558783531189,0
153,614,0.23227977752685547,0
153,615,-0.0037770920898765326,0
153,616,0.26429224014282227,0
153,617,0.3094218075275421,0
153,618,0.04397277161478996,0
153,619,1.0020042657852173,0
153,620,0.33393341302871704,0
153,621,0.08433167636394501,0
153,622,0.33923766016960144,0
153,623,0.2405546009540558,0
153,624,0.27884814143180847,0
153,625,0.664892852306366,0
153,626,0.5615217089653015,0
153,627,0.01183923240751028,0
153,628,-0.37508079409599304,0
153,629,-0.25060275197029114,0
153,630,-0.8061234354972839,0
153,631,-0.13671423494815826,0
153,632,0.4871439039707184,0
153,633,-0.4637058675289154,0
153,634,-0.5009742379188538,0
153,635,0.37508103251457214,0
153,636,0.17616260051727295,0
153,637,1.2447947263717651,0
153,638,0.127643883228302,0
153,639,0.4149624705314636,0
153,640,0.6194022297859192,0
153,641,0.3852541744709015,0
153,642,0.002331441268324852,0
153,643,0.5702495574951172,0
153,644,0.9698805212974548,0
153,645,0.05934664234519005,0
153,646,-0.4483228027820587,0
153,647,0.09286133944988251,0
153,648,0.10355255007743835,0
153,649,-0.12134833633899689,0
153,650,0.10413205623626709,0
153,651,-0.712213933467865,0
153,652,0.1807929128408432,0
153,653,0.5025780200958252,0
153,654,-0.2995723783969879,0
153,655,-0.0927201509475708,0
153,656,0.6407018899917603,0
153,657,0.9584184288978577,0
153,658,0.8280971646308899,0
153,659,0.3388656973838806,0
153,660,-0.6258717775344849,0
153,661,0.17563286423683167,0
153,662,0.015767311677336693,0
153,663,0.7011361718177795,0
153,664,0.3350788652896881,0
153,665,0.7597002387046814,0
153,666,0.2768736481666565,0
153,667,0.5785459876060486,0
153,668,-0.9635049700737,0
153,669,-0.6421413421630859,0
153,670,0.018230216577649117,0
153,671,-0.7844376564025879,0
153,672,1.5859384536743164,0
153,673,0.041807372123003006,0
153,674,0.3735024333000183,0
153,675,0.1453939974308014,0
153,676,0.26774218678474426,0
153,677,0.0666939988732338,0
153,678,1.2179814577102661,0
153,679,-0.44892823696136475,0
153,680,1.177313208580017,0
153,681,0.24552856385707855,0
153,682,1.3533743619918823,0
153,683,0.9828859567642212,0
153,684,-0.2662469744682312,0
153,685,0.652715802192688,0
153,686,-0.8208130598068237,0
153,687,-0.2727881073951721,0
153,688,-0.2605385184288025,0
153,689,1.2722009420394897,0
153,690,-0.47862958908081055,0
153,691,0.14392875134944916,0
153,692,0.3982851803302765,0
153,693,0.19648100435733795,0
153,694,0.2681487798690796,0
153,695,0.8616300821304321,0
153,696,0.1925567239522934,0
153,697,0.07739225029945374,0
162,0,-0.9098258018493652,0
162,1,0.32234427332878113,0
162,2,0.5562727451324463,0
162,3,0.20031628012657166,0
162,4,0.2604418992996216,0
162,5,-0.40035194158554077,0
162,6,0.6176686882972717,0
162,7,0.7121116518974304,0
162,8,0.14542916417121887,0
162,9,0.18346507847309113,0
162,10,-0.16896921396255493,0
162,11,0.43625715374946594,0
162,12,0.3891909718513489,0
162,13,-0.37873533368110657,0
162,14,0.043779827654361725,0
162,15,-0.25813236832618713,0
162,16,0.4365047216415405,0
162,17,0.5741592645645142,0
162,18,0.0240615326911211,0
162,19,0.41158825159072876,0
162,20,0.44956138730049133,0
162,21,0.2661091089248657,0
162,22,-0.29908666014671326,0
162,23,0.3595491647720337,0
162,24,0.3671649396419525,0
162,25,0.10858584195375443,0
162,26,-0.2582697570323944,0
162,27,0.4816735088825226,0
162,28,-0.1105021983385086,0
162,29,-0.035301245748996735,0
162,30,0.7497298717498779,0
162,31,0.2709897756576538,0
162,32,-0.022084198892116547,0
162,33,0.21549950540065765,0
162,34,0.14621157944202423,0
162,35,-0.19248248636722565,0
162,36,-0.3775928020477295,0
162,37,-0.37563031911849976,0
162,38,-0.1722717136144638,0
162,39,0.4475291669368744,0
162,40,0.6964687705039978,0
162,41,-0.13254082202911377,0
162,42,-0.1826746016740799,0
162,43,-0.39784687757492065,0
162,44,-0.015301613137125969,0
162,45,0.5653334856033325,0
162,46,0.0816880539059639,0
162,47,0.42144298553466797,0
162,48,-0.047927375882864,0
162,49,0.616147518157959,0
162,50,-0.07117138057947159,0
162,51,-0.16309083998203278,0
162,52,-0.07154165953397751,0
162,53,0.24919430911540985,0
162,54,-0.4284842908382416,0
162,55,0.1651953160762787,0
162,56,-0.19606004655361176,0
162,57,-0.19406680762767792,0
162,58,0.15639351308345795,0
162,59,0.5919758677482605,0
162,60,0.02344748191535473,0
162,61,0.16612042486667633,0
162,62,0.7111661434173584,0
162,63,-0.3344896733760834,0
162,64,-0.18328414857387543,0
162,65,-0.0765688344836235,0
162,66,-0.17207041382789612,0
162,67,0.22176127135753632,0
162,68,0.11756241321563721,0
162,69,-0.529144287109375,0
162,70,0.12036985903978348,0
162,71,-0.08321090042591095,0
162,72,0.0459427610039711,0
162,73,-0.5713798999786377,0
162,74,0.7864344716072083,0
162,75,-0.45346295833587646,0
162,76,0.8918217420578003,0
162,77,0.38443899154663086,0
162,78,0.3258952796459198,0
162,79,-0.08603604137897491,0
162,80,0.28492048382759094,0
162,81,-0.5173137187957764,0
162,82,-0.046207137405872345,0
162,83,-0.18581421673297882,0
162,84,-0.3603917062282562,0
162,85,0.7412751913070679,0
162,86,-0.0001755200355546549,0
162,87,0.11375508457422256,0
162,88,0.5083375573158264,0
162,89,0.6758092045783997,0
162,90,-0.14217445254325867,0
162,91,0.019731156527996063,0
162,92,0.23658162355422974,0
162,93,0.03550681471824646,0
162,94,0.03070676699280739,0
162,95,-0.010898873209953308,0
162,96,-0.14381597936153412,0
162,97,-0.027416318655014038,0
162,98,-0.753182053565979,0
162,99,-0.37462082505226135,0
162,100,0.6509747505187988,0
162,101,0.5527871251106262,0
162,102,0.13199074566364288,0
162,103,0.34584227204322815,0
162,104,-0.3771188259124756,0
162,105,0.22164089977741241,0
162,106,-0.09912006556987762,0
162,107,0.7414652705192566,0
162,108,0.3144174814224243,0
162,109,0.43285873532295227,0
162,110,0.11386852711439133,0
162,111,0.29131531715393066,0
162,112,-0.09558931738138199,0
162,113,0.01332293264567852,0
162,114,-0.2056855410337448,0
162,115,-0.5471886396408081,0
162,116,0.02310824580490589,0
162,117,0.10229060053825378,0
162,118,0.06007040664553642,0
162,119,0.410766065120697,0
162,120,0.11252200603485107,0
162,121,-0.09703044593334198,0
162,122,-0.2372906655073166,0
162,123,-0.30105504393577576,0
162,124,-0.613444983959198,0
162,125,0.6655630469322205,0
162,126,-0.04592099413275719,0
162,127,0.08416391164064407,0
162,128,0.47239404916763306,0
162,129,-0.3476906418800354,0
162,130,0.6558340191841125,0
162,131,0.04488973319530487,0
162,132,-0.30706706643104553,0
162,133,-0.18731854856014252,0
162,134,-0.22825844585895538,0
162,135,-0.48112261295318604,0
162,136,0.2359747737646103,0
162,137,0.3234767019748688,0
162,138,0.4973895847797394,0
162,139,-0.3078373968601227,0
162,140,-0.5139822363853455,0
162,141,0.5921084880828857,0
162,142,-0.017085110768675804,0
162,143,0.2206672728061676,0
162,144,0.3905428647994995,0
162,145,0.5939818620681763,0
162,146,0.23156386613845825,0
162,147,-0.3051234781742096,0
162,148,0.3287101686000824,0
162,149,0.012556836009025574,0
162,150,-0.024637265130877495,0
162,151,0.4857582151889801,0
162,152,0.515282392501831,0
162,153,-0.26059237122535706,0
162,154,-0.46418529748916626,0
162,155,0.06041678413748741,0
162,156,0.2117023766040802,0
162,157,-0.1874615103006363,0
162,158,0.24748492240905762,0
162,159,0.11700695753097534,0
162,160,0.06570584326982498,0
162,161,-0.4570559859275818,0
162,162,0.26853159070014954,0
162,163,-0.026890018954873085,0
162,164,-0.4135637581348419,0
162,165,-0.29402032494544983,0
162,166,0.3455639183521271,0
162,167,-0.38063403964042664,0
162,168,-0.6918936967849731,0
162,169,-0.5809640288352966,0
162,170,-0.07082187384366989,0
162,171,0.2719460427761078,0
162,172,-0.16699442267417908,0
162,173,-0.12248855084180832,0
162,174,0.6150568127632141,0
162,175,0.19857242703437805,0
162,176,0.5718274116516113,0
162,177,-0.11752738058567047,0
162,178,-0.3943087160587311,0
162,179,0.03539649397134781,0
162,180,0.5537365674972534,0
162,181,0.5452671051025391,0
162,182,-0.25290706753730774,0
162,183,0.11150558292865753,0
162,184,0.3482348918914795,0
162,185,0.08741668611764908,0
162,186,-0.005916797090321779,0
162,187,0.33854812383651733,0
162,188,0.03849716857075691,0
162,189,-0.1573496311903,0
162,190,0.13384217023849487,0
162,191,-0.69520503282547,0
162,192,0.32685643434524536,0
162,193,0.33031022548675537,0
162,194,-0.0811309888958931,0
162,195,0.19572332501411438,0
162,196,0.21862688660621643,0
162,197,-0.05377562716603279,0
162,198,-0.08554650098085403,0
162,199,0.5496677756309509,0
162,200,0.12299226969480515,0
162,201,0.017427032813429832,0
162,202,-0.1816498041152954,0
162,203,0.5901748538017273,0
162,204,0.23520398139953613,0
162,205,-0.06556814163923264,0
162,206,-0.008050856180489063,0
162,207,0.9624136090278625,0
162,208,1.0269567966461182,0
162,209,0.22988949716091156,0
162,210,0.07514230161905289,0
162,211,0.6894068717956543,0
162,212,0.4795934557914734,0
162,213,0.09667368233203888,0
162,214,0.5357245802879333,0
162,215,0.7351335883140564,0
162,216,0.9132959842681885,0
162,217,-0.09060245752334595,0
162,218,-0.0840701311826706,0
162,219,0.08781363815069199,0
162,220,0.6339592337608337,0
162,221,-0.7019047737121582,0
162,222,0.7213497757911682,0
162,223,1.0027672052383423,0
162,224,0.04948313161730766,0
162,225,-0.07223016768693924,0
162,226,0.0758652314543724,0
162,227,0.45881637930870056,0
162,228,-0.6817548871040344,0
162,229,0.3152448832988739,0
162,230,0.12337939441204071,0
162,231,-0.46867263317108154,0
162,232,-0.1938798874616623,0
162,233,0.34243151545524597,0
162,234,0.7086122035980225,0
162,235,-0.2839950621128082,0
162,236,-0.03782685473561287,0
162,237,0.31377777457237244,0
162,238,-0.07756177335977554,0
162,239,0.963422954082489,0
162,240,-0.10428772866725922,0
162,241,0.0686851441860199,0
162,242,0.18305861949920654,0
162,243,0.3198510706424713,0
162,244,-0.8357071876525879,0
162,245,-0.30434665083885193,0
162,246,-0.197960764169693,0
162,247,0.03354213759303093,0
162,248,0.01506301760673523,0
162,249,0.4833948314189911,0
162,250,-0.17526301741600037,0
162,251,0.19965991377830505,0
162,252,0.045660678297281265,0
162,253,-0.1681927740573883,0
162,254,1.0186127424240112,0
162,255,-0.21433258056640625,0
162,256,0.14506195485591888,0
162,257,-0.1801348328590393,0
162,258,-0.18683794140815735,0
162,259,0.4385470151901245,0
162,260,-0.05671513080596924,0
162,261,0.49304890632629395,0
162,262,-0.04696689546108246,0
162,263,-0.26382818818092346,0
162,264,0.11708039790391922,0
162,265,-0.43292784690856934,0
162,266,0.27844369411468506,0
162,267,-0.5474499464035034,0
162,268,0.4593733847141266,0
162,269,0.41480639576911926,0
162,270,0.2929326295852661,0
162,271,-0.4723252058029175,0
162,272,2.3078954219818115,0
162,273,0.22451455891132355,0
162,274,0.12946844100952148,0
162,275,0.020391378551721573,0
162,276,-0.09300488233566284,0
162,277,1.1880865097045898,0
162,278,0.1989363431930542,0
162,279,0.655278205871582,0
162,280,0.4589211940765381,0
162,281,0.7773865461349487,0
162,282,0.4518965482711792,0
162,283,0.6317238807678223,0
162,284,-0.04336051270365715,0
162,285,0.6221473217010498,0
162,286,0.10419412702322006,0
162,287,0.5103123784065247,0
162,288,-0.10282373428344727,0
162,289,0.8467057943344116,0
162,290,-0.6909364461898804,0
162,291,0.6128017902374268,0
162,292,0.24677732586860657,0
162,293,0.45146510004997253,0
162,294,-0.12061938643455505,0
162,295,0.3102833926677704,0
162,296,-0.4931977093219757,0
162,297,0.8899129033088684,0
162,298,-0.339489221572876,0
162,299,0.41062042117118835,0
162,300,-0.265376478433609,0
162,301,-0.14519189298152924,0
162,302,0.04783666878938675,0
162,303,-0.008504991419613361,0
162,304,-0.3257487118244171,0
162,305,0.1426054984331131,0
162,306,-0.13620267808437347,0
162,307,0.4321128726005554,0
162,308,0.579456090927124,1
162,309,-0.14357124269008636,0
162,310,0.9692490100860596,0
162,311,-0.6029680371284485,0
162,312,0.4411900043487549,0
162,313,-0.31916505098342896,0
162,314,0.13758647441864014,0
162,315,-0.1851489245891571,0
162,316,0.31506311893463135,0
162,317,0.5484477877616882,0
162,318,-0.5827356576919556,0
162,319,0.3725017011165619,0
162,320,0.11647401005029678,0
162,321,-0.0723949670791626,0
162,322,0.3682248294353485,1
162,323,0.5354810953140259,0
162,324,0.25581783056259155,1
162,325,0.035486869513988495,0
162,326,-0.19013017416000366,0
162,327,-0.6563032269477844,0
162,328,0.2791808545589447,0
162,329,-0.253490686416626,0
162,330,0.5899162292480469,0
162,331,0.14161552488803864,0
162,332,-0.45490342378616333,0
162,333,-0.30640459060668945,0
162,334,0.9464438557624817,0
162,335,-0.619451105594635,0
162,336,-0.4536398947238922,0
162,337,-0.08782664686441422,0
162,338,0.266132116317749,0
162,339,-0.3855918347835541,0
162,340,0.49088072776794434,0
162,341,-0.21277011930942535,0
162,342,1.4356073141098022,0
162,343,-0.4987894296646118,0
162,344,0.648602306842804,0
162,345,-0.5405237674713135,0
162,346,0.2949213981628418,0
162,347,-0.18548834323883057,0
162,348,0.45305895805358887,0
162,349,0.28595852851867676,0
162,350,0.0863860547542572,0
162,351,-0.3167378008365631,0
162,352,0.0741492509841919,0
162,353,-0.07025333493947983,0
162,354,0.16851860284805298,0
162,355,-0.42211297154426575,0
162,356,-0.1061403900384903,0
162,357,0.29484570026397705,0
162,358,0.5415681004524231,0
162,359,-0.7443809509277344,0
162,360,0.6214760541915894,0
162,361,-0.3391280174255371,0
162,362,-0.12451508641242981,0
162,363,-0.2556840479373932,0
162,364,0.2172345072031021,0
162,365,0.33913180232048035,0
162,366,0.1452394425868988,0
162,367,0.048518236726522446,0
162,368,0.5251213908195496,0
162,369,-0.25476545095443726,0
162,370,0.41787734627723694,0
162,371,0.20503133535385132,0
162,372,-0.1956351101398468,0
162,373,-0.38844913244247437,0
162,374,0.33329299092292786,0
162,375,-0.1377069503068924,0
162,376,0.7349913716316223,0
162,377,-0.6166200637817383,0
162,378,0.331094354391098,0
162,379,-0.3803587555885315,0
162,380,0.20237278938293457,0
162,381,0.37760624289512634,0
162,382,-0.5523112416267395,0
162,383,0.1965094655752182,0
162,384,-0.28446635603904724,0
162,385,0.26643872261047363,0
162,386,-0.36733824014663696,0
162,387,0.054841239005327225,0
162,388,-0.4747358560562134,0
162,389,-0.22750221192836761,0
162,390,-0.14966842532157898,0
162,391,0.6385937333106995,0
162,392,-0.16825366020202637,0
162,393,0.8690835237503052,0
162,394,-0.0420609712600708,0
162,395,-0.31652772426605225,0
162,396,0.15854032337665558,0
162,397,0.05067365616559982,0
162,398,-0.5819487571716309,0
162,399,-0.08547010272741318,0
162,400,-0.020516525954008102,0
162,401,0.5659731030464172,0
162,402,-0.029128912836313248,0
162,403,0.7740227580070496,0
162,404,-0.5580722689628601,0
162,405,0.016231024637818336,0
162,406,-0.4261324107646942,0
162,407,0.3453497886657715,0
162,408,-0.5656794905662537,0
162,409,0.38965854048728943,0
162,410,-0.17447540163993835,0
162,411,0.3765193521976471,0
162,412,-0.616753339767456,0
162,413,0.5173898935317993,0
162,414,-0.04798086732625961,0
162,415,0.048716142773628235,0
162,416,-0.4581960141658783,0
162,417,0.33506134152412415,0
162,418,-0.22642971575260162,0
162,419,0.5162787437438965,0
162,420,0.39963775873184204,0
162,421,-0.056162964552640915,0
162,422,0.0754673182964325,0
162,423,0.08741440623998642,0
162,424,0.11862298101186752,0
162,425,0.33064863085746765,0
162,426,0.7224096059799194,0
162,427,0.5398154258728027,0
162,428,-0.6600973606109619,0
162,429,0.018432587385177612,0
162,430,0.09697861224412918,0
162,431,0.6115097403526306,0
162,432,0.3716747760772705,0
162,433,0.6585783958435059,0
162,434,-0.47438564896583557,0
162,435,0.35355710983276367,0
162,436,-0.55071622133255,0
162,437,-0.2608611583709717,0
162,438,0.4670432209968567,0
162,439,0.35689374804496765,0
162,440,0.09329014271497726,0
162,441,0.5775062441825867,0
162,442,0.4108108580112457,0
162,443,0.22524619102478027,0
162,444,-0.29245099425315857,0
162,445,-0.0857502669095993,0
162,446,-0.44307124614715576,0
162,447,-0.14048661291599274,0
162,448,0.20216910541057587,0
162,449,0.5235834717750549,0
162,450,0.18738706409931183,0
162,451,0.19814367592334747,0
162,452,-0.38211962580680847,0
162,453,0.45026206970214844,0
162,454,0.23886479437351227,0
162,455,0.8882577419281006,0
162,456,0.22941866517066956,0
162,457,0.3994160294532776,0
162,458,-0.07195896655321121,0
162,459,-0.2628139853477478,0
162,460,0.40526720881462097,0
162,461,0.2089432030916214,0
162,462,0.1219833567738533,0
162,463,1.0820949077606201,0
162,464,0.5067653059959412,0
162,465,-0.5616514086723328,0
162,466,0.003297910327091813,0
162,467,-0.11774677783250809,0
162,468,-0.2085571438074112,0
162,469,-0.09008070826530457,0
162,470,0.18038028478622437,0
162,471,0.2978830635547638,0
162,472,0.48668181896209717,0
162,473,-0.40460383892059326,0
162,474,0.12619595229625702,0
162,475,-0.15560010075569153,0
162,476,0.2336246371269226,0
162,477,-0.45976734161376953,0
162,478,0.14495229721069336,0
162,479,0.16540804505348206,0
162,480,0.3068276643753052,0
162,481,-0.25315871834754944,0
162,482,1.0264697074890137,0
162,483,-0.1283845603466034,0
162,484,0.5629885196685791,0
162,485,-0.908562958240509,0
162,486,0.5432276725769043,0
162,487,0.35264891386032104,0
162,488,0.35669878125190735,0
162,489,-0.4377877414226532,0
162,490,-0.6962674260139465,0
162,491,-0.2075437605381012,0
162,492,-0.0017029212322086096,0
162,493,-0.30797910690307617,0
162,494,0.08519399911165237,0
162,495,0.026792345568537712,0
162,496,0.8465917706489563,0
162,497,0.388558566570282,0
162,498,0.26868680119514465,0
162,499,0.7660565376281738,0
162,500,0.09200729429721832,0
162,501,-0.19880929589271545,0
162,502,0.39838477969169617,0
162,503,0.16279540956020355,0
162,504,0.1127299815416336,0
162,505,-0.32975396513938904,0
162,506,0.675628125667572,0
162,507,0.5111255645751953,0
162,508,1.054552435874939,0
162,509,-0.18320177495479584,0
162,510,0.7604580521583557,0
162,511,0.7512146830558777,0
162,512,0.5971208810806274,0
162,513,-0.5692459344863892,0
162,514,-0.196111261844635,0
162,515,-0.0447416827082634,0
162,516,0.0313284732401371,0
162,517,0.31969547271728516,0
162,518,0.5649586319923401,0
162,519,0.32351621985435486,0
162,520,0.09251006692647934,0
162,521,0.5357199311256409,0
162,522,-0.17171986401081085,0
162,523,-0.00507193012163043,0
162,524,0.41395625472068787,0
162,525,-0.08506457507610321,0
162,526,-0.09197868406772614,0
162,527,-0.732036292552948,0
162,528,0.26748648285865784,0
162,529,0.514712393283844,0
162,530,0.2687818109989166,0
162,531,0.09275553375482559,0
162,532,1.1519675254821777,0
162,533,0.07260296493768692,0
162,534,0.5697439908981323,0
162,535,0.9191547632217407,0
162,536,0.44438642263412476,0
162,537,0.27874788641929626,0
162,538,0.5379979014396667,0
162,539,-0.023917872458696365,0
162,540,0.2578912675380707,0
162,541,0.6978583931922913,0
162,542,0.5545398592948914,0
162,543,0.368118554353714,0
162,544,-0.007647927384823561,0
162,545,0.3682999610900879,0
162,546,0.10640077292919159,0
162,547,0.7572799921035767,0
162,548,0.2584858238697052,0
162,549,0.6654276251792908,0
162,550,0.46198052167892456,0
162,551,0.28382840752601624,0
162,552,0.4208882749080658,0
162,553,0.23632167279720306,0
162,554,0.44109174609184265,0
162,555,0.2196817398071289,0
162,556,-0.6033482551574707,0
162,557,0.30553022027015686,0
162,558,0.5213919878005981,0
162,559,0.5460076928138733,0
162,560,0.706234872341156,0
162,561,0.3614923059940338,0
162,562,0.1668034791946411,0
162,563,-0.5490630269050598,0
162,564,-0.14691025018692017,0
162,565,0.4409599006175995,0
162,566,0.12401683628559113,0
162,567,1.2444568872451782,0
162,568,0.1872931718826294,0
162,569,0.2504960000514984,0
162,570,0.6090431213378906,0
162,571,0.47998470067977905,0
162,572,0.5782592296600342,0
162,573,0.25530368089675903,1
162,574,0.0872860848903656,0
162,575,0.3866063356399536,0
162,576,-0.3056173622608185,0
162,577,0.20678794384002686,0
162,578,0.5526599287986755,0
162,579,0.5282254219055176,0
162,580,0.2082815021276474,0
162,581,0.7771875858306885,0
162,582,0.6061120629310608,0
162,583,0.4724098742008209,0
162,584,0.3177836239337921,0
162,585,0.3756329119205475,0
162,586,0.6921699643135071,0
162,587,0.3949820399284363,0
162,588,-0.22043289244174957,1
162,589,-0.45107415318489075,0
162,590,0.04069388657808304,0
162,591,0.29963162541389465,0
162,592,0.5734711289405823,0
162,593,-0.08985539525747299,0
162,594,-0.18470433354377747,1
162,595,0.7338451147079468,0
162,596,-0.1386277973651886,0
162,597,0.09848055988550186,0
162,598,0.46267303824424744,0
162,599,0.3842209279537201,0
162,600,0.2956380844116211,0
162,601,-0.1775790899991989,0
162,602,0.04322101175785065,0
162,603,0.290553480386734,0
162,604,0.9853666424751282,0
162,605,0.650388240814209,0
162,606,0.3923702836036682,0
162,607,0.3089555501937866,0
162,608,0.4906094968318939,0
162,609,0.21028921008110046,0
162,610,0.28291943669319153,0
162,611,0.8799486756324768,0
162,612,0.4635290801525116,0
162,613,0.6007869839668274,0
162,614,-0.3324033319950104,0
162,615,0.3011532723903656,0
162,616,-0.4291214942932129,0
162,617,1.0671143531799316,0
162,618,0.21336621046066284,0
162,619,0.09454750269651413,0
162,620,-0.4559905529022217,0
162,621,0.41293126344680786,0
162,622,0.21025891602039337,0
162,623,0.3142828345298767,0
162,624,0.7623010277748108,0
162,625,0.04490058496594429,0
162,626,0.3876236379146576,0
162,627,0.18597634136676788,0
162,628,0.47542884945869446,0
162,629,0.6079891920089722,0
162,630,0.2108895182609558,0
162,631,0.1448490023612976,0
162,632,0.27284571528434753,0
162,633,0.3725394010543823,0
162,634,-0.09783472865819931,0
162,635,0.5039893984794617,0
162,636,0.5860269665718079,0
162,637,0.18211734294891357,0
162,638,1.080118179321289,0
162,639,0.47724977135658264,0
162,640,0.40116849541664124,0
162,641,0.07530728727579117,0
162,642,0.409443199634552,0
162,643,-0.21456190943717957,0
162,644,-0.24016571044921875,0
162,645,-0.09029781073331833,0
162,646,0.7993294596672058,0
162,647,0.28867393732070923,0
162,648,0.44352230429649353,0
162,649,1.0990875959396362,0
162,650,-0.011400120332837105,0
162,651,-0.05221155658364296,0
162,652,0.48612180352211,0
162,653,-0.14059442281723022,0
162,654,-0.3442353904247284,0
162,655,0.09277644753456116,0
162,656,0.6490470767021179,0
162,657,-0.507461428642273,0
162,658,0.16903159022331238,0
162,659,0.027308054268360138,0
162,660,0.07238079607486725,0
162,661,0.2796369194984436,0
162,662,-0.1939503252506256,0
162,663,0.3119502067565918,0
162,664,-0.02608652226626873,0
162,665,0.6185675263404846,0
162,666,0.30342087149620056,0
162,667,-0.4240768849849701,0
162,668,0.47341108322143555,0
162,669,0.3052861988544464,0
162,670,0.900343656539917,0
162,671,0.34200483560562134,0
162,672,0.2154436707496643,0
162,673,0.9989070296287537,0
162,674,0.5144017934799194,0
162,675,0.6584357023239136,0
162,676,0.2559097111225128,0
162,677,-0.22200603783130646,0
162,678,0.2079916000366211,0
162,679,0.42696183919906616,0
162,680,0.6594276428222656,0
162,681,0.4523618519306183,0
162,682,-0.2811547517776489,0
162,683,-0.019725274294614792,0
162,684,0.6083318591117859,0
162,685,0.24536915123462677,0
162,686,0.724251925945282,0
162,687,0.4796575605869293,0
162,688,0.5544948577880859,0
162,689,-0.08949344605207443,0
162,690,-0.29888442158699036,0
162,691,0.6481576561927795,0
162,692,0.5535354018211365,0
162,693,0.7545164227485657,0
162,694,-0.25458598136901855,0
162,695,-0.2727736830711365,0
162,696,-0.1277148574590683,0
162,697,1.0525681972503662,0
167,0,-0.1539708375930786,0
167,1,-0.9878140091896057,0
167,2,0.43753278255462646,0
167,3,0.40915176272392273,0
167,4,0.6640722751617432,0
167,5,-0.29867449402809143,0
167,6,-0.12383764237165451,0
167,7,-0.2768274247646332,0
167,8,-0.2975133955478668,0
167,9,0.4633881151676178,0
167,10,-0.7211845517158508,0
167,11,0.19463156163692474,0
167,12,0.7630302309989929,0
167,13,-0.8965995907783508,0
167,14,-0.22828471660614014,0
167,15,0.13283590972423553,0
167,16,-0.2770858407020569,0
167,17,-0.22380322217941284,0
167,18,-0.16463778913021088,0
167,19,0.03306390717625618,0
167,20,0.30242106318473816,0
167,21,-0.5645950436592102,0
167,22,0.12443141639232635,0
167,23,0.15085287392139435,0
167,24,-0.48355746269226074,0
167,25,0.5299121141433716,0
167,26,-0.001350904698483646,0
167,27,-0.2650916278362274,0
167,28,0.44756919145584106,0
167,29,0.6881681084632874,0
167,30,0.36901700496673584,0
167,31,-0.17962466180324554,0
167,32,-0.7807338833808899,0
167,33,-0.012459620833396912,0
167,34,0.25374701619148254,0
167,35,0.5208268165588379,0
167,36,0.37965017557144165,0
167,37,0.013796182349324226,0
167,38,-0.7059351801872253,0
167,39,-0.3575187921524048,0
167,40,0.4695754945278168,0
167,41,-0.4881315231323242,0
167,42,-0.5443708896636963,0
167,43,-0.31963732838630676,0
167,44,0.44364848732948303,0
167,45,0.041461553424596786,0
167,46,-0.1917506903409958,0
167,47,0.011920174583792686,0
167,48,0.19404013454914093,0
167,49,0.7804348468780518,0
167,50,0.5195858478546143,0
167,51,0.6192643046379089,0
167,52,-0.058833856135606766,0
167,53,-0.12344337999820709,0
167,54,0.6112838983535767,0
167,55,0.1413859874010086,0
167,56,-0.19251678884029388,0
167,57,-0.3443199098110199,0
167,58,0.5528421998023987,0
167,59,0.04152547940611839,0
167,60,-0.2014857530593872,0
167,61,0.13280454277992249,0
167,62,-0.1285654753446579,0
167,63,-0.7533062100410461,0
167,64,-0.42481258511543274,0
167,65,0.692823588848114,0
167,66,-0.11625426262617111,0
167,67,-0.5310245752334595,0
167,68,0.2782064378261566,0
167,69,-0.6666757464408875,0
167,70,0.32746484875679016,0
167,71,0.12317777425050735,0
167,72,0.5349985957145691,0
167,73,-0.1533089429140091,0
167,74,0.3324914872646332,0
167,75,0.6987406611442566,0
167,76,-0.27930203080177307,0
167,77,0.19105905294418335,0
167,78,0.6051015257835388,0
167,79,-0.39223718643188477,0
167,80,-0.3639269471168518,0
167,81,-0.08068368583917618,0
167,82,0.0019677714444696903,0
167,83,0.08309739083051682,0
167,84,-0.019764985889196396,0
167,85,0.7264479398727417,0
167,86,0.5295150279998779,0
167,87,-0.05213096737861633,0
167,88,0.5348080992698669,0
167,89,1.2978729009628296,0
167,90,-0.9108624458312988,0
167,91,-0.41568467020988464,0
167,92,0.8386337161064148,0
167,93,-0.04518686607480049,0
167,94,0.3136956989765167,0
167,95,0.13541263341903687,0
167,96,-0.2879600524902344,0
167,97,-0.3747375011444092,0
167,98,-0.8532501459121704,0
167,99,-0.18920539319515228,0
167,100,0.6931635141372681,0
167,101,0.2119896411895752,0
167,102,-0.06791045516729355,0
167,103,-0.07298889011144638,0
167,104,0.007765035144984722,0
167,105,-0.13220185041427612,0
167,106,-0.08472173660993576,0
167,107,0.47043469548225403,0
167,108,0.6161535978317261,0
167,109,0.055875543504953384,0
167,110,0.24019750952720642,0
167,111,-0.4730869233608246,0
167,112,-0.6128310561180115,0
167,113,-0.01734837144613266,0
167,114,-0.4444032907485962,0
167,115,0.04334060475230217,0
167,116,0.47984907031059265,0
167,117,0.47946897149086,0
167,118,0.6151257157325745,0
167,119,-0.09330583363771439,0
167,120,0.000411739747505635,0
167,121,0.6035642027854919,0
167,122,0.2054874300956726,0
167,123,0.0890255868434906,0
167,124,-0.3759790360927582,0
167,125,0.601546585559845,0
167,126,0.30939358472824097,0
167,127,0.714425265789032,0
167,128,0.8535493612289429,0
167,129,-0.5110724568367004,0
167,130,0.8134888410568237,0
167,131,0.09479093551635742,0
167,132,-0.03738847374916077,0
167,133,-0.06286068260669708,0
167,134,0.12055354565382004,0
167,135,0.17544320225715637,0
167,136,0.6402133107185364,0
167,137,-0.16297650337219238,0
167,138,-0.08874791860580444,0
167,139,-0.2357551008462906,0
167,140,-0.49591970443725586,0
167,141,0.4021809697151184,0
167,142,-0.09743154048919678,0
167,143,0.08201849460601807,0
167,144,1.0992213487625122,0
167,145,0.27104517817497253,0
167,146,0.2818054258823395,0
167,147,0.07636481523513794,0
167,148,0.6284032464027405,0
167,149,-0.2035122960805893,0
167,150,0.9717508554458618,0
167,151,-0.6171071529388428,0
167,152,-0.06019894406199455,0
167,153,0.06818248331546783,0
167,154,-0.17804405093193054,0
167,155,0.3351839780807495,0
167,156,1.2407344579696655,0
167,157,0.5398523211479187,0
167,158,0.18215464055538177,0
167,159,0.46195733547210693,0
167,160,-0.6739867329597473,0
167,161,-0.7677871584892273,0
167,162,0.5580457448959351,0
167,163,0.4672447144985199,0
167,164,0.3576396107673645,0
167,165,-0.07946435362100601,0
167,166,0.6678903102874756,0
167,167,0.10805924236774445,0
167,168,-0.30841127038002014,0
167,169,-0.25954756140708923,0
167,170,-1.1177964210510254,0
167,171,0.28282827138900757,0
167,172,-0.49719810485839844,0
167,173,0.045949216932058334,0
167,174,0.21783758699893951,0
167,175,0.97879558801651,0
167,176,1.1092077493667603,0
167,177,0.9171711206436157,0
167,178,-0.3373940885066986,0
167,179,0.027150733396410942,0
167,180,0.499190092086792,0
167,181,0.22996807098388672,0
167,182,-0.5780271291732788,0
167,183,0.4508805572986603,0
167,184,0.17306220531463623,0
167,185,0.3319576680660248,0
167,186,0.1685473620891571,0
167,187,-0.4024410843849182,0
167,188,0.4314330816268921,0
167,189,0.19810955226421356,0
167,190,-0.4098120629787445,0
167,191,-0.021472793072462082,0
167,192,0.6851555705070496,0
167,193,0.4954301118850708,0
167,194,-0.06943662464618683,0
167,195,0.7403474450111389,0
167,196,0.3315196931362152,0
167,197,-0.9590718746185303,0
167,198,-0.6013600826263428,0
167,199,0.7271260619163513,0
167,200,-0.2506832778453827,0
167,201,-0.004510479047894478,0
167,202,-1.2382081747055054,0
167,203,1.4014921188354492,0
167,204,0.44012200832366943,0
167,205,0.2015182226896286,0
167,206,0.8872760534286499,0
167,207,0.6700044870376587,0
167,208,0.4242061972618103,0
167,209,-0.39923983812332153,0
167,210,0.24676106870174408,0
167,211,-0.32213300466537476,0
167,212,0.49306046962738037,0
167,213,0.2961215078830719,0
167,214,0.03593991696834564,0
167,215,-0.33703479170799255,0
167,216,0.5392540097236633,0
167,217,0.3738674819469452,0
167,218,-0.48659852147102356,0
167,219,-0.16473890841007233,0
167,220,0.0927201509475708,0
167,221,-0.23606856167316437,0
167,222,0.21885281801223755,0
167,223,0.015731429681181908,0
167,224,-0.08478621393442154,0
167,225,0.05138802155852318,0
167,226,0.33909133076667786,0
167,227,-0.3801959156990051,0
167,228,-0.30250075459480286,0
167,229,0.20081907510757446,0
167,230,0.2568504214286804,0
167,231,-0.08550544828176498,0
167,232,0.518130898475647,0
167,233,0.23206819593906403,0
167,234,-0.2021849900484085,0
167,235,-0.03898995369672775,0
167,236,0.5209755897521973,0
167,237,0.6991010308265686,0
167,238,0.15583403408527374,0
167,239,-0.14106039702892303,0
167,240,-0.12468325346708298,0
167,241,0.5015637278556824,0
167,242,0.8639689087867737,0
167,243,0.034598179161548615,0
167,244,-0.014025761745870113,0
167,245,-0.3927745223045349,0
167,246,0.4633495807647705,0
167,247,0.05832773819565773,0
167,248,-0.018983956426382065,0
167,249,0.2902730703353882,0
167,250,-0.9386166930198669,0
167,251,0.08900477737188339,0
167,252,-0.5057148933410645,0
167,253,0.15183675289154053,0
167,254,-0.2081911414861679,0
167,255,-1.106918215751648,0
167,256,0.16123488545417786,0
167,257,-0.026548249647021294,0
167,258,-0.14128361642360687,0
167,259,0.8736536502838135,0
167,260,-0.030229078605771065,0
167,261,0.29939714074134827,0
167,262,0.23684799671173096,0
167,263,0.5334422588348389,0
167,264,0.16143573820590973,0
167,265,-0.06488755345344543,0
167,266,-0.3013819754123688,0
167,267,0.5099275708198547,0
167,268,0.1900285929441452,0
167,269,0.17931093275547028,0
167,270,0.9395247101783752,0
167,271,-0.20759356021881104,0
167,272,0.1994752585887909,0
167,273,-0.5030326843261719,0
167,274,-0.8381274342536926,0
167,275,0.7334598898887634,1
167,276,0.3073054552078247,0
167,277,0.8641346096992493,0
167,278,-0.06619618833065033,0
167,279,0.7681501507759094,0
167,280,0.6644405126571655,0
167,281,0.9150201082229614,0
167,282,-0.11852496862411499,0
167,283,-0.0013309171190485358,0
167,284,0.003259402932599187,0
167,285,0.17470677196979523,0
167,286,0.4377909302711487,0
167,287,0.01976548507809639,0
167,288,0.5723621249198914,1
167,289,0.8092843890190125,0
167,290,-0.41249457001686096,1
167,291,0.7451212406158447,0
167,292,0.03884873539209366,0
167,293,0.2873399257659912,0
167,294,0.36395546793937683,0
167,295,0.45615115761756897,1
167,296,0.009085371159017086,0
167,297,0.11820568144321442,0
167,298,-0.23989643156528473,0
167,299,-0.27676448225975037,0
167,300,0.12123826146125793,0
167,301,0.020655041560530663,0
167,302,0.571658730506897,0
167,303,0.2019052952528,0
167,304,0.007622350472956896,0
167,305,0.019731933251023293,0
167,306,-0.21420933306217194,0
167,307,-0.4808661639690399,0
167,308,0.01673167012631893,0
167,309,-0.1544705331325531,0
167,310,0.31855979561805725,0
167,311,-0.3921928405761719,0
167,312,-0.20785707235336304,0
167,313,-0.15883323550224304,0
167,314,0.14263670146465302,0
167,315,-0.2206496149301529,0
167,316,0.16141748428344727,0
167,317,0.19214275479316711,0
167,318,-0.4138558804988861,0
167,319,-0.3849445879459381,0
167,320,-0.0957171842455864,0
167,321,-0.6267866492271423,0
167,322,0.2966933846473694,0
167,323,0.21911531686782837,0
167,324,-0.7178301811218262,0
167,325,-0.15121081471443176,0
167,326,0.42573943734169006,0
167,327,0.11556604504585266,0
167,328,0.6925466656684875,0
167,329,-0.34950748085975647,0
167,330,0.6796890497207642,0
167,331,-0.04252241551876068,0
167,332,0.12621818482875824,0
167,333,0.387533575296402,0
167,334,0.5190910696983337,0
167,335,-0.138901948928833,0
167,336,-0.5809504389762878,0
167,337,0.3568022847175598,0
167,338,1.102000117301941,0
167,339,-0.4178520441055298,0
167,340,0.470476895570755,0
167,341,0.09038952738046646,0
167,342,-0.009924577549099922,1
167,343,-0.6389158368110657,0
167,344,0.7874130606651306,0
167,345,-0.46923285722732544,0
167,346,-0.6419433355331421,0
167,347,0.02567519247531891,0
167,348,0.3906029760837555,0
167,349,-0.4451695680618286,0
167,350,0.33956512808799744,0
167,351,-0.0942307561635971,0
167,352,-0.5012733340263367,0
167,353,0.19820530712604523,0
167,354,0.8330191969871521,0
167,355,0.13420850038528442,0
167,356,0.00203545019030571,0
167,357,0.007961933501064777,0
167,358,1.1696094274520874,0
167,359,-0.7484602332115173,0
167,360,0.5162710547447205,0
167,361,-0.3580302894115448,0
167,362,-0.32268667221069336,0
167,363,0.3741988241672516,0
167,364,-0.08648613095283508,0
167,365,-0.029565323144197464,0
167,366,-0.5256099104881287,0
167,367,-0.14479276537895203,0
167,368,0.2944251298904419,0
167,369,-0.22602304816246033,0
167,370,-0.0023682457394897938,0
167,371,-0.1923721730709076,0
167,372,-0.23963308334350586,0
167,373,0.2043595165014267,0
167,374,0.34876465797424316,0
167,375,-0.0344732291996479,0
167,376,-0.9239779114723206,0
167,377,0.07105082273483276,0
167,378,0.13076098263263702,0
167,379,-0.015427145175635815,0
167,380,-0.13417983055114746,0
167,381,0.05734458938241005,0
167,382,-0.3029729127883911,0
167,383,-0.233096644282341,0
167,384,0.06910227984189987,0
167,385,0.6456649303436279,0
167,386,0.2552250921726227,0
167,387,0.08823829144239426,0
167,388,0.2164832204580307,0
167,389,0.23981328308582306,0
167,390,-0.7865959405899048,0
167,391,0.4472619593143463,0
167,392,0.24408933520317078,0
167,393,0.9009405374526978,0
167,394,0.3382387161254883,0
167,395,0.018372846767306328,0
167,396,0.7229618430137634,0
167,397,0.48606982827186584,0
167,398,0.6634038686752319,0
167,399,-0.38584038615226746,0
167,400,0.4601949155330658,0
167,401,0.20147296786308289,0
167,402,0.5746269226074219,0
167,403,0.21015681326389313,0
167,404,-0.036203861236572266,0
167,405,0.45342788100242615,0
167,406,0.5576782822608948,0
167,407,0.27446866035461426,0
167,408,0.21224702894687653,0
167,409,0.499611496925354,0
167,410,-0.042321790009737015,0
167,411,0.021035781130194664,0
167,412,0.19412322342395782,0
167,413,-0.31097060441970825,0
167,414,-0.34277769923210144,0
167,415,0.35890257358551025,0
167,416,-0.226959228515625,0
167,417,0.592483401298523,0
167,418,0.13323795795440674,0
167,419,-0.029677102342247963,0
167,420,-0.2124190628528595,0
167,421,0.34786364436149597,0
167,422,-0.11637403815984726,0
167,423,-0.9562556743621826,0
167,424,-0.22266586124897003,0
167,425,0.171675443649292,0
167,426,-0.7612007260322571,0
167,427,-0.22445479035377502,1
167,428,0.07910384982824326,0
167,429,0.6030791401863098,0
167,430,0.08380372822284698,0
167,431,0.5288028717041016,0
167,432,-0.26389044523239136,0
167,433,0.29091450572013855,0
167,434,0.025246765464544296,0
167,435,0.09101033210754395,0
167,436,-0.1697062849998474,0
167,437,-0.3457416892051697,0
167,438,-0.16312287747859955,0
167,439,-0.0750156119465828,0
167,440,-0.6013038754463196,0
167,441,0.039988305419683456,0
167,442,-0.6286460757255554,0
167,443,0.6586113572120667,0
167,444,-0.019223451614379883,0
167,445,0.1319820135831833,0
167,446,-0.12334765493869781,0
167,447,-0.09546609222888947,0
167,448,0.3564322292804718,0
167,449,0.09788794070482254,0
167,450,-0.04316141828894615,0
167,451,0.2471591681241989,0
167,452,0.006968711502850056,0
167,453,0.047275323420763016,0
167,454,-0.3048119843006134,0
167,455,0.11972196400165558,0
167,456,-0.05927363783121109,0
167,457,0.5960076451301575,0
167,458,0.12535713613033295,0
167,459,-0.4439863860607147,0
167,460,-0.3462841212749481,0
167,461,0.5015741586685181,0
167,462,-0.8936768174171448,0
167,463,0.43489980697631836,0
167,464,0.5529847741127014,0
167,465,-0.29578685760498047,0
167,466,0.10778170078992844,0
167,467,-0.2436099350452423,0
167,468,0.26408618688583374,0
167,469,-0.2795689105987549,0
167,470,0.026147307828068733,0
167,471,0.3357836604118347,0
167,472,0.178256094455719,0
167,473,0.10155707597732544,0
167,474,-0.3268551528453827,0
167,475,0.024480637162923813,0
167,476,0.5248307585716248,0
167,477,0.3708554208278656,0
167,478,-0.1375676691532135,0
167,479,0.013836435042321682,0
167,480,2.0346899032592773,0
167,481,-0.051816731691360474,0
167,482,-0.046001095324754715,0
167,483,-0.37577033042907715,0
167,484,0.29177379608154297,0
167,485,-0.04905533418059349,0
167,486,0.6655216217041016,0
167,487,0.24379150569438934,0
167,488,0.4367949068546295,0
167,489,0.5391356348991394,0
167,490,-0.0436953641474247,0
167,491,0.06145815551280975,0
167,492,0.1959979236125946,0
167,493,-0.3885522186756134,0
167,494,-0.4633091390132904,0
167,495,0.5055491924285889,0
167,496,0.01685173809528351,0
167,497,0.9985223412513733,0
167,498,0.10000643879175186,0
167,499,0.5323175191879272,0
167,500,0.32054048776626587,0
167,501,0.6426792144775391,0
167,502,0.5257581472396851,0
167,503,0.3355408310890198,0
167,504,0.6780924201011658,0
167,505,-0.27858591079711914,0
167,506,0.4633431136608124,0
167,507,0.8023200035095215,0
167,508,-0.011232283897697926,0
167,509,-0.7524415850639343,0
167,510,0.2176193743944168,0
167,511,0.23172976076602936,0
167,512,0.32549721002578735,0
167,513,-1.0122977495193481,0
167,514,-0.3684905767440796,0
167,515,-0.18900400400161743,0
167,516,-0.2658580243587494,0
167,517,0.5496257543563843,0
167,518,0.07815584540367126,0
167,519,-0.43660426139831543,0
167,520,-0.8423517346382141,0
167,521,0.20151393115520477,0
167,522,0.09739906340837479,0
167,523,-0.7110985517501831,0
167,524,-0.48821496963500977,0
167,525,0.359321653842926,0
167,526,0.047875165939331055,0
167,527,-0.16924624145030975,0
167,528,0.9772959351539612,0
167,529,0.2348216325044632,0
167,530,0.08917086571455002,0
167,531,-0.12402665615081787,0
167,532,0.2622673213481903,0
167,533,0.4719986319541931,0
167,534,0.10399889945983887,0
167,535,0.2750254273414612,0
167,536,0.05723501369357109,0
167,537,-0.14890074729919434,0
167,538,0.6089000105857849,0
167,539,0.34812259674072266,0
167,540,-0.46866750717163086,0
167,541,0.2807368338108063,0
167,542,0.41598939895629883,0
167,543,0.06419090181589127,0
167,544,-0.3535267412662506,0
167,545,0.11310288310050964,0
167,546,0.4110003411769867,0
167,547,0.5559322834014893,0
167,548,0.3895746171474457,0
167,549,-0.1376725733280182,0
167,550,-0.33044177293777466,0
167,551,-0.10279291123151779,0
167,552,-0.1412305384874344,0
167,553,0.6046279668807983,0
167,554,-0.4670606553554535,0
167,555,0.2700459659099579,0
167,556,0.13467907905578613,0
167,557,0.5703788995742798,0
167,558,0.31906378269195557,0
167,559,1.1736334562301636,0
167,560,0.660775899887085,0
167,561,0.521414577960968,0
167,562,-0.16215203702449799,0
167,563,-0.6208949685096741,0
167,564,0.032372936606407166,0
167,565,-0.4123678505420685,0
167,566,-0.2835000455379486,0
167,567,0.2751618027687073,0
167,568,0.32670292258262634,0
167,569,-0.2010081261396408,0
167,570,0.0999269038438797,0
167,571,-0.11875925958156586,0
167,572,-0.15354104340076447,0
167,573,-0.03168982267379761,0
167,574,-0.35076192021369934,0
167,575,0.25773873925209045,0
167,576,0.3204193413257599,0
167,577,0.006736477836966515,0
167,578,0.280146986246109,0
167,579,0.1186923161149025,0
167,580,0.3407362103462219,0
167,581,0.5816541910171509,0
167,582,0.44435086846351624,0
167,583,-0.15038515627384186,0
167,584,0.02891150489449501,0
167,585,-0.10289217531681061,0
167,586,0.13641998171806335,0
167,587,0.7357129454612732,0
167,588,-0.45256251096725464,0
167,589,-0.09957864880561829,0
167,590,0.2554338276386261,0
167,591,-0.4894292652606964,0
167,592,0.1521001160144806,0
167,593,0.03667684271931648,0
167,594,0.4304322898387909,0
167,595,0.6262631416320801,0
167,596,-0.12283555418252945,0
167,597,0.4900727868080139,0
167,598,0.9947378635406494,0
167,599,0.3381307125091553,0
167,600,-0.05690698325634003,0
167,601,-0.05001802742481232,0
167,602,0.03390757739543915,0
167,603,-0.19020134210586548,0
167,604,0.2637265622615814,0
167,605,1.1058861017227173,0
167,606,0.08134300261735916,0
167,607,0.5588233470916748,0
167,608,0.3334548771381378,0
167,609,0.5382276773452759,0
167,610,0.7861631512641907,0
167,611,-0.251029372215271,0
167,612,0.3323366045951843,0
167,613,0.3144978880882263,0
167,614,-0.17640739679336548,0
167,615,0.2069469392299652,0
167,616,0.22269627451896667,0
167,617,0.06165013089776039,0
167,618,-0.038797251880168915,0
167,619,0.10822929441928864,0
167,620,0.614569365978241,0
167,621,-0.1570482701063156,0
167,622,0.6522202491760254,0
167,623,0.5905981659889221,0
167,624,-0.14633740484714508,0
167,625,-0.1015130802989006,0
167,626,-0.3695456087589264,0
167,627,0.027728371322155,0
167,628,-0.6757988333702087,0
167,629,-0.5114672780036926,0
167,630,-0.7008205056190491,0
167,631,-0.3271097242832184,0
167,632,0.4090065658092499,0
167,633,0.8417823314666748,0
167,634,-0.22073835134506226,0
167,635,0.6043916940689087,0
167,636,-0.036094967275857925,0
167,637,0.7351527214050293,0
167,638,0.5246652364730835,0
167,639,0.3867282569408417,0
167,640,0.5008333325386047,0
167,641,0.9622949361801147,0
167,642,-0.21944448351860046,0
167,643,0.6499176621437073,0
167,644,-0.11990930885076523,0
167,645,0.13974034786224365,0
167,646,0.07587932050228119,0
167,647,0.24229378998279572,0
167,648,0.010609733872115612,0
167,649,0.7194914817810059,0
167,650,0.4027683436870575,0
167,651,-0.4447978734970093,0
167,652,0.7251663208007812,0
167,653,-0.1953277289867401,0
167,654,-0.1033768579363823,0
167,655,0.3172474503517151,0
167,656,0.05455321446061134,0
167,657,0.5885070562362671,0
167,658,0.660515308380127,0
167,659,0.008934983052313328,0
167,660,0.32210370898246765,0
167,661,1.116072416305542,0
167,662,-0.16913841664791107,0
167,663,-0.4689885973930359,0
167,664,0.24291777610778809,0
167,665,0.0002680580073501915,0
167,666,0.34887611865997314,0
167,667,-0.16764536499977112,0
167,668,-0.16437041759490967,0
167,669,0.16008824110031128,0
167,670,0.6628996133804321,0
167,671,0.505297839641571,0
167,672,0.7233232855796814,0
167,673,0.7014843821525574,0
167,674,0.27969494462013245,0
167,675,0.38246986269950867,0
167,676,1.0029911994934082,0
167,677,-0.20440949499607086,0
167,678,0.3884781301021576,0
167,679,0.3558870851993561,0
167,680,0.274908185005188,0
167,681,-0.668762743473053,0
167,682,0.19982261955738068,0
167,683,-0.3055221140384674,0
167,684,0.6573931574821472,0
167,685,0.34529218077659607,0
167,686,-0.8533046841621399,0
167,687,-0.007843097671866417,0
167,688,0.027457496151328087,0
167,689,0.48704421520233154,0
167,690,0.013025393709540367,0
167,691,0.15166009962558746,0
167,692,0.21165958046913147,0
167,693,1.0682356357574463,0
167,694,-0.25044119358062744,0
167,695,0.4941713511943817,0
167,696,-0.03718685358762741,0
167,697,-0.5603455901145935,0
173,0,1.0059814453125,0
173,1,-0.025259552523493767,0
173,2,0.2254766821861267,0
173,3,0.212975412607193,0
173,4,0.5331293940544128,0
173,5,0.46289902925491333,0
173,6,0.6235159635543823,0
173,7,0.1575148105621338,0
173,8,-0.30124250054359436,0
173,9,0.5247581005096436,0
173,10,-0.27329349517822266,0
173,11,0.8879088163375854,0
173,12,0.744376003742218,0
173,13,-0.6963498592376709,0
173,14,0.11362632364034653,0
173,15,0.46919479966163635,0
173,16,0.2652725875377655,0
173,17,-0.034922000020742416,0
173,18,-0.17551329731941223,0
173,19,-0.38935938477516174,0
173,20,0.4074160158634186,0
173,21,-0.07667607069015503,0
173,22,0.38485485315322876,0
173,23,-0.2360188215970993,0
173,24,-0.006232346408069134,0
173,25,0.2730100750923157,0
173,26,0.13747209310531616,0
173,27,0.21606768667697906,0
173,28,-0.1318286508321762,0
173,29,0.31828048825263977,0
173,30,0.032196637243032455,0
173,31,0.05573907494544983,0
173,32,0.18752552568912506,0
173,33,0.2629294991493225,0
173,34,0.3791031539440155,0
173,35,0.5011693835258484,0
173,36,0.2930237352848053,0
173,37,0.6738093495368958,0
173,38,-0.5060769319534302,0
173,39,0.05701403692364693,0
173,40,0.5005450248718262,0
173,41,-0.20105357468128204,0
173,42,-0.10923216491937637,0
173,43,0.5666640996932983,0
173,44,-0.38678112626075745,0
173,45,0.028714364394545555,0
173,46,0.2857005298137665,0
173,47,0.6653977036476135,0
173,48,0.4658999741077423,0
173,49,0.5185527205467224,0
173,50,0.596672534942627,0
173,51,0.671781599521637,0
173,52,0.09412620216608047,0
173,53,0.1545669436454773,0
173,54,0.6951094269752502,0
173,55,0.46462440490722656,0
173,56,0.34087854623794556,0
173,57,0.32405251264572144,0
173,58,0.7685193419456482,0
173,59,0.15634781122207642,0
173,60,-0.29265764355659485,0
173,61,0.4562928080558777,0
173,62,-0.25189268589019775,0
173,63,-0.017343612387776375,0
173,64,0.159249946475029,0
173,65,0.5771859884262085,0
173,66,0.054334405809640884,0
173,67,0.03125350549817085,0
173,68,0.13651292026042938,0
173,69,-0.11874013394117355,0
173,70,0.20325636863708496,0
173,71,0.4831603765487671,0
173,72,0.4093586802482605,0
173,73,0.5135689973831177,0
173,74,0.311421275138855,0
173,75,0.17647749185562134,0
173,76,-0.2956184148788452,0
173,77,0.46387824416160583,0
173,78,0.8366403579711914,0
173,79,-0.3772088289260864,0
173,80,0.23010951280593872,0
173,81,-0.028511755168437958,0
173,82,0.5623214244842529,0
173,83,0.5898042917251587,0
173,84,0.13176928460597992,0
173,85,0.5165650844573975,0
173,86,0.40726110339164734,0
173,87,0.04754125699400902,0
173,88,0.13718143105506897,0
173,89,0.5985230207443237,0
173,90,-0.23641881346702576,0
173,91,0.0007057118345983326,0
173,92,0.6372115612030029,0
173,93,0.054502565413713455,0
173,94,0.9432892203330994,0
173,95,0.15822261571884155,0
173,96,0.0347830206155777,0
173,97,0.25605663657188416,0
173,98,0.3245754837989807,0
173,99,0.20684514939785004,0
173,100,0.5500240921974182,0
173,101,0.15924806892871857,0
173,102,0.08491111546754837,0
173,103,-0.09237654507160187,0
173,104,0.5201227068901062,0
173,105,0.2701168954372406,0
173,106,0.7451997399330139,0
173,107,0.2840432822704315,0
173,108,0.3171097934246063,0
173,109,0.6289434432983398,0
173,110,0.7741952538490295,0
173,111,-0.263051837682724,0
173,112,0.3167628347873688,0
173,113,0.13564513623714447,0
173,114,0.6376968026161194,0
173,115,-0.18529409170150757,0
173,116,0.25190654397010803,0
173,117,0.5048988461494446,0
173,118,0.2514010965824127,0
173,119,-0.11470968276262283,0
173,120,-0.5798760652542114,0
173,121,0.7221153974533081,0
173,122,0.30146855115890503,0
173,123,0.11693011224269867,0
173,124,0.551110565662384,0
173,125,0.5712083578109741,0
173,126,0.4072784185409546,0
173,127,0.21474337577819824,0
173,128,0.6968323588371277,0
173,129,0.33736205101013184,0
173,130,0.6281641125679016,0
173,131,0.3039766848087311,0
173,132,0.1862117201089859,0
173,133,-0.11517000943422318,0
173,134,0.1268453299999237,0
173,135,0.9631320238113403,0
173,136,0.7694608569145203,0
173,137,-0.04297814145684242,0
173,138,0.2818792760372162,0
173,139,0.459453284740448,0
173,140,-0.14692997932434082,0
173,141,0.04914359748363495,0
173,142,0.19744761288166046,0
173,143,0.20134016871452332,0
173,144,0.7194889187812805,0
173,145,0.13127343356609344,0
173,146,-0.10987123847007751,0
173,147,0.6848180294036865,0
173,148,-0.11945312470197678,0
173,149,-0.06775402277708054,0
173,150,0.3829527199268341,0
173,151,-0.16283370554447174,0
173,152,-0.1233551949262619,0
173,153,0.27585554122924805,0
173,154,0.0038214868400245905,0
173,155,0.14350177347660065,0
173,156,0.6103392839431763,0
173,157,0.743720531463623,0
173,158,0.35528698563575745,0
173,159,0.13739006221294403,0
173,160,0.6306652426719666,0
173,161,-0.24618518352508545,0
173,162,0.023092908784747124,0
173,163,1.0237882137298584,0
173,164,0.32761165499687195,0
173,165,0.8055755496025085,0
173,166,0.34394678473472595,0
173,167,-0.22103966772556305,0
173,168,0.7393784523010254,0
173,169,0.18802548944950104,0
173,170,-0.35800355672836304,0
173,171,-0.19853568077087402,0
173,172,-0.18365654349327087,0
173,173,0.3229933977127075,0
173,174,0.13389170169830322,0
173,175,0.9786602258682251,0
173,176,0.7705860733985901,0
173,177,0.38405001163482666,0
173,178,0.03687574341893196,0
173,179,0.061659231781959534,0
173,180,-0.0898570567369461,0
173,181,-0.16243456304073334,0
173,182,0.1625816524028778,0
173,183,0.032469138503074646,0
173,184,0.6919717788696289,0
173,185,0.610598087310791,0
173,186,0.06521730124950409,0
173,187,-0.17897626757621765,0
173,188,0.6292827725410461,0
173,189,-0.46986356377601624,0
173,190,0.354949027299881,0
173,191,0.6359351873397827,0
173,192,0.35055792331695557,0
173,193,0.2671671211719513,0
173,194,-0.0583006925880909,0
173,195,0.4218205511569977,0
173,196,0.5525032877922058,0
173,197,-0.5268568992614746,0
173,198,-0.28860414028167725,0
173,199,0.49122974276542664,0
173,200,0.10893017798662186,0
173,201,-0.04984330013394356,0
173,202,-0.20238280296325684,0
173,203,0.5588681101799011,0
173,204,0.554093599319458,0
173,205,0.46683475375175476,0
173,206,1.2007709741592407,0
173,207,-0.27632251381874084,0
173,208,-0.13396359980106354,0
173,209,-0.15581205487251282,0
173,210,0.004419195465743542,0
173,211,0.19734275341033936,0
173,212,-0.03647249564528465,0
173,213,-0.06515464186668396,0
173,214,0.5078571438789368,0
173,215,0.4087158143520355,0
173,216,0.6980223059654236,0
173,217,-0.5484269261360168,0
173,218,0.08751790225505829,0
173,219,-0.1217237114906311,0
173,220,-0.07479551434516907,0
173,221,-0.03862171992659569,0
173,222,0.5515628457069397,0
173,223,-0.42171451449394226,0
173,224,0.2866223454475403,0
173,225,-0.10798873752355576,0
173,226,-0.25229042768478394,0
173,227,-0.09558086842298508,0
173,228,0.17074239253997803,0
173,229,0.08085508644580841,0
173,230,0.548340916633606,0
173,231,0.8247955441474915,0
173,232,0.42293041944503784,0
173,233,0.18611972033977509,0
173,234,0.1260346919298172,0
173,235,0.5667505860328674,0
173,236,-0.3872114419937134,0
173,237,0.5314159989356995,0
173,238,0.30509868264198303,0
173,239,-0.28435030579566956,0
173,240,0.1136840283870697,0
173,241,0.08903192728757858,0
173,242,0.5722671151161194,0
173,243,-0.05165744200348854,0
173,244,0.28682827949523926,0
173,245,0.06269414722919464,0
173,246,0.5994976758956909,0
173,247,0.28067100048065186,0
173,248,-0.17350488901138306,0
173,249,0.4784276485443115,0
173,250,-0.6374375224113464,0
173,251,0.34169238805770874,0
173,252,-0.5840107798576355,0
173,253,0.6836811304092407,0
173,254,0.0007595174829475582,0
173,255,-0.01485208235681057,0
173,256,-0.13069996237754822,0
173,257,-0.14993178844451904,0
173,258,-0.2646496891975403,0
173,259,1.074333906173706,0
173,260,0.2594653367996216,0
173,261,0.6505810022354126,0
173,262,0.24067391455173492,0
173,263,0.16960182785987854,0
173,264,0.5063171982765198,0
173,265,-0.08171723783016205,0
173,266,-0.07789766043424606,0
173,267,0.17223545908927917,0
173,268,0.8600603342056274,0
173,269,-0.09629082679748535,0
173,270,0.8802136182785034,0
173,271,0.38010817766189575,0
173,272,0.17360612750053406,0
173,273,-0.31738224625587463,0
173,274,-0.2968980371952057,0
173,275,1.9314206838607788,0
173,276,-0.33592689037323,0
173,277,0.22271683812141418,0
173,278,0.5982851386070251,0
173,279,0.23446275293827057,0
173,280,0.09267428517341614,0
173,281,0.819542646408081,0
173,282,-0.046913646161556244,0
173,283,0.4906710088253021,0
173,284,0.278935968875885,0
173,285,0.31404048204421997,0
173,286,0.11977574974298477,0
173,287,-0.20353245735168457,0
173,288,-0.21902558207511902,0
173,289,0.8532269597053528,0
173,290,0.28991755843162537,0
173,291,-0.13909851014614105,0
173,292,-0.1505223661661148,0
173,293,-0.28685280680656433,0
173,294,-0.21179549396038055,0
173,295,-0.07396505028009415,0
173,296,0.2829572856426239,0
173,297,-0.06423099339008331,0
173,298,-0.3053823411464691,0
173,299,-0.5538617968559265,0
173,300,-0.36121103167533875,0
173,301,-0.5856115818023682,0
173,302,0.22467400133609772,0
173,303,-0.5623959302902222,0
173,304,0.10705409198999405,0
173,305,0.43427398800849915,0
173,306,-0.2615338861942291,0
173,307,-0.3713676929473877,0
173,308,0.3200129568576813,1
173,309,-0.2079324871301651,0
173,310,-0.5436379313468933,0
173,311,0.32734107971191406,0
173,312,0.33474797010421753,0
173,313,0.3382083773612976,0
173,314,-0.39436593651771545,0
173,315,0.17644572257995605,0
173,316,-0.35211923718452454,0
173,317,0.09108712524175644,0
173,318,-0.005849981214851141,0
173,319,-0.36770951747894287,0
173,320,0.5078626275062561,0
173,321,-0.3511909544467926,0
173,322,0.3004799485206604,1
173,323,-0.05447065085172653,0
173,324,-0.8383833169937134,1
173,325,0.24436461925506592,0
173,326,0.4273412227630615,0
173,327,0.06197467818856239,0
173,328,0.4235764443874359,0
173,329,0.33655083179473877,0
173,330,0.7837347388267517,0
173,331,-0.5016548037528992,0
173,332,0.6559036374092102,0
173,333,0.3925892412662506,0
173,334,0.45013269782066345,0
173,335,0.5456545948982239,0
173,336,0.38217732310295105,0
173,337,0.3260272741317749,0
173,338,0.3332153260707855,0
173,339,0.09670860320329666,0
173,340,0.6819419264793396,0
173,341,-0.5224375128746033,0
173,342,0.26178455352783203,0
173,343,-0.17614978551864624,0
173,344,0.47459176182746887,0
173,345,0.2912672758102417,0
173,346,0.11966370791196823,0
173,347,0.20624734461307526,0
173,348,-0.14973104000091553,0
173,349,-0.32504743337631226,0
173,350,0.6631709933280945,0
173,351,0.5337848663330078,0
173,352,-0.6358650922775269,0
173,353,0.24002163112163544,0
173,354,1.2735586166381836,0
173,355,0.1428145319223404,0
173,356,-0.34701210260391235,0
173,357,-0.164889857172966,0
173,358,0.40867334604263306,0
173,359,-0.6740583777427673,0
173,360,0.19329209625720978,0
173,361,0.08986077457666397,0
173,362,-0.3794608414173126,0
173,363,0.4766188859939575,0
173,364,-0.36278387904167175,0
173,365,0.611734926700592,0
173,366,-0.48684391379356384,0
173,367,0.015839291736483574,0
173,368,0.40105000138282776,0
173,369,-0.017132116481661797,0
173,370,-0.6439757347106934,0
173,371,0.4032760262489319,0
173,372,0.6477752923965454,0
173,373,0.21224059164524078,0
173,374,0.43383288383483887,0
173,375,0.4247720241546631,0
173,376,-0.7929933071136475,0
173,377,0.5601993799209595,0
173,378,0.6929099559783936,0
173,379,0.2100839465856552,0
173,380,-0.15940140187740326,0
173,381,0.21028722822666168,0
173,382,0.2654166519641876,0
173,383,-0.14178471267223358,0
173,384,0.5060638189315796,0
173,385,1.0068690776824951,0
173,386,0.3631073832511902,0
173,387,0.13820335268974304,0
173,388,0.13667158782482147,0
173,389,0.7816556692123413,0
173,390,-0.29357701539993286,0
173,391,0.15523767471313477,0
173,392,0.328593909740448,0
173,393,0.20175819098949432,0
173,394,0.7559065222740173,0
173,395,0.7549810409545898,0
173,396,0.006350525189191103,0
173,397,0.2590642273426056,0
173,398,0.36583277583122253,0
173,399,-0.5695667266845703,0
173,400,-0.14110760390758514,0
173,401,0.5989047288894653,0
173,402,-0.027758900076150894,0
173,403,0.6465387940406799,0
173,404,0.35994166135787964,0
173,405,0.8113935589790344,0
173,406,0.5570597052574158,0
173,407,0.4117375612258911,0
173,408,0.42159193754196167,0
173,409,0.23257334530353546,0
173,410,0.00985636468976736,0
173,411,0.47456735372543335,0
173,412,-0.21307560801506042,0
173,413,-0.45233699679374695,0
173,414,0.0044876341708004475,0
173,415,-0.01940247416496277,0
173,416,0.3063240051269531,0
173,417,1.1098735332489014,0
173,418,-0.13162991404533386,0
173,419,-0.6437822580337524,0
173,420,-0.09992589056491852,0
173,421,-0.4084354639053345,0
173,422,0.5958940386772156,0
173,423,0.0066781542263925076,0
173,424,-0.6993033289909363,0
173,425,0.1251453310251236,0
173,426,-0.7280721664428711,0
173,427,0.6716958284378052,0
173,428,0.006417826749384403,0
173,429,0.4055144488811493,0
173,430,0.0924728587269783,0
173,431,0.18331840634346008,0
173,432,0.09894487261772156,0
173,433,1.1054394245147705,0
173,434,0.4245794117450714,0
173,435,0.390908807516098,0
173,436,-0.01561865583062172,0
173,437,0.04697488993406296,0
173,438,-0.2218945324420929,0
173,439,0.1769895851612091,0
173,440,0.014063714072108269,0
173,441,-0.1663612723350525,0
173,442,-0.11599702388048172,0
173,443,0.8810334801673889,0
173,444,0.14197637140750885,0
173,445,0.07313814759254456,0
173,446,-0.09867248684167862,0
173,447,0.33122628927230835,0
173,448,0.5749491453170776,0
173,449,0.5854512453079224,0
173,450,-0.34313029050827026,0
173,451,0.7851786613464355,0
173,452,0.6151204705238342,0
173,453,0.024289768189191818,0
173,454,-0.5599356293678284,0
173,455,0.09877198189496994,0
173,456,-0.39354103803634644,0
173,457,0.7879036664962769,0
173,458,-0.2656593322753906,0
173,459,-0.25195619463920593,0
173,460,-0.4583207070827484,0
173,461,-0.6897146701812744,0
173,462,-0.41463184356689453,0
173,463,0.3373655378818512,0
173,464,0.35175323486328125,0
173,465,0.20043857395648956,0
173,466,0.2954200804233551,0
173,467,0.2739817500114441,0
173,468,0.10247255116701126,0
173,469,-0.26869848370552063,0
173,470,-0.16843466460704803,0
173,471,0.8172294497489929,0
173,472,0.027218163013458252,0
173,473,0.6472827196121216,0
173,474,-0.06392501294612885,0
173,475,-0.12112971395254135,0
173,476,-0.12996460497379303,0
173,477,0.49452322721481323,0
173,478,0.37139639258384705,0
173,479,-0.7046478390693665,0
173,480,0.8506544232368469,0
173,481,0.6658772230148315,0
173,482,0.03804609179496765,0
173,483,0.01885134167969227,0
173,484,0.8870519399642944,0
173,485,0.2940324544906616,0
173,486,0.0007163272239267826,0
173,487,-0.559553861618042,0
173,488,0.25122129917144775,0
173,489,-0.5283325910568237,0
173,490,0.49602583050727844,0
173,491,0.7421903610229492,0
173,492,-0.06372231245040894,0
173,493,0.12469746172428131,0
173,494,-0.23084726929664612,0
173,495,0.20834577083587646,0
173,496,0.2711274027824402,0
173,497,0.2187260389328003,0
173,498,-0.4842320680618286,0
173,499,0.6041238903999329,0
173,500,0.05872541666030884,0
173,501,0.4052216410636902,0
173,502,0.8878458738327026,0
173,503,0.4966709017753601,0
173,504,0.2747955918312073,0
173,505,0.30802232027053833,0
173,506,0.2844395637512207,0
173,507,0.06080145388841629,0
173,508,0.11627811938524246,0
173,509,-0.4589358866214752,0
173,510,-0.2366071492433548,0
173,511,-0.09908187389373779,0
173,512,0.8933266401290894,0
173,513,-0.4577510356903076,0
173,514,0.8963203430175781,0
173,515,0.13084635138511658,0
173,516,0.4632675051689148,0
173,517,1.1729567050933838,0
173,518,0.023345788940787315,0
173,519,0.7596564888954163,0
173,520,0.2072167843580246,0
173,521,0.4629412293434143,0
173,522,0.5237547159194946,0
173,523,-0.4309679865837097,0
173,524,-0.5699092745780945,0
173,525,0.7650238871574402,0
173,526,0.3150958716869354,0
173,527,0.810827910900116,0
173,528,0.8549363017082214,0
173,529,0.30968812108039856,0
173,530,0.13936205208301544,0
173,531,-0.015349026769399643,0
173,532,0.12632572650909424,0
173,533,0.37091633677482605,0
173,534,-0.3642549514770508,0
173,535,-0.45487961173057556,0
173,536,0.09825590252876282,0
173,537,-0.7593019008636475,0
173,538,0.4070488512516022,0
173,539,0.13173364102840424,0
173,540,-0.533316433429718,0
173,541,-0.20717574656009674,0
173,542,0.3777931034564972,0
173,543,-0.025366703048348427,0
173,544,-0.45132043957710266,0
173,545,-0.7729912996292114,0
173,546,-0.2659931778907776,0
173,547,-0.05636411905288696,0
173,548,-0.05078895390033722,0
173,549,-0.7519935369491577,0
173,550,-0.25605642795562744,0
173,551,-0.1843152791261673,0
173,552,-0.5983057618141174,0
173,553,0.1650860756635666,0
173,554,-0.9740298986434937,0
173,555,-0.39847269654273987,0
173,556,0.06960779428482056,0
173,557,0.1822047233581543,0
173,558,0.7391471862792969,0
173,559,0.03565709665417671,0
173,560,1.0027015209197998,0
173,561,0.6537667512893677,0
173,562,0.01728813163936138,0
173,563,-0.2735479772090912,0
173,564,0.2034386396408081,0
173,565,-0.4354870319366455,0
173,566,0.025090357288718224,0
173,567,-0.21570032835006714,0
173,568,0.5101193785667419,0
173,569,-0.39255088567733765,0
173,570,0.8383123278617859,0
173,571,0.44938158988952637,0
173,572,0.07139665633440018,0
173,573,-0.06420881301164627,1
173,574,-0.20952242612838745,0
173,575,-0.8292920589447021,0
173,576,0.27974092960357666,0
173,577,0.2090718299150467,0
173,578,-0.5093194842338562,0
173,579,-0.9209980368614197,0
173,580,0.4382879137992859,0
173,581,0.0984489768743515,0
173,582,0.013239561580121517,0
173,583,-0.443621426820755,0
173,584,-0.3542177975177765,0
173,585,0.10274369269609451,0
173,586,-0.24104249477386475,0
173,587,0.2860613763332367,0
173,588,-0.1498568207025528,1
173,589,0.5724139213562012,0
173,590,0.14508002996444702,0
173,591,-0.0462200753390789,0
173,592,0.3949277997016907,0
173,593,0.20427212119102478,0
173,594,-0.07224660366773605,1
173,595,0.02161215804517269,0
173,596,0.1293562799692154,0
173,597,0.3781432807445526,0
173,598,1.2335739135742188,0
173,599,0.5135714411735535,0
173,600,0.28591105341911316,0
173,601,0.6070041656494141,0
173,602,-0.23262667655944824,0
173,603,0.15558472275733948,0
173,604,0.07765041291713715,0
173,605,0.9559131264686584,0
173,606,-0.08702171593904495,0
173,607,0.49216824769973755,0
173,608,0.2941974401473999,0
173,609,0.9280379414558411,0
173,610,0.2697511911392212,0
173,611,-0.09207433462142944,0
173,612,0.14743059873580933,0
173,613,0.6918948888778687,0
173,614,-0.2206459641456604,0
173,615,0.06126627326011658,0
173,616,0.24307703971862793,0
173,617,0.2800481617450714,0
173,618,0.2099798023700714,0
173,619,0.3850662112236023,0
173,620,1.2122986316680908,0
173,621,-0.5677211284637451,0
173,622,0.6648852229118347,0
173,623,0.28900739550590515,0
173,624,0.013837376609444618,0
173,625,0.305655837059021,0
173,626,0.23907433450222015,0
173,627,0.44159552454948425,0
173,628,-0.6381216049194336,0
173,629,-0.6695820689201355,0
173,630,-0.6113322973251343,0
173,631,-0.06552546471357346,0
173,632,0.24482464790344238,0
173,633,0.957598865032196,0
173,634,-0.21337799727916718,0
173,635,0.31269997358322144,0
173,636,-0.33887219429016113,0
173,637,1.132543683052063,0
173,638,0.369443416595459,0
173,639,0.7502487301826477,0
173,640,0.6819448471069336,0
173,641,0.6334817409515381,0
173,642,0.06858746707439423,0
173,643,0.6474326252937317,0
173,644,0.5171861052513123,0
173,645,0.5988131761550903,0
173,646,-0.03943178430199623,0
173,647,0.26496052742004395,0
173,648,0.43565797805786133,0
173,649,0.8458430767059326,0
173,650,0.6451703310012817,0
173,651,-0.5252521634101868,0
173,652,0.4572819471359253,0
173,653,-0.28942421078681946,0
173,654,0.42661452293395996,0
173,655,0.2656283676624298,0
173,656,0.4129854440689087,0
173,657,1.0400415658950806,0
173,658,0.719570517539978,0
173,659,-0.0015336775686591864,0
173,660,-0.2995359003543854,0
173,661,0.6577000021934509,0
173,662,-0.13477914035320282,0
173,663,0.05649464577436447,0
173,664,0.3413030207157135,0
173,665,0.7267837524414062,0
173,666,1.0340003967285156,0
173,667,0.31707340478897095,0
173,668,-0.13812507688999176,0
173,669,-0.08323461562395096,0
173,670,-0.667102038860321,0
173,671,-0.4106442630290985,0
173,672,1.0226773023605347,0
173,673,0.49725958704948425,0
173,674,0.0003023933677468449,0
173,675,0.22336991131305695,0
173,676,0.7292790412902832,0
173,677,0.5863652229309082,0
173,678,0.17419297993183136,0
173,679,0.2509523034095764,0
173,680,0.15003059804439545,0
173,681,-0.9363037347793579,0
173,682,0.40870198607444763,0
173,683,0.33297374844551086,0
173,684,0.5704569816589355,0
173,685,0.6137229800224304,0
173,686,-0.4120389521121979,0
173,687,0.2072705775499344,0
173,688,-0.12810462713241577,0
173,689,0.9154519438743591,0
173,690,0.13341985642910004,0
173,691,0.07535142451524734,0
173,692,-0.14175614714622498,0
173,693,0.9354081153869629,0
173,694,0.06437216699123383,0
173,695,1.409567952156067,0
173,696,-0.02621542662382126,0
173,697,-0.07780750840902328,0
186,0,0.29191720485687256,0
186,1,0.6777116060256958,0
186,2,0.5104917287826538,0
186,3,0.06456185132265091,0
186,4,0.5923236012458801,0
186,5,0.8588172197341919,0
186,6,0.5342141389846802,0
186,7,0.4689798653125763,0
186,8,0.27738696336746216,0
186,9,0.11772512644529343,0
186,10,0.3616942763328552,0
186,11,0.6106400489807129,0
186,12,-0.026060396805405617,0
186,13,0.26443737745285034,0
186,14,-0.1529463231563568,0
186,15,0.09647419303655624,0
186,16,0.6627410054206848,0
186,17,-0.31522852182388306,0
186,18,0.8459122180938721,0
186,19,0.09876824915409088,0
186,20,0.0941319689154625,0
186,21,0.3483371138572693,0
186,22,-0.39396539330482483,0
186,23,-0.20676007866859436,0
186,24,0.6220542192459106,0
186,25,0.027232525870203972,0
186,26,0.18467572331428528,0
186,27,-0.09269651025533676,0
186,28,-0.042321205139160156,0
186,29,0.3629794716835022,0
186,30,0.5919195413589478,0
186,31,-0.0003297259099781513,0
186,32,0.21753370761871338,0
186,33,-0.3464955687522888,0
186,34,0.08833503723144531,0
186,35,0.014546199701726437,0
186,36,-0.06231432780623436,0
186,37,0.2466021180152893,0
186,38,0.2327486127614975,0
186,39,0.1708041876554489,0
186,40,0.690041184425354,0
186,41,-0.09504411369562149,0
186,42,0.06631429493427277,0
186,43,-0.027249440550804138,0
186,44,-0.03592324256896973,0
186,45,0.7220249176025391,0
186,46,0.35999616980552673,0
186,47,0.20521500706672668,0
186,48,0.019523028284311295,0
186,49,0.1658143401145935,0
186,50,0.06898583471775055,0
186,51,0.21335788071155548,0
186,52,0.08024979382753372,0
186,53,0.3071408271789551,0
186,54,-0.12895087897777557,0
186,55,0.08278506249189377,0
186,56,0.9415186047554016,0
186,57,0.010167653672397137,0
186,58,-0.07138968259096146,0
186,59,0.20062923431396484,0
186,60,0.21471109986305237,0
186,61,0.4621719419956207,0
186,62,0.4848829209804535,0
186,63,-0.0032844773959368467,0
186,64,0.22753094136714935,0
186,65,-0.31918856501579285,0
186,66,0.7883872389793396,0
186,67,0.5745853185653687,0
186,68,0.3383667767047882,0
186,69,-0.07761303335428238,0
186,70,0.19463269412517548,0
186,71,-0.27346959710121155,0
186,72,0.5539518594741821,0
186,73,0.16660985350608826,0
186,74,0.6898484826087952,0
186,75,-0.12736521661281586,0
186,76,0.05733504146337509,0
186,77,-0.14011254906654358,0
186,78,0.30186232924461365,0
186,79,-0.4623931050300598,0
186,80,0.2945803701877594,0
186,81,-0.05457184091210365,0
186,82,0.3331896662712097,0
186,83,0.3718867301940918,0
186,84,0.848671555519104,0
186,85,0.250160813331604,0
186,86,0.276472270488739,0
186,87,-0.1374170184135437,0
186,88,0.1886131316423416,0
186,89,0.25832831859588623,0
186,90,0.4134306013584137,0
186,91,0.23136723041534424,0
186,92,0.1393153816461563,0
186,93,-0.018903741613030434,0
186,94,0.06824922561645508,0
186,95,-0.21960720419883728,0
186,96,0.19416993856430054,0
186,97,0.3233394920825958,0
186,98,0.13802383840084076,0
186,99,0.41230615973472595,0
186,100,0.14006930589675903,0
186,101,0.5034884214401245,0
186,102,0.24023088812828064,0
186,103,0.11300122737884521,0
186,104,0.5058068037033081,0
186,105,-0.4040820896625519,0
186,106,0.8928453922271729,0
186,107,0.5450400710105896,0
186,108,0.37960320711135864,0
186,109,0.2892014980316162,0
186,110,0.091412253677845,0
186,111,0.5415608286857605,0
186,112,0.7180107831954956,0
186,113,0.2649911940097809,0
186,114,0.5739600658416748,0
186,115,0.3474544584751129,0
186,116,0.3190630376338959,0
186,117,0.16704514622688293,0
186,118,0.07739067822694778,0
186,119,0.11329802870750427,0
186,120,-0.4242028594017029,0
186,121,0.0638096034526825,0
186,122,0.09397522360086441,0
186,123,0.11728405952453613,0
186,124,0.25812098383903503,0
186,125,0.38896167278289795,0
186,126,0.4865740239620209,0
186,127,0.3191896080970764,0
186,128,0.058728136122226715,0
186,129,-0.12672138214111328,0
186,130,0.10853356868028641,0
186,131,-0.052758973091840744,0
186,132,-0.1320008635520935,0
186,133,0.39878180623054504,0
186,134,-0.1773672252893448,0
186,135,0.019133329391479492,0
186,136,0.5492315888404846,0
186,137,0.3854117691516876,0
186,138,0.5296251177787781,0
186,139,0.3016367256641388,0
186,140,0.24929410219192505,0
186,141,0.3138439953327179,0
186,142,0.08869738131761551,0
186,143,-0.1745803952217102,0
186,144,0.10654620081186295,0
186,145,0.2520664930343628,0
186,146,-0.07258640229701996,0
186,147,0.12284933030605316,0
186,148,-0.21886111795902252,0
186,149,-0.08033347129821777,0
186,150,-0.247043639421463,0
186,151,0.47315067052841187,0
186,152,0.27705082297325134,0
186,153,-0.05331418290734291,0
186,154,0.2821718752384186,0
186,155,0.05806317552924156,0
186,156,-0.019439171999692917,0
186,157,-0.10762861371040344,0
186,158,0.20916113257408142,0
186,159,-0.3632337749004364,0
186,160,0.5074000954627991,0
186,161,0.8145391345024109,0
186,162,-0.08137481659650803,0
186,163,-0.22026431560516357,0
186,164,0.1603582352399826,0
186,165,0.17156927287578583,0
186,166,-0.2741236388683319,0
186,167,-0.05959499999880791,0
186,168,0.010578700341284275,0
186,169,0.5359095335006714,0
186,170,0.52421635389328,0
186,171,0.4288637340068817,0
186,172,0.3957999348640442,0
186,173,-0.006310708355158567,0
186,174,0.008840300142765045,0
186,175,-0.2853507101535797,0
186,176,-0.12529103457927704,0
186,177,0.05205516517162323,0
186,178,-0.08463899791240692,0
186,179,0.2150993049144745,0
186,180,-0.41147738695144653,0
186,181,0.25028714537620544,0
186,182,0.2929365038871765,0
186,183,0.23338156938552856,0
186,184,0.021538231521844864,0
186,185,0.05702265352010727,0
186,186,0.03910810127854347,0
186,187,0.1864759922027588,0
186,188,-0.11731398850679398,0
186,189,0.16550657153129578,0
186,190,0.4793756604194641,0
186,191,0.05531832575798035,0
186,192,0.05546250939369202,0
186,193,0.037062302231788635,0
186,194,0.23319752514362335,0
186,195,0.015047246590256691,0
186,196,-0.014497501775622368,0
186,197,0.6069080233573914,0
186,198,-0.04118143022060394,0
186,199,0.42830780148506165,0
186,200,0.36871784925460815,0
186,201,0.2263985574245453,0
186,202,0.802112340927124,0
186,203,0.12508530914783478,0
186,204,0.19396933913230896,0
186,205,-0.22075991332530975,0
186,206,0.2224458009004593,0
186,207,0.015665214508771896,0
186,208,0.4801018536090851,0
186,209,0.345807820558548,0
186,210,0.25853097438812256,0
186,211,0.25931334495544434,0
186,212,-0.5196679830551147,0
186,213,0.08474096655845642,0
186,214,0.16960665583610535,0
186,215,0.47395938634872437,0
186,216,0.26853159070014954,0
186,217,-0.13496603071689606,0
186,218,0.4393472373485565,0
186,219,0.31518515944480896,0
186,220,0.41159626841545105,0
186,221,-0.2529459595680237,0
186,222,0.2295200228691101,0
186,223,0.6544505953788757,0
186,224,-0.0890815481543541,0
186,225,-0.11284679174423218,0
186,226,-0.00914180651307106,0
186,227,-0.07149393111467361,0
186,228,0.2537178099155426,0
186,229,0.5383433699607849,0
186,230,0.20728829503059387,0
186,231,-0.06172705441713333,0
186,232,-0.6227390170097351,0
186,233,0.206880584359169,0
186,234,0.30860137939453125,0
186,235,0.06800353527069092,0
186,236,-0.04788277670741081,0
186,237,0.3741602301597595,0
186,238,-0.10516204684972763,0
186,239,0.647346556186676,0
186,240,0.5068848133087158,0
186,241,-0.5356639623641968,0
186,242,-0.10411511361598969,0
186,243,0.4503228962421417,0
186,244,-0.3018326759338379,0
186,245,0.35575228929519653,0
186,246,-0.03445166349411011,0
186,247,0.08014599978923798,0
186,248,-0.10390136390924454,0
186,249,-0.26637792587280273,0
186,250,0.5339848399162292,0
186,251,0.08204983174800873,0
186,252,0.37124907970428467,0
186,253,-0.39756742119789124,0
186,254,0.3853316605091095,0
186,255,-0.10250522196292877,0
186,256,-0.003792215371504426,0
186,257,-0.32520538568496704,0
186,258,-0.285502552986145,0
186,259,0.43906456232070923,0
186,260,-0.14999517798423767,0
186,261,0.4325755536556244,0
186,262,0.4977878928184509,0
186,263,0.5250497460365295,0
186,264,-0.4181356728076935,0
186,265,-0.13274672627449036,0
186,266,0.8666685819625854,0
186,267,-0.22977076470851898,0
186,268,0.6292995810508728,0
186,269,0.2963005006313324,0
186,270,0.010670703835785389,0
186,271,-0.7251924872398376,0
186,272,-0.07384833693504333,0
186,273,0.03896943852305412,0
186,274,-0.042798880487680435,0
186,275,-0.4313594400882721,0
186,276,0.04266085475683212,0
186,277,0.448636531829834,0
186,278,0.1265140324831009,0
186,279,0.4740201532840729,0
186,280,0.2581315040588379,0
186,281,-0.30120906233787537,0
186,282,-0.25949612259864807,0
186,283,0.16824693977832794,0
186,284,-0.9590031504631042,0
186,285,0.14298875629901886,0
186,286,-0.4900653064250946,0
186,287,0.08316916972398758,0
186,288,-0.1415780782699585,0
186,289,-0.008248173631727695,0
186,290,-0.8696635961532593,0
186,291,-0.23493649065494537,0
186,292,-0.12588517367839813,0
186,293,0.24145512282848358,0
186,294,0.19840411841869354,0
186,295,0.5181329250335693,0
186,296,0.16419292986392975,0
186,297,0.04708492383360863,0
186,298,-0.40621793270111084,0
186,299,0.3684964179992676,0
186,300,-0.09872431308031082,0
186,301,-0.23436681926250458,0
186,302,-0.4321604073047638,0
186,303,0.6844725608825684,0
186,304,0.09414692223072052,0
186,305,-0.026643207296729088,0
186,306,0.29238349199295044,0
186,307,-0.09765789657831192,0
186,308,-0.10821300745010376,0
186,309,0.180171936750412,0
186,310,0.6211608052253723,0
186,311,-0.6376495957374573,0
186,312,-0.2294958531856537,0
186,313,-0.42369550466537476,0
186,314,-0.058435115963220596,0
186,315,-0.28189802169799805,0
186,316,-0.10110748559236526,1
186,317,0.1515638679265976,0
186,318,0.5004841685295105,0
186,319,0.008357690647244453,0
186,320,0.5637747645378113,0
186,321,-0.09027282148599625,0
186,322,0.17747822403907776,0
186,323,0.2212972193956375,0
186,324,0.44919881224632263,0
186,325,-0.011428479105234146,0
186,326,-0.36633390188217163,0
186,327,-0.9563976526260376,0
186,328,-0.40240463614463806,0
186,329,-0.17526355385780334,0
186,330,0.03698958829045296,1
186,331,0.32591280341148376,0
186,332,0.2956030070781708,1
186,333,0.06581036001443863,0
186,334,0.3449350595474243,0
186,335,-0.4318913519382477,0
186,336,1.030269980430603,0
186,337,-0.21500878036022186,0
186,338,0.07609866559505463,0
186,339,-0.411025732755661,0
186,340,0.2110430896282196,0
186,341,0.48716670274734497,0
186,342,0.3050757646560669,0
186,343,-0.334809273481369,0
186,344,0.27614450454711914,0
186,345,-0.37522634863853455,0
186,346,0.6084510087966919,0
186,347,-0.4160046875476837,0
186,348,-0.19463509321212769,0
186,349,0.22180137038230896,0
186,350,0.1085108146071434,0
186,351,-0.4544517993927002,0
186,352,0.003887440077960491,0
186,353,0.25907784700393677,0
186,354,-0.21958619356155396,0
186,355,-0.17072154581546783,0
186,356,-0.31009599566459656,0
186,357,-0.19081534445285797,0
186,358,0.7300402522087097,0
186,359,-0.22864821553230286,0
186,360,-0.5189036726951599,0
186,361,0.6561355590820312,0
186,362,0.2555854022502899,0
186,363,0.02940049022436142,0
186,364,0.4079207181930542,0
186,365,0.3874059319496155,0
186,366,0.09393509477376938,0
186,367,0.5470690727233887,0
186,368,0.11325521022081375,0
186,369,-0.19485008716583252,0
186,370,0.10571204125881195,0
186,371,0.10669803619384766,0
186,372,-0.15160441398620605,0
186,373,-0.2675296366214752,0
186,374,-0.6302962303161621,0
186,375,-0.5918415784835815,0
186,376,-0.07065964490175247,0
186,377,-0.763664960861206,0
186,378,0.4684801995754242,0
186,379,-0.06377439945936203,0
186,380,-0.16798268258571625,0
186,381,-0.08823118358850479,0
186,382,-0.7192330360412598,0
186,383,0.86079341173172,0
186,384,0.1314985156059265,0
186,385,-0.15871106088161469,0
186,386,-0.37254393100738525,0
186,387,-0.08834415674209595,0
186,388,-0.342375785112381,0
186,389,-0.1271796077489853,0
186,390,0.2508392035961151,0
186,391,0.011053266935050488,0
186,392,0.0027154076378792524,0
186,393,0.27038371562957764,0
186,394,0.22542011737823486,0
186,395,-0.3823370039463043,0
186,396,-0.4987271726131439,0
186,397,-0.07423943281173706,0
186,398,-0.23559370636940002,0
186,399,-0.11758722364902496,0
186,400,-0.5008365511894226,0
186,401,0.0340251587331295,0
186,402,-0.11129018664360046,0
186,403,0.10634760558605194,0
186,404,-0.07790816575288773,0
186,405,0.21591131389141083,0
186,406,0.10745272040367126,0
186,407,-0.06132379546761513,0
186,408,-0.2957867681980133,0
186,409,-0.19781452417373657,0
186,410,0.39595526456832886,0
186,411,0.4582521617412567,0
186,412,-0.6980432271957397,0
186,413,0.8271268010139465,0
186,414,-0.20279502868652344,0
186,415,0.38332346081733704,0
186,416,-0.41508281230926514,0
186,417,0.579012393951416,0
186,418,0.5884240865707397,0
186,419,0.7527998089790344,0
186,420,0.5058417916297913,0
186,421,0.7180849313735962,0
186,422,0.31660276651382446,0
186,423,0.8506433367729187,0
186,424,0.10678793489933014,0
186,425,0.09855348616838455,0
186,426,0.37073013186454773,0
186,427,0.6158546805381775,0
186,428,0.06641189754009247,0
186,429,0.17764919996261597,0
186,430,0.07713687419891357,0
186,431,0.32846707105636597,0
186,432,0.40603306889533997,0
186,433,-0.03898799046874046,0
186,434,-0.9887378215789795,0
186,435,0.2210906445980072,0
186,436,-0.34007924795150757,0
186,437,0.031833235174417496,0
186,438,0.27435970306396484,0
186,439,0.3468368649482727,0
186,440,-0.19783049821853638,0
186,441,0.7612836956977844,0
186,442,-0.07214672118425369,0
186,443,0.19338980317115784,0
186,444,-0.37754711508750916,0
186,445,0.1985037624835968,0
186,446,0.6369677782058716,0
186,447,-0.23657281696796417,0
186,448,0.05150136724114418,0
186,449,-0.16520768404006958,0
186,450,-0.10965071618556976,0
186,451,-0.1990947723388672,0
186,452,-0.8394231796264648,0
186,453,0.2559754252433777,0
186,454,-0.1481619030237198,0
186,455,0.4441211223602295,0
186,456,0.3138786256313324,0
186,457,0.6453993916511536,0
186,458,0.7215508222579956,0
186,459,-0.10318724811077118,0
186,460,0.24734409153461456,0
186,461,0.07531829923391342,0
186,462,0.15261977910995483,0
186,463,-0.09791817516088486,0
186,464,0.21153388917446136,0
186,465,0.2513906955718994,0
186,466,0.5345589518547058,0
186,467,-0.3525513708591461,0
186,468,-0.13589049875736237,0
186,469,-0.30098995566368103,0
186,470,0.3163840174674988,0
186,471,-0.09482307732105255,0
186,472,-0.24073804914951324,0
186,473,-0.8066509366035461,0
186,474,0.5009972453117371,0
186,475,-0.7065371870994568,0
186,476,0.06746367365121841,0
186,477,-0.32222992181777954,0
186,478,0.3138832151889801,0
186,479,0.5445316433906555,0
186,480,-0.33717676997184753,0
186,481,0.17940911650657654,0
186,482,0.15676914155483246,0
186,483,-0.6429068446159363,0
186,484,-0.01837332919239998,0
186,485,-0.7144225239753723,0
186,486,-0.19759371876716614,0
186,487,-0.31796014308929443,0
186,488,0.566614031791687,0
186,489,0.35345709323883057,0
186,490,0.06165798008441925,0
186,491,-0.09833462536334991,0
186,492,-0.009597274474799633,0
186,493,-0.26232773065567017,0
186,494,0.08126427978277206,0
186,495,0.3631187677383423,0
186,496,0.0672343373298645,0
186,497,-0.11204802989959717,0
186,498,0.4253557324409485,0
186,499,0.44920557737350464,0
186,500,0.35885071754455566,0
186,501,0.37634971737861633,0
186,502,0.5319435000419617,0
186,503,0.20433726906776428,0
186,504,-0.1442273110151291,0
186,505,-0.08485868573188782,0
186,506,0.32685840129852295,0
186,507,0.0580042339861393,0
186,508,0.11697220057249069,0
186,509,0.12333519011735916,0
186,510,-0.007359134964644909,0
186,511,0.17361870408058167,0
186,512,0.5293242335319519,0
186,513,-0.09704774618148804,0
186,514,0.04625843092799187,0
186,515,0.3947063982486725,0
186,516,0.4093400835990906,0
186,517,0.128671795129776,0
186,518,0.2870776355266571,0
186,519,0.6332632303237915,0
186,520,0.6128025054931641,0
186,521,0.19947372376918793,0
186,522,0.12483484297990799,0
186,523,0.5177087783813477,0
186,524,0.3613598048686981,0
186,525,0.3714894652366638,0
186,526,0.2252131700515747,0
186,527,0.4859178364276886,0
186,528,-0.16499535739421844,0
186,529,-0.11177235096693039,0
186,530,-0.14213645458221436,0
186,531,0.23515303432941437,0
186,532,0.33780163526535034,0
186,533,-0.2751849889755249,0
186,534,0.40979528427124023,0
186,535,0.2603569030761719,0
186,536,0.4374598264694214,0
186,537,0.3092743456363678,0
186,538,0.030461272224783897,0
186,539,0.010258135385811329,0
186,540,0.15636925399303436,0
186,541,0.13617053627967834,0
186,542,0.10845588892698288,0
186,543,0.39133062958717346,0
186,544,-0.21013520658016205,0
186,545,0.3644999563694,0
186,546,0.09984773397445679,0
186,547,0.8241365551948547,0
186,548,0.4920192360877991,0
186,549,0.4960672855377197,0
186,550,0.14703433215618134,0
186,551,0.6695394515991211,0
186,552,0.24848522245883942,0
186,553,0.546599805355072,0
186,554,0.4740547835826874,0
186,555,0.8223811388015747,0
186,556,-0.2334706038236618,0
186,557,0.19531109929084778,0
186,558,0.1399233192205429,0
186,559,-0.49174273014068604,0
186,560,-0.19579891860485077,0
186,561,0.34064656496047974,0
186,562,0.42967602610588074,0
186,563,-0.09956726431846619,0
186,564,0.003831620095297694,0
186,565,0.5271466374397278,0
186,566,0.6851671934127808,0
186,567,0.08772780746221542,0
186,568,0.4305247664451599,0
186,569,0.628487229347229,0
186,570,0.25788769125938416,0
186,571,0.6532257795333862,0
186,572,0.6625785827636719,1
186,573,0.5391728281974792,0
186,574,-0.03026667609810829,0
186,575,0.43210944533348083,0
186,576,-0.23944619297981262,0
186,577,0.015125611796975136,0
186,578,0.3363139033317566,0
186,579,0.20137374103069305,0
186,580,0.46395865082740784,0
186,581,0.5652316808700562,0
186,582,0.17016753554344177,0
186,583,0.3566407263278961,0
186,584,0.9862362742424011,0
186,585,0.45830389857292175,0
186,586,1.2573084831237793,0
186,587,0.6162827014923096,1
186,588,-0.1647181212902069,0
186,589,0.0524393692612648,0
186,590,-0.017922187224030495,0
186,591,0.5077263116836548,0
186,592,0.44101524353027344,0
186,593,0.11448175460100174,1
186,594,0.3730946183204651,0
186,595,-0.1356130689382553,0
186,596,0.69383305311203,0
186,597,1.538367748260498,0
186,598,0.054008156061172485,0
186,599,0.3559522032737732,0
186,600,0.7615607976913452,0
186,601,0.48916077613830566,0
186,602,0.3248312473297119,0
186,603,0.29083096981048584,0
186,604,0.7564745545387268,0
186,605,0.2300945669412613,0
186,606,0.9507166147232056,0
186,607,0.290577232837677,0
186,608,0.9091021418571472,0
186,609,0.45582252740859985,0
186,610,0.29995402693748474,0
186,611,0.9032465815544128,0
186,612,0.03247019276022911,0
186,613,-0.18022611737251282,0
186,614,0.3339199125766754,0
186,615,0.6324180364608765,0
186,616,-0.04823177680373192,0
186,617,0.19759003818035126,0
186,618,-0.06019134074449539,0
186,619,0.4016534686088562,0
186,620,0.27855753898620605,0
186,621,0.372820645570755,0
186,622,0.5070598721504211,0
186,623,-0.02318345569074154,0
186,624,0.47168514132499695,0
186,625,0.3145858347415924,0
186,626,0.039781223982572556,0
186,627,0.1399906724691391,0
186,628,0.5838331580162048,0
186,629,0.48547467589378357,0
186,630,-0.3441496193408966,0
186,631,-0.030052170157432556,0
186,632,-0.10825572162866592,0
186,633,-0.04436490684747696,0
186,634,0.31918326020240784,0
186,635,0.23732469975948334,0
186,636,0.24665994942188263,0
186,637,-0.196583092212677,0
186,638,0.013510548509657383,0
186,639,0.24473363161087036,0
186,640,0.12932372093200684,0
186,641,-0.36918210983276367,0
186,642,-0.15444588661193848,0
186,643,-0.13836662471294403,0
186,644,0.4463028311729431,0
186,645,0.611314058303833,0
186,646,0.4463750422000885,0
186,647,0.05372289568185806,0
186,648,0.5787524580955505,0
186,649,0.09867765754461288,0
186,650,0.4063448905944824,0
186,651,0.3343935012817383,0
186,652,-0.1499451994895935,0
186,653,-0.10323213785886765,0
186,654,0.7810577154159546,0
186,655,0.03513159602880478,0
186,656,0.6641377210617065,0
186,657,0.11766089498996735,0
186,658,0.15864765644073486,0
186,659,-0.17105653882026672,0
186,660,0.38280484080314636,0
186,661,-0.6719728112220764,0
186,662,1.0408865213394165,0
186,663,0.17539341747760773,0
186,664,-0.07038380950689316,0
186,665,0.18931616842746735,0
186,666,-0.27896201610565186,0
186,667,0.3534831404685974,0
186,668,0.12296726554632187,0
186,669,0.312399685382843,0
186,670,-0.24105246365070343,0
186,671,0.30536729097366333,0
186,672,0.3922187089920044,0
186,673,-0.25035494565963745,0
186,674,0.37659454345703125,0
186,675,-0.19320957362651825,0
186,676,0.09584753215312958,0
186,677,0.081588514149189,0
186,678,-0.12607553601264954,0
186,679,-0.2634606957435608,0
186,680,0.03593209385871887,0
186,681,0.5370075702667236,0
186,682,0.22668740153312683,0
186,683,0.268012136220932,0
186,684,-0.11114853620529175,0
186,685,0.3082263171672821,0
186,686,0.3223811388015747,0
186,687,0.1394883543252945,0
186,688,0.18340978026390076,0
186,689,-0.20408500730991364,0
186,690,-0.19189299643039703,0
186,691,-0.062101513147354126,0
186,692,0.08587193489074707,0
186,693,0.026794370263814926,0
186,694,-0.24527016282081604,0
186,695,-0.4596133530139923,0
186,696,-0.25384801626205444,0
186,697,0.4030652344226837,0
190,0,0.23748882114887238,0
190,1,0.366760790348053,0
190,2,-0.6541839838027954,0
190,3,0.6589256525039673,0
190,4,0.15642563998699188,0
190,5,-0.05423116311430931,0
190,6,-0.1522878110408783,0
190,7,0.007353554479777813,0
190,8,-0.004369320813566446,0
190,9,1.338293433189392,0
190,10,0.1408654749393463,0
190,11,1.0648298263549805,0
190,12,-0.008437489159405231,0
190,13,-0.6101828217506409,0
190,14,-0.5327776670455933,0
190,15,0.9484559893608093,0
190,16,0.4884401261806488,0
190,17,-0.04115832969546318,0
190,18,-0.1796514391899109,0
190,19,0.36743617057800293,0
190,20,0.6114678382873535,0
190,21,-0.34301015734672546,0
190,22,-0.02939922735095024,0
190,23,0.3009171485900879,0
190,24,0.7154017090797424,0
190,25,0.20657990872859955,0
190,26,-0.20557734370231628,0
190,27,0.850789487361908,0
190,28,-0.09313063323497772,0
190,29,1.3235300779342651,0
190,30,0.2726142406463623,0
190,31,0.02682800404727459,0
190,32,0.053732551634311676,0
190,33,0.5737941265106201,0
190,34,0.16351523995399475,0
190,35,0.18432959914207458,0
190,36,0.9797354340553284,0
190,37,0.17146919667720795,0
190,38,0.11810383200645447,0
190,39,0.3786768913269043,0
190,40,1.4027036428451538,0
190,41,-1.211923360824585,0
190,42,0.7707573175430298,0
190,43,0.37378883361816406,0
190,44,-0.3801696002483368,0
190,45,0.36162441968917847,0
190,46,0.1885555386543274,0
190,47,0.10930293798446655,0
190,48,0.6251552700996399,0
190,49,0.002940898295491934,0
190,50,-0.011334256269037724,0
190,51,0.07117461413145065,0
190,52,-0.460921049118042,0
190,53,0.3823056221008301,0
190,54,0.269630491733551,0
190,55,0.05515039339661598,0
190,56,-0.11057931184768677,0
190,57,-0.22757554054260254,0
190,58,0.25246715545654297,0
190,59,1.4102354049682617,0
190,60,0.45320791006088257,0
190,61,0.14764900505542755,0
190,62,0.017537878826260567,0
190,63,-0.03605487570166588,0
190,64,0.8031254410743713,0
190,65,0.9127720594406128,0
190,66,-0.2482718527317047,0
190,67,-0.10962803661823273,0
190,68,0.2617173492908478,0
190,69,0.22374273836612701,0
190,70,0.2562018632888794,0
190,71,0.3462753891944885,0
190,72,0.35260269045829773,0
190,73,0.27920958399772644,0
190,74,0.32224807143211365,0
190,75,-0.8227888345718384,0
190,76,0.4264945983886719,0
190,77,0.15822812914848328,0
190,78,0.6584430932998657,0
190,79,-0.5092251896858215,0
190,80,0.5367978811264038,0
190,81,-0.0440421923995018,0
190,82,0.23643441498279572,0
190,83,0.6387652158737183,0
190,84,0.5643159747123718,0
190,85,0.1810864508152008,0
190,86,0.5264226198196411,0
190,87,-0.6572626829147339,0
190,88,0.7600509524345398,0
190,89,0.422544002532959,0
190,90,-0.9208505153656006,0
190,91,0.20710155367851257,0
190,92,0.999917209148407,0
190,93,0.17185916006565094,0
190,94,1.1430929899215698,0
190,95,0.4163741171360016,0
190,96,0.10705842077732086,0
190,97,0.48541688919067383,0
190,98,-0.5907087326049805,0
190,99,0.17653758823871613,0
190,100,0.6086326241493225,0
190,101,0.5999673008918762,0
190,102,0.14797542989253998,0
190,103,-0.12250049412250519,0
190,104,0.05971571058034897,0
190,105,0.44862809777259827,0
190,106,0.5350446105003357,0
190,107,1.2106668949127197,0
190,108,0.9834471344947815,0
190,109,0.9229292273521423,0
190,110,-0.33459237217903137,0
190,111,0.8213300704956055,0
190,112,1.047875165939331,0
190,113,-0.09755025804042816,0
190,114,0.19228437542915344,0
190,115,-0.17266254127025604,0
190,116,-0.35300517082214355,0
190,117,1.243755578994751,0
190,118,-0.458081990480423,0
190,119,-1.5619127750396729,0
190,120,-0.10133315622806549,0
190,121,-0.15859070420265198,0
190,122,0.03520204499363899,0
190,123,-0.039704691618680954,0
190,124,0.5933237671852112,0
190,125,0.9175266623497009,0
190,126,-0.03996981307864189,0
190,127,0.8419392704963684,0
190,128,-0.34049487113952637,0
190,129,0.5435461401939392,0
190,130,-0.21615758538246155,0
190,131,0.3650417625904083,0
190,132,0.21902981400489807,0
190,133,0.5106961727142334,0
190,134,-0.5538073778152466,0
190,135,0.48661401867866516,0
190,136,0.7782853245735168,0
190,137,0.2847021520137787,0
190,138,1.138243317604065,0
190,139,0.05174924433231354,0
190,140,0.048043232411146164,0
190,141,0.9829742908477783,0
190,142,0.08556988090276718,0
190,143,-0.19987067580223083,0
190,144,0.43920883536338806,0
190,145,1.167364478111267,0
190,146,-0.4092645049095154,0
190,147,0.04893370345234871,0
190,148,0.9449928998947144,0
190,149,0.14503206312656403,0
190,150,0.06666288524866104,0
190,151,-0.20428645610809326,0
190,152,0.9912415742874146,0
190,153,0.68739914894104,0
190,154,-0.4646025598049164,0
190,155,-0.40278303623199463,0
190,156,0.030005089938640594,0
190,157,0.2968771755695343,0
190,158,0.37621942162513733,0
190,159,0.5474494099617004,0
190,160,0.35263359546661377,0
190,161,-0.5597338676452637,0
190,162,0.19508808851242065,0
190,163,0.4299927055835724,0
190,164,0.0635330006480217,0
190,165,0.10188645869493484,0
190,166,0.20278184115886688,0
190,167,-0.7179418802261353,0
190,168,0.2720678150653839,0
190,169,-0.08545083552598953,0
190,170,0.3302699625492096,0
190,171,0.42278262972831726,0
190,172,-0.5716511607170105,0
190,173,-0.12751567363739014,0
190,174,0.04251627251505852,0
190,175,0.7438487410545349,0
190,176,0.7923307418823242,0
190,177,-0.2594422698020935,0
190,178,-0.35852161049842834,0
190,179,0.8435680866241455,0
190,180,0.27659696340560913,0
190,181,0.42822346091270447,0
190,182,-0.11738836020231247,0
190,183,0.5671095252037048,0
190,184,-0.14307869970798492,0
190,185,-0.21101310849189758,0
190,186,0.5529558062553406,0
190,187,-0.19802284240722656,0
190,188,0.3963996171951294,0
190,189,0.06035502254962921,0
190,190,0.4674701690673828,0
190,191,0.2729814052581787,0
190,192,1.191695213317871,0
190,193,-0.029219752177596092,0
190,194,0.18557681143283844,0
190,195,-0.08751219511032104,0
190,196,0.8375874161720276,0
190,197,-0.17971846461296082,0
190,198,0.3382781445980072,0
190,199,0.4639214873313904,0
190,200,-0.32077816128730774,0
190,201,-0.19733035564422607,0
190,202,0.11109862476587296,0
190,203,0.5281906127929688,0
190,204,-0.11845608055591583,0
190,205,-0.2715815305709839,0
190,206,-0.22114531695842743,0
190,207,-0.42541801929473877,0
190,208,0.3602169156074524,0
190,209,0.8569639325141907,0
190,210,0.35272762179374695,0
190,211,0.7372229695320129,0
190,212,0.7088716626167297,0
190,213,0.1530391424894333,0
190,214,0.26542365550994873,0
190,215,0.26381540298461914,0
190,216,0.8713617920875549,0
190,217,0.3686790466308594,0
190,218,-0.028743606060743332,0
190,219,0.2726292908191681,0
190,220,0.1356879472732544,0
190,221,-0.09175451099872589,0
190,222,0.6146628260612488,0
190,223,0.5072744488716125,0
190,224,0.43985745310783386,0
190,225,-0.10584253072738647,0
190,226,0.15832079946994781,0
190,227,0.44140559434890747,0
190,228,-0.11768011748790741,0
190,229,0.5268638730049133,0
190,230,1.1974490880966187,0
190,231,-0.3797692358493805,0
190,232,-0.3346313238143921,0
190,233,0.38901203870773315,0
190,234,0.3852531313896179,0
190,235,0.3160422742366791,0
190,236,-0.4665335714817047,0
190,237,0.5001864433288574,0
190,238,0.42398694157600403,0
190,239,0.20539650321006775,0
190,240,0.17600926756858826,0
190,241,0.22496448457241058,0
190,242,0.3263196051120758,0
190,243,0.6471281051635742,0
190,244,0.1872454732656479,0
190,245,0.5215264558792114,0
190,246,0.49891379475593567,0
190,247,0.9856919646263123,0
190,248,0.44919440150260925,0
190,249,0.21575796604156494,0
190,250,0.9752815365791321,0
190,251,-0.009497593156993389,0
190,252,-1.002036690711975,0
190,253,1.049818515777588,0
190,254,1.0140856504440308,0
190,255,-0.9398374557495117,0
190,256,0.19794295728206635,0
190,257,-0.5027827024459839,0
190,258,-0.6202144622802734,0
190,259,0.8058326244354248,0
190,260,0.7802218198776245,0
190,261,0.31398025155067444,0
190,262,0.3465338349342346,0
190,263,0.5408959984779358,0
190,264,0.492326021194458,0
190,265,-0.18162795901298523,0
190,266,-0.24082237482070923,0
190,267,0.23611000180244446,0
190,268,2.7489662170410156,0
190,269,0.623875081539154,0
190,270,0.6083270907402039,0
190,271,-0.287365198135376,0
190,272,-0.022160891443490982,0
190,273,-0.28626081347465515,0
190,274,-0.5528580546379089,0
190,275,0.41526103019714355,0
190,276,-0.4603594243526459,0
190,277,0.16466417908668518,0
190,278,0.6733168959617615,0
190,279,0.7152063250541687,0
190,280,0.37631306052207947,0
190,281,0.185936838388443,0
190,282,-0.38433000445365906,0
190,283,-0.6291844248771667,0
190,284,0.018895599991083145,0
190,285,-0.5984933972358704,0
190,286,0.7107280492782593,0
190,287,-0.6952865719795227,0
190,288,-0.5691594481468201,0
190,289,0.7285355925559998,0
190,290,0.0375378392636776,0
190,291,0.9209557771682739,0
190,292,0.458103746175766,0
190,293,0.30303505063056946,0
190,294,0.1967979222536087,0
190,295,0.6315832138061523,0
190,296,0.3784644603729248,0
190,297,0.45952409505844116,0
190,298,0.014465703628957272,0
190,299,0.3146832585334778,0
190,300,-0.2875603139400482,0
190,301,-0.22341696918010712,0
190,302,-0.5054622888565063,0
190,303,0.2523617148399353,0
190,304,0.3076050877571106,0
190,305,0.7527069449424744,0
190,306,0.9155380129814148,0
190,307,-0.6277007460594177,0
190,308,0.5071590542793274,0
190,309,0.4734272360801697,0
190,310,0.1617077887058258,0
190,311,-0.38133740425109863,0
190,312,0.14328664541244507,0
190,313,0.19277551770210266,1
190,314,-0.6757571697235107,0
190,315,0.3984594941139221,1
190,316,0.32677382230758667,0
190,317,0.31016162037849426,0
190,318,0.6612949967384338,1
190,319,-0.1470099538564682,0
190,320,0.020734690129756927,0
190,321,0.2226848155260086,0
190,322,0.0686778873205185,0
190,323,0.26964670419692993,0
190,324,-0.09525913745164871,0
190,325,0.38045138120651245,0
190,326,0.42706695199012756,0
190,327,0.1394994705915451,0
190,328,0.20781439542770386,0
190,329,0.24939030408859253,0
190,330,1.2274055480957031,0
190,331,0.20963154733181,0
190,332,-0.09400343894958496,0
190,333,0.22912079095840454,0
190,334,0.49434393644332886,0
190,335,-0.05114436149597168,0
190,336,-0.041468873620033264,0
190,337,0.5249592661857605,0
190,338,0.46822935342788696,0
190,339,0.09994887560606003,0
190,340,0.49576306343078613,0
190,341,0.11838433891534805,0
190,342,0.7948490381240845,0
190,343,0.19155918061733246,0
190,344,0.6114388108253479,0
190,345,0.2605232894420624,0
190,346,0.8213075399398804,0
190,347,0.5963176488876343,0
190,348,0.1636478155851364,0
190,349,-0.44849804043769836,0
190,350,0.7400991320610046,0
190,351,0.32394444942474365,0
190,352,-0.6379134654998779,0
190,353,0.8070749044418335,0
190,354,1.0996919870376587,0
190,355,-0.13165871798992157,0
190,356,-0.19934722781181335,0
190,357,0.2605157494544983,0
190,358,0.7091506719589233,0
190,359,0.5498566031455994,0
190,360,0.31139546632766724,0
190,361,-0.36846035718917847,0
190,362,-0.4488897919654846,0
190,363,-0.1980312317609787,0
190,364,0.24060814082622528,0
190,365,1.127211093902588,0
190,366,-0.08218680322170258,0
190,367,-0.0339677631855011,0
190,368,1.162500023841858,0
190,369,-0.020039977505803108,0
190,370,0.09683701395988464,0
190,371,0.06453613191843033,0
190,372,-0.5818440914154053,0
190,373,0.4482627809047699,0
190,374,-0.39583155512809753,0
190,375,-0.048012442886829376,0
190,376,-1.440820336341858,0
190,377,0.5963497161865234,0
190,378,0.6020358204841614,0
190,379,0.7172922492027283,0
190,380,-0.8919514417648315,0
190,381,0.15679669380187988,0
190,382,0.2019193172454834,0
190,383,0.1696319431066513,0
190,384,0.5107105374336243,0
190,385,0.32118621468544006,0
190,386,0.05344424396753311,0
190,387,-0.08861792087554932,0
190,388,-0.043421391397714615,0
190,389,0.005709719844162464,0
190,390,0.6811003088951111,0
190,391,0.8787139654159546,0
190,392,0.32721126079559326,0
190,393,0.5939542055130005,0
190,394,0.20183593034744263,0
190,395,-0.8847522139549255,0
190,396,0.1800396740436554,0
190,397,-0.3521561622619629,0
190,398,0.037994928658008575,0
190,399,-0.18464264273643494,0
190,400,-0.4687429964542389,0
190,401,0.2915187180042267,0
190,402,-0.8886229395866394,0
190,403,1.0816593170166016,0
190,404,0.2600674331188202,0
190,405,0.8308877348899841,0
190,406,-0.37319883704185486,0
190,407,-0.37280887365341187,0
190,408,0.22519516944885254,0
190,409,0.23804789781570435,0
190,410,0.1025528684258461,0
190,411,0.21332962810993195,0
190,412,-0.23627866804599762,0
190,413,-0.03693310171365738,0
190,414,0.4237562417984009,0
190,415,0.2172202616930008,0
190,416,0.25765150785446167,0
190,417,0.15284767746925354,0
190,418,0.26145920157432556,0
190,419,0.44463205337524414,0
190,420,0.4687977433204651,0
190,421,0.21415464580059052,0
190,422,0.2273886799812317,0
190,423,0.3237594664096832,0
190,424,0.09033463895320892,0
190,425,-0.40092381834983826,0
190,426,0.9511803388595581,0
190,427,0.22184373438358307,0
190,428,0.023398781195282936,0
190,429,0.3649088740348816,0
190,430,-0.08270150423049927,0
190,431,-0.3843328654766083,0
190,432,0.4996967911720276,0
190,433,-0.5421451330184937,0
190,434,-0.6626207232475281,0
190,435,0.6219943165779114,0
190,436,0.34778517484664917,0
190,437,-0.5298737287521362,1
190,438,-0.26612550020217896,1
190,439,0.246714785695076,0
190,440,-0.17634911835193634,0
190,441,0.7840072512626648,0
190,442,0.8061371445655823,0
190,443,0.38744422793388367,0
190,444,0.08458741754293442,0
190,445,-0.2205471247434616,0
190,446,-0.13841143250465393,0
190,447,0.6117702722549438,0
190,448,-0.1682019680738449,0
190,449,-0.26919180154800415,0
190,450,-0.5595628619194031,0
190,451,-0.14298595488071442,0
190,452,0.16463615000247955,0
190,453,-0.46481406688690186,0
190,454,-0.3960201144218445,0
190,455,0.4583401381969452,0
190,456,-0.5246402025222778,0
190,457,0.5756890177726746,0
190,458,-0.12893199920654297,0
190,459,-1.0112727880477905,0
190,460,0.0681384727358818,0
190,461,-0.20431387424468994,0
190,462,-0.24654646217823029,0
190,463,-0.27710962295532227,0
190,464,0.9196081757545471,0
190,465,-0.15000532567501068,0
190,466,0.8535583019256592,0
190,467,-0.20945307612419128,0
190,468,-0.1730184108018875,0
190,469,-0.09898049384355545,0
190,470,0.45273032784461975,0
190,471,0.032919276505708694,0
190,472,-0.47924160957336426,0
190,473,-0.24839769303798676,0
190,474,0.30704307556152344,0
190,475,0.314714252948761,0
190,476,-0.35567507147789,0
190,477,-0.06792478263378143,0
190,478,1.0521621704101562,0
190,479,-0.22397615015506744,0
190,480,-0.1068045049905777,0
190,481,0.7039464116096497,0
190,482,0.08265896141529083,0
190,483,-0.20754094421863556,0
190,484,0.04028921574354172,0
190,485,-0.17604577541351318,0
190,486,-0.1455623358488083,0
190,487,-0.37722617387771606,0
190,488,0.8185568451881409,0
190,489,-0.2666177451610565,0
190,490,-0.9155431389808655,0
190,491,-0.3009576201438904,0
190,492,0.5994662642478943,0
190,493,-0.10277628153562546,0
190,494,0.2117377072572708,0
190,495,0.13260389864444733,0
190,496,-0.4603920876979828,0
190,497,-0.612674355506897,0
190,498,0.3342607319355011,0
190,499,0.45552924275398254,0
190,500,0.34067562222480774,0
190,501,0.26807868480682373,0
190,502,1.243503212928772,0
190,503,0.4030798375606537,0
190,504,0.4587154984474182,0
190,505,-0.5035898685455322,0
190,506,0.35884952545166016,0
190,507,0.7281779050827026,0
190,508,0.015573155134916306,0
190,509,0.32343590259552,0
190,510,-0.3157317042350769,0
190,511,0.033949386328458786,0
190,512,0.6938959360122681,0
190,513,-1.2521353960037231,0
190,514,-0.6186636686325073,0
190,515,0.10804232954978943,0
190,516,0.007025601342320442,0
190,517,-0.5483827590942383,0
190,518,0.10203996300697327,0
190,519,0.9031199216842651,0
190,520,-0.035776060074567795,0
190,521,0.5940808653831482,0
190,522,-0.28116777539253235,0
190,523,-0.16444256901741028,0
190,524,-0.14774657785892487,0
190,525,-0.4584801495075226,0
190,526,-0.22365640103816986,0
190,527,-0.1062248945236206,0
190,528,0.08002114295959473,0
190,529,-0.6353259086608887,0
190,530,-0.2745092511177063,0
190,531,-0.6326035857200623,0
190,532,0.5357690453529358,0
190,533,0.25978243350982666,0
190,534,0.6511456966400146,0
190,535,0.1796635389328003,0
190,536,-0.2777121365070343,0
190,537,0.8518843054771423,0
190,538,0.8015995025634766,0
190,539,0.18978357315063477,0
190,540,-0.4501563310623169,0
190,541,0.17383477091789246,0
190,542,0.622800350189209,0
190,543,0.8152161240577698,0
190,544,-0.5610693097114563,0
190,545,0.7746546864509583,0
190,546,-0.05725979804992676,0
190,547,0.6580253839492798,0
190,548,0.3338249921798706,0
190,549,0.198651522397995,0
190,550,0.40347450971603394,0
190,551,0.09514382481575012,0
190,552,-0.3916657865047455,0
190,553,-0.21872694790363312,0
190,554,-0.3332277536392212,0
190,555,0.14698047935962677,0
190,556,-0.0706823319196701,0
190,557,-0.4521581828594208,0
190,558,0.7742710709571838,0
190,559,0.036841392517089844,0
190,560,0.695096492767334,0
190,561,-0.6280613541603088,0
190,562,-0.026992732658982277,0
190,563,-0.4578567147254944,0
190,564,-0.4057164490222931,0
190,565,-0.4503561854362488,0
190,566,-0.738732099533081,0
190,567,0.19789855182170868,0
190,568,0.2037665843963623,0
190,569,0.4276578724384308,0
190,570,0.5241276025772095,0
190,571,0.24014870822429657,0
190,572,-0.048409052193164825,0
190,573,0.34441617131233215,0
190,574,-0.688804566860199,0
190,575,0.10914726555347443,0
190,576,-0.05849389359354973,0
190,577,-0.09361466020345688,0
190,578,-0.1622639298439026,0
190,579,-0.2923198342323303,0
190,580,-0.051776837557554245,0
190,581,0.6386813521385193,0
190,582,0.2338092178106308,0
190,583,-0.5917615294456482,0
190,584,-0.16738128662109375,0
190,585,0.21674594283103943,0
190,586,0.2593907415866852,0
190,587,0.4105057120323181,0
190,588,-0.915669322013855,0
190,589,0.24565482139587402,0
190,590,-0.6748671531677246,0
190,591,-0.60429447889328,0
190,592,-0.005427133291959763,0
190,593,0.12058713287115097,0
190,594,0.24300679564476013,0
190,595,-0.13086570799350739,0
190,596,0.33013916015625,0
190,597,0.2694655954837799,0
190,598,0.2662343382835388,0
190,599,0.2569911777973175,0
190,600,0.1077490895986557,0
190,601,0.35352396965026855,0
190,602,0.31310373544692993,0
190,603,-0.8015381693840027,0
190,604,0.6756566166877747,0
190,605,1.6010212898254395,0
190,606,-0.18550845980644226,0
190,607,0.0699792131781578,0
190,608,0.23152874410152435,0
190,609,0.11761272698640823,0
190,610,0.7465718388557434,0
190,611,1.0609691143035889,0
190,612,0.28417807817459106,0
190,613,-0.267578661441803,0
190,614,0.3412836194038391,0
190,615,0.5287185311317444,0
190,616,0.38892829418182373,0
190,617,0.2942720055580139,1
190,618,-0.00480231549590826,0
190,619,-0.3274540603160858,0
190,620,-0.1413116157054901,0
190,621,-1.0460761785507202,0
190,622,0.2364896982908249,0
190,623,-0.22013075649738312,0
190,624,0.4583447575569153,0
190,625,-1.0398964881896973,0
190,626,-1.1060420274734497,0
190,627,0.6206417083740234,0
190,628,-0.36548569798469543,0
190,629,-0.19078555703163147,0
190,630,-0.7383252382278442,0
190,631,0.3295328915119171,0
190,632,-0.14975258708000183,0
190,633,0.6608449816703796,0
190,634,0.9491739869117737,0
190,635,-0.2631036639213562,0
190,636,0.21481721103191376,0
190,637,-0.1011137068271637,0
190,638,1.0644365549087524,0
190,639,-0.020770136266946793,0
190,640,-0.15500454604625702,0
190,641,0.4640587866306305,0
190,642,-0.2992248237133026,0
190,643,0.6888551712036133,0
190,644,0.35162967443466187,0
190,645,0.9449462294578552,0
190,646,0.36784642934799194,0
190,647,0.40437576174736023,0
190,648,0.70745849609375,0
190,649,1.2632148265838623,0
190,650,0.6421050429344177,0
190,651,0.1587168276309967,0
190,652,-1.0328551530838013,0
190,653,-0.39681190252304077,0
190,654,1.7706133127212524,0
190,655,0.5976191759109497,0
190,656,0.7494601011276245,0
190,657,0.28671205043792725,0
190,658,0.3328419029712677,0
190,659,-0.1565406322479248,0
190,660,-0.19682201743125916,0
190,661,-0.2761181890964508,0
190,662,0.4663216471672058,0
190,663,-0.6492595076560974,0
190,664,0.5467228293418884,0
190,665,0.6712706089019775,0
190,666,0.6333747506141663,0
190,667,0.7741697430610657,0
190,668,0.9247468113899231,0
190,669,0.1726158708333969,0
190,670,-0.55247563123703,0
190,671,-0.02808416448533535,0
190,672,0.31185421347618103,0
190,673,0.07797043025493622,0
190,674,-0.25472187995910645,0
190,675,-0.5390195250511169,0
190,676,-0.3419828712940216,0
190,677,0.18145784735679626,0
190,678,-0.5764771103858948,0
190,679,0.4748554527759552,0
190,680,-0.9045806527137756,0
190,681,-0.8487648963928223,0
190,682,-0.4287182688713074,0
190,683,-0.9619048237800598,0
190,684,0.6665265560150146,0
190,685,-0.674511194229126,0
190,686,-0.22741007804870605,0
190,687,1.0929468870162964,0
190,688,-0.05927618592977524,0
190,689,-0.24116913974285126,0
190,690,0.4399600327014923,0
190,691,-0.8468965291976929,0
190,692,0.0030795340426266193,0
190,693,1.4730193614959717,0
190,694,-0.6082078814506531,0
190,695,0.5718042254447937,0
190,696,-0.6704518795013428,0
190,697,0.24781575798988342,0
205,0,0.2578120827674866,0
205,1,-0.1208270713686943,0
205,2,-0.45217108726501465,0
205,3,0.21215784549713135,0
205,4,0.4663337469100952,0
205,5,0.10148457437753677,0
205,6,-0.516197144985199,0
205,7,-0.06518722325563431,0
205,8,0.07945998013019562,0
205,9,0.4168934226036072,0
205,10,-0.21362075209617615,0
205,11,0.3072875440120697,0
205,12,0.39194488525390625,0
205,13,-0.28029170632362366,0
205,14,-0.06138031184673309,0
205,15,0.7298988699913025,0
205,16,0.1230425089597702,0
205,17,0.06709525734186172,0
205,18,-0.2662445306777954,0
205,19,0.5390806198120117,0
205,20,0.18830537796020508,0
205,21,-0.615726113319397,0
205,22,-0.16757218539714813,0
205,23,-0.33014217019081116,0
205,24,0.11407916992902756,0
205,25,0.3538682758808136,0
205,26,0.22339579463005066,0
205,27,0.017261656001210213,0
205,28,0.23277732729911804,0
205,29,0.5487587451934814,0
205,30,-0.10874144732952118,0
205,31,-0.22796866297721863,0
205,32,0.06133049353957176,0
205,33,-0.09064345061779022,0
205,34,0.24229134619235992,0
205,35,-0.039492372423410416,0
205,36,0.5890604853630066,0
205,37,0.3294332027435303,0
205,38,0.1271422952413559,0
205,39,0.006060477811843157,0
205,40,0.5511924028396606,0
205,41,-1.0779489278793335,0
205,42,-0.12062715739011765,0
205,43,0.2098657637834549,0
205,44,-0.024238042533397675,0
205,45,0.00437077134847641,0
205,46,-0.34837570786476135,0
205,47,0.12505456805229187,0
205,48,-0.2846546173095703,0
205,49,0.6349586248397827,0
205,50,0.25551003217697144,0
205,51,-0.1682579517364502,0
205,52,-0.5866233706474304,0
205,53,-4.881360291619785e-05,0
205,54,0.04144639894366264,0
205,55,0.220317542552948,0
205,56,-0.06385991722345352,0
205,57,0.013060183264315128,0
205,58,-0.34668296575546265,0
205,59,0.4994678795337677,0
205,60,-0.023410283029079437,0
205,61,-0.1335843950510025,0
205,62,-0.32988542318344116,0
205,63,-0.04515136778354645,0
205,64,0.18878459930419922,0
205,65,0.05904195085167885,0
205,66,0.42933088541030884,0
205,67,-0.026143958792090416,0
205,68,0.06984448432922363,0
205,69,0.0939633846282959,0
205,70,0.7200050950050354,0
205,71,0.19177672266960144,0
205,72,0.33493372797966003,0
205,73,0.2251763939857483,0
205,74,-0.21192532777786255,0
205,75,-0.04631195589900017,0
205,76,-0.18305939435958862,0
205,77,0.0016575900372117758,0
205,78,0.3544847071170807,0
205,79,-0.9302980303764343,0
205,80,-0.0313231460750103,0
205,81,0.11752773821353912,0
205,82,0.05757376551628113,0
205,83,-0.04818273335695267,0
205,84,-0.21769723296165466,0
205,85,0.6164178848266602,0
205,86,0.5640686750411987,0
205,87,-0.40661928057670593,0
205,88,0.3669845759868622,0
205,89,0.9711815118789673,0
205,90,-0.4798522889614105,0
205,91,0.24334532022476196,0
205,92,0.8125656843185425,0
205,93,-1.0339292287826538,0
205,94,0.7227465510368347,0
205,95,-0.2544282078742981,0
205,96,-0.09634251147508621,0
205,97,-0.3785768151283264,0
205,98,-0.48802047967910767,0
205,99,-0.2505030035972595,0
205,100,0.24390250444412231,0
205,101,0.3179035782814026,0
205,102,-0.13703365623950958,0
205,103,-0.5780608057975769,0
205,104,0.3535611033439636,0
205,105,-0.3432027995586395,0
205,106,0.16824278235435486,0
205,107,0.7580503225326538,0
205,108,0.5854906439781189,0
205,109,0.41644906997680664,0
205,110,0.0005709786782972515,0
205,111,-0.11921688914299011,0
205,112,0.16087208688259125,0
205,113,-0.345126748085022,0
205,114,-0.0760698914527893,0
205,115,-0.23751428723335266,0
205,116,0.6210207343101501,0
205,117,0.48160475492477417,0
205,118,-0.3897401690483093,0
205,119,-0.5938595533370972,0
205,120,0.20489878952503204,0
205,121,0.20747026801109314,0
205,122,-0.17302869260311127,0
205,123,0.17459671199321747,0
205,124,0.07317762076854706,0
205,125,0.4438653886318207,0
205,126,0.07673719525337219,0
205,127,0.7259809374809265,0
205,128,0.1606541872024536,0
205,129,-0.06649300456047058,0
205,130,0.7014084458351135,0
205,131,0.15654729306697845,0
205,132,-0.2706139087677002,0
205,133,-0.06451894342899323,0
205,134,-0.20686732232570648,0
205,135,0.354198157787323,0
205,136,0.4805675446987152,0
205,137,-0.059098780155181885,0
205,138,0.4237220287322998,0
205,139,0.026245394721627235,0
205,140,-0.5583371520042419,0
205,141,0.42706623673439026,0
205,142,0.24529606103897095,0
205,143,-0.4302463233470917,0
205,144,0.4217805862426758,0
205,145,0.5658295750617981,0
205,146,-0.45899340510368347,0
205,147,0.27784106135368347,0
205,148,0.7424908876419067,0
205,149,-0.44571784138679504,0
205,150,-0.05915747955441475,0
205,151,-0.3712223172187805,0
205,152,0.22619085013866425,0
205,153,0.31808993220329285,0
205,154,-0.8539204597473145,0
205,155,0.0373813770711422,0
205,156,0.9597606062889099,0
205,157,0.022388121113181114,0
205,158,0.27827364206314087,0
205,159,-0.1172296404838562,0
205,160,-0.31280872225761414,0
205,161,-0.1851826161146164,0
205,162,0.33996322751045227,0
205,163,-0.21906444430351257,0
205,164,-0.2205948829650879,0
205,165,0.26513615250587463,0
205,166,0.23248200118541718,0
205,167,-0.3548281490802765,0
205,168,-0.37292391061782837,0
205,169,0.23442517220973969,0
205,170,-0.5564380288124084,0
205,171,0.02102738805115223,0
205,172,-0.6802210211753845,0
205,173,0.13624443113803864,0
205,174,0.6627510190010071,0
205,175,0.7973098158836365,0
205,176,0.44954073429107666,0
205,177,0.31302714347839355,0
205,178,-0.08745642006397247,0
205,179,0.45375820994377136,0
205,180,0.26421961188316345,0
205,181,0.32221153378486633,0
205,182,-1.0713989734649658,0
205,183,0.32411906123161316,0
205,184,-0.4044654369354248,0
205,185,-0.4328712821006775,0
205,186,-0.03468881919980049,0
205,187,-0.9041563868522644,0
205,188,0.2064494490623474,0
205,189,0.555070698261261,0
205,190,-0.22509124875068665,0
205,191,-0.40141695737838745,0
205,192,0.9111303687095642,0
205,193,0.46175387501716614,0
205,194,0.3094647228717804,0
205,195,0.24825230240821838,0
205,196,0.3956429362297058,0
205,197,-0.5817340016365051,0
205,198,-0.47761017084121704,0
205,199,0.30440226197242737,0
205,200,-0.14132776856422424,0
205,201,-0.38646402955055237,0
205,202,-0.7643551230430603,0
205,203,0.965510368347168,0
205,204,0.28859129548072815,0
205,205,-0.2742033898830414,0
205,206,0.15008589625358582,0
205,207,0.3223515450954437,0
205,208,0.06849949806928635,0
205,209,0.19161342084407806,0
205,210,0.24903039634227753,0
205,211,0.14267724752426147,0
205,212,0.543359637260437,0
205,213,0.3012867271900177,0
205,214,-0.0067155323922634125,0
205,215,-0.02337142638862133,0
205,216,0.736931324005127,0
205,217,0.605618953704834,0
205,218,-0.7114557027816772,0
205,219,-0.10047872364521027,0
205,220,-0.1309078186750412,0
205,221,0.35587331652641296,0
205,222,-0.03984058275818825,0
205,223,0.37702587246894836,0
205,224,-0.11903537809848785,0
205,225,-0.23505046963691711,0
205,226,0.02207360789179802,0
205,227,-0.2512212097644806,0
205,228,-0.09168843179941177,0
205,229,-0.17241285741329193,0
205,230,0.3440285921096802,0
205,231,-0.3434273600578308,0
205,232,0.03300058841705322,0
205,233,-0.10953865945339203,0
205,234,-0.2846410274505615,0
205,235,-0.47426706552505493,0
205,236,0.0035881076473742723,0
205,237,0.03906671330332756,0
205,238,-0.4532371759414673,0
205,239,-0.2476099580526352,0
205,240,-0.10863564908504486,0
205,241,-0.11406587064266205,0
205,242,0.16823922097682953,0
205,243,0.3155650198459625,0
205,244,-0.1973438262939453,0
205,245,-0.07075491547584534,0
205,246,0.21912755072116852,0
205,247,0.25388237833976746,0
205,248,0.26058369874954224,0
205,249,0.4503401815891266,0
205,250,-0.2277670055627823,0
205,251,0.10453463345766068,0
205,252,-0.6825999617576599,0
205,253,0.255646288394928,0
205,254,0.7942811846733093,0
205,255,-0.8457563519477844,0
205,256,0.31465062499046326,0
205,257,0.15515512228012085,0
205,258,0.010130230337381363,0
205,259,1.1034117937088013,0
205,260,-0.07666975259780884,0
205,261,0.19218537211418152,0
205,262,0.1089901328086853,0
205,263,0.16859321296215057,0
205,264,0.6832520365715027,0
205,265,-0.03434309363365173,0
205,266,0.24417541921138763,0
205,267,0.3748749792575836,0
205,268,1.0317896604537964,0
205,269,0.07360673695802689,0
205,270,1.8491920232772827,0
205,271,-0.7157628536224365,0
205,272,0.10335005074739456,0
205,273,-0.18983183801174164,0
205,274,-0.4167524576187134,0
205,275,0.3111375868320465,0
205,276,-0.3195330500602722,0
205,277,0.39771419763565063,0
205,278,-0.5044403076171875,0
205,279,0.2875446081161499,0
205,280,0.45871612429618835,0
205,281,0.6654430031776428,0
205,282,-0.1365453451871872,0
205,283,0.06503834575414658,0
205,284,-0.2598835527896881,0
205,285,-0.4299899637699127,0
205,286,0.3141220808029175,0
205,287,0.08082995563745499,0
205,288,-0.047751106321811676,0
205,289,0.6250513792037964,0
205,290,-0.31076717376708984,0
205,291,0.48317527770996094,0
205,292,-0.538407027721405,0
205,293,0.330665647983551,0
205,294,0.6176878213882446,0
205,295,0.32678407430648804,0
205,296,-0.0893968716263771,0
205,297,0.35890573263168335,0
205,298,-0.24006542563438416,0
205,299,0.024200990796089172,0
205,300,0.4334751069545746,0
205,301,0.3698428273200989,0
205,302,0.22188414633274078,0
205,303,0.5544479489326477,0
205,304,0.029630396515130997,0
205,305,0.0409306064248085,0
205,306,0.2363031953573227,0
205,307,-0.3570787310600281,0
205,308,0.4304959177970886,0
205,309,-0.33752018213272095,0
205,310,0.1497987061738968,0
205,311,-0.5412894487380981,0
205,312,-0.07246709614992142,0
205,313,0.13802754878997803,0
205,314,0.42819616198539734,0
205,315,-0.02812829613685608,0
205,316,0.4917187988758087,1
205,317,0.4363180696964264,0
205,318,-0.1535974144935608,0
205,319,0.41209179162979126,0
205,320,0.036411359906196594,0
205,321,-0.03640000894665718,0
205,322,0.22247867286205292,0
205,323,0.39389482140541077,0
205,324,-0.29272976517677307,0
205,325,-0.2714667022228241,0
205,326,0.3080935776233673,0
205,327,-0.17234648764133453,0
205,328,0.30566006898880005,0
205,329,-0.3753077983856201,0
205,330,0.6669870615005493,1
205,331,-0.0004254268715158105,0
205,332,-0.19071750342845917,1
205,333,0.6662327647209167,0
205,334,-0.03263917192816734,0
205,335,-0.08602290600538254,0
205,336,0.037912048399448395,0
205,337,-0.06737247109413147,0
205,338,0.34174254536628723,0
205,339,0.5484892725944519,0
205,340,0.38026976585388184,0
205,341,0.32487747073173523,0
205,342,0.5843136310577393,0
205,343,-0.32256144285202026,0
205,344,0.6520318984985352,0
205,345,-0.36774349212646484,0
205,346,0.2010512799024582,0
205,347,0.14187470078468323,0
205,348,0.2181742936372757,0
205,349,-0.44514143466949463,0
205,350,0.6257028579711914,0
205,351,-0.18844687938690186,0
205,352,0.1881849467754364,0
205,353,0.3535490930080414,0
205,354,0.564525306224823,0
205,355,-0.006662234663963318,0
205,356,0.2933480441570282,0
205,357,0.07028782367706299,0
205,358,0.8067193627357483,0
205,359,-0.5297959446907043,0
205,360,0.2206219583749771,0
205,361,0.03258102387189865,0
205,362,-0.585989236831665,0
205,363,-0.1433730572462082,0
205,364,-0.17900878190994263,0
205,365,0.5967344641685486,0
205,366,0.32210105657577515,0
205,367,0.050892215222120285,0
205,368,0.5966575145721436,0
205,369,-0.09994342923164368,0
205,370,0.14412446320056915,0
205,371,-0.37708380818367004,0
205,372,-0.1607050597667694,0
205,373,0.4652503430843353,0
205,374,-0.21962042152881622,0
205,375,-0.18270334601402283,0
205,376,-0.6042500734329224,0
205,377,0.3154740333557129,0
205,378,0.2865511178970337,0
205,379,0.05064181238412857,0
205,380,-0.4285981059074402,0
205,381,0.5445297956466675,0
205,382,-0.19435223937034607,0
205,383,-0.3186004161834717,0
205,384,-0.5231372714042664,0
205,385,0.6120761632919312,0
205,386,0.043955087661743164,0
205,387,0.4454161822795868,0
205,388,0.24966323375701904,0
205,389,0.21268661320209503,0
205,390,-0.03242583945393562,0
205,391,0.8403999209403992,0
205,392,0.031674567610025406,0
205,393,0.7619372606277466,0
205,394,0.5835345983505249,0
205,395,-0.0217317882925272,0
205,396,0.7316823601722717,0
205,397,0.10929480940103531,0
205,398,0.47579947113990784,0
205,399,0.09872689843177795,0
205,400,0.24611830711364746,0
205,401,0.4929499626159668,0
205,402,0.8039378523826599,0
205,403,0.3038884401321411,0
205,404,-0.47733381390571594,0
205,405,0.7613562345504761,0
205,406,-0.08844856917858124,0
205,407,-0.12130551785230637,0
205,408,0.5105332136154175,0
205,409,0.33491387963294983,0
205,410,0.3817959129810333,0
205,411,0.03159978985786438,0
205,412,-0.31462690234184265,0
205,413,-0.46101701259613037,0
205,414,-0.11358285695314407,0
205,415,0.3023368716239929,0
205,416,-0.07650996744632721,0
205,417,0.03710022196173668,0
205,418,0.515720784664154,0
205,419,0.260817289352417,0
205,420,0.02028479613363743,0
205,421,0.08552121371030807,0
205,422,0.2896992862224579,0
205,423,-0.3899237811565399,0
205,424,-0.03281252086162567,0
205,425,-0.10322076082229614,0
205,426,0.3129137456417084,0
205,427,0.09904102981090546,0
205,428,0.20190778374671936,0
205,429,0.4837624132633209,0
205,430,0.16093747317790985,0
205,431,0.10141363739967346,0
205,432,0.40413200855255127,0
205,433,-0.07417777180671692,0
205,434,-0.22495342791080475,0
205,435,0.05080491304397583,0
205,436,-0.15677708387374878,0
205,437,0.1963755041360855,0
205,438,-0.0001046668621711433,0
205,439,0.16968929767608643,0
205,440,-0.45870646834373474,0
205,441,0.046924713999032974,0
205,442,-0.20931623876094818,0
205,443,0.5067763924598694,0
205,444,0.1062985435128212,0
205,445,0.1009850949048996,0
205,446,-0.18902957439422607,0
205,447,0.8514290452003479,0
205,448,-0.42524051666259766,0
205,449,0.28843066096305847,0
205,450,-0.5165426731109619,0
205,451,0.3889102637767792,0
205,452,0.08712813258171082,0
205,453,0.4084036946296692,0
205,454,0.27383866906166077,0
205,455,-0.2617165744304657,0
205,456,0.07262567430734634,0
205,457,0.37276822328567505,0
205,458,0.16660669445991516,0
205,459,-0.1625429093837738,0
205,460,-0.5148030519485474,0
205,461,-0.15602681040763855,0
205,462,-0.20201171934604645,0
205,463,0.2898605167865753,0
205,464,0.5672925710678101,0
205,465,-0.14442211389541626,0
205,466,0.18231861293315887,0
205,467,-0.3232123851776123,0
205,468,0.4906436502933502,0
205,469,-0.08833105862140656,0
205,470,0.10543393343687057,0
205,471,-0.27949297428131104,0
205,472,0.02780590020120144,0
205,473,-0.24483318626880646,0
205,474,0.0638599544763565,0
205,475,-0.34156206250190735,0
205,476,-0.06417109817266464,0
205,477,-0.035678427666425705,0
205,478,0.5236838459968567,0
205,479,-0.023945458233356476,0
205,480,0.8545274138450623,0
205,481,0.26202547550201416,0
205,482,0.18273742496967316,0
205,483,-0.5224226713180542,0
205,484,0.1636582612991333,0
205,485,0.036755774170160294,0
205,486,0.41211482882499695,0
205,487,0.0453309640288353,0
205,488,0.4116496741771698,0
205,489,0.2870112359523773,0
205,490,-0.4896334111690521,0
205,491,0.18719221651554108,0
205,492,0.6376534104347229,0
205,493,-0.4342777729034424,0
205,494,0.2071724832057953,0
205,495,0.5236456394195557,0
205,496,0.0029636516701430082,0
205,497,0.4334450364112854,0
205,498,0.08533702045679092,0
205,499,0.09871228784322739,0
205,500,-0.121552973985672,0
205,501,0.4235655963420868,0
205,502,0.5862441062927246,0
205,503,0.38313257694244385,0
205,504,0.20288264751434326,0
205,505,-0.12433429807424545,0
205,506,0.9870672821998596,0
205,507,0.9692111611366272,0
205,508,0.2663784325122833,0
205,509,0.0960516408085823,0
205,510,0.4846729636192322,0
205,511,0.18049505352973938,0
205,512,0.6156920194625854,0
205,513,-0.6142534017562866,0
205,514,-0.04098225384950638,0
205,515,-0.3601253926753998,0
205,516,-0.027794767171144485,0
205,517,0.12257372587919235,0
205,518,0.16449815034866333,0
205,519,0.1950368732213974,0
205,520,-0.33601948618888855,0
205,521,0.23823153972625732,0
205,522,-0.7012184858322144,0
205,523,-0.14241430163383484,0
205,524,-0.3526366949081421,0
205,525,-0.10103612393140793,0
205,526,-0.2477162629365921,0
205,527,-0.4490925669670105,0
205,528,0.5737598538398743,0
205,529,-0.004505428019911051,0
205,530,-0.3979211151599884,0
205,531,-0.34078529477119446,0
205,532,0.2221251279115677,0
205,533,-0.15082301199436188,0
205,534,-0.10093022882938385,0
205,535,0.24356280267238617,0
205,536,0.28390029072761536,0
205,537,0.38850873708724976,0
205,538,0.10583401471376419,0
205,539,0.37308159470558167,0
205,540,-0.40053486824035645,0
205,541,0.20163539052009583,0
205,542,0.22256629168987274,0
205,543,0.027236195281147957,0
205,544,0.07827042788267136,0
205,545,0.48461660742759705,0
205,546,0.5211412906646729,0
205,547,0.20834195613861084,0
205,548,-0.0097107645124197,0
205,549,0.038648881018161774,0
205,550,0.24748806655406952,0
205,551,0.06122530996799469,0
205,552,-0.3639650046825409,0
205,553,0.516424834728241,0
205,554,-0.3652796447277069,0
205,555,-0.0955471396446228,0
205,556,0.331473171710968,0
205,557,0.17259089648723602,0
205,558,0.418432354927063,0
205,559,0.23781894147396088,0
205,560,0.20610599219799042,0
205,561,-0.14738750457763672,0
205,562,0.19818732142448425,0
205,563,0.02664916403591633,0
205,564,0.3747134506702423,0
205,565,-0.1852443814277649,0
205,566,-0.11230739206075668,0
205,567,0.17395003139972687,0
205,568,0.48211824893951416,0
205,569,0.24480824172496796,0
205,570,0.0317985899746418,0
205,571,-0.23187345266342163,0
205,572,0.007162163034081459,1
205,573,-0.13433769345283508,0
205,574,-0.17096081376075745,0
205,575,0.033758461475372314,0
205,576,-0.10103688389062881,0
205,577,-0.055227261036634445,0
205,578,0.18342053890228271,0
205,579,-0.22633865475654602,0
205,580,0.4382920563220978,0
205,581,0.1583029329776764,0
205,582,0.16871435940265656,0
205,583,-0.2991550862789154,0
205,584,0.3736315369606018,0
205,585,-0.00978399720042944,0
205,586,-0.17797380685806274,0
205,587,0.7984371781349182,1
205,588,-0.5084020495414734,0
205,589,0.2686305642127991,0
205,590,-0.10432548820972443,0
205,591,-0.10346047580242157,0
205,592,-0.3899677097797394,0
205,593,0.030903486534953117,1
205,594,0.455833375453949,0
205,595,0.3756369948387146,0
205,596,-0.1548713743686676,0
205,597,0.13095201551914215,0
205,598,0.4361509382724762,0
205,599,0.46632567048072815,0
205,600,-0.058689963072538376,0
205,601,0.30932796001434326,0
205,602,0.04586281254887581,0
205,603,0.10334097594022751,0
205,604,0.5308584570884705,0
205,605,0.695851743221283,0
205,606,0.12801378965377808,0
205,607,0.20384061336517334,0
205,608,0.3126499652862549,0
205,609,0.4134334325790405,0
205,610,0.32153773307800293,0
205,611,0.3216760456562042,0
205,612,0.3165079951286316,0
205,613,0.3217209279537201,0
205,614,0.5033935308456421,0
205,615,0.4410703480243683,0
205,616,0.46913525462150574,0
205,617,0.2645244896411896,0
205,618,-0.06318209320306778,0
205,619,0.04304138571023941,0
205,620,0.46631118655204773,0
205,621,-0.5670818090438843,0
205,622,0.33471032977104187,0
205,623,0.07318448275327682,0
205,624,-0.16351518034934998,0
205,625,-0.5477148294448853,0
205,626,0.27822279930114746,0
205,627,0.3207930624485016,0
205,628,-0.4643888473510742,0
205,629,-0.01349871139973402,0
205,630,-0.06751246750354767,0
205,631,0.1082475483417511,0
205,632,0.30782604217529297,0
205,633,0.5528308749198914,0
205,634,0.5843906402587891,0
205,635,0.3758784532546997,0
205,636,0.6872419714927673,0
205,637,0.7087233066558838,0
205,638,0.7000471949577332,0
205,639,0.4046271741390228,0
205,640,0.42467424273490906,0
205,641,-0.3797813951969147,0
205,642,0.23508746922016144,0
205,643,0.6024317741394043,0
205,644,0.36346274614334106,0
205,645,0.161929652094841,0
205,646,0.22314777970314026,0
205,647,0.5968009829521179,0
205,648,0.12544786930084229,0
205,649,0.9859099388122559,0
205,650,0.39097756147384644,0
205,651,0.16836588084697723,0
205,652,0.2239770144224167,0
205,653,-0.2572695314884186,0
205,654,0.7766121029853821,0
205,655,0.9384169578552246,0
205,656,1.0644711256027222,0
205,657,0.42699411511421204,0
205,658,0.7760337591171265,0
205,659,0.6451337337493896,0
205,660,0.17223966121673584,0
205,661,0.5414409041404724,0
205,662,0.1350880116224289,0
205,663,-0.08160346746444702,0
205,664,0.30996760725975037,0
205,665,0.10932218283414841,0
205,666,0.35590577125549316,0
205,667,0.5144232511520386,0
205,668,0.00425171060487628,0
205,669,0.07450061291456223,0
205,670,0.02880360744893551,0
205,671,0.4695545732975006,0
205,672,0.3570821285247803,0
205,673,-0.030967680737376213,0
205,674,0.14703695476055145,0
205,675,0.08324281871318817,0
205,676,0.3528236448764801,0
205,677,0.44768014550209045,0
205,678,0.015793662518262863,0
205,679,-0.24096794426441193,0
205,680,-0.1172667145729065,0
205,681,-0.6315745115280151,0
205,682,0.5382944941520691,0
205,683,0.1849488914012909,0
205,684,0.4570482075214386,0
205,685,0.059341855347156525,0
205,686,-0.04610568284988403,0
205,687,0.6080422401428223,0
205,688,0.10380247980356216,0
205,689,0.3809554874897003,0
205,690,0.413055419921875,0
205,691,0.20513837039470673,0
205,692,0.24152743816375732,0
205,693,0.5560281276702881,0
205,694,-0.01752295531332493,0
205,695,0.7988061308860779,0
205,696,-0.17806768417358398,0
205,697,0.02333967387676239,0
218,0,-0.26125389337539673,0
218,1,-0.07244125008583069,0
218,2,0.2338620126247406,0
218,3,0.9717317819595337,0
218,4,0.2641819715499878,0
218,5,-0.40620577335357666,0
218,6,0.24648165702819824,0
218,7,0.05160269886255264,0
218,8,0.06155744940042496,0
218,9,0.02579239383339882,0
218,10,0.09904696047306061,0
218,11,0.13151581585407257,0
218,12,0.8822801113128662,0
218,13,-0.029893908649683,0
218,14,-0.051897332072257996,0
218,15,-0.09434810280799866,0
218,16,0.39128607511520386,0
218,17,0.1874486356973648,0
218,18,0.3179004490375519,0
218,19,0.5935165882110596,0
218,20,0.11403804272413254,0
218,21,-0.05246783792972565,0
218,22,0.28477755188941956,0
218,23,-0.09285471588373184,0
218,24,0.322588711977005,0
218,25,0.41198715567588806,0
218,26,0.0303195808082819,0
218,27,0.5409393906593323,0
218,28,0.16867847740650177,0
218,29,0.5460084080696106,0
218,30,0.11689282953739166,0
218,31,0.29363498091697693,0
218,32,-0.29092997312545776,0
218,33,-0.07335879653692245,0
218,34,0.5754222273826599,0
218,35,0.10019750148057938,0
218,36,-0.07071328163146973,0
218,37,0.23693811893463135,0
218,38,-0.19032491743564606,0
218,39,0.6303335428237915,0
218,40,0.29147693514823914,0
218,41,-0.4175872206687927,0
218,42,0.3156920373439789,0
218,43,0.12286685407161713,0
218,44,0.05660666525363922,0
218,45,0.8103800415992737,0
218,46,0.3140154182910919,0
218,47,0.49827757477760315,0
218,48,-0.7660969495773315,0
218,49,0.4294016659259796,0
218,50,-0.41076189279556274,0
218,51,0.15325887501239777,0
218,52,-0.18485473096370697,0
218,53,0.2520020604133606,0
218,54,-0.21956691145896912,0
218,55,-0.0716816633939743,0
218,56,-0.28136029839515686,0
218,57,-0.021015308797359467,0
218,58,0.007193484343588352,0
218,59,0.4057343602180481,0
218,60,-0.09998509287834167,0
218,61,0.537661612033844,0
218,62,0.4718438386917114,0
218,63,-0.1707734912633896,0
218,64,-0.004164408426731825,0
218,65,0.10924476385116577,0
218,66,0.07058613747358322,0
218,67,-0.10520163178443909,0
218,68,0.24844466149806976,0
218,69,-0.06724200397729874,0
218,70,0.5491135716438293,0
218,71,0.37739723920822144,0
218,72,0.07168123871088028,0
218,73,-0.2535781264305115,0
218,74,-0.25393423438072205,0
218,75,0.09824815392494202,0
218,76,0.5709877014160156,0
218,77,-0.1301710307598114,0
218,78,0.06988313794136047,0
218,79,-0.7300964593887329,0
218,80,0.5878103971481323,0
218,81,0.05767594277858734,0
218,82,-0.31798049807548523,0
218,83,-0.274903804063797,0
218,84,0.33014485239982605,0
218,85,0.14625638723373413,0
218,86,0.09632305055856705,0
218,87,-0.5659565925598145,0
218,88,0.4449544847011566,0
218,89,0.697833240032196,0
218,90,0.3757856488227844,0
218,91,0.3190137445926666,0
218,92,0.43533259630203247,0
218,93,-0.08935908228158951,0
218,94,-0.03748054429888725,0
218,95,-0.3923129737377167,0
218,96,0.0032637519761919975,0
218,97,0.2449929565191269,0
218,98,-0.4749126434326172,0
218,99,0.20605714619159698,0
218,100,0.00971339549869299,0
218,101,0.07333985716104507,0
218,102,-0.04636027291417122,0
218,103,0.027182072401046753,0
218,104,0.2644466757774353,0
218,105,-0.9809919595718384,0
218,106,0.42644429206848145,0
218,107,0.5233615636825562,0
218,108,-0.025199735537171364,0
218,109,0.0837644562125206,0
218,110,0.22587807476520538,0
218,111,-0.09920775145292282,0
218,112,-0.009827465750277042,0
218,113,0.18045784533023834,0
218,114,0.31907835602760315,0
218,115,-0.1563386619091034,0
218,116,0.4619807004928589,0
218,117,-0.12793725728988647,0
218,118,-0.09170880913734436,0
218,119,-0.24457813799381256,0
218,120,0.17650583386421204,0
218,121,-0.005291520617902279,0
218,122,0.07287121564149857,0
218,123,0.3807952105998993,0
218,124,-0.5799027681350708,0
218,125,0.23321811854839325,0
218,126,0.3360191583633423,0
218,127,0.8251805305480957,0
218,128,0.29209667444229126,0
218,129,0.1259145885705948,0
218,130,0.42144882678985596,0
218,131,0.3762851059436798,0
218,132,-0.09830585867166519,0
218,133,0.13505059480667114,0
218,134,-0.21310801804065704,0
218,135,-0.33067649602890015,0
218,136,-0.18257181346416473,0
218,137,0.0001146303620771505,0
218,138,0.24363332986831665,0
218,139,-0.07873287051916122,0
218,140,-0.4644210934638977,0
218,141,0.8359488248825073,0
218,142,-0.1283404678106308,0
218,143,-0.18637527525424957,0
218,144,0.15175051987171173,0
218,145,0.3567620813846588,0
218,146,-0.5487182140350342,0
218,147,-0.5871413946151733,0
218,148,0.1760488599538803,0
218,149,-0.1805853545665741,0
218,150,0.023730885237455368,0
218,151,0.39414486289024353,0
218,152,0.4071526527404785,0
218,153,0.06727918982505798,0
218,154,-0.2751556634902954,0
218,155,-0.031091779470443726,0
218,156,0.5600401163101196,0
218,157,-0.11846591532230377,0
218,158,0.06774695962667465,0
218,159,-0.008489684201776981,0
218,160,-0.08769582211971283,0
218,161,-0.1510133445262909,0
218,162,0.4638897776603699,0
218,163,-0.2733665406703949,0
218,164,-0.02136942371726036,0
218,165,-0.016112640500068665,0
218,166,0.3806714415550232,0
218,167,0.17588019371032715,0
218,168,-0.052994947880506516,0
218,169,-0.2776764929294586,0
218,170,0.0813988745212555,0
218,171,0.6520444750785828,0
218,172,-0.00937153771519661,0
218,173,0.20174628496170044,0
218,174,0.8080099821090698,0
218,175,0.5060982704162598,0
218,176,0.153814435005188,0
218,177,0.2857537865638733,0
218,178,-0.22257265448570251,0
218,179,0.5500560998916626,0
218,180,0.5490809679031372,0
218,181,0.3262040317058563,0
218,182,-0.26656681299209595,0
218,183,-0.03251280635595322,0
218,184,0.05404290556907654,0
218,185,0.1345110386610031,0
218,186,-0.5230106711387634,0
218,187,-0.10006467998027802,0
218,188,-0.5602450966835022,0
218,189,0.39023202657699585,0
218,190,-0.2621617317199707,0
218,191,-0.3965435028076172,0
218,192,0.9520981907844543,0
218,193,0.3923320174217224,0
218,194,-0.10823410004377365,0
218,195,0.11285822838544846,0
218,196,-0.20822037756443024,0
218,197,0.3138605058193207,0
218,198,-0.3608676791191101,0
218,199,0.1975313425064087,0
218,200,-0.3944798707962036,0
218,201,0.33812636137008667,0
218,202,0.2546454668045044,0
218,203,0.4855192005634308,0
218,204,0.16940933465957642,0
218,205,-0.022442743182182312,0
218,206,0.028972873464226723,0
218,207,0.49088025093078613,0
218,208,0.12791554629802704,0
218,209,0.06214821711182594,0
218,210,-0.01871822215616703,0
218,211,0.6145352721214294,0
218,212,0.38085997104644775,0
218,213,0.16902875900268555,0
218,214,-0.21111099421977997,0
218,215,0.15486839413642883,0
218,216,0.682608962059021,0
218,217,0.5958397388458252,0
218,218,-0.6257880926132202,0
218,219,-0.24175061285495758,0
218,220,0.9364188313484192,0
218,221,-0.18700578808784485,0
218,222,0.41746944189071655,0
218,223,0.6340365409851074,0
218,224,-0.0716719776391983,0
218,225,-0.3390611708164215,0
218,226,-0.12265410274267197,0
218,227,0.27037835121154785,0
218,228,-0.7342756986618042,0
218,229,0.18827857077121735,0
218,230,0.2679700553417206,0
218,231,-0.6475933194160461,0
218,232,0.16435053944587708,0
218,233,0.4319230318069458,0
218,234,-0.10582751035690308,0
218,235,-0.11434389650821686,0
218,236,0.06372888386249542,0
218,237,0.5147644877433777,0
218,238,-0.2862044870853424,0
218,239,0.49796196818351746,0
218,240,-0.23574374616146088,0
218,241,-0.03440409153699875,0
218,242,0.08717841655015945,0
218,243,0.1647549569606781,0
218,244,0.10305164754390717,0
218,245,-0.08923888951539993,0
218,246,0.33852168917655945,0
218,247,0.5798920392990112,0
218,248,0.3004698157310486,0
218,249,-0.40100884437561035,0
218,250,0.2998148798942566,0
218,251,-0.07648831605911255,0
218,252,-0.16863882541656494,0
218,253,0.18605129420757294,0
218,254,0.99631267786026,0
218,255,-0.6796828508377075,0
218,256,-0.2843179702758789,0
218,257,0.18769687414169312,0
218,258,0.2683853507041931,0
218,259,2.4490628242492676,0
218,260,-0.7368701100349426,0
218,261,0.812877357006073,0
218,262,0.22469766438007355,0
218,263,0.31290575861930847,0
218,264,0.7805747985839844,0
218,265,0.2849569022655487,0
218,266,-0.013240273110568523,0
218,267,-0.4424901306629181,0
218,268,0.6052964329719543,0
218,269,-0.4962337911128998,0
218,270,0.8813353776931763,0
218,271,-0.21594269573688507,0
218,272,0.48607903718948364,0
218,273,-0.45834600925445557,0
218,274,-0.31767112016677856,0
218,275,0.51526939868927,0
218,276,-0.007102134637534618,0
218,277,0.8647385239601135,0
218,278,-0.14538295567035675,0
218,279,0.31863242387771606,0
218,280,0.038652386516332626,0
218,281,0.5123212337493896,0
218,282,-0.24803926050662994,0
218,283,0.2014283537864685,0
218,284,0.06721359491348267,0
218,285,0.16727744042873383,0
218,286,-0.5593209862709045,0
218,287,0.5548946261405945,0
218,288,-0.27277952432632446,0
218,289,0.4024827182292938,0
218,290,-0.18092334270477295,0
218,291,0.05944881960749626,0
218,292,-0.5488268733024597,0
218,293,0.76442950963974,0
218,294,-0.13615906238555908,0
218,295,0.004556250758469105,0
218,296,0.22314885258674622,0
218,297,0.5687574744224548,0
218,298,-0.1663365364074707,0
218,299,-0.015231759287416935,0
218,300,0.3784824311733246,0
218,301,0.37906062602996826,0
218,302,0.48301711678504944,0
218,303,0.11827371269464493,0
218,304,0.10864711552858353,0
218,305,0.20548254251480103,0
218,306,-0.15600062906742096,0
218,307,0.09740138053894043,0
218,308,0.874305248260498,0
218,309,0.05218818038702011,0
218,310,0.23662157356739044,0
218,311,-0.36114805936813354,0
218,312,-0.3503137528896332,0
218,313,-0.07134710252285004,0
218,314,0.10348714888095856,0
218,315,0.2382146567106247,0
218,316,0.6723725199699402,1
218,317,0.34690818190574646,0
218,318,-0.37396568059921265,0
218,319,1.0428160429000854,0
218,320,0.6359922885894775,0
218,321,0.32661449909210205,0
218,322,0.3821788430213928,0
218,323,-0.2643586993217468,0
218,324,0.3103536367416382,0
218,325,0.21326188743114471,0
218,326,0.07173782587051392,0
218,327,-0.26717299222946167,0
218,328,-0.17579293251037598,0
218,329,-0.028329789638519287,0
218,330,0.44436365365982056,1
218,331,-0.39395758509635925,0
218,332,0.10407482832670212,1
218,333,0.23782885074615479,0
218,334,-0.031719084829092026,0
218,335,-0.13711145520210266,0
218,336,0.13007721304893494,0
218,337,0.06536877155303955,0
218,338,0.6978582143783569,0
218,339,-0.08265222609043121,0
218,340,0.313090443611145,0
218,341,0.06326699256896973,0
218,342,1.0271109342575073,0
218,343,-0.059702206403017044,0
218,344,0.37491893768310547,0
218,345,-0.16376705467700958,0
218,346,0.16184768080711365,0
218,347,0.020953215658664703,0
218,348,0.6038202047348022,0
218,349,0.17306482791900635,0
218,350,-0.004924539010971785,0
218,351,0.08934156596660614,0
218,352,0.08213154226541519,0
218,353,-0.5368120670318604,0
218,354,0.07878715544939041,0
218,355,-0.21657881140708923,0
218,356,-0.0069106691516935825,0
218,357,1.0987975597381592,0
218,358,0.5510169863700867,0
218,359,0.5361642837524414,0
218,360,0.2824823558330536,0
218,361,0.0799664780497551,0
218,362,0.46154797077178955,0
218,363,-0.26706093549728394,0
218,364,0.21029525995254517,0
218,365,0.1516394466161728,0
218,366,0.093164823949337,0
218,367,1.0080296993255615,0
218,368,0.23995424807071686,0
218,369,0.028896033763885498,0
218,370,0.36561211943626404,0
218,371,-0.11161371320486069,0
218,372,-0.183758944272995,0
218,373,0.16915738582611084,0
218,374,0.3299451768398285,0
218,375,0.008839232847094536,0
218,376,-0.15012331306934357,0
218,377,0.1955900639295578,0
218,378,0.04055699333548546,0
218,379,-0.054002854973077774,0
218,380,-0.5154830813407898,0
218,381,0.004358197562396526,0
218,382,-0.3641127645969391,0
218,383,0.38171446323394775,0
218,384,0.018459873273968697,0
218,385,0.2089833766222,0
218,386,0.2917460799217224,0
218,387,-0.03963438421487808,0
218,388,0.02827167510986328,0
218,389,0.21179060637950897,0
218,390,-0.05614205822348595,0
218,391,0.6206204295158386,0
218,392,-0.2600712180137634,0
218,393,1.0121618509292603,0
218,394,0.12133541703224182,0
218,395,0.40045779943466187,0
218,396,0.5528865456581116,0
218,397,-0.002532907295972109,0
218,398,0.7855250239372253,0
218,399,0.6747342348098755,0
218,400,-0.4116242825984955,0
218,401,0.021802673116326332,0
218,402,0.24550536274909973,0
218,403,-0.3144710659980774,0
218,404,-0.2841123938560486,0
218,405,-0.13687609136104584,0
218,406,0.18328779935836792,0
218,407,-0.2754640281200409,0
218,408,0.11659363657236099,0
218,409,0.44698548316955566,0
218,410,-0.7680566906929016,0
218,411,0.17613381147384644,0
218,412,0.22260677814483643,0
218,413,-0.23344749212265015,0
218,414,-0.1325705498456955,0
218,415,-0.11608699709177017,0
218,416,0.057728227227926254,0
218,417,0.5247616767883301,0
218,418,0.19157487154006958,0
218,419,0.39062994718551636,0
218,420,-0.2633574903011322,0
218,421,-0.2171044647693634,0
218,422,0.9946645498275757,0
218,423,-0.07806534320116043,0
218,424,0.32813748717308044,0
218,425,0.21021074056625366,0
218,426,-0.2777240574359894,0
218,427,0.31024160981178284,0
218,428,-0.08020713925361633,0
218,429,-0.06311307102441788,0
218,430,0.4364597499370575,0
218,431,0.2606295049190521,0
218,432,-0.7828288674354553,0
218,433,0.45953211188316345,0
218,434,-0.45993557572364807,0
218,435,-0.19078725576400757,0
218,436,-0.10829921066761017,0
218,437,-0.5467686057090759,0
218,438,0.30684924125671387,0
218,439,0.5406584143638611,0
218,440,-0.32594406604766846,0
218,441,0.4471059739589691,0
218,442,-0.2562309503555298,0
218,443,0.36622878909111023,0
218,444,-0.03521829843521118,0
218,445,0.2434820830821991,0
218,446,0.056731902062892914,0
218,447,0.8901579976081848,0
218,448,-0.3243241012096405,0
218,449,0.9176745414733887,0
218,450,-0.6040751338005066,0
218,451,0.8604980707168579,0
218,452,0.28873080015182495,0
218,453,0.35438111424446106,0
218,454,0.37449905276298523,0
218,455,0.666100800037384,0
218,456,-0.5968750715255737,0
218,457,0.5843351483345032,0
218,458,-0.2825665771961212,0
218,459,0.3324386179447174,0
218,460,-0.2898044288158417,0
218,461,-0.31550490856170654,0
218,462,0.6984666585922241,0
218,463,0.4737642705440521,0
218,464,0.06836018711328506,0
218,465,0.26621705293655396,0
218,466,0.508444607257843,0
218,467,-0.24535085260868073,0
218,468,0.7673035860061646,0
218,469,0.059528980404138565,0
218,470,-0.06475181877613068,0
218,471,-0.8076390624046326,0
218,472,-0.18307459354400635,0
218,473,0.025042012333869934,0
218,474,-0.058055050671100616,0
218,475,-0.4894912540912628,0
218,476,-0.20231860876083374,0
218,477,-0.00913986936211586,0
218,478,1.2902753353118896,0
218,479,-0.23521237075328827,0
218,480,0.5295022130012512,0
218,481,0.1587439626455307,0
218,482,0.8317772150039673,0
218,483,0.2886696457862854,0
218,484,0.21451179683208466,0
218,485,0.07942777127027512,0
218,486,0.37865975499153137,0
218,487,-0.3001968264579773,0
218,488,0.4558427035808563,0
218,489,-0.19466035068035126,0
218,490,0.10363754630088806,0
218,491,-0.43680688738822937,0
218,492,0.3565596044063568,0
218,493,-0.31797081232070923,0
218,494,0.4725683927536011,0
218,495,0.39632824063301086,0
218,496,0.3126964867115021,0
218,497,0.6997108459472656,0
218,498,0.4946654438972473,0
218,499,-0.07514476776123047,0
218,500,0.37538406252861023,0
218,501,0.3028554916381836,0
218,502,0.6238076686859131,0
218,503,0.8071520328521729,0
218,504,0.38134002685546875,0
218,505,0.012250563129782677,0
218,506,0.29146522283554077,0
218,507,0.2898474931716919,0
218,508,0.48200443387031555,0
218,509,0.14763112366199493,0
218,510,1.020835041999817,0
218,511,0.37429171800613403,0
218,512,0.2604857385158539,0
218,513,-0.07882431894540787,0
218,514,0.2881142795085907,0
218,515,-0.0003876351984217763,0
218,516,0.06695342063903809,0
218,517,-0.04290362074971199,0
218,518,0.6746036410331726,0
218,519,0.033939704298973083,0
218,520,0.848471999168396,0
218,521,0.10712210834026337,0
218,522,-0.3415336310863495,0
218,523,0.006588278338313103,0
218,524,-0.04256606101989746,0
218,525,0.25570711493492126,0
218,526,-0.3332187235355377,0
218,527,0.23664793372154236,0
218,528,0.3862766623497009,0
218,529,-0.01659827120602131,0
218,530,0.1170363500714302,0
218,531,0.20719894766807556,0
218,532,0.5675182342529297,0
218,533,-0.08983515948057175,0
218,534,0.014666993170976639,0
218,535,0.653240978717804,0
218,536,0.21579958498477936,0
218,537,0.16370612382888794,0
218,538,0.3586646020412445,0
218,539,0.5514299273490906,0
218,540,0.5468151569366455,0
218,541,0.8328291177749634,0
218,542,-0.04934697970747948,0
218,543,0.03516466170549393,0
218,544,0.4713153839111328,0
218,545,0.3655494749546051,0
218,546,0.5776968598365784,0
218,547,0.44006064534187317,0
218,548,0.2628703713417053,0
218,549,0.4782581627368927,0
218,550,0.4544975757598877,0
218,551,0.8268992900848389,0
218,552,0.6604070067405701,0
218,553,0.8853773474693298,0
218,554,0.5564581155776978,0
218,555,0.4315478801727295,0
218,556,-0.01942300982773304,0
218,557,0.4588894844055176,0
218,558,0.33290255069732666,0
218,559,0.6780338883399963,0
218,560,-0.16984835267066956,0
218,561,0.09838710725307465,0
218,562,0.20688262581825256,0
218,563,0.4596148729324341,0
218,564,0.8372766375541687,0
218,565,0.39369088411331177,0
218,566,0.3562670350074768,0
218,567,0.41051045060157776,0
218,568,0.1758948713541031,0
218,569,1.008405089378357,0
218,570,-0.14968328177928925,0
218,571,0.021341044455766678,0
218,572,-0.06850570440292358,1
218,573,0.5753955245018005,0
218,574,0.34520840644836426,0
218,575,0.8723500370979309,0
218,576,-0.05279336869716644,0
218,577,0.12487050890922546,0
218,578,0.7527024745941162,0
218,579,-0.3930981457233429,0
218,580,0.6350505948066711,0
218,581,0.36611634492874146,0
218,582,0.8734095692634583,0
218,583,0.47599950432777405,0
218,584,0.30417031049728394,0
218,585,0.40564578771591187,0
218,586,0.4722770154476166,0
218,587,0.6238853335380554,1
218,588,0.21728013455867767,0
218,589,0.1913767158985138,0
218,590,0.3939265310764313,0
218,591,0.2874525487422943,0
218,592,0.25878074765205383,0
218,593,-0.1254807859659195,1
218,594,0.8614453673362732,0
218,595,0.5579221844673157,0
218,596,0.1021464541554451,0
218,597,0.551347553730011,0
218,598,0.28467491269111633,0
218,599,1.1667269468307495,0
218,600,0.27829229831695557,0
218,601,0.11634212732315063,0
218,602,-0.5625497102737427,0
218,603,-0.2989159822463989,0
218,604,0.8567652702331543,0
218,605,0.49182310700416565,0
218,606,0.5894560813903809,0
218,607,0.3708740472793579,0
218,608,0.7232927083969116,0
218,609,0.5659179091453552,0
218,610,0.49457693099975586,0
218,611,0.4110552668571472,0
218,612,-0.19277597963809967,0
218,613,0.9932504892349243,0
218,614,0.48739755153656006,0
218,615,0.7817550897598267,0
218,616,-0.1657165288925171,0
218,617,0.7404047250747681,0
218,618,0.3236946165561676,0
218,619,0.7940694093704224,0
218,620,0.707539975643158,0
218,621,0.005128994584083557,0
218,622,0.6680194735527039,0
218,623,0.2762681841850281,0
218,624,0.16049949824810028,0
218,625,0.3919806480407715,0
218,626,0.07333224266767502,0
218,627,-0.2503774166107178,0
218,628,0.10222260653972626,0
218,629,0.04219580069184303,0
218,630,0.24514807760715485,0
218,631,0.4150741398334503,0
218,632,0.5159420967102051,0
218,633,0.4355410933494568,0
218,634,0.21244962513446808,0
218,635,0.8390079736709595,0
218,636,0.09483546763658524,0
218,637,0.7181565761566162,0
218,638,0.8948931694030762,0
218,639,0.42752543091773987,0
218,640,0.3012637794017792,0
218,641,0.2669253647327423,0
218,642,0.657781720161438,0
218,643,-0.06872083991765976,0
218,644,-0.0016357661224901676,0
218,645,0.49813783168792725,0
218,646,0.1857663244009018,0
218,647,0.45054832100868225,0
218,648,1.330841064453125,0
218,649,0.5679440498352051,0
218,650,0.6825326681137085,0
218,651,-0.05581007897853851,0
218,652,0.5993931293487549,0
218,653,0.5095908641815186,0
218,654,0.40656259655952454,0
218,655,0.7109094858169556,0
218,656,0.7295194864273071,0
218,657,-0.1094207838177681,0
218,658,0.6157933473587036,0
218,659,0.664017379283905,0
218,660,0.6167024374008179,0
218,661,-0.1496504247188568,0
218,662,0.9095995426177979,0
218,663,-0.4133400321006775,0
218,664,0.47216105461120605,0
218,665,-0.6314049959182739,0
218,666,0.16529949009418488,0
218,667,0.6318156123161316,0
218,668,1.2274746894836426,0
218,669,0.16542598605155945,0
218,670,0.19458478689193726,0
218,671,0.7931845188140869,0
218,672,0.43701091408729553,0
218,673,0.7258549928665161,0
218,674,0.26645627617836,0
218,675,1.0050551891326904,0
218,676,0.41049206256866455,0
218,677,0.803575873374939,0
218,678,-0.0731789842247963,0
218,679,0.1782442182302475,0
218,680,-0.08933277428150177,0
218,681,-0.2330886274576187,0
218,682,-0.20029470324516296,0
218,683,-0.12233084440231323,0
218,684,0.5334874987602234,0
218,685,0.08279838413000107,0
218,686,0.6879745125770569,0
218,687,0.27065545320510864,0
218,688,0.0006045256741344929,0
218,689,-0.19744327664375305,0
218,690,0.915033221244812,0
218,691,0.9101732969284058,0
218,692,0.9162209630012512,0
218,693,0.1238652840256691,0
218,694,-0.022336367517709732,0
218,695,0.6277987957000732,0
218,696,-0.1287624090909958,0
218,697,0.0895252674818039,0
219,0,-0.5522371530532837,0
219,1,0.009352593682706356,0
219,2,-0.7829592823982239,0
219,3,1.2997560501098633,0
219,4,0.6153831481933594,0
219,5,-0.5680278539657593,0
219,6,-0.46384134888648987,0
219,7,-0.025422612205147743,0
219,8,0.3183375597000122,0
219,9,0.5827968716621399,0
219,10,-0.2985764741897583,0
219,11,0.3267187178134918,0
219,12,0.8478535413742065,0
219,13,-0.34097400307655334,0
219,14,-0.027778180316090584,0
219,15,0.25233426690101624,0
219,16,0.5547399520874023,0
219,17,0.0716557502746582,0
219,18,-0.2472599446773529,0
219,19,0.11734259128570557,0
219,20,-0.1471354067325592,0
219,21,-0.4847448170185089,0
219,22,0.2992902994155884,0
219,23,0.3648497760295868,0
219,24,0.3529718518257141,0
219,25,0.11468847841024399,0
219,26,-0.2739807963371277,0
219,27,0.5717955231666565,0
219,28,-0.6983078718185425,0
219,29,0.24676761031150818,0
219,30,-0.475754052400589,0
219,31,0.1138681098818779,0
219,32,-0.3191787898540497,0
219,33,0.24329334497451782,0
219,34,0.14096367359161377,0
219,35,-0.4884330630302429,0
219,36,0.15524743497371674,0
219,37,-0.6708601713180542,0
219,38,0.9761549234390259,0
219,39,1.123137354850769,0
219,40,0.35429608821868896,0
219,41,-0.2549245059490204,0
219,42,0.8259773254394531,0
219,43,0.017996083945035934,0
219,44,0.6740531921386719,0
219,45,0.6230865716934204,0
219,46,-0.3248581290245056,0
219,47,-0.21898500621318817,0
219,48,-0.7748710513114929,0
219,49,1.1303377151489258,0
219,50,0.50696861743927,0
219,51,-0.5839303731918335,0
219,52,-0.13690127432346344,0
219,53,0.3097221553325653,0
219,54,-0.3778326213359833,0
219,55,-0.5218331813812256,0
219,56,-0.36724984645843506,0
219,57,-0.6215408444404602,0
219,58,0.30718567967414856,0
219,59,0.766918420791626,0
219,60,0.149602472782135,0
219,61,-0.06443998962640762,0
219,62,0.3399844467639923,0
219,63,-0.6032817363739014,0
219,64,0.26639315485954285,0
219,65,0.25360387563705444,0
219,66,-0.9889033436775208,0
219,67,-0.6573094129562378,0
219,68,0.3745757043361664,0
219,69,0.06064525991678238,0
219,70,0.5329264402389526,0
219,71,0.5504215955734253,0
219,72,-0.502989649772644,0
219,73,-1.1471443176269531,0
219,74,0.029938392341136932,0
219,75,-0.4573567509651184,0
219,76,0.26408782601356506,0
219,77,0.7316567897796631,0
219,78,-0.21709363162517548,0
219,79,-0.3939509987831116,0
219,80,0.44778838753700256,0
219,81,-0.3450256586074829,0
219,82,-0.20307762920856476,0
219,83,-0.5908381938934326,0
219,84,-0.3056511878967285,0
219,85,0.6916503310203552,0
219,86,-0.1518615335226059,0
219,87,-0.23398369550704956,0
219,88,0.5178418755531311,0
219,89,0.319439172744751,0
219,90,-0.25913894176483154,0
219,91,0.5569795370101929,0
219,92,0.1080455556511879,0
219,93,-0.39923298358917236,0
219,94,-0.1458083838224411,0
219,95,-0.43829262256622314,0
219,96,-0.37515193223953247,0
219,97,-1.0112354755401611,0
219,98,-1.0162245035171509,0
219,99,-1.0989525318145752,0
219,100,-0.14273999631404877,0
219,101,-0.0727587416768074,0
219,102,-0.41341182589530945,0
219,103,-0.5107853412628174,0
219,104,-0.3266487717628479,0
219,105,0.023753676563501358,0
219,106,-1.0989409685134888,0
219,107,1.4199614524841309,0
219,108,0.3871263265609741,0
219,109,-0.2567201554775238,0
219,110,-0.6705118417739868,0
219,111,0.40246009826660156,0
219,112,-0.36059144139289856,0
219,113,-0.15488065779209137,0
219,114,-0.20223397016525269,0
219,115,-0.5073580145835876,0
219,116,0.14550529420375824,0
219,117,-0.5378710031509399,0
219,118,-0.6401280164718628,0
219,119,-0.7550070881843567,0
219,120,0.2199609875679016,0
219,121,-0.09835471957921982,0
219,122,-0.29412251710891724,0
219,123,0.04049032926559448,0
219,124,-0.6029126048088074,0
219,125,0.5421695113182068,0
219,126,-0.28152576088905334,0
219,127,0.43829450011253357,0
219,128,0.06331908702850342,0
219,129,0.3395710587501526,0
219,130,0.8791400790214539,0
219,131,-0.7589398622512817,0
219,132,-0.45350193977355957,0
219,133,-0.30168431997299194,0
219,134,-0.5658018589019775,0
219,135,-0.9980418682098389,0
219,136,0.4077432155609131,0
219,137,0.45787590742111206,0
219,138,0.543854832649231,0
219,139,-0.6685095429420471,0
219,140,-0.8313688635826111,0
219,141,0.608306884765625,0
219,142,-0.036948952823877335,0
219,143,-0.11744711548089981,0
219,144,0.09527310729026794,0
219,145,-0.1800656020641327,0
219,146,-0.3798954486846924,0
219,147,-0.8809599876403809,0
219,148,0.791889488697052,0
219,149,-0.3725016713142395,0
219,150,-0.43630707263946533,0
219,151,0.21777157485485077,0
219,152,0.810961902141571,0
219,153,0.4516090154647827,0
219,154,-1.3831617832183838,0
219,155,0.2515697479248047,0
219,156,0.24006140232086182,0
219,157,-0.030838951468467712,0
219,158,0.4786922037601471,0
219,159,0.457292377948761,0
219,160,-1.0021207332611084,0
219,161,-0.5341906547546387,0
219,162,-0.2751242518424988,0
219,163,-0.5358763933181763,0
219,164,-0.35605746507644653,0
219,165,-0.8276847004890442,0
219,166,0.5045583248138428,0
219,167,0.3073342442512512,0
219,168,-1.11381995677948,0
219,169,-1.065195918083191,0
219,170,-0.10085874795913696,0
219,171,0.00788871105760336,0
219,172,-0.4008631706237793,0
219,173,-0.2681049108505249,0
219,174,1.5078781843185425,0
219,175,0.665691077709198,0
219,176,0.20018018782138824,0
219,177,-0.3824824392795563,0
219,178,-0.24761538207530975,0
219,179,0.1309189796447754,0
219,180,0.8849377632141113,0
219,181,0.8853985667228699,0
219,182,-1.3204320669174194,0
219,183,0.0513724647462368,0
219,184,0.19994527101516724,0
219,185,0.4413306713104248,0
219,186,-0.34190964698791504,0
219,187,-0.6411722302436829,0
219,188,-0.21498848497867584,0
219,189,0.5368584394454956,0
219,190,-0.40441861748695374,0
219,191,-0.8162626624107361,0
219,192,0.4500650465488434,0
219,193,0.29050344228744507,0
219,194,-0.16249997913837433,0
219,195,-0.5452568531036377,0
219,196,-0.015625759959220886,0
219,197,-0.5080376863479614,0
219,198,-0.5564762353897095,0
219,199,-0.3948231637477875,0
219,200,-0.41397371888160706,0
219,201,-0.41864776611328125,0
219,202,-0.5767478346824646,0
219,203,0.3840067386627197,0
219,204,-0.1284598857164383,0
219,205,-0.023628748953342438,0
219,206,-0.21826156973838806,0
219,207,0.271776020526886,0
219,208,0.7676440477371216,0
219,209,0.7347236275672913,0
219,210,-0.7120386958122253,0
219,211,0.8056051731109619,0
219,212,1.8177711963653564,0
219,213,0.027404388412833214,0
219,214,-0.13244502246379852,0
219,215,0.006352498196065426,0
219,216,1.2318826913833618,0
219,217,1.3987090587615967,0
219,218,-1.2922286987304688,0
219,219,-0.677376389503479,0
219,220,0.05443838611245155,0
219,221,-0.8165718913078308,0
219,222,0.6253159642219543,0
219,223,0.647238552570343,0
219,224,-0.15050818026065826,0
219,225,-0.25403812527656555,0
219,226,-0.18541739881038666,0
219,227,0.4654568135738373,0
219,228,-0.6046574711799622,0
219,229,-0.22770023345947266,0
219,230,0.6248171329498291,0
219,231,-0.6916176080703735,0
219,232,0.05706647410988808,0
219,233,0.3052002489566803,0
219,234,0.2330714762210846,0
219,235,-0.8747238516807556,0
219,236,0.6610066294670105,0
219,237,0.5855956673622131,0
219,238,-0.9314590692520142,0
219,239,0.23388467729091644,0
219,240,-0.23928458988666534,0
219,241,0.20361745357513428,0
219,242,0.029524583369493484,0
219,243,0.36407190561294556,0
219,244,0.14010633528232574,0
219,245,-0.4174167215824127,0
219,246,-0.5627041459083557,0
219,247,0.7198203802108765,0
219,248,0.5611905455589294,0
219,249,0.21483200788497925,0
219,250,0.5017549395561218,0
219,251,-0.054702792316675186,0
219,252,-0.5051565766334534,0
219,253,0.2937202453613281,0
219,254,3.1526968479156494,0
219,255,-0.028515251353383064,0
219,256,0.1255609095096588,0
219,257,-0.0991869568824768,0
219,258,-0.15195640921592712,0
219,259,1.167020559310913,0
219,260,0.6173498034477234,0
219,261,0.5615662932395935,0
219,262,-0.8547071814537048,0
219,263,-0.8671170473098755,0
219,264,0.3111327588558197,0
219,265,0.4853973984718323,0
219,266,-0.3058581054210663,0
219,267,-0.2093525528907776,0
219,268,1.0710691213607788,0
219,269,1.0177232027053833,0
219,270,0.7257053256034851,0
219,271,-0.10914258658885956,0
219,272,1.2444071769714355,0
219,273,0.2663589417934418,0
219,274,-0.06531287729740143,0
219,275,0.2592209279537201,0
219,276,-0.78557950258255,0
219,277,1.1592665910720825,0
219,278,0.23604778945446014,0
219,279,0.5697265267372131,0
219,280,0.20614077150821686,0
219,281,0.7867670059204102,0
219,282,-0.2921050488948822,0
219,283,-0.30684441328048706,0
219,284,0.13979420065879822,0
219,285,-0.029678821563720703,0
219,286,-0.26249316334724426,0
219,287,0.8099098205566406,0
219,288,0.3673037588596344,0
219,289,1.177058219909668,0
219,290,-0.4209941029548645,0
219,291,0.9994528889656067,0
219,292,0.5244520306587219,0
219,293,1.057847261428833,0
219,294,0.1802188754081726,0
219,295,0.7088751196861267,0
219,296,-0.21435369551181793,0
219,297,0.9138117432594299,0
219,298,0.21296264231204987,0
219,299,0.5264275074005127,0
219,300,-0.1903972029685974,0
219,301,-0.24669474363327026,0
219,302,1.2525286674499512,0
219,303,-0.26414015889167786,0
219,304,-0.6967782378196716,0
219,305,0.25742822885513306,0
219,306,0.8734530806541443,0
219,307,0.42282313108444214,0
219,308,1.3786791563034058,1
219,309,-0.48902952671051025,0
219,310,0.8109261989593506,0
219,311,-0.445261687040329,0
219,312,0.2769692838191986,0
219,313,-0.005379581358283758,0
219,314,-0.17079919576644897,0
219,315,-0.020833294838666916,0
219,316,0.8105898499488831,0
219,317,0.8730398416519165,0
219,318,-0.47576412558555603,0
219,319,0.81331866979599,0
219,320,-0.02098073437809944,0
219,321,-0.21867646276950836,0
219,322,0.6987575888633728,1
219,323,0.4700053036212921,0
219,324,0.1585209220647812,1
219,325,0.03314422443509102,0
219,326,-0.6023109555244446,0
219,327,-0.040739480406045914,0
219,328,0.1579371690750122,0
219,329,-0.1071363091468811,0
219,330,0.7207999229431152,0
219,331,0.18768355250358582,0
219,332,-0.1351027935743332,0
219,333,-0.06511436402797699,0
219,334,0.3159404695034027,0
219,335,-0.3287688195705414,0
219,336,-0.8623132109642029,0
219,337,0.06764626502990723,0
219,338,0.16327472031116486,0
219,339,0.7890884876251221,0
219,340,0.8699491620063782,0
219,341,0.08642902970314026,0
219,342,1.7731802463531494,0
219,343,-0.26491352915763855,0
219,344,1.0518794059753418,0
219,345,-0.28375717997550964,0
219,346,0.488457053899765,0
219,347,0.10590341687202454,0
219,348,0.45554712414741516,0
219,349,0.41464608907699585,0
219,350,-0.48409950733184814,0
219,351,0.27947720885276794,0
219,352,0.04529181122779846,0
219,353,-0.2889472246170044,0
219,354,0.11189980804920197,0
219,355,-0.24951998889446259,0
219,356,0.5271890759468079,0
219,357,1.1124529838562012,0
219,358,0.5619505643844604,0
219,359,0.8701198101043701,0
219,360,1.1610277891159058,0
219,361,-0.6312260031700134,0
219,362,-0.6925215125083923,0
219,363,-0.0764087438583374,0
219,364,0.43833285570144653,0
219,365,0.4618992507457733,0
219,366,0.337310791015625,0
219,367,0.7212029695510864,0
219,368,0.8054112195968628,0
219,369,-0.1879751980304718,0
219,370,1.6713371276855469,0
219,371,0.1515028327703476,0
219,372,-0.5081835985183716,0
219,373,0.2490425407886505,0
219,374,0.3321347236633301,0
219,375,0.23409594595432281,0
219,376,0.43669432401657104,0
219,377,0.6160874962806702,0
219,378,-0.3791502118110657,0
219,379,0.12619858980178833,0
219,380,-0.4876405596733093,0
219,381,0.3814130425453186,0
219,382,-0.40415745973587036,0
219,383,-0.07591110467910767,0
219,384,0.00038990253233350813,0
219,385,-0.3932328224182129,0
219,386,-0.03822161257266998,0
219,387,0.06599486619234085,0
219,388,-0.3597871959209442,0
219,389,-0.10235456377267838,0
219,390,-0.1685602366924286,0
219,391,1.1832711696624756,0
219,392,0.10571754723787308,0
219,393,1.228675127029419,0
219,394,0.3510550260543823,0
219,395,-0.2006339728832245,0
219,396,0.08952776342630386,0
219,397,-1.0004377365112305,0
219,398,-0.5394585132598877,0
219,399,1.2488715648651123,0
219,400,0.498979777097702,0
219,401,0.4006655514240265,0
219,402,0.05037117004394531,0
219,403,0.17172032594680786,0
219,404,0.06789050996303558,0
219,405,0.19850827753543854,0
219,406,-0.33698365092277527,0
219,407,0.3186294734477997,0
219,408,-0.093210868537426,0
219,409,0.6150628924369812,0
219,410,-0.36037328839302063,0
219,411,0.3322483003139496,0
219,412,-0.37192991375923157,0
219,413,-0.7401147484779358,0
219,414,0.5673859715461731,0
219,415,-0.07278373092412949,0
219,416,0.14928533136844635,0
219,417,-0.5526832938194275,0
219,418,0.4695281982421875,0
219,419,0.28633058071136475,0
219,420,0.8482449650764465,0
219,421,0.141468346118927,0
219,422,0.6773680448532104,0
219,423,0.5817652344703674,0
219,424,0.9215783476829529,0
219,425,0.5233667492866516,0
219,426,0.9992428421974182,0
219,427,0.7602822780609131,0
219,428,-0.03990275412797928,0
219,429,0.4625976085662842,0
219,430,0.524522066116333,0
219,431,-0.09998902678489685,0
219,432,-0.34838175773620605,0
219,433,0.3699610233306885,0
219,434,-0.4137020707130432,0
219,435,-0.23134788870811462,0
219,436,-0.17534542083740234,0
219,437,-0.627228319644928,0
219,438,0.52569580078125,0
219,439,0.6829355359077454,0
219,440,0.14831994473934174,0
219,441,0.7728357315063477,0
219,442,0.4006057381629944,0
219,443,0.3420864939689636,0
219,444,0.13714835047721863,0
219,445,-0.29143184423446655,0
219,446,-0.4425947964191437,0
219,447,1.1093249320983887,0
219,448,-0.27543601393699646,0
219,449,0.6486988663673401,0
219,450,-0.49994176626205444,0
219,451,0.18149858713150024,0
219,452,0.18988144397735596,0
219,453,0.21086850762367249,0
219,454,-0.012135928496718407,0
219,455,0.6775157451629639,0
219,456,0.30497127771377563,0
219,457,-0.23769347369670868,0
219,458,0.02310863323509693,0
219,459,-0.10038480907678604,0
219,460,0.12048429995775223,0
219,461,0.3401339054107666,0
219,462,1.2752385139465332,0
219,463,1.1908084154129028,0
219,464,1.0939176082611084,0
219,465,-0.3412399888038635,0
219,466,0.2805776000022888,0
219,467,-0.4288080334663391,0
219,468,0.9239439368247986,0
219,469,0.20618031919002533,0
219,470,0.8383407592773438,0
219,471,-0.22779686748981476,0
219,472,-0.12794475257396698,0
219,473,0.07185166329145432,0
219,474,0.13392911851406097,0
219,475,-0.05320028215646744,0
219,476,0.1449967324733734,0
219,477,-0.1160542294383049,0
219,478,1.749576449394226,0
219,479,-0.18163631856441498,0
219,480,0.5757085084915161,0
219,481,0.7729626297950745,0
219,482,0.8911766409873962,0
219,483,-0.0035056942142546177,0
219,484,0.4820229709148407,0
219,485,-0.42504334449768066,0
219,486,0.7165488004684448,0
219,487,0.1025066003203392,0
219,488,0.8922786712646484,0
219,489,-0.7233387231826782,0
219,490,-1.2654989957809448,0
219,491,0.3098037838935852,0
219,492,0.1137213408946991,0
219,493,-0.1415468156337738,0
219,494,1.2037700414657593,0
219,495,0.42737171053886414,0
219,496,0.09996042400598526,0
219,497,0.6400810480117798,0
219,498,0.6614037156105042,0
219,499,0.06384823471307755,0
219,500,0.09848319739103317,0
219,501,-0.22617243230342865,0
219,502,0.47839584946632385,0
219,503,0.6953009366989136,0
219,504,0.09818384051322937,0
219,505,-0.5784493684768677,0
219,506,0.45291265845298767,0
219,507,1.4679430723190308,0
219,508,0.8444850444793701,0
219,509,0.3967796564102173,0
219,510,1.1133614778518677,0
219,511,1.1164296865463257,0
219,512,0.4605925679206848,0
219,513,-0.20677143335342407,0
219,514,-0.6590414643287659,0
219,515,-0.4370183050632477,0
219,516,-0.7487435936927795,0
219,517,-0.8792597651481628,0
219,518,1.0469659566879272,0
219,519,-0.1711525171995163,0
219,520,-0.3246448040008545,0
219,521,1.0297471284866333,0
219,522,-1.0999783277511597,0
219,523,0.1099260076880455,0
219,524,0.8388049602508545,0
219,525,-0.137716144323349,0
219,526,-0.4353896677494049,0
219,527,-1.2145510911941528,0
219,528,0.40657246112823486,0
219,529,0.3252147436141968,0
219,530,-0.5083111524581909,0
219,531,-0.6586892604827881,0
219,532,0.8440711498260498,0
219,533,-0.2387268990278244,0
219,534,0.30948835611343384,0
219,535,1.6313494443893433,0
219,536,0.09541993588209152,0
219,537,0.9494569301605225,0
219,538,0.9956778883934021,0
219,539,0.34350860118865967,0
219,540,0.5226077437400818,0
219,541,0.8032399415969849,0
219,542,0.7073581218719482,0
219,543,0.36004212498664856,0
219,544,0.024746770039200783,0
219,545,1.5820591449737549,0
219,546,0.8969743847846985,0
219,547,0.6162398457527161,0
219,548,0.5196881890296936,0
219,549,0.9785078167915344,0
219,550,1.0240533351898193,0
219,551,0.20284095406532288,0
219,552,0.5759071707725525,0
219,553,0.25955867767333984,0
219,554,0.8608967661857605,0
219,555,0.17079868912696838,0
219,556,-0.39058297872543335,0
219,557,-0.08543107658624649,0
219,558,0.20823189616203308,0
219,559,0.5787332653999329,0
219,560,0.1972719430923462,0
219,561,0.25656774640083313,0
219,562,0.09012693166732788,0
219,563,-0.0044398060999810696,0
219,564,0.8932569026947021,0
219,565,0.602671205997467,0
219,566,-0.16473311185836792,0
219,567,1.1205006837844849,0
219,568,0.5009312033653259,0
219,569,0.5569681525230408,0
219,570,-0.13224679231643677,0
219,571,-0.11295285820960999,0
219,572,-0.4646631181240082,0
219,573,0.23462042212486267,1
219,574,0.3169689178466797,0
219,575,0.8822177648544312,0
219,576,-0.31090521812438965,0
219,577,0.5668823719024658,0
219,578,1.5032609701156616,0
219,579,-0.1660194844007492,0
219,580,0.34804201126098633,0
219,581,0.3407710790634155,0
219,582,0.7848628163337708,0
219,583,0.5681634545326233,0
219,584,0.21573160588741302,0
219,585,0.39511603116989136,0
219,586,0.16539065539836884,0
219,587,0.9533948302268982,0
219,588,-0.23316378891468048,1
219,589,-0.6251452565193176,0
219,590,0.03149357810616493,0
219,591,-0.23691077530384064,0
219,592,0.028886860236525536,0
219,593,-0.9126600623130798,0
219,594,-0.32629528641700745,1
219,595,0.9179064035415649,0
219,596,-0.3866562247276306,0
219,597,-0.3801628649234772,0
219,598,-0.008554655127227306,0
219,599,0.46778494119644165,0
219,600,-0.7029125094413757,0
219,601,-0.3861633539199829,0
219,602,-0.8177667856216431,0
219,603,-0.12122880667448044,0
219,604,1.140036702156067,0
219,605,0.9509204030036926,0
219,606,0.0034651029855012894,0
219,607,-0.30939871072769165,0
219,608,0.5245550274848938,0
219,609,-0.20847944915294647,0
219,610,0.5686803460121155,0
219,611,0.2388211339712143,0
219,612,0.827584445476532,0
219,613,1.1024264097213745,0
219,614,0.35434311628341675,0
219,615,0.4363585114479065,0
219,616,-0.36439332365989685,0
219,617,0.8700981736183167,0
219,618,0.03682912141084671,0
219,619,0.4560385048389435,0
219,620,-0.8204572200775146,0
219,621,0.08259479701519012,0
219,622,0.3126407563686371,0
219,623,0.14415128529071808,0
219,624,0.3412840664386749,0
219,625,-0.10839588940143585,0
219,626,0.1045546680688858,0
219,627,-0.15802475810050964,0
219,628,0.16616393625736237,0
219,629,1.0053181648254395,0
219,630,0.7495794892311096,0
219,631,0.3536943793296814,0
219,632,-0.030370203778147697,0
219,633,0.1382991522550583,0
219,634,0.2034856677055359,0
219,635,1.033509612083435,0
219,636,0.851493775844574,0
219,637,0.550870418548584,0
219,638,1.7596198320388794,0
219,639,0.5971822142601013,0
219,640,0.1313178539276123,0
219,641,-0.09564222395420074,0
219,642,1.1959757804870605,0
219,643,0.14022128283977509,0
219,644,-0.49515873193740845,0
219,645,-0.18517491221427917,0
219,646,0.7297624349594116,0
219,647,0.8802865147590637,0
219,648,1.0951002836227417,0
219,649,1.5256894826889038,0
219,650,0.2156829982995987,0
219,651,0.24990276992321014,0
219,652,1.0584486722946167,0
219,653,0.4837770462036133,0
219,654,0.20411299169063568,0
219,655,1.1718279123306274,0
219,656,1.4277188777923584,0
219,657,-1.1019043922424316,0
219,658,0.7419927716255188,0
219,659,0.9663681983947754,0
219,660,0.3167748749256134,0
219,661,-0.22332875430583954,0
219,662,0.31958508491516113,0
219,663,-0.5083163976669312,0
219,664,0.12530617415905,0
219,665,0.27396222949028015,0
219,666,0.4498807489871979,0
219,667,-0.22766633331775665,0
219,668,1.515039324760437,0
219,669,0.20047637820243835,0
219,670,1.3464657068252563,0
219,671,0.7917930483818054,0
219,672,0.07225409895181656,0
219,673,1.0628254413604736,0
219,674,0.12773635983467102,0
219,675,0.45985445380210876,0
219,676,0.23199614882469177,0
219,677,0.4975322186946869,0
219,678,0.30113768577575684,0
219,679,0.26816797256469727,0
219,680,0.10512647777795792,0
219,681,-0.5894225239753723,0
219,682,0.051487997174263,0
219,683,-0.5386436581611633,0
219,684,0.43907734751701355,0
219,685,-0.4469650685787201,0
219,686,1.3674921989440918,0
219,687,2.0584166049957275,0
219,688,0.8683347105979919,0
219,689,-0.36205559968948364,0
219,690,1.1769744157791138,0
219,691,1.4881478548049927,0
219,692,1.3938992023468018,0
219,693,1.1784976720809937,0
219,694,-0.3722122609615326,0
219,695,0.5348249077796936,0
219,696,-0.6706792116165161,0
219,697,1.226978063583374,0
239,0,-0.4437030553817749,0
239,1,0.11032804846763611,0
239,2,-0.14670971035957336,0
239,3,0.7882291078567505,0
239,4,0.4254605174064636,0
239,5,-0.43082767724990845,0
239,6,-0.1694820076227188,0
239,7,-0.23445619642734528,0
239,8,-0.19199292361736298,0
239,9,0.6151125431060791,0
239,10,0.06845539808273315,0
239,11,0.3913544714450836,0
239,12,0.5103489756584167,0
239,13,-0.4363722503185272,0
239,14,-0.20720377564430237,0
239,15,0.40139874815940857,0
239,16,0.3816505968570709,0
239,17,-0.08609907329082489,0
239,18,-0.19727253913879395,0
239,19,0.31645119190216064,0
239,20,0.03249946981668472,0
239,21,-0.0048287599347531796,0
239,22,0.25612783432006836,0
239,23,0.47601503133773804,0
239,24,-0.008919302374124527,0
239,25,0.9433807134628296,0
239,26,-0.7386415004730225,0
239,27,0.259552925825119,0
239,28,0.048327039927244186,0
239,29,0.552550196647644,0
239,30,0.5292865633964539,0
239,31,-0.0682145431637764,0
239,32,-0.03850732371211052,0
239,33,0.4452660381793976,0
239,34,0.21304035186767578,0
239,35,0.17966201901435852,0
239,36,-0.3229817748069763,0
239,37,-0.6492569446563721,0
239,38,0.1944204717874527,0
239,39,0.44815176725387573,0
239,40,0.6217136979103088,0
239,41,-0.18720781803131104,0
239,42,0.24253474175930023,0
239,43,-0.28688937425613403,0
239,44,0.5868589282035828,0
239,45,0.7212443947792053,0
239,46,-0.10505606979131699,0
239,47,-0.2828732132911682,0
239,48,-0.0675443485379219,0
239,49,0.6408466696739197,0
239,50,0.397895485162735,0
239,51,0.16498439013957977,0
239,52,0.11281239986419678,0
239,53,0.4410473704338074,0
239,54,-0.33146345615386963,0
239,55,-0.33397236466407776,0
239,56,-0.23994365334510803,0
239,57,-0.3697468340396881,0
239,58,0.3311406075954437,0
239,59,0.2914000153541565,0
239,60,-0.0010182077530771494,0
239,61,0.5615386366844177,0
239,62,0.7186035513877869,0
239,63,-0.5301688313484192,0
239,64,0.12662829458713531,0
239,65,0.34837231040000916,0
239,66,-0.7140505313873291,0
239,67,-0.5121796131134033,0
239,68,0.21139200031757355,0
239,69,0.11679449677467346,0
239,70,0.26325976848602295,0
239,71,-0.11571133136749268,0
239,72,0.5257039070129395,0
239,73,-0.6770091652870178,0
239,74,0.4141806662082672,0
239,75,0.10337108373641968,0
239,76,0.318600058555603,0
239,77,0.16330033540725708,0
239,78,0.21013662219047546,0
239,79,-0.14131495356559753,0
239,80,0.16951195895671844,0
239,81,-0.52479088306427,0
239,82,-0.04272565618157387,0
239,83,-0.08112328499555588,0
239,84,-0.6094579100608826,0
239,85,1.0445654392242432,0
239,86,0.183560311794281,0
239,87,-0.014690376818180084,0
239,88,1.211869239807129,0
239,89,0.8897442817687988,0
239,90,-0.4409930109977722,0
239,91,0.46755513548851013,0
239,92,0.5999769568443298,0
239,93,-0.1414220631122589,0
239,94,0.09908809512853622,0
239,95,0.2371460348367691,0
239,96,-0.25548234581947327,0
239,97,-0.8064445853233337,0
239,98,-0.7641390562057495,0
239,99,-0.7517891526222229,0
239,100,0.30021220445632935,0
239,101,0.5781416296958923,0
239,102,-0.17433296144008636,0
239,103,0.22486884891986847,0
239,104,-0.02624286152422428,0
239,105,0.03678341209888458,0
239,106,-0.8137562870979309,0
239,107,1.1208789348602295,0
239,108,0.5593588352203369,0
239,109,0.03671323508024216,0
239,110,-0.3344707190990448,0
239,111,0.5938969850540161,0
239,112,-0.3671841323375702,0
239,113,0.12360338121652603,0
239,114,-0.1997949481010437,0
239,115,-0.27751415967941284,0
239,116,0.3954172730445862,0
239,117,0.2519558072090149,0
239,118,0.16846470534801483,0
239,119,-0.10779666155576706,0
239,120,0.5801076889038086,0
239,121,0.5891304016113281,0
239,122,-0.1041412204504013,0
239,123,-0.0771535113453865,0
239,124,-0.6009669303894043,0
239,125,0.4712860584259033,0
239,126,-0.183339923620224,0
239,127,0.19219397008419037,0
239,128,0.20267562568187714,0
239,129,-0.2548883557319641,0
239,130,0.6650570034980774,0
239,131,-0.04746733978390694,0
239,132,0.058739032596349716,0
239,133,0.10442161560058594,0
239,134,-0.009812893345952034,0
239,135,-0.20042935013771057,0
239,136,0.27997887134552,0
239,137,0.06152269244194031,0
239,138,0.4546845853328705,0
239,139,-0.5846006274223328,0
239,140,-0.57546466588974,0
239,141,0.7670629620552063,0
239,142,0.12127430737018585,0
239,143,-0.23494964838027954,0
239,144,0.6677761077880859,0
239,145,0.10704343765974045,0
239,146,0.10191632062196732,0
239,147,-0.5681552290916443,0
239,148,0.5272724032402039,0
239,149,-0.14180059731006622,0
239,150,0.3629079759120941,0
239,151,0.055239319801330566,0
239,152,0.6216750741004944,0
239,153,-0.06070338562130928,0
239,154,-1.156347393989563,0
239,155,0.4269072115421295,0
239,156,0.7975134253501892,0
239,157,0.185159370303154,0
239,158,-0.020956343039870262,0
239,159,0.3613033592700958,0
239,160,-0.5737468004226685,0
239,161,-0.3263894021511078,0
239,162,0.5754086375236511,0
239,163,-0.5227029919624329,0
239,164,0.09231327474117279,0
239,165,-0.962740421295166,0
239,166,0.697960376739502,0
239,167,-0.14153282344341278,0
239,168,-1.176013469696045,0
239,169,-0.5805324912071228,0
239,170,0.0706431046128273,0
239,171,0.07932507246732712,0
239,172,-0.39505958557128906,0
239,173,-0.006467354018241167,0
239,174,0.5241392850875854,0
239,175,0.40699025988578796,0
239,176,0.5157809853553772,0
239,177,0.5088567733764648,0
239,178,-0.09266630560159683,0
239,179,-0.03311130404472351,0
239,180,0.5208069682121277,0
239,181,1.004738450050354,0
239,182,-0.8455573320388794,0
239,183,0.07535424828529358,0
239,184,0.4035075902938843,0
239,185,0.45630204677581787,0
239,186,0.12704502046108246,0
239,187,-0.4481104016304016,0
239,188,-0.2387940138578415,0
239,189,0.2374829202890396,0
239,190,0.11913810670375824,0
239,191,-0.8661831617355347,0
239,192,0.8137133717536926,0
239,193,0.13147909939289093,0
239,194,-0.19762231409549713,0
239,195,0.5269363522529602,0
239,196,0.019486691802740097,0
239,197,-0.6675271987915039,0
239,198,-0.37478870153427124,0
239,199,0.3643748462200165,0
239,200,-0.11275073140859604,0
239,201,-0.38903430104255676,0
239,202,-0.8177957534790039,0
239,203,0.9985417127609253,0
239,204,0.3258008658885956,0
239,205,0.27143728733062744,0
239,206,0.24649840593338013,0
239,207,0.6613845229148865,0
239,208,1.1123640537261963,0
239,209,0.41986095905303955,0
239,210,0.010377095080912113,0
239,211,0.4735267758369446,0
239,212,1.3895883560180664,0
239,213,0.3061397969722748,0
239,214,-0.0469532236456871,0
239,215,0.47277846932411194,0
239,216,0.8387854695320129,0
239,217,1.4663820266723633,0
239,218,-0.6619288921356201,0
239,219,0.017031898722052574,0
239,220,-0.1282011717557907,0
239,221,-0.6171756386756897,0
239,222,0.5204502940177917,0
239,223,0.6789090633392334,0
239,224,0.2986270785331726,0
239,225,0.16308797895908356,0
239,226,0.5326613783836365,0
239,227,0.08837148547172546,0
239,228,-0.4793931245803833,0
239,229,0.012848320417106152,0
239,230,0.4377031624317169,0
239,231,-0.4236077666282654,0
239,232,0.42648962140083313,0
239,233,0.691742479801178,0
239,234,-0.14879323542118073,0
239,235,-0.2919507324695587,0
239,236,0.6964419484138489,0
239,237,0.10953744500875473,0
239,238,-0.49423760175704956,0
239,239,0.45239073038101196,0
239,240,0.15795405209064484,0
239,241,0.2223406285047531,0
239,242,0.5093722343444824,0
239,243,0.16398753225803375,0
239,244,-0.33499470353126526,0
239,245,-0.4177096486091614,0
239,246,-0.4639287292957306,0
239,247,0.43420130014419556,0
239,248,0.7033953666687012,0
239,249,0.08029691129922867,0
239,250,0.26406487822532654,0
239,251,-0.13935540616512299,0
239,252,-0.3081091344356537,0
239,253,0.5650330781936646,0
239,254,1.135284662246704,0
239,255,-0.33343306183815,0
239,256,0.4350110590457916,0
239,257,0.4931384027004242,0
239,258,0.3082798719406128,0
239,259,0.8507218956947327,0
239,260,0.3840443193912506,0
239,261,0.5746372938156128,0
239,262,-0.048610489815473557,0
239,263,-0.03575075790286064,0
239,264,0.37777048349380493,0
239,265,-0.021712321788072586,0
239,266,0.006602326408028603,0
239,267,0.3223268985748291,0
239,268,0.7896139025688171,0
239,269,0.35328593850135803,0
239,270,0.8205698132514954,0
239,271,-0.4985421597957611,0
239,272,0.6450702548027039,0
239,273,-0.25760507583618164,0
239,274,-0.08420687913894653,0
239,275,-0.014727368019521236,0
239,276,-0.5012663006782532,0
239,277,0.5059009790420532,0
239,278,-0.013209828175604343,0
239,279,0.9236302971839905,0
239,280,-0.20851178467273712,0
239,281,0.9641650319099426,0
239,282,0.11393384635448456,0
239,283,-0.27392393350601196,0
239,284,-0.13023421168327332,0
239,285,-1.036156415939331,0
239,286,-0.37173569202423096,0
239,287,0.394463449716568,0
239,288,0.08022169023752213,0
239,289,0.617024838924408,0
239,290,-0.4544604420661926,0
239,291,0.9009367823600769,0
239,292,-0.7797158360481262,0
239,293,0.5652947425842285,1
239,294,0.015693534165620804,0
239,295,0.592225193977356,0
239,296,0.3840513229370117,0
239,297,0.9089505672454834,0
239,298,-0.5380770564079285,0
239,299,0.3272096514701843,1
239,300,0.007637451868504286,0
239,301,0.016614623367786407,0
239,302,1.080964207649231,0
239,303,-0.29203274846076965,0
239,304,-0.5514389872550964,0
239,305,0.3919670581817627,0
239,306,0.05976153537631035,0
239,307,0.2459009736776352,1
239,308,0.15667372941970825,0
239,309,0.10403666645288467,1
239,310,0.7943713068962097,0
239,311,-0.09275263547897339,0
239,312,-0.575589120388031,0
239,313,0.15778470039367676,0
239,314,0.3271602392196655,1
239,315,-0.12627364695072174,0
239,316,0.6265947222709656,0
239,317,1.2204716205596924,0
239,318,-0.1292123794555664,0
239,319,0.2003791630268097,0
239,320,-0.24270881712436676,0
239,321,-0.4633382260799408,0
239,322,0.3108506500720978,0
239,323,-0.47229841351509094,0
239,324,-0.21488605439662933,0
239,325,0.5271466374397278,0
239,326,-0.23435914516448975,0
239,327,-0.5114266276359558,0
239,328,0.49556389451026917,0
239,329,0.11306973546743393,0
239,330,1.037979006767273,0
239,331,0.32269173860549927,0
239,332,-0.41858822107315063,0
239,333,0.4991702437400818,0
239,334,0.38432908058166504,0
239,335,-0.23294074833393097,0
239,336,-1.3379466533660889,0
239,337,0.541499137878418,0
239,338,0.6396434307098389,0
239,339,0.35663077235221863,0
239,340,0.23415175080299377,0
239,341,-0.11049317568540573,0
239,342,0.5467133522033691,0
239,343,-0.5158132314682007,0
239,344,0.9520551562309265,0
239,345,-0.44705042243003845,0
239,346,-0.5278958082199097,0
239,347,0.398407518863678,0
239,348,0.028419282287359238,0
239,349,-0.6380360126495361,0
239,350,-0.08645614981651306,0
239,351,-0.4972750246524811,0
239,352,0.18722298741340637,0
239,353,0.430033802986145,0
239,354,0.2838231921195984,0
239,355,-0.5848013758659363,0
239,356,0.7188847661018372,0
239,357,0.35067126154899597,0
239,358,0.9518724679946899,0
239,359,-0.009638700634241104,0
239,360,0.05807552486658096,0
239,361,-0.17281049489974976,0
239,362,-0.24342821538448334,0
239,363,-0.37332144379615784,0
239,364,0.144110307097435,0
239,365,0.6372401714324951,0
239,366,0.34076428413391113,0
239,367,0.3390510678291321,0
239,368,0.2550897002220154,0
239,369,-0.11206496506929398,0
239,370,1.244560718536377,0
239,371,-0.2947649657726288,0
239,372,-0.7836897373199463,0
239,373,0.30942991375923157,0
239,374,0.15519782900810242,0
239,375,0.13809946179389954,0
239,376,-0.031450554728507996,0
239,377,0.5464156866073608,0
239,378,-0.29846298694610596,0
239,379,0.17681600153446198,0
239,380,-0.6054398417472839,0
239,381,0.1280549019575119,0
239,382,-0.213480606675148,0
239,383,0.047770626842975616,0
239,384,-0.2448892593383789,0
239,385,-0.2949981093406677,0
239,386,0.06699461489915848,0
239,387,0.2624317705631256,0
239,388,-0.17961767315864563,0
239,389,0.13883435726165771,0
239,390,0.22424697875976562,0
239,391,1.1389551162719727,0
239,392,0.21292676031589508,0
239,393,1.193590760231018,0
239,394,-0.17551977932453156,0
239,395,-0.8488369584083557,0
239,396,0.03692790865898132,0
239,397,0.10088134557008743,0
239,398,-0.6748879551887512,0
239,399,0.8433877229690552,0
239,400,0.36536896228790283,0
239,401,-0.15107028186321259,0
239,402,0.2821824550628662,0
239,403,0.10014813393354416,0
239,404,-0.11294697225093842,0
239,405,0.3131444752216339,0
239,406,0.4356306195259094,0
239,407,0.16148464381694794,0
239,408,0.07632173597812653,0
239,409,-0.18134373426437378,0
239,410,0.4886586368083954,0
239,411,-0.5888417959213257,0
239,412,0.2435663491487503,0
239,413,-0.27096810936927795,0
239,414,0.056356944143772125,0
239,415,0.4778286814689636,0
239,416,0.4837040603160858,0
239,417,-0.1173899695277214,0
239,418,0.08537077158689499,0
239,419,0.3523770868778229,0
239,420,0.8864816427230835,0
239,421,-0.3954950273036957,0
239,422,0.3496971130371094,0
239,423,-0.5377693772315979,0
239,424,0.6465871930122375,0
239,425,-0.7007743716239929,0
239,426,0.3624879717826843,0
239,427,0.01371618453413248,0
239,428,-0.4513675272464752,0
239,429,0.36522766947746277,0
239,430,0.28066107630729675,0
239,431,0.10668288171291351,0
239,432,-0.15808919072151184,0
239,433,0.12659361958503723,0
239,434,-0.2260240912437439,0
239,435,-0.288516640663147,0
239,436,0.3867115080356598,0
239,437,-0.31408339738845825,0
239,438,0.3086933493614197,0
239,439,0.21612611413002014,0
239,440,-0.04980985075235367,0
239,441,0.6242956519126892,0
239,442,-0.3067932426929474,0
239,443,-0.18802593648433685,0
239,444,-0.010056894272565842,0
239,445,0.05219530686736107,0
239,446,-0.25369909405708313,0
239,447,0.6685845851898193,0
239,448,-0.42320552468299866,0
239,449,0.5150730609893799,0
239,450,-0.3532906174659729,0
239,451,-0.03420562297105789,0
239,452,-0.08438698202371597,0
239,453,0.2258598357439041,0
239,454,-0.2343500256538391,0
239,455,0.20054127275943756,0
239,456,-0.21211911737918854,0
239,457,0.24064595997333527,0
239,458,-0.4237668216228485,0
239,459,-0.3167286813259125,0
239,460,0.14183126389980316,0
239,461,0.8971599340438843,0
239,462,0.37917789816856384,0
239,463,0.5029338002204895,0
239,464,0.48213669657707214,0
239,465,-0.46791180968284607,0
239,466,-0.3640500009059906,0
239,467,-0.1088549941778183,0
239,468,0.6991111636161804,0
239,469,0.06341719627380371,0
239,470,0.5722661018371582,0
239,471,-0.5956325531005859,0
239,472,0.5833181142807007,0
239,473,-0.06528875231742859,0
239,474,0.15538696944713593,0
239,475,0.21463818848133087,0
239,476,0.2606949508190155,0
239,477,0.5172423720359802,0
239,478,1.043279767036438,0
239,479,-0.30827414989471436,0
239,480,1.1032631397247314,0
239,481,0.22472290694713593,0
239,482,0.4704492688179016,0
239,483,0.2993468642234802,0
239,484,-0.5870988965034485,0
239,485,-0.02868134342133999,0
239,486,0.6850519776344299,0
239,487,-0.26254427433013916,0
239,488,0.6216475367546082,0
239,489,-0.3131788671016693,0
239,490,-1.1962414979934692,0
239,491,-0.5010468363761902,0
239,492,0.594285786151886,0
239,493,-0.30593207478523254,0
239,494,0.7101985216140747,0
239,495,0.10805685073137283,0
239,496,0.176969975233078,0
239,497,1.0176575183868408,0
239,498,0.5212572813034058,0
239,499,0.5379037857055664,0
239,500,0.13063445687294006,0
239,501,0.39782705903053284,0
239,502,0.5113233327865601,0
239,503,0.6184176802635193,0
239,504,0.860582709312439,0
239,505,-0.4333144426345825,0
239,506,0.8101530075073242,0
239,507,2.253648281097412,0
239,508,0.844158411026001,0
239,509,0.2246534824371338,0
239,510,1.2162734270095825,0
239,511,0.9494683742523193,0
239,512,0.38574811816215515,0
239,513,-0.659669041633606,0
239,514,-0.834552526473999,0
239,515,-0.5124068260192871,0
239,516,-0.5202490091323853,0
239,517,-0.7923498153686523,0
239,518,0.4288102090358734,0
239,519,-0.25350892543792725,0
239,520,-0.7527509927749634,0
239,521,0.48045632243156433,0
239,522,-0.8271807432174683,0
239,523,-0.27694806456565857,0
239,524,0.21299481391906738,0
239,525,-0.35553503036499023,0
239,526,-0.5243255496025085,0
239,527,-1.4314061403274536,0
239,528,0.7118410468101501,0
239,529,0.406673401594162,0
239,530,-0.1662239283323288,0
239,531,-0.4142204821109772,0
239,532,0.7126821875572205,0
239,533,-0.19141274690628052,0
239,534,0.6759642958641052,0
239,535,1.0332896709442139,0
239,536,-0.019971661269664764,1
239,537,0.922370195388794,0
239,538,0.2307095229625702,0
239,539,0.09703265130519867,0
239,540,0.5199981331825256,0
239,541,0.9976388812065125,0
239,542,0.6270254254341125,0
239,543,0.10287118703126907,0
239,544,-0.013630480505526066,0
239,545,1.234769582748413,0
239,546,0.7283462882041931,0
239,547,0.5908029079437256,0
239,548,0.1230558305978775,0
239,549,0.5916951894760132,0
239,550,0.5306645035743713,0
239,551,-0.04536079987883568,0
239,552,0.5455421805381775,0
239,553,0.38745149970054626,0
239,554,0.35660678148269653,0
239,555,-0.16800202429294586,0
239,556,-0.13968999683856964,0
239,557,0.14470750093460083,0
239,558,0.6253682374954224,0
239,559,1.2228834629058838,0
239,560,0.5087913274765015,0
239,561,-0.02126426063477993,0
239,562,0.41791436076164246,0
239,563,0.07688282430171967,0
239,564,0.38088104128837585,0
239,565,0.7274318337440491,0
239,566,-0.3460293114185333,0
239,567,0.6760849356651306,0
239,568,0.2601901590824127,0
239,569,0.7941328883171082,0
239,570,-0.056025706231594086,0
239,571,0.032730940729379654,0
239,572,0.10270460695028305,0
239,573,-0.0936390608549118,0
239,574,0.10745800286531448,0
239,575,1.0564072132110596,0
239,576,0.14382191002368927,0
239,577,0.07096647471189499,0
239,578,1.2071611881256104,0
239,579,0.14366403222084045,0
239,580,0.5275218486785889,0
239,581,0.7594537138938904,0
239,582,0.7297369241714478,0
239,583,0.2926334738731384,0
239,584,0.32119864225387573,0
239,585,0.04086916521191597,0
239,586,0.2714007496833801,0
239,587,0.5491049289703369,0
239,588,-0.4318789541721344,0
239,589,-0.5034420490264893,0
239,590,0.010646508075296879,0
239,591,-0.37052974104881287,0
239,592,0.3640943169593811,0
239,593,-0.49647754430770874,0
239,594,0.28877320885658264,0
239,595,0.6524474024772644,0
239,596,-0.19583839178085327,0
239,597,-0.06843901425600052,0
239,598,-0.22785094380378723,0
239,599,0.28396835923194885,0
239,600,-0.32062527537345886,0
239,601,-0.5632309317588806,0
239,602,-0.1229821965098381,0
239,603,-0.1289379596710205,0
239,604,0.35295620560646057,0
239,605,0.936922550201416,0
239,606,-0.3908665180206299,0
239,607,-0.16111621260643005,0
239,608,-0.23846352100372314,0
239,609,0.021400591358542442,0
239,610,0.365423321723938,0
239,611,0.5814538598060608,0
239,612,0.4258964955806732,0
239,613,0.5629059672355652,0
239,614,0.1452336609363556,0
239,615,0.48372167348861694,0
239,616,0.03257131204009056,0
239,617,0.7550098299980164,0
239,618,-0.4379306137561798,0
239,619,-0.2920106053352356,0
239,620,-0.5374845862388611,0
239,621,-0.1716204732656479,0
239,622,0.30997729301452637,0
239,623,-0.2093200981616974,0
239,624,0.07351420074701309,0
239,625,-0.7763617634773254,0
239,626,0.19321215152740479,0
239,627,0.3686220645904541,0
239,628,0.027758318930864334,0
239,629,0.7889742851257324,0
239,630,0.5390511751174927,0
239,631,0.07360140234231949,0
239,632,0.20729774236679077,0
239,633,0.5320623517036438,0
239,634,0.10552775114774704,0
239,635,0.7159198522567749,0
239,636,0.5054636597633362,0
239,637,-0.06116953864693642,0
239,638,1.3007081747055054,0
239,639,0.1326603889465332,0
239,640,0.5776888132095337,0
239,641,0.2206723988056183,0
239,642,0.28048115968704224,0
239,643,-0.1337175816297531,0
239,644,-0.30299264192581177,0
239,645,-0.16121067106723785,0
239,646,0.709621787071228,0
239,647,0.5179182291030884,0
239,648,0.3728032410144806,0
239,649,1.0857232809066772,0
239,650,0.20314115285873413,0
239,651,0.5233198404312134,0
239,652,0.4358099699020386,0
239,653,0.14399854838848114,0
239,654,0.44200676679611206,0
239,655,1.189042329788208,0
239,656,0.985257625579834,0
239,657,-0.6816238164901733,0
239,658,0.6070003509521484,0
239,659,0.5020166039466858,0
239,660,0.6565427184104919,0
239,661,0.243011936545372,0
239,662,0.19195929169654846,0
239,663,-0.3094569444656372,0
239,664,0.2818762958049774,0
239,665,0.02744540385901928,0
239,666,0.45884227752685547,0
239,667,-0.2273198813199997,0
239,668,1.0358649492263794,0
239,669,0.4823698103427887,0
239,670,1.3069353103637695,0
239,671,0.9976603984832764,0
239,672,-0.5394794940948486,0
239,673,0.9885368943214417,0
239,674,0.44388192892074585,0
239,675,0.16121123731136322,0
239,676,0.5976846814155579,0
239,677,0.06004634127020836,0
239,678,0.001685442985035479,0
239,679,0.6074044108390808,0
239,680,-0.009534792974591255,0
239,681,0.04351338744163513,0
239,682,-0.29230576753616333,0
239,683,-0.4450835883617401,0
239,684,0.4795919954776764,0
239,685,-0.3249362111091614,0
239,686,0.432586669921875,0
239,687,1.098828673362732,0
239,688,0.6000488996505737,0
239,689,-0.1408318728208542,0
239,690,1.0446457862854004,0
239,691,0.7743720412254333,0
239,692,0.7511072754859924,0
239,693,0.9214836955070496,0
239,694,0.16394853591918945,0
239,695,0.08908098191022873,0
239,696,-0.389008492231369,0
239,697,0.4486078917980194,0
