,head,relation,tail
0,Product details,is parent of,Nail compounds
1,Nail compounds,is parent of,Acrylic
2,Nail compounds,is parent of,Artistry jargod
3,Nail compounds,is parent of,Flawless nail
4,Nail compounds,is parent of,Polish set
5,Product details,is parent of,Cover details
6,Cover details,is parent of,Beauty silky
7,Cover details,is parent of,Complexion cosmocos
8,Cover details,is parent of,Sun protection
9,Cover details,is parent of,Cream delivers
10,Product details,is parent of,Skin details
11,Skin details,is parent of,Youthful complexion
12,Skin details,is parent of,Smoother skin
13,Skin details,is parent of,Serum potent
14,Skin details,is parent of,Ounces serum
15,Skin details,is parent of,Retinol
16,Product details,is parent of,Skin care solutions
17,Skin care solutions,is parent of,Fine mist
18,Skin care solutions,is parent of,Refilling needs
19,Skin care solutions,is parent of,Glass spray
20,Skin care solutions,is parent of,Convenient pack
21,Skin care solutions,is parent of,Stylish solution
22,Product details,is parent of,Skin ingredients
23,Skin ingredients,is parent of,Hyaluronic acid
24,Skin ingredients,is parent of,Indulge skin
25,Skin ingredients,is parent of,Aqua boosting
26,Skin ingredients,is parent of,Sedum extract
27,Skin ingredients,is parent of,Ounces celimax
28,Product details,is parent of,Anti-aging products
29,Anti-aging products,is parent of,Collagen
30,Anti-aging products,is parent of,Dose resveratrol
31,Anti-aging products,is parent of,Serum provides
32,Anti-aging products,is parent of,Aging elixir
33,Anti-aging products,is parent of,Complexion merlot
34,Product details,is parent of,Bath & Spa Products
35,Bath & Spa Products,is parent of,Ounces bath
36,Bath & Spa Products,is parent of,Spa experience
37,Bath & Spa Products,is parent of,Pillow meticulously
38,Bath & Spa Products,is parent of,Bathtub preventing
39,Bath & Spa Products,is parent of,Cups pillow
40,Product details,is parent of,Nail Care Products
41,Nail Care Products,is parent of,Manicure home
42,Nail Care Products,is parent of,Festive hues
43,Nail Care Products,is parent of,Polish set
44,Nail Care Products,is parent of,Anzuo
45,Nail Care Products,is parent of,Popular gel
46,Product details,is parent of,Beauty Accessories
47,Beauty Accessories,is parent of,Vitamins bottle
48,Beauty Accessories,is parent of,Skycy
49,Beauty Accessories,is parent of,Comfortably carry
50,Beauty Accessories,is parent of,Portable travel
51,Beauty Accessories,is parent of,Bottle measures
52,Starter kit,is parent of,French manicures
53,French manicures,is parent of,Colors kit
54,French manicures,is parent of,Dip powder
55,French manicures,is parent of,Manicures home
56,Product details,is parent of,Lotion & Skin Revitalizing
57,Lotion & Skin Revitalizing,is parent of,Lotion travel
58,Lotion & Skin Revitalizing,is parent of,Skin revitalizing
59,Lotion & Skin Revitalizing,is parent of,Perfect pampering
60,Lotion & Skin Revitalizing,is parent of,Spanature green
61,Lotion & Skin Revitalizing,is parent of,Tea hand
62,Product details,is parent of,Lash & Mascara
63,Lash & Mascara,is parent of,Black waterproof
64,Lash & Mascara,is parent of,Lash stunning
65,Lash & Mascara,is parent of,Mascara resists
66,Lash & Mascara,is parent of,4d silk
67,Lash & Mascara,is parent of,Silky texture
68,Product details,is parent of,Luxurious Touch
69,Luxurious Touch,is parent of,Blossom hand
70,Luxurious Touch,is parent of,Care polish
71,Luxurious Touch,is parent of,Body sugar
72,Luxurious Touch,is parent of,Oil moisturizing
73,Product details,is parent of,Innovative Brush
74,Innovative Brush,is parent of,Grooming
75,Innovative Brush,is parent of,Cleaning mechanism
76,Innovative Brush,is parent of,Smoother
77,Product details,is parent of,Hydrate
78,Hydrate,is parent of,Palnour cucumber
79,Hydrate,is parent of,Perfect skincare
80,Hydrate,is parent of,Dose cucumber
81,Hydrate,is parent of,Intensely moisturizing
82,Product details,is parent of,Count Mascara
83,Count Mascara,is parent of,Black waterproof
84,Count Mascara,is parent of,Lashes remain
85,Count Mascara,is parent of,Silk fiber
86,Count Mascara,is parent of,Dramatic lash
87,Product details,is parent of,Denese Skinscience
88,Denese Skinscience,is parent of,Anti aging
89,Denese Skinscience,is parent of,Oil luxurious
90,Denese Skinscience,is parent of,Skin dr
91,Denese Skinscience,is parent of,Lipids leaving
92,Product details,is parent of,Eyeshadows
93,Eyeshadows,is parent of,Vibrant collection
94,Eyeshadows,is parent of,Kissio
95,Eyeshadows,is parent of,Colors perfect
96,Eyeshadows,is parent of,Gift makeup
97,Product details,is parent of,Makeup Bag
98,Makeup Bag,is parent of,Reusable magnetic
99,Makeup Bag,is parent of,Eyenjoy
100,Makeup Bag,is parent of,Lashes
101,Makeup Bag,is parent of,Luxurious kit
102,B08LYT4Q2X,related to,Oil moisturizing
103,B08LYT4Q2X,related to,Oil luxurious
104,B08LYT4Q2X,related to,Intensely moisturizing
105,B089CSF11Y,related to,Glass spray
106,B089CSF11Y,related to,Refilling needs
107,B089CSF11Y,related to,Ounces serum
108,B089CSF11Y,related to,Ounces celimax
109,B089CSF11Y,related to,Ounces bath
110,B089CSF11Y,related to,Bottle measures
111,B081ZN3TD5,related to,Ounces bath
112,B08WF29DM9,related to,Anti-aging products
113,B08WF29DM9,related to,Hydrate
114,B08WF29DM9,related to,Aging elixir
115,B08WF29DM9,related to,Anti aging
116,B08WF29DM9,related to,Cream delivers
117,B08WF29DM9,related to,Festive hues
118,B08WF29DM9,related to,Intensely moisturizing
119,B08HMLXW65,related to,Convenient pack
120,B08HMLXW65,related to,Acrylic
121,B08BF4BKKM,related to,Makeup Bag
122,B08BF4BKKM,related to,Starter kit
123,B08BF4BKKM,related to,Gift makeup
124,B08BF4BKKM,related to,Colors kit
125,B08BF4BKKM,related to,Luxurious kit
126,B08BF4BKKM,related to,Beauty silky
127,B08BF4BKKM,related to,Smoother skin
128,B08BF4BKKM,related to,Silky texture
129,B08BF4BKKM,related to,Perfect skincare
130,B08BF4BKKM,related to,Vitamins bottle
131,B08JCX3DL7,related to,Lash & Mascara
132,B08JCX3DL7,related to,Count Mascara
133,B08JCX3DL7,related to,Eyeshadows
134,B08JCX3DL7,related to,Makeup Bag
135,B08JCX3DL7,related to,Dip powder
136,B08JCX3DL7,related to,Gift makeup
137,B08JCX3DL7,related to,Lashes
138,B08SQ31H8P,related to,Innovative Brush
139,B08SQ31H8P,related to,Spa experience
140,B08SQ31H8P,related to,Grooming
141,B08C24Q6LB,related to,Lash & Mascara
142,B08C24Q6LB,related to,Count Mascara
143,B08C24Q6LB,related to,Mascara resists
144,B08C24Q6LB,related to,Lashes
145,B08C24Q6LB,related to,Lash stunning
146,B08C24Q6LB,related to,Lashes remain
147,B08C24Q6LB,related to,Dramatic lash
148,B08C24Q6LB,related to,4d silk
149,B08C24Q6LB,related to,Silk fiber
150,B07SW7D6ZR,related to,Lotion & Skin Revitalizing
151,B07SW7D6ZR,related to,Anti-aging products
152,B07SW7D6ZR,related to,Ounces serum
153,B07SW7D6ZR,related to,Ounces celimax
154,B07SW7D6ZR,related to,Ounces bath
155,B07SW7D6ZR,related to,Lotion travel
156,B07SW7D6ZR,related to,Youthful complexion
157,B07SW7D6ZR,related to,Smoother skin
158,B07SW7D6ZR,related to,Aging elixir
159,B07SW7D6ZR,related to,Skin revitalizing
160,B07SW7D6ZR,related to,Oil moisturizing
161,B07SW7D6ZR,related to,Intensely moisturizing
162,B07SW7D6ZR,related to,Anti aging
163,B07SW7D6ZR,related to,Indulge skin
164,B07SW7D6ZR,related to,Skin dr
165,B07SW7D6ZR,related to,Smoother
166,B08PTZL95G,related to,Beauty Accessories
167,B08PTZL95G,related to,Beauty silky
168,B088M5P8FN,related to,Nail compounds
169,B088M5P8FN,related to,Nail Care Products
170,B088M5P8FN,related to,French manicures
171,B088M5P8FN,related to,Luxurious Touch
172,B088M5P8FN,related to,Flawless nail
173,B088M5P8FN,related to,Manicure home
174,B088M5P8FN,related to,Popular gel
175,B088M5P8FN,related to,Manicures home
176,B088M5P8FN,related to,Acrylic
177,B088M5P8FN,related to,Pillow meticulously
178,B088M5P8FN,related to,Gift makeup
179,B0845LNDJK,related to,Skin details
180,B0845LNDJK,related to,Skin care solutions
181,B0845LNDJK,related to,Skin ingredients
182,B0845LNDJK,related to,Lotion & Skin Revitalizing
183,B0845LNDJK,related to,Complexion cosmocos
184,B0845LNDJK,related to,Youthful complexion
185,B0845LNDJK,related to,Smoother skin
186,B0845LNDJK,related to,Indulge skin
187,B0845LNDJK,related to,Complexion merlot
188,B0845LNDJK,related to,Skin revitalizing
189,B0845LNDJK,related to,Perfect skincare
190,B0845LNDJK,related to,Skin dr
191,B08J7R5HHX,related to,Eyeshadows
192,B08J7R5HHX,related to,Luxurious Touch
193,B08J7R5HHX,related to,Eyenjoy
194,B08J7R5HHX,related to,Lashes
195,B08J7R5HHX,related to,Serum potent
196,B08J7R5HHX,related to,Ounces serum
197,B08J7R5HHX,related to,Serum provides
198,B08J7R5HHX,related to,Oil luxurious
199,B08J7R5HHX,related to,Luxurious kit
200,B089NJG212,related to,Luxurious Touch
201,B089NJG212,related to,Skin details
202,B089NJG212,related to,Skin care solutions
203,B089NJG212,related to,Skin ingredients
204,B089NJG212,related to,Lotion & Skin Revitalizing
205,B089NJG212,related to,Denese Skinscience
206,B089NJG212,related to,Oil luxurious
207,B089NJG212,related to,Luxurious kit
208,B089NJG212,related to,Complexion cosmocos
209,B089NJG212,related to,Smoother skin
210,B089NJG212,related to,Indulge skin
211,B089NJG212,related to,Complexion merlot
212,B089NJG212,related to,Skin revitalizing
213,B089NJG212,related to,Perfect skincare
214,B089NJG212,related to,Skin dr
215,B089NJG212,related to,Colors kit
216,B089NJG212,related to,Colors perfect
217,B083TLNBJJ,related to,Hydrate
218,B083TLNBJJ,related to,Skin details
219,B083TLNBJJ,related to,Skin care solutions
220,B083TLNBJJ,related to,Skin ingredients
221,B083TLNBJJ,related to,Lotion & Skin Revitalizing
222,B083TLNBJJ,related to,Serum potent
223,B083TLNBJJ,related to,Ounces serum
224,B083TLNBJJ,related to,Serum provides
225,B083TLNBJJ,related to,Smoother skin
226,B083TLNBJJ,related to,Indulge skin
227,B083TLNBJJ,related to,Complexion merlot
228,B083TLNBJJ,related to,Skin revitalizing
229,B083TLNBJJ,related to,Perfect skincare
230,B083TLNBJJ,related to,Skin dr
231,B083TLNBJJ,related to,Vitamins bottle
232,B08BS3WDPJ,related to,Skin care solutions
233,B08BS3WDPJ,related to,Skin ingredients
234,B08BS3WDPJ,related to,Lotion & Skin Revitalizing
235,B08BS3WDPJ,related to,Hydrate
236,B08BS3WDPJ,related to,Luxurious Touch
237,B08BS3WDPJ,related to,Smoother skin
238,B08BS3WDPJ,related to,Skin revitalizing
239,B08BS3WDPJ,related to,Oil moisturizing
240,B08BS3WDPJ,related to,Intensely moisturizing
241,B08BS3WDPJ,related to,Oil luxurious
242,B08BS3WDPJ,related to,Luxurious kit
243,B07YG4PRTN,related to,Innovative Brush
244,B07YG4PRTN,related to,Complexion cosmocos
245,B07YG4PRTN,related to,Youthful complexion
246,B07YG4PRTN,related to,Smoother skin
247,B07YG4PRTN,related to,Indulge skin
248,B07YG4PRTN,related to,Complexion merlot
249,B07YG4PRTN,related to,Perfect skincare
250,B07YG4PRTN,related to,Skin dr
251,B089D16BWJ,related to,Skin details
252,B089D16BWJ,related to,Skin care solutions
253,B089D16BWJ,related to,Skin ingredients
254,B089D16BWJ,related to,Lotion & Skin Revitalizing
255,B089D16BWJ,related to,Smoother skin
256,B089D16BWJ,related to,Indulge skin
257,B089D16BWJ,related to,Skin revitalizing
258,B089D16BWJ,related to,Perfect skincare
259,B089D16BWJ,related to,Skin dr
260,B07FPS2VFK,related to,Body sugar
261,B08HZ5Y8RY,related to,Nail compounds
262,B08HZ5Y8RY,related to,Nail Care Products
263,B08HZ5Y8RY,related to,Skin ingredients
264,B08HZ5Y8RY,related to,Polish set
265,B08HZ5Y8RY,related to,Care polish
266,B08HZ5Y8RY,related to,Flawless nail
267,B08HZ5Y8RY,related to,Popular gel
268,B088PYN4VM,related to,Starter kit
269,B088PYN4VM,related to,Colors kit
270,B088PYN4VM,related to,Luxurious kit
271,B088PYN4VM,related to,Grooming
272,B08F79Z1Q5,related to,Nail Care Products
273,B08F79Z1Q5,related to,Hydrate
274,B08F79Z1Q5,related to,Grooming
275,B08F79Z1Q5,related to,Glass spray
276,B08F79Z1Q5,related to,Dip powder
277,B08F79Z1Q5,related to,Aqua boosting
278,B08F79Z1Q5,related to,Refilling needs
279,B08F79Z1Q5,related to,Bottle measures
280,B07P4LLZS6,related to,Skin care solutions
281,B07P4LLZS6,related to,Beauty Accessories
282,B07P4LLZS6,related to,Lotion & Skin Revitalizing
283,B07P4LLZS6,related to,Skin details
284,B07P4LLZS6,related to,Skin ingredients
285,B07P4LLZS6,related to,Beauty silky
286,B07P4LLZS6,related to,Skin revitalizing
287,B07P4LLZS6,related to,Perfect skincare
288,B07P4LLZS6,related to,Complexion cosmocos
289,B07P4LLZS6,related to,Youthful complexion
290,B07P4LLZS6,related to,Smoother skin
291,B07P4LLZS6,related to,Indulge skin
292,B07P4LLZS6,related to,Complexion merlot
293,B07P4LLZS6,related to,Skin dr
294,B07NPWK167,related to,Skin details
295,B07NPWK167,related to,Skin care solutions
296,B07NPWK167,related to,Skin ingredients
297,B07NPWK167,related to,Lotion & Skin Revitalizing
298,B07NPWK167,related to,Smoother skin
299,B07NPWK167,related to,Indulge skin
300,B07NPWK167,related to,Skin revitalizing
301,B07NPWK167,related to,Perfect skincare
302,B07NPWK167,related to,Skin dr
303,B08HRHCZV2,related to,Vitamins bottle
304,B08HRHCZV2,related to,Bottle measures
305,B08K8P7LN6,related to,Nail Care Products
306,B08K8P7LN6,related to,French manicures
307,B08K8P7LN6,related to,Nail compounds
308,B08K8P7LN6,related to,Flawless nail
309,B08K8P7LN6,related to,Manicure home
310,B08K8P7LN6,related to,Manicures home
311,B08K8P7LN6,related to,Acrylic
312,B08K8P7LN6,related to,Popular gel
313,B07W397QG4,related to,Skin ingredients
314,B07W397QG4,related to,Skin details
315,B07W397QG4,related to,Skin care solutions
316,B07W397QG4,related to,Beauty silky
317,B07W397QG4,related to,Cream delivers
318,B07W397QG4,related to,Smoother skin
319,B07W397QG4,related to,Silky texture
320,B07W397QG4,related to,Silk fiber
321,B07W397QG4,related to,Oil moisturizing
322,B07W397QG4,related to,Intensely moisturizing
323,B07W397QG4,related to,Youthful complexion
324,B07W397QG4,related to,Indulge skin
325,B07W397QG4,related to,Skin revitalizing
326,B07W397QG4,related to,Perfect skincare
327,B07W397QG4,related to,Skin dr
328,B07Z4CVTRP,related to,Glass spray
329,B07Z4CVTRP,related to,Bottle measures
330,B07Z4CVTRP,related to,Ounces bath
331,B0941YDPSW,related to,Cleaning mechanism
332,B08Q3F3L7S,related to,Nail Care Products
333,B08Q3F3L7S,related to,Grooming
334,B07HVRP37G,related to,Skin details
335,B07HVRP37G,related to,Skin care solutions
336,B07HVRP37G,related to,Skin ingredients
337,B07HVRP37G,related to,Lotion & Skin Revitalizing
338,B07HVRP37G,related to,Denese Skinscience
339,B07HVRP37G,related to,Complexion cosmocos
340,B07HVRP37G,related to,Smoother skin
341,B07HVRP37G,related to,Indulge skin
342,B07HVRP37G,related to,Complexion merlot
343,B07HVRP37G,related to,Skin revitalizing
344,B07HVRP37G,related to,Perfect skincare
345,B07HVRP37G,related to,Skin dr
346,B0888CX245,related to,Starter kit
347,B0888CX245,related to,Nail Care Products
348,B0888CX245,related to,French manicures
349,B0888CX245,related to,Nail compounds
350,B0888CX245,related to,Colors kit
351,B0888CX245,related to,Luxurious kit
352,B0888CX245,related to,Manicure home
353,B0888CX245,related to,Manicures home
354,B0888CX245,related to,Flawless nail
355,B087ZQK2G8,related to,Cream delivers
356,B085RQKWNF,related to,Nail compounds
357,B085RQKWNF,related to,Nail Care Products
358,B085RQKWNF,related to,French manicures
359,B085RQKWNF,related to,Polish set
360,B085RQKWNF,related to,Artistry jargod
361,B085RQKWNF,related to,Flawless nail
362,B085RQKWNF,related to,Manicure home
363,B085RQKWNF,related to,Manicures home
364,B08N6CLJ6P,related to,Eyeshadows
365,B08N6CLJ6P,related to,Beauty Accessories
366,B08N6CLJ6P,related to,Makeup Bag
367,B08N6CLJ6P,related to,Beauty silky
368,B08N6CLJ6P,related to,Gift makeup
369,B08NC4378M,related to,Nail compounds
370,B08NC4378M,related to,Nail Care Products
371,B08NC4378M,related to,Acrylic
372,B08NC4378M,related to,Flawless nail
373,B08DKFV9SR,related to,Beauty silky
374,B08DKFV9SR,related to,Lash stunning
375,B07PCGSFGQ,related to,Skin care solutions
376,B07PCGSFGQ,related to,Skin ingredients
377,B07PCGSFGQ,related to,Skin details
378,B07PCGSFGQ,related to,Smoother skin
379,B07PCGSFGQ,related to,Perfect skincare
380,B07PCGSFGQ,related to,Complexion cosmocos
381,B07PCGSFGQ,related to,Youthful complexion
382,B07PCGSFGQ,related to,Indulge skin
383,B07PCGSFGQ,related to,Complexion merlot
384,B07PCGSFGQ,related to,Skin revitalizing
385,B07PCGSFGQ,related to,Skin dr
386,B089R7S73D,related to,Bath & Spa Products
387,B089R7S73D,related to,Luxurious Touch
388,B089R7S73D,related to,Spa experience
389,B089R7S73D,related to,Oil luxurious
390,B089R7S73D,related to,Luxurious kit
391,B089R7S73D,related to,Perfect pampering
392,B089R7S73D,related to,Oil moisturizing
393,B089R7S73D,related to,Intensely moisturizing
394,B0863FZFPV,related to,Lashes
395,B0863FZFPV,related to,Colors perfect
396,B086GST51S,related to,Lash & Mascara
397,B086GST51S,related to,Count Mascara
398,B086GST51S,related to,Lash stunning
399,B086GST51S,related to,Mascara resists
400,B086GST51S,related to,Lashes remain
401,B086GST51S,related to,Dramatic lash
402,B086GST51S,related to,Lashes
403,B09L33VJCL,related to,Makeup Bag
404,B09L33VJCL,related to,Skin details
405,B09L33VJCL,related to,Skin care solutions
406,B09L33VJCL,related to,Skin ingredients
407,B09L33VJCL,related to,Lotion & Skin Revitalizing
408,B09L33VJCL,related to,Denese Skinscience
409,B09L33VJCL,related to,Cleaning mechanism
410,B09L33VJCL,related to,Complexion cosmocos
411,B09L33VJCL,related to,Smoother skin
412,B09L33VJCL,related to,Indulge skin
413,B09L33VJCL,related to,Complexion merlot
414,B09L33VJCL,related to,Skin revitalizing
415,B09L33VJCL,related to,Perfect skincare
416,B09L33VJCL,related to,Skin dr
417,B085MCMZLX,related to,Grooming
418,B08343FS9P,related to,Bath & Spa Products
419,B08343FS9P,related to,Portable travel
420,B08343FS9P,related to,Luxurious kit
421,B08343FS9P,related to,Ounces serum
422,B08343FS9P,related to,Ounces celimax
423,B07JGD2T2J,related to,Bath & Spa Products
424,B07JGD2T2J,related to,Lotion & Skin Revitalizing
425,B07JGD2T2J,related to,Luxurious Touch
426,B07JGD2T2J,related to,Smoother skin
427,B07JGD2T2J,related to,Lotion travel
428,B07JGD2T2J,related to,Oil moisturizing
429,B07JGD2T2J,related to,Intensely moisturizing
430,B07JGD2T2J,related to,Oil luxurious
431,B07JGD2T2J,related to,Luxurious kit
432,B07JGD2T2J,related to,Cream delivers
433,B07JGD2T2J,related to,Grooming
434,B0919R1CYT,related to,Skin details
435,B0919R1CYT,related to,Skin care solutions
436,B0919R1CYT,related to,Skin ingredients
437,B0919R1CYT,related to,Lotion & Skin Revitalizing
438,B0919R1CYT,related to,Gift makeup
439,B0919R1CYT,related to,Complexion cosmocos
440,B0919R1CYT,related to,Youthful complexion
441,B0919R1CYT,related to,Smoother skin
442,B0919R1CYT,related to,Indulge skin
443,B0919R1CYT,related to,Complexion merlot
444,B0919R1CYT,related to,Skin revitalizing
445,B0919R1CYT,related to,Perfect skincare
446,B0919R1CYT,related to,Skin dr
447,B0919R1CYT,related to,Smoother
448,B0919R1CYT,related to,Flawless nail
449,B0919R1CYT,related to,Beauty silky
450,B0919R1CYT,related to,Colors perfect
451,B08B3TCMSQ,related to,Nail compounds
452,B08B3TCMSQ,related to,Nail Care Products
453,B08B3TCMSQ,related to,French manicures
454,B08B3TCMSQ,related to,Flawless nail
455,B08B3TCMSQ,related to,Manicure home
456,B08B3TCMSQ,related to,Manicures home
457,B08B3TCMSQ,related to,Grooming
458,B08B3TCMSQ,related to,Acrylic
459,B083122WRC,related to,Luxurious Touch
460,B083122WRC,related to,Oil luxurious
461,B083122WRC,related to,Luxurious kit
462,B088GWCVVJ,related to,Hydrate
463,B088GWCVVJ,related to,Skin details
464,B088GWCVVJ,related to,Cream delivers
465,B088GWCVVJ,related to,Smoother skin
466,B088GWCVVJ,related to,Indulge skin
467,B088GWCVVJ,related to,Skin dr
468,B08KJF6Y6C,related to,Lash & Mascara
469,B08KJF6Y6C,related to,Count Mascara
470,B08KJF6Y6C,related to,Starter kit
471,B08KJF6Y6C,related to,Reusable magnetic
472,B08KJF6Y6C,related to,Lash stunning
473,B08KJF6Y6C,related to,Lashes remain
474,B08KJF6Y6C,related to,Dramatic lash
475,B08KJF6Y6C,related to,Lashes
476,B08KJF6Y6C,related to,Mascara resists
477,B08KJF6Y6C,related to,Colors kit
478,B08KJF6Y6C,related to,Luxurious kit
479,B08MRRNL18,related to,Lash & Mascara
480,B08MRRNL18,related to,Count Mascara
481,B08MRRNL18,related to,Makeup Bag
482,B08MRRNL18,related to,Lash stunning
483,B08MRRNL18,related to,Mascara resists
484,B08MRRNL18,related to,Lashes remain
485,B08MRRNL18,related to,Dramatic lash
486,B08MRRNL18,related to,Lashes
487,B08MRRNL18,related to,Gift makeup
488,B08MRRNL18,related to,Black waterproof
489,B0B8SFDJN9,related to,Eyeshadows
490,B0B8SFDJN9,related to,Hyaluronic acid
491,B0B8SFDJN9,related to,Lashes
492,B0B8SFDJN9,related to,Grooming
493,B0B8SFDJN9,related to,Serum potent
494,B0B8SFDJN9,related to,Ounces serum
495,B0B8SFDJN9,related to,Serum provides
496,B08575Y9V3,related to,Skin details
497,B08575Y9V3,related to,Skin care solutions
498,B08575Y9V3,related to,Skin ingredients
499,B08575Y9V3,related to,Beauty Accessories
500,B08575Y9V3,related to,Lotion & Skin Revitalizing
501,B08575Y9V3,related to,Smoother skin
502,B08575Y9V3,related to,Indulge skin
503,B08575Y9V3,related to,Skin revitalizing
504,B08575Y9V3,related to,Perfect skincare
505,B08575Y9V3,related to,Skin dr
506,B08575Y9V3,related to,Cream delivers
507,B08VQY1Z1S,related to,Skin details
508,B08VQY1Z1S,related to,Skin care solutions
509,B08VQY1Z1S,related to,Skin ingredients
510,B08VQY1Z1S,related to,Lotion & Skin Revitalizing
511,B08VQY1Z1S,related to,Denese Skinscience
512,B08VQY1Z1S,related to,Serum potent
513,B08VQY1Z1S,related to,Ounces serum
514,B08VQY1Z1S,related to,Serum provides
515,B08VQY1Z1S,related to,Complexion cosmocos
516,B08VQY1Z1S,related to,Smoother skin
517,B08VQY1Z1S,related to,Indulge skin
518,B08VQY1Z1S,related to,Complexion merlot
519,B08VQY1Z1S,related to,Skin revitalizing
520,B08VQY1Z1S,related to,Perfect skincare
521,B08VQY1Z1S,related to,Skin dr
522,B087GB8ZRF,related to,Nail compounds
523,B087GB8ZRF,related to,Nail Care Products
524,B087GB8ZRF,related to,French manicures
525,B087GB8ZRF,related to,Starter kit
526,B087GB8ZRF,related to,Flawless nail
527,B087GB8ZRF,related to,Manicure home
528,B087GB8ZRF,related to,Manicures home
529,B087GB8ZRF,related to,Acrylic
530,B087GB8ZRF,related to,Popular gel
531,B087GB8ZRF,related to,Colors kit
532,B087GB8ZRF,related to,Luxurious kit
533,B07ZS3DKL5,related to,Hydrate
534,B07ZS3DKL5,related to,Skin details
535,B07ZS3DKL5,related to,Skin care solutions
536,B07ZS3DKL5,related to,Denese Skinscience
537,B07ZS3DKL5,related to,Complexion cosmocos
538,B07ZS3DKL5,related to,Youthful complexion
539,B07ZS3DKL5,related to,Smoother skin
540,B07ZS3DKL5,related to,Indulge skin
541,B07ZS3DKL5,related to,Complexion merlot
542,B07ZS3DKL5,related to,Skin revitalizing
543,B07ZS3DKL5,related to,Perfect skincare
544,B07ZS3DKL5,related to,Skin dr
545,B07ZS3DKL5,related to,Palnour cucumber
546,B07ZS3DKL5,related to,Dose cucumber
547,B08SG2MBRY,related to,Palnour cucumber
548,B08SG2MBRY,related to,Dose cucumber
549,B08SG2MBRY,related to,Convenient pack
550,B08SG2MBRY,related to,Perfect skincare
551,B08JTNQFZY,related to,Luxurious Touch
552,B08JTNQFZY,related to,Skin details
553,B08JTNQFZY,related to,Skin care solutions
554,B08JTNQFZY,related to,Skin ingredients
555,B08JTNQFZY,related to,Lotion & Skin Revitalizing
556,B08JTNQFZY,related to,Denese Skinscience
557,B08JTNQFZY,related to,Oil luxurious
558,B08JTNQFZY,related to,Luxurious kit
559,B08JTNQFZY,related to,Complexion cosmocos
560,B08JTNQFZY,related to,Smoother skin
561,B08JTNQFZY,related to,Indulge skin
562,B08JTNQFZY,related to,Complexion merlot
563,B08JTNQFZY,related to,Skin revitalizing
564,B08JTNQFZY,related to,Perfect skincare
565,B08JTNQFZY,related to,Skin dr
566,B08QVJ4NVD,related to,Cream delivers
567,B08QVJ4NVD,related to,Smoother skin
568,B08QVJ4NVD,related to,Pillow meticulously
569,B08BB3P4VQ,related to,Luxurious Touch
570,B08BB3P4VQ,related to,Hydrate
571,B08BB3P4VQ,related to,Lotion & Skin Revitalizing
572,B08BB3P4VQ,related to,Oil luxurious
573,B08BB3P4VQ,related to,Luxurious kit
574,B08BB3P4VQ,related to,Intensely moisturizing
575,B08BB3P4VQ,related to,Lotion travel
576,B07ZQRX7FX,related to,Hydrate
577,B07ZQRX7FX,related to,Skin details
578,B07ZQRX7FX,related to,Skin care solutions
579,B07ZQRX7FX,related to,Lotion & Skin Revitalizing
580,B07ZQRX7FX,related to,Smoother skin
581,B07ZQRX7FX,related to,Indulge skin
582,B07ZQRX7FX,related to,Skin revitalizing
583,B07ZQRX7FX,related to,Perfect skincare
584,B07ZQRX7FX,related to,Skin dr
585,B07ZQRX7FX,related to,Cleaning mechanism
586,B08PLFZB89,related to,Product details
587,B08PLFZB89,related to,Ounces serum
588,B08PLFZB89,related to,Ounces bath
589,B08PLFZB89,related to,Colors perfect
590,B08C72C56Z,related to,Grooming
591,B07VGBBNTH,related to,Lotion & Skin Revitalizing
592,B07VGBBNTH,related to,Oil moisturizing
593,B07VGBBNTH,related to,Intensely moisturizing
594,B08BKWLHYP,related to,Skin care solutions
595,B08BKWLHYP,related to,Lotion & Skin Revitalizing
596,B08BKWLHYP,related to,Smoother skin
597,B08BKWLHYP,related to,Oil moisturizing
598,B08BKWLHYP,related to,Intensely moisturizing
599,B0844X21MJ,related to,Skin details
600,B0844X21MJ,related to,Skin care solutions
601,B0844X21MJ,related to,Lotion & Skin Revitalizing
602,B0844X21MJ,related to,Cream delivers
603,B0844X21MJ,related to,Smoother skin
604,B0844X21MJ,related to,Indulge skin
605,B0844X21MJ,related to,Skin revitalizing
606,B0844X21MJ,related to,Perfect skincare
607,B0844X21MJ,related to,Skin dr
608,B0844X21MJ,related to,Cleaning mechanism
609,B08HGZXLP6,related to,Glass spray
610,B08HGZXLP6,related to,Refilling needs
611,B07D5FBFQ4,related to,Ounces serum
612,B07D5FBFQ4,related to,Ounces celimax
613,B07D5FBFQ4,related to,Ounces bath
614,B07MZT83KK,related to,Skin details
615,B07MZT83KK,related to,Skin care solutions
616,B07MZT83KK,related to,Skin ingredients
617,B07MZT83KK,related to,Nail Care Products
618,B07MZT83KK,related to,Beauty silky
619,B07MZT83KK,related to,Smoother skin
620,B07MZT83KK,related to,Silky texture
621,B07MZT83KK,related to,Smoother
622,B07MZT83KK,related to,Indulge skin
623,B07MZT83KK,related to,Skin revitalizing
624,B07MZT83KK,related to,Perfect skincare
625,B07MZT83KK,related to,Skin dr
626,B085RS26YH,related to,Silk fiber
627,B08BYK8SKR,related to,Acrylic
628,B07KXM94BT,related to,Beauty Accessories
629,B07KXM94BT,related to,Count Mascara
630,B07KXM94BT,related to,Eyeshadows
631,B07KXM94BT,related to,Makeup Bag
632,B07KXM94BT,related to,Vibrant collection
633,B07KXM94BT,related to,Gift makeup
634,B07KXM94BT,related to,Flawless nail
635,B07KXM94BT,related to,Smoother skin
636,B07KXM94BT,related to,Smoother
637,B08HRNPNR5,related to,Skin care solutions
638,B08HRNPNR5,related to,Skin ingredients
639,B08HRNPNR5,related to,Lotion & Skin Revitalizing
640,B08HRNPNR5,related to,Hydrate
641,B08HRNPNR5,related to,Serum potent
642,B08HRNPNR5,related to,Smoother skin
643,B08HRNPNR5,related to,Skin revitalizing
644,B08HRNPNR5,related to,Oil moisturizing
645,B08HRNPNR5,related to,Intensely moisturizing
646,B08C2T24WG,related to,Grooming
647,B08C2T24WG,related to,Lashes
648,B07RM722DH,related to,Count Mascara
649,B07RM722DH,related to,Makeup Bag
650,B07RM722DH,related to,Eyenjoy
651,B07RM722DH,related to,Gift makeup
652,B07RM722DH,related to,Beauty silky
653,B07RM722DH,related to,Smoother skin
654,B07RM722DH,related to,Silky texture
655,B07RM722DH,related to,Smoother
656,B086XH7BWW,related to,Lotion travel
657,B086XH7BWW,related to,Beauty silky
658,B089QR2Y5B,related to,Grooming
659,B089QR2Y5B,related to,Convenient pack
660,B09473GGM4,related to,Luxurious Touch
661,B09473GGM4,related to,Tea hand
662,B09473GGM4,related to,Oil luxurious
663,B09473GGM4,related to,Luxurious kit
664,B081632HX6,related to,Skin details
665,B081632HX6,related to,Skin care solutions
666,B081632HX6,related to,Skin ingredients
667,B081632HX6,related to,Lotion & Skin Revitalizing
668,B081632HX6,related to,Hydrate
669,B081632HX6,related to,Oil moisturizing
670,B081632HX6,related to,Oil luxurious
671,B081632HX6,related to,Smoother skin
672,B081632HX6,related to,Indulge skin
673,B081632HX6,related to,Skin revitalizing
674,B081632HX6,related to,Intensely moisturizing
675,B081632HX6,related to,Skin dr
676,B08GKVYS1Y,related to,Nail compounds
677,B08GKVYS1Y,related to,Nail Care Products
678,B08GKVYS1Y,related to,French manicures
679,B08GKVYS1Y,related to,Colors kit
680,B08GKVYS1Y,related to,Colors perfect
681,B08GKVYS1Y,related to,Flawless nail
682,B08GKVYS1Y,related to,Manicure home
683,B08GKVYS1Y,related to,Manicures home
684,B08GKVYS1Y,related to,Grooming
685,B08GKVYS1Y,related to,Polish set
686,B08GKVYS1Y,related to,Acrylic
687,B08GKVYS1Y,related to,Popular gel
688,B08HXQ3T9K,related to,Beauty Accessories
689,B08F4ZDVZQ,related to,Skin details
690,B08F4ZDVZQ,related to,Makeup Bag
691,B08F4ZDVZQ,related to,Starter kit
692,B08F4ZDVZQ,related to,Complexion cosmocos
693,B08F4ZDVZQ,related to,Youthful complexion
694,B08F4ZDVZQ,related to,Smoother skin
695,B08F4ZDVZQ,related to,Indulge skin
696,B08F4ZDVZQ,related to,Complexion merlot
697,B08F4ZDVZQ,related to,Skin revitalizing
698,B08F4ZDVZQ,related to,Perfect skincare
699,B08F4ZDVZQ,related to,Skin dr
700,B08F4ZDVZQ,related to,Gift makeup
701,B08F4ZDVZQ,related to,Portable travel
702,B08F4ZDVZQ,related to,Luxurious kit
703,B08P15TB2V,related to,Nail Care Products
704,B08P15TB2V,related to,French manicures
705,B08P15TB2V,related to,Acrylic
706,B08P15TB2V,related to,Popular gel
707,B08P15TB2V,related to,Flawless nail
708,B08P15TB2V,related to,Manicure home
709,B08P15TB2V,related to,Manicures home
710,B08P15TB2V,related to,Polish set
711,B08P15TB2V,related to,Care polish
712,B08P15TB2V,related to,Ounces serum
713,B08P15TB2V,related to,Ounces bath
714,B07MMW5654,related to,Skin details
715,B07MMW5654,related to,Skin care solutions
716,B07MMW5654,related to,Skin ingredients
717,B07MMW5654,related to,Lotion & Skin Revitalizing
718,B07MMW5654,related to,Smoother skin
719,B07MMW5654,related to,Indulge skin
720,B07MMW5654,related to,Skin revitalizing
721,B07MMW5654,related to,Perfect skincare
722,B07MMW5654,related to,Skin dr
723,B07MMW5654,related to,Complexion cosmocos
724,B07MMW5654,related to,Youthful complexion
725,B07MMW5654,related to,Complexion merlot
726,B07MMW5654,related to,Ounces serum
727,B07MMW5654,related to,Ounces bath
728,B07MMW5654,related to,Acrylic
729,B07MMW5654,related to,Polish set
730,B07MMW5654,related to,Care polish
731,B07SLFWZKN,related to,Ounces bath
732,B08YNR839W,related to,Luxurious Touch
733,B08YNR839W,related to,Oil luxurious
734,B08YNR839W,related to,Luxurious kit
735,B07W1WJZFG,related to,Luxurious Touch
736,B07W1WJZFG,related to,Skin care solutions
737,B07W1WJZFG,related to,Lotion & Skin Revitalizing
738,B07W1WJZFG,related to,Cream delivers
739,B07W1WJZFG,related to,Oil luxurious
740,B07W1WJZFG,related to,Luxurious kit
741,B07W1WJZFG,related to,Complexion cosmocos
742,B07W1WJZFG,related to,Youthful complexion
743,B07W1WJZFG,related to,Smoother skin
744,B07W1WJZFG,related to,Indulge skin
745,B07W1WJZFG,related to,Complexion merlot
746,B07W1WJZFG,related to,Skin revitalizing
747,B07W1WJZFG,related to,Perfect skincare
748,B08BY9P4HR,related to,Innovative Brush
749,B08BY9P4HR,related to,Nail Care Products
750,B08BY9P4HR,related to,Grooming
751,B083J1Y349,related to,Nail compounds
752,B083J1Y349,related to,Nail Care Products
753,B083J1Y349,related to,French manicures
754,B083J1Y349,related to,Beauty Accessories
755,B083J1Y349,related to,Starter kit
756,B083J1Y349,related to,Luxurious Touch
757,B083J1Y349,related to,Flawless nail
758,B083J1Y349,related to,Manicure home
759,B083J1Y349,related to,Manicures home
760,B083J1Y349,related to,Grooming
761,B083J1Y349,related to,Oil luxurious
762,B083J1Y349,related to,Luxurious kit
763,B08QFGV5ZQ,related to,Luxurious Touch
764,B08QFGV5ZQ,related to,Grooming
765,B08QFGV5ZQ,related to,Oil luxurious
766,B08QFGV5ZQ,related to,Luxurious kit
767,B07J3GH1W1,related to,French manicures
768,B07J3GH1W1,related to,Nail Care Products
769,B07J3GH1W1,related to,Grooming
770,B07J3GH1W1,related to,Manicure home
771,B07J3GH1W1,related to,Manicures home
772,B08DRBZNZJ,related to,Nail compounds
773,B08DRBZNZJ,related to,Nail Care Products
774,B08DRBZNZJ,related to,French manicures
775,B08DRBZNZJ,related to,Flawless nail
776,B08DRBZNZJ,related to,Manicure home
777,B08DRBZNZJ,related to,Manicures home
778,B08DRBZNZJ,related to,Acrylic
779,B08DRBZNZJ,related to,Dip powder
780,B08DRBZNZJ,related to,Grooming
781,B08P4YQ3K5,related to,Skin care solutions
782,B08P4YQ3K5,related to,Skin ingredients
783,B08P4YQ3K5,related to,Lotion & Skin Revitalizing
784,B08P4YQ3K5,related to,Serum potent
785,B08P4YQ3K5,related to,Ounces serum
786,B08P4YQ3K5,related to,Serum provides
787,B08P4YQ3K5,related to,Oil moisturizing
788,B08P4YQ3K5,related to,Intensely moisturizing
789,B07PCSRSND,related to,Lash & Mascara
790,B07PCSRSND,related to,Count Mascara
791,B07PCSRSND,related to,Lash stunning
792,B07PCSRSND,related to,Lashes remain
793,B07PCSRSND,related to,Dramatic lash
794,B07PCSRSND,related to,Lashes
795,B07PCSRSND,related to,Serum potent
796,B07PCSRSND,related to,Ounces serum
797,B07PCSRSND,related to,Serum provides
798,B07PCSRSND,related to,Youthful complexion
799,B07PCSRSND,related to,Mascara resists
800,B00O2FGBJS,related to,Skin details
801,B00O2FGBJS,related to,Skin care solutions
802,B00O2FGBJS,related to,Skin ingredients
803,B00O2FGBJS,related to,Lotion & Skin Revitalizing
804,B00O2FGBJS,related to,Hydrate
805,B00O2FGBJS,related to,Smoother skin
806,B00O2FGBJS,related to,Indulge skin
807,B00O2FGBJS,related to,Skin revitalizing
808,B00O2FGBJS,related to,Silky texture
809,B00O2FGBJS,related to,Perfect skincare
810,B00O2FGBJS,related to,Skin dr
811,B00O2FGBJS,related to,Serum potent
812,B00O2FGBJS,related to,Vitamins bottle
813,B07FP2C8N8,related to,Bath & Spa Products
814,B07FP2C8N8,related to,Skin details
815,B07FP2C8N8,related to,Ounces bath
816,B07FP2C8N8,related to,Bathtub preventing
817,B07FP2C8N8,related to,Smoother skin
818,B07FP2C8N8,related to,Perfect skincare
819,B07FP2C8N8,related to,Skin dr
820,B07FP2C8N8,related to,Beauty silky
821,B07FP2C8N8,related to,Silky texture
822,B0BTJ6SYKB,related to,Luxurious Touch
823,B089ZQ8Y95,related to,Cleaning mechanism
824,B089ZQ8Y95,related to,Glass spray
825,B089ZQ8Y95,related to,Fine mist
826,B089ZQ8Y95,related to,Bottle measures
827,B08DK74M1P,related to,Hydrate
828,B08DK74M1P,related to,Tea hand
829,B08YJV9YL2,related to,Cleaning mechanism
830,B08LZ6W8RF,related to,Beauty Accessories
831,B08LZ6W8RF,related to,Beauty silky
832,B07VQR3W3Z,related to,Beauty silky
833,B07VQR3W3Z,related to,4d silk
834,B07VQR3W3Z,related to,Silky texture
835,B07VQR3W3Z,related to,Silk fiber
836,B08NJ5BTWG,related to,Skin details
837,B08NJ5BTWG,related to,Skin ingredients
838,B08NJ5BTWG,related to,Lotion & Skin Revitalizing
839,B08NJ5BTWG,related to,Indulge skin
840,B08NJ5BTWG,related to,Skin revitalizing
841,B08NJ5BTWG,related to,Skin dr
842,B08NJ5BTWG,related to,Colors kit
843,B08NJ5BTWG,related to,Spanature green
844,B08NJ5BTWG,related to,Cream delivers
845,B089RLLT5C,related to,Hydrate
846,B089RLLT5C,related to,Oil moisturizing
847,B07T4LKC4D,related to,Skin care solutions
848,B07T4LKC4D,related to,Lotion & Skin Revitalizing
849,B07T4LKC4D,related to,Smoother skin
850,B07T4LKC4D,related to,Oil moisturizing
851,B07T4LKC4D,related to,Intensely moisturizing
852,B07X8W7GJZ,related to,Makeup Bag
853,B07X8W7GJZ,related to,Gift makeup
854,B08RYN11N9,related to,Skin details
855,B08RYN11N9,related to,Skin care solutions
856,B08RYN11N9,related to,Skin ingredients
857,B08RYN11N9,related to,Lotion & Skin Revitalizing
858,B08RYN11N9,related to,Complexion cosmocos
859,B08RYN11N9,related to,Youthful complexion
860,B08RYN11N9,related to,Smoother skin
861,B08RYN11N9,related to,Indulge skin
862,B08RYN11N9,related to,Complexion merlot
863,B08RYN11N9,related to,Skin revitalizing
864,B08RYN11N9,related to,Perfect skincare
865,B08RYN11N9,related to,Skin dr
866,B08JZD8HN4,related to,Nail compounds
867,B08JZD8HN4,related to,Nail Care Products
868,B08JZD8HN4,related to,French manicures
869,B08JZD8HN4,related to,Flawless nail
870,B08JZD8HN4,related to,Beauty silky
871,B08JZD8HN4,related to,Manicure home
872,B08JZD8HN4,related to,Manicures home
873,B086TS3BKQ,related to,Lotion & Skin Revitalizing
874,B086TS3BKQ,related to,Oil moisturizing
875,B086TS3BKQ,related to,Intensely moisturizing
876,B086TS3BKQ,related to,Spa experience
877,B088FBNQXW,related to,Beauty Accessories
878,B088FBNQXW,related to,Sun protection
879,B08XZDXTG2,related to,Hydrate
880,B08XZDXTG2,related to,Skin details
881,B08XZDXTG2,related to,Skin care solutions
882,B08XZDXTG2,related to,Lotion & Skin Revitalizing
883,B08XZDXTG2,related to,Hyaluronic acid
884,B08XZDXTG2,related to,Indulge skin
885,B08XZDXTG2,related to,Skin revitalizing
886,B08XZDXTG2,related to,Perfect skincare
887,B08XZDXTG2,related to,Skin dr
888,B08GMC48QF,related to,Luxurious Touch
889,B08GMC48QF,related to,Oil luxurious
890,B08GMC48QF,related to,Luxurious kit
891,B08LPJT4MT,related to,Lotion & Skin Revitalizing
892,B08LPJT4MT,related to,Spanature green
893,B08LPJT4MT,related to,Lotion travel
894,B08LPJT4MT,related to,Perfect pampering
895,B08BLX72TP,related to,Lash & Mascara
896,B08BLX72TP,related to,Count Mascara
897,B08BLX72TP,related to,Eyeshadows
898,B08BLX72TP,related to,Lash stunning
899,B08BLX72TP,related to,Dramatic lash
900,B08BLX72TP,related to,Lashes
901,B08BLX72TP,related to,Convenient pack
902,B08BLX72TP,related to,Grooming
903,B08CZ5JZMZ,related to,Nail compounds
904,B08CZ5JZMZ,related to,Nail Care Products
905,B08CZ5JZMZ,related to,French manicures
906,B08CZ5JZMZ,related to,Starter kit
907,B08CZ5JZMZ,related to,Innovative Brush
908,B08CZ5JZMZ,related to,Flawless nail
909,B08CZ5JZMZ,related to,Colors kit
910,B08CZ5JZMZ,related to,Luxurious kit
911,B08BLKFGND,related to,Starter kit
912,B08BLKFGND,related to,Colors kit
913,B08BLKFGND,related to,Luxurious kit
914,B07THLR7RR,related to,Hydrate
915,B07THLR7RR,related to,Glass spray
916,B0BG6WX4DH,related to,Glass spray
917,B0BG6WX4DH,related to,Dip powder
918,B0BG6WX4DH,related to,Fine mist
919,B00TK0VV68,related to,Hydrate
920,B00TK0VV68,related to,Skin details
921,B00TK0VV68,related to,Skin care solutions
922,B00TK0VV68,related to,Skin ingredients
923,B00TK0VV68,related to,French manicures
924,B00TK0VV68,related to,Lotion & Skin Revitalizing
925,B00TK0VV68,related to,Denese Skinscience
926,B00TK0VV68,related to,Intensely moisturizing
927,B00TK0VV68,related to,Ounces serum
928,B00TK0VV68,related to,Complexion cosmocos
929,B00TK0VV68,related to,Smoother skin
930,B00TK0VV68,related to,Indulge skin
931,B00TK0VV68,related to,Complexion merlot
932,B00TK0VV68,related to,Skin revitalizing
933,B00TK0VV68,related to,Perfect skincare
934,B00TK0VV68,related to,Skin dr
935,B07YV9J2YZ,related to,Beauty Accessories
936,B07YV9J2YZ,related to,Beauty silky
937,B07YV9J2YZ,related to,Pillow meticulously
938,B07YV9J2YZ,related to,Silky texture
939,B07YV9J2YZ,related to,Silk fiber
940,B08879N2W3,related to,Hydrate
941,B08879N2W3,related to,Intensely moisturizing
942,B08879N2W3,related to,Popular gel
943,B0837K9W6P,related to,Beauty silky
944,B0837K9W6P,related to,Pillow meticulously
945,B0837K9W6P,related to,4d silk
946,B0837K9W6P,related to,Silky texture
947,B0837K9W6P,related to,Silk fiber
948,B0837K9W6P,related to,Grooming
949,B08KT7FCYY,related to,Tea hand
950,B07DKRK8ZW,related to,Starter kit
951,B07DKRK8ZW,related to,Colors kit
952,B07DKRK8ZW,related to,Luxurious kit
953,B07DKRK8ZW,related to,Convenient pack
954,B082MDFNZM,related to,Innovative Brush
955,B082MDFNZM,related to,Smoother
956,B087F14JSH,related to,Skin details
957,B087F14JSH,related to,Skin care solutions
958,B087F14JSH,related to,Skin ingredients
959,B087F14JSH,related to,Lotion & Skin Revitalizing
960,B087F14JSH,related to,Makeup Bag
961,B087F14JSH,related to,Smoother skin
962,B087F14JSH,related to,Indulge skin
963,B087F14JSH,related to,Skin revitalizing
964,B087F14JSH,related to,Perfect skincare
965,B087F14JSH,related to,Skin dr
966,B087F14JSH,related to,Gift makeup
967,B087F14JSH,related to,Cleaning mechanism
968,B085J354CL,related to,Smoother skin
969,B085J354CL,related to,Oil moisturizing
970,B085J354CL,related to,Intensely moisturizing
971,B085J354CL,related to,Beauty silky
972,B085J354CL,related to,Grooming
973,B089YGZZYP,related to,Cleaning mechanism
974,B089YGZZYP,related to,Tea hand
975,B08B5FJMHM,related to,Skin details
976,B08B5FJMHM,related to,Skin care solutions
977,B08B5FJMHM,related to,Skin ingredients
978,B08B5FJMHM,related to,Lotion & Skin Revitalizing
979,B08B5FJMHM,related to,Smoother skin
980,B08B5FJMHM,related to,Ounces bath
981,B08B5FJMHM,related to,Complexion cosmocos
982,B08B5FJMHM,related to,Indulge skin
983,B08B5FJMHM,related to,Complexion merlot
984,B08B5FJMHM,related to,Skin revitalizing
985,B08B5FJMHM,related to,Perfect skincare
986,B08B5FJMHM,related to,Skin dr
987,B086N2SY91,related to,Product details
988,B086N2SY91,related to,Beauty Accessories
989,B08PVH18Z6,related to,Lotion & Skin Revitalizing
990,B08PVH18Z6,related to,Skin details
991,B08PVH18Z6,related to,Skin care solutions
992,B08PVH18Z6,related to,Skin ingredients
993,B08PVH18Z6,related to,Smoother skin
994,B08PVH18Z6,related to,Hyaluronic acid
995,B08PVH18Z6,related to,Oil moisturizing
996,B08PVH18Z6,related to,Intensely moisturizing
997,B08PVH18Z6,related to,Indulge skin
998,B08PVH18Z6,related to,Skin revitalizing
999,B08PVH18Z6,related to,Perfect skincare
1000,B08PVH18Z6,related to,Skin dr
1001,B07RBSLNFR,related to,Skin details
1002,B07RBSLNFR,related to,Skin care solutions
1003,B07RBSLNFR,related to,Skin ingredients
1004,B07RBSLNFR,related to,Lotion & Skin Revitalizing
1005,B07RBSLNFR,related to,Oil moisturizing
1006,B07RBSLNFR,related to,Intensely moisturizing
1007,B07RBSLNFR,related to,Smoother skin
1008,B07RBSLNFR,related to,Indulge skin
1009,B07RBSLNFR,related to,Skin revitalizing
1010,B07RBSLNFR,related to,Perfect skincare
1011,B07RBSLNFR,related to,Skin dr
1012,B07RBSLNFR,related to,Lotion travel
1013,B08BZ1RHPS,related to,Skin details
1014,B08BZ1RHPS,related to,Skin care solutions
1015,B08BZ1RHPS,related to,Skin ingredients
1016,B08BZ1RHPS,related to,Lotion & Skin Revitalizing
1017,B08BZ1RHPS,related to,Luxurious Touch
1018,B08BZ1RHPS,related to,Serum potent
1019,B08BZ1RHPS,related to,Ounces serum
1020,B08BZ1RHPS,related to,Serum provides
1021,B08BZ1RHPS,related to,Perfect skincare
1022,B08BZ1RHPS,related to,Complexion cosmocos
1023,B08BZ1RHPS,related to,Smoother skin
1024,B08BZ1RHPS,related to,Indulge skin
1025,B08BZ1RHPS,related to,Skin revitalizing
1026,B08BZ1RHPS,related to,Skin dr
1027,B08BZ1RHPS,related to,Vitamins bottle
1028,B08GS1G9BH,related to,Skin details
1029,B08GS1G9BH,related to,Skin care solutions
1030,B08GS1G9BH,related to,Skin ingredients
1031,B08GS1G9BH,related to,Lotion & Skin Revitalizing
1032,B08GS1G9BH,related to,Perfect skincare
1033,B08GS1G9BH,related to,Smoother skin
1034,B08GS1G9BH,related to,Indulge skin
1035,B08GS1G9BH,related to,Skin revitalizing
1036,B08GS1G9BH,related to,Skin dr
1037,B08GS1G9BH,related to,Colors kit
1038,B08GS1G9BH,related to,Colors perfect
1039,B08W8LKLHB,related to,Starter kit
1040,B08W8LKLHB,related to,Nail compounds
1041,B08W8LKLHB,related to,Nail Care Products
1042,B08W8LKLHB,related to,French manicures
1043,B08W8LKLHB,related to,Colors kit
1044,B08W8LKLHB,related to,Luxurious kit
1045,B08W8LKLHB,related to,Acrylic
1046,B08W8LKLHB,related to,Popular gel
1047,B08W8LKLHB,related to,Colors perfect
1048,B08W8LKLHB,related to,Flawless nail
1049,B08W8LKLHB,related to,Manicure home
1050,B08W8LKLHB,related to,Manicures home
1051,B08W8LKLHB,related to,Grooming
1052,B086JN17SK,related to,Lash & Mascara
1053,B086JN17SK,related to,Count Mascara
1054,B086JN17SK,related to,Eyeshadows
1055,B086JN17SK,related to,Starter kit
1056,B086JN17SK,related to,Lash stunning
1057,B086JN17SK,related to,Lashes remain
1058,B086JN17SK,related to,Dramatic lash
1059,B086JN17SK,related to,Lashes
1060,B086JN17SK,related to,Reusable magnetic
1061,B086JN17SK,related to,Mascara resists
1062,B086JN17SK,related to,Colors kit
1063,B086JN17SK,related to,Luxurious kit
1064,B07LCHCD6Q,related to,Hydrate
1065,B07LCHCD6Q,related to,Black waterproof
1066,B07LCHCD6Q,related to,Cleaning mechanism
1067,B086MN4SRX,related to,Skin details
1068,B086MN4SRX,related to,Skin care solutions
1069,B086MN4SRX,related to,Skin ingredients
1070,B086MN4SRX,related to,Lotion & Skin Revitalizing
1071,B086MN4SRX,related to,Smoother skin
1072,B086MN4SRX,related to,Indulge skin
1073,B086MN4SRX,related to,Skin revitalizing
1074,B086MN4SRX,related to,Perfect skincare
1075,B086MN4SRX,related to,Skin dr
1076,B086W18W1W,related to,Nail Care Products
1077,B086W18W1W,related to,French manicures
1078,B086W18W1W,related to,Nail compounds
1079,B086W18W1W,related to,Manicure home
1080,B086W18W1W,related to,Manicures home
1081,B086W18W1W,related to,Stylish solution
1082,B086W18W1W,related to,Popular gel
1083,B086W18W1W,related to,Vibrant collection
1084,B086W18W1W,related to,Flawless nail
1085,B086W18W1W,related to,Grooming
1086,B0B2L218H2,related to,Luxurious Touch
1087,B0B2L218H2,related to,Fine mist
1088,B0B2L218H2,related to,Glass spray
1089,B0B2L218H2,related to,Oil luxurious
1090,B0B2L218H2,related to,Luxurious kit
1091,B086VK22QT,related to,Nail compounds
1092,B086VK22QT,related to,Nail Care Products
1093,B086VK22QT,related to,French manicures
1094,B086VK22QT,related to,Acrylic
1095,B086VK22QT,related to,Flawless nail
1096,B086VK22QT,related to,Polish set
1097,B086VK22QT,related to,Manicure home
1098,B086VK22QT,related to,Manicures home
1099,B086VK22QT,related to,Care polish
1100,B08FD2KP9R,related to,Spa experience
1101,B08FD2KP9R,related to,Cleaning mechanism
1102,B08BFH35VX,related to,Skin details
1103,B08BFH35VX,related to,Skin care solutions
1104,B08BFH35VX,related to,Skin ingredients
1105,B08BFH35VX,related to,Lotion & Skin Revitalizing
1106,B08BFH35VX,related to,Smoother skin
1107,B08BFH35VX,related to,Indulge skin
1108,B08BFH35VX,related to,Complexion merlot
1109,B08BFH35VX,related to,Skin revitalizing
1110,B08BFH35VX,related to,Perfect skincare
1111,B08BFH35VX,related to,Skin dr
1112,B08BFH35VX,related to,Grooming
1113,B0914JBBTV,related to,Skin details
1114,B0914JBBTV,related to,Skin care solutions
1115,B0914JBBTV,related to,Skin ingredients
1116,B0914JBBTV,related to,Lotion & Skin Revitalizing
1117,B0914JBBTV,related to,Oil moisturizing
1118,B0914JBBTV,related to,Intensely moisturizing
1119,B0914JBBTV,related to,Smoother skin
1120,B0914JBBTV,related to,Indulge skin
1121,B0914JBBTV,related to,Skin revitalizing
1122,B0914JBBTV,related to,Perfect skincare
1123,B0914JBBTV,related to,Skin dr
1124,B08DK4NDM3,related to,Skin care solutions
1125,B08DK4NDM3,related to,Skin ingredients
1126,B08DK4NDM3,related to,Lotion & Skin Revitalizing
1127,B08DK4NDM3,related to,Hydrate
1128,B08DK4NDM3,related to,Luxurious Touch
1129,B08DK4NDM3,related to,Ounces serum
1130,B08DK4NDM3,related to,Ounces celimax
1131,B08DK4NDM3,related to,Ounces bath
1132,B08DK4NDM3,related to,Smoother skin
1133,B08DK4NDM3,related to,Skin revitalizing
1134,B08DK4NDM3,related to,Oil moisturizing
1135,B08DK4NDM3,related to,Intensely moisturizing
1136,B08DK4NDM3,related to,Blossom hand
1137,B08DK4NDM3,related to,Oil luxurious
1138,B08DK4NDM3,related to,Luxurious kit
1139,B08RQZ3F3L,related to,Lotion & Skin Revitalizing
1140,B08RQZ3F3L,related to,Lipids leaving
1141,B08RQZ3F3L,related to,Smoother skin
1142,B08RQZ3F3L,related to,Skin revitalizing
1143,B08RQZ3F3L,related to,Oil moisturizing
1144,B08RQZ3F3L,related to,Intensely moisturizing
1145,B08CVCLVS2,related to,Nail compounds
1146,B08CVCLVS2,related to,Nail Care Products
1147,B08CVCLVS2,related to,French manicures
1148,B08CVCLVS2,related to,Popular gel
1149,B08CVCLVS2,related to,Flawless nail
1150,B08CVCLVS2,related to,Manicure home
1151,B08CVCLVS2,related to,Manicures home
1152,B08CVCLVS2,related to,Grooming
1153,B08CVCLVS2,related to,Polish set
1154,B08CVCLVS2,related to,Care polish
1155,B08CVCLVS2,related to,Anzuo
1156,B08CVCLVS2,related to,Vibrant collection
1157,B08CVCLVS2,related to,Colors perfect
1158,B088LPYXNQ,related to,Nail compounds
1159,B088LPYXNQ,related to,Nail Care Products
1160,B088LPYXNQ,related to,French manicures
1161,B088LPYXNQ,related to,Flawless nail
1162,B088LPYXNQ,related to,Manicure home
1163,B088LPYXNQ,related to,Manicures home
1164,B088LPYXNQ,related to,Grooming
1165,B088LPYXNQ,related to,Convenient pack
1166,B08RRSPNWV,related to,Beauty Accessories
1167,B08RRSPNWV,related to,Skin details
1168,B08RRSPNWV,related to,Skin care solutions
1169,B08RRSPNWV,related to,Skin ingredients
1170,B08RRSPNWV,related to,Lotion & Skin Revitalizing
1171,B08RRSPNWV,related to,Hydrate
1172,B08RRSPNWV,related to,Beauty silky
1173,B08RRSPNWV,related to,Smoother skin
1174,B08RRSPNWV,related to,Indulge skin
1175,B08RRSPNWV,related to,Skin revitalizing
1176,B08RRSPNWV,related to,Perfect skincare
1177,B08RRSPNWV,related to,Skin dr
1178,B08693T3XR,related to,Skin ingredients
1179,B08693T3XR,related to,Lotion & Skin Revitalizing
1180,B08693T3XR,related to,Beauty Accessories
1181,B08693T3XR,related to,Vitamins bottle
1182,B08693T3XR,related to,Bottle measures
1183,B08693T3XR,related to,Serum potent
1184,B08693T3XR,related to,Ounces serum
1185,B08693T3XR,related to,Serum provides
1186,B08693T3XR,related to,Lotion travel
1187,B08693T3XR,related to,Intensely moisturizing
1188,B08693T3XR,related to,Beauty silky
1189,B08693T3XR,related to,Convenient pack
1190,B08DXLRTSB,related to,Skin details
1191,B08DXLRTSB,related to,Skin care solutions
1192,B08DXLRTSB,related to,Skin ingredients
1193,B08DXLRTSB,related to,Lotion & Skin Revitalizing
1194,B08DXLRTSB,related to,Oil moisturizing
1195,B08DXLRTSB,related to,Oil luxurious
1196,B08DXLRTSB,related to,Smoother skin
1197,B08DXLRTSB,related to,Indulge skin
1198,B08DXLRTSB,related to,Skin revitalizing
1199,B08DXLRTSB,related to,Perfect skincare
1200,B08DXLRTSB,related to,Skin dr
1201,B08DXLRTSB,related to,Beauty silky
1202,B08DXLRTSB,related to,Silky texture
1203,B08DHZW3LK,related to,Nail compounds
1204,B08DHZW3LK,related to,Nail Care Products
1205,B08DHZW3LK,related to,Serum provides
1206,B08DHZW3LK,related to,Popular gel
1207,B08DHZW3LK,related to,Grooming
1208,B08DHZW3LK,related to,Acrylic
1209,B08DHZW3LK,related to,Flawless nail
1210,B081D2R47W,related to,Beauty silky
1211,B081D2R47W,related to,Smoother skin
1212,B081D2R47W,related to,Silky texture
1213,B081D2R47W,related to,Smoother
1214,B08H4SYXR4,related to,Hydrate
1215,B08H4SYXR4,related to,Skin details
1216,B08H4SYXR4,related to,Skin care solutions
1217,B08H4SYXR4,related to,Skin ingredients
1218,B08H4SYXR4,related to,Beauty Accessories
1219,B08H4SYXR4,related to,Lotion & Skin Revitalizing
1220,B08H4SYXR4,related to,Complexion cosmocos
1221,B08H4SYXR4,related to,Smoother skin
1222,B08H4SYXR4,related to,Perfect skincare
1223,B08H4SYXR4,related to,Skin dr
1224,B08H4SYXR4,related to,Indulge skin
1225,B08H4SYXR4,related to,Skin revitalizing
1226,B07SY7WPS4,related to,Smoother skin
1227,B08N6YHQXT,related to,Skin details
1228,B08N6YHQXT,related to,Skin care solutions
1229,B08N6YHQXT,related to,Skin ingredients
1230,B08N6YHQXT,related to,Smoother skin
1231,B08N6YHQXT,related to,Indulge skin
1232,B08N6YHQXT,related to,Skin revitalizing
1233,B08N6YHQXT,related to,Perfect skincare
1234,B08N6YHQXT,related to,Skin dr
1235,B08N6YHQXT,related to,Eyenjoy
1236,B08L4HTQ3R,related to,Skin details
1237,B08L4HTQ3R,related to,Skin care solutions
1238,B08L4HTQ3R,related to,Skin ingredients
1239,B08L4HTQ3R,related to,Smoother skin
1240,B08L4HTQ3R,related to,Indulge skin
1241,B08L4HTQ3R,related to,Skin revitalizing
1242,B08L4HTQ3R,related to,Perfect skincare
1243,B08L4HTQ3R,related to,Skin dr
1244,B08S1LWF9V,related to,Beauty Accessories
1245,B08S1LWF9V,related to,Lotion & Skin Revitalizing
1246,B08S1LWF9V,related to,Skin details
1247,B08S1LWF9V,related to,Hydrate
1248,B08S1LWF9V,related to,Beauty silky
1249,B08S1LWF9V,related to,Smoother skin
1250,B08S1LWF9V,related to,Skin revitalizing
1251,B08S1LWF9V,related to,Indulge skin
1252,B08S1LWF9V,related to,Perfect skincare
1253,B08S1LWF9V,related to,Skin dr
1254,B08S1LWF9V,related to,Cream delivers
1255,B08S1LWF9V,related to,Intensely moisturizing
1256,B087G54FLM,related to,Starter kit
1257,B087G54FLM,related to,Nail compounds
1258,B087G54FLM,related to,Nail Care Products
1259,B087G54FLM,related to,French manicures
1260,B087G54FLM,related to,Popular gel
1261,B087G54FLM,related to,Colors kit
1262,B087G54FLM,related to,Luxurious kit
1263,B087G54FLM,related to,Flawless nail
1264,B087G54FLM,related to,Manicures home
1265,B087G54FLM,related to,Manicure home
1266,B087G54FLM,related to,Grooming
1267,B085SY4WC3,related to,Nail Care Products
1268,B085SY4WC3,related to,French manicures
1269,B085SY4WC3,related to,Popular gel
1270,B085SY4WC3,related to,Flawless nail
1271,B085SY4WC3,related to,Manicure home
1272,B085SY4WC3,related to,Manicures home
1273,B085SY4WC3,related to,Grooming
1274,B085SY4WC3,related to,Polish set
1275,B085SY4WC3,related to,Care polish
1276,B085SY4WC3,related to,Colors kit
1277,B085SY4WC3,related to,Colors perfect
1278,B07SV4HTMC,related to,Skin ingredients
1279,B07SV4HTMC,related to,Lotion & Skin Revitalizing
1280,B07SV4HTMC,related to,Luxurious Touch
1281,B07SV4HTMC,related to,Beauty silky
1282,B07SV4HTMC,related to,Smoother skin
1283,B07SV4HTMC,related to,Lotion travel
1284,B07SV4HTMC,related to,Silky texture
1285,B07SV4HTMC,related to,Oil moisturizing
1286,B07SV4HTMC,related to,Intensely moisturizing
1287,B07SV4HTMC,related to,Oil luxurious
1288,B07SV4HTMC,related to,Luxurious kit
1289,B07SV4HTMC,related to,Sun protection
1290,B082VKPJV5,related to,Lotion & Skin Revitalizing
1291,B082VKPJV5,related to,Cream delivers
1292,B082VKPJV5,related to,Tea hand
1293,B082VKPJV5,related to,Blossom hand
1294,B082VKPJV5,related to,Convenient pack
1295,B08CVTNQP1,related to,Nail compounds
1296,B08CVTNQP1,related to,Nail Care Products
1297,B08CVTNQP1,related to,French manicures
1298,B08CVTNQP1,related to,Gift makeup
1299,B08CVTNQP1,related to,Acrylic
1300,B08CVTNQP1,related to,Flawless nail
1301,B08CVTNQP1,related to,Polish set
1302,B08CVTNQP1,related to,Manicure home
1303,B08CVTNQP1,related to,Manicures home
1304,B08CVTNQP1,related to,Care polish
1305,B08XQYZWCS,related to,Skin details
1306,B08XQYZWCS,related to,Complexion cosmocos
1307,B08XQYZWCS,related to,Youthful complexion
1308,B08XQYZWCS,related to,Smoother skin
1309,B08XQYZWCS,related to,Indulge skin
1310,B08XQYZWCS,related to,Complexion merlot
1311,B08XQYZWCS,related to,Skin revitalizing
1312,B08XQYZWCS,related to,Perfect skincare
1313,B08XQYZWCS,related to,Skin dr
1314,B08XQYZWCS,related to,Convenient pack
1315,B08XQYZWCS,related to,Dip powder
1316,B08XQYZWCS,related to,Collagen
1317,B08LPGZMQK,related to,Skin details
1318,B08LPGZMQK,related to,Skin care solutions
1319,B08LPGZMQK,related to,Skin ingredients
1320,B08LPGZMQK,related to,Lotion & Skin Revitalizing
1321,B08LPGZMQK,related to,Smoother skin
1322,B08LPGZMQK,related to,Indulge skin
1323,B08LPGZMQK,related to,Skin revitalizing
1324,B08LPGZMQK,related to,Spanature green
1325,B08LPGZMQK,related to,Perfect skincare
1326,B08LPGZMQK,related to,Skin dr
1327,B08LPGZMQK,related to,Oil moisturizing
1328,B08LPGZMQK,related to,Intensely moisturizing
1329,B08LPGZMQK,related to,Portable travel
1330,B091GG4N2X,related to,Lash & Mascara
1331,B091GG4N2X,related to,Count Mascara
1332,B091GG4N2X,related to,Lash stunning
1333,B091GG4N2X,related to,Mascara resists
1334,B091GG4N2X,related to,Lashes remain
1335,B091GG4N2X,related to,Dramatic lash
1336,B091GG4N2X,related to,Lashes
1337,B091GG4N2X,related to,Black waterproof
1338,B091GG4N2X,related to,4d silk
1339,B091GG4N2X,related to,Silky texture
1340,B091GG4N2X,related to,Silk fiber
1341,B0949MJRHK,related to,Skin details
1342,B0949MJRHK,related to,Skin care solutions
1343,B0949MJRHK,related to,Skin ingredients
1344,B0949MJRHK,related to,Lotion & Skin Revitalizing
1345,B0949MJRHK,related to,Complexion cosmocos
1346,B0949MJRHK,related to,Smoother skin
1347,B0949MJRHK,related to,Indulge skin
1348,B0949MJRHK,related to,Complexion merlot
1349,B0949MJRHK,related to,Skin revitalizing
1350,B0949MJRHK,related to,Perfect skincare
1351,B0949MJRHK,related to,Skin dr
1352,B0949MJRHK,related to,Oil moisturizing
1353,B0949MJRHK,related to,Intensely moisturizing
1354,B0949MJRHK,related to,Youthful complexion
1355,B08VDCWKHV,related to,Grooming
1356,B08SQZ1B3W,related to,Lotion & Skin Revitalizing
1357,B08SQZ1B3W,related to,Skin details
1358,B08SQZ1B3W,related to,Skin ingredients
1359,B08SQZ1B3W,related to,Hydrate
1360,B08SQZ1B3W,related to,Cream delivers
1361,B08SQZ1B3W,related to,Oil moisturizing
1362,B08SQZ1B3W,related to,Intensely moisturizing
1363,B08SQZ1B3W,related to,Smoother skin
1364,B08SQZ1B3W,related to,Indulge skin
1365,B08SQZ1B3W,related to,Complexion merlot
1366,B08SQZ1B3W,related to,Perfect skincare
1367,B08SQZ1B3W,related to,Skin dr
1368,B08CC6YRLJ,related to,Innovative Brush
1369,B08CC6YRLJ,related to,Nail Care Products
1370,B08CC6YRLJ,related to,French manicures
1371,B08CC6YRLJ,related to,Nail compounds
1372,B08CC6YRLJ,related to,Flawless nail
1373,B08CC6YRLJ,related to,Manicure home
1374,B08CC6YRLJ,related to,Manicures home
1375,B08KHRF9NY,related to,Skin details
1376,B08KHRF9NY,related to,Skin care solutions
1377,B08KHRF9NY,related to,Skin ingredients
1378,B08KHRF9NY,related to,Lotion & Skin Revitalizing
1379,B08KHRF9NY,related to,Smoother skin
1380,B08KHRF9NY,related to,Indulge skin
1381,B08KHRF9NY,related to,Skin revitalizing
1382,B08KHRF9NY,related to,Perfect skincare
1383,B08KHRF9NY,related to,Skin dr
1384,B09671G4KH,related to,Skin care solutions
1385,B09671G4KH,related to,Lotion & Skin Revitalizing
1386,B09671G4KH,related to,Hydrate
1387,B09671G4KH,related to,Spa experience
1388,B09671G4KH,related to,Complexion cosmocos
1389,B09671G4KH,related to,Youthful complexion
1390,B09671G4KH,related to,Smoother skin
1391,B09671G4KH,related to,Indulge skin
1392,B09671G4KH,related to,Complexion merlot
1393,B09671G4KH,related to,Skin revitalizing
1394,B07M9D3WYW,related to,Skin details
1395,B07M9D3WYW,related to,Skin care solutions
1396,B07M9D3WYW,related to,Luxurious Touch
1397,B07M9D3WYW,related to,Denese Skinscience
1398,B07M9D3WYW,related to,Makeup Bag
1399,B07M9D3WYW,related to,Complexion cosmocos
1400,B07M9D3WYW,related to,Youthful complexion
1401,B07M9D3WYW,related to,Smoother skin
1402,B07M9D3WYW,related to,Indulge skin
1403,B07M9D3WYW,related to,Complexion merlot
1404,B07M9D3WYW,related to,Skin revitalizing
1405,B07M9D3WYW,related to,Perfect skincare
1406,B07M9D3WYW,related to,Skin dr
1407,B07M9D3WYW,related to,Oil luxurious
1408,B07M9D3WYW,related to,Luxurious kit
1409,B08G5YVHQP,related to,Oil moisturizing
1410,B08G5YVHQP,related to,Intensely moisturizing
1411,B08G5YVHQP,related to,Lipids leaving
1412,B08LG68MGH,related to,Beauty Accessories
1413,B08LG68MGH,related to,Luxurious Touch
1414,B08LG68MGH,related to,Beauty silky
1415,B08LG68MGH,related to,Oil luxurious
1416,B08LG68MGH,related to,Luxurious kit
1417,B08LG68MGH,related to,Pillow meticulously
1418,B08MT8L5ZL,related to,Nail compounds
1419,B08MT8L5ZL,related to,Nail Care Products
1420,B08MT8L5ZL,related to,French manicures
1421,B08MT8L5ZL,related to,Flawless nail
1422,B08MT8L5ZL,related to,Manicure home
1423,B08MT8L5ZL,related to,Manicures home
1424,B08MT8L5ZL,related to,Popular gel
1425,B08MT8L5ZL,related to,Grooming
1426,B08TR1MKHD,related to,Skin details
1427,B08TR1MKHD,related to,Skin care solutions
1428,B08TR1MKHD,related to,Skin ingredients
1429,B08TR1MKHD,related to,Lotion & Skin Revitalizing
1430,B08TR1MKHD,related to,Luxurious Touch
1431,B08TR1MKHD,related to,Beauty silky
1432,B08TR1MKHD,related to,Smoother skin
1433,B08TR1MKHD,related to,Indulge skin
1434,B08TR1MKHD,related to,Skin revitalizing
1435,B08TR1MKHD,related to,Perfect skincare
1436,B08TR1MKHD,related to,Oil luxurious
1437,B08TR1MKHD,related to,Skin dr
1438,B08TR1MKHD,related to,Luxurious kit
1439,B08TR1MKHD,related to,Vitamins bottle
1440,B015A5DGG4,related to,Stylish solution
1441,B015A5DGG4,related to,Vitamins bottle
1442,B015A5DGG4,related to,Bottle measures
1443,B015A5DGG4,related to,Refilling needs
1444,B087PJ121M,related to,Silky texture
1445,B087PJ121M,related to,Stylish solution
1446,B087PJ121M,related to,Colors kit
1447,B07Z3NRMBS,related to,Hydrate
1448,B07Z3NRMBS,related to,Beauty silky
1449,B07Z3NRMBS,related to,Smoother skin
1450,B07Z3NRMBS,related to,Silky texture
1451,B07Z3NRMBS,related to,Lipids leaving
1452,B081MQD52C,related to,Hydrate
1453,B081MQD52C,related to,Skin revitalizing
1454,B081MQD52C,related to,Serum potent
1455,B081MQD52C,related to,Ounces serum
1456,B081MQD52C,related to,Serum provides
1457,B08HDG9F44,related to,Skin details
1458,B08HDG9F44,related to,Skin care solutions
1459,B08HDG9F44,related to,Skin ingredients
1460,B08HDG9F44,related to,Lotion & Skin Revitalizing
1461,B08HDG9F44,related to,Beauty silky
1462,B08HDG9F44,related to,Complexion cosmocos
1463,B08HDG9F44,related to,Youthful complexion
1464,B08HDG9F44,related to,Smoother skin
1465,B08HDG9F44,related to,Indulge skin
1466,B08HDG9F44,related to,Complexion merlot
1467,B08HDG9F44,related to,Skin revitalizing
1468,B08HDG9F44,related to,Grooming
1469,B08HDG9F44,related to,Perfect skincare
1470,B08HDG9F44,related to,Skin dr
1471,B08HDG9F44,related to,Intensely moisturizing
1472,B07J1LYVHC,related to,Skin details
1473,B07J1LYVHC,related to,Skin care solutions
1474,B07J1LYVHC,related to,Lotion & Skin Revitalizing
1475,B07J1LYVHC,related to,Skin revitalizing
1476,B07J1LYVHC,related to,Smoother skin
1477,B07J1LYVHC,related to,Indulge skin
1478,B07J1LYVHC,related to,Perfect skincare
1479,B07J1LYVHC,related to,Intensely moisturizing
1480,B07J1LYVHC,related to,Skin dr
1481,B07J1LYVHC,related to,Collagen
1482,B096S4RQNH,related to,Skin details
1483,B096S4RQNH,related to,Skin care solutions
1484,B096S4RQNH,related to,Skin ingredients
1485,B096S4RQNH,related to,Lotion & Skin Revitalizing
1486,B096S4RQNH,related to,Denese Skinscience
1487,B096S4RQNH,related to,Complexion cosmocos
1488,B096S4RQNH,related to,Smoother skin
1489,B096S4RQNH,related to,Indulge skin
1490,B096S4RQNH,related to,Complexion merlot
1491,B096S4RQNH,related to,Skin revitalizing
1492,B096S4RQNH,related to,Perfect skincare
1493,B096S4RQNH,related to,Skin dr
1494,B0851QJPZY,related to,Lotion & Skin Revitalizing
1495,B0851QJPZY,related to,Skin details
1496,B0851QJPZY,related to,Skin care solutions
1497,B0851QJPZY,related to,Skin ingredients
1498,B0851QJPZY,related to,Skin revitalizing
1499,B0851QJPZY,related to,Oil moisturizing
1500,B0851QJPZY,related to,Intensely moisturizing
1501,B0851QJPZY,related to,Complexion cosmocos
1502,B0851QJPZY,related to,Smoother skin
1503,B0851QJPZY,related to,Indulge skin
1504,B0851QJPZY,related to,Complexion merlot
1505,B0851QJPZY,related to,Perfect skincare
1506,B0851QJPZY,related to,Skin dr
1507,B0851QJPZY,related to,Lotion travel
1508,B07VDCD17L,related to,Skin details
1509,B07VDCD17L,related to,Skin care solutions
1510,B07VDCD17L,related to,Skin ingredients
1511,B07VDCD17L,related to,Lotion & Skin Revitalizing
1512,B07VDCD17L,related to,Denese Skinscience
1513,B07VDCD17L,related to,Refilling needs
1514,B07VDCD17L,related to,Cream delivers
1515,B07VDCD17L,related to,Silky texture
1516,B07VDCD17L,related to,Ounces serum
1517,B07VDCD17L,related to,Ounces celimax
1518,B07VDCD17L,related to,Ounces bath
1519,B07VDCD17L,related to,Complexion cosmocos
1520,B07VDCD17L,related to,Smoother skin
1521,B07VDCD17L,related to,Indulge skin
1522,B07VDCD17L,related to,Complexion merlot
1523,B07VDCD17L,related to,Skin revitalizing
1524,B07VDCD17L,related to,Perfect skincare
1525,B07VDCD17L,related to,Skin dr
1526,B08BYKQS9S,related to,Acrylic
1527,B08DXZ5VXB,related to,Skin details
1528,B08DXZ5VXB,related to,Skin care solutions
1529,B08DXZ5VXB,related to,Skin ingredients
1530,B08DXZ5VXB,related to,Lotion & Skin Revitalizing
1531,B08DXZ5VXB,related to,Hydrate
1532,B08DXZ5VXB,related to,Smoother skin
1533,B08DXZ5VXB,related to,Indulge skin
1534,B08DXZ5VXB,related to,Skin revitalizing
1535,B08DXZ5VXB,related to,Perfect skincare
1536,B08DXZ5VXB,related to,Skin dr
1537,B08DXZ5VXB,related to,Oil moisturizing
1538,B08DXZ5VXB,related to,Oil luxurious
1539,B07YL4485K,related to,Grooming
1540,B0713VF172,related to,Serum potent
1541,B0713VF172,related to,Ounces serum
1542,B0713VF172,related to,Serum provides
1543,B087J3H22J,related to,Hydrate
1544,B087J3H22J,related to,Tea hand
1545,B087J3H22J,related to,Blossom hand
1546,B081M5R5L5,related to,Lash & Mascara
1547,B081M5R5L5,related to,Count Mascara
1548,B081M5R5L5,related to,Lash stunning
1549,B081M5R5L5,related to,Lashes remain
1550,B081M5R5L5,related to,Dramatic lash
1551,B081M5R5L5,related to,Lashes
1552,B081M5R5L5,related to,Silk fiber
1553,B081M5R5L5,related to,4d silk
1554,B081M5R5L5,related to,Mascara resists
1555,B0885W8GCL,related to,Beauty Accessories
1556,B0885W8GCL,related to,Silk fiber
1557,B08G149DSD,related to,Beauty silky
1558,B08G149DSD,related to,Acrylic
1559,B08G149DSD,related to,Vibrant collection
1560,B07HR754WV,related to,Beauty Accessories
1561,B07HR754WV,related to,Beauty silky
1562,B01EK2F1PC,related to,Beauty Accessories
1563,B01EK2F1PC,related to,Beauty silky
1564,B083BGJ4P9,related to,Skin details
1565,B083BGJ4P9,related to,Skin care solutions
1566,B083BGJ4P9,related to,Skin ingredients
1567,B083BGJ4P9,related to,Lotion & Skin Revitalizing
1568,B083BGJ4P9,related to,Cleaning mechanism
1569,B083BGJ4P9,related to,Complexion cosmocos
1570,B083BGJ4P9,related to,Smoother skin
1571,B083BGJ4P9,related to,Indulge skin
1572,B083BGJ4P9,related to,Complexion merlot
1573,B083BGJ4P9,related to,Skin revitalizing
1574,B083BGJ4P9,related to,Oil moisturizing
1575,B083BGJ4P9,related to,Perfect skincare
1576,B083BGJ4P9,related to,Skin dr
1577,B088TXBCB5,related to,Nail Care Products
1578,B088TXBCB5,related to,French manicures
1579,B088TXBCB5,related to,Nail compounds
1580,B088TXBCB5,related to,Flawless nail
1581,B088TXBCB5,related to,Manicure home
1582,B088TXBCB5,related to,Manicures home
1583,B088TXBCB5,related to,Popular gel
1584,B08BRS98SF,related to,Luxurious Touch
1585,B08BRS98SF,related to,Oil luxurious
1586,B08BRS98SF,related to,Luxurious kit
1587,B01N7A5AGF,related to,Luxurious Touch
1588,B01N7A5AGF,related to,Oil moisturizing
1589,B01N7A5AGF,related to,Intensely moisturizing
1590,B01N7A5AGF,related to,Beauty silky
1591,B01N7A5AGF,related to,Silky texture
1592,B01N7A5AGF,related to,Silk fiber
1593,B01N7A5AGF,related to,Oil luxurious
1594,B01N7A5AGF,related to,Luxurious kit
1595,B01N7A5AGF,related to,Cream delivers
1596,B01N7A5AGF,related to,Ounces serum
1597,B01N7A5AGF,related to,Ounces bath
1598,B088YHN4JT,related to,Glass spray
1599,B088YHN4JT,related to,Fine mist
1600,B088YHN4JT,related to,Pillow meticulously
1601,B088YHN4JT,related to,Cups pillow
1602,B088YHN4JT,related to,Convenient pack
1603,B088YHN4JT,related to,Vitamins bottle
1604,B088YHN4JT,related to,Bottle measures
1605,B083B67373,related to,Skin details
1606,B083B67373,related to,Skin care solutions
1607,B083B67373,related to,Skin ingredients
1608,B083B67373,related to,Lotion & Skin Revitalizing
1609,B083B67373,related to,Luxurious Touch
1610,B083B67373,related to,Hydrate
1611,B083B67373,related to,Smoother skin
1612,B083B67373,related to,Indulge skin
1613,B083B67373,related to,Skin revitalizing
1614,B083B67373,related to,Perfect skincare
1615,B083B67373,related to,Oil luxurious
1616,B083B67373,related to,Skin dr
1617,B083B67373,related to,Luxurious kit
1618,B083B67373,related to,Colors perfect
1619,B07YS9W97B,related to,Skin details
1620,B07YS9W97B,related to,Skin care solutions
1621,B07YS9W97B,related to,Skin ingredients
1622,B07YS9W97B,related to,Lotion & Skin Revitalizing
1623,B07YS9W97B,related to,Denese Skinscience
1624,B07YS9W97B,related to,Smoother skin
1625,B07YS9W97B,related to,Smoother
1626,B07YS9W97B,related to,Pillow meticulously
1627,B07YS9W97B,related to,Complexion cosmocos
1628,B07YS9W97B,related to,Indulge skin
1629,B07YS9W97B,related to,Complexion merlot
1630,B07YS9W97B,related to,Skin revitalizing
1631,B07YS9W97B,related to,Perfect skincare
1632,B07YS9W97B,related to,Skin dr
1633,B08S3B8Y5G,related to,Beauty Accessories
1634,B08S3B8Y5G,related to,Grooming
1635,B08G4Y4SFV,related to,Nail compounds
1636,B08G4Y4SFV,related to,Nail Care Products
1637,B08G4Y4SFV,related to,French manicures
1638,B08G4Y4SFV,related to,Flawless nail
1639,B08G4Y4SFV,related to,Manicure home
1640,B08G4Y4SFV,related to,Manicures home
1641,B0851T7HDS,related to,Skin details
1642,B0851T7HDS,related to,Skin care solutions
1643,B0851T7HDS,related to,Skin ingredients
1644,B0851T7HDS,related to,Lotion & Skin Revitalizing
1645,B0851T7HDS,related to,Count Mascara
1646,B0851T7HDS,related to,Makeup Bag
1647,B0851T7HDS,related to,Smoother skin
1648,B0851T7HDS,related to,Indulge skin
1649,B0851T7HDS,related to,Skin revitalizing
1650,B0851T7HDS,related to,Perfect skincare
1651,B0851T7HDS,related to,Skin dr
1652,B0851T7HDS,related to,Gift makeup
1653,B08CH5PC9W,related to,Skin care solutions
1654,B08CH5PC9W,related to,Lotion & Skin Revitalizing
1655,B08CH5PC9W,related to,Complexion cosmocos
1656,B08CH5PC9W,related to,Youthful complexion
1657,B08CH5PC9W,related to,Smoother skin
1658,B08CH5PC9W,related to,Indulge skin
1659,B08CH5PC9W,related to,Complexion merlot
1660,B08CH5PC9W,related to,Skin revitalizing
1661,B08CH5PC9W,related to,Perfect skincare
1662,B08CH5PC9W,related to,Skin dr
1663,B08P2DZB4X,related to,Skin details
1664,B08P2DZB4X,related to,Lotion & Skin Revitalizing
1665,B08P2DZB4X,related to,Serum potent
1666,B08P2DZB4X,related to,Ounces serum
1667,B08P2DZB4X,related to,Serum provides
1668,B08P2DZB4X,related to,Hyaluronic acid
1669,B08P2DZB4X,related to,Complexion cosmocos
1670,B08P2DZB4X,related to,Youthful complexion
1671,B08P2DZB4X,related to,Smoother skin
1672,B08P2DZB4X,related to,Complexion merlot
1673,B08P2DZB4X,related to,Oil moisturizing
1674,B08P2DZB4X,related to,Intensely moisturizing
1675,B08P2DZB4X,related to,Lipids leaving
1676,B08DK5D9J5,related to,Eyeshadows
1677,B08T7GPT1D,related to,Glass spray
1678,B08T7GPT1D,related to,Blossom hand
1679,B01M24DUXH,related to,Lotion & Skin Revitalizing
1680,B01M24DUXH,related to,Skin ingredients
1681,B01M24DUXH,related to,Spanature green
1682,B01M24DUXH,related to,Tea hand
1683,B01M24DUXH,related to,Blossom hand
1684,B01M24DUXH,related to,Portable travel
1685,B01M24DUXH,related to,Skin revitalizing
1686,B01M24DUXH,related to,Oil moisturizing
1687,B01M24DUXH,related to,Intensely moisturizing
1688,B07ND4HPHT,related to,Beauty silky
1689,B07ND4HPHT,related to,Grooming
1690,B07Z548TKH,related to,Starter kit
1691,B07Z548TKH,related to,Skin details
1692,B07Z548TKH,related to,Colors kit
1693,B07Z548TKH,related to,Luxurious kit
1694,B07Z548TKH,related to,Convenient pack
1695,B08GYJY8F2,related to,Skin details
1696,B08GYJY8F2,related to,Skin care solutions
1697,B08GYJY8F2,related to,Skin ingredients
1698,B08GYJY8F2,related to,Lotion & Skin Revitalizing
1699,B08GYJY8F2,related to,Eyeshadows
1700,B08GYJY8F2,related to,Smoother skin
1701,B08GYJY8F2,related to,Indulge skin
1702,B08GYJY8F2,related to,Skin revitalizing
1703,B08GYJY8F2,related to,Perfect skincare
1704,B08GYJY8F2,related to,Skin dr
1705,B08GYJY8F2,related to,Convenient pack
1706,B08R3F946X,related to,Nail compounds
1707,B08R3F946X,related to,Nail Care Products
1708,B08R3F946X,related to,French manicures
1709,B08R3F946X,related to,Flawless nail
1710,B08R3F946X,related to,Manicure home
1711,B08R3F946X,related to,Manicures home
1712,B08R3F946X,related to,Grooming
1713,B08R3F946X,related to,Glass spray
1714,B08R3F946X,related to,Cups pillow
1715,B08N9RT9YD,related to,Innovative Brush
1716,B08N9RT9YD,related to,Lotion & Skin Revitalizing
1717,B08N9RT9YD,related to,Ounces serum
1718,B08N9RT9YD,related to,Ounces celimax
1719,B08N9RT9YD,related to,Ounces bath
1720,B08N9RT9YD,related to,Smoother skin
1721,B08N9RT9YD,related to,Skin revitalizing
1722,B08L6GXY2S,related to,Nail Care Products
1723,B08L6GXY2S,related to,Nail compounds
1724,B08L6GXY2S,related to,French manicures
1725,B08L6GXY2S,related to,Acrylic
1726,B08L6GXY2S,related to,Polish set
1727,B08L6GXY2S,related to,Popular gel
1728,B08L6GXY2S,related to,Care polish
1729,B08L6GXY2S,related to,Flawless nail
1730,B08L6GXY2S,related to,Manicure home
1731,B08L6GXY2S,related to,Manicures home
1732,B086Q2J3F2,related to,Product details
1733,B086Q2J3F2,related to,Beauty Accessories
1734,B086Q2J3F2,related to,Grooming
1735,B08W4WQMNM,related to,Nail compounds
1736,B08W4WQMNM,related to,Nail Care Products
1737,B08W4WQMNM,related to,Skin ingredients
1738,B08W4WQMNM,related to,Manicure home
1739,B08W4WQMNM,related to,Manicures home
1740,B08W4WQMNM,related to,Popular gel
1741,B08W4WQMNM,related to,Polish set
1742,B08W4WQMNM,related to,Care polish
1743,B08W4WQMNM,related to,Flawless nail
1744,B08W4WQMNM,related to,Beauty silky
1745,B08W4WQMNM,related to,Silky texture
1746,B08W4WQMNM,related to,Silk fiber
1747,B07PHWX88W,related to,Skin details
1748,B07PHWX88W,related to,Skin care solutions
1749,B07PHWX88W,related to,Skin ingredients
1750,B07PHWX88W,related to,Lotion & Skin Revitalizing
1751,B07PHWX88W,related to,Intensely moisturizing
1752,B07PHWX88W,related to,Complexion cosmocos
1753,B07PHWX88W,related to,Youthful complexion
1754,B07PHWX88W,related to,Smoother skin
1755,B07PHWX88W,related to,Indulge skin
1756,B07PHWX88W,related to,Complexion merlot
1757,B07PHWX88W,related to,Skin revitalizing
1758,B07PHWX88W,related to,Perfect skincare
1759,B07PHWX88W,related to,Skin dr
1760,B08BY91SGT,related to,Cream delivers
1761,B076DBLG1K,related to,Lotion & Skin Revitalizing
1762,B076DBLG1K,related to,Oil moisturizing
1763,B076DBLG1K,related to,Intensely moisturizing
1764,B076DBLG1K,related to,Smoother skin
1765,B076DBLG1K,related to,Skin revitalizing
1766,B0841WQNNZ,related to,Beauty silky
1767,B0841WQNNZ,related to,Grooming
1768,B086N136NH,related to,Bath & Spa Products
1769,B086N136NH,related to,Skin details
1770,B086N136NH,related to,Skin care solutions
1771,B086N136NH,related to,Skin ingredients
1772,B086N136NH,related to,Lotion & Skin Revitalizing
1773,B086N136NH,related to,Ounces bath
1774,B086N136NH,related to,Bathtub preventing
1775,B086N136NH,related to,Complexion cosmocos
1776,B086N136NH,related to,Smoother skin
1777,B086N136NH,related to,Indulge skin
1778,B086N136NH,related to,Complexion merlot
1779,B086N136NH,related to,Skin revitalizing
1780,B086N136NH,related to,Perfect skincare
1781,B086N136NH,related to,Skin dr
1782,B086N136NH,related to,Cleaning mechanism
1783,B085QDWHQJ,related to,Nail compounds
1784,B085QDWHQJ,related to,Nail Care Products
1785,B085QDWHQJ,related to,French manicures
1786,B085QDWHQJ,related to,Starter kit
1787,B085QDWHQJ,related to,Flawless nail
1788,B085QDWHQJ,related to,Manicure home
1789,B085QDWHQJ,related to,Manicures home
1790,B085QDWHQJ,related to,Colors kit
1791,B085QDWHQJ,related to,Luxurious kit
1792,B085QDWHQJ,related to,Acrylic
1793,B085QDWHQJ,related to,Popular gel
1794,B0851C4YPC,related to,Skin details
1795,B0851C4YPC,related to,Skin care solutions
1796,B0851C4YPC,related to,Skin ingredients
1797,B0851C4YPC,related to,Lotion & Skin Revitalizing
1798,B0851C4YPC,related to,Denese Skinscience
1799,B0851C4YPC,related to,Complexion cosmocos
1800,B0851C4YPC,related to,Smoother skin
1801,B0851C4YPC,related to,Indulge skin
1802,B0851C4YPC,related to,Complexion merlot
1803,B0851C4YPC,related to,Skin revitalizing
1804,B0851C4YPC,related to,Perfect skincare
1805,B0851C4YPC,related to,Skin dr
1806,B08C71WBLC,related to,Luxurious Touch
1807,B08C71WBLC,related to,Skin details
1808,B08C71WBLC,related to,Skin care solutions
1809,B08C71WBLC,related to,Skin ingredients
1810,B08C71WBLC,related to,Lotion & Skin Revitalizing
1811,B08C71WBLC,related to,Ounces serum
1812,B08C71WBLC,related to,Ounces celimax
1813,B08C71WBLC,related to,Ounces bath
1814,B08C71WBLC,related to,Serum potent
1815,B08C71WBLC,related to,Serum provides
1816,B08C71WBLC,related to,Oil luxurious
1817,B08C71WBLC,related to,Luxurious kit
1818,B08C71WBLC,related to,Smoother skin
1819,B08C71WBLC,related to,Indulge skin
1820,B08C71WBLC,related to,Skin revitalizing
1821,B08C71WBLC,related to,Perfect skincare
1822,B08C71WBLC,related to,Skin dr
1823,B087Z9X39L,related to,Skin details
1824,B087Z9X39L,related to,Skin care solutions
1825,B087Z9X39L,related to,Skin ingredients
1826,B087Z9X39L,related to,Lotion & Skin Revitalizing
1827,B087Z9X39L,related to,Complexion cosmocos
1828,B087Z9X39L,related to,Youthful complexion
1829,B087Z9X39L,related to,Smoother skin
1830,B087Z9X39L,related to,Indulge skin
1831,B087Z9X39L,related to,Complexion merlot
1832,B087Z9X39L,related to,Skin revitalizing
1833,B087Z9X39L,related to,Silky texture
1834,B087Z9X39L,related to,Smoother
1835,B087Z9X39L,related to,Perfect skincare
1836,B087Z9X39L,related to,Skin dr
1837,B08CL46XNM,related to,Luxurious Touch
1838,B08CL46XNM,related to,Skin ingredients
1839,B08CL46XNM,related to,Lotion & Skin Revitalizing
1840,B08CL46XNM,related to,Skin details
1841,B08CL46XNM,related to,Skin care solutions
1842,B08CL46XNM,related to,Oil moisturizing
1843,B08CL46XNM,related to,Oil luxurious
1844,B08CL46XNM,related to,Luxurious kit
1845,B08CL46XNM,related to,Smoother skin
1846,B08CL46XNM,related to,Lotion travel
1847,B08CL46XNM,related to,Intensely moisturizing
1848,B08CL46XNM,related to,Beauty silky
1849,B08CL46XNM,related to,Silky texture
1850,B08CL46XNM,related to,Smoother
1851,B08CL46XNM,related to,Indulge skin
1852,B08CL46XNM,related to,Skin revitalizing
1853,B08CL46XNM,related to,Perfect skincare
1854,B08CL46XNM,related to,Skin dr
1855,B07HN1L8NQ,related to,Luxurious Touch
1856,B07HN1L8NQ,related to,Eyeshadows
1857,B07HN1L8NQ,related to,Oil luxurious
1858,B07HN1L8NQ,related to,Luxurious kit
1859,B07HN1L8NQ,related to,Lashes
1860,B07HN1L8NQ,related to,4d silk
1861,B07HN1L8NQ,related to,Silk fiber
1862,B07L9H27SH,related to,Colors kit
1863,B07L9H27SH,related to,Colors perfect
1864,B086VYKNDF,related to,Skin care solutions
1865,B086VYKNDF,related to,Lotion & Skin Revitalizing
1866,B086VYKNDF,related to,Sun protection
1867,B086VYKNDF,related to,Cream delivers
1868,B086VYKNDF,related to,Popular gel
1869,B086VYKNDF,related to,Oil moisturizing
1870,B086VYKNDF,related to,Intensely moisturizing
1871,B08P7PSMRR,related to,Skin details
1872,B08P7PSMRR,related to,Hydrate
1873,B08P7PSMRR,related to,Smoother skin
1874,B08P7PSMRR,related to,Indulge skin
1875,B08P7PSMRR,related to,Skin dr
1876,B08P7PSMRR,related to,Intensely moisturizing
1877,B08P7PSMRR,related to,Cream delivers
1878,B0855L611L,related to,Luxurious Touch
1879,B0855L611L,related to,Skin details
1880,B0855L611L,related to,Skin care solutions
1881,B0855L611L,related to,Skin ingredients
1882,B0855L611L,related to,Denese Skinscience
1883,B0855L611L,related to,Hydrate
1884,B0855L611L,related to,Vitamins bottle
1885,B0855L611L,related to,Oil luxurious
1886,B0855L611L,related to,Luxurious kit
1887,B0855L611L,related to,Complexion cosmocos
1888,B0855L611L,related to,Skin revitalizing
1889,B0855L611L,related to,Perfect skincare
1890,B0855L611L,related to,Skin dr
1891,B082DXHTX8,related to,Bath & Spa Products
1892,B082DXHTX8,related to,Luxurious Touch
1893,B082DXHTX8,related to,Spa experience
1894,B082DXHTX8,related to,Oil luxurious
1895,B082DXHTX8,related to,Luxurious kit
1896,B082DXHTX8,related to,Ounces bath
1897,B082DXHTX8,related to,Bathtub preventing
1898,B082DXHTX8,related to,Pillow meticulously
1899,B082DXHTX8,related to,Cups pillow
1900,B085TFXLH1,related to,Nail Care Products
1901,B085TFXLH1,related to,French manicures
1902,B085TFXLH1,related to,Lash & Mascara
1903,B085TFXLH1,related to,Count Mascara
1904,B085TFXLH1,related to,Eyeshadows
1905,B085TFXLH1,related to,Polish set
1906,B085TFXLH1,related to,Care polish
1907,B085TFXLH1,related to,Acrylic
1908,B085TFXLH1,related to,Popular gel
1909,B085TFXLH1,related to,Flawless nail
1910,B085TFXLH1,related to,Manicure home
1911,B085TFXLH1,related to,Manicures home
1912,B085TFXLH1,related to,Mascara resists
1913,B085TFXLH1,related to,Lashes
1914,B085NYYLQ8,related to,Skin details
1915,B085NYYLQ8,related to,Skin care solutions
1916,B085NYYLQ8,related to,Skin ingredients
1917,B085NYYLQ8,related to,Lotion & Skin Revitalizing
1918,B085NYYLQ8,related to,Serum potent
1919,B085NYYLQ8,related to,Serum provides
1920,B085NYYLQ8,related to,Smoother skin
1921,B085NYYLQ8,related to,Indulge skin
1922,B085NYYLQ8,related to,Skin revitalizing
1923,B085NYYLQ8,related to,Perfect skincare
1924,B085NYYLQ8,related to,Intensely moisturizing
1925,B085NYYLQ8,related to,Skin dr
1926,B01MSF13T1,related to,Skin ingredients
1927,B01MSF13T1,related to,Lotion & Skin Revitalizing
1928,B01MSF13T1,related to,Skin details
1929,B01MSF13T1,related to,Skin care solutions
1930,B01MSF13T1,related to,Lotion travel
1931,B01MSF13T1,related to,Oil moisturizing
1932,B01MSF13T1,related to,Beauty silky
1933,B01MSF13T1,related to,Smoother skin
1934,B01MSF13T1,related to,Silky texture
1935,B01MSF13T1,related to,Smoother
1936,B01MSF13T1,related to,Complexion cosmocos
1937,B01MSF13T1,related to,Youthful complexion
1938,B01MSF13T1,related to,Indulge skin
1939,B01MSF13T1,related to,Complexion merlot
1940,B01MSF13T1,related to,Skin revitalizing
1941,B01MSF13T1,related to,Perfect skincare
1942,B01MSF13T1,related to,Skin dr
1943,B088TGQFNM,related to,Nail compounds
1944,B088TGQFNM,related to,Nail Care Products
1945,B088TGQFNM,related to,French manicures
1946,B088TGQFNM,related to,Polish set
1947,B088TGQFNM,related to,Smoother skin
1948,B088TGQFNM,related to,Care polish
1949,B088TGQFNM,related to,Smoother
1950,B088TGQFNM,related to,Flawless nail
1951,B088TGQFNM,related to,Manicure home
1952,B088TGQFNM,related to,Manicures home
1953,B08P5579KC,related to,Convenient pack
1954,B08P5579KC,related to,Gift makeup
1955,B0BC273JJR,related to,Nail compounds
1956,B0BC273JJR,related to,Nail Care Products
1957,B0BC273JJR,related to,French manicures
1958,B0BC273JJR,related to,Starter kit
1959,B0BC273JJR,related to,Colors perfect
1960,B0BC273JJR,related to,Flawless nail
1961,B0BC273JJR,related to,Manicure home
1962,B0BC273JJR,related to,Manicures home
1963,B0BC273JJR,related to,Grooming
1964,B0BC273JJR,related to,Colors kit
1965,B0BC273JJR,related to,Luxurious kit
1966,B07PBWVV5K,related to,Collagen
1967,B07PBWVV5K,related to,Cream delivers
1968,B085J24382,related to,Oil moisturizing
1969,B085J24382,related to,Intensely moisturizing
1970,B082NKQ4ZT,related to,Luxurious Touch
1971,B082NKQ4ZT,related to,Convenient pack
1972,B082NKQ4ZT,related to,Pillow meticulously
1973,B082NKQ4ZT,related to,Oil luxurious
1974,B082NKQ4ZT,related to,Luxurious kit
1975,B082NKQ4ZT,related to,Grooming
1976,B08SBV6Z57,related to,Skin details
1977,B08SBV6Z57,related to,Luxurious Touch
1978,B08SBV6Z57,related to,Complexion cosmocos
1979,B08SBV6Z57,related to,Youthful complexion
1980,B08SBV6Z57,related to,Smoother skin
1981,B08SBV6Z57,related to,Indulge skin
1982,B08SBV6Z57,related to,Complexion merlot
1983,B08SBV6Z57,related to,Skin revitalizing
1984,B08SBV6Z57,related to,Perfect skincare
1985,B08SBV6Z57,related to,Skin dr
1986,B08SBV6Z57,related to,Oil luxurious
1987,B08SBV6Z57,related to,Luxurious kit
1988,B087FTZSZH,related to,Starter kit
1989,B087FTZSZH,related to,Colors kit
1990,B087FTZSZH,related to,Luxurious kit
1991,B087FTZSZH,related to,Beauty silky
1992,B087FTZSZH,related to,Grooming
1993,B08HQSK576,related to,Beauty Accessories
1994,B08HQSK576,related to,Luxurious Touch
1995,B08HQSK576,related to,Acrylic
1996,B08HQSK576,related to,Oil luxurious
1997,B08HQSK576,related to,Luxurious kit
1998,B088NVJSJT,related to,Nail compounds
1999,B088NVJSJT,related to,Nail Care Products
2000,B088NVJSJT,related to,French manicures
2001,B088NVJSJT,related to,Starter kit
2002,B088NVJSJT,related to,Flawless nail
2003,B088NVJSJT,related to,Manicure home
2004,B088NVJSJT,related to,Manicures home
2005,B07R3BMYBG,related to,Skin details
2006,B07R3BMYBG,related to,Skin care solutions
2007,B07R3BMYBG,related to,Lotion & Skin Revitalizing
2008,B07R3BMYBG,related to,Denese Skinscience
2009,B07R3BMYBG,related to,Complexion cosmocos
2010,B07R3BMYBG,related to,Youthful complexion
2011,B07R3BMYBG,related to,Smoother skin
2012,B07R3BMYBG,related to,Indulge skin
2013,B07R3BMYBG,related to,Complexion merlot
2014,B07R3BMYBG,related to,Perfect skincare
2015,B07R3BMYBG,related to,Skin revitalizing
2016,B07R3BMYBG,related to,Skin dr
2017,B08C37KWRR,related to,Hydrate
2018,B08C37KWRR,related to,Skin details
2019,B08C37KWRR,related to,Oil moisturizing
2020,B08C37KWRR,related to,Intensely moisturizing
2021,B08C37KWRR,related to,Smoother skin
2022,B08C37KWRR,related to,Indulge skin
2023,B08C37KWRR,related to,Skin revitalizing
2024,B08C37KWRR,related to,Perfect skincare
2025,B08C37KWRR,related to,Skin dr
2026,B08C37KWRR,related to,Cream delivers
2027,B08C37KWRR,related to,Ounces serum
2028,B08C37KWRR,related to,Ounces bath
2029,B0859CYSTM,related to,Skin care solutions
2030,B0859CYSTM,related to,Lotion & Skin Revitalizing
2031,B0859CYSTM,related to,Smoother skin
2032,B0859CYSTM,related to,Oil moisturizing
2033,B0859CYSTM,related to,Intensely moisturizing
2034,B0859CYSTM,related to,Cream delivers
2035,B0859CYSTM,related to,Silky texture
2036,B08L3J4FB9,related to,Luxurious Touch
2037,B08L3J4FB9,related to,Skin details
2038,B08L3J4FB9,related to,Skin care solutions
2039,B08L3J4FB9,related to,Skin ingredients
2040,B08L3J4FB9,related to,Lotion & Skin Revitalizing
2041,B08L3J4FB9,related to,Oil luxurious
2042,B08L3J4FB9,related to,Luxurious kit
2043,B08L3J4FB9,related to,Smoother skin
2044,B08L3J4FB9,related to,Indulge skin
2045,B08L3J4FB9,related to,Skin revitalizing
2046,B08L3J4FB9,related to,Perfect skincare
2047,B08L3J4FB9,related to,Skin dr
2048,B0813ZQG3T,related to,Nail Care Products
2049,B0813ZQG3T,related to,French manicures
2050,B0813ZQG3T,related to,Nail compounds
2051,B0813ZQG3T,related to,Skin details
2052,B0813ZQG3T,related to,Skin care solutions
2053,B0813ZQG3T,related to,Skin ingredients
2054,B0813ZQG3T,related to,Beauty Accessories
2055,B0813ZQG3T,related to,Lotion & Skin Revitalizing
2056,B0813ZQG3T,related to,Eyeshadows
2057,B0813ZQG3T,related to,Makeup Bag
2058,B0813ZQG3T,related to,Polish set
2059,B0813ZQG3T,related to,Colors kit
2060,B0813ZQG3T,related to,Care polish
2061,B0813ZQG3T,related to,Colors perfect
2062,B0813ZQG3T,related to,Flawless nail
2063,B0813ZQG3T,related to,Manicure home
2064,B0813ZQG3T,related to,Manicures home
2065,B0813ZQG3T,related to,Complexion cosmocos
2066,B0813ZQG3T,related to,Youthful complexion
2067,B0813ZQG3T,related to,Smoother skin
2068,B0813ZQG3T,related to,Complexion merlot
2069,B0813ZQG3T,related to,Perfect skincare
2070,B0813ZQG3T,related to,Gift makeup
2071,B0813ZQG3T,related to,Popular gel
2072,B07VG2W8TT,related to,Starter kit
2073,B07VG2W8TT,related to,Skin details
2074,B07VG2W8TT,related to,Luxurious kit
2075,B07VG2W8TT,related to,Youthful complexion
2076,B07VG2W8TT,related to,Smoother skin
2077,B07VG2W8TT,related to,Smoother
2078,B07TLMZL3T,related to,Beauty Accessories
2079,B07TLMZL3T,related to,Beauty silky
2080,B07TLMZL3T,related to,Serum potent
2081,B07TLMZL3T,related to,Ounces serum
2082,B07TLMZL3T,related to,Serum provides
2083,B07TLMZL3T,related to,Bottle measures
2084,B08FBHNBP1,related to,Product details
2085,B08FBHNBP1,related to,Beauty Accessories
2086,B08RY6S25W,related to,Bath & Spa Products
2087,B08RY6S25W,related to,Spa experience
2088,B086M8MZGB,related to,Dip powder
2089,B086M8MZGB,related to,Indulge skin
2090,B07YNDWRCB,related to,Luxurious Touch
2091,B07YNDWRCB,related to,Hydrate
2092,B07YNDWRCB,related to,Cleaning mechanism
2093,B07YNDWRCB,related to,Oil luxurious
2094,B07YNDWRCB,related to,Luxurious kit
2095,B08L3W279N,related to,Smoother skin
2096,B08HCMNLKD,related to,Lash & Mascara
2097,B08HCMNLKD,related to,Count Mascara
2098,B08HCMNLKD,related to,Eyeshadows
2099,B08HCMNLKD,related to,Lash stunning
2100,B08HCMNLKD,related to,Mascara resists
2101,B08HCMNLKD,related to,Lashes remain
2102,B08HCMNLKD,related to,Dramatic lash
2103,B08HCMNLKD,related to,Lashes
2104,B08HCMNLKD,related to,Silk fiber
2105,B08HCMNLKD,related to,Eyenjoy
2106,B085ZRVDKP,related to,Nail compounds
2107,B085ZRVDKP,related to,Nail Care Products
2108,B085ZRVDKP,related to,French manicures
2109,B085ZRVDKP,related to,Popular gel
2110,B085ZRVDKP,related to,Flawless nail
2111,B085ZRVDKP,related to,Manicure home
2112,B085ZRVDKP,related to,Manicures home
2113,B087ZQG11L,related to,Bath & Spa Products
2114,B087ZQG11L,related to,Ounces bath
2115,B087ZQG11L,related to,Oil moisturizing
2116,B087ZQG11L,related to,Intensely moisturizing
2117,B08NTD1NM1,related to,Lash & Mascara
2118,B08NTD1NM1,related to,Count Mascara
2119,B08NTD1NM1,related to,Eyeshadows
2120,B08NTD1NM1,related to,Makeup Bag
2121,B08NTD1NM1,related to,Beauty Accessories
2122,B08NTD1NM1,related to,Starter kit
2123,B08NTD1NM1,related to,Luxurious Touch
2124,B08NTD1NM1,related to,Lash stunning
2125,B08NTD1NM1,related to,Lashes remain
2126,B08NTD1NM1,related to,Dramatic lash
2127,B08NTD1NM1,related to,Lashes
2128,B08NTD1NM1,related to,Reusable magnetic
2129,B08NTD1NM1,related to,Oil luxurious
2130,B08NTD1NM1,related to,Luxurious kit
2131,B088X2WPTX,related to,Makeup Bag
2132,B088X2WPTX,related to,Stylish solution
2133,B088X2WPTX,related to,Colors kit
2134,B088X2WPTX,related to,Luxurious kit
2135,B08MC3ZLV4,related to,Makeup Bag
2136,B08MC3ZLV4,related to,Bath & Spa Products
2137,B08MC3ZLV4,related to,Ounces bath
2138,B08MC3ZLV4,related to,Bathtub preventing
2139,B08KWN77LW,related to,Skin care solutions
2140,B08KWN77LW,related to,Skin ingredients
2141,B08KWN77LW,related to,Lotion & Skin Revitalizing
2142,B08KWN77LW,related to,Hydrate
2143,B08KWN77LW,related to,Smoother skin
2144,B08KWN77LW,related to,Indulge skin
2145,B08KWN77LW,related to,Skin revitalizing
2146,B08KWN77LW,related to,Oil moisturizing
2147,B08KWN77LW,related to,Intensely moisturizing
2148,B08B3SJNL5,related to,Innovative Brush
2149,B08B3SJNL5,related to,Nail compounds
2150,B08B3SJNL5,related to,Nail Care Products
2151,B08B3SJNL5,related to,French manicures
2152,B08B3SJNL5,related to,Acrylic
2153,B08B3SJNL5,related to,Flawless nail
2154,B08B3SJNL5,related to,Polish set
2155,B08B3SJNL5,related to,Manicure home
2156,B08B3SJNL5,related to,Manicures home
2157,B08B3SJNL5,related to,Care polish
2158,B086VRRD99,related to,Luxurious Touch
2159,B086VRRD99,related to,Hydrate
2160,B086VRRD99,related to,Intensely moisturizing
2161,B086VRRD99,related to,Oil luxurious
2162,B086VRRD99,related to,Luxurious kit
2163,B08MPK4JRB,related to,Lash & Mascara
2164,B08MPK4JRB,related to,Count Mascara
2165,B08MPK4JRB,related to,Eyeshadows
2166,B08MPK4JRB,related to,Makeup Bag
2167,B08MPK4JRB,related to,Festive hues
2168,B08MPK4JRB,related to,Colors kit
2169,B08MPK4JRB,related to,Colors perfect
2170,B08MPK4JRB,related to,Gift makeup
2171,B08MPK4JRB,related to,Lashes
2172,B0895FHBVG,related to,French manicures
2173,B0895FHBVG,related to,Nail Care Products
2174,B0895FHBVG,related to,Starter kit
2175,B0895FHBVG,related to,Manicure home
2176,B0895FHBVG,related to,Manicures home
2177,B0895FHBVG,related to,Grooming
2178,B0895FHBVG,related to,Flawless nail
2179,B0895FHBVG,related to,Colors kit
2180,B0895FHBVG,related to,Luxurious kit
2181,B0895FHBVG,related to,Acrylic
2182,B0895FHBVG,related to,Popular gel
2183,B087D7MVHB,related to,Skin care solutions
2184,B087D7MVHB,related to,Lotion & Skin Revitalizing
2185,B087D7MVHB,related to,Skin details
2186,B087D7MVHB,related to,Skin ingredients
2187,B087D7MVHB,related to,Oil moisturizing
2188,B087D7MVHB,related to,Intensely moisturizing
2189,B087D7MVHB,related to,Complexion cosmocos
2190,B087D7MVHB,related to,Smoother skin
2191,B087D7MVHB,related to,Indulge skin
2192,B087D7MVHB,related to,Perfect skincare
2193,B087D7MVHB,related to,Bottle measures
2194,B087D7MVHB,related to,Convenient pack
2195,B08DNCR582,related to,Lash & Mascara
2196,B08DNCR582,related to,Eyeshadows
2197,B08DNCR582,related to,Reusable magnetic
2198,B08DNCR582,related to,Lash stunning
2199,B08DNCR582,related to,Lashes remain
2200,B08DNCR582,related to,Dramatic lash
2201,B08DNCR582,related to,Lashes
2202,B088LWRYJC,related to,Makeup Bag
2203,B088LWRYJC,related to,Intensely moisturizing
2204,B088LWRYJC,related to,Gift makeup
2205,B08VKQY815,related to,Skin care solutions
2206,B08VKQY815,related to,Lotion & Skin Revitalizing
2207,B08VKQY815,related to,Smoother skin
2208,B08VKQY815,related to,Indulge skin
2209,B08VKQY815,related to,Skin revitalizing
2210,B08VKQY815,related to,Perfect skincare
2211,B08VKQY815,related to,Intensely moisturizing
2212,B07NPCT6L5,related to,Anti-aging products
2213,B07NPCT6L5,related to,Skin details
2214,B07NPCT6L5,related to,Hydrate
2215,B07NPCT6L5,related to,Youthful complexion
2216,B07NPCT6L5,related to,Aging elixir
2217,B07NPCT6L5,related to,Anti aging
2218,B07NPCT6L5,related to,Oil moisturizing
2219,B07NPCT6L5,related to,Oil luxurious
2220,B07NPCT6L5,related to,Smoother skin
2221,B07NPCT6L5,related to,Indulge skin
2222,B07NPCT6L5,related to,Skin dr
2223,B07NPCT6L5,related to,Retinol
2224,B084ZHP45Y,related to,Hydrate
2225,B084ZHP45Y,related to,Acrylic
2226,B08DXCVRNY,related to,Cover details
2227,B08DXCVRNY,related to,Beauty silky
2228,B08DXCVRNY,related to,Silky texture
2229,B08DXCVRNY,related to,Complexion cosmocos
2230,B08DXCVRNY,related to,Youthful complexion
2231,B08DXCVRNY,related to,Smoother skin
2232,B08DXCVRNY,related to,Complexion merlot
2233,B08DXCVRNY,related to,Sun protection
2234,B08DXCVRNY,related to,Cream delivers
2235,B07ZJX5MNJ,related to,Nail compounds
2236,B07ZJX5MNJ,related to,Nail Care Products
2237,B07ZJX5MNJ,related to,Innovative Brush
2238,B07ZJX5MNJ,related to,Flawless nail
2239,B07ZJX5MNJ,related to,Artistry jargod
2240,B07ZJX5MNJ,related to,Acrylic
2241,B07ZJX5MNJ,related to,Manicure home
2242,B07ZJX5MNJ,related to,Manicures home
2243,B07MN1KJ15,related to,Skin details
2244,B07MN1KJ15,related to,Skin care solutions
2245,B07MN1KJ15,related to,Skin ingredients
2246,B07MN1KJ15,related to,Lotion & Skin Revitalizing
2247,B07MN1KJ15,related to,Complexion cosmocos
2248,B07MN1KJ15,related to,Youthful complexion
2249,B07MN1KJ15,related to,Smoother skin
2250,B07MN1KJ15,related to,Complexion merlot
2251,B07MN1KJ15,related to,Skin revitalizing
2252,B07MN1KJ15,related to,Indulge skin
2253,B07MN1KJ15,related to,Silky texture
2254,B07MN1KJ15,related to,Smoother
2255,B07MN1KJ15,related to,Perfect skincare
2256,B07MN1KJ15,related to,Skin dr
2257,B07MN1KJ15,related to,Serum potent
2258,B07MN1KJ15,related to,Ounces serum
2259,B07MN1KJ15,related to,Serum provides
2260,B07MN1KJ15,related to,Ounces celimax
2261,B07MN1KJ15,related to,Ounces bath
2262,B07MN1KJ15,related to,Retinol
2263,B089CSR3KF,related to,Fine mist
2264,B089CSR3KF,related to,Refilling needs
2265,B089CSR3KF,related to,Glass spray
2266,B089CSR3KF,related to,Convenient pack
2267,B089CSR3KF,related to,Stylish solution
2268,B084WP4XS8,related to,Skin details
2269,B084WP4XS8,related to,Skin care solutions
2270,B084WP4XS8,related to,Skin ingredients
2271,B084WP4XS8,related to,Lotion & Skin Revitalizing
2272,B084WP4XS8,related to,Hyaluronic acid
2273,B084WP4XS8,related to,Smoother skin
2274,B084WP4XS8,related to,Indulge skin
2275,B084WP4XS8,related to,Skin revitalizing
2276,B084WP4XS8,related to,Perfect skincare
2277,B084WP4XS8,related to,Skin dr
2278,B084WP4XS8,related to,Aqua boosting
2279,B084WP4XS8,related to,Sedum extract
2280,B084WP4XS8,related to,Ounces serum
2281,B084WP4XS8,related to,Ounces celimax
2282,B084WP4XS8,related to,Ounces bath
2283,B07WNBZQGT,related to,Anti-aging products
2284,B07WNBZQGT,related to,Skin details
2285,B07WNBZQGT,related to,Collagen
2286,B07WNBZQGT,related to,Dose resveratrol
2287,B07WNBZQGT,related to,Serum potent
2288,B07WNBZQGT,related to,Ounces serum
2289,B07WNBZQGT,related to,Serum provides
2290,B07WNBZQGT,related to,Aging elixir
2291,B07WNBZQGT,related to,Anti aging
2292,B07WNBZQGT,related to,Complexion cosmocos
2293,B07WNBZQGT,related to,Youthful complexion
2294,B07WNBZQGT,related to,Smoother skin
2295,B07WNBZQGT,related to,Complexion merlot
2296,B07WNBZQGT,related to,Skin revitalizing
2297,B07WNBZQGT,related to,Perfect skincare
2298,B07WNBZQGT,related to,Skin dr
2299,B088ZVSLYP,related to,Bath & Spa Products
2300,B088ZVSLYP,related to,Ounces serum
2301,B088ZVSLYP,related to,Ounces celimax
2302,B088ZVSLYP,related to,Ounces bath
2303,B088ZVSLYP,related to,Spa experience
2304,B088ZVSLYP,related to,Pillow meticulously
2305,B088ZVSLYP,related to,Cups pillow
2306,B088ZVSLYP,related to,Bathtub preventing
2307,B0876VC4KM,related to,Nail Care Products
2308,B0876VC4KM,related to,French manicures
2309,B0876VC4KM,related to,Flawless nail
2310,B0876VC4KM,related to,Manicure home
2311,B0876VC4KM,related to,Manicures home
2312,B0876VC4KM,related to,Festive hues
2313,B0876VC4KM,related to,Colors perfect
2314,B0876VC4KM,related to,Polish set
2315,B0876VC4KM,related to,Care polish
2316,B0876VC4KM,related to,Anzuo
2317,B0876VC4KM,related to,Popular gel
2318,B08G83G24X,related to,Vitamins bottle
2319,B08G83G24X,related to,Skycy
2320,B08G83G24X,related to,Comfortably carry
2321,B08G83G24X,related to,Portable travel
2322,B08G83G24X,related to,Bottle measures
2323,B08SJKR877,related to,Starter kit
2324,B08SJKR877,related to,Nail Care Products
2325,B08SJKR877,related to,French manicures
2326,B08SJKR877,related to,Colors kit
2327,B08SJKR877,related to,Luxurious kit
2328,B08SJKR877,related to,Manicure home
2329,B08SJKR877,related to,Manicures home
2330,B08SJKR877,related to,Colors perfect
2331,B08SJKR877,related to,Dip powder
2332,B08SJKR877,related to,Flawless nail
2333,B01MA3LXIL,related to,Lotion & Skin Revitalizing
2334,B01MA3LXIL,related to,Skin details
2335,B01MA3LXIL,related to,Skin care solutions
2336,B01MA3LXIL,related to,Lotion travel
2337,B01MA3LXIL,related to,Youthful complexion
2338,B01MA3LXIL,related to,Smoother skin
2339,B01MA3LXIL,related to,Indulge skin
2340,B01MA3LXIL,related to,Complexion merlot
2341,B01MA3LXIL,related to,Skin revitalizing
2342,B01MA3LXIL,related to,Perfect skincare
2343,B01MA3LXIL,related to,Skin dr
2344,B01MA3LXIL,related to,Perfect pampering
2345,B01MA3LXIL,related to,Spanature green
2346,B01MA3LXIL,related to,Tea hand
2347,B01MA3LXIL,related to,Blossom hand
2348,B086SSHLWT,related to,Lash & Mascara
2349,B086SSHLWT,related to,Count Mascara
2350,B086SSHLWT,related to,Black waterproof
2351,B086SSHLWT,related to,Lash stunning
2352,B086SSHLWT,related to,Lashes remain
2353,B086SSHLWT,related to,Dramatic lash
2354,B086SSHLWT,related to,Lashes
2355,B086SSHLWT,related to,Mascara resists
2356,B086SSHLWT,related to,4d silk
2357,B086SSHLWT,related to,Silk fiber
2358,B086SSHLWT,related to,Beauty silky
2359,B086SSHLWT,related to,Smoother skin
2360,B086SSHLWT,related to,Silky texture
2361,B07PZ8JNWJ,related to,Luxurious Touch
2362,B07PZ8JNWJ,related to,Lotion & Skin Revitalizing
2363,B07PZ8JNWJ,related to,Oil luxurious
2364,B07PZ8JNWJ,related to,Luxurious kit
2365,B07PZ8JNWJ,related to,Tea hand
2366,B07PZ8JNWJ,related to,Blossom hand
2367,B07PZ8JNWJ,related to,Polish set
2368,B07PZ8JNWJ,related to,Care polish
2369,B07PZ8JNWJ,related to,Body sugar
2370,B07PZ8JNWJ,related to,Oil moisturizing
2371,B07PZ8JNWJ,related to,Intensely moisturizing
2372,B08KY7VYDS,related to,Innovative Brush
2373,B08KY7VYDS,related to,Grooming
2374,B08KY7VYDS,related to,Cleaning mechanism
2375,B08KY7VYDS,related to,Smoother skin
2376,B08KY7VYDS,related to,Smoother
2377,B08GJJ5RV9,related to,Hydrate
2378,B08GJJ5RV9,related to,Skin details
2379,B08GJJ5RV9,related to,Skin care solutions
2380,B08GJJ5RV9,related to,Skin ingredients
2381,B08GJJ5RV9,related to,Lotion & Skin Revitalizing
2382,B08GJJ5RV9,related to,Palnour cucumber
2383,B08GJJ5RV9,related to,Dose cucumber
2384,B08GJJ5RV9,related to,Smoother skin
2385,B08GJJ5RV9,related to,Indulge skin
2386,B08GJJ5RV9,related to,Complexion merlot
2387,B08GJJ5RV9,related to,Skin revitalizing
2388,B08GJJ5RV9,related to,Perfect skincare
2389,B08GJJ5RV9,related to,Skin dr
2390,B08GJJ5RV9,related to,Oil moisturizing
2391,B08GJJ5RV9,related to,Intensely moisturizing
2392,B086ST4W1C,related to,Lash & Mascara
2393,B086ST4W1C,related to,Count Mascara
2394,B086ST4W1C,related to,Makeup Bag
2395,B086ST4W1C,related to,Black waterproof
2396,B086ST4W1C,related to,Lash stunning
2397,B086ST4W1C,related to,Mascara resists
2398,B086ST4W1C,related to,Lashes remain
2399,B086ST4W1C,related to,Lashes
2400,B086ST4W1C,related to,Dramatic lash
2401,B086ST4W1C,related to,4d silk
2402,B086ST4W1C,related to,Silky texture
2403,B086ST4W1C,related to,Silk fiber
2404,B07DFNPVSF,related to,Denese Skinscience
2405,B07DFNPVSF,related to,Anti-aging products
2406,B07DFNPVSF,related to,Luxurious Touch
2407,B07DFNPVSF,related to,Skin details
2408,B07DFNPVSF,related to,Skin care solutions
2409,B07DFNPVSF,related to,Skin ingredients
2410,B07DFNPVSF,related to,Lotion & Skin Revitalizing
2411,B07DFNPVSF,related to,Aging elixir
2412,B07DFNPVSF,related to,Anti aging
2413,B07DFNPVSF,related to,Oil moisturizing
2414,B07DFNPVSF,related to,Oil luxurious
2415,B07DFNPVSF,related to,Luxurious kit
2416,B07DFNPVSF,related to,Smoother skin
2417,B07DFNPVSF,related to,Indulge skin
2418,B07DFNPVSF,related to,Complexion merlot
2419,B07DFNPVSF,related to,Skin revitalizing
2420,B07DFNPVSF,related to,Perfect skincare
2421,B07DFNPVSF,related to,Skin dr
2422,B07DFNPVSF,related to,Lipids leaving
2423,B08F7877DC,related to,Eyeshadows
2424,B08F7877DC,related to,Makeup Bag
2425,B08F7877DC,related to,Eyenjoy
2426,B08F7877DC,related to,Vibrant collection
2427,B08F7877DC,related to,Kissio
2428,B08F7877DC,related to,Festive hues
2429,B08F7877DC,related to,Colors kit
2430,B08F7877DC,related to,Colors perfect
2431,B08F7877DC,related to,Gift makeup
2432,B087GD4BJ1,related to,Count Mascara
2433,B087GD4BJ1,related to,Makeup Bag
2434,B087GD4BJ1,related to,Eyeshadows
2435,B087GD4BJ1,related to,Lash & Mascara
2436,B087GD4BJ1,related to,Beauty Accessories
2437,B087GD4BJ1,related to,Starter kit
2438,B087GD4BJ1,related to,Luxurious Touch
2439,B087GD4BJ1,related to,Gift makeup
2440,B087GD4BJ1,related to,Reusable magnetic
2441,B087GD4BJ1,related to,Eyenjoy
2442,B087GD4BJ1,related to,Lash stunning
2443,B087GD4BJ1,related to,Mascara resists
2444,B087GD4BJ1,related to,Lashes remain
2445,B087GD4BJ1,related to,Dramatic lash
2446,B087GD4BJ1,related to,Lashes
2447,B087GD4BJ1,related to,Oil luxurious
2448,B087GD4BJ1,related to,Luxurious kit
