head,relation,tail
Xbox,is parent of,Xbox Series X
Xbox,is parent of,Xbox Series S
Xbox,is parent of,Xbox One
Xbox,is parent of,Xbox Live
Playstation,is parent of,Playstation 5
Playstation,is parent of,Playstation 4
Playstation,is parent of,Playstation Plus
Nintendo,is parent of,Nintendo Switch
Nintendo,is parent of,Nintendo GameCube
Nintendo,is parent of,Nintendo DS
Nintendo,is parent of,Nintendo Wii
PC Gaming,is parent of,PC Games
PC Gaming,is parent of,PC Accessories
PC Accessories,is parent of,PC Games - Xbox
PC Accessories,is parent of,PC Games - Playstation
PC Accessories,is parent of,PC Games - Nintendo
PC Accessories,is parent of,PC Accessories - Xbox
PC Accessories,is parent of,PC Accessories - Playstation
PC Accessories,is parent of,PC Accessories - Nintendo
Accessories,is parent of,Controller Accessories
Controller Accessories,is parent of,Controller Accessories - Xbox
Controller Accessories,is parent of,Controller Accessories - Playstation
Controller Accessories,is parent of,Controller Accessories - Nintendo
Accessories,is parent of,Headsets
Headsets,is parent of,Headsets - Xbox
Headsets,is parent of,Headsets - Playstation
Headsets,is parent of,Headsets - Nintendo
Accessories,is parent of,Other Accessories
Other Accessories,is parent of,Screen Protection
Other Accessories,is parent of,Keyboard
Other Accessories,is parent of,Tool Kit
Accessories,is parent of,Cable
Cable,is parent of,Cable Released
B00Z9TLVK0,related to,PC Gaming
B00Z9TLVK0,related to,Playstation
B00Z9TLVK0,related to,Nintendo
B00Z9TLVK0,related to,PC Games
B00Z9TLVK0,related to,Nintendo Wii
B00Z9TLVK0,related to,PC Games - Xbox
B00Z9TLVK0,related to,PC Games - Playstation
B00Z9TLVK0,related to,PC Games - Nintendo
B07H93H878,related to,Xbox
B07H93H878,related to,Playstation
B07H93H878,related to,Nintendo
B07H93H878,related to,PC Gaming
B07H93H878,related to,Controller Accessories
B07H93H878,related to,Xbox Series X
B07H93H878,related to,Xbox Series S
B07H93H878,related to,Xbox One
B07H93H878,related to,Xbox Live
B07H93H878,related to,Playstation 5
B07H93H878,related to,Playstation 4
B07H93H878,related to,Playstation Plus
B07H93H878,related to,PC Games
B07H93H878,related to,PC Games - Xbox
B07H93H878,related to,PC Games - Playstation
B07H93H878,related to,PC Games - Nintendo
B07H93H878,related to,PC Accessories - Xbox
B07H93H878,related to,PC Accessories - Playstation
B07H93H878,related to,PC Accessories - Nintendo
B07H93H878,related to,Controller Accessories - Xbox
B07H93H878,related to,Headsets - Xbox
B07H93H878,related to,Controller Accessories - Playstation
B07H93H878,related to,Controller Accessories - Nintendo
B00006969T,related to,PC Gaming
B00006969T,related to,Nintendo
B00006969T,related to,Playstation
B00006969T,related to,Xbox
B00006969T,related to,Playstation 4
B00006969T,related to,Nintendo Switch
B00006969T,related to,Nintendo GameCube
B00006969T,related to,Nintendo DS
B00006969T,related to,Nintendo Wii
B00006969T,related to,PC Games - Nintendo
B00006969T,related to,PC Accessories - Nintendo
B00006969T,related to,Controller Accessories - Nintendo
B00006969T,related to,Headsets - Nintendo
B00006969T,related to,Cable Released
B00006969T,related to,Playstation 5
B00006969T,related to,PC Games
B00006969T,related to,PC Games - Xbox
B00006969T,related to,PC Games - Playstation
B00BJH85SW,related to,Nintendo
B00BJH85SW,related to,PC Gaming
B00BJH85SW,related to,Nintendo Switch
B00BJH85SW,related to,Nintendo GameCube
B00BJH85SW,related to,Nintendo DS
B00BJH85SW,related to,Nintendo Wii
B00BJH85SW,related to,PC Games - Nintendo
B00BJH85SW,related to,PC Accessories - Nintendo
B00BJH85SW,related to,Controller Accessories - Nintendo
B00BJH85SW,related to,Headsets - Nintendo
B00BJH85SW,related to,PC Games
B00BJH85SW,related to,PC Games - Xbox
B001EYUX4Y,related to,PC Gaming
B001EYUX4Y,related to,PC Games
B001ECIV54,related to,Playstation
B001ECIV54,related to,Nintendo
B001ECIV54,related to,PC Gaming
B001ECIV54,related to,Playstation 5
B001ECIV54,related to,Playstation 4
B001ECIV54,related to,Playstation Plus
B001ECIV54,related to,PC Games - Playstation
B001ECIV54,related to,PC Accessories - Playstation
B001ECIV54,related to,Controller Accessories - Playstation
B001ECIV54,related to,Headsets - Playstation
B001ECIV54,related to,Nintendo Wii
B001ECIV54,related to,PC Games
B001ECIV54,related to,PC Games - Xbox
B001ECIV54,related to,PC Games - Nintendo
B01N9HGQTM,related to,PC Gaming
B01N9HGQTM,related to,Xbox
B01N9HGQTM,related to,Playstation
B01N9HGQTM,related to,Nintendo
B01N9HGQTM,related to,Controller Accessories
B01N9HGQTM,related to,PC Games
B01N9HGQTM,related to,PC Games - Xbox
B01N9HGQTM,related to,PC Games - Playstation
B01N9HGQTM,related to,PC Games - Nintendo
B01N9HGQTM,related to,Xbox One
B01N9HGQTM,related to,Playstation 5
B01N9HGQTM,related to,Playstation 4
B01N9HGQTM,related to,Playstation Plus
B01N9HGQTM,related to,Nintendo Switch
B01N9HGQTM,related to,Nintendo GameCube
B01N9HGQTM,related to,Nintendo DS
B01N9HGQTM,related to,Nintendo Wii
B01N9HGQTM,related to,PC Accessories - Nintendo
B01N9HGQTM,related to,Controller Accessories - Nintendo
B01N9HGQTM,related to,Headsets - Nintendo
B01N9HGQTM,related to,Controller Accessories - Xbox
B01N9HGQTM,related to,Controller Accessories - Playstation
B07B3RPWKK,related to,PC Gaming
B07B3RPWKK,related to,Xbox
B07B3RPWKK,related to,Playstation
B07B3RPWKK,related to,Nintendo
B07B3RPWKK,related to,Keyboard
B07B3RPWKK,related to,PC Games
B07B3RPWKK,related to,PC Games - Playstation
B07B3RPWKK,related to,PC Games - Nintendo
B07B3RPWKK,related to,Xbox One
B07B3RPWKK,related to,Playstation 5
B07B3RPWKK,related to,Playstation 4
B07B3RPWKK,related to,Playstation Plus
B07B3RPWKK,related to,PC Games - Xbox
B07B3RPWKK,related to,PC Accessories - Xbox
B07B3RPWKK,related to,PC Accessories - Playstation
B07B3RPWKK,related to,PC Accessories - Nintendo
B08WLJ8WF2,related to,Playstation
B08WLJ8WF2,related to,Controller Accessories
B08WLJ8WF2,related to,Xbox
B08WLJ8WF2,related to,Nintendo
B08WLJ8WF2,related to,PC Gaming
B08WLJ8WF2,related to,Playstation 5
B08WLJ8WF2,related to,Playstation 4
B08WLJ8WF2,related to,Playstation Plus
B08WLJ8WF2,related to,PC Games - Playstation
B08WLJ8WF2,related to,PC Accessories - Playstation
B08WLJ8WF2,related to,Controller Accessories - Playstation
B08WLJ8WF2,related to,Controller Accessories - Xbox
B08WLJ8WF2,related to,Controller Accessories - Nintendo
B08WLJ8WF2,related to,Xbox One
B08WLJ8WF2,related to,Nintendo Wii
B08WLJ8WF2,related to,PC Games
B08WLJ8WF2,related to,PC Games - Xbox
B08WLJ8WF2,related to,PC Games - Nintendo
B0011UH182,related to,PC Games
B00OLOQGAY,related to,Headsets
B00OLOQGAY,related to,PC Gaming
B00OLOQGAY,related to,Xbox
B00OLOQGAY,related to,Playstation
B00OLOQGAY,related to,Nintendo
B00OLOQGAY,related to,Headsets - Xbox
B00OLOQGAY,related to,Headsets - Playstation
B00OLOQGAY,related to,Headsets - Nintendo
B00OLOQGAY,related to,PC Games
B00OLOQGAY,related to,PC Games - Xbox
B00OLOQGAY,related to,Xbox Series X
B00OLOQGAY,related to,Xbox Series S
B00OLOQGAY,related to,Xbox One
B00OLOQGAY,related to,Xbox Live
B00OLOQGAY,related to,Playstation 5
B00OLOQGAY,related to,Playstation 4
B00OLOQGAY,related to,Playstation Plus
B00OLOQGAY,related to,PC Games - Playstation
B00OLOQGAY,related to,PC Games - Nintendo
B00OLOQGAY,related to,PC Accessories - Xbox
B00OLOQGAY,related to,PC Accessories - Playstation
B00OLOQGAY,related to,PC Accessories - Nintendo
B00OLOQGAY,related to,Controller Accessories - Xbox
B00OLOQGAY,related to,Nintendo GameCube
B00OLOQGAY,related to,Nintendo DS
B00OLOQGAY,related to,Nintendo Wii
B002KAKSJQ,related to,Xbox
B002KAKSJQ,related to,Playstation
B002KAKSJQ,related to,Nintendo
B002KAKSJQ,related to,PC Gaming
B002KAKSJQ,related to,PC Games
B002KAKSJQ,related to,Xbox Series X
B002KAKSJQ,related to,Xbox Series S
B002KAKSJQ,related to,Xbox One
B002KAKSJQ,related to,Playstation 5
B002KAKSJQ,related to,Playstation 4
B002KAKSJQ,related to,PC Games - Xbox
B002KAKSJQ,related to,PC Games - Playstation
B002KAKSJQ,related to,PC Games - Nintendo
B002KAKSJQ,related to,PC Accessories - Xbox
B002KAKSJQ,related to,PC Accessories - Nintendo
B078GW3HGR,related to,Playstation
B078GW3HGR,related to,PC Games
B078GW3HGR,related to,PC Games - Xbox
B078GW3HGR,related to,Playstation 5
B078GW3HGR,related to,Playstation 4
B078GW3HGR,related to,Playstation Plus
B078GW3HGR,related to,PC Games - Playstation
B078GW3HGR,related to,PC Accessories - Playstation
B078GW3HGR,related to,Controller Accessories - Playstation
B078GW3HGR,related to,Headsets - Playstation
B004BV5O0U,related to,PC Gaming
B004BV5O0U,related to,Playstation
B004BV5O0U,related to,PC Games
B004BV5O0U,related to,Playstation 5
B004BV5O0U,related to,Playstation 4
B001ELJEA6,related to,Playstation
B001ELJEA6,related to,PC Games
B001ELJEA6,related to,Playstation 5
B001ELJEA6,related to,Playstation 4
B001ELJEA6,related to,Playstation Plus
B001ELJEA6,related to,PC Games - Playstation
B00B5QGJ5S,related to,Playstation
B00B5QGJ5S,related to,Xbox
B00B5QGJ5S,related to,Xbox One
B00B5QGJ5S,related to,Playstation 5
B00B5QGJ5S,related to,Playstation 4
B00B5QGJ5S,related to,Playstation Plus
B00B5QGJ5S,related to,PC Games - Playstation
B00B5QGJ5S,related to,PC Accessories - Playstation
B00B5QGJ5S,related to,Controller Accessories - Playstation
B00B5QGJ5S,related to,Headsets - Playstation
B00B5QGJ5S,related to,Nintendo DS
B00B5QGJ5S,related to,Nintendo Wii
B00B5QGJ5S,related to,PC Games - Nintendo
B09CG15F86,related to,PC Gaming
B09CG15F86,related to,Keyboard
B08P1CB1G2,related to,PC Accessories
B08P1CB1G2,related to,Accessories
B08P1CB1G2,related to,Controller Accessories
B08P1CB1G2,related to,Other Accessories
B08P1CB1G2,related to,Playstation
B08P1CB1G2,related to,PC Gaming
B08P1CB1G2,related to,Controller Accessories - Nintendo
B08P1CB1G2,related to,Controller Accessories - Xbox
B08P1CB1G2,related to,Controller Accessories - Playstation
B08P1CB1G2,related to,Playstation 5
B08P1CB1G2,related to,Playstation 4
B08P1CB1G2,related to,Playstation Plus
B08P1CB1G2,related to,PC Games - Playstation
B08P1CB1G2,related to,PC Accessories - Playstation
B08P1CB1G2,related to,Headsets - Playstation
B08P1CB1G2,related to,Screen Protection
B08P1CB1G2,related to,PC Games
B08P1CB1G2,related to,PC Games - Xbox
B08P1CB1G2,related to,PC Games - Nintendo
B002KE4NVG,related to,PC Games
B002KE4NVG,related to,PC Games - Xbox
B002KE4NVG,related to,PC Games - Playstation
B002KE4NVG,related to,PC Games - Nintendo
B00GYL29NU,related to,PC Gaming
B00GYL29NU,related to,Xbox
B00GYL29NU,related to,Playstation
B00GYL29NU,related to,Nintendo
B00GYL29NU,related to,PC Games
B00GYL29NU,related to,Xbox Series S
B00GYL29NU,related to,Xbox One
B00GYL29NU,related to,Playstation 5
B00GYL29NU,related to,Playstation 4
B00GYL29NU,related to,Playstation Plus
B00GYL29NU,related to,Nintendo DS
B00GYL29NU,related to,Nintendo Wii
B00GYL29NU,related to,PC Games - Xbox
B00GYL29NU,related to,PC Games - Playstation
B00GYL29NU,related to,PC Games - Nintendo
B00GYL29NU,related to,PC Accessories - Playstation
B00GYL29NU,related to,Controller Accessories - Playstation
B00GYL29NU,related to,Headsets - Playstation
B001EYUWL8,related to,Nintendo
B001EYUWL8,related to,Playstation
B001EYUWL8,related to,PC Games
B001EYUWL8,related to,Nintendo Switch
B001EYUWL8,related to,Nintendo GameCube
B001EYUWL8,related to,Nintendo DS
B001EYUWL8,related to,Nintendo Wii
B001EYUWL8,related to,PC Games - Nintendo
B001EYUWL8,related to,PC Accessories - Nintendo
B001EYUWL8,related to,Controller Accessories - Nintendo
B001EYUWL8,related to,Xbox Series S
B001EYUWL8,related to,Playstation 5
B001EYUWL8,related to,Playstation 4
B001EYUWL8,related to,Playstation Plus
B001EYUWL8,related to,Headsets - Nintendo
B006M38RX6,related to,PC Gaming
B006M38RX6,related to,Nintendo
B006M38RX6,related to,PC Games
B006M38RX6,related to,PC Games - Xbox
B006M38RX6,related to,PC Games - Nintendo
B006M38RX6,related to,PC Games - Playstation
B006M38RX6,related to,Cable Released
B01LP5V5CU,related to,Xbox
B01LP5V5CU,related to,PC Gaming
B01LP5V5CU,related to,Controller Accessories
B01LP5V5CU,related to,PC Games
B01LP5V5CU,related to,Xbox Series X
B01LP5V5CU,related to,Xbox Series S
B01LP5V5CU,related to,Xbox One
B01LP5V5CU,related to,Xbox Live
B01LP5V5CU,related to,PC Games - Xbox
B01LP5V5CU,related to,PC Accessories - Xbox
B01LP5V5CU,related to,Controller Accessories - Xbox
B01LP5V5CU,related to,PC Games - Nintendo
B01LP5V5CU,related to,Controller Accessories - Playstation
B01LP5V5CU,related to,Controller Accessories - Nintendo
B00M3T4KMA,related to,Cable
B00M3T4KMA,related to,Headsets
B00M3T4KMA,related to,PC Gaming
B00M3T4KMA,related to,Playstation
B00M3T4KMA,related to,Nintendo
B00M3T4KMA,related to,PC Games
B00M3T4KMA,related to,Headsets - Xbox
B00M3T4KMA,related to,Headsets - Playstation
B00M3T4KMA,related to,Headsets - Nintendo
B00M3T4KMA,related to,PC Games - Xbox
B00M3T4KMA,related to,PC Games - Playstation
B00M3T4KMA,related to,PC Games - Nintendo
B008235PQQ,related to,Nintendo
B008235PQQ,related to,PC Gaming
B008235PQQ,related to,PC Games
B008235PQQ,related to,PC Games - Xbox
B008235PQQ,related to,PC Games - Playstation
B008235PQQ,related to,PC Games - Nintendo
B000EP3ZLC,related to,PC Gaming
B000EP3ZLC,related to,PC Games - Xbox
B000EP3ZLC,related to,PC Games
B000EP3ZLC,related to,PC Games - Playstation
B000EP3ZLC,related to,PC Games - Nintendo
B000EP3ZLC,related to,PC Accessories - Nintendo
B000WQ3838,related to,PC Gaming
B000WQ3838,related to,Playstation 5
B000WQ3838,related to,Playstation 4
B000WQ3838,related to,PC Games
B000WQ3838,related to,PC Games - Xbox
B000WQ3838,related to,PC Games - Playstation
B000WQ3838,related to,PC Games - Nintendo
B089QJ3NKP,related to,Nintendo
B089QJ3NKP,related to,Controller Accessories
B089QJ3NKP,related to,PC Gaming
B089QJ3NKP,related to,Nintendo Switch
B089QJ3NKP,related to,Nintendo GameCube
B089QJ3NKP,related to,Nintendo DS
B089QJ3NKP,related to,Nintendo Wii
B089QJ3NKP,related to,PC Games - Nintendo
B089QJ3NKP,related to,PC Accessories - Nintendo
B089QJ3NKP,related to,Controller Accessories - Xbox
B089QJ3NKP,related to,Controller Accessories - Playstation
B089QJ3NKP,related to,Controller Accessories - Nintendo
B089QJ3NKP,related to,PC Games
B089QJ3NKP,related to,Tool Kit
B001RNOQLS,related to,Controller Accessories
B001RNOQLS,related to,Xbox
B001RNOQLS,related to,Playstation
B001RNOQLS,related to,Nintendo
B001RNOQLS,related to,PC Gaming
B001RNOQLS,related to,Xbox Series S
B001RNOQLS,related to,Xbox One
B001RNOQLS,related to,Playstation 5
B001RNOQLS,related to,Playstation 4
B001RNOQLS,related to,Playstation Plus
B001RNOQLS,related to,Nintendo DS
B001RNOQLS,related to,Nintendo Wii
B001RNOQLS,related to,PC Games
B001RNOQLS,related to,PC Games - Xbox
B001RNOQLS,related to,PC Games - Playstation
B001RNOQLS,related to,PC Games - Nintendo
B001RNOQLS,related to,PC Accessories - Playstation
B001RNOQLS,related to,Controller Accessories - Playstation
B001RNOQLS,related to,Headsets - Playstation
B001RNOQLS,related to,Controller Accessories - Xbox
B001RNOQLS,related to,Controller Accessories - Nintendo
B006IVOLCI,related to,Xbox
B006IVOLCI,related to,Playstation
B006IVOLCI,related to,Nintendo
B006IVOLCI,related to,PC Gaming
B006IVOLCI,related to,PC Accessories
B006IVOLCI,related to,Accessories
B006IVOLCI,related to,Controller Accessories
B006IVOLCI,related to,Other Accessories
B006IVOLCI,related to,Xbox Series S
B006IVOLCI,related to,Xbox One
B006IVOLCI,related to,Playstation 5
B006IVOLCI,related to,Playstation 4
B006IVOLCI,related to,Playstation Plus
B006IVOLCI,related to,Nintendo DS
B006IVOLCI,related to,Nintendo Wii
B006IVOLCI,related to,PC Games
B006IVOLCI,related to,PC Games - Xbox
B006IVOLCI,related to,PC Games - Playstation
B006IVOLCI,related to,PC Games - Nintendo
B006IVOLCI,related to,PC Accessories - Playstation
B006IVOLCI,related to,Controller Accessories - Playstation
B006IVOLCI,related to,Headsets - Playstation
B006IVOLCI,related to,PC Accessories - Xbox
B006IVOLCI,related to,PC Accessories - Nintendo
B006IVOLCI,related to,Controller Accessories - Xbox
B006IVOLCI,related to,Controller Accessories - Nintendo
B015Q7IF3U,related to,Xbox
B015Q7IF3U,related to,Playstation
B015Q7IF3U,related to,Nintendo
B015Q7IF3U,related to,PC Gaming
B015Q7IF3U,related to,Cable
B015Q7IF3U,related to,Xbox One
B015Q7IF3U,related to,Playstation 5
B015Q7IF3U,related to,Playstation 4
B015Q7IF3U,related to,Playstation Plus
B015Q7IF3U,related to,Nintendo Switch
B015Q7IF3U,related to,Nintendo GameCube
B015Q7IF3U,related to,Nintendo DS
B015Q7IF3U,related to,Nintendo Wii
B015Q7IF3U,related to,PC Games
B015Q7IF3U,related to,PC Games - Xbox
B015Q7IF3U,related to,PC Games - Playstation
B015Q7IF3U,related to,PC Games - Nintendo
B015Q7IF3U,related to,PC Accessories - Nintendo
B015Q7IF3U,related to,Controller Accessories - Nintendo
B015Q7IF3U,related to,Cable Released
B07KXS41QL,related to,Controller Accessories - Playstation
B07FPRWGM4,related to,Cable
B07FPRWGM4,related to,Nintendo
B07FPRWGM4,related to,Controller Accessories
B07FPRWGM4,related to,Cable Released
B07FPRWGM4,related to,Nintendo Switch
B07FPRWGM4,related to,Nintendo GameCube
B07FPRWGM4,related to,Nintendo DS
B07FPRWGM4,related to,Nintendo Wii
B07FPRWGM4,related to,PC Games - Nintendo
B07FPRWGM4,related to,PC Accessories - Nintendo
B07FPRWGM4,related to,Controller Accessories - Xbox
B07FPRWGM4,related to,Controller Accessories - Playstation
B07FPRWGM4,related to,Controller Accessories - Nintendo
B07FPRWGM4,related to,Headsets - Nintendo
B00XY0IVK4,related to,Playstation
B00XY0IVK4,related to,PC Gaming
B00XY0IVK4,related to,Xbox
B00XY0IVK4,related to,Playstation 5
B00XY0IVK4,related to,Playstation 4
B00XY0IVK4,related to,Playstation Plus
B00XY0IVK4,related to,PC Games - Playstation
B00XY0IVK4,related to,PC Accessories - Playstation
B00XY0IVK4,related to,Controller Accessories - Playstation
B00XY0IVK4,related to,PC Games
B00XY0IVK4,related to,PC Games - Nintendo
B00XY0IVK4,related to,Xbox One
B00XY0IVK4,related to,PC Games - Xbox
B00XY0IVK4,related to,Headsets - Playstation
B00XY0IVK4,related to,Cable Released
B00008DHLK,related to,Nintendo
B0001AVSH8,related to,Nintendo
B0001AVSH8,related to,PC Gaming
B0001AVSH8,related to,Nintendo GameCube
B0001AVSH8,related to,PC Games
B0001AVSH8,related to,PC Games - Xbox
B0001AVSH8,related to,PC Games - Playstation
B0001AVSH8,related to,PC Games - Nintendo
B0001AVSH8,related to,Xbox Series S
B0000CE1IN,related to,PC Gaming
B0000CE1IN,related to,PC Games
B0000CE1IN,related to,PC Games - Xbox
B0000CE1IN,related to,PC Games - Nintendo
B00OVGABF8,related to,PC Gaming
B00OVGABF8,related to,Xbox
B00OVGABF8,related to,Playstation
B00OVGABF8,related to,Nintendo
B00OVGABF8,related to,PC Games
B00OVGABF8,related to,Xbox Series X
B00OVGABF8,related to,Xbox Series S
B00OVGABF8,related to,Xbox One
B00OVGABF8,related to,Playstation 5
B00OVGABF8,related to,Playstation 4
B00OVGABF8,related to,PC Games - Xbox
B00OVGABF8,related to,PC Games - Playstation
B00OVGABF8,related to,PC Games - Nintendo
B00OVGABF8,related to,PC Accessories - Xbox
B00OVGABF8,related to,PC Accessories - Nintendo
B078GLDBZX,related to,PC Gaming
B078GLDBZX,related to,Nintendo
B078GLDBZX,related to,Nintendo Switch
B078GLDBZX,related to,PC Games
B078GLDBZX,related to,PC Games - Playstation
B078GLDBZX,related to,PC Games - Nintendo
B078GLDBZX,related to,PC Accessories - Nintendo
B078GLDBZX,related to,Nintendo GameCube
B078GLDBZX,related to,Nintendo DS
B078GLDBZX,related to,Nintendo Wii
B078GLDBZX,related to,Controller Accessories - Nintendo
B078GLDBZX,related to,Headsets - Nintendo
B0000C0YSB,related to,Xbox
B0000C0YSB,related to,Playstation
B0000C0YSB,related to,Nintendo
B0000C0YSB,related to,PC Gaming
B0000C0YSB,related to,Playstation 5
B0000C0YSB,related to,Playstation 4
B0000C0YSB,related to,PC Games
B0000C0YSB,related to,PC Games - Xbox
B0000C0YSB,related to,PC Games - Playstation
B0000C0YSB,related to,PC Games - Nintendo
B01GY35HKE,related to,Xbox
B01GY35HKE,related to,Playstation
B01GY35HKE,related to,PC Gaming
B01GY35HKE,related to,Xbox Series X
B01GY35HKE,related to,Xbox Series S
B01GY35HKE,related to,Xbox One
B01GY35HKE,related to,Xbox Live
B01GY35HKE,related to,Playstation 5
B01GY35HKE,related to,Playstation 4
B01GY35HKE,related to,PC Games
B01GY35HKE,related to,PC Games - Xbox
B01GY35HKE,related to,PC Games - Playstation
B01GY35HKE,related to,PC Accessories - Xbox
B01GY35HKE,related to,Controller Accessories - Xbox
B01GY35HKE,related to,Headsets - Xbox
B01GY35HKE,related to,Cable Released
B007YZCE94,related to,Nintendo
B007YZCE94,related to,Nintendo Wii
B001EYUX4O,related to,Nintendo
B001EYUX4O,related to,PC Gaming
B001EYUX4O,related to,Playstation
B001EYUX4O,related to,PC Games
B001EYUX4O,related to,PC Games - Nintendo
B001EYUX4O,related to,Playstation 5
B001EYUX4O,related to,Playstation 4
B001EYUX4O,related to,Playstation Plus
B001EYUX4O,related to,PC Games - Playstation
B001EYUX4O,related to,PC Accessories - Playstation
B001EYUX4O,related to,Controller Accessories - Playstation
B001EYUX4O,related to,Headsets - Playstation
B07HC8PBDB,related to,PC Gaming
B07HC8PBDB,related to,Xbox
B07HC8PBDB,related to,Playstation
B07HC8PBDB,related to,Nintendo
B07HC8PBDB,related to,Controller Accessories
B07HC8PBDB,related to,PC Games
B07HC8PBDB,related to,Xbox Series X
B07HC8PBDB,related to,Xbox Series S
B07HC8PBDB,related to,Xbox One
B07HC8PBDB,related to,Xbox Live
B07HC8PBDB,related to,Playstation 5
B07HC8PBDB,related to,Playstation 4
B07HC8PBDB,related to,Playstation Plus
B07HC8PBDB,related to,PC Games - Xbox
B07HC8PBDB,related to,PC Games - Playstation
B07HC8PBDB,related to,PC Games - Nintendo
B07HC8PBDB,related to,PC Accessories - Xbox
B07HC8PBDB,related to,PC Accessories - Playstation
B07HC8PBDB,related to,PC Accessories - Nintendo
B07HC8PBDB,related to,Controller Accessories - Xbox
B07HC8PBDB,related to,Headsets - Xbox
B07HC8PBDB,related to,Controller Accessories - Playstation
B07HC8PBDB,related to,Controller Accessories - Nintendo
B00E1L2Z52,related to,PC Gaming
B00E1L2Z52,related to,PC Games
B00K5I323O,related to,Xbox
B00K5I323O,related to,Playstation
B00K5I323O,related to,PC Gaming
B00K5I323O,related to,Xbox Series X
B00K5I323O,related to,Xbox Series S
B00K5I323O,related to,Xbox One
B00K5I323O,related to,Xbox Live
B00K5I323O,related to,Playstation 5
B00K5I323O,related to,Playstation 4
B00K5I323O,related to,PC Games - Xbox
B00K5I323O,related to,Headsets - Xbox
B00K5I323O,related to,PC Games
B00K5I323O,related to,PC Games - Playstation
B00K5I323O,related to,PC Games - Nintendo
B00K5I323O,related to,PC Accessories - Xbox
B00K5I323O,related to,Controller Accessories - Xbox
B00SGO8TNC,related to,Nintendo
B00SGO8TNC,related to,Xbox
B00SGO8TNC,related to,Playstation
B00SGO8TNC,related to,PC Gaming
B00SGO8TNC,related to,Cable
B00SGO8TNC,related to,Nintendo Switch
B00SGO8TNC,related to,Nintendo GameCube
B00SGO8TNC,related to,Nintendo DS
B00SGO8TNC,related to,Nintendo Wii
B00SGO8TNC,related to,PC Games - Nintendo
B00SGO8TNC,related to,PC Accessories - Nintendo
B00SGO8TNC,related to,Controller Accessories - Nintendo
B00SGO8TNC,related to,Xbox One
B00SGO8TNC,related to,Playstation 5
B00SGO8TNC,related to,Playstation 4
B00SGO8TNC,related to,Playstation Plus
B00SGO8TNC,related to,PC Games
B00SGO8TNC,related to,Headsets - Nintendo
B09MFFTCX8,related to,PC Gaming
B09MFFTCX8,related to,Nintendo
B09MFFTCX8,related to,Controller Accessories
B09MFFTCX8,related to,Headsets
B09MFFTCX8,related to,PC Games
B09MFFTCX8,related to,PC Games - Xbox
B09MFFTCX8,related to,PC Games - Playstation
B09MFFTCX8,related to,PC Games - Nintendo
B09MFFTCX8,related to,Nintendo Switch
B09MFFTCX8,related to,Nintendo GameCube
B09MFFTCX8,related to,Nintendo DS
B09MFFTCX8,related to,Nintendo Wii
B09MFFTCX8,related to,PC Accessories - Nintendo
B09MFFTCX8,related to,Controller Accessories - Nintendo
B09MFFTCX8,related to,Headsets - Nintendo
B09MFFTCX8,related to,Controller Accessories - Xbox
B09MFFTCX8,related to,Controller Accessories - Playstation
B09MFFTCX8,related to,Headsets - Xbox
B09MFFTCX8,related to,Headsets - Playstation
B07NLDPQZQ,related to,Xbox
B07NLDPQZQ,related to,PC Gaming
B07NLDPQZQ,related to,PC Games
B07NLDPQZQ,related to,Xbox Series X
B07NLDPQZQ,related to,Xbox Series S
B07NLDPQZQ,related to,Xbox One
B07NLDPQZQ,related to,Xbox Live
B07NLDPQZQ,related to,PC Games - Xbox
B07NLDPQZQ,related to,PC Accessories - Xbox
B07NLDPQZQ,related to,Controller Accessories - Xbox
B07GJ5W7HV,related to,Controller Accessories
B07GJ5W7HV,related to,Headsets
B07GJ5W7HV,related to,PC Gaming
B07GJ5W7HV,related to,Xbox
B07GJ5W7HV,related to,Playstation
B07GJ5W7HV,related to,Nintendo
B07GJ5W7HV,related to,Headsets - Xbox
B07GJ5W7HV,related to,Headsets - Playstation
B07GJ5W7HV,related to,Headsets - Nintendo
B07GJ5W7HV,related to,PC Games
B07GJ5W7HV,related to,PC Games - Xbox
B07GJ5W7HV,related to,PC Games - Playstation
B07GJ5W7HV,related to,PC Games - Nintendo
B07GJ5W7HV,related to,Controller Accessories - Xbox
B07GJ5W7HV,related to,Controller Accessories - Playstation
B07GJ5W7HV,related to,Controller Accessories - Nintendo
B07GJ5W7HV,related to,Xbox Series X
B07GJ5W7HV,related to,Xbox Series S
B07GJ5W7HV,related to,Xbox One
B07GJ5W7HV,related to,Xbox Live
B07GJ5W7HV,related to,Playstation 5
B07GJ5W7HV,related to,Playstation 4
B07GJ5W7HV,related to,PC Accessories - Xbox
B00004TEXU,related to,Nintendo
B00004TEXU,related to,PC Gaming
B00004TEXU,related to,Playstation
B00004TEXU,related to,PC Games
B00004TEXU,related to,PC Games - Playstation
B00004TEXU,related to,PC Games - Nintendo
B000SKI8JC,related to,Playstation
B000SKI8JC,related to,Controller Accessories
B000SKI8JC,related to,Xbox
B000SKI8JC,related to,Nintendo
B000SKI8JC,related to,PC Gaming
B000SKI8JC,related to,Playstation 5
B000SKI8JC,related to,Playstation 4
B000SKI8JC,related to,Playstation Plus
B000SKI8JC,related to,PC Games - Playstation
B000SKI8JC,related to,PC Accessories - Playstation
B000SKI8JC,related to,Controller Accessories - Playstation
B000SKI8JC,related to,Xbox Series S
B000SKI8JC,related to,Xbox One
B000SKI8JC,related to,Nintendo DS
B000SKI8JC,related to,Nintendo Wii
B000SKI8JC,related to,PC Games
B000SKI8JC,related to,PC Games - Xbox
B000SKI8JC,related to,PC Games - Nintendo
B000SKI8JC,related to,Headsets - Playstation
B000SKI8JC,related to,Controller Accessories - Xbox
B000SKI8JC,related to,Controller Accessories - Nintendo
B000SKI8JC,related to,Nintendo GameCube
B0BKH2DWNP,related to,Xbox
B0BKH2DWNP,related to,PC Gaming
B0BKH2DWNP,related to,Playstation
B0BKH2DWNP,related to,Controller Accessories
B0BKH2DWNP,related to,Xbox Series X
B0BKH2DWNP,related to,Xbox Series S
B0BKH2DWNP,related to,Xbox One
B0BKH2DWNP,related to,Xbox Live
B0BKH2DWNP,related to,Playstation 5
B0BKH2DWNP,related to,Playstation 4
B0BKH2DWNP,related to,PC Games - Xbox
B0BKH2DWNP,related to,PC Accessories - Xbox
B0BKH2DWNP,related to,Controller Accessories - Xbox
B0BKH2DWNP,related to,Headsets - Xbox
B0BKH2DWNP,related to,PC Games
B0BKH2DWNP,related to,PC Games - Playstation
B0BKH2DWNP,related to,PC Games - Nintendo
B0BKH2DWNP,related to,Controller Accessories - Nintendo
B0BKH2DWNP,related to,Controller Accessories - Playstation
B01GHBJM72,related to,Xbox
B01GHBJM72,related to,Playstation
B01GHBJM72,related to,Nintendo
B01GHBJM72,related to,PC Gaming
B01GHBJM72,related to,Xbox Series S
B01GHBJM72,related to,Xbox One
B01GHBJM72,related to,Playstation 5
B01GHBJM72,related to,Playstation 4
B01GHBJM72,related to,Playstation Plus
B01GHBJM72,related to,Nintendo DS
B01GHBJM72,related to,Nintendo Wii
B01GHBJM72,related to,PC Games
B01GHBJM72,related to,PC Games - Xbox
B01GHBJM72,related to,PC Games - Playstation
B01GHBJM72,related to,PC Games - Nintendo
B01GHBJM72,related to,PC Accessories - Playstation
B01GHBJM72,related to,Controller Accessories - Playstation
B01GHBJM72,related to,Headsets - Playstation
B01GHBJM72,related to,Cable Released
B077R2N9VB,related to,Nintendo
B077R2N9VB,related to,PC Games
B077R2N9VB,related to,Nintendo Switch
B077R2N9VB,related to,Nintendo GameCube
B077R2N9VB,related to,Nintendo DS
B077R2N9VB,related to,Nintendo Wii
B077R2N9VB,related to,PC Games - Nintendo
B077R2N9VB,related to,PC Accessories - Nintendo
B077R2N9VB,related to,Controller Accessories - Nintendo
B077R2N9VB,related to,Headsets - Nintendo
B071ZG8RRK,related to,Cable
B071ZG8RRK,related to,Cable Released
B09KQ2J9YP,related to,PC Gaming
B09KQ2J9YP,related to,Controller Accessories
B09KQ2J9YP,related to,Nintendo
B09KQ2J9YP,related to,PC Games
B09KQ2J9YP,related to,PC Games - Xbox
B09KQ2J9YP,related to,PC Games - Playstation
B09KQ2J9YP,related to,PC Games - Nintendo
B09KQ2J9YP,related to,Controller Accessories - Xbox
B09KQ2J9YP,related to,Controller Accessories - Playstation
B09KQ2J9YP,related to,Controller Accessories - Nintendo
B09KQ2J9YP,related to,Nintendo GameCube
B09KQ2J9YP,related to,Nintendo Wii
B09KQ2J9YP,related to,Nintendo Switch
B09KQ2J9YP,related to,PC Accessories - Nintendo
B000021Y30,related to,PC Games
B000021Y30,related to,PC Games - Xbox
B000021Y30,related to,PC Games - Nintendo
B00NQRGU6M,related to,Nintendo
B00NQRGU6M,related to,Xbox
B00NQRGU6M,related to,Xbox Series X
B00NQRGU6M,related to,Xbox Series S
B00NQRGU6M,related to,Xbox One
B00NQRGU6M,related to,Xbox Live
B00NQRGU6M,related to,Playstation 5
B00NQRGU6M,related to,Playstation 4
B00NQRGU6M,related to,PC Games - Xbox
B00NQRGU6M,related to,PC Accessories - Xbox
B00NQRGU6M,related to,Controller Accessories - Xbox
B00NQRGU6M,related to,Headsets - Xbox
B00YM7AKLG,related to,Xbox
B00YM7AKLG,related to,Playstation
B00YM7AKLG,related to,Nintendo
B00YM7AKLG,related to,PC Gaming
B00YM7AKLG,related to,Xbox Series S
B00YM7AKLG,related to,Xbox One
B00YM7AKLG,related to,Playstation 5
B00YM7AKLG,related to,Playstation 4
B00YM7AKLG,related to,Playstation Plus
B00YM7AKLG,related to,Nintendo DS
B00YM7AKLG,related to,Nintendo Wii
B00YM7AKLG,related to,PC Games
B00YM7AKLG,related to,PC Games - Xbox
B00YM7AKLG,related to,PC Games - Playstation
B00YM7AKLG,related to,PC Games - Nintendo
B00YM7AKLG,related to,PC Accessories - Playstation
B00YM7AKLG,related to,Controller Accessories - Playstation
B00YM7AKLG,related to,Headsets - Playstation
B07SJFD972,related to,Cable
B07SJFD972,related to,PC Accessories
B07SJFD972,related to,Accessories
B07SJFD972,related to,Cable Released
B07SJFD972,related to,PC Accessories - Nintendo
B0009R1TGS,related to,Xbox
B0009R1TGS,related to,Nintendo
B0009R1TGS,related to,PC Gaming
B0009R1TGS,related to,Accessories
B0009R1TGS,related to,PC Games
B0009R1TGS,related to,Xbox One
B0009R1TGS,related to,Nintendo GameCube
B0009R1TGS,related to,PC Games - Xbox
B0009R1TGS,related to,PC Games - Playstation
B0009R1TGS,related to,PC Games - Nintendo
B0009R1TGS,related to,PC Accessories - Nintendo
B07W3RQJ3N,related to,Nintendo
B07W3RQJ3N,related to,Nintendo Switch
B07W3RQJ3N,related to,Nintendo GameCube
B07W3RQJ3N,related to,Nintendo DS
B07W3RQJ3N,related to,Nintendo Wii
B07W3RQJ3N,related to,PC Games - Nintendo
B07W3RQJ3N,related to,PC Accessories - Nintendo
B07W3RQJ3N,related to,Controller Accessories - Nintendo
B07W3RQJ3N,related to,Headsets - Nintendo
B07W3RQJ3N,related to,PC Games
B07W3RQJ3N,related to,Cable Released
B0777DRH1Y,related to,Playstation
B0777DRH1Y,related to,Controller Accessories
B0777DRH1Y,related to,PC Gaming
B0777DRH1Y,related to,Playstation 5
B0777DRH1Y,related to,Playstation 4
B0777DRH1Y,related to,Playstation Plus
B0777DRH1Y,related to,PC Games - Playstation
B0777DRH1Y,related to,PC Accessories - Playstation
B0777DRH1Y,related to,Controller Accessories - Playstation
B0777DRH1Y,related to,Headsets - Playstation
B0777DRH1Y,related to,Screen Protection
B0777DRH1Y,related to,Controller Accessories - Xbox
B0777DRH1Y,related to,Controller Accessories - Nintendo
B0777DRH1Y,related to,PC Games
B0777DRH1Y,related to,PC Accessories - Nintendo
B00002STX8,related to,PC Gaming
B00002STX8,related to,Playstation
B00002STX8,related to,Nintendo
B00002STX8,related to,Xbox
B00002STX8,related to,PC Games
B00002STX8,related to,PC Games - Nintendo
B00002STX8,related to,Nintendo Switch
B00002STX8,related to,Nintendo GameCube
B00002STX8,related to,Nintendo DS
B00002STX8,related to,Nintendo Wii
B00002STX8,related to,PC Accessories - Nintendo
B00002STX8,related to,Controller Accessories - Nintendo
B00002STX8,related to,Headsets - Nintendo
B00002STX8,related to,Xbox One
B00002STX8,related to,Playstation 5
B00002STX8,related to,Playstation 4
B00002STX8,related to,Playstation Plus
B000K1CS5Y,related to,Controller Accessories
B000K1CS5Y,related to,Xbox
B000K1CS5Y,related to,Playstation
B000K1CS5Y,related to,PC Gaming
B000K1CS5Y,related to,Xbox One
B000K1CS5Y,related to,Playstation 5
B000K1CS5Y,related to,Playstation 4
B000K1CS5Y,related to,Playstation Plus
B000K1CS5Y,related to,PC Games - Playstation
B000K1CS5Y,related to,PC Accessories - Playstation
B000K1CS5Y,related to,Controller Accessories - Playstation
B000K1CS5Y,related to,Headsets - Playstation
B000K1CS5Y,related to,PC Games
B000K1CS5Y,related to,PC Games - Nintendo
B000K1CS5Y,related to,Controller Accessories - Nintendo
B0034JKYU0,related to,Nintendo
B0034JKYU0,related to,Playstation
B0034JKYU0,related to,Nintendo Switch
B0034JKYU0,related to,Nintendo GameCube
B0034JKYU0,related to,Nintendo DS
B0034JKYU0,related to,Nintendo Wii
B0034JKYU0,related to,PC Games - Nintendo
B0034JKYU0,related to,PC Accessories - Nintendo
B0034JKYU0,related to,Controller Accessories - Nintendo
B0034JKYU0,related to,Headsets - Nintendo
B0034JKYU0,related to,PC Games
B0034JKYU0,related to,Xbox Series S
B0034JKYU0,related to,Playstation 5
B0034JKYU0,related to,Playstation 4
B0034JKYU0,related to,Playstation Plus
B00UURTXK6,related to,Nintendo
B00UURTXK6,related to,Xbox
B00UURTXK6,related to,PC Gaming
B00UURTXK6,related to,Nintendo Switch
B00UURTXK6,related to,Nintendo GameCube
B00UURTXK6,related to,Nintendo DS
B00UURTXK6,related to,Nintendo Wii
B00UURTXK6,related to,PC Games - Nintendo
B00UURTXK6,related to,PC Accessories - Nintendo
B00UURTXK6,related to,Controller Accessories - Nintendo
B00UURTXK6,related to,Headsets - Nintendo
B00UURTXK6,related to,PC Games
B00UURTXK6,related to,PC Games - Xbox
B001OHWQAA,related to,Nintendo
B001OHWQAA,related to,Playstation
B001OHWQAA,related to,PC Gaming
B001OHWQAA,related to,Playstation 4
B001OHWQAA,related to,Nintendo Switch
B001OHWQAA,related to,Nintendo GameCube
B001OHWQAA,related to,Nintendo DS
B001OHWQAA,related to,Nintendo Wii
B001OHWQAA,related to,PC Games - Nintendo
B001OHWQAA,related to,PC Accessories - Nintendo
B001OHWQAA,related to,Controller Accessories - Nintendo
B001OHWQAA,related to,Headsets - Nintendo
B001OHWQAA,related to,PC Games
B001OHWQAA,related to,Playstation 5
B001OHWQAA,related to,PC Games - Xbox
B001OHWQAA,related to,PC Games - Playstation
B01CJFGUZW,related to,Xbox
B01CJFGUZW,related to,PC Gaming
B01CJFGUZW,related to,Playstation
B01CJFGUZW,related to,Nintendo
B01CJFGUZW,related to,Keyboard
B01CJFGUZW,related to,PC Games
B01CJFGUZW,related to,PC Games - Xbox
B01CJFGUZW,related to,Xbox Series S
B01CJFGUZW,related to,Xbox One
B01CJFGUZW,related to,Playstation 5
B01CJFGUZW,related to,Playstation Plus
B01CJFGUZW,related to,PC Games - Playstation
B01CJFGUZW,related to,PC Games - Nintendo
B01CJFGUZW,related to,PC Accessories - Xbox
B01CJFGUZW,related to,PC Accessories - Playstation
B01CJFGUZW,related to,PC Accessories - Nintendo
B0B7B7WQY7,related to,PC Gaming
B0B7B7WQY7,related to,Keyboard
B0B7B7WQY7,related to,PC Games
B0B7B7WQY7,related to,PC Games - Xbox
B0B7B7WQY7,related to,PC Games - Playstation
B0B7B7WQY7,related to,PC Games - Nintendo
B001Q4HLFQ,related to,Xbox
B001Q4HLFQ,related to,Playstation
B001Q4HLFQ,related to,Nintendo
B001Q4HLFQ,related to,PC Gaming
B001Q4HLFQ,related to,PC Games
B001Q4HLFQ,related to,Xbox Series S
B001Q4HLFQ,related to,Xbox One
B001Q4HLFQ,related to,Playstation 5
B001Q4HLFQ,related to,Playstation 4
B001Q4HLFQ,related to,Playstation Plus
B001Q4HLFQ,related to,Nintendo DS
B001Q4HLFQ,related to,Nintendo Wii
B001Q4HLFQ,related to,PC Games - Xbox
B001Q4HLFQ,related to,PC Games - Playstation
B001Q4HLFQ,related to,PC Games - Nintendo
B001Q4HLFQ,related to,PC Accessories - Playstation
B001Q4HLFQ,related to,Controller Accessories - Playstation
B001Q4HLFQ,related to,Headsets - Playstation
B002E1MLR8,related to,Nintendo
B002E1MLR8,related to,PC Gaming
B002E1MLR8,related to,Nintendo Switch
B002E1MLR8,related to,Nintendo GameCube
B002E1MLR8,related to,Nintendo DS
B002E1MLR8,related to,Nintendo Wii
B002E1MLR8,related to,PC Games - Nintendo
B002E1MLR8,related to,PC Accessories - Nintendo
B002E1MLR8,related to,Controller Accessories - Nintendo
B002E1MLR8,related to,Headsets - Nintendo
B002E1MLR8,related to,PC Games
B002E1MLR8,related to,PC Games - Xbox
B013OW09WY,related to,PC Games
B08HMJVVZR,related to,Xbox
B08HMJVVZR,related to,Playstation
B08HMJVVZR,related to,Nintendo
B08HMJVVZR,related to,PC Gaming
B08HMJVVZR,related to,Controller Accessories
B08HMJVVZR,related to,Xbox Series X
B08HMJVVZR,related to,Xbox Series S
B08HMJVVZR,related to,Xbox One
B08HMJVVZR,related to,Xbox Live
B08HMJVVZR,related to,Playstation 5
B08HMJVVZR,related to,Playstation 4
B08HMJVVZR,related to,Playstation Plus
B08HMJVVZR,related to,PC Games
B08HMJVVZR,related to,PC Games - Xbox
B08HMJVVZR,related to,PC Games - Playstation
B08HMJVVZR,related to,PC Games - Nintendo
B08HMJVVZR,related to,PC Accessories - Xbox
B08HMJVVZR,related to,PC Accessories - Playstation
B08HMJVVZR,related to,PC Accessories - Nintendo
B08HMJVVZR,related to,Controller Accessories - Xbox
B08HMJVVZR,related to,Headsets - Xbox
B08HMJVVZR,related to,Controller Accessories - Playstation
B08HMJVVZR,related to,Controller Accessories - Nintendo
B00K32USMU,related to,Xbox
B00K32USMU,related to,Playstation
B00K32USMU,related to,Xbox One
B00K32USMU,related to,Playstation 5
B00K32USMU,related to,Playstation 4
B00K32USMU,related to,Playstation Plus
B00K32USMU,related to,Nintendo DS
B00K32USMU,related to,Nintendo Wii
B00K32USMU,related to,PC Games - Playstation
B00K32USMU,related to,PC Games - Nintendo
B00K32USMU,related to,PC Accessories - Playstation
B00K32USMU,related to,Controller Accessories - Playstation
B00K32USMU,related to,Headsets - Playstation
B09QVJDVHN,related to,Xbox
B09QVJDVHN,related to,PC Gaming
B09QVJDVHN,related to,Playstation
B09QVJDVHN,related to,Nintendo
B09QVJDVHN,related to,Keyboard
B09QVJDVHN,related to,Nintendo Switch
B09QVJDVHN,related to,PC Games
B09QVJDVHN,related to,PC Games - Xbox
B09QVJDVHN,related to,PC Games - Playstation
B09QVJDVHN,related to,PC Games - Nintendo
B09QVJDVHN,related to,Playstation 5
B09QVJDVHN,related to,Playstation 4
B09QVJDVHN,related to,Playstation Plus
B014EZ43I6,related to,Xbox
B014EZ43I6,related to,PC Gaming
B014EZ43I6,related to,Keyboard
B014EZ43I6,related to,PC Games
B014EZ43I6,related to,PC Games - Xbox
B014EZ43I6,related to,PC Games - Playstation
B014EZ43I6,related to,PC Games - Nintendo
B004ZCPL26,related to,Xbox
B004ZCPL26,related to,Playstation
B004ZCPL26,related to,Nintendo
B004ZCPL26,related to,PC Gaming
B004ZCPL26,related to,Xbox One
B004ZCPL26,related to,Playstation 5
B004ZCPL26,related to,Playstation 4
B004ZCPL26,related to,Playstation Plus
B004ZCPL26,related to,Nintendo GameCube
B004ZCPL26,related to,Nintendo DS
B004ZCPL26,related to,Nintendo Wii
B004ZCPL26,related to,PC Games
B004ZCPL26,related to,PC Games - Xbox
B004ZCPL26,related to,PC Games - Playstation
B004ZCPL26,related to,PC Games - Nintendo
B004ZCPL26,related to,PC Accessories - Playstation
B004ZCPL26,related to,Controller Accessories - Playstation
B004ZCPL26,related to,Headsets - Playstation
B000QYARP8,related to,Nintendo
B000QYARP8,related to,Xbox
B000QYARP8,related to,Playstation
B000QYARP8,related to,PC Gaming
B000QYARP8,related to,Nintendo Switch
B000QYARP8,related to,Nintendo GameCube
B000QYARP8,related to,Nintendo DS
B000QYARP8,related to,Nintendo Wii
B000QYARP8,related to,PC Games - Nintendo
B000QYARP8,related to,Xbox One
B000QYARP8,related to,Playstation 5
B000QYARP8,related to,Playstation 4
B000QYARP8,related to,Playstation Plus
B000QYARP8,related to,PC Games
B000QYARP8,related to,PC Games - Xbox
B000QYARP8,related to,PC Games - Playstation
B077T6QC9Q,related to,Headsets
B077T6QC9Q,related to,Xbox
B077T6QC9Q,related to,Playstation
B077T6QC9Q,related to,Nintendo
B077T6QC9Q,related to,PC Gaming
B077T6QC9Q,related to,Headsets - Xbox
B077T6QC9Q,related to,Headsets - Playstation
B077T6QC9Q,related to,Headsets - Nintendo
B077T6QC9Q,related to,Xbox One
B077T6QC9Q,related to,Playstation 5
B077T6QC9Q,related to,Playstation 4
B077T6QC9Q,related to,Playstation Plus
B077T6QC9Q,related to,Nintendo Switch
B077T6QC9Q,related to,Nintendo GameCube
B077T6QC9Q,related to,Nintendo DS
B077T6QC9Q,related to,Nintendo Wii
B077T6QC9Q,related to,PC Games
B077T6QC9Q,related to,PC Games - Nintendo
B077T6QC9Q,related to,PC Accessories - Nintendo
B077T6QC9Q,related to,Controller Accessories - Nintendo
B077T6QC9Q,related to,Screen Protection
B01LMXTS9W,related to,Nintendo
B01LMXTS9W,related to,PC Gaming
B01LMXTS9W,related to,Xbox
B01LMXTS9W,related to,Playstation
B01LMXTS9W,related to,Nintendo Switch
B01LMXTS9W,related to,Nintendo DS
B01LMXTS9W,related to,Nintendo Wii
B01LMXTS9W,related to,PC Games - Nintendo
B01LMXTS9W,related to,Controller Accessories - Nintendo
B01LMXTS9W,related to,PC Games
B01LMXTS9W,related to,Playstation 5
B01LMXTS9W,related to,Playstation 4
B01LMXTS9W,related to,Nintendo GameCube
B01LMXTS9W,related to,PC Games - Playstation
B007VYW5K6,related to,Nintendo
B007VYW5K6,related to,PC Gaming
B007VYW5K6,related to,PC Games
B007VYW5K6,related to,PC Games - Xbox
B007VYW5K6,related to,PC Games - Playstation
B007VYW5K6,related to,PC Games - Nintendo
B07F81VKZ1,related to,Nintendo
B07F81VKZ1,related to,Xbox
B07F81VKZ1,related to,Playstation
B07F81VKZ1,related to,PC Gaming
B07F81VKZ1,related to,Nintendo Switch
B07F81VKZ1,related to,Screen Protection
B07F81VKZ1,related to,Nintendo GameCube
B07F81VKZ1,related to,Nintendo DS
B07F81VKZ1,related to,Nintendo Wii
B07F81VKZ1,related to,PC Games - Nintendo
B07F81VKZ1,related to,PC Accessories - Nintendo
B07F81VKZ1,related to,Controller Accessories - Nintendo
B07F81VKZ1,related to,Headsets - Nintendo
B07F81VKZ1,related to,Xbox One
B07F81VKZ1,related to,Playstation 5
B07F81VKZ1,related to,Playstation 4
B07F81VKZ1,related to,Playstation Plus
B07F81VKZ1,related to,PC Games
B09TKK8GH6,related to,Xbox
B09TKK8GH6,related to,Playstation
B09TKK8GH6,related to,Nintendo
B09TKK8GH6,related to,PC Gaming
B09TKK8GH6,related to,Nintendo Switch
B09TKK8GH6,related to,Xbox One
B09TKK8GH6,related to,Playstation 5
B09TKK8GH6,related to,Playstation 4
B09TKK8GH6,related to,Playstation Plus
B09TKK8GH6,related to,Nintendo GameCube
B09TKK8GH6,related to,Nintendo DS
B09TKK8GH6,related to,Nintendo Wii
B09TKK8GH6,related to,PC Games
B09TKK8GH6,related to,PC Games - Nintendo
B09TKK8GH6,related to,PC Accessories - Nintendo
B09TKK8GH6,related to,Controller Accessories - Nintendo
B09TKK8GH6,related to,Headsets - Nintendo
B00006B84Z,related to,Xbox
B00006B84Z,related to,Nintendo
B00006B84Z,related to,PC Gaming
B00006B84Z,related to,Xbox Series X
B00006B84Z,related to,Xbox One
B00006B84Z,related to,PC Games
B00006B84Z,related to,PC Games - Xbox
B00006B84Z,related to,PC Games - Playstation
B00006B84Z,related to,PC Games - Nintendo
B00006B84Z,related to,Tool Kit
B089LYVJC9,related to,Xbox
B089LYVJC9,related to,Playstation
B089LYVJC9,related to,Nintendo
B089LYVJC9,related to,PC Gaming
B089LYVJC9,related to,Controller Accessories
B089LYVJC9,related to,Keyboard
B089LYVJC9,related to,Nintendo Switch
B089LYVJC9,related to,Xbox One
B089LYVJC9,related to,Playstation 5
B089LYVJC9,related to,Playstation 4
B089LYVJC9,related to,Playstation Plus
B089LYVJC9,related to,Nintendo GameCube
B089LYVJC9,related to,Nintendo DS
B089LYVJC9,related to,Nintendo Wii
B089LYVJC9,related to,PC Games
B089LYVJC9,related to,PC Games - Nintendo
B089LYVJC9,related to,PC Accessories - Nintendo
B089LYVJC9,related to,Controller Accessories - Nintendo
B089LYVJC9,related to,Headsets - Nintendo
B003QCJLRM,related to,Nintendo
B003QCJLRM,related to,Playstation
B003QCJLRM,related to,Xbox
B003QCJLRM,related to,PC Gaming
B003QCJLRM,related to,Nintendo Switch
B003QCJLRM,related to,Nintendo GameCube
B003QCJLRM,related to,Nintendo DS
B003QCJLRM,related to,Nintendo Wii
B003QCJLRM,related to,Controller Accessories - Nintendo
B003QCJLRM,related to,Playstation 5
B003QCJLRM,related to,Playstation 4
B003QCJLRM,related to,PC Games - Nintendo
B003QCJLRM,related to,PC Accessories - Nintendo
B003QCJLRM,related to,Xbox One
B003QCJLRM,related to,Playstation Plus
B08K39H8ST,related to,Xbox
B08K39H8ST,related to,Controller Accessories
B08K39H8ST,related to,PC Accessories
B08K39H8ST,related to,Accessories
B08K39H8ST,related to,Other Accessories
B08K39H8ST,related to,Playstation
B08K39H8ST,related to,Nintendo
B08K39H8ST,related to,PC Gaming
B08K39H8ST,related to,Xbox Series X
B08K39H8ST,related to,Xbox Series S
B08K39H8ST,related to,Xbox One
B08K39H8ST,related to,Xbox Live
B08K39H8ST,related to,PC Games - Xbox
B08K39H8ST,related to,PC Accessories - Xbox
B08K39H8ST,related to,Controller Accessories - Xbox
B08K39H8ST,related to,PC Accessories - Nintendo
B08K39H8ST,related to,Controller Accessories - Nintendo
B08K39H8ST,related to,Headsets - Xbox
B08K39H8ST,related to,Controller Accessories - Playstation
B08K39H8ST,related to,Playstation 5
B08K39H8ST,related to,Playstation 4
B08K39H8ST,related to,Playstation Plus
B08K39H8ST,related to,Nintendo Wii
B08K39H8ST,related to,PC Games
B08K39H8ST,related to,PC Games - Playstation
B08K39H8ST,related to,PC Games - Nintendo
B08J6ZCZ11,related to,Nintendo
B08J6ZCZ11,related to,Xbox
B08J6ZCZ11,related to,Playstation
B08J6ZCZ11,related to,PC Gaming
B08J6ZCZ11,related to,Nintendo Switch
B08J6ZCZ11,related to,Nintendo GameCube
B08J6ZCZ11,related to,Nintendo DS
B08J6ZCZ11,related to,Nintendo Wii
B08J6ZCZ11,related to,PC Games - Nintendo
B08J6ZCZ11,related to,PC Accessories - Nintendo
B08J6ZCZ11,related to,Controller Accessories - Nintendo
B08J6ZCZ11,related to,Headsets - Nintendo
B08J6ZCZ11,related to,Xbox One
B08J6ZCZ11,related to,Playstation 5
B08J6ZCZ11,related to,Playstation 4
B08J6ZCZ11,related to,Playstation Plus
B08J6ZCZ11,related to,PC Games
B07XD6HVDR,related to,Nintendo
B07XD6HVDR,related to,Nintendo Switch
B07XD6HVDR,related to,Nintendo GameCube
B07XD6HVDR,related to,Nintendo DS
B07XD6HVDR,related to,Nintendo Wii
B07XD6HVDR,related to,PC Games - Nintendo
B07XD6HVDR,related to,PC Accessories - Nintendo
B07XD6HVDR,related to,Controller Accessories - Nintendo
B07XD6HVDR,related to,Headsets - Nintendo
B00EZAWS38,related to,Nintendo
B00EZAWS38,related to,PC Gaming
B00EZAWS38,related to,Keyboard
B00EZAWS38,related to,Nintendo Wii
B00EZAWS38,related to,Playstation Plus
B00EZAWS38,related to,PC Games
B00EZAWS38,related to,PC Games - Xbox
B00EZAWS38,related to,PC Games - Playstation
B00EZAWS38,related to,PC Games - Nintendo
B07ST9BST9,related to,Nintendo
B07ST9BST9,related to,Controller Accessories
B07ST9BST9,related to,Nintendo Switch
B07ST9BST9,related to,Nintendo GameCube
B07ST9BST9,related to,Nintendo DS
B07ST9BST9,related to,Nintendo Wii
B07ST9BST9,related to,PC Games - Nintendo
B07ST9BST9,related to,PC Accessories - Nintendo
B07ST9BST9,related to,Controller Accessories - Nintendo
B07ST9BST9,related to,Headsets - Nintendo
B075R9ML5Y,related to,Nintendo
B075R9ML5Y,related to,PC Gaming
B075R9ML5Y,related to,Xbox
B075R9ML5Y,related to,Playstation
B075R9ML5Y,related to,Playstation 4
B075R9ML5Y,related to,Nintendo Switch
B075R9ML5Y,related to,Nintendo GameCube
B075R9ML5Y,related to,Nintendo DS
B075R9ML5Y,related to,Nintendo Wii
B075R9ML5Y,related to,PC Games - Nintendo
B075R9ML5Y,related to,PC Accessories - Nintendo
B075R9ML5Y,related to,Controller Accessories - Nintendo
B075R9ML5Y,related to,Headsets - Nintendo
B075R9ML5Y,related to,Cable Released
B075R9ML5Y,related to,PC Games
B075R9ML5Y,related to,PC Games - Xbox
B075R9ML5Y,related to,PC Games - Playstation
B075R9ML5Y,related to,Xbox One
B075R9ML5Y,related to,Playstation 5
B075R9ML5Y,related to,Playstation Plus
B08DKQZXTT,related to,Xbox
B08DKQZXTT,related to,Controller Accessories
B08DKQZXTT,related to,PC Gaming
B08DKQZXTT,related to,Xbox Series X
B08DKQZXTT,related to,Xbox Series S
B08DKQZXTT,related to,Xbox One
B08DKQZXTT,related to,Xbox Live
B08DKQZXTT,related to,PC Games - Xbox
B08DKQZXTT,related to,PC Accessories - Xbox
B08DKQZXTT,related to,PC Accessories - Playstation
B08DKQZXTT,related to,PC Accessories - Nintendo
B08DKQZXTT,related to,Controller Accessories - Xbox
B08DKQZXTT,related to,Controller Accessories - Playstation
B08DKQZXTT,related to,Controller Accessories - Nintendo
B08DKQZXTT,related to,Headsets - Xbox
B08DKQZXTT,related to,PC Games
B08DKQZXTT,related to,PC Games - Playstation
B08DKQZXTT,related to,PC Games - Nintendo
B000BC38RO,related to,PC Gaming
B000BC38RO,related to,Xbox
B000BC38RO,related to,Playstation
B000BC38RO,related to,Nintendo
B000BC38RO,related to,PC Games
B000BC38RO,related to,PC Games - Xbox
B000BC38RO,related to,PC Games - Nintendo
B000BC38RO,related to,Xbox Series X
B000BC38RO,related to,Xbox Series S
B000BC38RO,related to,Xbox One
B000BC38RO,related to,Playstation 5
B000BC38RO,related to,Playstation 4
B000BC38RO,related to,PC Games - Playstation
B000BC38RO,related to,PC Accessories - Xbox
B000BC38RO,related to,PC Accessories - Nintendo
B07VQ6YNQZ,related to,PC Accessories
B07VQ6YNQZ,related to,Accessories
B07VQ6YNQZ,related to,Controller Accessories
B07VQ6YNQZ,related to,Other Accessories
B07VQ6YNQZ,related to,Headsets
B07VQ6YNQZ,related to,PC Gaming
B07VQ6YNQZ,related to,Xbox
B07VQ6YNQZ,related to,Playstation
B07VQ6YNQZ,related to,Nintendo
B07VQ6YNQZ,related to,PC Accessories - Xbox
B07VQ6YNQZ,related to,PC Accessories - Playstation
B07VQ6YNQZ,related to,PC Accessories - Nintendo
B07VQ6YNQZ,related to,Controller Accessories - Xbox
B07VQ6YNQZ,related to,Controller Accessories - Playstation
B07VQ6YNQZ,related to,Controller Accessories - Nintendo
B07VQ6YNQZ,related to,Headsets - Xbox
B07VQ6YNQZ,related to,Headsets - Playstation
B07VQ6YNQZ,related to,Headsets - Nintendo
B07VQ6YNQZ,related to,PC Games
B07VQ6YNQZ,related to,PC Games - Xbox
B07VQ6YNQZ,related to,PC Games - Nintendo
B07VQ6YNQZ,related to,Xbox One
B07VQ6YNQZ,related to,Playstation 5
B07VQ6YNQZ,related to,Playstation 4
B07VQ6YNQZ,related to,Playstation Plus
B07VQ6YNQZ,related to,PC Games - Playstation
B09JY72CNG,related to,Nintendo
B09JY72CNG,related to,PC Gaming
B09JY72CNG,related to,Keyboard
B09JY72CNG,related to,PC Games
B09JY72CNG,related to,PC Games - Nintendo
B09JY72CNG,related to,PC Accessories - Nintendo
B009GE437W,related to,Nintendo
B009GE437W,related to,PC Gaming
B009GE437W,related to,Controller Accessories
B009GE437W,related to,Xbox
B009GE437W,related to,Playstation
B009GE437W,related to,Nintendo Wii
B009GE437W,related to,PC Games - Nintendo
B009GE437W,related to,Playstation Plus
B009GE437W,related to,PC Games
B009GE437W,related to,PC Games - Xbox
B009GE437W,related to,PC Games - Playstation
B009GE437W,related to,Controller Accessories - Xbox
B009GE437W,related to,Controller Accessories - Playstation
B009GE437W,related to,Controller Accessories - Nintendo
B009GE437W,related to,Xbox One
B009GE437W,related to,Playstation 5
B009GE437W,related to,Playstation 4
B009GE437W,related to,Nintendo Switch
B009GE437W,related to,Nintendo GameCube
B009GE437W,related to,Nintendo DS
B009GE437W,related to,PC Accessories - Nintendo
B009GE437W,related to,Headsets - Nintendo
B0BTJ92NRK,related to,Xbox
B0BTJ92NRK,related to,Playstation
B0BTJ92NRK,related to,Nintendo
B0BTJ92NRK,related to,PC Gaming
B0BTJ92NRK,related to,PC Games
B0BTJ92NRK,related to,Screen Protection
B0BTJ92NRK,related to,Xbox One
B0BTJ92NRK,related to,Playstation 5
B0BTJ92NRK,related to,Playstation 4
B0BTJ92NRK,related to,Playstation Plus
B0BTJ92NRK,related to,Nintendo Switch
B0BTJ92NRK,related to,Nintendo GameCube
B0BTJ92NRK,related to,Nintendo DS
B0BTJ92NRK,related to,Nintendo Wii
B0BTJ92NRK,related to,PC Games - Nintendo
B0BTJ92NRK,related to,PC Accessories - Nintendo
B0BTJ92NRK,related to,Controller Accessories - Nintendo
B0BTJ92NRK,related to,Headsets - Nintendo
B0BTJ92NRK,related to,PC Games - Playstation
B0086VPUHI,related to,Xbox
B0086VPUHI,related to,PC Gaming
B0086VPUHI,related to,Xbox Series X
B0086VPUHI,related to,Xbox Series S
B0086VPUHI,related to,Xbox One
B0086VPUHI,related to,Xbox Live
B0086VPUHI,related to,PC Games - Xbox
B0086VPUHI,related to,PC Accessories - Xbox
B0B6HPDH51,related to,Nintendo
B0B6HPDH51,related to,PC Gaming
B0B6HPDH51,related to,PC Games
B0B6HPDH51,related to,PC Games - Xbox
B0B6HPDH51,related to,PC Games - Playstation
B0B6HPDH51,related to,PC Games - Nintendo
B001F755RA,related to,PC Gaming
B001F755RA,related to,PC Games
B001F755RA,related to,Cable Released
B01MG6DORB,related to,Xbox
B01MG6DORB,related to,Playstation
B01MG6DORB,related to,Nintendo
B01MG6DORB,related to,PC Gaming
B01MG6DORB,related to,Xbox Series S
B01MG6DORB,related to,Xbox One
B01MG6DORB,related to,Playstation 5
B01MG6DORB,related to,Playstation 4
B01MG6DORB,related to,Playstation Plus
B01MG6DORB,related to,Nintendo DS
B01MG6DORB,related to,Nintendo Wii
B01MG6DORB,related to,PC Games
B01MG6DORB,related to,PC Games - Xbox
B01MG6DORB,related to,PC Games - Playstation
B01MG6DORB,related to,PC Games - Nintendo
B01MG6DORB,related to,PC Accessories - Playstation
B01MG6DORB,related to,Controller Accessories - Playstation
B01MG6DORB,related to,Headsets - Playstation
B01MG6DORB,related to,Cable Released
B0BQDPC4SR,related to,PC Accessories
B0BQDPC4SR,related to,Accessories
B0BQDPC4SR,related to,Controller Accessories
B0BQDPC4SR,related to,Other Accessories
B0BQDPC4SR,related to,PC Gaming
B0BQDPC4SR,related to,Headsets
B0BQDPC4SR,related to,Xbox
B0BQDPC4SR,related to,Playstation
B0BQDPC4SR,related to,Nintendo
B0BQDPC4SR,related to,PC Accessories - Nintendo
B0BQDPC4SR,related to,Controller Accessories - Nintendo
B0BQDPC4SR,related to,PC Games
B0BQDPC4SR,related to,PC Accessories - Xbox
B0BQDPC4SR,related to,PC Accessories - Playstation
B0BQDPC4SR,related to,Controller Accessories - Xbox
B0BQDPC4SR,related to,Controller Accessories - Playstation
B0BQDPC4SR,related to,Headsets - Xbox
B0BQDPC4SR,related to,Headsets - Playstation
B0BQDPC4SR,related to,Headsets - Nintendo
B0BQDPC4SR,related to,Xbox One
B0BQDPC4SR,related to,Playstation 5
B0BQDPC4SR,related to,Playstation 4
B0BQDPC4SR,related to,Playstation Plus
B0BQDPC4SR,related to,Nintendo Wii
B0BQDPC4SR,related to,PC Games - Xbox
B0BQDPC4SR,related to,PC Games - Playstation
B0BQDPC4SR,related to,PC Games - Nintendo
B07V4FYHDJ,related to,PC Gaming
B07V4FYHDJ,related to,Xbox
B07V4FYHDJ,related to,PC Accessories
B07V4FYHDJ,related to,Other Accessories
B07V4FYHDJ,related to,Playstation
B07V4FYHDJ,related to,Nintendo
B07V4FYHDJ,related to,Keyboard
B07V4FYHDJ,related to,Nintendo Switch
B07V4FYHDJ,related to,PC Games
B07V4FYHDJ,related to,PC Games - Xbox
B07V4FYHDJ,related to,Xbox One
B07V4FYHDJ,related to,Playstation 5
B07V4FYHDJ,related to,Playstation 4
B07V4FYHDJ,related to,Playstation Plus
B07V4FYHDJ,related to,Nintendo Wii
B07V4FYHDJ,related to,PC Games - Playstation
B07V4FYHDJ,related to,PC Games - Nintendo
B00KY0QH0I,related to,Nintendo
B00KY0QH0I,related to,Nintendo Switch
B00KY0QH0I,related to,Nintendo GameCube
B00KY0QH0I,related to,Nintendo DS
B00KY0QH0I,related to,Nintendo Wii
B00KY0QH0I,related to,PC Games - Nintendo
B00KY0QH0I,related to,PC Accessories - Nintendo
B00KY0QH0I,related to,Controller Accessories - Nintendo
B00KY0QH0I,related to,Headsets - Nintendo
B000083GIT,related to,Nintendo GameCube
B001DIL2BO,related to,Nintendo
B001DIL2BO,related to,PC Gaming
B001DIL2BO,related to,PC Games
B001DIL2BO,related to,PC Games - Nintendo
B07YW3W8TK,related to,PC Gaming
B07YW3W8TK,related to,Keyboard
B07YW3W8TK,related to,PC Games
B07YW3W8TK,related to,PC Games - Xbox
B07YW3W8TK,related to,PC Games - Playstation
B07YW3W8TK,related to,PC Games - Nintendo
B07L6MJ6LD,related to,PC Gaming
B07L6MJ6LD,related to,Xbox
B07L6MJ6LD,related to,PC Games
B07L6MJ6LD,related to,Xbox Series X
B07L6MJ6LD,related to,Xbox One
B07L6MJ6LD,related to,PC Games - Xbox
B07L6MJ6LD,related to,PC Accessories - Xbox
B07L6MJ6LD,related to,Xbox Series S
B07L6MJ6LD,related to,Xbox Live
B07L6MJ6LD,related to,PC Games - Playstation
B07L6MJ6LD,related to,Controller Accessories - Xbox
B07L6MJ6LD,related to,Headsets - Xbox
B001EYUUF6,related to,Xbox
B001EYUUF6,related to,Playstation
B001EYUUF6,related to,PC Gaming
B001EYUUF6,related to,Nintendo
B001EYUUF6,related to,PC Games
B001EYUUF6,related to,Xbox One
B001EYUUF6,related to,Playstation 5
B001EYUUF6,related to,Playstation 4
B001EYUUF6,related to,Playstation Plus
B001EYUUF6,related to,PC Games - Xbox
B001EYUUF6,related to,PC Games - Playstation
B001EYUUF6,related to,PC Accessories - Playstation
B001EYUUF6,related to,Controller Accessories - Playstation
B001EYUUF6,related to,Headsets - Playstation
B001EYUUF6,related to,Xbox Series S
B001EYUUF6,related to,Nintendo DS
B001EYUUF6,related to,Nintendo Wii
B001EYUUF6,related to,PC Games - Nintendo
B001EYUUF6,related to,Cable Released
B00F27JDY0,related to,Playstation
B00F27JDY0,related to,Nintendo
B00F27JDY0,related to,PC Gaming
B00F27JDY0,related to,Xbox One
B00F27JDY0,related to,Playstation 5
B00F27JDY0,related to,Playstation 4
B00F27JDY0,related to,Playstation Plus
B00F27JDY0,related to,PC Games - Playstation
B00F27JDY0,related to,PC Accessories - Playstation
B00F27JDY0,related to,Controller Accessories - Playstation
B00F27JDY0,related to,PC Games
B00F27JDY0,related to,PC Games - Xbox
B00F27JDY0,related to,PC Games - Nintendo
B00F27JDY0,related to,Headsets - Playstation
B0895PT9Y5,related to,Headsets
B0895PT9Y5,related to,PC Gaming
B0895PT9Y5,related to,Headsets - Xbox
B0895PT9Y5,related to,Headsets - Playstation
B0895PT9Y5,related to,Headsets - Nintendo
B0895PT9Y5,related to,PC Games
B0895PT9Y5,related to,PC Games - Xbox
B0895PT9Y5,related to,PC Games - Playstation
B0895PT9Y5,related to,PC Games - Nintendo
B0BQVLJ3J3,related to,Xbox
B0BQVLJ3J3,related to,Playstation
B0BQVLJ3J3,related to,Nintendo
B0BQVLJ3J3,related to,PC Gaming
B0BQVLJ3J3,related to,Keyboard
B0BQVLJ3J3,related to,Xbox One
B0BQVLJ3J3,related to,Xbox Live
B0BQVLJ3J3,related to,Playstation 5
B0BQVLJ3J3,related to,Playstation 4
B0BQVLJ3J3,related to,Playstation Plus
B0BQVLJ3J3,related to,Nintendo Switch
B0BQVLJ3J3,related to,Nintendo DS
B0BQVLJ3J3,related to,Nintendo Wii
B0BQVLJ3J3,related to,PC Games
B0BQVLJ3J3,related to,PC Games - Xbox
B0BQVLJ3J3,related to,PC Games - Playstation
B0BQVLJ3J3,related to,PC Games - Nintendo
B0BQVLJ3J3,related to,PC Accessories - Xbox
B0BQVLJ3J3,related to,PC Accessories - Playstation
B0BQVLJ3J3,related to,PC Accessories - Nintendo
B07BHXMYV6,related to,Nintendo
B07BHXMYV6,related to,Nintendo Switch
B07BHXMYV6,related to,Nintendo GameCube
B07BHXMYV6,related to,Nintendo DS
B07BHXMYV6,related to,Nintendo Wii
B07BHXMYV6,related to,PC Games - Nintendo
B07BHXMYV6,related to,PC Accessories - Nintendo
B07BHXMYV6,related to,Controller Accessories - Nintendo
B07BHXMYV6,related to,Headsets - Nintendo
B07BHXMYV6,related to,PC Games
B001ELJFNW,related to,PC Gaming
B001ELJFNW,related to,PC Games
B001ELJFNW,related to,PC Games - Nintendo
B000021Y5C,related to,Xbox
B000021Y5C,related to,Playstation
B000021Y5C,related to,Nintendo
B000021Y5C,related to,PC Gaming
B000021Y5C,related to,Playstation 5
B000021Y5C,related to,Playstation 4
B000021Y5C,related to,PC Games
B000021Y5C,related to,PC Games - Xbox
B000021Y5C,related to,PC Games - Playstation
B000021Y5C,related to,PC Games - Nintendo
B073XKXQW4,related to,Controller Accessories
B073XKXQW4,related to,Xbox
B073XKXQW4,related to,Playstation
B073XKXQW4,related to,Nintendo
B073XKXQW4,related to,PC Gaming
B073XKXQW4,related to,Nintendo Switch
B073XKXQW4,related to,Nintendo Wii
B073XKXQW4,related to,PC Accessories - Nintendo
B073XKXQW4,related to,Controller Accessories - Xbox
B073XKXQW4,related to,Controller Accessories - Playstation
B073XKXQW4,related to,Controller Accessories - Nintendo
B073XKXQW4,related to,Xbox One
B073XKXQW4,related to,Playstation 5
B073XKXQW4,related to,Playstation 4
B073XKXQW4,related to,Playstation Plus
B073XKXQW4,related to,Nintendo GameCube
B073XKXQW4,related to,Nintendo DS
B073XKXQW4,related to,PC Games
B073XKXQW4,related to,PC Games - Nintendo
B073XKXQW4,related to,Headsets - Nintendo
B00JQ8SH98,related to,Nintendo
B00JQ8SH98,related to,PC Gaming
B00JQ8SH98,related to,Keyboard
B00JQ8SH98,related to,Xbox Live
B00JQ8SH98,related to,PC Games
B00JQ8SH98,related to,PC Games - Xbox
B00JQ8SH98,related to,PC Games - Playstation
B00JQ8SH98,related to,PC Games - Nintendo
B008B3QCJQ,related to,PC Gaming
B008B3QCJQ,related to,PC Games
B092PKTLGW,related to,Xbox
B092PKTLGW,related to,PC Gaming
B092PKTLGW,related to,PC Games
B092PKTLGW,related to,PC Games - Xbox
B092PKTLGW,related to,PC Games - Playstation
B092PKTLGW,related to,PC Games - Nintendo
B00X8XIN7S,related to,Nintendo
B00X8XIN7S,related to,Nintendo Switch
B00X8XIN7S,related to,Nintendo GameCube
B00X8XIN7S,related to,Nintendo DS
B00X8XIN7S,related to,Nintendo Wii
B00X8XIN7S,related to,PC Games - Nintendo
B00X8XIN7S,related to,PC Accessories - Nintendo
B00X8XIN7S,related to,Controller Accessories - Nintendo
B00X8XIN7S,related to,Headsets - Nintendo
B07WMSTPBS,related to,Playstation
B07WMSTPBS,related to,Nintendo
B07WMSTPBS,related to,PC Gaming
B07WMSTPBS,related to,PC Games
B07WMSTPBS,related to,Playstation 5
B07WMSTPBS,related to,Playstation 4
B07WMSTPBS,related to,Nintendo Wii
B07WMSTPBS,related to,PC Games - Xbox
B07WMSTPBS,related to,PC Games - Playstation
B07WMSTPBS,related to,PC Games - Nintendo
B001W0Y5VM,related to,PC Games
B08FDD17NL,related to,PC Gaming
B08FDD17NL,related to,Nintendo
B08FDD17NL,related to,Keyboard
B08FDD17NL,related to,PC Games
B08FDD17NL,related to,PC Games - Xbox
B08FDD17NL,related to,PC Games - Playstation
B08FDD17NL,related to,PC Games - Nintendo
B07SBKQ7RM,related to,Nintendo
B07SBKQ7RM,related to,Nintendo Switch
B07SBKQ7RM,related to,Nintendo GameCube
B07SBKQ7RM,related to,Nintendo DS
B07SBKQ7RM,related to,Nintendo Wii
B07SBKQ7RM,related to,PC Games - Nintendo
B07SBKQ7RM,related to,PC Accessories - Nintendo
B0045EI7IE,related to,Cable
B0045EI7IE,related to,PC Gaming
B0045EI7IE,related to,Nintendo
B0045EI7IE,related to,Playstation
B0045EI7IE,related to,PC Games
B0045EI7IE,related to,PC Games - Xbox
B0045EI7IE,related to,PC Games - Playstation
B0045EI7IE,related to,PC Games - Nintendo
B0045EI7IE,related to,Nintendo DS
B0045EI7IE,related to,Nintendo Switch
B0045EI7IE,related to,Nintendo GameCube
B0045EI7IE,related to,Nintendo Wii
B0045EI7IE,related to,Xbox Series S
B0045EI7IE,related to,Playstation 5
B0045EI7IE,related to,Playstation 4
B0045EI7IE,related to,Playstation Plus
B0045EI7IE,related to,PC Accessories - Nintendo
B0045EI7IE,related to,Controller Accessories - Nintendo
B0045EI7IE,related to,Headsets - Nintendo
B09FT6YWJF,related to,Xbox
B09FT6YWJF,related to,Playstation
B09FT6YWJF,related to,Nintendo
B09FT6YWJF,related to,PC Gaming
B09FT6YWJF,related to,PC Accessories
B09FT6YWJF,related to,Xbox One
B09FT6YWJF,related to,Playstation 5
B09FT6YWJF,related to,Playstation 4
B09FT6YWJF,related to,Playstation Plus
B09FT6YWJF,related to,PC Games
B09FT6YWJF,related to,PC Games - Xbox
B09FT6YWJF,related to,PC Games - Playstation
B09FT6YWJF,related to,PC Games - Nintendo
B09FT6YWJF,related to,Nintendo Switch
B09FT6YWJF,related to,Nintendo GameCube
B09FT6YWJF,related to,Nintendo DS
B09FT6YWJF,related to,Nintendo Wii
B09FT6YWJF,related to,PC Accessories - Nintendo
B09FT6YWJF,related to,Controller Accessories - Nintendo
B09FT6YWJF,related to,Headsets - Nintendo
B09FT6YWJF,related to,Screen Protection
B00LYYNZ30,related to,Xbox
B00LYYNZ30,related to,Playstation
B00LYYNZ30,related to,Nintendo
B00LYYNZ30,related to,PC Gaming
B00LYYNZ30,related to,Controller Accessories
B00LYYNZ30,related to,Controller Accessories - Playstation
B00LYYNZ30,related to,Controller Accessories - Nintendo
B00LYYNZ30,related to,Xbox Series X
B00LYYNZ30,related to,Xbox Series S
B00LYYNZ30,related to,Xbox One
B00LYYNZ30,related to,Xbox Live
B00LYYNZ30,related to,Playstation 5
B00LYYNZ30,related to,Playstation 4
B00LYYNZ30,related to,Playstation Plus
B00LYYNZ30,related to,Nintendo Wii
B00LYYNZ30,related to,PC Games
B00LYYNZ30,related to,PC Games - Xbox
B00LYYNZ30,related to,PC Games - Playstation
B00LYYNZ30,related to,PC Games - Nintendo
B00LYYNZ30,related to,PC Accessories - Xbox
B00LYYNZ30,related to,PC Accessories - Playstation
B00LYYNZ30,related to,PC Accessories - Nintendo
B00LYYNZ30,related to,Controller Accessories - Xbox
B00LYYNZ30,related to,Headsets - Xbox
B00LYYNZ30,related to,Nintendo GameCube
B00GXM48HA,related to,Xbox
B00GXM48HA,related to,Playstation
B00GXM48HA,related to,Nintendo
B00GXM48HA,related to,PC Gaming
B00GXM48HA,related to,PC Accessories
B00GXM48HA,related to,Xbox Series X
B00GXM48HA,related to,Xbox Series S
B00GXM48HA,related to,Xbox One
B00GXM48HA,related to,Xbox Live
B00GXM48HA,related to,PC Games - Xbox
B00GXM48HA,related to,PC Accessories - Xbox
B00GXM48HA,related to,Controller Accessories - Xbox
B00GXM48HA,related to,Playstation 5
B00GXM48HA,related to,Playstation 4
B00GXM48HA,related to,Headsets - Xbox
B00GXM48HA,related to,Playstation Plus
B00GXM48HA,related to,Nintendo Wii
B00GXM48HA,related to,PC Games
B00GXM48HA,related to,PC Games - Playstation
B00GXM48HA,related to,PC Games - Nintendo
B00GXM48HA,related to,PC Accessories - Playstation
B00GXM48HA,related to,PC Accessories - Nintendo
B008YQYXYQ,related to,Nintendo
B008YQYXYQ,related to,Xbox
B008YQYXYQ,related to,Playstation
B008YQYXYQ,related to,PC Gaming
B008YQYXYQ,related to,Nintendo Switch
B008YQYXYQ,related to,Nintendo GameCube
B008YQYXYQ,related to,Nintendo DS
B008YQYXYQ,related to,Nintendo Wii
B008YQYXYQ,related to,PC Games - Nintendo
B008YQYXYQ,related to,PC Accessories - Nintendo
B008YQYXYQ,related to,Controller Accessories - Nintendo
B008YQYXYQ,related to,Headsets - Nintendo
B008YQYXYQ,related to,Screen Protection
B008YQYXYQ,related to,Xbox One
B008YQYXYQ,related to,Playstation 5
B008YQYXYQ,related to,Playstation 4
B008YQYXYQ,related to,Playstation Plus
B008YQYXYQ,related to,PC Games
B07XJY6KS7,related to,Xbox
B07XJY6KS7,related to,Playstation
B07XJY6KS7,related to,Nintendo
B07XJY6KS7,related to,PC Gaming
B07XJY6KS7,related to,Keyboard
B07XJY6KS7,related to,Xbox Series S
B07XJY6KS7,related to,Xbox One
B07XJY6KS7,related to,Playstation 5
B07XJY6KS7,related to,Playstation 4
B07XJY6KS7,related to,Playstation Plus
B07XJY6KS7,related to,Nintendo DS
B07XJY6KS7,related to,Nintendo Wii
B07XJY6KS7,related to,PC Games
B07XJY6KS7,related to,PC Games - Xbox
B07XJY6KS7,related to,PC Games - Playstation
B07XJY6KS7,related to,PC Games - Nintendo
B07XJY6KS7,related to,PC Accessories - Xbox
B07XJY6KS7,related to,PC Accessories - Playstation
B07XJY6KS7,related to,PC Accessories - Nintendo
B07XJY6KS7,related to,Controller Accessories - Playstation
B002H0OWLE,related to,Xbox
B002H0OWLE,related to,Nintendo
B002H0OWLE,related to,Playstation
B002H0OWLE,related to,PC Gaming
B002H0OWLE,related to,Xbox Series X
B002H0OWLE,related to,Xbox One
B002H0OWLE,related to,PC Games - Xbox
B002H0OWLE,related to,PC Accessories - Xbox
B002H0OWLE,related to,Controller Accessories - Xbox
B002H0OWLE,related to,Xbox Series S
B002H0OWLE,related to,Xbox Live
B002H0OWLE,related to,Playstation 5
B002H0OWLE,related to,Playstation 4
B002H0OWLE,related to,Playstation Plus
B002H0OWLE,related to,Nintendo Wii
B002H0OWLE,related to,PC Games
B002H0OWLE,related to,PC Games - Playstation
B002H0OWLE,related to,PC Games - Nintendo
B002H0OWLE,related to,PC Accessories - Playstation
B002H0OWLE,related to,Headsets - Xbox
B000035Y0L,related to,PC Gaming
B000035Y0L,related to,Xbox
B000035Y0L,related to,Playstation
B000035Y0L,related to,Nintendo
B000035Y0L,related to,Accessories
B000035Y0L,related to,PC Games
B000035Y0L,related to,PC Games - Xbox
B000035Y0L,related to,Xbox One
B000035Y0L,related to,Playstation 5
B000035Y0L,related to,Playstation 4
B000035Y0L,related to,Playstation Plus
B000035Y0L,related to,Nintendo Switch
B000035Y0L,related to,Nintendo GameCube
B000035Y0L,related to,Nintendo DS
B000035Y0L,related to,Nintendo Wii
B000035Y0L,related to,PC Games - Nintendo
B000035Y0L,related to,PC Accessories - Nintendo
B000035Y0L,related to,Controller Accessories - Nintendo
B000035Y0L,related to,Headsets - Nintendo
B074Z3XTXT,related to,PC Gaming
B074Z3XTXT,related to,PC Games
B074Z3XTXT,related to,PC Games - Nintendo
B09WK7S7R2,related to,Xbox
B09WK7S7R2,related to,PC Gaming
B09WK7S7R2,related to,Headsets
B09WK7S7R2,related to,Playstation
B09WK7S7R2,related to,Nintendo
B09WK7S7R2,related to,PC Games
B09WK7S7R2,related to,PC Games - Xbox
B09WK7S7R2,related to,Headsets - Xbox
B09WK7S7R2,related to,Headsets - Playstation
B09WK7S7R2,related to,Headsets - Nintendo
B09WK7S7R2,related to,Xbox One
B09WK7S7R2,related to,Playstation 5
B09WK7S7R2,related to,Playstation 4
B09WK7S7R2,related to,Playstation Plus
B09WK7S7R2,related to,PC Games - Playstation
B09WK7S7R2,related to,PC Games - Nintendo
B09WK7S7R2,related to,PC Accessories - Xbox
B09WK7S7R2,related to,PC Accessories - Playstation
B09WK7S7R2,related to,PC Accessories - Nintendo
B003ODI40S,related to,Nintendo
B003ODI40S,related to,PC Gaming
B003ODI40S,related to,PC Games
B003ODI40S,related to,PC Games - Nintendo
B003626TPY,related to,Xbox
B003626TPY,related to,PC Gaming
B003626TPY,related to,Playstation
B003626TPY,related to,Nintendo
B003626TPY,related to,Xbox Series X
B003626TPY,related to,Xbox Series S
B003626TPY,related to,Xbox One
B003626TPY,related to,Xbox Live
B003626TPY,related to,PC Games
B003626TPY,related to,PC Games - Xbox
B003626TPY,related to,PC Games - Playstation
B003626TPY,related to,PC Games - Nintendo
B003626TPY,related to,PC Accessories - Xbox
B003626TPY,related to,Controller Accessories - Xbox
B003626TPY,related to,Playstation 5
B003626TPY,related to,Playstation 4
B003626TPY,related to,Nintendo Wii
B0072V09TM,related to,Playstation
B0072V09TM,related to,Nintendo
B0072V09TM,related to,PC Gaming
B0072V09TM,related to,Xbox
B0072V09TM,related to,Playstation 5
B0072V09TM,related to,Playstation 4
B0072V09TM,related to,PC Games
B0072V09TM,related to,PC Games - Xbox
B0072V09TM,related to,PC Games - Playstation
B0072V09TM,related to,PC Games - Nintendo
B0072V09TM,related to,Xbox Series X
B0072V09TM,related to,Xbox Series S
B0072V09TM,related to,Xbox One
B0072V09TM,related to,PC Accessories - Xbox
B0072V09TM,related to,PC Accessories - Nintendo
B000066TS4,related to,Nintendo
B000066TS4,related to,PC Games
B000066TS4,related to,PC Games - Nintendo
B000066TS4,related to,Cable Released
B00004SVYP,related to,PC Gaming
B00004SVYP,related to,Nintendo
B00004SVYP,related to,Controller Accessories
B00004SVYP,related to,Xbox
B00004SVYP,related to,Playstation
B00004SVYP,related to,Nintendo Wii
B00004SVYP,related to,PC Games
B00004SVYP,related to,PC Games - Xbox
B00004SVYP,related to,PC Games - Playstation
B00004SVYP,related to,PC Games - Nintendo
B00004SVYP,related to,Nintendo Switch
B00004SVYP,related to,Nintendo DS
B00004SVYP,related to,PC Accessories - Nintendo
B00004SVYP,related to,Controller Accessories - Nintendo
B00004SVYP,related to,Controller Accessories - Xbox
B00004SVYP,related to,Controller Accessories - Playstation
B00004SVYP,related to,Playstation 4
B00004SVYP,related to,Playstation 5
B00004SVYP,related to,Nintendo GameCube
B00I6E6SH6,related to,Xbox
B00I6E6SH6,related to,Playstation
B00I6E6SH6,related to,Nintendo
B00I6E6SH6,related to,PC Gaming
B00I6E6SH6,related to,Xbox Series X
B00I6E6SH6,related to,Xbox Series S
B00I6E6SH6,related to,Xbox One
B00I6E6SH6,related to,Xbox Live
B00I6E6SH6,related to,Playstation 5
B00I6E6SH6,related to,Playstation 4
B00I6E6SH6,related to,Playstation Plus
B00I6E6SH6,related to,Nintendo Wii
B00I6E6SH6,related to,PC Games
B00I6E6SH6,related to,PC Games - Xbox
B00I6E6SH6,related to,PC Games - Playstation
B00I6E6SH6,related to,PC Games - Nintendo
B00I6E6SH6,related to,PC Accessories - Xbox
B00I6E6SH6,related to,PC Accessories - Playstation
B00I6E6SH6,related to,Controller Accessories - Xbox
B00I6E6SH6,related to,Headsets - Xbox
B0026EV5MA,related to,PC Gaming
B0026EV5MA,related to,Playstation
B0026EV5MA,related to,Nintendo
B0026EV5MA,related to,PC Games
B0026EV5MA,related to,Playstation 5
B0026EV5MA,related to,Playstation 4
B0026EV5MA,related to,Playstation Plus
B0026EV5MA,related to,PC Games - Playstation
B0026EV5MA,related to,PC Accessories - Playstation
B0026EV5MA,related to,Controller Accessories - Playstation
B0026EV5MA,related to,Headsets - Playstation
B0026EV5MA,related to,PC Games - Nintendo
B0026EV5MA,related to,Cable Released
B00001R3XK,related to,PC Gaming
B00001R3XK,related to,PC Games
B00001R3XK,related to,PC Games - Xbox
B00001R3XK,related to,PC Games - Nintendo
B0001HAI8G,related to,Nintendo
B0001HAI8G,related to,PC Gaming
B0001HAI8G,related to,PC Games
B002NI0XP4,related to,Xbox
B002NI0XP4,related to,Playstation
B002NI0XP4,related to,Nintendo
B002NI0XP4,related to,PC Gaming
B002NI0XP4,related to,Xbox Series X
B002NI0XP4,related to,Xbox Series S
B002NI0XP4,related to,Xbox One
B002NI0XP4,related to,Xbox Live
B002NI0XP4,related to,Playstation 5
B002NI0XP4,related to,PC Games - Xbox
B002NI0XP4,related to,PC Accessories - Xbox
B002NI0XP4,related to,Controller Accessories - Xbox
B002NI0XP4,related to,Headsets - Xbox
B002NI0XP4,related to,PC Games
B002NI0XP4,related to,Playstation 4
B002NI0XP4,related to,Playstation Plus
B002NI0XP4,related to,Nintendo Wii
B002NI0XP4,related to,PC Games - Playstation
B002NI0XP4,related to,PC Games - Nintendo
B002NI0XP4,related to,PC Accessories - Playstation
B00B3PDHBU,related to,PC Gaming
B00B3PDHBU,related to,Headsets
B00B3PDHBU,related to,PC Games
B00B3PDHBU,related to,Headsets - Xbox
B00B3PDHBU,related to,Headsets - Playstation
B00B3PDHBU,related to,Headsets - Nintendo
B00B3PDHBU,related to,PC Games - Nintendo
B072BX7H6Q,related to,Xbox
B072BX7H6Q,related to,Playstation
B072BX7H6Q,related to,Nintendo
B072BX7H6Q,related to,PC Gaming
B072BX7H6Q,related to,Xbox Series S
B072BX7H6Q,related to,Xbox One
B072BX7H6Q,related to,Playstation 5
B072BX7H6Q,related to,Playstation 4
B072BX7H6Q,related to,Playstation Plus
B072BX7H6Q,related to,Nintendo DS
B072BX7H6Q,related to,Nintendo Wii
B072BX7H6Q,related to,PC Games
B072BX7H6Q,related to,PC Games - Xbox
B072BX7H6Q,related to,PC Games - Playstation
B072BX7H6Q,related to,PC Games - Nintendo
B072BX7H6Q,related to,PC Accessories - Playstation
B072BX7H6Q,related to,Controller Accessories - Playstation
B072BX7H6Q,related to,Headsets - Playstation
B01G8AP7QC,related to,Nintendo
B01G8AP7QC,related to,PC Gaming
B01G8AP7QC,related to,Xbox
B01G8AP7QC,related to,Playstation
B01G8AP7QC,related to,PC Games
B01G8AP7QC,related to,PC Games - Xbox
B01G8AP7QC,related to,PC Games - Playstation
B01G8AP7QC,related to,PC Games - Nintendo
B01G8AP7QC,related to,Playstation 5
B01G8AP7QC,related to,Playstation 4
B01G8AP7QC,related to,Playstation Plus
B01G8AP7QC,related to,PC Accessories - Playstation
B01G8AP7QC,related to,Controller Accessories - Playstation
B01G8AP7QC,related to,Headsets - Playstation
B01G8AP7QC,related to,Xbox Series S
B01G8AP7QC,related to,Xbox One
B01G8AP7QC,related to,Nintendo GameCube
B01G8AP7QC,related to,Nintendo DS
B01G8AP7QC,related to,Nintendo Wii
B087LSSNG1,related to,Nintendo
B087LSSNG1,related to,Xbox
B087LSSNG1,related to,Playstation
B087LSSNG1,related to,PC Gaming
B087LSSNG1,related to,PC Games
B087LSSNG1,related to,Nintendo Switch
B087LSSNG1,related to,Nintendo GameCube
B087LSSNG1,related to,Nintendo DS
B087LSSNG1,related to,Nintendo Wii
B087LSSNG1,related to,PC Games - Nintendo
B087LSSNG1,related to,PC Accessories - Nintendo
B087LSSNG1,related to,Controller Accessories - Nintendo
B087LSSNG1,related to,Headsets - Nintendo
B087LSSNG1,related to,Xbox One
B087LSSNG1,related to,Playstation 5
B087LSSNG1,related to,Playstation 4
B087LSSNG1,related to,Playstation Plus
B000O3E05Y,related to,Playstation
B000O3E05Y,related to,Xbox
B000O3E05Y,related to,Nintendo
B000O3E05Y,related to,PC Gaming
B000O3E05Y,related to,Controller Accessories
B000O3E05Y,related to,Playstation 5
B000O3E05Y,related to,Playstation 4
B000O3E05Y,related to,Playstation Plus
B000O3E05Y,related to,PC Games - Playstation
B000O3E05Y,related to,PC Accessories - Playstation
B000O3E05Y,related to,Controller Accessories - Playstation
B000O3E05Y,related to,Headsets - Playstation
B000O3E05Y,related to,Xbox Series S
B000O3E05Y,related to,Xbox One
B000O3E05Y,related to,Nintendo DS
B000O3E05Y,related to,Nintendo Wii
B000O3E05Y,related to,PC Games
B000O3E05Y,related to,PC Games - Xbox
B000O3E05Y,related to,PC Games - Nintendo
B000O3E05Y,related to,Controller Accessories - Xbox
B000O3E05Y,related to,Controller Accessories - Nintendo
B06ZZCCDP7,related to,PC Gaming
B06ZZCCDP7,related to,Nintendo
B06ZZCCDP7,related to,Xbox
B06ZZCCDP7,related to,Playstation
B06ZZCCDP7,related to,PC Games
B06ZZCCDP7,related to,PC Games - Xbox
B06ZZCCDP7,related to,PC Games - Playstation
B06ZZCCDP7,related to,PC Games - Nintendo
B06ZZCCDP7,related to,Xbox Series X
B06ZZCCDP7,related to,Xbox Series S
B06ZZCCDP7,related to,Xbox One
B06ZZCCDP7,related to,Xbox Live
B06ZZCCDP7,related to,Playstation 4
B06ZZCCDP7,related to,PC Accessories - Xbox
B06ZZCCDP7,related to,Headsets - Xbox
B06ZZCCDP7,related to,Playstation 5
B06ZZCCDP7,related to,Controller Accessories - Xbox
B06ZZCCDP7,related to,Cable Released
B0BPYGJGXZ,related to,Xbox
B0BPYGJGXZ,related to,Nintendo
B0BPYGJGXZ,related to,PC Gaming
B0BPYGJGXZ,related to,Playstation
B0BPYGJGXZ,related to,Xbox One
B0BPYGJGXZ,related to,PC Games
B0BPYGJGXZ,related to,PC Games - Xbox
B0BPYGJGXZ,related to,PC Games - Playstation
B0BPYGJGXZ,related to,PC Games - Nintendo
B0BPYGJGXZ,related to,Xbox Series S
B0BPYGJGXZ,related to,Playstation 5
B0BPYGJGXZ,related to,Playstation 4
B0BPYGJGXZ,related to,Playstation Plus
B0BPYGJGXZ,related to,Nintendo DS
B0BPYGJGXZ,related to,Nintendo Wii
B0BPYGJGXZ,related to,PC Accessories - Playstation
B0BPYGJGXZ,related to,Controller Accessories - Playstation
B0BPYGJGXZ,related to,Headsets - Playstation
B00CX6FZE0,related to,PC Gaming
B00CX6FZE0,related to,PC Games
B00CX6FZE0,related to,PC Games - Nintendo
B001EYUT6G,related to,PC Gaming
B001EYUT6G,related to,Playstation
B001EYUT6G,related to,Nintendo
B001EYUT6G,related to,PC Games
B001EYUT6G,related to,Nintendo Wii
B001EYUT6G,related to,PC Games - Xbox
B001EYUT6G,related to,PC Games - Playstation
B001EYUT6G,related to,PC Games - Nintendo
B00002STA0,related to,PC Gaming
B00002STA0,related to,Xbox
B00002STA0,related to,Playstation
B00002STA0,related to,Nintendo
B00002STA0,related to,PC Games
B00002STA0,related to,PC Games - Xbox
B00002STA0,related to,Xbox One
B00002STA0,related to,Playstation 5
B00002STA0,related to,Playstation 4
B00002STA0,related to,Playstation Plus
B00002STA0,related to,Nintendo Switch
B00002STA0,related to,Nintendo GameCube
B00002STA0,related to,Nintendo DS
B00002STA0,related to,Nintendo Wii
B00002STA0,related to,PC Games - Playstation
B00002STA0,related to,PC Games - Nintendo
B07YBXNWXL,related to,Xbox
B07YBXNWXL,related to,Playstation
B07YBXNWXL,related to,Nintendo
B07YBXNWXL,related to,PC Gaming
B07YBXNWXL,related to,Xbox Series X
B07YBXNWXL,related to,Xbox Series S
B07YBXNWXL,related to,Xbox One
B07YBXNWXL,related to,Xbox Live
B07YBXNWXL,related to,Playstation 5
B07YBXNWXL,related to,Playstation 4
B07YBXNWXL,related to,Playstation Plus
B07YBXNWXL,related to,Nintendo Wii
B07YBXNWXL,related to,PC Games
B07YBXNWXL,related to,PC Games - Xbox
B07YBXNWXL,related to,PC Games - Playstation
B07YBXNWXL,related to,PC Games - Nintendo
B07YBXNWXL,related to,PC Accessories - Xbox
B07YBXNWXL,related to,PC Accessories - Playstation
B07YBXNWXL,related to,Controller Accessories - Xbox
B07YBXNWXL,related to,Headsets - Xbox
B07CV6LH3V,related to,Nintendo
B07CV6LH3V,related to,Xbox
B07CV6LH3V,related to,Playstation
B07CV6LH3V,related to,PC Gaming
B07CV6LH3V,related to,Screen Protection
B07CV6LH3V,related to,Nintendo Switch
B07CV6LH3V,related to,Nintendo GameCube
B07CV6LH3V,related to,Nintendo DS
B07CV6LH3V,related to,Nintendo Wii
B07CV6LH3V,related to,PC Games - Nintendo
B07CV6LH3V,related to,PC Accessories - Nintendo
B07CV6LH3V,related to,Controller Accessories - Nintendo
B07CV6LH3V,related to,Headsets - Nintendo
B07CV6LH3V,related to,Xbox One
B07CV6LH3V,related to,Playstation 5
B07CV6LH3V,related to,Playstation 4
B07CV6LH3V,related to,Playstation Plus
B07CV6LH3V,related to,PC Games
B07Z8T9TK5,related to,Playstation
B07Z8T9TK5,related to,PC Gaming
B07Z8T9TK5,related to,Controller Accessories
B07Z8T9TK5,related to,Headsets
B07Z8T9TK5,related to,PC Games
B07Z8T9TK5,related to,PC Games - Xbox
B07Z8T9TK5,related to,PC Games - Playstation
B07Z8T9TK5,related to,PC Games - Nintendo
B07Z8T9TK5,related to,Controller Accessories - Xbox
B07Z8T9TK5,related to,Controller Accessories - Playstation
B07Z8T9TK5,related to,Controller Accessories - Nintendo
B07Z8T9TK5,related to,Headsets - Xbox
B07Z8T9TK5,related to,Headsets - Playstation
B07Z8T9TK5,related to,Headsets - Nintendo
B07Z8T9TK5,related to,Screen Protection
B002N64AI2,related to,Cable
B002N64AI2,related to,Nintendo
B002N64AI2,related to,Controller Accessories
B002N64AI2,related to,PC Gaming
B002N64AI2,related to,Nintendo Wii
B002N64AI2,related to,Cable Released
B002N64AI2,related to,PC Games
B002N64AI2,related to,Nintendo GameCube
B002N64AI2,related to,Nintendo DS
B002N64AI2,related to,PC Games - Nintendo
B002N64AI2,related to,Controller Accessories - Xbox
B002N64AI2,related to,Controller Accessories - Playstation
B002N64AI2,related to,Controller Accessories - Nintendo
B002N64AI2,related to,PC Games - Xbox
B0009WPZNQ,related to,Xbox
B0009WPZNQ,related to,Playstation
B0009WPZNQ,related to,Nintendo
B0009WPZNQ,related to,PC Gaming
B0009WPZNQ,related to,Xbox Series X
B0009WPZNQ,related to,Xbox Series S
B0009WPZNQ,related to,Xbox One
B0009WPZNQ,related to,Xbox Live
B0009WPZNQ,related to,Playstation 5
B0009WPZNQ,related to,Playstation 4
B0009WPZNQ,related to,Playstation Plus
B0009WPZNQ,related to,Nintendo Wii
B0009WPZNQ,related to,PC Games
B0009WPZNQ,related to,PC Games - Xbox
B0009WPZNQ,related to,PC Games - Playstation
B0009WPZNQ,related to,PC Games - Nintendo
B0009WPZNQ,related to,PC Accessories - Xbox
B0009WPZNQ,related to,PC Accessories - Playstation
B0009WPZNQ,related to,Controller Accessories - Xbox
B0009WPZNQ,related to,Headsets - Xbox
B0009WPZNQ,related to,Cable Released
B0BY25D84R,related to,Xbox
B0BY25D84R,related to,Playstation
B0BY25D84R,related to,PC Gaming
B0BY25D84R,related to,Nintendo
B0BY25D84R,related to,Xbox Series X
B0BY25D84R,related to,Xbox Series S
B0BY25D84R,related to,Xbox One
B0BY25D84R,related to,Xbox Live
B0BY25D84R,related to,Playstation 5
B0BY25D84R,related to,Playstation 4
B0BY25D84R,related to,Playstation Plus
B0BY25D84R,related to,PC Games
B0BY25D84R,related to,PC Games - Xbox
B0BY25D84R,related to,PC Games - Playstation
B0BY25D84R,related to,PC Games - Nintendo
B0BY25D84R,related to,PC Accessories - Playstation
B0BY25D84R,related to,Controller Accessories - Playstation
B0BY25D84R,related to,Headsets - Playstation
B0BY25D84R,related to,Nintendo GameCube
B0BY25D84R,related to,Nintendo DS
B0BY25D84R,related to,Nintendo Wii
B00004U62A,related to,Xbox
B00004U62A,related to,Playstation
B00004U62A,related to,PC Gaming
B00004U62A,related to,Nintendo
B00004U62A,related to,Xbox Series S
B00004U62A,related to,Xbox One
B00004U62A,related to,Playstation 5
B00004U62A,related to,Playstation 4
B00004U62A,related to,Playstation Plus
B00004U62A,related to,PC Games
B00004U62A,related to,PC Games - Xbox
B00004U62A,related to,PC Games - Playstation
B00004U62A,related to,PC Games - Nintendo
B00004U62A,related to,PC Accessories - Playstation
B00004U62A,related to,Controller Accessories - Playstation
B00004U62A,related to,Headsets - Playstation
B00004U62A,related to,Cable Released
B00LN5F15K,related to,Xbox
B00LN5F15K,related to,Playstation
B00LN5F15K,related to,Cable
B00LN5F15K,related to,Xbox One
B00LN5F15K,related to,Playstation 5
B00LN5F15K,related to,Playstation 4
B00LN5F15K,related to,Playstation Plus
B00LN5F15K,related to,PC Games - Playstation
B00LN5F15K,related to,PC Accessories - Playstation
B00LN5F15K,related to,Controller Accessories - Playstation
B00LN5F15K,related to,Cable Released
B00LN5F15K,related to,Headsets - Playstation
B000035Y09,related to,Nintendo
B000035Y09,related to,Xbox
B000035Y09,related to,Playstation
B000035Y09,related to,PC Gaming
B000035Y09,related to,Playstation 5
B000035Y09,related to,Playstation 4
B000035Y09,related to,Nintendo Switch
B000035Y09,related to,Nintendo GameCube
B000035Y09,related to,Nintendo DS
B000035Y09,related to,Nintendo Wii
B000035Y09,related to,PC Games - Nintendo
B000035Y09,related to,PC Accessories - Nintendo
B000035Y09,related to,Controller Accessories - Nintendo
B000035Y09,related to,Headsets - Nintendo
B000035Y09,related to,Xbox One
B000035Y09,related to,Playstation Plus
B000035Y09,related to,PC Games
B07DFZ6VHG,related to,PC Accessories
B07DFZ6VHG,related to,Accessories
B07DFZ6VHG,related to,Controller Accessories
B07DFZ6VHG,related to,Other Accessories
B07DFZ6VHG,related to,PC Gaming
B07DFZ6VHG,related to,Xbox
B07DFZ6VHG,related to,PC Accessories - Xbox
B07DFZ6VHG,related to,PC Accessories - Playstation
B07DFZ6VHG,related to,PC Accessories - Nintendo
B07DFZ6VHG,related to,Controller Accessories - Xbox
B07DFZ6VHG,related to,Controller Accessories - Nintendo
B07DFZ6VHG,related to,PC Games
B07DFZ6VHG,related to,PC Games - Xbox
B07DFZ6VHG,related to,PC Games - Playstation
B07DFZ6VHG,related to,PC Games - Nintendo
B07DFZ6VHG,related to,Xbox One
B07DFZ6VHG,related to,Xbox Series X
B07DFZ6VHG,related to,Xbox Series S
B07DFZ6VHG,related to,Xbox Live
B07DFZ6VHG,related to,Headsets - Xbox
B07DFZ6VHG,related to,Controller Accessories - Playstation
B0823F9NB8,related to,PC Gaming
B0823F9NB8,related to,Controller Accessories
B0823F9NB8,related to,Xbox
B0823F9NB8,related to,Playstation
B0823F9NB8,related to,Nintendo
B0823F9NB8,related to,Nintendo Switch
B0823F9NB8,related to,Keyboard
B0823F9NB8,related to,PC Games
B0823F9NB8,related to,PC Games - Nintendo
B0823F9NB8,related to,Xbox One
B0823F9NB8,related to,Playstation 5
B0823F9NB8,related to,Playstation 4
B0823F9NB8,related to,Playstation Plus
B0823F9NB8,related to,Nintendo GameCube
B0823F9NB8,related to,Nintendo DS
B0823F9NB8,related to,Nintendo Wii
B0823F9NB8,related to,PC Accessories - Nintendo
B0823F9NB8,related to,Controller Accessories - Nintendo
B0823F9NB8,related to,Headsets - Nintendo
B01L1L3F26,related to,Xbox
B01L1L3F26,related to,Playstation
B01L1L3F26,related to,PC Gaming
B01L1L3F26,related to,Controller Accessories
B01L1L3F26,related to,Xbox Series X
B01L1L3F26,related to,Xbox Series S
B01L1L3F26,related to,Xbox One
B01L1L3F26,related to,Xbox Live
B01L1L3F26,related to,Playstation 5
B01L1L3F26,related to,Playstation 4
B01L1L3F26,related to,Playstation Plus
B01L1L3F26,related to,PC Games
B01L1L3F26,related to,PC Games - Xbox
B01L1L3F26,related to,PC Games - Playstation
B01L1L3F26,related to,PC Games - Nintendo
B01L1L3F26,related to,PC Accessories - Playstation
B01L1L3F26,related to,Controller Accessories - Playstation
B01L1L3F26,related to,Headsets - Playstation
B01L1L3F26,related to,Controller Accessories - Xbox
B01L1L3F26,related to,Controller Accessories - Nintendo
B00NAQB6D6,related to,Nintendo
B00NAQB6D6,related to,PC Gaming
B00NAQB6D6,related to,Nintendo GameCube
B00NAQB6D6,related to,PC Games
B00NAQB6D6,related to,PC Games - Nintendo
B000MFLBBK,related to,Playstation
B000MFLBBK,related to,PC Accessories
B000MFLBBK,related to,Keyboard
B000MFLBBK,related to,Playstation 5
B000MFLBBK,related to,Playstation 4
B000MFLBBK,related to,Playstation Plus
B000MFLBBK,related to,PC Games - Playstation
B000MFLBBK,related to,PC Accessories - Playstation
B000MFLBBK,related to,Controller Accessories - Playstation
B000MFLBBK,related to,Headsets - Playstation
B005IL1E0G,related to,PC Accessories
B005IL1E0G,related to,Accessories
B005IL1E0G,related to,Controller Accessories
B005IL1E0G,related to,Other Accessories
B005IL1E0G,related to,Cable
B005IL1E0G,related to,Xbox
B005IL1E0G,related to,Playstation
B005IL1E0G,related to,Nintendo
B005IL1E0G,related to,PC Gaming
B005IL1E0G,related to,PC Accessories - Nintendo
B005IL1E0G,related to,Controller Accessories - Nintendo
B005IL1E0G,related to,Cable Released
B005IL1E0G,related to,Xbox One
B005IL1E0G,related to,Playstation 5
B005IL1E0G,related to,Playstation 4
B005IL1E0G,related to,Playstation Plus
B005IL1E0G,related to,Nintendo Wii
B005IL1E0G,related to,PC Games
B005IL1E0G,related to,PC Games - Xbox
B005IL1E0G,related to,PC Games - Playstation
B005IL1E0G,related to,PC Games - Nintendo
B005IL1E0G,related to,Nintendo DS
B005IL1E0G,related to,Nintendo Switch
B005IL1E0G,related to,Nintendo GameCube
B0BJ16VT5Z,related to,Xbox
B0BJ16VT5Z,related to,PC Gaming
B0BJ16VT5Z,related to,PC Games
B0BJ16VT5Z,related to,PC Games - Xbox
B0BJ16VT5Z,related to,PC Games - Nintendo
B0002HDSZ0,related to,PC Gaming
B0002HDSZ0,related to,Nintendo
B0002HDSZ0,related to,Xbox
B0002HDSZ0,related to,Playstation
B0002HDSZ0,related to,PC Games
B0002HDSZ0,related to,PC Games - Nintendo
B0002HDSZ0,related to,Xbox One
B0002HDSZ0,related to,Playstation 5
B0002HDSZ0,related to,Playstation 4
B0002HDSZ0,related to,Playstation Plus
B0002HDSZ0,related to,Nintendo Switch
B0002HDSZ0,related to,Nintendo GameCube
B0002HDSZ0,related to,Nintendo DS
B0002HDSZ0,related to,Nintendo Wii
B0002HDSZ0,related to,PC Accessories - Nintendo
B0002HDSZ0,related to,Controller Accessories - Nintendo
B0002HDSZ0,related to,Headsets - Nintendo
B07Z94YCBD,related to,Playstation
B07Z94YCBD,related to,PC Gaming
B07Z94YCBD,related to,Controller Accessories
B07Z94YCBD,related to,Headsets
B07Z94YCBD,related to,PC Games
B07Z94YCBD,related to,PC Games - Xbox
B07Z94YCBD,related to,PC Games - Playstation
B07Z94YCBD,related to,PC Games - Nintendo
B07Z94YCBD,related to,Controller Accessories - Xbox
B07Z94YCBD,related to,Controller Accessories - Playstation
B07Z94YCBD,related to,Controller Accessories - Nintendo
B07Z94YCBD,related to,Headsets - Xbox
B07Z94YCBD,related to,Headsets - Playstation
B07Z94YCBD,related to,Headsets - Nintendo
B07Z94YCBD,related to,Screen Protection
B001ELJFN2,related to,Playstation
B001ELJFN2,related to,Nintendo
B001ELJFN2,related to,PC Gaming
B001ELJFN2,related to,Playstation 5
B001ELJFN2,related to,Playstation 4
B001ELJFN2,related to,Nintendo Wii
B001ELJFN2,related to,PC Games
B001ELJFN2,related to,PC Games - Xbox
B001ELJFN2,related to,PC Games - Playstation
B001ELJFN2,related to,PC Games - Nintendo
B00ECOGM52,related to,Nintendo
B00ECOGM52,related to,Playstation
B00ECOGM52,related to,Xbox
B00ECOGM52,related to,PC Gaming
B00ECOGM52,related to,PC Games
B00ECOGM52,related to,PC Games - Playstation
B00ECOGM52,related to,PC Games - Nintendo
B00ECOGM52,related to,Playstation 5
B00ECOGM52,related to,Playstation 4
B00ECOGM52,related to,Nintendo Switch
B00ECOGM52,related to,Nintendo GameCube
B00ECOGM52,related to,Nintendo DS
B00ECOGM52,related to,Nintendo Wii
B00ECOGM52,related to,PC Accessories - Nintendo
B00ECOGM52,related to,Controller Accessories - Nintendo
B00ECOGM52,related to,Headsets - Nintendo
B00ECOGM52,related to,Xbox One
B00ECOGM52,related to,Playstation Plus
B00HVWU0Q4,related to,Playstation
B00HVWU0Q4,related to,Tool Kit
B00HVWU0Q4,related to,Xbox One
B00HVWU0Q4,related to,Playstation 5
B00HVWU0Q4,related to,Playstation 4
B00HVWU0Q4,related to,Playstation Plus
B00HVWU0Q4,related to,PC Games - Playstation
B00HVWU0Q4,related to,PC Accessories - Playstation
B00HVWU0Q4,related to,Controller Accessories - Playstation
B00HVWU0Q4,related to,Headsets - Playstation
B091LBJKR7,related to,Xbox
B091LBJKR7,related to,Playstation
B091LBJKR7,related to,Nintendo
B091LBJKR7,related to,PC Gaming
B091LBJKR7,related to,Xbox One
B091LBJKR7,related to,Playstation 5
B091LBJKR7,related to,Playstation 4
B091LBJKR7,related to,Playstation Plus
B091LBJKR7,related to,PC Games - Playstation
B091LBJKR7,related to,PC Accessories - Playstation
B091LBJKR7,related to,PC Games
B091LBJKR7,related to,Controller Accessories - Playstation
B00004SRF5,related to,PC Games
B00004SRF5,related to,PC Games - Xbox
B00004SRF5,related to,PC Games - Playstation
B00004SRF5,related to,PC Games - Nintendo
B004IK89FG,related to,Playstation
B004IK89FG,related to,Nintendo
B004IK89FG,related to,PC Gaming
B004IK89FG,related to,Playstation 5
B004IK89FG,related to,Playstation 4
B004IK89FG,related to,Nintendo Wii
B004IK89FG,related to,PC Games
B004IK89FG,related to,PC Games - Xbox
B004IK89FG,related to,PC Games - Playstation
B004IK89FG,related to,PC Games - Nintendo
B00000JHPD,related to,Nintendo
B00000JHPD,related to,Controller Accessories
B00000JHPD,related to,PC Gaming
B00000JHPD,related to,Nintendo Switch
B00000JHPD,related to,Nintendo GameCube
B00000JHPD,related to,Nintendo DS
B00000JHPD,related to,Nintendo Wii
B00000JHPD,related to,PC Games - Nintendo
B00000JHPD,related to,PC Accessories - Nintendo
B00000JHPD,related to,Controller Accessories - Nintendo
B00000JHPD,related to,Headsets - Nintendo
B00000JHPD,related to,PC Games
B00000JHPD,related to,PC Games - Xbox
B00000JHPD,related to,PC Games - Playstation
B00ZE3616K,related to,Xbox
B00ZE3616K,related to,PC Gaming
B00ZE3616K,related to,Playstation
B00ZE3616K,related to,Nintendo
B00ZE3616K,related to,Xbox Series X
B00ZE3616K,related to,Xbox Series S
B00ZE3616K,related to,Xbox One
B00ZE3616K,related to,Xbox Live
B00ZE3616K,related to,PC Games - Xbox
B00ZE3616K,related to,PC Accessories - Xbox
B00ZE3616K,related to,Controller Accessories - Xbox
B00ZE3616K,related to,Headsets - Xbox
B00ZE3616K,related to,Playstation 5
B00ZE3616K,related to,Playstation 4
B00ZE3616K,related to,Playstation Plus
B00ZE3616K,related to,PC Games
B00ZE3616K,related to,PC Games - Playstation
B00ZE3616K,related to,PC Games - Nintendo
B00ZE3616K,related to,PC Accessories - Playstation
B00ZE3616K,related to,PC Accessories - Nintendo
B09ZT147RW,related to,Nintendo
B09ZT147RW,related to,PC Gaming
B09ZT147RW,related to,Nintendo Switch
B09ZT147RW,related to,PC Games
B09ZT147RW,related to,PC Games - Xbox
B09ZT147RW,related to,PC Games - Playstation
B09ZT147RW,related to,PC Games - Nintendo
B09ZT147RW,related to,Keyboard
B001TOMQXK,related to,Nintendo
B001TOMQXK,related to,Xbox
B001TOMQXK,related to,Playstation
B001TOMQXK,related to,PC Gaming
B001TOMQXK,related to,Nintendo GameCube
B001TOMQXK,related to,Nintendo DS
B001TOMQXK,related to,Nintendo Wii
B001TOMQXK,related to,Controller Accessories - Nintendo
B001TOMQXK,related to,Xbox One
B001TOMQXK,related to,Playstation 5
B001TOMQXK,related to,Playstation 4
B001TOMQXK,related to,Playstation Plus
B001TOMQXK,related to,Nintendo Switch
B001TOMQXK,related to,PC Games
B001TOMQXK,related to,PC Games - Nintendo
B001TOMQXK,related to,PC Accessories - Nintendo
B001TOMQXK,related to,Headsets - Nintendo
B003NHRHD0,related to,PC Gaming
B003NHRHD0,related to,PC Games
B003NHRHD0,related to,PC Games - Xbox
B003NHRHD0,related to,PC Games - Playstation
B003NHRHD0,related to,PC Games - Nintendo
B003NHRHD0,related to,PC Accessories - Nintendo
B000IN0BSU,related to,Controller Accessories
B000IN0BSU,related to,Nintendo
B000IN0BSU,related to,PC Gaming
B000IN0BSU,related to,Playstation
B000IN0BSU,related to,Playstation 5
B000IN0BSU,related to,Playstation 4
B000IN0BSU,related to,Nintendo Switch
B000IN0BSU,related to,Nintendo GameCube
B000IN0BSU,related to,Nintendo DS
B000IN0BSU,related to,Nintendo Wii
B000IN0BSU,related to,PC Games - Nintendo
B000IN0BSU,related to,Controller Accessories - Xbox
B000IN0BSU,related to,Controller Accessories - Playstation
B000IN0BSU,related to,Controller Accessories - Nintendo
B000IN0BSU,related to,PC Games
B000IN0BSU,related to,PC Games - Xbox
B000IN0BSU,related to,PC Games - Playstation
B000IN0BSU,related to,PC Accessories - Nintendo
B000IN0BSU,related to,Headsets - Nintendo
B000IN0BSU,related to,Xbox Live
B000IN0BSU,related to,Playstation Plus
B00006IIVJ,related to,PC Gaming
B00006IIVJ,related to,PC Games
B08RXMB6SW,related to,PC Gaming
B08RXMB6SW,related to,Playstation
B08RXMB6SW,related to,Xbox
B08RXMB6SW,related to,Nintendo
B08RXMB6SW,related to,Controller Accessories
B08RXMB6SW,related to,PC Games
B08RXMB6SW,related to,PC Games - Xbox
B08RXMB6SW,related to,PC Games - Playstation
B08RXMB6SW,related to,PC Games - Nintendo
B08RXMB6SW,related to,Playstation 5
B08RXMB6SW,related to,Playstation 4
B08RXMB6SW,related to,Playstation Plus
B08RXMB6SW,related to,PC Accessories - Playstation
B08RXMB6SW,related to,Controller Accessories - Playstation
B08RXMB6SW,related to,Headsets - Playstation
B08RXMB6SW,related to,Xbox Series S
B08RXMB6SW,related to,Xbox One
B08RXMB6SW,related to,Nintendo GameCube
B08RXMB6SW,related to,Nintendo DS
B08RXMB6SW,related to,Nintendo Wii
B08RXMB6SW,related to,Controller Accessories - Xbox
B08RXMB6SW,related to,Controller Accessories - Nintendo
B074G36LZ4,related to,PC Gaming
B074G36LZ4,related to,Accessories
B074G36LZ4,related to,Cable
B074G36LZ4,related to,Playstation
B074G36LZ4,related to,Playstation 5
B074G36LZ4,related to,Playstation 4
B074G36LZ4,related to,Playstation Plus
B074G36LZ4,related to,PC Games
B074G36LZ4,related to,PC Games - Xbox
B074G36LZ4,related to,PC Games - Playstation
B074G36LZ4,related to,PC Games - Nintendo
B003R5THKO,related to,Nintendo
B003R5THKO,related to,PC Gaming
B003R5THKO,related to,Nintendo GameCube
B003R5THKO,related to,Nintendo DS
B003R5THKO,related to,Nintendo Wii
B003R5THKO,related to,PC Games - Nintendo
B00006JZBI,related to,PC Games
B00006JZBI,related to,PC Games - Nintendo
B00776UHG2,related to,PC Accessories
B00776UHG2,related to,Accessories
B00776UHG2,related to,Controller Accessories
B00776UHG2,related to,Other Accessories
B00776UHG2,related to,Nintendo
B00776UHG2,related to,PC Accessories - Xbox
B00776UHG2,related to,PC Accessories - Nintendo
B00776UHG2,related to,Controller Accessories - Nintendo
B00776UHG2,related to,Nintendo Wii
B001ELJF7I,related to,Nintendo
B001ELJF7I,related to,PC Gaming
B001ELJF7I,related to,Nintendo GameCube
B001ELJF7I,related to,Nintendo Wii
B001ELJF7I,related to,PC Games
B001ELJF7I,related to,PC Games - Xbox
B001ELJF7I,related to,PC Games - Nintendo
B001ELJF7I,related to,PC Games - Playstation
B00Z9TLQNC,related to,Playstation
B00Z9TLQNC,related to,PC Gaming
B00Z9TLQNC,related to,Xbox One
B00Z9TLQNC,related to,Playstation 5
B00Z9TLQNC,related to,Playstation 4
B00Z9TLQNC,related to,Playstation Plus
B00Z9TLQNC,related to,PC Games
B00Z9TLQNC,related to,PC Games - Xbox
B00Z9TLQNC,related to,PC Games - Playstation
B00Z9TLQNC,related to,PC Accessories - Playstation
B00Z9TLQNC,related to,Controller Accessories - Playstation
B00Z9TLQNC,related to,Headsets - Playstation
B00Z9TLQNC,related to,PC Games - Nintendo
B00VPW0DYU,related to,Nintendo
B00VPW0DYU,related to,PC Gaming
B00VPW0DYU,related to,Xbox
B00VPW0DYU,related to,Playstation
B00VPW0DYU,related to,PC Games
B00VPW0DYU,related to,Xbox Series X
B00VPW0DYU,related to,Xbox Series S
B00VPW0DYU,related to,Xbox One
B00VPW0DYU,related to,Xbox Live
B00VPW0DYU,related to,Playstation 5
B00VPW0DYU,related to,Playstation 4
B00VPW0DYU,related to,PC Games - Xbox
B00VPW0DYU,related to,PC Games - Playstation
B00VPW0DYU,related to,PC Accessories - Xbox
B00VPW0DYU,related to,Controller Accessories - Xbox
B00VPW0DYU,related to,Headsets - Xbox
B00VPW0DYU,related to,Cable Released
B08M2K9K67,related to,Xbox
B08M2K9K67,related to,Playstation
B08M2K9K67,related to,Nintendo
B08M2K9K67,related to,Xbox One
B08M2K9K67,related to,Playstation 4
B08M2K9K67,related to,PC Games - Xbox
B08M2K9K67,related to,Nintendo Switch
B08M2K9K67,related to,Nintendo GameCube
B08M2K9K67,related to,Nintendo DS
B08M2K9K67,related to,Nintendo Wii
B08M2K9K67,related to,PC Games - Nintendo
B08M2K9K67,related to,PC Accessories - Nintendo
B08M2K9K67,related to,Controller Accessories - Nintendo
B08M2K9K67,related to,Headsets - Nintendo
B01KZUL1CA,related to,Headsets
B01KZUL1CA,related to,Xbox
B01KZUL1CA,related to,Playstation
B01KZUL1CA,related to,Nintendo
B01KZUL1CA,related to,PC Gaming
B01KZUL1CA,related to,Headsets - Xbox
B01KZUL1CA,related to,Headsets - Playstation
B01KZUL1CA,related to,Headsets - Nintendo
B01KZUL1CA,related to,Xbox Series S
B01KZUL1CA,related to,Xbox One
B01KZUL1CA,related to,Playstation 5
B01KZUL1CA,related to,Playstation 4
B01KZUL1CA,related to,Playstation Plus
B01KZUL1CA,related to,Nintendo DS
B01KZUL1CA,related to,Nintendo Wii
B01KZUL1CA,related to,PC Games
B01KZUL1CA,related to,PC Games - Xbox
B01KZUL1CA,related to,PC Games - Playstation
B01KZUL1CA,related to,PC Games - Nintendo
B01KZUL1CA,related to,PC Accessories - Xbox
B01KZUL1CA,related to,PC Accessories - Playstation
B01KZUL1CA,related to,PC Accessories - Nintendo
B01KZUL1CA,related to,Controller Accessories - Playstation
B08TC3DBJV,related to,Headsets
B08TC3DBJV,related to,PC Gaming
B08TC3DBJV,related to,Headsets - Xbox
B08TC3DBJV,related to,Headsets - Playstation
B08TC3DBJV,related to,Headsets - Nintendo
B08TC3DBJV,related to,Screen Protection
B07X2LNHGB,related to,Nintendo
B07X2LNHGB,related to,PC Gaming
B07X2LNHGB,related to,Xbox
B07X2LNHGB,related to,Playstation
B07X2LNHGB,related to,PC Games
B07X2LNHGB,related to,PC Games - Nintendo
B07X2LNHGB,related to,Xbox Series S
B07X2LNHGB,related to,Xbox One
B07X2LNHGB,related to,Playstation 5
B07X2LNHGB,related to,Playstation 4
B07X2LNHGB,related to,Playstation Plus
B07X2LNHGB,related to,Nintendo GameCube
B07X2LNHGB,related to,Nintendo DS
B07X2LNHGB,related to,Nintendo Wii
B07X2LNHGB,related to,PC Games - Xbox
B07X2LNHGB,related to,PC Games - Playstation
B07X2LNHGB,related to,PC Accessories - Playstation
B07X2LNHGB,related to,Controller Accessories - Playstation
B07X2LNHGB,related to,Headsets - Playstation
B00CPBZCIM,related to,PC Gaming
B00CPBZCIM,related to,Cable Released
B00CPBZCIM,related to,PC Games
B00CPBZCIM,related to,PC Games - Nintendo
B077J2BJ2F,related to,Xbox
B077J2BJ2F,related to,Playstation
B077J2BJ2F,related to,Nintendo
B077J2BJ2F,related to,PC Gaming
B077J2BJ2F,related to,Keyboard
B077J2BJ2F,related to,Xbox One
B077J2BJ2F,related to,Playstation 5
B077J2BJ2F,related to,Playstation 4
B077J2BJ2F,related to,Playstation Plus
B077J2BJ2F,related to,PC Games
B077J2BJ2F,related to,PC Games - Xbox
B077J2BJ2F,related to,PC Games - Playstation
B077J2BJ2F,related to,PC Games - Nintendo
B07NTR1KL4,related to,Playstation
B07NTR1KL4,related to,Nintendo
B07NTR1KL4,related to,PC Gaming
B07NTR1KL4,related to,Playstation 5
B07NTR1KL4,related to,Playstation 4
B07NTR1KL4,related to,Nintendo Wii
B07NTR1KL4,related to,PC Games
B07NTR1KL4,related to,PC Games - Xbox
B07NTR1KL4,related to,PC Games - Playstation
B07NTR1KL4,related to,PC Games - Nintendo
B07NTR1KL4,related to,Playstation Plus
B07NTR1KL4,related to,PC Accessories - Playstation
B07NTR1KL4,related to,Controller Accessories - Playstation
B07NTR1KL4,related to,Headsets - Playstation
B00UKLIY3E,related to,Cable
B00UKLIY3E,related to,Playstation
B00UKLIY3E,related to,Nintendo
B00UKLIY3E,related to,Xbox
B00UKLIY3E,related to,PC Gaming
B00UKLIY3E,related to,Cable Released
B00UKLIY3E,related to,Playstation 5
B00UKLIY3E,related to,Playstation 4
B00UKLIY3E,related to,Playstation Plus
B00UKLIY3E,related to,Nintendo DS
B00UKLIY3E,related to,Nintendo Wii
B00UKLIY3E,related to,PC Games - Playstation
B00UKLIY3E,related to,PC Games - Nintendo
B00UKLIY3E,related to,PC Games
B00UKLIY3E,related to,PC Games - Xbox
B001EYUQLY,related to,PC Games
B0019N57M8,related to,Nintendo
B0019N57M8,related to,Xbox
B0019N57M8,related to,Playstation
B0019N57M8,related to,PC Gaming
B0019N57M8,related to,Nintendo GameCube
B0019N57M8,related to,Nintendo DS
B0019N57M8,related to,Nintendo Wii
B0019N57M8,related to,Xbox One
B0019N57M8,related to,Playstation 5
B0019N57M8,related to,Playstation 4
B0019N57M8,related to,Playstation Plus
B0019N57M8,related to,Nintendo Switch
B0019N57M8,related to,PC Games - Nintendo
B0019N57M8,related to,PC Accessories - Nintendo
B0019N57M8,related to,Controller Accessories - Nintendo
B07PG84GSQ,related to,Headsets
B07PG84GSQ,related to,Xbox
B07PG84GSQ,related to,Playstation
B07PG84GSQ,related to,Nintendo
B07PG84GSQ,related to,PC Gaming
B07PG84GSQ,related to,Headsets - Xbox
B07PG84GSQ,related to,Headsets - Playstation
B07PG84GSQ,related to,Headsets - Nintendo
B07PG84GSQ,related to,Xbox One
B07PG84GSQ,related to,Playstation 5
B07PG84GSQ,related to,Playstation 4
B07PG84GSQ,related to,Playstation Plus
B07PG84GSQ,related to,Nintendo Wii
B07PG84GSQ,related to,PC Games
B07PG84GSQ,related to,PC Games - Xbox
B07PG84GSQ,related to,PC Games - Playstation
B07PG84GSQ,related to,PC Games - Nintendo
B001EYUPQU,related to,Xbox
B001EYUPQU,related to,Playstation
B001EYUPQU,related to,Nintendo
B001EYUPQU,related to,PC Gaming
B001EYUPQU,related to,PC Games
B001EYUPQU,related to,Xbox One
B001EYUPQU,related to,Playstation 5
B001EYUPQU,related to,Playstation 4
B001EYUPQU,related to,Playstation Plus
B001EYUPQU,related to,Nintendo GameCube
B001EYUPQU,related to,Nintendo DS
B001EYUPQU,related to,Nintendo Wii
B001EYUPQU,related to,PC Games - Xbox
B001EYUPQU,related to,PC Games - Playstation
B001EYUPQU,related to,PC Games - Nintendo
B001EYUPQU,related to,PC Accessories - Playstation
B001EYUPQU,related to,Controller Accessories - Playstation
B001EYUPQU,related to,Headsets - Playstation
B001EYUPQU,related to,Xbox Series S
B000GT4MQI,related to,Xbox
B000GT4MQI,related to,PC Gaming
B000GT4MQI,related to,Playstation
B000GT4MQI,related to,Xbox One
B000GT4MQI,related to,PC Accessories - Xbox
B000GT4MQI,related to,Controller Accessories - Xbox
B000GT4MQI,related to,PC Games
B000GT4MQI,related to,PC Games - Xbox
B000GT4MQI,related to,PC Games - Nintendo
B000GT4MQI,related to,Xbox Series X
B000GT4MQI,related to,Xbox Series S
B000GT4MQI,related to,Xbox Live
B000GT4MQI,related to,Playstation 5
B000GT4MQI,related to,Playstation 4
B000GT4MQI,related to,PC Games - Playstation
B000GT4MQI,related to,PC Accessories - Playstation
B000GT4MQI,related to,Headsets - Xbox
B00D7B9M0I,related to,PC Gaming
B00D7B9M0I,related to,Nintendo
B00D7B9M0I,related to,Accessories
B00D7B9M0I,related to,Cable
B00D7B9M0I,related to,PC Games
B00D7B9M0I,related to,PC Games - Xbox
B00D7B9M0I,related to,PC Games - Playstation
B00D7B9M0I,related to,PC Games - Nintendo
B00D7B9M0I,related to,Nintendo Wii
B00D7B9M0I,related to,Cable Released
B00D7B9M0I,related to,Nintendo GameCube
B00D7B9M0I,related to,Nintendo DS
B00D7B9M0I,related to,Controller Accessories - Nintendo
B08LMKNSPL,related to,Controller Accessories
B08LMKNSPL,related to,PC Gaming
B08LMKNSPL,related to,Controller Accessories - Xbox
B08LMKNSPL,related to,Controller Accessories - Playstation
B08LMKNSPL,related to,Controller Accessories - Nintendo
B08LMKNSPL,related to,PC Games
B08LMKNSPL,related to,PC Games - Xbox
B08LMKNSPL,related to,PC Games - Playstation
B08LMKNSPL,related to,PC Games - Nintendo
B001EYUOXY,related to,Xbox
B001EYUOXY,related to,Playstation
B001EYUOXY,related to,Nintendo
B001EYUOXY,related to,PC Gaming
B001EYUOXY,related to,Xbox Series X
B001EYUOXY,related to,Xbox Series S
B001EYUOXY,related to,Xbox One
B001EYUOXY,related to,Xbox Live
B001EYUOXY,related to,Playstation 5
B001EYUOXY,related to,Playstation 4
B001EYUOXY,related to,Playstation Plus
B001EYUOXY,related to,PC Games
B001EYUOXY,related to,PC Games - Xbox
B001EYUOXY,related to,PC Games - Playstation
B001EYUOXY,related to,PC Games - Nintendo
B001EYUOXY,related to,PC Accessories - Xbox
B001EYUOXY,related to,PC Accessories - Playstation
B001EYUOXY,related to,PC Accessories - Nintendo
B001EYUOXY,related to,Controller Accessories - Xbox
B001EYUOXY,related to,Headsets - Xbox
B001EYUOXY,related to,Nintendo Wii
B07XSHRXWS,related to,Xbox
B07XSHRXWS,related to,Playstation
B07XSHRXWS,related to,Nintendo
B07XSHRXWS,related to,PC Gaming
B07XSHRXWS,related to,Playstation 5
B07XSHRXWS,related to,Playstation 4
B07XSHRXWS,related to,PC Games - Xbox
B07XSHRXWS,related to,Screen Protection
B07XSHRXWS,related to,PC Games
B07XSHRXWS,related to,PC Games - Playstation
B07XSHRXWS,related to,PC Games - Nintendo
B07XSHRXWS,related to,Xbox One
B07XSHRXWS,related to,Playstation Plus
B07XSHRXWS,related to,Nintendo Switch
B07XSHRXWS,related to,Nintendo GameCube
B07XSHRXWS,related to,Nintendo DS
B07XSHRXWS,related to,Nintendo Wii
B07XSHRXWS,related to,PC Accessories - Nintendo
B07XSHRXWS,related to,Controller Accessories - Nintendo
B07XSHRXWS,related to,Headsets - Nintendo
B0BTFX4STP,related to,PC Gaming
B0BTFX4STP,related to,Headsets
B0BTFX4STP,related to,PC Accessories - Nintendo
B0BTFX4STP,related to,Headsets - Xbox
B0BTFX4STP,related to,Headsets - Playstation
B0BTFX4STP,related to,Headsets - Nintendo
B003ELPQJM,related to,Xbox
B003ELPQJM,related to,Playstation
B003ELPQJM,related to,Nintendo
B003ELPQJM,related to,PC Gaming
B003ELPQJM,related to,Xbox Series X
B003ELPQJM,related to,Xbox Series S
B003ELPQJM,related to,Xbox One
B003ELPQJM,related to,Playstation 5
B003ELPQJM,related to,Playstation 4
B003ELPQJM,related to,PC Games
B003ELPQJM,related to,PC Games - Xbox
B003ELPQJM,related to,PC Games - Playstation
B003ELPQJM,related to,PC Games - Nintendo
B003ELPQJM,related to,PC Accessories - Xbox
B003ELPQJM,related to,PC Accessories - Nintendo
B019FNMPQE,related to,Headsets
B019FNMPQE,related to,Cable
B019FNMPQE,related to,Headsets - Xbox
B019FNMPQE,related to,Headsets - Nintendo
B01JM80MV2,related to,PC Games
B07HPSFK9V,related to,Xbox
B07HPSFK9V,related to,Playstation
B07HPSFK9V,related to,Nintendo
B07HPSFK9V,related to,PC Gaming
B07HPSFK9V,related to,Keyboard
B07HPSFK9V,related to,Xbox One
B07HPSFK9V,related to,Playstation 5
B07HPSFK9V,related to,Playstation 4
B07HPSFK9V,related to,Playstation Plus
B07HPSFK9V,related to,Nintendo Wii
B07HPSFK9V,related to,PC Games
B07HPSFK9V,related to,PC Games - Xbox
B07HPSFK9V,related to,PC Games - Playstation
B07HPSFK9V,related to,PC Games - Nintendo
B0031SWWPO,related to,Playstation
B0031SWWPO,related to,Nintendo
B0031SWWPO,related to,Xbox
B0031SWWPO,related to,PC Gaming
B0031SWWPO,related to,Xbox Series S
B0031SWWPO,related to,Playstation 5
B0031SWWPO,related to,Playstation 4
B0031SWWPO,related to,Playstation Plus
B0031SWWPO,related to,Nintendo Switch
B0031SWWPO,related to,Nintendo GameCube
B0031SWWPO,related to,Nintendo DS
B0031SWWPO,related to,Nintendo Wii
B0031SWWPO,related to,PC Games - Nintendo
B0031SWWPO,related to,PC Accessories - Nintendo
B0031SWWPO,related to,Controller Accessories - Nintendo
B0031SWWPO,related to,Headsets - Nintendo
B0031SWWPO,related to,PC Games
B0031SWWPO,related to,PC Games - Xbox
B09QTCLJ9T,related to,Controller Accessories
B09QTCLJ9T,related to,Nintendo
B09QTCLJ9T,related to,PC Gaming
B09QTCLJ9T,related to,Xbox
B09QTCLJ9T,related to,Playstation
B09QTCLJ9T,related to,Controller Accessories - Nintendo
B09QTCLJ9T,related to,Controller Accessories - Xbox
B09QTCLJ9T,related to,Nintendo Switch
B09QTCLJ9T,related to,Nintendo GameCube
B09QTCLJ9T,related to,Nintendo DS
B09QTCLJ9T,related to,Nintendo Wii
B09QTCLJ9T,related to,PC Games - Nintendo
B09QTCLJ9T,related to,PC Accessories - Nintendo
B09QTCLJ9T,related to,Headsets - Nintendo
B09QTCLJ9T,related to,PC Games
B09QTCLJ9T,related to,PC Games - Xbox
B09QTCLJ9T,related to,PC Games - Playstation
B09QTCLJ9T,related to,Playstation 5
B09QTCLJ9T,related to,Xbox One
B09QTCLJ9T,related to,Playstation 4
B09QTCLJ9T,related to,Playstation Plus
B003C1PV4O,related to,Playstation
B003C1PV4O,related to,Nintendo
B003C1PV4O,related to,Playstation 5
B003C1PV4O,related to,Playstation 4
B003C1PV4O,related to,Playstation Plus
B003C1PV4O,related to,Nintendo DS
B003C1PV4O,related to,PC Games
B003C1PV4O,related to,PC Games - Xbox
B003C1PV4O,related to,PC Games - Playstation
B003C1PV4O,related to,PC Games - Nintendo
B003C1PV4O,related to,PC Accessories - Playstation
B003C1PV4O,related to,Controller Accessories - Playstation
B003C1PV4O,related to,Headsets - Playstation
B06ZXY893M,related to,PC Gaming
B06ZXY893M,related to,Xbox
B06ZXY893M,related to,Playstation
B06ZXY893M,related to,Nintendo
B06ZXY893M,related to,PC Games
B06ZXY893M,related to,Nintendo Switch
B06ZXY893M,related to,Xbox One
B06ZXY893M,related to,Playstation 5
B06ZXY893M,related to,Playstation 4
B06ZXY893M,related to,Playstation Plus
B06ZXY893M,related to,Nintendo Wii
B06ZXY893M,related to,PC Games - Xbox
B06ZXY893M,related to,PC Games - Playstation
B06ZXY893M,related to,PC Games - Nintendo
B06ZXY893M,related to,Keyboard
B001EYUPMY,related to,Nintendo
B001EYUPMY,related to,Nintendo GameCube
B001EYUPMY,related to,Nintendo DS
B001EYUPMY,related to,Nintendo Wii
B001EYUPMY,related to,PC Games
B001EYUPMY,related to,PC Games - Nintendo
B07YBXJ5FK,related to,Xbox
B07YBXJ5FK,related to,Playstation
B07YBXJ5FK,related to,Nintendo
B07YBXJ5FK,related to,PC Gaming
B07YBXJ5FK,related to,Xbox Series X
B07YBXJ5FK,related to,Xbox Series S
B07YBXJ5FK,related to,Xbox One
B07YBXJ5FK,related to,Xbox Live
B07YBXJ5FK,related to,Playstation 5
B07YBXJ5FK,related to,Playstation 4
B07YBXJ5FK,related to,Playstation Plus
B07YBXJ5FK,related to,Nintendo GameCube
B07YBXJ5FK,related to,Nintendo DS
B07YBXJ5FK,related to,Nintendo Wii
B07YBXJ5FK,related to,PC Games
B07YBXJ5FK,related to,PC Games - Xbox
B07YBXJ5FK,related to,PC Games - Playstation
B07YBXJ5FK,related to,PC Games - Nintendo
B07YBXJ5FK,related to,PC Accessories - Xbox
B07YBXJ5FK,related to,Controller Accessories - Xbox
B07YBXJ5FK,related to,Headsets - Xbox
B002I0H738,related to,Xbox
B002I0H738,related to,Playstation
B002I0H738,related to,Nintendo
B002I0H738,related to,PC Gaming
B002I0H738,related to,Xbox Series X
B002I0H738,related to,Xbox Series S
B002I0H738,related to,Xbox One
B002I0H738,related to,Playstation 5
B002I0H738,related to,Playstation 4
B002I0H738,related to,Playstation Plus
B002I0H738,related to,PC Games
B002I0H738,related to,PC Games - Xbox
B002I0H738,related to,PC Games - Playstation
B002I0H738,related to,PC Games - Nintendo
B002I0H738,related to,PC Accessories - Playstation
B002I0H738,related to,Controller Accessories - Playstation
B002I0H738,related to,Headsets - Playstation
B00KR2C0RC,related to,Xbox
B00KR2C0RC,related to,Playstation
B00KR2C0RC,related to,Xbox One
B00KR2C0RC,related to,Playstation 5
B00KR2C0RC,related to,Playstation 4
B00KR2C0RC,related to,Playstation Plus
B00KR2C0RC,related to,PC Games - Xbox
B00KR2C0RC,related to,PC Games - Playstation
B00KR2C0RC,related to,PC Accessories - Playstation
B00KR2C0RC,related to,Controller Accessories - Playstation
B00KR2C0RC,related to,Headsets - Playstation
B00KR2C0RC,related to,Cable Released
B00149TZ66,related to,Nintendo
B00149TZ66,related to,Xbox Series S
B00149TZ66,related to,Nintendo DS
B00149TZ66,related to,PC Games - Nintendo
B00149TZ66,related to,PC Games
B00002EIZW,related to,Nintendo
B00002EIZW,related to,PC Gaming
B00002EIZW,related to,PC Games
B00002EIZW,related to,PC Games - Nintendo
B000038IA0,related to,Nintendo
B000038IA0,related to,PC Gaming
B000038IA0,related to,Nintendo GameCube
B000038IA0,related to,PC Games
B000038IA0,related to,PC Games - Xbox
B000038IA0,related to,PC Games - Playstation
B000038IA0,related to,PC Games - Nintendo
B07SM7G9CN,related to,Nintendo
B07SM7G9CN,related to,PC Gaming
B07SM7G9CN,related to,Nintendo Switch
B07SM7G9CN,related to,Nintendo GameCube
B07SM7G9CN,related to,Nintendo DS
B07SM7G9CN,related to,Nintendo Wii
B07SM7G9CN,related to,PC Games - Nintendo
B07SM7G9CN,related to,PC Accessories - Nintendo
B07SM7G9CN,related to,Controller Accessories - Nintendo
B07SM7G9CN,related to,Headsets - Nintendo
B07SM7G9CN,related to,PC Games
B07SM7G9CN,related to,Cable Released
B009VIKJUS,related to,Xbox
B009VIKJUS,related to,Playstation
B009VIKJUS,related to,Nintendo
B009VIKJUS,related to,PC Gaming
B009VIKJUS,related to,Xbox Series X
B009VIKJUS,related to,Xbox Series S
B009VIKJUS,related to,Xbox One
B009VIKJUS,related to,Xbox Live
B009VIKJUS,related to,Playstation 5
B009VIKJUS,related to,Playstation 4
B009VIKJUS,related to,Playstation Plus
B009VIKJUS,related to,Nintendo Wii
B009VIKJUS,related to,PC Games
B009VIKJUS,related to,PC Games - Xbox
B009VIKJUS,related to,PC Games - Playstation
B009VIKJUS,related to,PC Games - Nintendo
B009VIKJUS,related to,PC Accessories - Xbox
B009VIKJUS,related to,PC Accessories - Playstation
B009VIKJUS,related to,PC Accessories - Nintendo
B009VIKJUS,related to,Controller Accessories - Xbox
B009VIKJUS,related to,Controller Accessories - Playstation
B009VIKJUS,related to,Headsets - Xbox
B009VIKJUS,related to,Cable Released
B00N8R6P2Y,related to,PC Gaming
B00N8R6P2Y,related to,PC Games
B01KS5NFTO,related to,Cable
B01KS5NFTO,related to,Xbox
B01KS5NFTO,related to,Cable Released
B01KS5NFTO,related to,Xbox Live
B07X8Q1MJJ,related to,Xbox
B07X8Q1MJJ,related to,Playstation
B07X8Q1MJJ,related to,Nintendo
B07X8Q1MJJ,related to,PC Gaming
B07X8Q1MJJ,related to,Keyboard
B07X8Q1MJJ,related to,Xbox One
B07X8Q1MJJ,related to,Playstation 5
B07X8Q1MJJ,related to,Playstation 4
B07X8Q1MJJ,related to,Playstation Plus
B07X8Q1MJJ,related to,Nintendo Wii
B07X8Q1MJJ,related to,PC Games
B07X8Q1MJJ,related to,PC Games - Xbox
B07X8Q1MJJ,related to,PC Games - Playstation
B07X8Q1MJJ,related to,PC Games - Nintendo
B00N3NSUIK,related to,PC Gaming
B00N3NSUIK,related to,Xbox
B00N3NSUIK,related to,Controller Accessories
B00N3NSUIK,related to,PC Games
B00N3NSUIK,related to,PC Games - Xbox
B00N3NSUIK,related to,PC Games - Playstation
B00N3NSUIK,related to,PC Games - Nintendo
B00N3NSUIK,related to,Xbox Series X
B00N3NSUIK,related to,Xbox Series S
B00N3NSUIK,related to,Xbox One
B00N3NSUIK,related to,Xbox Live
B00N3NSUIK,related to,PC Accessories - Xbox
B00N3NSUIK,related to,Controller Accessories - Xbox
B00N3NSUIK,related to,Headsets - Xbox
B00N3NSUIK,related to,Controller Accessories - Playstation
B00N3NSUIK,related to,Controller Accessories - Nintendo
B07QQTJMRF,related to,Playstation
B07QQTJMRF,related to,Playstation 5
B07QQTJMRF,related to,Playstation 4
B07QQTJMRF,related to,Playstation Plus
B07QQTJMRF,related to,PC Games - Playstation
B07QQTJMRF,related to,PC Accessories - Playstation
B07QQTJMRF,related to,Controller Accessories - Playstation
B07QQTJMRF,related to,Headsets - Playstation
B07QQTJMRF,related to,PC Games
B07QQTJMRF,related to,PC Games - Nintendo
B01GVMVYNC,related to,Xbox
B01GVMVYNC,related to,PC Gaming
B01GVMVYNC,related to,Xbox Series X
B01GVMVYNC,related to,Xbox Series S
B01GVMVYNC,related to,Xbox One
B01GVMVYNC,related to,Xbox Live
B01GVMVYNC,related to,PC Games - Xbox
B01GVMVYNC,related to,PC Accessories - Xbox
B01GVMVYNC,related to,Controller Accessories - Xbox
B01GVMVYNC,related to,Headsets - Xbox
B08TWV3BXB,related to,Xbox
B08TWV3BXB,related to,Playstation
B08TWV3BXB,related to,Nintendo
B08TWV3BXB,related to,PC Gaming
B08TWV3BXB,related to,Xbox Series X
B08TWV3BXB,related to,Xbox Series S
B08TWV3BXB,related to,Xbox One
B08TWV3BXB,related to,Xbox Live
B08TWV3BXB,related to,PC Games - Xbox
B08TWV3BXB,related to,PC Accessories - Xbox
B08TWV3BXB,related to,Controller Accessories - Xbox
B08TWV3BXB,related to,Playstation 4
B08TWV3BXB,related to,Playstation 5
B08TWV3BXB,related to,Playstation Plus
B08TWV3BXB,related to,Nintendo Wii
B08TWV3BXB,related to,PC Games
B08TWV3BXB,related to,PC Games - Playstation
B08TWV3BXB,related to,PC Games - Nintendo
B08TWV3BXB,related to,PC Accessories - Playstation
B08TWV3BXB,related to,Headsets - Xbox
B08TWV3BXB,related to,Tool Kit
B073SBW5W6,related to,Xbox
B073SBW5W6,related to,Playstation
B073SBW5W6,related to,Nintendo
B073SBW5W6,related to,PC Gaming
B073SBW5W6,related to,Xbox Series X
B073SBW5W6,related to,Xbox Series S
B073SBW5W6,related to,Xbox One
B073SBW5W6,related to,Xbox Live
B073SBW5W6,related to,Playstation 5
B073SBW5W6,related to,Playstation 4
B073SBW5W6,related to,PC Games
B073SBW5W6,related to,PC Games - Xbox
B073SBW5W6,related to,PC Games - Playstation
B073SBW5W6,related to,PC Games - Nintendo
B073SBW5W6,related to,PC Accessories - Xbox
B073SBW5W6,related to,Controller Accessories - Xbox
B073SBW5W6,related to,Headsets - Xbox
B073SBW5W6,related to,Cable Released
B08Q1MFHT3,related to,Nintendo
B08Q1MFHT3,related to,PC Gaming
B08Q1MFHT3,related to,Controller Accessories
B08Q1MFHT3,related to,Nintendo Switch
B08Q1MFHT3,related to,Nintendo GameCube
B08Q1MFHT3,related to,Nintendo DS
B08Q1MFHT3,related to,Nintendo Wii
B08Q1MFHT3,related to,PC Games - Nintendo
B08Q1MFHT3,related to,PC Accessories - Nintendo
B08Q1MFHT3,related to,Controller Accessories - Nintendo
B08Q1MFHT3,related to,Headsets - Nintendo
B08Q1MFHT3,related to,PC Games
B08Q1MFHT3,related to,PC Games - Xbox
B08Q1MFHT3,related to,PC Games - Playstation
B096SNXBDX,related to,Xbox
B096SNXBDX,related to,Xbox Series X
B096SNXBDX,related to,Xbox Series S
B096SNXBDX,related to,Xbox One
B096SNXBDX,related to,Xbox Live
B096SNXBDX,related to,Playstation 5
B096SNXBDX,related to,Playstation 4
B096SNXBDX,related to,PC Games - Xbox
B096SNXBDX,related to,PC Accessories - Xbox
B096SNXBDX,related to,Controller Accessories - Xbox
B096SNXBDX,related to,Headsets - Xbox
B003NX6U4G,related to,PC Gaming
B003NX6U4G,related to,Playstation
B003NX6U4G,related to,Nintendo
B003NX6U4G,related to,Xbox
B003NX6U4G,related to,PC Games
B003NX6U4G,related to,PC Games - Playstation
B003NX6U4G,related to,PC Games - Nintendo
B003NX6U4G,related to,Playstation 5
B003NX6U4G,related to,Playstation 4
B003NX6U4G,related to,Nintendo Switch
B003NX6U4G,related to,Nintendo GameCube
B003NX6U4G,related to,Nintendo DS
B003NX6U4G,related to,Nintendo Wii
B003NX6U4G,related to,PC Accessories - Nintendo
B003NX6U4G,related to,Controller Accessories - Nintendo
B003NX6U4G,related to,Xbox One
B003NX6U4G,related to,Playstation Plus
B003NX6U4G,related to,PC Games - Xbox
B07BRGKH9N,related to,Nintendo
B07BRGKH9N,related to,Screen Protection
B07BRGKH9N,related to,Nintendo Switch
B07BRGKH9N,related to,Nintendo GameCube
B07BRGKH9N,related to,Nintendo DS
B07BRGKH9N,related to,Nintendo Wii
B07BRGKH9N,related to,PC Games - Nintendo
B07BRGKH9N,related to,PC Accessories - Nintendo
B07BRGKH9N,related to,Controller Accessories - Nintendo
B07BRGKH9N,related to,Headsets - Nintendo
B005JB45OC,related to,PC Gaming
B005JB45OC,related to,Xbox
B005JB45OC,related to,Playstation
B005JB45OC,related to,Nintendo
B005JB45OC,related to,Xbox Series S
B005JB45OC,related to,Xbox One
B005JB45OC,related to,Playstation 5
B005JB45OC,related to,Playstation 4
B005JB45OC,related to,Playstation Plus
B005JB45OC,related to,Nintendo DS
B005JB45OC,related to,Nintendo Wii
B005JB45OC,related to,PC Games
B005JB45OC,related to,PC Games - Xbox
B005JB45OC,related to,PC Games - Playstation
B005JB45OC,related to,PC Games - Nintendo
B005JB45OC,related to,PC Accessories - Playstation
B005JB45OC,related to,Controller Accessories - Playstation
B005JB45OC,related to,Headsets - Playstation
B005JB45OC,related to,PC Accessories - Nintendo
B0038KORSA,related to,Playstation
B0038KORSA,related to,PC Accessories
B0038KORSA,related to,Playstation 5
B0038KORSA,related to,Playstation 4
B0038KORSA,related to,Playstation Plus
B0038KORSA,related to,PC Games - Playstation
B0038KORSA,related to,PC Accessories - Playstation
B0038KORSA,related to,Controller Accessories - Playstation
B0038KORSA,related to,Headsets - Playstation
B0007UDYTW,related to,PC Games
B075H3XB4Y,related to,Nintendo
B075H3XB4Y,related to,PC Accessories
B075H3XB4Y,related to,Accessories
B075H3XB4Y,related to,Controller Accessories
B075H3XB4Y,related to,Other Accessories
B075H3XB4Y,related to,Nintendo Switch
B075H3XB4Y,related to,Nintendo GameCube
B075H3XB4Y,related to,Nintendo DS
B075H3XB4Y,related to,Nintendo Wii
B075H3XB4Y,related to,PC Games - Nintendo
B075H3XB4Y,related to,PC Accessories - Nintendo
B075H3XB4Y,related to,Controller Accessories - Nintendo
B075H3XB4Y,related to,Headsets - Nintendo
B0BJ47N918,related to,Nintendo
B0BJ47N918,related to,PC Gaming
B0BJ47N918,related to,Keyboard
B0BJ47N918,related to,PC Games
B0BJ47N918,related to,PC Games - Xbox
B0BJ47N918,related to,PC Games - Nintendo
B0007KTBDA,related to,Xbox
B0007KTBDA,related to,Playstation
B0007KTBDA,related to,Nintendo
B0007KTBDA,related to,PC Gaming
B0007KTBDA,related to,Xbox Series X
B0007KTBDA,related to,Xbox One
B0007KTBDA,related to,PC Games
B0007KTBDA,related to,PC Games - Xbox
B0007KTBDA,related to,PC Games - Playstation
B0007KTBDA,related to,PC Games - Nintendo
B0007KTBDA,related to,PC Accessories - Nintendo
B0007KTBDA,related to,Playstation 5
B0007KTBDA,related to,Playstation 4
B0007KTBDA,related to,Playstation Plus
B0007KTBDA,related to,PC Accessories - Playstation
B0007KTBDA,related to,Controller Accessories - Playstation
B0007KTBDA,related to,Headsets - Playstation
B0007KTBDA,related to,Cable Released
B07CH81328,related to,Nintendo
B07CH81328,related to,Nintendo Switch
B07CH81328,related to,Nintendo GameCube
B07CH81328,related to,Nintendo DS
B07CH81328,related to,Nintendo Wii
B07CH81328,related to,PC Games - Nintendo
B07CH81328,related to,PC Accessories - Nintendo
B07CH81328,related to,Controller Accessories - Nintendo
B07CH81328,related to,Headsets - Nintendo
B07CH81328,related to,PC Games
B07GLYDDRG,related to,Xbox
B07GLYDDRG,related to,Playstation
B07GLYDDRG,related to,Nintendo
B07GLYDDRG,related to,PC Gaming
B07GLYDDRG,related to,Xbox Series S
B07GLYDDRG,related to,Xbox One
B07GLYDDRG,related to,Playstation 5
B07GLYDDRG,related to,Playstation 4
B07GLYDDRG,related to,Playstation Plus
B07GLYDDRG,related to,Nintendo DS
B07GLYDDRG,related to,Nintendo Wii
B07GLYDDRG,related to,PC Games
B07GLYDDRG,related to,PC Games - Xbox
B07GLYDDRG,related to,PC Games - Playstation
B07GLYDDRG,related to,PC Games - Nintendo
B07GLYDDRG,related to,PC Accessories - Playstation
B07GLYDDRG,related to,Controller Accessories - Playstation
B07GLYDDRG,related to,Headsets - Playstation
B002JTX89U,related to,Nintendo
B002JTX89U,related to,Playstation
B002JTX89U,related to,PC Games
B002JTX89U,related to,Playstation Plus
B002JTX89U,related to,Nintendo Switch
B002JTX89U,related to,Nintendo GameCube
B002JTX89U,related to,Nintendo DS
B002JTX89U,related to,Nintendo Wii
B002JTX89U,related to,PC Games - Nintendo
B002JTX89U,related to,PC Accessories - Nintendo
B002JTX89U,related to,Controller Accessories - Nintendo
B002JTX89U,related to,Headsets - Nintendo
B002JTX89U,related to,Xbox Series S
B002JTX89U,related to,Playstation 5
B002JTX89U,related to,Playstation 4
B084CYQGF5,related to,PC Accessories
B084CYQGF5,related to,Accessories
B084CYQGF5,related to,Controller Accessories
B084CYQGF5,related to,Other Accessories
B084CYQGF5,related to,Xbox
B084CYQGF5,related to,Playstation
B084CYQGF5,related to,PC Gaming
B084CYQGF5,related to,PC Accessories - Xbox
B084CYQGF5,related to,PC Accessories - Playstation
B084CYQGF5,related to,PC Accessories - Nintendo
B084CYQGF5,related to,Controller Accessories - Xbox
B084CYQGF5,related to,Controller Accessories - Playstation
B084CYQGF5,related to,Controller Accessories - Nintendo
B084CYQGF5,related to,Xbox One
B084CYQGF5,related to,Playstation 5
B084CYQGF5,related to,Playstation 4
B084CYQGF5,related to,Playstation Plus
B084CYQGF5,related to,PC Games - Playstation
B084CYQGF5,related to,Headsets - Playstation
B084CYQGF5,related to,PC Games
B084CYQGF5,related to,PC Games - Xbox
B084CYQGF5,related to,PC Games - Nintendo
B003M2XL86,related to,Xbox
B003M2XL86,related to,Playstation
B003M2XL86,related to,Nintendo
B003M2XL86,related to,PC Gaming
B003M2XL86,related to,Xbox Series X
B003M2XL86,related to,Xbox Series S
B003M2XL86,related to,Xbox One
B003M2XL86,related to,Xbox Live
B003M2XL86,related to,Playstation 5
B003M2XL86,related to,Playstation 4
B003M2XL86,related to,Playstation Plus
B003M2XL86,related to,PC Games
B003M2XL86,related to,PC Games - Xbox
B003M2XL86,related to,PC Games - Playstation
B003M2XL86,related to,PC Games - Nintendo
B003M2XL86,related to,PC Accessories - Xbox
B003M2XL86,related to,PC Accessories - Playstation
B003M2XL86,related to,PC Accessories - Nintendo
B003M2XL86,related to,Controller Accessories - Xbox
B003M2XL86,related to,Headsets - Xbox
B003M2XL86,related to,Nintendo Wii
B07H7GF337,related to,Accessories
B07H7GF337,related to,Nintendo
B07H7GF337,related to,PC Gaming
B07H7GF337,related to,Controller Accessories - Xbox
B07H7GF337,related to,Tool Kit
B07H7GF337,related to,PC Games
B07H7GF337,related to,PC Games - Xbox
B07H7GF337,related to,PC Games - Playstation
B07H7GF337,related to,PC Games - Nintendo
B008CZN458,related to,PC Gaming
B008CZN458,related to,Playstation
B008CZN458,related to,PC Games
B008CZN458,related to,Playstation 5
B008CZN458,related to,Playstation 4
B008CZN458,related to,Playstation Plus
B008CZN458,related to,PC Games - Playstation
B008CZN458,related to,PC Accessories - Playstation
B008CZN458,related to,Controller Accessories - Playstation
B008CZN458,related to,Headsets - Playstation
7100027950,related to,Playstation
7100027950,related to,Nintendo
7100027950,related to,Nintendo GameCube
7100027950,related to,Playstation 5
7100027950,related to,Playstation 4
7100027950,related to,Nintendo Switch
7100027950,related to,Nintendo DS
7100027950,related to,Nintendo Wii
7100027950,related to,PC Games - Nintendo
7100027950,related to,PC Accessories - Nintendo
7100027950,related to,Controller Accessories - Nintendo
B071RCQML4,related to,Xbox
B071RCQML4,related to,PC Gaming
B071RCQML4,related to,Xbox Series X
B071RCQML4,related to,Xbox Series S
B071RCQML4,related to,Xbox One
B071RCQML4,related to,Xbox Live
B071RCQML4,related to,PC Games - Xbox
B071RCQML4,related to,PC Accessories - Xbox
B071RCQML4,related to,Headsets - Xbox
B071RCQML4,related to,PC Games
B071RCQML4,related to,PC Games - Playstation
B071RCQML4,related to,PC Games - Nintendo
B001IVE7M2,related to,Playstation
B001IVE7M2,related to,Nintendo
B001IVE7M2,related to,PC Gaming
B001IVE7M2,related to,PC Games
B001IVE7M2,related to,Playstation 5
B001IVE7M2,related to,Playstation 4
B001IVE7M2,related to,Nintendo Wii
B001IVE7M2,related to,PC Games - Xbox
B001IVE7M2,related to,PC Games - Playstation
B001IVE7M2,related to,PC Games - Nintendo
B001IVE7M2,related to,Playstation Plus
B001IVE7M2,related to,PC Accessories - Playstation
B001IVE7M2,related to,Controller Accessories - Playstation
B001IVE7M2,related to,Headsets - Playstation
B00C4PCCL4,related to,Nintendo
B00C4PCCL4,related to,PC Gaming
B00C4PCCL4,related to,Playstation 4
B00C4PCCL4,related to,PC Games
B0B7BSBCSC,related to,PC Gaming
B0B7BSBCSC,related to,PC Games
B0B7BSBCSC,related to,Keyboard
B07DXPSJH1,related to,Playstation
B07DXPSJH1,related to,Playstation 5
B07DXPSJH1,related to,Playstation 4
B07DXPSJH1,related to,Playstation Plus
B07DXPSJH1,related to,PC Games - Playstation
B07DXPSJH1,related to,PC Accessories - Playstation
B07DXPSJH1,related to,Controller Accessories - Playstation
B07DXPSJH1,related to,Headsets - Playstation
B00005V3F8,related to,Xbox
B00005V3F8,related to,PC Gaming
B00005V3F8,related to,Nintendo
B00005V3F8,related to,Xbox Series S
B00005V3F8,related to,PC Games
B00005V3F8,related to,PC Games - Xbox
B00005V3F8,related to,PC Games - Nintendo
B001QCWS6A,related to,Nintendo
B001QCWS6A,related to,PC Gaming
B001QCWS6A,related to,PC Games
B005EIIS4S,related to,Nintendo
B005EIIS4S,related to,Nintendo GameCube
B005EIIS4S,related to,Nintendo DS
B005EIIS4S,related to,Nintendo Wii
B005EIIS4S,related to,PC Games - Nintendo
B005EIIS4S,related to,Controller Accessories - Nintendo
B005EIIS4S,related to,PC Games
B072K2DCFM,related to,Nintendo
B072K2DCFM,related to,Cable
B072K2DCFM,related to,Xbox
B072K2DCFM,related to,Playstation
B072K2DCFM,related to,PC Gaming
B072K2DCFM,related to,Nintendo Switch
B072K2DCFM,related to,Nintendo GameCube
B072K2DCFM,related to,Nintendo DS
B072K2DCFM,related to,Nintendo Wii
B072K2DCFM,related to,PC Games - Nintendo
B072K2DCFM,related to,Controller Accessories - Nintendo
B072K2DCFM,related to,Cable Released
B072K2DCFM,related to,Xbox One
B072K2DCFM,related to,Playstation 5
B072K2DCFM,related to,Playstation 4
B072K2DCFM,related to,Playstation Plus
B072K2DCFM,related to,PC Accessories - Nintendo
B09MFBJJQJ,related to,Xbox
B09MFBJJQJ,related to,Playstation
B09MFBJJQJ,related to,Nintendo
B09MFBJJQJ,related to,PC Gaming
B09MFBJJQJ,related to,Xbox One
B09MFBJJQJ,related to,Playstation 5
B09MFBJJQJ,related to,Playstation 4
B09MFBJJQJ,related to,Playstation Plus
B09MFBJJQJ,related to,Nintendo GameCube
B09MFBJJQJ,related to,Nintendo DS
B09MFBJJQJ,related to,Nintendo Wii
B09MFBJJQJ,related to,PC Games
B09MFBJJQJ,related to,PC Games - Xbox
B09MFBJJQJ,related to,PC Games - Playstation
B09MFBJJQJ,related to,PC Games - Nintendo
B09MFBJJQJ,related to,PC Accessories - Playstation
B09MFBJJQJ,related to,Controller Accessories - Playstation
B09MFBJJQJ,related to,Headsets - Playstation
B09MFBJJQJ,related to,Xbox Series S
B00001SHNG,related to,Accessories
B00001SHNG,related to,PC Gaming
B00001SHNG,related to,Nintendo
B00001SHNG,related to,Playstation 5
B00001SHNG,related to,PC Games
B00001SHNG,related to,PC Games - Xbox
B00001SHNG,related to,PC Games - Playstation
B00001SHNG,related to,PC Games - Nintendo
B00001SHNG,related to,Playstation 4
B00001SHNG,related to,Nintendo DS
B002EQE58Q,related to,Playstation
B002EQE58Q,related to,Xbox
B002EQE58Q,related to,Nintendo
B002EQE58Q,related to,PC Gaming
B002EQE58Q,related to,Playstation 5
B002EQE58Q,related to,Playstation 4
B002EQE58Q,related to,Playstation Plus
B002EQE58Q,related to,PC Games - Playstation
B002EQE58Q,related to,PC Accessories - Playstation
B002EQE58Q,related to,Controller Accessories - Playstation
B002EQE58Q,related to,Headsets - Playstation
B002EQE58Q,related to,Xbox One
B002EQE58Q,related to,Nintendo Wii
B002EQE58Q,related to,PC Games
B002EQE58Q,related to,PC Games - Xbox
B002EQE58Q,related to,PC Games - Nintendo
B0BC6CMVGT,related to,PC Gaming
B0BC6CMVGT,related to,Nintendo
B0BC6CMVGT,related to,PC Games
B0BC6CMVGT,related to,PC Games - Nintendo
B0BC6CMVGT,related to,PC Games - Xbox
B0BC6CMVGT,related to,PC Games - Playstation
B0BC6CMVGT,related to,Nintendo Switch
B0BC6CMVGT,related to,Nintendo GameCube
B0BC6CMVGT,related to,Nintendo DS
B0BC6CMVGT,related to,Nintendo Wii
B0BC6CMVGT,related to,PC Accessories - Nintendo
B0BC6CMVGT,related to,Controller Accessories - Nintendo
B0BC6CMVGT,related to,Headsets - Nintendo
B00JV3B3MQ,related to,PC Gaming
B00JV3B3MQ,related to,Nintendo
B00JV3B3MQ,related to,PC Games
B00JV3B3MQ,related to,PC Games - Xbox
B00JV3B3MQ,related to,PC Games - Nintendo
B00JV3B3MQ,related to,Cable Released
B00004XMRL,related to,Playstation
B00004XMRL,related to,Playstation 5
B00004XMRL,related to,Playstation 4
B00004XMRL,related to,Playstation Plus
B00004XMRL,related to,PC Games - Playstation
B00004XMRL,related to,PC Accessories - Playstation
B00004XMRL,related to,Controller Accessories - Playstation
B00004XMRL,related to,Headsets - Playstation
B001EYUU4W,related to,Xbox
B001EYUU4W,related to,Playstation
B001EYUU4W,related to,Nintendo
B001EYUU4W,related to,PC Gaming
B001EYUU4W,related to,Xbox One
B001EYUU4W,related to,Playstation 5
B001EYUU4W,related to,Playstation 4
B001EYUU4W,related to,Playstation Plus
B001EYUU4W,related to,Nintendo DS
B001EYUU4W,related to,PC Games
B001EYUU4W,related to,PC Games - Xbox
B001EYUU4W,related to,PC Games - Playstation
B001EYUU4W,related to,PC Games - Nintendo
B001EYUU4W,related to,PC Accessories - Playstation
B001EYUU4W,related to,Controller Accessories - Playstation
B001EYUU4W,related to,Nintendo Wii
B01953YZ0S,related to,Xbox
B01953YZ0S,related to,Playstation
B01953YZ0S,related to,Nintendo
B01953YZ0S,related to,PC Gaming
B01953YZ0S,related to,Xbox Series S
B01953YZ0S,related to,Xbox One
B01953YZ0S,related to,Playstation 5
B01953YZ0S,related to,Playstation 4
B01953YZ0S,related to,Playstation Plus
B01953YZ0S,related to,Nintendo DS
B01953YZ0S,related to,Nintendo Wii
B01953YZ0S,related to,PC Games
B01953YZ0S,related to,PC Games - Xbox
B01953YZ0S,related to,PC Games - Playstation
B01953YZ0S,related to,PC Games - Nintendo
B01953YZ0S,related to,PC Accessories - Playstation
B01953YZ0S,related to,Controller Accessories - Playstation
B01953YZ0S,related to,Headsets - Playstation
B01953YZ0S,related to,Cable Released
B005188DPK,related to,Xbox
B005188DPK,related to,PC Gaming
B005188DPK,related to,Playstation
B005188DPK,related to,Nintendo
B005188DPK,related to,Xbox Series X
B005188DPK,related to,Xbox Series S
B005188DPK,related to,Xbox One
B005188DPK,related to,Xbox Live
B005188DPK,related to,PC Games - Xbox
B005188DPK,related to,PC Accessories - Xbox
B005188DPK,related to,Controller Accessories - Xbox
B005188DPK,related to,Headsets - Xbox
B005188DPK,related to,Playstation 4
B005188DPK,related to,Playstation 5
B005188DPK,related to,Playstation Plus
B005188DPK,related to,Nintendo Wii
B005188DPK,related to,PC Games
B005188DPK,related to,PC Games - Playstation
B005188DPK,related to,PC Games - Nintendo
B005188DPK,related to,PC Accessories - Playstation
B08J8BY4DT,related to,Nintendo
B08J8BY4DT,related to,PC Games
B08J8BY4DT,related to,Nintendo Switch
B08J8BY4DT,related to,Nintendo GameCube
B08J8BY4DT,related to,Nintendo DS
B08J8BY4DT,related to,Nintendo Wii
B08J8BY4DT,related to,PC Games - Nintendo
B08J8BY4DT,related to,PC Accessories - Nintendo
B08J8BY4DT,related to,Controller Accessories - Nintendo
B08J8BY4DT,related to,Headsets - Nintendo
B008XXLKLE,related to,Xbox
B008XXLKLE,related to,PC Gaming
B008XXLKLE,related to,Playstation
B008XXLKLE,related to,Nintendo
B008XXLKLE,related to,Xbox Series X
B008XXLKLE,related to,Xbox Series S
B008XXLKLE,related to,Xbox One
B008XXLKLE,related to,Xbox Live
B008XXLKLE,related to,PC Games
B008XXLKLE,related to,PC Games - Xbox
B008XXLKLE,related to,PC Accessories - Xbox
B008XXLKLE,related to,Controller Accessories - Xbox
B008XXLKLE,related to,Headsets - Xbox
B008XXLKLE,related to,Playstation 5
B008XXLKLE,related to,Playstation 4
B008XXLKLE,related to,PC Games - Playstation
B008XXLKLE,related to,PC Games - Nintendo
B008XXLKLE,related to,Playstation Plus
B008XXLKLE,related to,Nintendo Wii
B008XXLKLE,related to,PC Accessories - Playstation
B01JJFZ3LC,related to,PC Gaming
B01JJFZ3LC,related to,Nintendo
B01JJFZ3LC,related to,Playstation
B01JJFZ3LC,related to,PC Games
B01JJFZ3LC,related to,PC Games - Xbox
B01JJFZ3LC,related to,PC Games - Playstation
B01JJFZ3LC,related to,PC Games - Nintendo
B01JJFZ3LC,related to,Playstation 5
B01JJFZ3LC,related to,Nintendo Switch
B01JJFZ3LC,related to,Nintendo GameCube
B01JJFZ3LC,related to,Nintendo DS
B01JJFZ3LC,related to,Nintendo Wii
B01JJFZ3LC,related to,PC Accessories - Nintendo
B01JJFZ3LC,related to,Controller Accessories - Nintendo
B01JJFZ3LC,related to,Headsets - Nintendo
B01JJFZ3LC,related to,Playstation 4
B01JJFZ3LC,related to,Playstation Plus
B001E909SY,related to,PC Gaming
B001E909SY,related to,Xbox
B001E909SY,related to,Playstation
B001E909SY,related to,Nintendo
B001E909SY,related to,PC Games
B001E909SY,related to,PC Games - Nintendo
B001E909SY,related to,Xbox Series S
B001E909SY,related to,Xbox One
B001E909SY,related to,Playstation 5
B001E909SY,related to,Playstation 4
B001E909SY,related to,Playstation Plus
B001E909SY,related to,Nintendo DS
B001E909SY,related to,Nintendo Wii
B001E909SY,related to,PC Games - Xbox
B001E909SY,related to,PC Games - Playstation
B001E909SY,related to,PC Accessories - Playstation
B001E909SY,related to,Controller Accessories - Playstation
B001E909SY,related to,Headsets - Playstation
B007MD2CWC,related to,Playstation
B007MD2CWC,related to,PC Gaming
B007MD2CWC,related to,Playstation 5
B007MD2CWC,related to,Playstation 4
B007MD2CWC,related to,Playstation Plus
B007MD2CWC,related to,PC Games
B007MD2CWC,related to,PC Games - Xbox
B007MD2CWC,related to,PC Games - Playstation
B007MD2CWC,related to,PC Games - Nintendo
B002JTX9LC,related to,Playstation
B002JTX9LC,related to,Xbox
B002JTX9LC,related to,Nintendo
B002JTX9LC,related to,PC Gaming
B002JTX9LC,related to,PC Games
B002JTX9LC,related to,Playstation 5
B002JTX9LC,related to,Playstation 4
B002JTX9LC,related to,Playstation Plus
B002JTX9LC,related to,PC Games - Playstation
B002JTX9LC,related to,PC Accessories - Playstation
B002JTX9LC,related to,Controller Accessories - Playstation
B002JTX9LC,related to,Headsets - Playstation
B002JTX9LC,related to,Xbox Series S
B002JTX9LC,related to,Xbox One
B002JTX9LC,related to,Nintendo Wii
B002JTX9LC,related to,PC Games - Xbox
B002JTX9LC,related to,PC Games - Nintendo
B002JTX9LC,related to,PC Accessories - Nintendo
B07BGYLS1L,related to,Xbox
B07BGYLS1L,related to,PC Games
B07BGYLS1L,related to,Xbox Series X
B07BGYLS1L,related to,Xbox Series S
B07BGYLS1L,related to,Xbox One
B07BGYLS1L,related to,Xbox Live
B07BGYLS1L,related to,PC Games - Xbox
B07BGYLS1L,related to,PC Accessories - Xbox
B07BGYLS1L,related to,Headsets - Xbox
B0BTM9LJM4,related to,Nintendo
B0BTM9LJM4,related to,PC Gaming
B0BTM9LJM4,related to,Nintendo Switch
B0BTM9LJM4,related to,Nintendo GameCube
B0BTM9LJM4,related to,Nintendo DS
B0BTM9LJM4,related to,Nintendo Wii
B0BTM9LJM4,related to,PC Games - Nintendo
B0BTM9LJM4,related to,PC Accessories - Nintendo
B0BTM9LJM4,related to,Controller Accessories - Nintendo
B0BTM9LJM4,related to,PC Games
B07P9Q3MCD,related to,Nintendo
B07P9Q3MCD,related to,Controller Accessories
B07P9Q3MCD,related to,Playstation
B07P9Q3MCD,related to,PC Gaming
B07P9Q3MCD,related to,Playstation 4
B07P9Q3MCD,related to,Nintendo Switch
B07P9Q3MCD,related to,Nintendo DS
B07P9Q3MCD,related to,Nintendo Wii
B07P9Q3MCD,related to,Controller Accessories - Xbox
B07P9Q3MCD,related to,Controller Accessories - Nintendo
B07P9Q3MCD,related to,Playstation 5
B07P9Q3MCD,related to,Playstation Plus
B07P9Q3MCD,related to,Nintendo GameCube
B07P9Q3MCD,related to,PC Games - Nintendo
B07P9Q3MCD,related to,PC Games
B07P9Q3MCD,related to,PC Games - Xbox
B07FZ45GLT,related to,Nintendo
B07FZ45GLT,related to,PC Gaming
B07FZ45GLT,related to,Nintendo GameCube
B07FZ45GLT,related to,Nintendo DS
B07FZ45GLT,related to,Nintendo Wii
B07FZ45GLT,related to,PC Games - Nintendo
B07FZ45GLT,related to,PC Accessories - Nintendo
B07FZ45GLT,related to,Controller Accessories - Nintendo
B07FZ45GLT,related to,Nintendo Switch
B07FZ45GLT,related to,PC Games - Xbox
B07FZ45GLT,related to,PC Games - Playstation
B0009PUB9G,related to,Playstation
B0009PUB9G,related to,Nintendo
B0009PUB9G,related to,PC Gaming
B0009PUB9G,related to,Playstation 5
B0009PUB9G,related to,Playstation 4
B0009PUB9G,related to,Playstation Plus
B0009PUB9G,related to,Nintendo Switch
B0009PUB9G,related to,Nintendo GameCube
B0009PUB9G,related to,Nintendo DS
B0009PUB9G,related to,Nintendo Wii
B0009PUB9G,related to,PC Games
B0009PUB9G,related to,PC Games - Xbox
B0009PUB9G,related to,PC Games - Playstation
B0009PUB9G,related to,PC Games - Nintendo
B08SKH6783,related to,Xbox
B08SKH6783,related to,Playstation
B08SKH6783,related to,PC Gaming
B08SKH6783,related to,PC Games
B08SKH6783,related to,Xbox Series X
B08SKH6783,related to,Xbox Series S
B08SKH6783,related to,Xbox One
B08SKH6783,related to,Xbox Live
B08SKH6783,related to,Playstation 5
B08SKH6783,related to,Playstation 4
B08SKH6783,related to,PC Games - Xbox
B08SKH6783,related to,PC Games - Playstation
B08SKH6783,related to,PC Games - Nintendo
B08SKH6783,related to,PC Accessories - Xbox
B08SKH6783,related to,Controller Accessories - Xbox
B08SKH6783,related to,Headsets - Xbox
B00CX6G0B2,related to,PC Games
B09VXFP6Z6,related to,Playstation
B09VXFP6Z6,related to,PC Gaming
B09VXFP6Z6,related to,Playstation 5
B09VXFP6Z6,related to,Playstation 4
B09VXFP6Z6,related to,Playstation Plus
B09VXFP6Z6,related to,PC Games
B09VXFP6Z6,related to,PC Games - Xbox
B09VXFP6Z6,related to,PC Games - Playstation
B09VXFP6Z6,related to,PC Games - Nintendo
B000N60GVY,related to,Nintendo
B000N60GVY,related to,PC Gaming
B000N60GVY,related to,PC Games
B000N60GVY,related to,PC Games - Xbox
B000N60GVY,related to,PC Games - Playstation
B000N60GVY,related to,PC Games - Nintendo
B0009R1T7W,related to,Xbox
B0009R1T7W,related to,PC Gaming
B0009R1T7W,related to,Nintendo
B0009R1T7W,related to,PC Games
B0009R1T7W,related to,PC Games - Xbox
B0009R1T7W,related to,Xbox Series X
B0009R1T7W,related to,Xbox Series S
B0009R1T7W,related to,Xbox One
B0009R1T7W,related to,Xbox Live
B0009R1T7W,related to,PC Accessories - Xbox
B0009R1T7W,related to,PC Accessories - Playstation
B0009R1T7W,related to,PC Accessories - Nintendo
B0009R1T7W,related to,Controller Accessories - Xbox
B0009R1T7W,related to,Headsets - Xbox
B0009R1T7W,related to,Playstation 5
B0009R1T7W,related to,Playstation 4
B00NEU44D2,related to,Nintendo
B00NEU44D2,related to,PC Gaming
B00NEU44D2,related to,Xbox
B00NEU44D2,related to,Playstation
B00NEU44D2,related to,Nintendo Wii
B00NEU44D2,related to,PC Games
B00NEU44D2,related to,PC Games - Nintendo
B00NEU44D2,related to,Xbox Series X
B00NEU44D2,related to,Xbox Series S
B00NEU44D2,related to,Xbox One
B00NEU44D2,related to,Playstation 5
B00NEU44D2,related to,Playstation 4
B00NEU44D2,related to,Playstation Plus
B00NEU44D2,related to,PC Games - Xbox
B00NEU44D2,related to,PC Games - Playstation
B00NEU44D2,related to,PC Accessories - Playstation
B00NEU44D2,related to,PC Accessories - Nintendo
B00NEU44D2,related to,Controller Accessories - Playstation
B00NEU44D2,related to,Headsets - Playstation
B004DNWPW6,related to,Accessories
B004DNWPW6,related to,Xbox
B004DNWPW6,related to,Playstation
B004DNWPW6,related to,Nintendo
B004DNWPW6,related to,PC Gaming
B004DNWPW6,related to,Xbox Series X
B004DNWPW6,related to,Xbox Series S
B004DNWPW6,related to,Xbox One
B004DNWPW6,related to,Playstation 5
B004DNWPW6,related to,Playstation 4
B004DNWPW6,related to,PC Games
B004DNWPW6,related to,PC Games - Xbox
B004DNWPW6,related to,PC Games - Playstation
B004DNWPW6,related to,PC Games - Nintendo
B004DNWPW6,related to,PC Accessories - Xbox
B004DNWPW6,related to,PC Accessories - Nintendo
B08XB3ZSRF,related to,Controller Accessories
B08XB3ZSRF,related to,Xbox
B08XB3ZSRF,related to,Playstation
B08XB3ZSRF,related to,PC Gaming
B08XB3ZSRF,related to,PC Accessories
B08XB3ZSRF,related to,Accessories
B08XB3ZSRF,related to,Other Accessories
B08XB3ZSRF,related to,Screen Protection
B08XB3ZSRF,related to,Controller Accessories - Xbox
B08XB3ZSRF,related to,Xbox Series X
B08XB3ZSRF,related to,Xbox Series S
B08XB3ZSRF,related to,Xbox One
B08XB3ZSRF,related to,Xbox Live
B08XB3ZSRF,related to,Playstation 5
B08XB3ZSRF,related to,Playstation 4
B08XB3ZSRF,related to,PC Games
B08XB3ZSRF,related to,PC Games - Xbox
B08XB3ZSRF,related to,PC Games - Playstation
B08XB3ZSRF,related to,PC Games - Nintendo
B08XB3ZSRF,related to,PC Accessories - Xbox
B08XB3ZSRF,related to,Headsets - Xbox
B08XB3ZSRF,related to,Controller Accessories - Playstation
B08XB3ZSRF,related to,Controller Accessories - Nintendo
B08XB3ZSRF,related to,PC Accessories - Nintendo
B007W46WOU,related to,PC Games
B007W46WOU,related to,PC Games - Nintendo
B0116QAGH8,related to,Xbox
B0116QAGH8,related to,Playstation
B0116QAGH8,related to,PC Gaming
B0116QAGH8,related to,Controller Accessories
B0116QAGH8,related to,Xbox Series X
B0116QAGH8,related to,Xbox Series S
B0116QAGH8,related to,Xbox One
B0116QAGH8,related to,Xbox Live
B0116QAGH8,related to,Playstation 5
B0116QAGH8,related to,Playstation 4
B0116QAGH8,related to,Playstation Plus
B0116QAGH8,related to,PC Games
B0116QAGH8,related to,PC Games - Xbox
B0116QAGH8,related to,PC Games - Playstation
B0116QAGH8,related to,PC Games - Nintendo
B0116QAGH8,related to,PC Accessories - Playstation
B0116QAGH8,related to,Controller Accessories - Playstation
B0116QAGH8,related to,Headsets - Playstation
B0116QAGH8,related to,Controller Accessories - Xbox
B0116QAGH8,related to,Controller Accessories - Nintendo
B07XBV753V,related to,PC Accessories
B07XBV753V,related to,Accessories
B07XBV753V,related to,Controller Accessories
B07XBV753V,related to,Other Accessories
B07XBV753V,related to,Xbox
B07XBV753V,related to,Playstation
B07XBV753V,related to,Nintendo
B07XBV753V,related to,PC Gaming
B07XBV753V,related to,Nintendo Switch
B07XBV753V,related to,Tool Kit
B07XBV753V,related to,PC Accessories - Nintendo
B07XBV753V,related to,Controller Accessories - Nintendo
B07XBV753V,related to,Xbox One
B07XBV753V,related to,Playstation 5
B07XBV753V,related to,Playstation 4
B07XBV753V,related to,Playstation Plus
B07XBV753V,related to,Nintendo GameCube
B07XBV753V,related to,Nintendo DS
B07XBV753V,related to,Nintendo Wii
B07XBV753V,related to,PC Games
B07XBV753V,related to,PC Games - Nintendo
B07XBV753V,related to,Headsets - Nintendo
B07Z8P7N33,related to,Headsets
B07Z8P7N33,related to,Playstation
B07Z8P7N33,related to,Nintendo
B07Z8P7N33,related to,PC Gaming
B07Z8P7N33,related to,PC Accessories
B07Z8P7N33,related to,Accessories
B07Z8P7N33,related to,Controller Accessories
B07Z8P7N33,related to,Other Accessories
B07Z8P7N33,related to,Headsets - Xbox
B07Z8P7N33,related to,Headsets - Playstation
B07Z8P7N33,related to,Headsets - Nintendo
B07Z8P7N33,related to,Playstation 5
B07Z8P7N33,related to,Playstation 4
B07Z8P7N33,related to,Playstation Plus
B07Z8P7N33,related to,PC Games - Playstation
B07Z8P7N33,related to,PC Accessories - Playstation
B07Z8P7N33,related to,Controller Accessories - Playstation
B07Z8P7N33,related to,PC Games
B07Z8P7N33,related to,PC Accessories - Xbox
B07Z8P7N33,related to,PC Accessories - Nintendo
B07Z8P7N33,related to,PC Games - Xbox
B07Z8P7N33,related to,PC Games - Nintendo
B07121VW7K,related to,Nintendo
B07121VW7K,related to,PC Gaming
B07121VW7K,related to,Xbox
B07121VW7K,related to,Playstation
B07121VW7K,related to,PC Games
B07121VW7K,related to,PC Games - Xbox
B07121VW7K,related to,PC Games - Playstation
B07121VW7K,related to,PC Games - Nintendo
B07121VW7K,related to,Xbox One
B07121VW7K,related to,Playstation 5
B07121VW7K,related to,Playstation 4
B07121VW7K,related to,Playstation Plus
B07121VW7K,related to,Nintendo Switch
B07121VW7K,related to,Nintendo GameCube
B07121VW7K,related to,Nintendo DS
B07121VW7K,related to,Nintendo Wii
B07121VW7K,related to,PC Accessories - Nintendo
B07121VW7K,related to,Controller Accessories - Nintendo
B07121VW7K,related to,Headsets - Nintendo
B006VE40JQ,related to,Xbox
B006VE40JQ,related to,Playstation
B006VE40JQ,related to,Screen Protection
B006VE40JQ,related to,Xbox One
B006VE40JQ,related to,Playstation 5
B006VE40JQ,related to,Playstation 4
B006VE40JQ,related to,Playstation Plus
B006VE40JQ,related to,PC Games - Playstation
B006VE40JQ,related to,PC Accessories - Playstation
B006VE40JQ,related to,Controller Accessories - Playstation
B006VE40JQ,related to,Headsets - Playstation
B000BNKBCI,related to,PC Gaming
B000BNKBCI,related to,PC Games
B000BNKBCI,related to,PC Games - Xbox
B000BNKBCI,related to,PC Games - Playstation
B000BNKBCI,related to,PC Games - Nintendo
B01BY4LJV4,related to,PC Gaming
B01BY4LJV4,related to,Xbox
B01BY4LJV4,related to,Headsets
B01BY4LJV4,related to,Cable
B01BY4LJV4,related to,PC Games
B01BY4LJV4,related to,PC Games - Xbox
B01BY4LJV4,related to,Headsets - Xbox
B01BY4LJV4,related to,Headsets - Playstation
B01BY4LJV4,related to,Headsets - Nintendo
B09WS2QZXT,related to,Playstation
B09WS2QZXT,related to,PC Gaming
B09WS2QZXT,related to,Playstation 5
B09WS2QZXT,related to,Playstation 4
B09WS2QZXT,related to,Playstation Plus
B09WS2QZXT,related to,PC Games - Playstation
B09WS2QZXT,related to,PC Accessories - Playstation
B09WS2QZXT,related to,Controller Accessories - Playstation
B09WS2QZXT,related to,Headsets - Playstation
B09WS2QZXT,related to,PC Games
B09WS2QZXT,related to,PC Games - Xbox
B09WS2QZXT,related to,PC Games - Nintendo
B000S1MMI4,related to,PC Gaming
B000S1MMI4,related to,Xbox
B000S1MMI4,related to,Playstation
B000S1MMI4,related to,Nintendo
B000S1MMI4,related to,PC Games
B000S1MMI4,related to,PC Games - Nintendo
B000S1MMI4,related to,Xbox One
B000S1MMI4,related to,Playstation 5
B000S1MMI4,related to,Playstation 4
B000S1MMI4,related to,Playstation Plus
B000S1MMI4,related to,Nintendo GameCube
B000S1MMI4,related to,Nintendo DS
B000S1MMI4,related to,Nintendo Wii
B000S1MMI4,related to,PC Games - Xbox
B000S1MMI4,related to,PC Games - Playstation
B000S1MMI4,related to,PC Accessories - Playstation
B000S1MMI4,related to,Controller Accessories - Playstation
B000S1MMI4,related to,Headsets - Playstation
B00008XKZ5,related to,Nintendo
B00008XKZ5,related to,PC Gaming
B00008XKZ5,related to,PC Games
B00008XKZ5,related to,PC Games - Nintendo
B00065QTT0,related to,PC Gaming
B00065QTT0,related to,Xbox
B00065QTT0,related to,Playstation
B00065QTT0,related to,Nintendo
B00065QTT0,related to,PC Games
B00065QTT0,related to,PC Games - Xbox
B00065QTT0,related to,PC Games - Playstation
B00065QTT0,related to,PC Games - Nintendo
B00065QTT0,related to,Xbox Series S
B00065QTT0,related to,Xbox One
B00065QTT0,related to,Playstation 5
B00065QTT0,related to,Playstation 4
B00065QTT0,related to,Playstation Plus
B00065QTT0,related to,Nintendo GameCube
B00065QTT0,related to,Nintendo DS
B00065QTT0,related to,Nintendo Wii
B00065QTT0,related to,PC Accessories - Playstation
B00065QTT0,related to,PC Accessories - Nintendo
B00065QTT0,related to,Controller Accessories - Playstation
B00065QTT0,related to,Headsets - Playstation
B01MS6C7HT,related to,Headsets
B01MS6C7HT,related to,Xbox
B01MS6C7HT,related to,PC Gaming
B01MS6C7HT,related to,Headsets - Xbox
B01MS6C7HT,related to,Headsets - Playstation
B01MS6C7HT,related to,Headsets - Nintendo
B01MS6C7HT,related to,PC Games
B013VO5MR2,related to,PC Gaming
B013VO5MR2,related to,Controller Accessories
B013VO5MR2,related to,PC Games
B013VO5MR2,related to,PC Games - Xbox
B013VO5MR2,related to,PC Games - Playstation
B013VO5MR2,related to,PC Games - Nintendo
B013VO5MR2,related to,Controller Accessories - Xbox
B013VO5MR2,related to,Controller Accessories - Playstation
B013VO5MR2,related to,Controller Accessories - Nintendo
B094F8RB9K,related to,PC Games
B001ELJDZM,related to,Playstation
B001ELJDZM,related to,Nintendo
B001ELJDZM,related to,PC Gaming
B001ELJDZM,related to,Playstation 5
B001ELJDZM,related to,Playstation 4
B001ELJDZM,related to,Nintendo Wii
B001ELJDZM,related to,PC Games
B001ELJDZM,related to,PC Games - Xbox
B001ELJDZM,related to,PC Games - Playstation
B001ELJDZM,related to,PC Games - Nintendo
B0050SZ7IC,related to,Playstation
B0050SZ7IC,related to,Xbox
B0050SZ7IC,related to,Nintendo
B0050SZ7IC,related to,PC Gaming
B0050SZ7IC,related to,Playstation 5
B0050SZ7IC,related to,Playstation 4
B0050SZ7IC,related to,Playstation Plus
B0050SZ7IC,related to,PC Games - Playstation
B0050SZ7IC,related to,PC Accessories - Playstation
B0050SZ7IC,related to,Controller Accessories - Playstation
B0050SZ7IC,related to,Headsets - Playstation
B0050SZ7IC,related to,Xbox Series S
B0050SZ7IC,related to,Xbox One
B0050SZ7IC,related to,Nintendo DS
B0050SZ7IC,related to,Nintendo Wii
B0050SZ7IC,related to,PC Games
B0050SZ7IC,related to,PC Games - Xbox
B0050SZ7IC,related to,PC Games - Nintendo
B00BU3ZLJQ,related to,Xbox
B00BU3ZLJQ,related to,Playstation
B00BU3ZLJQ,related to,PC Gaming
B00BU3ZLJQ,related to,PC Games
B00BU3ZLJQ,related to,Xbox Series X
B00BU3ZLJQ,related to,Xbox Series S
B00BU3ZLJQ,related to,Xbox One
B00BU3ZLJQ,related to,Xbox Live
B00BU3ZLJQ,related to,Playstation 5
B00BU3ZLJQ,related to,Playstation 4
B00BU3ZLJQ,related to,PC Games - Xbox
B00BU3ZLJQ,related to,Headsets - Xbox
B00BU3ZLJQ,related to,PC Games - Playstation
B00BU3ZLJQ,related to,PC Games - Nintendo
B00BU3ZLJQ,related to,PC Accessories - Xbox
B00BU3ZLJQ,related to,Controller Accessories - Xbox
B07YBWT3PK,related to,PC Gaming
B07YBWT3PK,related to,Xbox
B07YBWT3PK,related to,Playstation
B07YBWT3PK,related to,Nintendo
B07YBWT3PK,related to,PC Games
B07YBWT3PK,related to,PC Games - Xbox
B07YBWT3PK,related to,PC Games - Playstation
B07YBWT3PK,related to,PC Games - Nintendo
B07YBWT3PK,related to,Xbox One
B07YBWT3PK,related to,Playstation 5
B07YBWT3PK,related to,Playstation 4
B07YBWT3PK,related to,Playstation Plus
B07YBWT3PK,related to,Nintendo Wii
B07YBWT3PK,related to,Xbox Series X
B07YBWT3PK,related to,Xbox Series S
B07YBWT3PK,related to,Xbox Live
B07YBWT3PK,related to,PC Accessories - Xbox
B07YBWT3PK,related to,Controller Accessories - Xbox
B07YBWT3PK,related to,Headsets - Xbox
B000NGRIDI,related to,PC Games - Xbox
B07NH5F6YZ,related to,Playstation
B07NH5F6YZ,related to,Xbox
B07NH5F6YZ,related to,Nintendo
B07NH5F6YZ,related to,PC Gaming
B07NH5F6YZ,related to,Playstation 5
B07NH5F6YZ,related to,Playstation 4
B07NH5F6YZ,related to,Playstation Plus
B07NH5F6YZ,related to,PC Games - Playstation
B07NH5F6YZ,related to,PC Accessories - Playstation
B07NH5F6YZ,related to,Controller Accessories - Playstation
B07NH5F6YZ,related to,Headsets - Playstation
B07NH5F6YZ,related to,Xbox Series S
B07NH5F6YZ,related to,Xbox One
B07NH5F6YZ,related to,Nintendo DS
B07NH5F6YZ,related to,Nintendo Wii
B07NH5F6YZ,related to,PC Games
B07NH5F6YZ,related to,PC Games - Xbox
B07NH5F6YZ,related to,PC Games - Nintendo
B002I0JBL4,related to,PC Games
B07JFC1RRW,related to,Nintendo
B07JFC1RRW,related to,Nintendo Switch
B07JFC1RRW,related to,Nintendo GameCube
B07JFC1RRW,related to,Nintendo DS
B07JFC1RRW,related to,Nintendo Wii
B07JFC1RRW,related to,PC Games - Nintendo
B07JFC1RRW,related to,PC Accessories - Nintendo
B07JFC1RRW,related to,Controller Accessories - Nintendo
B07JFC1RRW,related to,Headsets - Nintendo
B07JFC1RRW,related to,PC Games
B07JFC1RRW,related to,PC Games - Xbox
B009IF0G9S,related to,Playstation
B009IF0G9S,related to,PC Gaming
B009IF0G9S,related to,Xbox Series S
B009IF0G9S,related to,Xbox One
B009IF0G9S,related to,Playstation 5
B009IF0G9S,related to,Playstation 4
B009IF0G9S,related to,Playstation Plus
B009IF0G9S,related to,PC Games - Xbox
B009IF0G9S,related to,PC Games - Playstation
B009IF0G9S,related to,PC Accessories - Playstation
B009IF0G9S,related to,PC Accessories - Nintendo
B009IF0G9S,related to,Controller Accessories - Playstation
B009IF0G9S,related to,Headsets - Playstation
B009IF0G9S,related to,PC Games
B009GKT2W2,related to,PC Gaming
B009GKT2W2,related to,PC Games
B003KT0ACG,related to,PC Gaming
B003KT0ACG,related to,PC Games
B00I0S7JH6,related to,Headsets
B00I0S7JH6,related to,Accessories
B00I0S7JH6,related to,PC Gaming
B00I0S7JH6,related to,Headsets - Xbox
B00I0S7JH6,related to,Headsets - Playstation
B00I0S7JH6,related to,Headsets - Nintendo
B00I0S7JH6,related to,PC Accessories - Nintendo
B00I0S7JH6,related to,PC Games
B00I0S7JH6,related to,PC Games - Xbox
B00I0S7JH6,related to,PC Games - Playstation
B00I0S7JH6,related to,PC Games - Nintendo
B000H1114Q,related to,Nintendo
B000H1114Q,related to,PC Gaming
B000H1114Q,related to,Nintendo Switch
B000H1114Q,related to,Nintendo GameCube
B000H1114Q,related to,Nintendo DS
B000H1114Q,related to,Nintendo Wii
B000H1114Q,related to,PC Games - Nintendo
B000H1114Q,related to,PC Accessories - Nintendo
B000H1114Q,related to,Controller Accessories - Nintendo
B000H1114Q,related to,Headsets - Nintendo
B000H1114Q,related to,PC Games
B088393X1Y,related to,Xbox
B088393X1Y,related to,Playstation
B088393X1Y,related to,PC Gaming
B088393X1Y,related to,Cable
B088393X1Y,related to,Playstation 5
B088393X1Y,related to,Playstation 4
B088393X1Y,related to,Playstation Plus
B088393X1Y,related to,PC Games
B088393X1Y,related to,PC Games - Xbox
B088393X1Y,related to,PC Games - Playstation
B088393X1Y,related to,PC Games - Nintendo
B088393X1Y,related to,PC Accessories - Playstation
B088393X1Y,related to,Cable Released
B088393X1Y,related to,Xbox One
B088393X1Y,related to,Controller Accessories - Playstation
B088393X1Y,related to,Headsets - Playstation
B0793DBTYQ,related to,Nintendo
B0793DBTYQ,related to,Nintendo Switch
B0793DBTYQ,related to,Nintendo GameCube
B0793DBTYQ,related to,Nintendo DS
B0793DBTYQ,related to,Nintendo Wii
B0793DBTYQ,related to,PC Games - Nintendo
B0793DBTYQ,related to,PC Accessories - Nintendo
B0793DBTYQ,related to,Controller Accessories - Nintendo
B0793DBTYQ,related to,Headsets - Nintendo
B000G7WGP4,related to,PC Gaming
B000G7WGP4,related to,PC Games
B000G7WGP4,related to,PC Games - Nintendo
B000G7WGP4,related to,PC Games - Xbox
B000G7WGP4,related to,PC Games - Playstation
B000G7WGP4,related to,PC Accessories - Nintendo
B07NKLWMNT,related to,Nintendo
B07NKLWMNT,related to,Playstation
B07NKLWMNT,related to,Nintendo Switch
B07NKLWMNT,related to,Nintendo GameCube
B07NKLWMNT,related to,Nintendo DS
B07NKLWMNT,related to,Nintendo Wii
B07NKLWMNT,related to,PC Games - Nintendo
B07NKLWMNT,related to,PC Accessories - Nintendo
B07NKLWMNT,related to,Controller Accessories - Nintendo
B07NKLWMNT,related to,Xbox Series S
B07NKLWMNT,related to,Playstation 5
B07NKLWMNT,related to,Playstation 4
B07NKLWMNT,related to,Playstation Plus
B07NKLWMNT,related to,Headsets - Nintendo
B08J8C7D8C,related to,PC Gaming
B08J8C7D8C,related to,Keyboard
B08J8C7D8C,related to,PC Games
B08J8C7D8C,related to,PC Games - Xbox
B08J8C7D8C,related to,PC Games - Playstation
B08J8C7D8C,related to,PC Games - Nintendo
B08NCNFXR3,related to,Keyboard
B08J2FZ9C5,related to,Nintendo
B08J2FZ9C5,related to,Controller Accessories
B08J2FZ9C5,related to,PC Gaming
B08J2FZ9C5,related to,Xbox
B08J2FZ9C5,related to,Playstation
B08J2FZ9C5,related to,PC Accessories
B08J2FZ9C5,related to,Nintendo Switch
B08J2FZ9C5,related to,Nintendo GameCube
B08J2FZ9C5,related to,Nintendo DS
B08J2FZ9C5,related to,Nintendo Wii
B08J2FZ9C5,related to,PC Games - Nintendo
B08J2FZ9C5,related to,PC Accessories - Nintendo
B08J2FZ9C5,related to,Controller Accessories - Nintendo
B08J2FZ9C5,related to,Headsets - Nintendo
B08J2FZ9C5,related to,Controller Accessories - Xbox
B08J2FZ9C5,related to,Controller Accessories - Playstation
B08J2FZ9C5,related to,PC Games
B08J2FZ9C5,related to,PC Games - Xbox
B08J2FZ9C5,related to,PC Games - Playstation
B08J2FZ9C5,related to,Xbox One
B08J2FZ9C5,related to,Playstation 5
B08J2FZ9C5,related to,Playstation 4
B08J2FZ9C5,related to,Playstation Plus
B07SZ52PQM,related to,PC Gaming
B07SZ52PQM,related to,Headsets
B07SZ52PQM,related to,PC Games
B07SZ52PQM,related to,PC Games - Xbox
B07SZ52PQM,related to,PC Games - Nintendo
B07SZ52PQM,related to,Headsets - Xbox
B07SZ52PQM,related to,Headsets - Playstation
B07SZ52PQM,related to,Headsets - Nintendo
B00006C290,related to,Playstation
B00006C290,related to,Xbox Series S
B00006C290,related to,Xbox One
B00006C290,related to,Playstation 5
B00006C290,related to,Playstation 4
B00006C290,related to,Playstation Plus
B00006C290,related to,PC Games - Xbox
B00006C290,related to,PC Games - Playstation
B00006C290,related to,PC Accessories - Playstation
B00006C290,related to,PC Accessories - Nintendo
B00006C290,related to,Controller Accessories - Playstation
B00006C290,related to,Headsets - Playstation
B08KWDLQ7S,related to,Xbox
B08KWDLQ7S,related to,Playstation
B08KWDLQ7S,related to,Nintendo
B08KWDLQ7S,related to,PC Gaming
B08KWDLQ7S,related to,Keyboard
B08KWDLQ7S,related to,Xbox One
B08KWDLQ7S,related to,Playstation 5
B08KWDLQ7S,related to,Playstation 4
B08KWDLQ7S,related to,Playstation Plus
B08KWDLQ7S,related to,PC Games
B08KWDLQ7S,related to,PC Games - Xbox
B08KWDLQ7S,related to,PC Games - Playstation
B08KWDLQ7S,related to,PC Games - Nintendo
B08KWDLQ7S,related to,PC Accessories - Xbox
B08KWDLQ7S,related to,PC Accessories - Playstation
B08KWDLQ7S,related to,PC Accessories - Nintendo
B07S38KQHS,related to,Nintendo
B07S38KQHS,related to,PC Gaming
B07S38KQHS,related to,Xbox
B07S38KQHS,related to,Playstation
B07S38KQHS,related to,PC Games
B07S38KQHS,related to,PC Games - Xbox
B07S38KQHS,related to,PC Games - Playstation
B07S38KQHS,related to,PC Games - Nintendo
B07S38KQHS,related to,Nintendo Switch
B07S38KQHS,related to,Nintendo GameCube
B07S38KQHS,related to,Nintendo DS
B07S38KQHS,related to,Nintendo Wii
B07S38KQHS,related to,PC Accessories - Nintendo
B07S38KQHS,related to,Controller Accessories - Nintendo
B07S38KQHS,related to,Headsets - Nintendo
B07S38KQHS,related to,Xbox One
B07S38KQHS,related to,Playstation 5
B07S38KQHS,related to,Playstation 4
B07S38KQHS,related to,Playstation Plus
B08MBMV3TS,related to,Nintendo
B08MBMV3TS,related to,PC Gaming
B08MBMV3TS,related to,Nintendo Switch
B08MBMV3TS,related to,Nintendo GameCube
B08MBMV3TS,related to,Nintendo DS
B08MBMV3TS,related to,Nintendo Wii
B08MBMV3TS,related to,PC Games - Nintendo
B08MBMV3TS,related to,PC Accessories - Nintendo
B08MBMV3TS,related to,Controller Accessories - Nintendo
B08MBMV3TS,related to,Headsets - Nintendo
B08MBMV3TS,related to,PC Games
B08MBMV3TS,related to,PC Games - Xbox
B08MBMV3TS,related to,PC Games - Playstation
B09LC2RDKG,related to,PC Gaming
B09LC2RDKG,related to,Xbox
B09LC2RDKG,related to,Playstation
B09LC2RDKG,related to,Nintendo
B09LC2RDKG,related to,PC Games
B09LC2RDKG,related to,PC Games - Xbox
B09LC2RDKG,related to,PC Games - Playstation
B09LC2RDKG,related to,PC Games - Nintendo
B09LC2RDKG,related to,Xbox One
B09LC2RDKG,related to,Playstation 5
B09LC2RDKG,related to,Playstation 4
B09LC2RDKG,related to,Playstation Plus
B09LC2RDKG,related to,Nintendo Wii
B0BN2FNKLM,related to,Controller Accessories
B0BN2FNKLM,related to,Controller Accessories - Xbox
B0BN2FNKLM,related to,Controller Accessories - Playstation
B0BN2FNKLM,related to,Controller Accessories - Nintendo
B01798WKTY,related to,PC Gaming
B01798WKTY,related to,PC Games
B01798WKTY,related to,PC Games - Xbox
B01798WKTY,related to,PC Games - Nintendo
B00576U7W8,related to,Accessories
B00576U7W8,related to,Other Accessories
B00576U7W8,related to,Xbox
B00576U7W8,related to,Playstation
B00576U7W8,related to,Nintendo
B00576U7W8,related to,PC Gaming
B00576U7W8,related to,Xbox Series S
B00576U7W8,related to,Xbox One
B00576U7W8,related to,Playstation 5
B00576U7W8,related to,Playstation 4
B00576U7W8,related to,Playstation Plus
B00576U7W8,related to,Nintendo GameCube
B00576U7W8,related to,Nintendo DS
B00576U7W8,related to,Nintendo Wii
B00576U7W8,related to,PC Games
B00576U7W8,related to,PC Games - Xbox
B00576U7W8,related to,PC Games - Playstation
B00576U7W8,related to,PC Games - Nintendo
B00576U7W8,related to,PC Accessories - Playstation
B00576U7W8,related to,Controller Accessories - Playstation
B00576U7W8,related to,Headsets - Playstation
B003L20IQA,related to,Xbox Series X
B001G7PSHG,related to,Nintendo
B001G7PSHG,related to,Playstation
B001G7PSHG,related to,PC Gaming
B001G7PSHG,related to,Nintendo GameCube
B001G7PSHG,related to,Nintendo DS
B001G7PSHG,related to,Nintendo Wii
B001G7PSHG,related to,PC Games - Nintendo
B001G7PSHG,related to,Controller Accessories - Nintendo
B001G7PSHG,related to,Playstation 5
B001G7PSHG,related to,Playstation 4
B001G7PSHG,related to,Nintendo Switch
B001G7PSHG,related to,PC Accessories - Nintendo
B001G7PSHG,related to,Headsets - Nintendo
B001G7PSHG,related to,PC Games
B001G7PSHG,related to,PC Games - Xbox
B001G7PSHG,related to,PC Games - Playstation
B004SJ5AKO,related to,PC Gaming
B004SJ5AKO,related to,Nintendo
B004SJ5AKO,related to,PC Games
B004SJ5AKO,related to,PC Games - Xbox
B004SJ5AKO,related to,PC Games - Playstation
B004SJ5AKO,related to,PC Games - Nintendo
B004SJ5AKO,related to,Nintendo Switch
B004SJ5AKO,related to,Nintendo GameCube
B004SJ5AKO,related to,Nintendo DS
B004SJ5AKO,related to,Nintendo Wii
B004SJ5AKO,related to,Controller Accessories - Nintendo
B008ZARZ1Y,related to,Nintendo
B008ZARZ1Y,related to,Nintendo Switch
B008ZARZ1Y,related to,Nintendo GameCube
B008ZARZ1Y,related to,Nintendo DS
B008ZARZ1Y,related to,Nintendo Wii
B008ZARZ1Y,related to,PC Games - Nintendo
B008ZARZ1Y,related to,PC Accessories - Nintendo
B008ZARZ1Y,related to,Controller Accessories - Nintendo
B008ZARZ1Y,related to,Headsets - Nintendo
B008ZARZ1Y,related to,Screen Protection
B008ZARZ1Y,related to,Tool Kit
B075X47CG7,related to,Xbox
B075X47CG7,related to,Playstation
B075X47CG7,related to,PC Gaming
B075X47CG7,related to,Controller Accessories
B075X47CG7,related to,Xbox Series X
B075X47CG7,related to,Xbox Series S
B075X47CG7,related to,Xbox One
B075X47CG7,related to,Xbox Live
B075X47CG7,related to,Playstation 5
B075X47CG7,related to,Playstation 4
B075X47CG7,related to,Playstation Plus
B075X47CG7,related to,PC Games
B075X47CG7,related to,PC Games - Xbox
B075X47CG7,related to,PC Games - Playstation
B075X47CG7,related to,PC Games - Nintendo
B075X47CG7,related to,PC Accessories - Playstation
B075X47CG7,related to,Controller Accessories - Playstation
B075X47CG7,related to,Headsets - Playstation
B075X47CG7,related to,Controller Accessories - Xbox
B075X47CG7,related to,Controller Accessories - Nintendo
B00002STEX,related to,Nintendo
B00002STEX,related to,PC Games
B00002STEX,related to,Nintendo Switch
B00002STEX,related to,Nintendo GameCube
B00002STEX,related to,Nintendo DS
B00002STEX,related to,Nintendo Wii
B00002STEX,related to,PC Games - Nintendo
B00002STEX,related to,PC Accessories - Nintendo
B00002STEX,related to,Headsets - Nintendo
B08SBWDBDB,related to,Nintendo
B08SBWDBDB,related to,Nintendo Switch
B08SBWDBDB,related to,Nintendo GameCube
B08SBWDBDB,related to,Nintendo DS
B08SBWDBDB,related to,Nintendo Wii
B08SBWDBDB,related to,PC Games - Nintendo
B08SBWDBDB,related to,PC Accessories - Nintendo
B08SBWDBDB,related to,Controller Accessories - Nintendo
B08SBWDBDB,related to,Headsets - Nintendo
B09LHV53BL,related to,PC Accessories
B09LHV53BL,related to,Headsets
B09LHV53BL,related to,Xbox
B09LHV53BL,related to,PC Gaming
B09LHV53BL,related to,PC Accessories - Xbox
B09LHV53BL,related to,PC Accessories - Nintendo
B09LHV53BL,related to,Headsets - Xbox
B09LHV53BL,related to,Headsets - Playstation
B09LHV53BL,related to,Headsets - Nintendo
B09LHV53BL,related to,PC Games
B09LHV53BL,related to,PC Games - Xbox
B09LHV53BL,related to,PC Games - Playstation
B09LHV53BL,related to,PC Games - Nintendo
B002JTX732,related to,Playstation
B002JTX732,related to,Nintendo
B002JTX732,related to,PC Gaming
B002JTX732,related to,PC Games
B002JTX732,related to,PC Games - Xbox
B002JTX732,related to,PC Games - Playstation
B002JTX732,related to,PC Games - Nintendo
B002JTX732,related to,Playstation 5
B002JTX732,related to,Playstation 4
B002JTX732,related to,Nintendo Wii
B000EHIXJY,related to,Accessories
B000EHIXJY,related to,PC Gaming
B000EHIXJY,related to,Xbox
B000EHIXJY,related to,Playstation
B000EHIXJY,related to,Nintendo
B000EHIXJY,related to,PC Games
B000EHIXJY,related to,PC Games - Xbox
B000EHIXJY,related to,PC Games - Playstation
B000EHIXJY,related to,PC Games - Nintendo
B000EHIXJY,related to,Xbox Series X
B000EHIXJY,related to,Xbox Series S
B000EHIXJY,related to,Xbox One
B000EHIXJY,related to,Playstation 5
B000EHIXJY,related to,Playstation 4
B000EHIXJY,related to,PC Accessories - Xbox
B000EHIXJY,related to,PC Accessories - Nintendo
B0000859TK,related to,PC Games
B00F3F2WSK,related to,PC Gaming
B00F3F2WSK,related to,Xbox
B00F3F2WSK,related to,Playstation
B00F3F2WSK,related to,Nintendo
B00F3F2WSK,related to,PC Games
B00F3F2WSK,related to,Xbox Series X
B00F3F2WSK,related to,Xbox Series S
B00F3F2WSK,related to,Xbox One
B00F3F2WSK,related to,Xbox Live
B00F3F2WSK,related to,Playstation 5
B00F3F2WSK,related to,Playstation 4
B00F3F2WSK,related to,Playstation Plus
B00F3F2WSK,related to,Nintendo Wii
B00F3F2WSK,related to,PC Games - Xbox
B00F3F2WSK,related to,PC Games - Playstation
B00F3F2WSK,related to,PC Games - Nintendo
B00F3F2WSK,related to,PC Accessories - Xbox
B00F3F2WSK,related to,PC Accessories - Playstation
B00F3F2WSK,related to,Controller Accessories - Xbox
B00F3F2WSK,related to,Headsets - Xbox
B000046S3Z,related to,PC Gaming
B000046S3Z,related to,Nintendo
B000046S3Z,related to,PC Games
B000046S3Z,related to,PC Games - Xbox
B000046S3Z,related to,PC Games - Playstation
B000046S3Z,related to,PC Games - Nintendo
B000046S3Z,related to,Nintendo GameCube
B000046S3Z,related to,Nintendo Wii
B001ELJE1A,related to,PC Gaming
B001ELJE1A,related to,Playstation 5
B001ELJE1A,related to,Playstation 4
B001ELJE1A,related to,PC Games
B001ELJE1A,related to,PC Games - Xbox
B001ELJE1A,related to,PC Games - Playstation
B001ELJE1A,related to,PC Games - Nintendo
B00CC50QT6,related to,Playstation
B00CC50QT6,related to,PC Gaming
B00CC50QT6,related to,Xbox
B00CC50QT6,related to,Playstation 5
B00CC50QT6,related to,Playstation 4
B00CC50QT6,related to,Playstation Plus
B00CC50QT6,related to,PC Games - Playstation
B00CC50QT6,related to,PC Accessories - Playstation
B00CC50QT6,related to,Controller Accessories - Playstation
B00CC50QT6,related to,Headsets - Playstation
B00CC50QT6,related to,PC Games
B00CC50QT6,related to,PC Games - Nintendo
B07NPZZSRC,related to,Xbox
B07NPZZSRC,related to,Playstation
B07NPZZSRC,related to,PC Gaming
B07NPZZSRC,related to,PC Accessories
B07NPZZSRC,related to,Xbox Series X
B07NPZZSRC,related to,Xbox Series S
B07NPZZSRC,related to,Xbox One
B07NPZZSRC,related to,Xbox Live
B07NPZZSRC,related to,Playstation 5
B07NPZZSRC,related to,Playstation 4
B07NPZZSRC,related to,PC Games
B07NPZZSRC,related to,PC Games - Xbox
B07NPZZSRC,related to,PC Games - Playstation
B07NPZZSRC,related to,PC Games - Nintendo
B07NPZZSRC,related to,PC Accessories - Xbox
B07NPZZSRC,related to,PC Accessories - Playstation
B07NPZZSRC,related to,PC Accessories - Nintendo
B07NPZZSRC,related to,Controller Accessories - Xbox
B07NPZZSRC,related to,Controller Accessories - Playstation
B07NPZZSRC,related to,Headsets - Xbox
B07NVVZK2D,related to,Xbox
B07NVVZK2D,related to,Playstation
B07NVVZK2D,related to,Nintendo
B07NVVZK2D,related to,PC Gaming
B07NVVZK2D,related to,Playstation 5
B07NVVZK2D,related to,Playstation 4
B07NVVZK2D,related to,Nintendo Switch
B07NVVZK2D,related to,Nintendo GameCube
B07NVVZK2D,related to,Nintendo DS
B07NVVZK2D,related to,Nintendo Wii
B07NVVZK2D,related to,PC Games
B07NVVZK2D,related to,PC Games - Playstation
B07NVVZK2D,related to,PC Games - Nintendo
B0BL65X86R,related to,PC Gaming
B0BL65X86R,related to,Xbox
B0BL65X86R,related to,Nintendo
B0BL65X86R,related to,Playstation
B0BL65X86R,related to,Playstation Plus
B0BL65X86R,related to,PC Games
B0BL65X86R,related to,PC Games - Xbox
B0BL65X86R,related to,PC Games - Playstation
B0BL65X86R,related to,PC Games - Nintendo
B0BL65X86R,related to,Xbox One
B0BL65X86R,related to,Keyboard
B0BL65X86R,related to,Playstation 5
B0BL65X86R,related to,Playstation 4
B0BL65X86R,related to,PC Accessories - Playstation
B0BL65X86R,related to,Controller Accessories - Playstation
B0BL65X86R,related to,Headsets - Playstation
B00000K2GI,related to,Nintendo
B00000K2GI,related to,PC Gaming
B00000K2GI,related to,PC Games
B00000K2GI,related to,PC Games - Xbox
B00000K2GI,related to,PC Games - Nintendo
B00LA07WWI,related to,PC Gaming
B00LA07WWI,related to,PC Games
B00LA07WWI,related to,PC Games - Xbox
B0000631VG,related to,Nintendo
B0000631VG,related to,PC Gaming
B0000631VG,related to,Nintendo GameCube
B0000631VG,related to,Nintendo Wii
B0000631VG,related to,PC Games - Nintendo
B0000631VG,related to,PC Games
B001EYUTU2,related to,PC Gaming
B001EYUTU2,related to,Nintendo
B001EYUTU2,related to,PC Games
B001EYUTU2,related to,Nintendo GameCube
B001EYUTU2,related to,Nintendo Wii
B001EYUTU2,related to,PC Games - Nintendo
B08NX5R2LK,related to,Nintendo
B08NX5R2LK,related to,Xbox
B08NX5R2LK,related to,Playstation
B08NX5R2LK,related to,PC Gaming
B08NX5R2LK,related to,PC Games
B08NX5R2LK,related to,Nintendo Switch
B08NX5R2LK,related to,Nintendo GameCube
B08NX5R2LK,related to,Nintendo DS
B08NX5R2LK,related to,Nintendo Wii
B08NX5R2LK,related to,PC Games - Nintendo
B08NX5R2LK,related to,PC Accessories - Nintendo
B08NX5R2LK,related to,Controller Accessories - Nintendo
B08NX5R2LK,related to,Headsets - Nintendo
B08NX5R2LK,related to,Xbox One
B08NX5R2LK,related to,Playstation 5
B08NX5R2LK,related to,Playstation 4
B08NX5R2LK,related to,Playstation Plus
B076JB7HGQ,related to,Headsets
B076JB7HGQ,related to,Headsets - Xbox
B076JB7HGQ,related to,Headsets - Playstation
B076JB7HGQ,related to,Headsets - Nintendo
B09Y2WF3VS,related to,Xbox
B09Y2WF3VS,related to,Playstation
B09Y2WF3VS,related to,PC Gaming
B09Y2WF3VS,related to,Controller Accessories
B09Y2WF3VS,related to,Accessories
B09Y2WF3VS,related to,Other Accessories
B09Y2WF3VS,related to,Xbox Series S
B09Y2WF3VS,related to,Xbox One
B09Y2WF3VS,related to,Playstation 5
B09Y2WF3VS,related to,Playstation 4
B09Y2WF3VS,related to,Playstation Plus
B09Y2WF3VS,related to,PC Games
B09Y2WF3VS,related to,PC Games - Xbox
B09Y2WF3VS,related to,PC Games - Playstation
B09Y2WF3VS,related to,PC Accessories - Playstation
B09Y2WF3VS,related to,Controller Accessories - Playstation
B09Y2WF3VS,related to,Headsets - Playstation
B09Y2WF3VS,related to,Controller Accessories - Xbox
B09Y2WF3VS,related to,Controller Accessories - Nintendo
B09Y2WF3VS,related to,Screen Protection
B09Y2WF3VS,related to,PC Games - Nintendo
B09YCM624K,related to,PC Gaming
B09YCM624K,related to,PC Games
B09YCM624K,related to,Keyboard
B00ZDNNRB8,related to,Cable
B00ZDNNRB8,related to,Controller Accessories
B00ZDNNRB8,related to,Xbox
B00ZDNNRB8,related to,Playstation
B00ZDNNRB8,related to,PC Gaming
B00ZDNNRB8,related to,Controller Accessories - Xbox
B00ZDNNRB8,related to,Controller Accessories - Playstation
B00ZDNNRB8,related to,Controller Accessories - Nintendo
B00ZDNNRB8,related to,Xbox Series X
B00ZDNNRB8,related to,Xbox Series S
B00ZDNNRB8,related to,Xbox One
B00ZDNNRB8,related to,Xbox Live
B00ZDNNRB8,related to,PC Games - Xbox
B00ZDNNRB8,related to,PC Accessories - Xbox
B00ZDNNRB8,related to,Headsets - Xbox
B00ZDNNRB8,related to,Playstation 5
B00ZDNNRB8,related to,Playstation 4
B00ZDNNRB8,related to,PC Games
B00ZDNNRB8,related to,PC Games - Playstation
B00ZDNNRB8,related to,PC Games - Nintendo
B00007E1OC,related to,Nintendo
B00007E1OC,related to,PC Gaming
B00007E1OC,related to,Nintendo GameCube
B00007E1OC,related to,PC Games
B00007E1OC,related to,PC Games - Nintendo
B00007E1OC,related to,Nintendo Wii
B0028N6TP2,related to,Playstation
B0028N6TP2,related to,Nintendo
B0028N6TP2,related to,PC Gaming
B0028N6TP2,related to,Playstation 5
B0028N6TP2,related to,Playstation 4
B0028N6TP2,related to,Nintendo Wii
B0028N6TP2,related to,PC Games
B0028N6TP2,related to,PC Games - Xbox
B0028N6TP2,related to,PC Games - Playstation
B0028N6TP2,related to,PC Games - Nintendo
B00AUXRCPI,related to,PC Gaming
B00AUXRCPI,related to,Nintendo
B00AUXRCPI,related to,PC Games
B003QP30Q2,related to,PC Gaming
B003QP30Q2,related to,Playstation
B003QP30Q2,related to,Nintendo
B003QP30Q2,related to,Xbox
B003QP30Q2,related to,PC Games
B003QP30Q2,related to,PC Games - Xbox
B003QP30Q2,related to,PC Games - Playstation
B003QP30Q2,related to,PC Games - Nintendo
B003QP30Q2,related to,Playstation 5
B003QP30Q2,related to,Playstation 4
B003QP30Q2,related to,Nintendo Switch
B003QP30Q2,related to,Nintendo GameCube
B003QP30Q2,related to,Nintendo DS
B003QP30Q2,related to,Nintendo Wii
B003QP30Q2,related to,PC Accessories - Nintendo
B003QP30Q2,related to,Controller Accessories - Nintendo
B003QP30Q2,related to,Xbox One
B003QP30Q2,related to,Playstation Plus
B07YV64T1L,related to,Xbox
B07YV64T1L,related to,Playstation
B07YV64T1L,related to,Nintendo
B07YV64T1L,related to,PC Gaming
B07YV64T1L,related to,Controller Accessories
B07YV64T1L,related to,Xbox Series X
B07YV64T1L,related to,Xbox Series S
B07YV64T1L,related to,Xbox One
B07YV64T1L,related to,Xbox Live
B07YV64T1L,related to,Playstation 5
B07YV64T1L,related to,Playstation 4
B07YV64T1L,related to,Playstation Plus
B07YV64T1L,related to,PC Games
B07YV64T1L,related to,PC Games - Xbox
B07YV64T1L,related to,PC Games - Playstation
B07YV64T1L,related to,PC Games - Nintendo
B07YV64T1L,related to,PC Accessories - Xbox
B07YV64T1L,related to,PC Accessories - Playstation
B07YV64T1L,related to,PC Accessories - Nintendo
B07YV64T1L,related to,Controller Accessories - Xbox
B07YV64T1L,related to,Headsets - Xbox
B07YV64T1L,related to,Controller Accessories - Playstation
B07YV64T1L,related to,Controller Accessories - Nintendo
B0777GJSDF,related to,Xbox
B0777GJSDF,related to,Playstation
B0777GJSDF,related to,PC Gaming
B0777GJSDF,related to,Xbox Series X
B0777GJSDF,related to,Xbox Series S
B0777GJSDF,related to,Xbox One
B0777GJSDF,related to,Xbox Live
B0777GJSDF,related to,Playstation 5
B0777GJSDF,related to,Playstation 4
B0777GJSDF,related to,Playstation Plus
B0777GJSDF,related to,PC Games
B0777GJSDF,related to,PC Games - Xbox
B0777GJSDF,related to,PC Games - Playstation
B0777GJSDF,related to,PC Games - Nintendo
B0777GJSDF,related to,PC Accessories - Playstation
B0777GJSDF,related to,Controller Accessories - Playstation
B0777GJSDF,related to,Headsets - Playstation
B01BCO1J9S,related to,Controller Accessories
B01BCO1J9S,related to,Xbox Series S
B01BCO1J9S,related to,Controller Accessories - Nintendo
B07NYDS9SY,related to,Nintendo
B07NYDS9SY,related to,PC Gaming
B07NYDS9SY,related to,Nintendo Switch
B07NYDS9SY,related to,Nintendo GameCube
B07NYDS9SY,related to,Nintendo DS
B07NYDS9SY,related to,Nintendo Wii
B07NYDS9SY,related to,PC Games - Nintendo
B07NYDS9SY,related to,PC Accessories - Nintendo
B07NYDS9SY,related to,Controller Accessories - Nintendo
B07NYDS9SY,related to,Headsets - Nintendo
B07NYDS9SY,related to,PC Games
B07NYDS9SY,related to,PC Games - Xbox
B07NYDS9SY,related to,PC Games - Playstation
B00DNWHEVU,related to,Xbox
B00DNWHEVU,related to,Playstation
B00DNWHEVU,related to,Nintendo
B00DNWHEVU,related to,PC Gaming
B00DNWHEVU,related to,Xbox One
B00DNWHEVU,related to,Xbox Live
B00DNWHEVU,related to,PC Games - Xbox
B00DNWHEVU,related to,Xbox Series X
B00DNWHEVU,related to,Xbox Series S
B00DNWHEVU,related to,Playstation 5
B00DNWHEVU,related to,Playstation 4
B00DNWHEVU,related to,Playstation Plus
B00DNWHEVU,related to,PC Games
B00DNWHEVU,related to,PC Games - Playstation
B00DNWHEVU,related to,PC Games - Nintendo
B00DNWHEVU,related to,PC Accessories - Xbox
B00DNWHEVU,related to,PC Accessories - Playstation
B00DNWHEVU,related to,PC Accessories - Nintendo
B00DNWHEVU,related to,Controller Accessories - Xbox
B00DNWHEVU,related to,Headsets - Xbox
B005IMVP0O,related to,Playstation
B005IMVP0O,related to,PC Gaming
B005IMVP0O,related to,Playstation 5
B005IMVP0O,related to,PC Games
B005IMVP0O,related to,PC Games - Xbox
B005IMVP0O,related to,PC Games - Playstation
B005IMVP0O,related to,Xbox One
B005IMVP0O,related to,Playstation 4
B005IMVP0O,related to,Playstation Plus
B005IMVP0O,related to,PC Accessories - Playstation
B005IMVP0O,related to,Controller Accessories - Playstation
B00AAS888S,related to,PC Gaming
B00AAS888S,related to,Xbox
B00AAS888S,related to,Playstation
B00AAS888S,related to,PC Games
B00AAS888S,related to,PC Games - Xbox
B00AAS888S,related to,Playstation 5
B00AAS888S,related to,Playstation 4
B00AAS888S,related to,Playstation Plus
B00AAS888S,related to,PC Games - Playstation
B00AAS888S,related to,PC Games - Nintendo
B0BF5VRLHV,related to,PC Gaming
B0BF5VRLHV,related to,Xbox
B0BF5VRLHV,related to,Playstation
B0BF5VRLHV,related to,Nintendo
B0BF5VRLHV,related to,Keyboard
B0BF5VRLHV,related to,PC Games
B0BF5VRLHV,related to,PC Games - Xbox
B0BF5VRLHV,related to,Xbox One
B0BF5VRLHV,related to,Playstation 5
B0BF5VRLHV,related to,Playstation 4
B0BF5VRLHV,related to,Playstation Plus
B0BF5VRLHV,related to,PC Games - Playstation
B0BF5VRLHV,related to,PC Games - Nintendo
B0BF5VRLHV,related to,PC Accessories - Xbox
B0BF5VRLHV,related to,PC Accessories - Playstation
B0BF5VRLHV,related to,PC Accessories - Nintendo
B004L4EWPU,related to,PC Gaming
B004L4EWPU,related to,PC Games
B004L4EWPU,related to,PC Games - Xbox
B004L4EWPU,related to,PC Games - Nintendo
B00MVY10CU,related to,Nintendo
B00MVY10CU,related to,Playstation
B00MVY10CU,related to,Nintendo GameCube
B00MVY10CU,related to,PC Games
B00MVY10CU,related to,Playstation 5
B00MVY10CU,related to,Playstation 4
B00MVY10CU,related to,Playstation Plus
B00MVY10CU,related to,PC Games - Playstation
B00MVY10CU,related to,PC Accessories - Playstation
B00MVY10CU,related to,Controller Accessories - Playstation
B07NLRSN12,related to,Xbox
B07NLRSN12,related to,Playstation
B07NLRSN12,related to,Playstation 5
B07NLRSN12,related to,Playstation 4
B07NLRSN12,related to,Playstation Plus
B07NLRSN12,related to,PC Games - Playstation
B07NLRSN12,related to,PC Accessories - Playstation
B07NLRSN12,related to,Controller Accessories - Playstation
B07NLRSN12,related to,Headsets - Playstation
B08F7ZWTHR,related to,Xbox
B08F7ZWTHR,related to,PC Gaming
B08F7ZWTHR,related to,PC Games
B08F7ZWTHR,related to,Xbox Series X
B08F7ZWTHR,related to,Xbox Series S
B08F7ZWTHR,related to,Xbox One
B08F7ZWTHR,related to,Xbox Live
B08F7ZWTHR,related to,PC Games - Xbox
B08F7ZWTHR,related to,PC Accessories - Xbox
B08F7ZWTHR,related to,Controller Accessories - Xbox
B08F7ZWTHR,related to,Headsets - Xbox
B08F7ZWTHR,related to,PC Games - Playstation
B08F7ZWTHR,related to,PC Games - Nintendo
B0871SWHFW,related to,PC Gaming
B0871SWHFW,related to,Xbox
B0871SWHFW,related to,Playstation
B0871SWHFW,related to,Nintendo
B0871SWHFW,related to,PC Games
B0871SWHFW,related to,PC Games - Xbox
B0871SWHFW,related to,PC Games - Playstation
B0871SWHFW,related to,PC Games - Nintendo
B0871SWHFW,related to,Keyboard
B0871SWHFW,related to,Xbox One
B0871SWHFW,related to,Playstation 5
B0871SWHFW,related to,Playstation 4
B0871SWHFW,related to,Playstation Plus
B0871SWHFW,related to,PC Accessories - Xbox
B0871SWHFW,related to,PC Accessories - Playstation
B0871SWHFW,related to,PC Accessories - Nintendo
B08Q8KTWNF,related to,PC Accessories
B07BZ7QSFM,related to,Controller Accessories
B07BZ7QSFM,related to,Playstation
B07BZ7QSFM,related to,Controller Accessories - Xbox
B07BZ7QSFM,related to,Controller Accessories - Playstation
B07BZ7QSFM,related to,Controller Accessories - Nintendo
B07BZ7QSFM,related to,Playstation 5
B07BZ7QSFM,related to,Playstation 4
B07BZ7QSFM,related to,Playstation Plus
B07BZ7QSFM,related to,PC Games - Playstation
B07BZ7QSFM,related to,PC Accessories - Playstation
B07BZ7QSFM,related to,Headsets - Playstation
B0746PN4PZ,related to,Controller Accessories
B0746PN4PZ,related to,Playstation
B0746PN4PZ,related to,Xbox
B0746PN4PZ,related to,PC Gaming
B0746PN4PZ,related to,Controller Accessories - Nintendo
B0746PN4PZ,related to,Playstation 5
B0746PN4PZ,related to,Playstation 4
B0746PN4PZ,related to,Playstation Plus
B0746PN4PZ,related to,PC Games - Playstation
B0746PN4PZ,related to,PC Accessories - Playstation
B0746PN4PZ,related to,Controller Accessories - Playstation
B0746PN4PZ,related to,Headsets - Playstation
B0746PN4PZ,related to,PC Games
B0746PN4PZ,related to,PC Games - Xbox
B0BNWFJZ6W,related to,Nintendo
B0BNWFJZ6W,related to,Controller Accessories
B0BNWFJZ6W,related to,Controller Accessories - Nintendo
B0BNWFJZ6W,related to,Keyboard
B0BNWFJZ6W,related to,Nintendo Switch
B0BNWFJZ6W,related to,Nintendo Wii
B0BNWFJZ6W,related to,PC Accessories - Nintendo
B0BNWFJZ6W,related to,Controller Accessories - Xbox
B0BNWFJZ6W,related to,Controller Accessories - Playstation
B09G88GNDS,related to,Nintendo
B09G88GNDS,related to,Xbox
B09G88GNDS,related to,Playstation
B09G88GNDS,related to,PC Gaming
B09G88GNDS,related to,Nintendo Switch
B09G88GNDS,related to,Nintendo GameCube
B09G88GNDS,related to,Nintendo DS
B09G88GNDS,related to,Nintendo Wii
B09G88GNDS,related to,PC Games - Nintendo
B09G88GNDS,related to,PC Accessories - Nintendo
B09G88GNDS,related to,Controller Accessories - Nintendo
B09G88GNDS,related to,Headsets - Nintendo
B09G88GNDS,related to,Screen Protection
B09G88GNDS,related to,Xbox One
B09G88GNDS,related to,Playstation 5
B09G88GNDS,related to,Playstation 4
B09G88GNDS,related to,Playstation Plus
B09G88GNDS,related to,PC Games
B09G88GNDS,related to,PC Games - Xbox
B09G88GNDS,related to,PC Games - Playstation
B000035Y17,related to,Nintendo
B000035Y17,related to,PC Gaming
B000035Y17,related to,Xbox
B000035Y17,related to,PC Games
B000035Y17,related to,PC Games - Nintendo
B000035Y17,related to,Nintendo DS
B000035Y17,related to,Nintendo Wii
B000035Y17,related to,Nintendo Switch
B000035Y17,related to,Nintendo GameCube
B000035Y17,related to,PC Accessories - Nintendo
B000035Y17,related to,Controller Accessories - Nintendo
B000035Y17,related to,PC Games - Xbox
B003N18O4M,related to,Playstation
B003N18O4M,related to,PC Gaming
B003N18O4M,related to,PC Games
B003N18O4M,related to,Playstation 5
B003N18O4M,related to,Playstation 4
B003N18O4M,related to,Playstation Plus
B003N18O4M,related to,PC Games - Xbox
B003N18O4M,related to,PC Games - Playstation
B003N18O4M,related to,PC Games - Nintendo
B003N18O4M,related to,PC Accessories - Playstation
B003N18O4M,related to,Controller Accessories - Playstation
B003N18O4M,related to,Headsets - Playstation
B00003CWH7,related to,Nintendo
B00003CWH7,related to,PC Gaming
B00003CWH7,related to,PC Accessories
B00003CWH7,related to,Accessories
B00003CWH7,related to,Other Accessories
B00003CWH7,related to,Controller Accessories
B00003CWH7,related to,Nintendo Switch
B00003CWH7,related to,Nintendo GameCube
B00003CWH7,related to,Nintendo DS
B00003CWH7,related to,Nintendo Wii
B00003CWH7,related to,PC Games - Nintendo
B00003CWH7,related to,PC Accessories - Nintendo
B00003CWH7,related to,Controller Accessories - Nintendo
B00003CWH7,related to,Headsets - Nintendo
B00003CWH7,related to,PC Games
B00003CWH7,related to,PC Games - Xbox
B00003CWH7,related to,PC Games - Playstation
B00003CWH7,related to,Controller Accessories - Playstation
B00003CWH7,related to,Controller Accessories - Xbox
B00B7NLV6Q,related to,PC Gaming
B00B7NLV6Q,related to,Nintendo
B00B7NLV6Q,related to,PC Games
B00B7NLV6Q,related to,PC Games - Xbox
B00B7NLV6Q,related to,PC Games - Playstation
B00B7NLV6Q,related to,PC Games - Nintendo
B00B7NLV6Q,related to,Nintendo Switch
B00B7NLV6Q,related to,Nintendo GameCube
B00B7NLV6Q,related to,Nintendo DS
B00B7NLV6Q,related to,Nintendo Wii
B00B7NLV6Q,related to,PC Accessories - Nintendo
B00B7NLV6Q,related to,Headsets - Nintendo
B00B7NLV6Q,related to,Controller Accessories - Nintendo
B001EYUSR6,related to,Playstation
B001EYUSR6,related to,Nintendo
B001EYUSR6,related to,PC Gaming
B001EYUSR6,related to,Xbox
B001EYUSR6,related to,Playstation 5
B001EYUSR6,related to,Playstation 4
B001EYUSR6,related to,Nintendo Wii
B001EYUSR6,related to,PC Games
B001EYUSR6,related to,PC Games - Xbox
B001EYUSR6,related to,PC Games - Playstation
B001EYUSR6,related to,PC Games - Nintendo
B001EYUSR6,related to,Xbox Series X
B001EYUSR6,related to,Xbox Series S
B001EYUSR6,related to,Xbox One
B001EYUSR6,related to,Xbox Live
B001EYUSR6,related to,PC Accessories - Xbox
B087DT2XXB,related to,Headsets
B087DT2XXB,related to,PC Gaming
B087DT2XXB,related to,Headsets - Xbox
B087DT2XXB,related to,Headsets - Playstation
B087DT2XXB,related to,Headsets - Nintendo
B087DT2XXB,related to,PC Games
B087DT2XXB,related to,PC Games - Nintendo
B09MBQ889C,related to,PC Gaming
B09MBQ889C,related to,Headsets
B09MBQ889C,related to,Accessories
B09MBQ889C,related to,PC Accessories - Nintendo
B09MBQ889C,related to,Headsets - Xbox
B09MBQ889C,related to,Headsets - Playstation
B09MBQ889C,related to,Headsets - Nintendo
B00005RCQY,related to,Nintendo
B00005RCQY,related to,PC Gaming
B00005RCQY,related to,Xbox
B00005RCQY,related to,Playstation
B00005RCQY,related to,PC Games
B00005RCQY,related to,PC Games - Playstation
B00005RCQY,related to,PC Games - Nintendo
B00005RCQY,related to,Xbox Series S
B00005RCQY,related to,Xbox One
B00005RCQY,related to,Playstation 5
B00005RCQY,related to,Playstation 4
B00005RCQY,related to,Playstation Plus
B00005RCQY,related to,Nintendo DS
B00005RCQY,related to,Nintendo Wii
B00005RCQY,related to,PC Games - Xbox
B00005RCQY,related to,PC Accessories - Playstation
B00005RCQY,related to,Controller Accessories - Playstation
B00005RCQY,related to,Headsets - Playstation
B08C7F68XH,related to,Xbox
B08C7F68XH,related to,Playstation
B08C7F68XH,related to,Nintendo
B08C7F68XH,related to,PC Gaming
B08C7F68XH,related to,Controller Accessories
B08C7F68XH,related to,Xbox One
B08C7F68XH,related to,Playstation 5
B08C7F68XH,related to,Playstation 4
B08C7F68XH,related to,Playstation Plus
B08C7F68XH,related to,PC Games
B08C7F68XH,related to,PC Games - Xbox
B08C7F68XH,related to,PC Games - Playstation
B08C7F68XH,related to,PC Games - Nintendo
B08C7F68XH,related to,Nintendo Switch
B08C7F68XH,related to,PC Accessories - Xbox
B08C7F68XH,related to,PC Accessories - Playstation
B08C7F68XH,related to,PC Accessories - Nintendo
B08C7F68XH,related to,Nintendo GameCube
B08C7F68XH,related to,Nintendo DS
B08C7F68XH,related to,Nintendo Wii
B08C7F68XH,related to,Controller Accessories - Nintendo
B08C7F68XH,related to,Headsets - Nintendo
B08C7F68XH,related to,Controller Accessories - Xbox
B08C7F68XH,related to,Controller Accessories - Playstation
B0001CNRR0,related to,Nintendo
B0001CNRR0,related to,PC Games
B0001CNRR0,related to,Nintendo GameCube
B001EYUQKK,related to,Controller Accessories
B001EYUQKK,related to,Nintendo
B001EYUQKK,related to,PC Gaming
B001EYUQKK,related to,Controller Accessories - Xbox
B001EYUQKK,related to,Controller Accessories - Nintendo
B001EYUQKK,related to,PC Games
B07XNYNTWT,related to,Controller Accessories
B07XNYNTWT,related to,Nintendo
B07XNYNTWT,related to,PC Gaming
B07XNYNTWT,related to,Nintendo Switch
B07XNYNTWT,related to,Nintendo GameCube
B07XNYNTWT,related to,Nintendo DS
B07XNYNTWT,related to,Nintendo Wii
B07XNYNTWT,related to,PC Games - Nintendo
B07XNYNTWT,related to,PC Accessories - Nintendo
B07XNYNTWT,related to,Controller Accessories - Nintendo
B07XNYNTWT,related to,PC Games
B07XNYNTWT,related to,PC Games - Xbox
B07XNYNTWT,related to,PC Games - Playstation
B07XNYNTWT,related to,Controller Accessories - Xbox
B07XNYNTWT,related to,Controller Accessories - Playstation
B06WGVD4RN,related to,PC Gaming
B06WGVD4RN,related to,Xbox
B06WGVD4RN,related to,PC Games
B06WGVD4RN,related to,Xbox Series X
B06WGVD4RN,related to,Xbox Series S
B06WGVD4RN,related to,Xbox One
B06WGVD4RN,related to,PC Accessories - Xbox
B06WGVD4RN,related to,Controller Accessories - Xbox
B06WGVD4RN,related to,Xbox Live
B06WGVD4RN,related to,PC Games - Xbox
B06WGVD4RN,related to,PC Accessories - Playstation
B06WGVD4RN,related to,Headsets - Xbox
B001EYUQ1O,related to,Playstation
B001EYUQ1O,related to,Xbox
B001EYUQ1O,related to,Nintendo
B001EYUQ1O,related to,PC Gaming
B001EYUQ1O,related to,Playstation 5
B001EYUQ1O,related to,Playstation 4
B001EYUQ1O,related to,Playstation Plus
B001EYUQ1O,related to,PC Games - Playstation
B001EYUQ1O,related to,PC Accessories - Playstation
B001EYUQ1O,related to,Controller Accessories - Playstation
B001EYUQ1O,related to,Headsets - Playstation
B001EYUQ1O,related to,Xbox Series S
B001EYUQ1O,related to,Xbox One
B001EYUQ1O,related to,Nintendo DS
B001EYUQ1O,related to,Nintendo Wii
B001EYUQ1O,related to,PC Games
B001EYUQ1O,related to,PC Games - Xbox
B001EYUQ1O,related to,PC Games - Nintendo
B001COTC3E,related to,Playstation
B001COTC3E,related to,Xbox
B001COTC3E,related to,Nintendo
B001COTC3E,related to,PC Gaming
B001COTC3E,related to,Playstation 5
B001COTC3E,related to,Playstation 4
B001COTC3E,related to,Playstation Plus
B001COTC3E,related to,PC Games - Playstation
B001COTC3E,related to,PC Accessories - Playstation
B001COTC3E,related to,PC Accessories - Nintendo
B001COTC3E,related to,Controller Accessories - Playstation
B001COTC3E,related to,Headsets - Playstation
B001COTC3E,related to,Xbox Series S
B001COTC3E,related to,Xbox One
B001COTC3E,related to,Nintendo DS
B001COTC3E,related to,Nintendo Wii
B001COTC3E,related to,PC Games
B001COTC3E,related to,PC Games - Xbox
B001COTC3E,related to,PC Games - Nintendo
B07STXJS9G,related to,Playstation
B07STXJS9G,related to,Nintendo
B07STXJS9G,related to,PC Gaming
B07STXJS9G,related to,Xbox
B07STXJS9G,related to,Playstation 5
B07STXJS9G,related to,Playstation 4
B07STXJS9G,related to,Nintendo Wii
B07STXJS9G,related to,PC Games
B07STXJS9G,related to,PC Games - Xbox
B07STXJS9G,related to,PC Games - Playstation
B07STXJS9G,related to,PC Games - Nintendo
B07STXJS9G,related to,Xbox One
B07STXJS9G,related to,Playstation Plus
B07STXJS9G,related to,Nintendo Switch
B07STXJS9G,related to,Nintendo GameCube
B07STXJS9G,related to,Nintendo DS
B07STXJS9G,related to,PC Accessories - Nintendo
B07STXJS9G,related to,Controller Accessories - Nintendo
B075FBPT3W,related to,Cable
B075FBPT3W,related to,Controller Accessories
B075FBPT3W,related to,Nintendo
B075FBPT3W,related to,Nintendo Switch
B075FBPT3W,related to,Controller Accessories - Xbox
B075FBPT3W,related to,Controller Accessories - Playstation
B075FBPT3W,related to,Controller Accessories - Nintendo
B075FBPT3W,related to,Cable Released
B075FBPT3W,related to,Nintendo GameCube
B075FBPT3W,related to,Nintendo Wii
B00GYI3CMU,related to,PC Gaming
B00GYI3CMU,related to,Xbox
B00GYI3CMU,related to,Playstation
B00GYI3CMU,related to,PC Games
B00GYI3CMU,related to,Xbox One
B00GYI3CMU,related to,Playstation 5
B00GYI3CMU,related to,Playstation 4
B00GYI3CMU,related to,Playstation Plus
B00GYI3CMU,related to,PC Games - Xbox
B00GYI3CMU,related to,PC Games - Playstation
B00GYI3CMU,related to,PC Accessories - Playstation
B00GYI3CMU,related to,Controller Accessories - Playstation
B00GYI3CMU,related to,Headsets - Playstation
B001UQ704C,related to,Xbox
B001UQ704C,related to,Playstation
B001UQ704C,related to,Xbox Series X
B001UQ704C,related to,Xbox Series S
B001UQ704C,related to,Xbox One
B001UQ704C,related to,Playstation 5
B001UQ704C,related to,Playstation 4
B001UQ704C,related to,Playstation Plus
B001UQ704C,related to,PC Games - Xbox
B001UQ704C,related to,PC Games - Playstation
B001UQ704C,related to,PC Accessories - Playstation
B001UQ704C,related to,Controller Accessories - Playstation
B001UQ704C,related to,Headsets - Playstation
B001UQ704C,related to,PC Accessories - Xbox
B001UQ704C,related to,PC Accessories - Nintendo
B01FZ884E0,related to,Headsets
B01FZ884E0,related to,Xbox
B01FZ884E0,related to,Playstation
B01FZ884E0,related to,Nintendo
B01FZ884E0,related to,PC Gaming
B01FZ884E0,related to,PC Accessories
B01FZ884E0,related to,Accessories
B01FZ884E0,related to,Controller Accessories
B01FZ884E0,related to,Other Accessories
B01FZ884E0,related to,Headsets - Xbox
B01FZ884E0,related to,Headsets - Playstation
B01FZ884E0,related to,Headsets - Nintendo
B01FZ884E0,related to,Xbox Series S
B01FZ884E0,related to,Xbox One
B01FZ884E0,related to,Playstation 5
B01FZ884E0,related to,Playstation 4
B01FZ884E0,related to,Playstation Plus
B01FZ884E0,related to,Nintendo DS
B01FZ884E0,related to,Nintendo Wii
B01FZ884E0,related to,PC Games
B01FZ884E0,related to,PC Games - Xbox
B01FZ884E0,related to,PC Games - Playstation
B01FZ884E0,related to,PC Games - Nintendo
B01FZ884E0,related to,PC Accessories - Xbox
B01FZ884E0,related to,PC Accessories - Playstation
B01FZ884E0,related to,PC Accessories - Nintendo
B01FZ884E0,related to,Controller Accessories - Playstation
B01FZ884E0,related to,Nintendo GameCube
B01FZ884E0,related to,Controller Accessories - Xbox
B01FZ884E0,related to,Controller Accessories - Nintendo
B00005Q8M4,related to,PC Games
B00005Q8M4,related to,PC Games - Nintendo
B08VFQCYJK,related to,Controller Accessories
B08VFQCYJK,related to,Nintendo
B08VFQCYJK,related to,Xbox
B08VFQCYJK,related to,Playstation
B08VFQCYJK,related to,PC Gaming
B08VFQCYJK,related to,Nintendo Wii
B08VFQCYJK,related to,Xbox One
B08VFQCYJK,related to,Playstation 5
B08VFQCYJK,related to,Playstation 4
B08VFQCYJK,related to,Playstation Plus
B08VFQCYJK,related to,PC Games
B08VFQCYJK,related to,PC Games - Xbox
B08VFQCYJK,related to,PC Games - Playstation
B08VFQCYJK,related to,PC Games - Nintendo
B08VFQCYJK,related to,Controller Accessories - Xbox
B08VFQCYJK,related to,Nintendo Switch
B08VFQCYJK,related to,Nintendo GameCube
B08VFQCYJK,related to,Nintendo DS
B00LSJ6T16,related to,Xbox
B00LSJ6T16,related to,Playstation
B00LSJ6T16,related to,Nintendo
B00LSJ6T16,related to,PC Gaming
B00LSJ6T16,related to,PC Games
B00LSJ6T16,related to,Xbox Series S
B00LSJ6T16,related to,Xbox One
B00LSJ6T16,related to,Playstation 5
B00LSJ6T16,related to,Playstation 4
B00LSJ6T16,related to,Playstation Plus
B00LSJ6T16,related to,Nintendo DS
B00LSJ6T16,related to,Nintendo Wii
B00LSJ6T16,related to,PC Games - Xbox
B00LSJ6T16,related to,PC Games - Playstation
B00LSJ6T16,related to,PC Games - Nintendo
B00LSJ6T16,related to,PC Accessories - Playstation
B00LSJ6T16,related to,Controller Accessories - Playstation
B00LSJ6T16,related to,Headsets - Playstation
B00LSJ6T16,related to,Cable Released
B0062UOD8M,related to,PC Gaming
B0062UOD8M,related to,Xbox
B0062UOD8M,related to,Playstation
B0062UOD8M,related to,Nintendo
B0062UOD8M,related to,PC Games
B0062UOD8M,related to,PC Games - Xbox
B0062UOD8M,related to,PC Games - Nintendo
B0062UOD8M,related to,Xbox Series X
B0062UOD8M,related to,Xbox Series S
B0062UOD8M,related to,Xbox One
B0062UOD8M,related to,Xbox Live
B0062UOD8M,related to,Playstation 5
B0062UOD8M,related to,Playstation 4
B0062UOD8M,related to,Playstation Plus
B0062UOD8M,related to,Nintendo Switch
B0062UOD8M,related to,Nintendo DS
B0062UOD8M,related to,Nintendo Wii
B0062UOD8M,related to,PC Games - Playstation
B0062UOD8M,related to,PC Accessories - Xbox
B0062UOD8M,related to,PC Accessories - Playstation
B0062UOD8M,related to,PC Accessories - Nintendo
B0062UOD8M,related to,Controller Accessories - Playstation
B0062UOD8M,related to,Headsets - Xbox
B0000ACP8V,related to,Playstation
B0000ACP8V,related to,Nintendo
B0000ACP8V,related to,Playstation 5
B0000ACP8V,related to,Playstation 4
B0000ACP8V,related to,Playstation Plus
B0000ACP8V,related to,Nintendo Switch
B0000ACP8V,related to,Nintendo GameCube
B0000ACP8V,related to,Nintendo DS
B0000ACP8V,related to,Nintendo Wii
B0000ACP8V,related to,PC Games - Nintendo
B0000ACP8V,related to,PC Games
B003LPTAL6,related to,Nintendo
B003LPTAL6,related to,Nintendo DS
B003LPTAL6,related to,Nintendo Switch
B003LPTAL6,related to,Nintendo GameCube
B003LPTAL6,related to,Nintendo Wii
B003LPTAL6,related to,PC Games - Nintendo
B003LPTAL6,related to,PC Accessories - Nintendo
B07V4PDX6L,related to,Cable
B07V4PDX6L,related to,Nintendo
B07V4PDX6L,related to,Xbox
B07V4PDX6L,related to,Playstation
B07V4PDX6L,related to,PC Gaming
B07V4PDX6L,related to,Cable Released
B07V4PDX6L,related to,Nintendo Switch
B07V4PDX6L,related to,Nintendo GameCube
B07V4PDX6L,related to,Nintendo DS
B07V4PDX6L,related to,Nintendo Wii
B07V4PDX6L,related to,PC Games - Nintendo
B07V4PDX6L,related to,PC Accessories - Nintendo
B07V4PDX6L,related to,Xbox One
B07V4PDX6L,related to,Playstation 5
B07V4PDX6L,related to,Playstation 4
B07V4PDX6L,related to,Playstation Plus
B07V4PDX6L,related to,PC Games
B07V4PDX6L,related to,Controller Accessories - Nintendo
B07V4PDX6L,related to,Headsets - Nintendo
B00MIIIDKG,related to,Playstation
B00MIIIDKG,related to,Xbox
B00MIIIDKG,related to,Nintendo
B00MIIIDKG,related to,PC Gaming
B00MIIIDKG,related to,Playstation 5
B00MIIIDKG,related to,Playstation 4
B00MIIIDKG,related to,Playstation Plus
B00MIIIDKG,related to,PC Games - Playstation
B00MIIIDKG,related to,PC Accessories - Playstation
B00MIIIDKG,related to,Controller Accessories - Playstation
B00MIIIDKG,related to,Controller Accessories - Nintendo
B00MIIIDKG,related to,Xbox Series S
B00MIIIDKG,related to,Xbox One
B00MIIIDKG,related to,Nintendo DS
B00MIIIDKG,related to,Nintendo Wii
B00MIIIDKG,related to,PC Games
B00MIIIDKG,related to,PC Games - Xbox
B00MIIIDKG,related to,PC Games - Nintendo
B00MIIIDKG,related to,Headsets - Playstation
B01GUCFN08,related to,Headsets
B01GUCFN08,related to,Playstation
B01GUCFN08,related to,Cable
B01GUCFN08,related to,Headsets - Xbox
B01GUCFN08,related to,Headsets - Playstation
B01GUCFN08,related to,Headsets - Nintendo
B01GUCFN08,related to,Playstation 5
B01GUCFN08,related to,Playstation 4
B01GUCFN08,related to,Playstation Plus
B01GUCFN08,related to,PC Games - Playstation
B01GUCFN08,related to,PC Accessories - Playstation
B01GUCFN08,related to,Controller Accessories - Playstation
B07NC5C5L7,related to,Nintendo
B07NC5C5L7,related to,Nintendo Switch
B07NC5C5L7,related to,Nintendo GameCube
B07NC5C5L7,related to,Nintendo DS
B07NC5C5L7,related to,Nintendo Wii
B07NC5C5L7,related to,PC Games - Nintendo
B07NC5C5L7,related to,PC Accessories - Nintendo
B07NC5C5L7,related to,Controller Accessories - Nintendo
B07NC5C5L7,related to,Headsets - Nintendo
B00BAWXD7E,related to,Playstation
B00BAWXD7E,related to,Xbox
B00BAWXD7E,related to,Nintendo
B00BAWXD7E,related to,PC Gaming
B00BAWXD7E,related to,Xbox One
B00BAWXD7E,related to,Playstation 5
B00BAWXD7E,related to,Playstation 4
B00BAWXD7E,related to,Playstation Plus
B00BAWXD7E,related to,PC Games - Playstation
B00BAWXD7E,related to,PC Accessories - Playstation
B00BAWXD7E,related to,Controller Accessories - Playstation
B00BAWXD7E,related to,Xbox Series S
B00BAWXD7E,related to,Nintendo DS
B00BAWXD7E,related to,Nintendo Wii
B00BAWXD7E,related to,PC Games
B00BAWXD7E,related to,PC Games - Xbox
B00BAWXD7E,related to,PC Games - Nintendo
B00BAWXD7E,related to,Headsets - Playstation
B000ENW5UG,related to,Xbox
B000ENW5UG,related to,Playstation
B000ENW5UG,related to,PC Gaming
B000ENW5UG,related to,Nintendo
B000ENW5UG,related to,Xbox Series S
B000ENW5UG,related to,Xbox One
B000ENW5UG,related to,Playstation 5
B000ENW5UG,related to,Playstation 4
B000ENW5UG,related to,Playstation Plus
B000ENW5UG,related to,PC Games - Xbox
B000ENW5UG,related to,PC Games - Playstation
B000ENW5UG,related to,PC Accessories - Playstation
B000ENW5UG,related to,Controller Accessories - Playstation
B000ENW5UG,related to,Headsets - Playstation
B000ENW5UG,related to,PC Games
B000ENW5UG,related to,PC Games - Nintendo
B000ENW5UG,related to,PC Accessories - Nintendo
B000ENW5UG,related to,Cable Released
B001ELJPT6,related to,Playstation
B001ELJPT6,related to,PC Gaming
B001ELJPT6,related to,Nintendo
B001ELJPT6,related to,Playstation 5
B001ELJPT6,related to,PC Games
B001ELJPT6,related to,PC Games - Xbox
B001ELJPT6,related to,PC Games - Playstation
B001ELJPT6,related to,Nintendo Wii
B001ELJPT6,related to,PC Games - Nintendo
B001ENPDJA,related to,Playstation
B001ENPDJA,related to,Controller Accessories
B001ENPDJA,related to,PC Gaming
B001ENPDJA,related to,Playstation 5
B001ENPDJA,related to,Keyboard
B001ENPDJA,related to,PC Games
B001ENPDJA,related to,PC Games - Xbox
B001ENPDJA,related to,PC Games - Playstation
B001ENPDJA,related to,PC Games - Nintendo
B005VBVRGY,related to,Controller Accessories
B005VBVRGY,related to,Xbox
B005VBVRGY,related to,Controller Accessories - Xbox
B005VBVRGY,related to,Controller Accessories - Playstation
B005VBVRGY,related to,Controller Accessories - Nintendo
B005VBVRGY,related to,Xbox Series X
B005VBVRGY,related to,Xbox Series S
B005VBVRGY,related to,Xbox One
B005VBVRGY,related to,Xbox Live
B005VBVRGY,related to,PC Games - Xbox
B005VBVRGY,related to,PC Accessories - Xbox
B005VBVRGY,related to,Headsets - Xbox
B005VBVRGY,related to,Playstation 5
B005VBVRGY,related to,Playstation 4
B00002STX6,related to,Nintendo
B00002STX6,related to,PC Games
B00002STX6,related to,Nintendo Switch
B00002STX6,related to,Nintendo GameCube
B00002STX6,related to,Nintendo DS
B00002STX6,related to,Nintendo Wii
B00002STX6,related to,PC Games - Nintendo
B00002STX6,related to,PC Accessories - Nintendo
B00002STX6,related to,Controller Accessories - Nintendo
B00002STX6,related to,Headsets - Nintendo
B07982R9BZ,related to,Playstation
B07982R9BZ,related to,Controller Accessories
B07982R9BZ,related to,Playstation 5
B07982R9BZ,related to,Playstation 4
B07982R9BZ,related to,Playstation Plus
B07982R9BZ,related to,PC Games - Playstation
B07982R9BZ,related to,PC Accessories - Playstation
B07982R9BZ,related to,Controller Accessories - Xbox
B07982R9BZ,related to,Controller Accessories - Playstation
B07982R9BZ,related to,Controller Accessories - Nintendo
B075RN1Y66,related to,Cable
B075RN1Y66,related to,PC Gaming
B075RN1Y66,related to,PC Accessories
B075RN1Y66,related to,Accessories
B075RN1Y66,related to,Cable Released
B075RN1Y66,related to,PC Games
B075RN1Y66,related to,PC Games - Nintendo
B075RN1Y66,related to,PC Accessories - Nintendo
B083ZGHMMT,related to,Nintendo
B083ZGHMMT,related to,Xbox
B083ZGHMMT,related to,Playstation
B083ZGHMMT,related to,PC Gaming
B083ZGHMMT,related to,Nintendo Switch
B083ZGHMMT,related to,Nintendo GameCube
B083ZGHMMT,related to,Nintendo DS
B083ZGHMMT,related to,Nintendo Wii
B083ZGHMMT,related to,PC Games - Nintendo
B083ZGHMMT,related to,PC Accessories - Nintendo
B083ZGHMMT,related to,Xbox One
B083ZGHMMT,related to,Playstation 5
B083ZGHMMT,related to,Playstation 4
B083ZGHMMT,related to,Playstation Plus
B083ZGHMMT,related to,PC Games
B083ZGHMMT,related to,Controller Accessories - Nintendo
B083ZGHMMT,related to,Headsets - Nintendo
B07CZZXH65,related to,Xbox
B07CZZXH65,related to,Controller Accessories
B07CZZXH65,related to,PC Gaming
B07CZZXH65,related to,Xbox Series X
B07CZZXH65,related to,Xbox Series S
B07CZZXH65,related to,Xbox One
B07CZZXH65,related to,Xbox Live
B07CZZXH65,related to,PC Games - Xbox
B07CZZXH65,related to,PC Accessories - Xbox
B07CZZXH65,related to,Controller Accessories - Xbox
B07CZZXH65,related to,Headsets - Xbox
B07CZZXH65,related to,PC Accessories - Playstation
B07CZZXH65,related to,PC Accessories - Nintendo
B07CZZXH65,related to,Controller Accessories - Playstation
B07CZZXH65,related to,Controller Accessories - Nintendo
B07CZZXH65,related to,PC Games
B07CZZXH65,related to,PC Games - Playstation
B07CZZXH65,related to,PC Games - Nintendo
B000FQ2D5E,related to,Tool Kit
B08DKPXR2Y,related to,PC Gaming
B08DKPXR2Y,related to,Controller Accessories
B08DKPXR2Y,related to,Xbox
B08DKPXR2Y,related to,Playstation
B08DKPXR2Y,related to,PC Games
B08DKPXR2Y,related to,PC Games - Xbox
B08DKPXR2Y,related to,PC Games - Nintendo
B08DKPXR2Y,related to,Xbox Series X
B08DKPXR2Y,related to,Xbox Series S
B08DKPXR2Y,related to,Xbox One
B08DKPXR2Y,related to,Xbox Live
B08DKPXR2Y,related to,Playstation 4
B08DKPXR2Y,related to,PC Accessories - Xbox
B08DKPXR2Y,related to,Controller Accessories - Xbox
B08DKPXR2Y,related to,Headsets - Xbox
B08DKPXR2Y,related to,PC Games - Playstation
B08DKPXR2Y,related to,Controller Accessories - Playstation
B08DKPXR2Y,related to,Controller Accessories - Nintendo
B08DKPXR2Y,related to,Playstation 5
B003TQM4D8,related to,Xbox
B003TQM4D8,related to,PC Gaming
B003TQM4D8,related to,Playstation
B003TQM4D8,related to,Xbox Series X
B003TQM4D8,related to,Xbox Series S
B003TQM4D8,related to,Xbox One
B003TQM4D8,related to,Xbox Live
B003TQM4D8,related to,PC Games
B003TQM4D8,related to,PC Games - Xbox
B003TQM4D8,related to,PC Games - Playstation
B003TQM4D8,related to,PC Games - Nintendo
B003TQM4D8,related to,PC Accessories - Xbox
B003TQM4D8,related to,Controller Accessories - Xbox
B003TQM4D8,related to,Playstation 5
B003TQM4D8,related to,Playstation 4
B07L8VNJ91,related to,Playstation
B07L8VNJ91,related to,PC Gaming
B07L8VNJ91,related to,Headsets
B07L8VNJ91,related to,Xbox
B07L8VNJ91,related to,Nintendo
B07L8VNJ91,related to,Playstation 5
B07L8VNJ91,related to,Playstation 4
B07L8VNJ91,related to,Playstation Plus
B07L8VNJ91,related to,PC Accessories - Playstation
B07L8VNJ91,related to,Headsets - Xbox
B07L8VNJ91,related to,Headsets - Playstation
B07L8VNJ91,related to,Headsets - Nintendo
B07L8VNJ91,related to,PC Games
B07L8VNJ91,related to,PC Games - Xbox
B07L8VNJ91,related to,PC Games - Playstation
B07L8VNJ91,related to,PC Games - Nintendo
B07L8VNJ91,related to,Xbox Series X
B07L8VNJ91,related to,Xbox Series S
B07L8VNJ91,related to,Xbox One
B086M4DQ7R,related to,Headsets
B086M4DQ7R,related to,Playstation
B086M4DQ7R,related to,Cable
B086M4DQ7R,related to,PC Gaming
B086M4DQ7R,related to,Headsets - Xbox
B086M4DQ7R,related to,Headsets - Nintendo
B086M4DQ7R,related to,Headsets - Playstation
B086M4DQ7R,related to,Playstation 5
B086M4DQ7R,related to,Playstation 4
B086M4DQ7R,related to,Playstation Plus
B086M4DQ7R,related to,PC Accessories - Playstation
B086M4DQ7R,related to,PC Games
B086M4DQ7R,related to,PC Games - Nintendo
B000EPP6UA,related to,Xbox
B000EPP6UA,related to,Playstation
B000EPP6UA,related to,Nintendo
B000EPP6UA,related to,PC Gaming
B000EPP6UA,related to,Xbox One
B000EPP6UA,related to,Playstation 5
B000EPP6UA,related to,Playstation 4
B000EPP6UA,related to,Nintendo GameCube
B000EPP6UA,related to,Nintendo DS
B000EPP6UA,related to,Nintendo Wii
B000EPP6UA,related to,PC Games
B000EPP6UA,related to,PC Games - Xbox
B000EPP6UA,related to,PC Games - Playstation
B000EPP6UA,related to,PC Games - Nintendo
B008J35KS2,related to,Xbox
B008J35KS2,related to,Playstation
B008J35KS2,related to,PC Gaming
B008J35KS2,related to,Xbox Series X
B008J35KS2,related to,Xbox One
B008J35KS2,related to,PC Games - Xbox
B008J35KS2,related to,PC Accessories - Xbox
B008J35KS2,related to,Xbox Series S
B008J35KS2,related to,Xbox Live
B008J35KS2,related to,Playstation 5
B008J35KS2,related to,Playstation 4
B008J35KS2,related to,Headsets - Xbox
B008J35KS2,related to,PC Games
B008J35KS2,related to,PC Games - Playstation
B008J35KS2,related to,PC Games - Nintendo
B008J35KS2,related to,Controller Accessories - Xbox
B000069675,related to,Nintendo
B000069675,related to,Nintendo Switch
B000069675,related to,Nintendo GameCube
B000069675,related to,Nintendo DS
B000069675,related to,Nintendo Wii
B000069675,related to,PC Games - Nintendo
B000069675,related to,PC Accessories - Nintendo
B000069675,related to,Controller Accessories - Nintendo
B000069675,related to,PC Games
B00DQNEZVI,related to,PC Gaming
B00DQNEZVI,related to,Playstation
B00DQNEZVI,related to,Nintendo
B00DQNEZVI,related to,Accessories
B00DQNEZVI,related to,PC Games
B00DQNEZVI,related to,PC Games - Xbox
B00DQNEZVI,related to,PC Games - Playstation
B00DQNEZVI,related to,PC Games - Nintendo
B00DQNEZVI,related to,Playstation 5
B00DQNEZVI,related to,Nintendo Switch
B00DQNEZVI,related to,Nintendo GameCube
B00DQNEZVI,related to,Nintendo DS
B00DQNEZVI,related to,Nintendo Wii
B00DQNEZVI,related to,PC Accessories - Nintendo
B00DQNEZVI,related to,Controller Accessories - Nintendo
B00DQNEZVI,related to,Headsets - Nintendo
B01MA5DJHO,related to,Xbox
B01MA5DJHO,related to,PC Gaming
B01MA5DJHO,related to,Playstation
B01MA5DJHO,related to,Controller Accessories
B01MA5DJHO,related to,Xbox One
B01MA5DJHO,related to,PC Games
B01MA5DJHO,related to,PC Games - Xbox
B01MA5DJHO,related to,PC Games - Nintendo
B01MA5DJHO,related to,Xbox Series S
B01MA5DJHO,related to,Playstation 5
B01MA5DJHO,related to,Playstation 4
B01MA5DJHO,related to,Playstation Plus
B01MA5DJHO,related to,PC Games - Playstation
B01MA5DJHO,related to,PC Accessories - Playstation
B01MA5DJHO,related to,Controller Accessories - Playstation
B01MA5DJHO,related to,Headsets - Playstation
B01MA5DJHO,related to,Nintendo Wii
B01MA5DJHO,related to,PC Accessories - Xbox
B01MA5DJHO,related to,PC Accessories - Nintendo
B01MA5DJHO,related to,Controller Accessories - Xbox
B01MA5DJHO,related to,Controller Accessories - Nintendo
B00CMQTVUA,related to,Xbox
B00CMQTVUA,related to,Playstation
B00CMQTVUA,related to,PC Gaming
B00CMQTVUA,related to,Cable
B00CMQTVUA,related to,PC Games
B00CMQTVUA,related to,Xbox Series X
B00CMQTVUA,related to,Xbox Series S
B00CMQTVUA,related to,Xbox One
B00CMQTVUA,related to,Xbox Live
B00CMQTVUA,related to,PC Games - Xbox
B00CMQTVUA,related to,PC Accessories - Xbox
B00CMQTVUA,related to,Controller Accessories - Xbox
B00CMQTVUA,related to,Headsets - Xbox
B00CMQTVUA,related to,PC Games - Playstation
B00CMQTVUA,related to,PC Games - Nintendo
B00CMQTVUA,related to,Playstation 5
B00CMQTVUA,related to,Playstation 4
B08H1SYGWV,related to,PC Gaming
B08H1SYGWV,related to,Xbox
B08H1SYGWV,related to,Controller Accessories
B08H1SYGWV,related to,PC Accessories
B08H1SYGWV,related to,Accessories
B08H1SYGWV,related to,Other Accessories
B08H1SYGWV,related to,PC Games
B08H1SYGWV,related to,Xbox Series X
B08H1SYGWV,related to,Xbox Series S
B08H1SYGWV,related to,Xbox One
B08H1SYGWV,related to,Xbox Live
B08H1SYGWV,related to,PC Games - Xbox
B08H1SYGWV,related to,PC Games - Nintendo
B08H1SYGWV,related to,PC Accessories - Xbox
B08H1SYGWV,related to,PC Accessories - Playstation
B08H1SYGWV,related to,PC Accessories - Nintendo
B08H1SYGWV,related to,Controller Accessories - Xbox
B08H1SYGWV,related to,Controller Accessories - Playstation
B08H1SYGWV,related to,Controller Accessories - Nintendo
B08H1SYGWV,related to,Headsets - Xbox
B08ZHWF143,related to,PC Gaming
B08ZHWF143,related to,Nintendo
B08ZHWF143,related to,Controller Accessories
B08ZHWF143,related to,PC Games
B08ZHWF143,related to,PC Games - Nintendo
B08ZHWF143,related to,Nintendo Switch
B08ZHWF143,related to,Nintendo GameCube
B08ZHWF143,related to,Nintendo DS
B08ZHWF143,related to,Nintendo Wii
B08ZHWF143,related to,PC Accessories - Nintendo
B08ZHWF143,related to,Controller Accessories - Nintendo
B08ZHWF143,related to,Headsets - Nintendo
B08ZHWF143,related to,Controller Accessories - Xbox
B08ZHWF143,related to,Controller Accessories - Playstation
B00002SVN7,related to,Playstation
B00002SVN7,related to,Nintendo
B00002SVN7,related to,PC Gaming
B00002SVN7,related to,Playstation 5
B00002SVN7,related to,Playstation 4
B00002SVN7,related to,Playstation Plus
B00002SVN7,related to,Nintendo Switch
B00002SVN7,related to,Nintendo GameCube
B00002SVN7,related to,Nintendo DS
B00002SVN7,related to,Nintendo Wii
B00002SVN7,related to,PC Games - Nintendo
B00002SVN7,related to,PC Games
B00002SVN7,related to,PC Games - Xbox
B00002SVN7,related to,PC Games - Playstation
B007QVG3LG,related to,Playstation
B007QVG3LG,related to,Nintendo
B007QVG3LG,related to,PC Gaming
B007QVG3LG,related to,Xbox Series S
B007QVG3LG,related to,Playstation 5
B007QVG3LG,related to,Playstation 4
B007QVG3LG,related to,Playstation Plus
B007QVG3LG,related to,Nintendo Switch
B007QVG3LG,related to,Nintendo GameCube
B007QVG3LG,related to,Nintendo DS
B007QVG3LG,related to,Nintendo Wii
B007QVG3LG,related to,PC Games - Nintendo
B007QVG3LG,related to,PC Accessories - Nintendo
B007QVG3LG,related to,Controller Accessories - Nintendo
B007QVG3LG,related to,Headsets - Nintendo
B007QVG3LG,related to,PC Games
B072V478NR,related to,Nintendo
B072V478NR,related to,Xbox
B072V478NR,related to,Playstation
B072V478NR,related to,PC Gaming
B072V478NR,related to,Playstation 5
B072V478NR,related to,Nintendo Switch
B072V478NR,related to,Nintendo GameCube
B072V478NR,related to,Nintendo DS
B072V478NR,related to,Nintendo Wii
B072V478NR,related to,PC Games - Nintendo
B072V478NR,related to,PC Accessories - Nintendo
B072V478NR,related to,Controller Accessories - Nintendo
B072V478NR,related to,Headsets - Nintendo
B072V478NR,related to,Xbox One
B072V478NR,related to,Playstation 4
B072V478NR,related to,Playstation Plus
B072V478NR,related to,PC Games
B072V478NR,related to,Screen Protection
B000FQ9YB0,related to,Xbox
B000FQ9YB0,related to,Playstation
B000FQ9YB0,related to,Nintendo
B000FQ9YB0,related to,PC Gaming
B000FQ9YB0,related to,Xbox Series X
B000FQ9YB0,related to,Xbox One
B000FQ9YB0,related to,PC Games
B000FQ9YB0,related to,PC Games - Xbox
B000FQ9YB0,related to,PC Games - Playstation
B000FQ9YB0,related to,PC Games - Nintendo
B000FQ9YB0,related to,PC Accessories - Nintendo
B000FQ9YB0,related to,Nintendo Switch
B000FQ9YB0,related to,Nintendo GameCube
B000FQ9YB0,related to,Nintendo DS
B000FQ9YB0,related to,Nintendo Wii
B000FQ9YB0,related to,Controller Accessories - Nintendo
B07V1NV26G,related to,PC Gaming
B07V1NV26G,related to,Controller Accessories
B07V1NV26G,related to,Playstation
B07V1NV26G,related to,Xbox Live
B07V1NV26G,related to,PC Games
B07V1NV26G,related to,PC Games - Nintendo
B07V1NV26G,related to,Controller Accessories - Xbox
B07V1NV26G,related to,Controller Accessories - Playstation
B07V1NV26G,related to,Controller Accessories - Nintendo
B07V1NV26G,related to,Playstation 5
B07V1NV26G,related to,Playstation 4
B07V1NV26G,related to,Playstation Plus
B07V1NV26G,related to,PC Games - Playstation
B07V1NV26G,related to,PC Accessories - Playstation
B07V1NV26G,related to,Headsets - Playstation
B00004U8KL,related to,Cable
B00004U8KL,related to,Xbox
B00004U8KL,related to,Playstation
B00004U8KL,related to,PC Gaming
B00004U8KL,related to,Nintendo
B00004U8KL,related to,Cable Released
B00004U8KL,related to,Xbox One
B00004U8KL,related to,Playstation 5
B00004U8KL,related to,Playstation 4
B00004U8KL,related to,Playstation Plus
B00004U8KL,related to,PC Games
B00004U8KL,related to,PC Games - Xbox
B00004U8KL,related to,PC Games - Playstation
B00004U8KL,related to,PC Games - Nintendo
B00004U8KL,related to,PC Accessories - Playstation
B00004U8KL,related to,Controller Accessories - Playstation
B00004U8KL,related to,Headsets - Playstation
B00004U8KL,related to,Xbox Series S
B00004U8KL,related to,Nintendo GameCube
B00004U8KL,related to,Nintendo DS
B00004U8KL,related to,Nintendo Wii
B00004U8KL,related to,PC Accessories - Nintendo
B00020BV2O,related to,Nintendo
B00020BV2O,related to,PC Gaming
B00020BV2O,related to,Nintendo GameCube
B00020BV2O,related to,Nintendo Wii
B00020BV2O,related to,PC Games - Nintendo
B000GA966I,related to,Xbox
B000GA966I,related to,Playstation
B000GA966I,related to,Nintendo
B000GA966I,related to,PC Gaming
B000GA966I,related to,Xbox Series S
B000GA966I,related to,Xbox One
B000GA966I,related to,Playstation 5
B000GA966I,related to,Playstation 4
B000GA966I,related to,Playstation Plus
B000GA966I,related to,Nintendo DS
B000GA966I,related to,Nintendo Wii
B000GA966I,related to,PC Games
B000GA966I,related to,PC Games - Xbox
B000GA966I,related to,PC Games - Playstation
B000GA966I,related to,PC Games - Nintendo
B000GA966I,related to,PC Accessories - Playstation
B000GA966I,related to,Controller Accessories - Playstation
B000GA966I,related to,Headsets - Playstation
B009JBFF9C,related to,PC Games
B009JBFF9C,related to,PC Games - Xbox
B009JBFF9C,related to,PC Games - Playstation
B009JBFF9C,related to,PC Games - Nintendo
B002JTX7IM,related to,Nintendo
B002JTX7IM,related to,PC Games
B002JTX7IM,related to,Nintendo Wii
B002JTX7IM,related to,Controller Accessories - Nintendo
B002JTX7IM,related to,Nintendo GameCube
B0184N5RBG,related to,Playstation
B0184N5RBG,related to,Controller Accessories
B0184N5RBG,related to,Playstation 5
B0184N5RBG,related to,Playstation 4
B0184N5RBG,related to,Playstation Plus
B0184N5RBG,related to,PC Games - Playstation
B0184N5RBG,related to,PC Accessories - Playstation
B0184N5RBG,related to,Controller Accessories - Playstation
B0184N5RBG,related to,Headsets - Playstation
B0184N5RBG,related to,Controller Accessories - Xbox
B0184N5RBG,related to,Controller Accessories - Nintendo
B007XUQXL0,related to,Xbox
B007XUQXL0,related to,Playstation
B007XUQXL0,related to,Nintendo
B007XUQXL0,related to,PC Gaming
B007XUQXL0,related to,Xbox Series X
B007XUQXL0,related to,Xbox Series S
B007XUQXL0,related to,Xbox One
B007XUQXL0,related to,Xbox Live
B007XUQXL0,related to,Playstation 5
B007XUQXL0,related to,Playstation 4
B007XUQXL0,related to,Playstation Plus
B007XUQXL0,related to,PC Games
B007XUQXL0,related to,PC Games - Xbox
B007XUQXL0,related to,PC Games - Playstation
B007XUQXL0,related to,PC Games - Nintendo
B007XUQXL0,related to,PC Accessories - Xbox
B007XUQXL0,related to,PC Accessories - Playstation
B007XUQXL0,related to,PC Accessories - Nintendo
B007XUQXL0,related to,Controller Accessories - Xbox
B007XUQXL0,related to,Headsets - Xbox
B007XUQXL0,related to,Nintendo Wii
B003DNSR3S,related to,PC Gaming
B003DNSR3S,related to,Xbox
B003DNSR3S,related to,Playstation
B003DNSR3S,related to,Nintendo
B003DNSR3S,related to,PC Games
B003DNSR3S,related to,Xbox Series X
B003DNSR3S,related to,Xbox Series S
B003DNSR3S,related to,Xbox One
B003DNSR3S,related to,Playstation 5
B003DNSR3S,related to,Playstation 4
B003DNSR3S,related to,PC Games - Xbox
B003DNSR3S,related to,PC Games - Playstation
B003DNSR3S,related to,PC Games - Nintendo
B003DNSR3S,related to,PC Accessories - Xbox
B003DNSR3S,related to,PC Accessories - Nintendo
B072289M2R,related to,PC Gaming
B072289M2R,related to,Xbox
B072289M2R,related to,PC Games
B072289M2R,related to,Xbox Series X
B072289M2R,related to,Xbox Series S
B072289M2R,related to,Xbox One
B072289M2R,related to,Xbox Live
B072289M2R,related to,PC Games - Xbox
B072289M2R,related to,PC Games - Playstation
B072289M2R,related to,PC Accessories - Xbox
B072289M2R,related to,Controller Accessories - Xbox
B072289M2R,related to,Headsets - Xbox
B00AZGC3VI,related to,PC Games
B00FPQPXU6,related to,PC Gaming
B00FPQPXU6,related to,PC Accessories
B00FPQPXU6,related to,PC Games
B09TH538GG,related to,Controller Accessories
B09TH538GG,related to,Xbox
B09TH538GG,related to,Playstation
B09TH538GG,related to,Nintendo
B09TH538GG,related to,PC Gaming
B09TH538GG,related to,Nintendo Switch
B09TH538GG,related to,Controller Accessories - Xbox
B09TH538GG,related to,Controller Accessories - Nintendo
B09TH538GG,related to,Xbox One
B09TH538GG,related to,Playstation 5
B09TH538GG,related to,Playstation 4
B09TH538GG,related to,Playstation Plus
B09TH538GG,related to,Nintendo GameCube
B09TH538GG,related to,Nintendo DS
B09TH538GG,related to,Nintendo Wii
B09TH538GG,related to,PC Games
B09TH538GG,related to,PC Games - Nintendo
B09TH538GG,related to,PC Accessories - Nintendo
B09TH538GG,related to,Headsets - Nintendo
B09TH538GG,related to,PC Games - Xbox
B0741BZ466,related to,PC Accessories
B0741BZ466,related to,Accessories
B0741BZ466,related to,Controller Accessories
B0741BZ466,related to,Other Accessories
B0741BZ466,related to,Xbox
B0741BZ466,related to,Playstation
B0741BZ466,related to,Nintendo
B0741BZ466,related to,PC Gaming
B0741BZ466,related to,PC Accessories - Nintendo
B0741BZ466,related to,Controller Accessories - Nintendo
B0741BZ466,related to,Xbox One
B0741BZ466,related to,Playstation 5
B0741BZ466,related to,Playstation 4
B0741BZ466,related to,Playstation Plus
B0741BZ466,related to,Nintendo Switch
B0741BZ466,related to,Nintendo GameCube
B0741BZ466,related to,Nintendo DS
B0741BZ466,related to,Nintendo Wii
B0741BZ466,related to,PC Games
B0741BZ466,related to,PC Games - Nintendo
B0741BZ466,related to,Headsets - Nintendo
B07KRWJCQW,related to,Xbox
B07KRWJCQW,related to,Playstation
B07KRWJCQW,related to,Nintendo
B07KRWJCQW,related to,PC Gaming
B07KRWJCQW,related to,Xbox One
B07KRWJCQW,related to,Playstation 5
B07KRWJCQW,related to,Playstation 4
B07KRWJCQW,related to,Playstation Plus
B07KRWJCQW,related to,PC Games
B07KRWJCQW,related to,PC Games - Xbox
B07KRWJCQW,related to,PC Games - Playstation
B07KRWJCQW,related to,PC Games - Nintendo
B07KRWJCQW,related to,Xbox Series X
B07KRWJCQW,related to,Xbox Live
B07KRWJCQW,related to,PC Accessories - Xbox
B07KRWJCQW,related to,Controller Accessories - Xbox
B07KRWJCQW,related to,Headsets - Xbox
B07KRWJCQW,related to,Xbox Series S
B07KRWJCQW,related to,Nintendo Wii
B07KRWJCQW,related to,PC Accessories - Playstation
B07KRWJCQW,related to,PC Accessories - Nintendo
B07KRWJCQW,related to,Controller Accessories - Playstation
B0929JM6ZS,related to,Xbox
B0929JM6ZS,related to,PC Gaming
B0929JM6ZS,related to,Controller Accessories
B0929JM6ZS,related to,Playstation
B0929JM6ZS,related to,Nintendo
B0929JM6ZS,related to,Xbox Series X
B0929JM6ZS,related to,Xbox One
B0929JM6ZS,related to,Xbox Live
B0929JM6ZS,related to,PC Games - Xbox
B0929JM6ZS,related to,PC Accessories - Xbox
B0929JM6ZS,related to,Headsets - Xbox
B0929JM6ZS,related to,PC Games
B0929JM6ZS,related to,PC Games - Playstation
B0929JM6ZS,related to,PC Games - Nintendo
B0929JM6ZS,related to,Controller Accessories - Xbox
B0929JM6ZS,related to,Controller Accessories - Playstation
B0929JM6ZS,related to,Controller Accessories - Nintendo
B0929JM6ZS,related to,Playstation 5
B0929JM6ZS,related to,Playstation 4
B0929JM6ZS,related to,Playstation Plus
B0929JM6ZS,related to,Nintendo Wii
B088PN83MZ,related to,Playstation
B088PN83MZ,related to,Playstation 5
B088PN83MZ,related to,Playstation 4
B088PN83MZ,related to,Playstation Plus
B088PN83MZ,related to,PC Games - Playstation
B088PN83MZ,related to,PC Accessories - Xbox
B088PN83MZ,related to,PC Accessories - Playstation
B088PN83MZ,related to,PC Accessories - Nintendo
B088PN83MZ,related to,Controller Accessories - Playstation
B088PN83MZ,related to,Headsets - Playstation
B088PN83MZ,related to,Xbox One
B088PN83MZ,related to,PC Games - Xbox
B000B8K7RC,related to,PC Games
B06XYP9LNF,related to,Nintendo
B06XYP9LNF,related to,PC Gaming
B06XYP9LNF,related to,PC Accessories
B06XYP9LNF,related to,Accessories
B06XYP9LNF,related to,Nintendo Switch
B06XYP9LNF,related to,Nintendo GameCube
B06XYP9LNF,related to,Nintendo DS
B06XYP9LNF,related to,Nintendo Wii
B06XYP9LNF,related to,PC Games - Nintendo
B06XYP9LNF,related to,PC Accessories - Nintendo
B06XYP9LNF,related to,Controller Accessories - Nintendo
B06XYP9LNF,related to,Headsets - Nintendo
B06XYP9LNF,related to,PC Games
B06XYP9LNF,related to,PC Games - Xbox
B06XYP9LNF,related to,PC Games - Playstation
B0029F25FW,related to,PC Gaming
B0029F25FW,related to,Nintendo
B0029F25FW,related to,PC Games
B0029F25FW,related to,Playstation 5
B0029F25FW,related to,Playstation 4
B0029F25FW,related to,PC Games - Xbox
B0029F25FW,related to,PC Games - Playstation
B0029F25FW,related to,PC Games - Nintendo
B00YQM1PNY,related to,Xbox
B00YQM1PNY,related to,Playstation
B00YQM1PNY,related to,PC Gaming
B00YQM1PNY,related to,Xbox Series X
B00YQM1PNY,related to,Xbox Series S
B00YQM1PNY,related to,Xbox One
B00YQM1PNY,related to,Xbox Live
B00YQM1PNY,related to,Playstation 5
B00YQM1PNY,related to,Playstation 4
B00YQM1PNY,related to,Playstation Plus
B00YQM1PNY,related to,PC Games
B00YQM1PNY,related to,PC Games - Xbox
B00YQM1PNY,related to,PC Games - Playstation
B00YQM1PNY,related to,PC Games - Nintendo
B00YQM1PNY,related to,PC Accessories - Playstation
B00YQM1PNY,related to,Controller Accessories - Playstation
B00YQM1PNY,related to,Headsets - Playstation
B08N1C8SD8,related to,PC Gaming
B08N1C8SD8,related to,Xbox
B08N1C8SD8,related to,Playstation
B08N1C8SD8,related to,Keyboard
B08N1C8SD8,related to,PC Games
B08N1C8SD8,related to,PC Games - Nintendo
B08N1C8SD8,related to,Xbox One
B08N1C8SD8,related to,Playstation 5
B08N1C8SD8,related to,Playstation 4
B08N1C8SD8,related to,PC Games - Xbox
B08N1C8SD8,related to,PC Games - Playstation
B08N1C8SD8,related to,PC Accessories - Xbox
B08N1C8SD8,related to,PC Accessories - Playstation
B08N1C8SD8,related to,PC Accessories - Nintendo
B08N1C8SD8,related to,Controller Accessories - Xbox
B08N1C8SD8,related to,Controller Accessories - Playstation
B000UQURWA,related to,PC Gaming
B000UQURWA,related to,PC Games
B000UQURWA,related to,PC Games - Xbox
B000UQURWA,related to,PC Games - Playstation
B000UQURWA,related to,PC Games - Nintendo
B000X2BAOK,related to,Xbox
B000X2BAOK,related to,Nintendo
B000X2BAOK,related to,PC Gaming
B000X2BAOK,related to,PC Accessories
B000X2BAOK,related to,Accessories
B000X2BAOK,related to,Controller Accessories
B000X2BAOK,related to,Other Accessories
B000X2BAOK,related to,Playstation
B000X2BAOK,related to,Xbox One
B000X2BAOK,related to,PC Games
B000X2BAOK,related to,PC Games - Xbox
B000X2BAOK,related to,PC Games - Nintendo
B000X2BAOK,related to,PC Accessories - Xbox
B000X2BAOK,related to,PC Accessories - Playstation
B000X2BAOK,related to,PC Accessories - Nintendo
B000X2BAOK,related to,Controller Accessories - Xbox
B000X2BAOK,related to,Controller Accessories - Playstation
B000X2BAOK,related to,Controller Accessories - Nintendo
B000X2BAOK,related to,PC Games - Playstation
B000X2BAOK,related to,Playstation 5
B000X2BAOK,related to,Playstation 4
B000X2BAOK,related to,Playstation Plus
B00BYD056G,related to,PC Gaming
B00BYD056G,related to,Xbox
B00BYD056G,related to,Playstation
B00BYD056G,related to,Nintendo
B00BYD056G,related to,PC Games
B00BYD056G,related to,PC Games - Xbox
B00BYD056G,related to,PC Games - Playstation
B00BYD056G,related to,PC Games - Nintendo
B00BYD056G,related to,Xbox One
B00BYD056G,related to,Playstation 5
B00BYD056G,related to,Playstation 4
B00BYD056G,related to,Playstation Plus
B00BYD056G,related to,PC Accessories - Xbox
B00BYD056G,related to,PC Accessories - Playstation
B00BYD056G,related to,PC Accessories - Nintendo
B003R7JXOM,related to,Nintendo
B003R7JXOM,related to,Nintendo Switch
B003R7JXOM,related to,Nintendo GameCube
B003R7JXOM,related to,Nintendo DS
B003R7JXOM,related to,Nintendo Wii
B003R7JXOM,related to,PC Games - Nintendo
B003R7JXOM,related to,Controller Accessories - Nintendo
B003R7JXOM,related to,PC Games
B07V4MYCLB,related to,PC Gaming
B07V4MYCLB,related to,Xbox
B07V4MYCLB,related to,Playstation
B07V4MYCLB,related to,Nintendo
B07V4MYCLB,related to,PC Games
B07V4MYCLB,related to,Xbox One
B07V4MYCLB,related to,Playstation 5
B07V4MYCLB,related to,Playstation 4
B07V4MYCLB,related to,Playstation Plus
B07V4MYCLB,related to,Nintendo Wii
B07V4MYCLB,related to,PC Games - Xbox
B07V4MYCLB,related to,PC Games - Playstation
B07V4MYCLB,related to,PC Games - Nintendo
B07V4MYCLB,related to,Keyboard
B07DXGQ85B,related to,Xbox
B07DXGQ85B,related to,PC Gaming
B07DXGQ85B,related to,Xbox Series X
B07DXGQ85B,related to,Xbox One
B07DXGQ85B,related to,PC Games - Xbox
B07DXGQ85B,related to,PC Accessories - Xbox
B07DXGQ85B,related to,Controller Accessories - Xbox
B07DXGQ85B,related to,PC Games
B073SC6V1D,related to,PC Gaming
B073SC6V1D,related to,Playstation
B073SC6V1D,related to,Nintendo
B073SC6V1D,related to,Playstation 5
B073SC6V1D,related to,Keyboard
B073SC6V1D,related to,Playstation Plus
B073SC6V1D,related to,PC Games
B073SC6V1D,related to,PC Games - Playstation
B073SC6V1D,related to,PC Games - Nintendo
B00008I800,related to,Nintendo
B00008I800,related to,Xbox
B00008I800,related to,Playstation
B00008I800,related to,PC Gaming
B00008I800,related to,PC Games
B00008I800,related to,Xbox Series S
B00008I800,related to,Xbox One
B00008I800,related to,Playstation 5
B00008I800,related to,Playstation 4
B00008I800,related to,Playstation Plus
B00008I800,related to,Nintendo DS
B00008I800,related to,Nintendo Wii
B00008I800,related to,PC Games - Xbox
B00008I800,related to,PC Games - Playstation
B00008I800,related to,PC Games - Nintendo
B00008I800,related to,PC Accessories - Playstation
B00008I800,related to,Controller Accessories - Playstation
B00008I800,related to,Headsets - Playstation
B073FBPF4X,related to,PC Gaming
B073FBPF4X,related to,Xbox
B073FBPF4X,related to,Playstation
B073FBPF4X,related to,Nintendo
B073FBPF4X,related to,PC Games
B073FBPF4X,related to,PC Games - Xbox
B073FBPF4X,related to,PC Games - Playstation
B073FBPF4X,related to,PC Games - Nintendo
B073FBPF4X,related to,Xbox Series X
B073FBPF4X,related to,Xbox Series S
B073FBPF4X,related to,Xbox One
B073FBPF4X,related to,Playstation 5
B073FBPF4X,related to,Playstation 4
B073FBPF4X,related to,PC Accessories - Xbox
B073FBPF4X,related to,PC Accessories - Nintendo
B001EYUQ7S,related to,Xbox
B001EYUQ7S,related to,Playstation
B001EYUQ7S,related to,Nintendo
B001EYUQ7S,related to,PC Gaming
B001EYUQ7S,related to,Xbox Series X
B001EYUQ7S,related to,Xbox Series S
B001EYUQ7S,related to,Xbox One
B001EYUQ7S,related to,Xbox Live
B001EYUQ7S,related to,Playstation 5
B001EYUQ7S,related to,Playstation 4
B001EYUQ7S,related to,Playstation Plus
B001EYUQ7S,related to,Nintendo GameCube
B001EYUQ7S,related to,Nintendo Wii
B001EYUQ7S,related to,PC Games
B001EYUQ7S,related to,PC Games - Xbox
B001EYUQ7S,related to,PC Games - Playstation
B001EYUQ7S,related to,PC Games - Nintendo
B001EYUQ7S,related to,PC Accessories - Xbox
B001EYUQ7S,related to,Controller Accessories - Xbox
B001EYUQ7S,related to,Headsets - Xbox
B000HI1I2E,related to,PC Gaming
B000HI1I2E,related to,PC Games
B000HI1I2E,related to,PC Games - Playstation
B000HI1I2E,related to,PC Games - Nintendo
B000HI1I2E,related to,PC Accessories - Nintendo
B07R4C1G6Z,related to,Xbox
B07R4C1G6Z,related to,Playstation
B07R4C1G6Z,related to,Nintendo
B07R4C1G6Z,related to,PC Gaming
B07R4C1G6Z,related to,Xbox Series S
B07R4C1G6Z,related to,Xbox One
B07R4C1G6Z,related to,Playstation 5
B07R4C1G6Z,related to,Playstation 4
B07R4C1G6Z,related to,Playstation Plus
B07R4C1G6Z,related to,Nintendo DS
B07R4C1G6Z,related to,Nintendo Wii
B07R4C1G6Z,related to,PC Games
B07R4C1G6Z,related to,PC Games - Xbox
B07R4C1G6Z,related to,PC Games - Playstation
B07R4C1G6Z,related to,PC Games - Nintendo
B07R4C1G6Z,related to,PC Accessories - Playstation
B07R4C1G6Z,related to,Controller Accessories - Playstation
B07R4C1G6Z,related to,Headsets - Playstation
B07R4C1G6Z,related to,Cable Released
B001EYUSBW,related to,Playstation
B001EYUSBW,related to,Nintendo
B001EYUSBW,related to,PC Gaming
B001EYUSBW,related to,PC Games
B001EYUSBW,related to,Nintendo Wii
B001EYUSBW,related to,PC Games - Xbox
B001EYUSBW,related to,PC Games - Playstation
B001EYUSBW,related to,PC Games - Nintendo
B001EYUSBW,related to,Xbox Series S
B001EYUSBW,related to,Playstation 5
B001EYUSBW,related to,Playstation 4
B001EYUSBW,related to,Playstation Plus
B001EYUSBW,related to,Nintendo Switch
B001EYUSBW,related to,Nintendo GameCube
B001EYUSBW,related to,Nintendo DS
B001EYUSBW,related to,PC Accessories - Nintendo
B001EYUSBW,related to,Controller Accessories - Nintendo
B001EYUSBW,related to,Headsets - Nintendo
B095WDDH4N,related to,Cable
B095WDDH4N,related to,Controller Accessories
B095WDDH4N,related to,Xbox
B095WDDH4N,related to,PC Gaming
B095WDDH4N,related to,PC Games
B095WDDH4N,related to,PC Games - Xbox
B095WDDH4N,related to,Xbox Series X
B095WDDH4N,related to,Xbox Series S
B095WDDH4N,related to,Xbox One
B0094MYU4M,related to,Headsets
B0094MYU4M,related to,PC Gaming
B0094MYU4M,related to,Headsets - Xbox
B0094MYU4M,related to,Headsets - Playstation
B0094MYU4M,related to,Headsets - Nintendo
B0094MYU4M,related to,PC Games
B0094MYU4M,related to,PC Games - Xbox
B0094MYU4M,related to,PC Games - Nintendo
B087LTD9ZJ,related to,Accessories
B087LTD9ZJ,related to,Other Accessories
B087LTD9ZJ,related to,Nintendo
B087LTD9ZJ,related to,Xbox
B087LTD9ZJ,related to,Playstation
B087LTD9ZJ,related to,PC Gaming
B087LTD9ZJ,related to,Nintendo Switch
B087LTD9ZJ,related to,Nintendo GameCube
B087LTD9ZJ,related to,Nintendo DS
B087LTD9ZJ,related to,Nintendo Wii
B087LTD9ZJ,related to,PC Games - Nintendo
B087LTD9ZJ,related to,PC Accessories - Nintendo
B087LTD9ZJ,related to,Controller Accessories - Nintendo
B087LTD9ZJ,related to,Headsets - Nintendo
B087LTD9ZJ,related to,Xbox One
B087LTD9ZJ,related to,Playstation 5
B087LTD9ZJ,related to,Playstation 4
B087LTD9ZJ,related to,Playstation Plus
B087LTD9ZJ,related to,PC Games
B00005YO7I,related to,Xbox
B00005YO7I,related to,Playstation
B00005YO7I,related to,Nintendo
B00005YO7I,related to,PC Gaming
B00005YO7I,related to,Xbox One
B00005YO7I,related to,Playstation 5
B00005YO7I,related to,Playstation 4
B00005YO7I,related to,Playstation Plus
B00005YO7I,related to,Nintendo Wii
B00005YO7I,related to,PC Games
B00005YO7I,related to,PC Games - Xbox
B00005YO7I,related to,PC Games - Playstation
B00005YO7I,related to,PC Games - Nintendo
B075S5CYZR,related to,Xbox
B075S5CYZR,related to,Playstation
B075S5CYZR,related to,Nintendo
B075S5CYZR,related to,PC Gaming
B075S5CYZR,related to,PC Games
B075S5CYZR,related to,Xbox Series S
B075S5CYZR,related to,Xbox One
B075S5CYZR,related to,Playstation 5
B075S5CYZR,related to,Playstation 4
B075S5CYZR,related to,Playstation Plus
B075S5CYZR,related to,Nintendo DS
B075S5CYZR,related to,Nintendo Wii
B075S5CYZR,related to,PC Games - Xbox
B075S5CYZR,related to,PC Games - Playstation
B075S5CYZR,related to,PC Games - Nintendo
B075S5CYZR,related to,PC Accessories - Playstation
B075S5CYZR,related to,Controller Accessories - Playstation
B075S5CYZR,related to,Headsets - Playstation
B00004SVOK,related to,Xbox
B00004SVOK,related to,Playstation
B00004SVOK,related to,Nintendo
B00004SVOK,related to,PC Gaming
B00004SVOK,related to,Playstation 5
B00004SVOK,related to,Playstation 4
B00004SVOK,related to,Nintendo Switch
B00004SVOK,related to,Nintendo GameCube
B00004SVOK,related to,Nintendo DS
B00004SVOK,related to,Nintendo Wii
B00004SVOK,related to,PC Games
B00004SVOK,related to,PC Games - Xbox
B00004SVOK,related to,PC Games - Playstation
B00004SVOK,related to,PC Games - Nintendo
B00004SVOK,related to,PC Accessories - Nintendo
B00004SVOK,related to,Controller Accessories - Nintendo
B004OYV80Y,related to,Nintendo
B004OYV80Y,related to,Nintendo Switch
B004OYV80Y,related to,Nintendo GameCube
B004OYV80Y,related to,Nintendo DS
B004OYV80Y,related to,Nintendo Wii
B004OYV80Y,related to,PC Games - Nintendo
B004OYV80Y,related to,PC Accessories - Nintendo
B004OYV80Y,related to,Controller Accessories - Nintendo
B004OYV80Y,related to,Headsets - Nintendo
B004OYV80Y,related to,Tool Kit
B075JZ1G18,related to,Playstation
B075JZ1G18,related to,Nintendo
B075JZ1G18,related to,PC Gaming
B075JZ1G18,related to,Playstation 5
B075JZ1G18,related to,Playstation 4
B075JZ1G18,related to,Nintendo Wii
B075JZ1G18,related to,PC Games
B075JZ1G18,related to,PC Games - Xbox
B075JZ1G18,related to,PC Games - Playstation
B075JZ1G18,related to,PC Games - Nintendo
B00NETKFJU,related to,Nintendo
B00NETKFJU,related to,Nintendo Wii
B071JYPVHC,related to,Playstation
B071JYPVHC,related to,Nintendo
B071JYPVHC,related to,PC Gaming
B071JYPVHC,related to,Playstation 5
B071JYPVHC,related to,Playstation 4
B071JYPVHC,related to,Nintendo Wii
B071JYPVHC,related to,PC Games
B071JYPVHC,related to,PC Games - Xbox
B071JYPVHC,related to,PC Games - Playstation
B071JYPVHC,related to,PC Games - Nintendo
B08G4RBHBN,related to,Nintendo
B08G4RBHBN,related to,Nintendo Switch
B08G4RBHBN,related to,Nintendo GameCube
B08G4RBHBN,related to,Nintendo DS
B08G4RBHBN,related to,Nintendo Wii
B08G4RBHBN,related to,PC Games - Nintendo
B08G4RBHBN,related to,PC Accessories - Nintendo
B08G4RBHBN,related to,Controller Accessories - Nintendo
B08G4RBHBN,related to,Headsets - Nintendo
B001ELJE2O,related to,Playstation
B001ELJE2O,related to,Nintendo
B001ELJE2O,related to,PC Gaming
B001ELJE2O,related to,Playstation 5
B001ELJE2O,related to,Playstation 4
B001ELJE2O,related to,Nintendo Wii
B001ELJE2O,related to,PC Games
B001ELJE2O,related to,PC Games - Xbox
B001ELJE2O,related to,PC Games - Playstation
B001ELJE2O,related to,PC Games - Nintendo
B00D6ARR8E,related to,Xbox
B00D6ARR8E,related to,Playstation
B00D6ARR8E,related to,Nintendo
B00D6ARR8E,related to,PC Gaming
B00D6ARR8E,related to,Xbox Series X
B00D6ARR8E,related to,Xbox One
B00D6ARR8E,related to,PC Games
B00D6ARR8E,related to,PC Games - Xbox
B00D6ARR8E,related to,PC Games - Playstation
B00D6ARR8E,related to,PC Games - Nintendo
B00D6ARR8E,related to,PC Accessories - Nintendo
B00D6ARR8E,related to,Nintendo Wii
B07P6T66XS,related to,PC Gaming
B07P6T66XS,related to,PC Games
B07P6T66XS,related to,PC Games - Nintendo
B002ZJBVW0,related to,Nintendo
B002ZJBVW0,related to,Xbox
B002ZJBVW0,related to,Playstation
B002ZJBVW0,related to,PC Gaming
B002ZJBVW0,related to,Nintendo Switch
B002ZJBVW0,related to,Nintendo GameCube
B002ZJBVW0,related to,Nintendo DS
B002ZJBVW0,related to,Nintendo Wii
B002ZJBVW0,related to,PC Games - Nintendo
B002ZJBVW0,related to,PC Accessories - Nintendo
B002ZJBVW0,related to,Controller Accessories - Nintendo
B002ZJBVW0,related to,Xbox One
B002ZJBVW0,related to,Playstation 5
B002ZJBVW0,related to,Playstation 4
B002ZJBVW0,related to,Playstation Plus
B002ZJBVW0,related to,PC Games
B002ZJBVW0,related to,PC Games - Xbox
B002ZJBVW0,related to,PC Games - Playstation
B004AM65D0,related to,Xbox
B004AM65D0,related to,Playstation
B004AM65D0,related to,Nintendo
B004AM65D0,related to,PC Gaming
B004AM65D0,related to,Xbox Series X
B004AM65D0,related to,Xbox Series S
B004AM65D0,related to,Xbox One
B004AM65D0,related to,Playstation 5
B004AM65D0,related to,Playstation 4
B004AM65D0,related to,Nintendo Switch
B004AM65D0,related to,Nintendo GameCube
B004AM65D0,related to,Nintendo DS
B004AM65D0,related to,Nintendo Wii
B004AM65D0,related to,PC Games
B004AM65D0,related to,PC Games - Xbox
B004AM65D0,related to,PC Games - Playstation
B004AM65D0,related to,PC Games - Nintendo
B004AM65D0,related to,PC Accessories - Nintendo
B004AM65D0,related to,Controller Accessories - Nintendo
B004AM65D0,related to,Headsets - Nintendo
B015ISUG0M,related to,Xbox
B015ISUG0M,related to,Playstation
B015ISUG0M,related to,Nintendo
B015ISUG0M,related to,PC Gaming
B015ISUG0M,related to,Xbox Series S
B015ISUG0M,related to,Xbox One
B015ISUG0M,related to,Playstation 5
B015ISUG0M,related to,Playstation 4
B015ISUG0M,related to,Playstation Plus
B015ISUG0M,related to,Nintendo DS
B015ISUG0M,related to,Nintendo Wii
B015ISUG0M,related to,PC Games
B015ISUG0M,related to,PC Games - Xbox
B015ISUG0M,related to,PC Games - Playstation
B015ISUG0M,related to,PC Games - Nintendo
B015ISUG0M,related to,PC Accessories - Xbox
B015ISUG0M,related to,PC Accessories - Playstation
B015ISUG0M,related to,PC Accessories - Nintendo
B015ISUG0M,related to,Controller Accessories - Playstation
B015ISUG0M,related to,Keyboard
B08149Z4JV,related to,Nintendo
B08149Z4JV,related to,PC Games
B08149Z4JV,related to,Nintendo Switch
B08149Z4JV,related to,Nintendo DS
B08149Z4JV,related to,Nintendo Wii
B08149Z4JV,related to,PC Games - Nintendo
B08149Z4JV,related to,PC Accessories - Nintendo
B08149Z4JV,related to,Controller Accessories - Nintendo
B0018RWMSW,related to,Nintendo
B0018RWMSW,related to,PC Gaming
B0018RWMSW,related to,Xbox
B0018RWMSW,related to,Playstation
B0018RWMSW,related to,Playstation 4
B0018RWMSW,related to,PC Games
B0018RWMSW,related to,PC Games - Xbox
B0018RWMSW,related to,PC Games - Playstation
B0018RWMSW,related to,PC Games - Nintendo
B0018RWMSW,related to,Playstation 5
B0018RWMSW,related to,Nintendo GameCube
B0018RWMSW,related to,Xbox Series S
B0018RWMSW,related to,Playstation Plus
B0018RWMSW,related to,Nintendo Switch
B0018RWMSW,related to,Nintendo DS
B0018RWMSW,related to,Nintendo Wii
B0018RWMSW,related to,PC Accessories - Nintendo
B0018RWMSW,related to,Controller Accessories - Nintendo
B0018RWMSW,related to,Headsets - Nintendo
B07FLTG5LK,related to,PC Gaming
B07FLTG5LK,related to,Controller Accessories
B07FLTG5LK,related to,Xbox
B07FLTG5LK,related to,Playstation
B07FLTG5LK,related to,Nintendo Switch
B07FLTG5LK,related to,PC Games
B07FLTG5LK,related to,PC Games - Xbox
B07FLTG5LK,related to,PC Games - Nintendo
B07FLTG5LK,related to,Controller Accessories - Xbox
B07FLTG5LK,related to,Controller Accessories - Playstation
B07FLTG5LK,related to,Controller Accessories - Nintendo
B07FLTG5LK,related to,PC Games - Playstation
B07FLTG5LK,related to,Playstation 5
B07FLTG5LK,related to,Playstation 4
B07FLTG5LK,related to,Playstation Plus
B07FLTG5LK,related to,PC Accessories - Playstation
B07FLTG5LK,related to,Headsets - Playstation
B075QG8953,related to,Xbox
B075QG8953,related to,Playstation
B075QG8953,related to,Nintendo
B075QG8953,related to,PC Gaming
B075QG8953,related to,Controller Accessories
B075QG8953,related to,Xbox One
B075QG8953,related to,Playstation 5
B075QG8953,related to,Playstation 4
B075QG8953,related to,Playstation Plus
B075QG8953,related to,Nintendo Wii
B075QG8953,related to,PC Games
B075QG8953,related to,PC Games - Xbox
B075QG8953,related to,PC Games - Playstation
B075QG8953,related to,PC Games - Nintendo
B075QG8953,related to,Nintendo Switch
B075QG8953,related to,Nintendo GameCube
B075QG8953,related to,Nintendo DS
B075QG8953,related to,PC Accessories - Nintendo
B075QG8953,related to,Controller Accessories - Nintendo
B075QG8953,related to,Headsets - Nintendo
B075QG8953,related to,Controller Accessories - Xbox
B075QG8953,related to,Controller Accessories - Playstation
B01M2YE3HW,related to,PC Gaming
B01M2YE3HW,related to,Nintendo
B01M2YE3HW,related to,PC Games
B01M2YE3HW,related to,Nintendo Wii
B08LRLTZB3,related to,Nintendo
B08LRLTZB3,related to,Xbox
B08LRLTZB3,related to,Playstation
B08LRLTZB3,related to,PC Gaming
B08LRLTZB3,related to,Nintendo Switch
B08LRLTZB3,related to,Nintendo GameCube
B08LRLTZB3,related to,Nintendo DS
B08LRLTZB3,related to,Nintendo Wii
B08LRLTZB3,related to,PC Games - Nintendo
B08LRLTZB3,related to,PC Accessories - Nintendo
B08LRLTZB3,related to,Controller Accessories - Nintendo
B08LRLTZB3,related to,Headsets - Nintendo
B08LRLTZB3,related to,Xbox One
B08LRLTZB3,related to,Playstation 5
B08LRLTZB3,related to,Playstation 4
B08LRLTZB3,related to,Playstation Plus
B08LRLTZB3,related to,PC Games
B00MNL0C52,related to,PC Gaming
B00MNL0C52,related to,Xbox
B00MNL0C52,related to,PC Games
B00MNL0C52,related to,Xbox Series X
B00MNL0C52,related to,Xbox Series S
B00MNL0C52,related to,Xbox One
B00MNL0C52,related to,Xbox Live
B00MNL0C52,related to,Playstation 5
B00MNL0C52,related to,Playstation 4
B00MNL0C52,related to,PC Games - Xbox
B00MNL0C52,related to,PC Accessories - Xbox
B00MNL0C52,related to,Controller Accessories - Xbox
B00MNL0C52,related to,Headsets - Xbox
B00000K125,related to,Nintendo
B00000K125,related to,Nintendo Switch
B00000K125,related to,Nintendo Wii
B00000K125,related to,PC Games - Nintendo
B071P2XNCK,related to,Nintendo
B071P2XNCK,related to,Xbox
B071P2XNCK,related to,Playstation
B071P2XNCK,related to,PC Gaming
B071P2XNCK,related to,Screen Protection
B071P2XNCK,related to,Nintendo Switch
B071P2XNCK,related to,Nintendo GameCube
B071P2XNCK,related to,Nintendo DS
B071P2XNCK,related to,Nintendo Wii
B071P2XNCK,related to,PC Games - Nintendo
B071P2XNCK,related to,PC Accessories - Nintendo
B071P2XNCK,related to,Xbox One
B071P2XNCK,related to,Playstation 5
B071P2XNCK,related to,Playstation 4
B071P2XNCK,related to,Playstation Plus
B071P2XNCK,related to,PC Games
B071P2XNCK,related to,Controller Accessories - Nintendo
B071P2XNCK,related to,Headsets - Nintendo
B07CVPR2J6,related to,Keyboard
B0761KMYK5,related to,Cable
B0761KMYK5,related to,Xbox
B0761KMYK5,related to,Playstation
B0761KMYK5,related to,Nintendo
B0761KMYK5,related to,PC Gaming
B0761KMYK5,related to,Xbox Series S
B0761KMYK5,related to,Xbox One
B0761KMYK5,related to,Playstation 5
B0761KMYK5,related to,Playstation 4
B0761KMYK5,related to,Playstation Plus
B0761KMYK5,related to,Nintendo DS
B0761KMYK5,related to,Nintendo Wii
B0761KMYK5,related to,PC Games
B0761KMYK5,related to,PC Games - Xbox
B0761KMYK5,related to,PC Games - Playstation
B0761KMYK5,related to,PC Games - Nintendo
B0761KMYK5,related to,PC Accessories - Playstation
B0761KMYK5,related to,Controller Accessories - Playstation
B0761KMYK5,related to,Headsets - Playstation
B071XNBL33,related to,Nintendo
B071XNBL33,related to,PC Gaming
B071XNBL33,related to,Xbox
B071XNBL33,related to,Playstation
B071XNBL33,related to,PC Games
B071XNBL33,related to,Nintendo Switch
B071XNBL33,related to,Nintendo GameCube
B071XNBL33,related to,Nintendo DS
B071XNBL33,related to,Nintendo Wii
B071XNBL33,related to,PC Games - Nintendo
B071XNBL33,related to,PC Accessories - Nintendo
B071XNBL33,related to,Controller Accessories - Nintendo
B071XNBL33,related to,Headsets - Nintendo
B071XNBL33,related to,Xbox One
B071XNBL33,related to,Playstation 5
B071XNBL33,related to,Playstation 4
B071XNBL33,related to,Playstation Plus
B000CC58VM,related to,PC Games
B08T15J21Y,related to,PC Gaming
B08T15J21Y,related to,Xbox
B08T15J21Y,related to,Playstation
B08T15J21Y,related to,Nintendo
B08T15J21Y,related to,Playstation 5
B08T15J21Y,related to,PC Games
B08T15J21Y,related to,PC Games - Xbox
B08T15J21Y,related to,PC Games - Playstation
B08T15J21Y,related to,PC Games - Nintendo
B08T15J21Y,related to,Nintendo Switch
B08T15J21Y,related to,Screen Protection
B08T15J21Y,related to,Tool Kit
B08T15J21Y,related to,Xbox One
B08T15J21Y,related to,Playstation 4
B08T15J21Y,related to,Playstation Plus
B08T15J21Y,related to,Nintendo GameCube
B08T15J21Y,related to,Nintendo DS
B08T15J21Y,related to,Nintendo Wii
B08T15J21Y,related to,PC Accessories - Nintendo
B08T15J21Y,related to,Controller Accessories - Nintendo
B08T15J21Y,related to,Headsets - Nintendo
B07KXFB1P8,related to,Xbox
B07KXFB1P8,related to,PC Accessories
B07KXFB1P8,related to,Controller Accessories
B07KXFB1P8,related to,PC Gaming
B07KXFB1P8,related to,Playstation
B07KXFB1P8,related to,Xbox Series X
B07KXFB1P8,related to,Xbox Series S
B07KXFB1P8,related to,Xbox One
B07KXFB1P8,related to,PC Games - Xbox
B07KXFB1P8,related to,PC Games - Nintendo
B07KXFB1P8,related to,PC Accessories - Xbox
B07KXFB1P8,related to,PC Accessories - Playstation
B07KXFB1P8,related to,PC Accessories - Nintendo
B07KXFB1P8,related to,Controller Accessories - Xbox
B07KXFB1P8,related to,Controller Accessories - Playstation
B07KXFB1P8,related to,Controller Accessories - Nintendo
B07KXFB1P8,related to,Headsets - Xbox
B07KXFB1P8,related to,Tool Kit
B07KXFB1P8,related to,PC Games
B07KXFB1P8,related to,PC Games - Playstation
B07KXFB1P8,related to,Xbox Live
B07KXFB1P8,related to,Playstation 5
B07KXFB1P8,related to,Playstation 4
B006P5RWEQ,related to,PC Gaming
B006P5RWEQ,related to,PC Games
B006P5RWEQ,related to,PC Games - Xbox
B006P5RWEQ,related to,PC Games - Playstation
B006P5RWEQ,related to,PC Games - Nintendo
B006P5RWEQ,related to,PC Accessories - Nintendo
B0714FFZD8,related to,Nintendo
B0714FFZD8,related to,Xbox
B0714FFZD8,related to,Playstation
B0714FFZD8,related to,PC Gaming
B0714FFZD8,related to,Nintendo Switch
B0714FFZD8,related to,PC Games
B0714FFZD8,related to,Nintendo GameCube
B0714FFZD8,related to,Nintendo DS
B0714FFZD8,related to,Nintendo Wii
B0714FFZD8,related to,PC Games - Nintendo
B0714FFZD8,related to,PC Accessories - Nintendo
B0714FFZD8,related to,Controller Accessories - Nintendo
B0714FFZD8,related to,Xbox One
B0714FFZD8,related to,Playstation 5
B0714FFZD8,related to,Playstation 4
B0714FFZD8,related to,Playstation Plus
B0714FFZD8,related to,Headsets - Nintendo
B00KIJ2FVU,related to,Playstation
B00KIJ2FVU,related to,Xbox
B00KIJ2FVU,related to,Nintendo
B00KIJ2FVU,related to,PC Gaming
B00KIJ2FVU,related to,PC Games
B00KIJ2FVU,related to,Playstation 5
B00KIJ2FVU,related to,Playstation 4
B00KIJ2FVU,related to,Playstation Plus
B00KIJ2FVU,related to,PC Games - Playstation
B00KIJ2FVU,related to,PC Accessories - Playstation
B00KIJ2FVU,related to,Controller Accessories - Playstation
B00KIJ2FVU,related to,Headsets - Playstation
B00KIJ2FVU,related to,Xbox Series S
B00KIJ2FVU,related to,Xbox One
B00KIJ2FVU,related to,Nintendo DS
B00KIJ2FVU,related to,Nintendo Wii
B00KIJ2FVU,related to,PC Games - Xbox
B00KIJ2FVU,related to,PC Games - Nintendo
B0BL1QQDNY,related to,PC Gaming
B0BL1QQDNY,related to,Keyboard
B0BL1QQDNY,related to,Nintendo Switch
B0BL1QQDNY,related to,PC Games
B0BL1QQDNY,related to,PC Games - Playstation
B0BL1QQDNY,related to,PC Games - Nintendo
B08LT6PT1X,related to,Xbox
B08LT6PT1X,related to,Playstation
B08LT6PT1X,related to,PC Gaming
B08LT6PT1X,related to,Cable
B08LT6PT1X,related to,Controller Accessories
B08LT6PT1X,related to,Xbox Series X
B08LT6PT1X,related to,Xbox Series S
B08LT6PT1X,related to,Xbox One
B08LT6PT1X,related to,Xbox Live
B08LT6PT1X,related to,Playstation 5
B08LT6PT1X,related to,Playstation 4
B08LT6PT1X,related to,PC Games
B08LT6PT1X,related to,PC Games - Xbox
B08LT6PT1X,related to,PC Games - Playstation
B08LT6PT1X,related to,PC Games - Nintendo
B08LT6PT1X,related to,PC Accessories - Xbox
B08LT6PT1X,related to,Controller Accessories - Xbox
B08LT6PT1X,related to,Headsets - Xbox
B08LT6PT1X,related to,Controller Accessories - Playstation
B08LT6PT1X,related to,Controller Accessories - Nintendo
B007RTO27E,related to,Headsets
B007RTO27E,related to,Xbox
B007RTO27E,related to,Playstation
B007RTO27E,related to,Nintendo
B007RTO27E,related to,PC Gaming
B007RTO27E,related to,Headsets - Xbox
B007RTO27E,related to,Headsets - Playstation
B007RTO27E,related to,Headsets - Nintendo
B007RTO27E,related to,Xbox Series X
B007RTO27E,related to,Xbox Series S
B007RTO27E,related to,Xbox One
B007RTO27E,related to,Xbox Live
B007RTO27E,related to,Playstation 5
B007RTO27E,related to,Playstation 4
B007RTO27E,related to,Playstation Plus
B007RTO27E,related to,Nintendo Wii
B007RTO27E,related to,PC Games
B007RTO27E,related to,PC Games - Xbox
B007RTO27E,related to,PC Games - Playstation
B007RTO27E,related to,PC Games - Nintendo
B007RTO27E,related to,PC Accessories - Xbox
B007RTO27E,related to,PC Accessories - Playstation
B007RTO27E,related to,Controller Accessories - Xbox
B075S7L98K,related to,Controller Accessories
B075S7L98K,related to,Nintendo
B075S7L98K,related to,Nintendo Wii
B075S7L98K,related to,PC Accessories - Nintendo
B075S7L98K,related to,Controller Accessories - Xbox
B075S7L98K,related to,Controller Accessories - Playstation
B075S7L98K,related to,Controller Accessories - Nintendo
B075S7L98K,related to,Nintendo Switch
B075S7L98K,related to,Nintendo GameCube
B075S7L98K,related to,Nintendo DS
B075S7L98K,related to,PC Games
B075S7L98K,related to,PC Games - Nintendo
B075S7L98K,related to,Headsets - Nintendo
B075S7L98K,related to,Screen Protection
B075S7L98K,related to,Tool Kit
B001EYUP7E,related to,PC Gaming
B001EYUP7E,related to,Xbox
B001EYUP7E,related to,Playstation
B001EYUP7E,related to,Nintendo
B001EYUP7E,related to,PC Games
B001EYUP7E,related to,Xbox One
B001EYUP7E,related to,Playstation 5
B001EYUP7E,related to,Playstation 4
B001EYUP7E,related to,Playstation Plus
B001EYUP7E,related to,Nintendo Wii
B001EYUP7E,related to,PC Games - Xbox
B001EYUP7E,related to,PC Games - Playstation
B001EYUP7E,related to,PC Games - Nintendo
B01K7X4UW8,related to,PC Gaming
B01K7X4UW8,related to,PC Accessories
B01K7X4UW8,related to,PC Games
B01K7X4UW8,related to,PC Games - Xbox
B01K7X4UW8,related to,PC Games - Playstation
B01K7X4UW8,related to,PC Games - Nintendo
B01K7X4UW8,related to,Nintendo Switch
B01K7X4UW8,related to,PC Accessories - Xbox
B01K7X4UW8,related to,PC Accessories - Playstation
B01K7X4UW8,related to,PC Accessories - Nintendo
B01K7X4UW8,related to,Keyboard
B001EYUNVC,related to,PC Gaming
B001EYUNVC,related to,Nintendo
B001EYUNVC,related to,Playstation
B001EYUNVC,related to,PC Games
B001EYUNVC,related to,PC Games - Xbox
B001EYUNVC,related to,PC Games - Playstation
B001EYUNVC,related to,PC Games - Nintendo
B001EYUNVC,related to,Nintendo Wii
B001EYUNVC,related to,Controller Accessories - Nintendo
B001EYUNVC,related to,Playstation 5
B001EYUNVC,related to,Playstation 4
B001EYUNVC,related to,Nintendo Switch
B001EYUNVC,related to,Nintendo GameCube
B001EYUNVC,related to,Nintendo DS
B001EYUNVC,related to,PC Accessories - Nintendo
B001EYUNVC,related to,Xbox One
B004WHK7PK,related to,Xbox
B004WHK7PK,related to,Playstation
B004WHK7PK,related to,Nintendo
B004WHK7PK,related to,PC Gaming
B004WHK7PK,related to,Xbox Series X
B004WHK7PK,related to,Xbox Series S
B004WHK7PK,related to,Xbox One
B004WHK7PK,related to,Xbox Live
B004WHK7PK,related to,Playstation 5
B004WHK7PK,related to,Playstation 4
B004WHK7PK,related to,Playstation Plus
B004WHK7PK,related to,Nintendo Wii
B004WHK7PK,related to,PC Games
B004WHK7PK,related to,PC Games - Xbox
B004WHK7PK,related to,PC Games - Playstation
B004WHK7PK,related to,PC Games - Nintendo
B004WHK7PK,related to,PC Accessories - Xbox
B004WHK7PK,related to,PC Accessories - Playstation
B004WHK7PK,related to,Controller Accessories - Xbox
B004WHK7PK,related to,Headsets - Xbox
B074ZCDPXN,related to,Nintendo
B074ZCDPXN,related to,Nintendo Switch
B074ZCDPXN,related to,Nintendo GameCube
B074ZCDPXN,related to,Nintendo DS
B074ZCDPXN,related to,Nintendo Wii
B074ZCDPXN,related to,PC Games - Nintendo
B074ZCDPXN,related to,PC Accessories - Nintendo
B074ZCDPXN,related to,Controller Accessories - Nintendo
B074ZCDPXN,related to,Headsets - Nintendo
B074ZCDPXN,related to,PC Games
B088FKYNP4,related to,Xbox
B088FKYNP4,related to,Playstation
B088FKYNP4,related to,Nintendo
B088FKYNP4,related to,PC Gaming
B088FKYNP4,related to,Xbox One
B088FKYNP4,related to,Playstation 5
B088FKYNP4,related to,Playstation 4
B088FKYNP4,related to,Playstation Plus
B088FKYNP4,related to,PC Games
B088FKYNP4,related to,PC Games - Xbox
B088FKYNP4,related to,PC Games - Playstation
B088FKYNP4,related to,PC Games - Nintendo
B088FKYNP4,related to,Keyboard
B00E9CVW9I,related to,Playstation
B00E9CVW9I,related to,Nintendo
B00E9CVW9I,related to,PC Gaming
B00E9CVW9I,related to,PC Games
B00E9CVW9I,related to,PC Games - Xbox
B00E9CVW9I,related to,PC Games - Playstation
B00E9CVW9I,related to,PC Games - Nintendo
B00E9CVW9I,related to,Playstation 5
B00E9CVW9I,related to,Playstation 4
B00E9CVW9I,related to,Nintendo Wii
B07423RVR8,related to,Headsets
B07423RVR8,related to,Cable
B07423RVR8,related to,Headsets - Xbox
B07423RVR8,related to,Headsets - Nintendo
B07423RVR8,related to,Headsets - Playstation
B000GAAJZ0,related to,Nintendo
B000GAAJZ0,related to,PC Gaming
B000GAAJZ0,related to,PC Games
B000GAAJZ0,related to,PC Games - Nintendo
B000GAAJZ0,related to,Playstation 5
B000GAAJZ0,related to,Playstation 4
B000GAAJZ0,related to,Nintendo Switch
B000GAAJZ0,related to,Nintendo GameCube
B000GAAJZ0,related to,Nintendo DS
B000GAAJZ0,related to,Nintendo Wii
B000GAAJZ0,related to,PC Accessories - Nintendo
B000GAAJZ0,related to,Controller Accessories - Nintendo
B000GAAJZ0,related to,Headsets - Nintendo
B00005V3FB,related to,Nintendo
B00005V3FB,related to,PC Gaming
B00005V3FB,related to,PC Games
B00005V3FB,related to,PC Games - Nintendo
B07DMZFHYB,related to,PC Gaming
B07DMZFHYB,related to,Xbox
B07DMZFHYB,related to,Playstation
B07DMZFHYB,related to,Nintendo
B07DMZFHYB,related to,PC Games
B07DMZFHYB,related to,Xbox Series X
B07DMZFHYB,related to,Xbox Series S
B07DMZFHYB,related to,Xbox One
B07DMZFHYB,related to,Xbox Live
B07DMZFHYB,related to,Playstation 5
B07DMZFHYB,related to,Playstation 4
B07DMZFHYB,related to,Playstation Plus
B07DMZFHYB,related to,PC Games - Xbox
B07DMZFHYB,related to,PC Games - Playstation
B07DMZFHYB,related to,PC Games - Nintendo
B07DMZFHYB,related to,PC Accessories - Xbox
B07DMZFHYB,related to,PC Accessories - Playstation
B07DMZFHYB,related to,PC Accessories - Nintendo
B07DMZFHYB,related to,Controller Accessories - Xbox
B07DMZFHYB,related to,Headsets - Xbox
B09YGHWCRR,related to,Headsets
B09YGHWCRR,related to,PC Accessories
B09YGHWCRR,related to,Headsets - Xbox
B09YGHWCRR,related to,Headsets - Playstation
B09YGHWCRR,related to,Headsets - Nintendo
B00EE3TRCG,related to,Xbox
B00EE3TRCG,related to,Playstation
B00EE3TRCG,related to,Nintendo
B00EE3TRCG,related to,PC Gaming
B00EE3TRCG,related to,PC Games
B00EE3TRCG,related to,Xbox Series X
B00EE3TRCG,related to,Xbox Series S
B00EE3TRCG,related to,Xbox One
B00EE3TRCG,related to,Xbox Live
B00EE3TRCG,related to,Playstation 5
B00EE3TRCG,related to,Playstation 4
B00EE3TRCG,related to,Playstation Plus
B00EE3TRCG,related to,Nintendo Wii
B00EE3TRCG,related to,PC Games - Xbox
B00EE3TRCG,related to,PC Games - Playstation
B00EE3TRCG,related to,PC Games - Nintendo
B00EE3TRCG,related to,PC Accessories - Xbox
B00EE3TRCG,related to,PC Accessories - Playstation
B00EE3TRCG,related to,Controller Accessories - Xbox
B00EE3TRCG,related to,Headsets - Xbox
B00Z9TIR20,related to,Xbox
B00Z9TIR20,related to,PC Gaming
B00Z9TIR20,related to,Playstation
B00Z9TIR20,related to,Nintendo
B00Z9TIR20,related to,Xbox Series X
B00Z9TIR20,related to,Xbox One
B00Z9TIR20,related to,Xbox Live
B00Z9TIR20,related to,PC Games - Xbox
B00Z9TIR20,related to,PC Games
B00Z9TIR20,related to,Xbox Series S
B00Z9TIR20,related to,Playstation 5
B00Z9TIR20,related to,Playstation 4
B00Z9TIR20,related to,Playstation Plus
B00Z9TIR20,related to,PC Games - Playstation
B00Z9TIR20,related to,PC Games - Nintendo
B00Z9TIR20,related to,PC Accessories - Xbox
B00Z9TIR20,related to,PC Accessories - Playstation
B00Z9TIR20,related to,PC Accessories - Nintendo
B00Z9TIR20,related to,Controller Accessories - Xbox
B00Z9TIR20,related to,Headsets - Xbox
B00ZHQ39F0,related to,Playstation
B00ZHQ39F0,related to,Xbox
B00ZHQ39F0,related to,PC Gaming
B00ZHQ39F0,related to,Nintendo
B00ZHQ39F0,related to,Playstation 5
B00ZHQ39F0,related to,Playstation 4
B00ZHQ39F0,related to,Playstation Plus
B00ZHQ39F0,related to,PC Games - Playstation
B00ZHQ39F0,related to,PC Accessories - Playstation
B00ZHQ39F0,related to,Controller Accessories - Playstation
B00ZHQ39F0,related to,Headsets - Playstation
B00ZHQ39F0,related to,Xbox One
B00ZHQ39F0,related to,PC Games
B00ZHQ39F0,related to,PC Games - Nintendo
B00ZHQ39F0,related to,Cable Released
B07D62Y1KQ,related to,Playstation
B07D62Y1KQ,related to,Nintendo
B07D62Y1KQ,related to,Playstation 5
B07D62Y1KQ,related to,Playstation 4
B07D62Y1KQ,related to,Playstation Plus
B07D62Y1KQ,related to,Nintendo Switch
B07D62Y1KQ,related to,Nintendo GameCube
B07D62Y1KQ,related to,Nintendo DS
B07D62Y1KQ,related to,Nintendo Wii
B07D62Y1KQ,related to,PC Games - Nintendo
B07D62Y1KQ,related to,PC Accessories - Nintendo
B07D62Y1KQ,related to,Controller Accessories - Nintendo
B07D62Y1KQ,related to,Headsets - Nintendo
B00004SVTO,related to,Nintendo
B00004SVTO,related to,Xbox
B00004SVTO,related to,PC Gaming
B00004SVTO,related to,Playstation
B00004SVTO,related to,Nintendo Switch
B00004SVTO,related to,Nintendo GameCube
B00004SVTO,related to,Nintendo DS
B00004SVTO,related to,Nintendo Wii
B00004SVTO,related to,PC Games - Nintendo
B00004SVTO,related to,PC Games
B00004SVTO,related to,PC Games - Xbox
B00004SVTO,related to,PC Accessories - Nintendo
B00004SVTO,related to,Controller Accessories - Nintendo
B00004SVTO,related to,Headsets - Nintendo
B00JXDJTQQ,related to,Nintendo
B00JXDJTQQ,related to,Xbox
B00JXDJTQQ,related to,Playstation
B00JXDJTQQ,related to,PC Gaming
B00JXDJTQQ,related to,Nintendo Switch
B00JXDJTQQ,related to,Nintendo GameCube
B00JXDJTQQ,related to,Nintendo DS
B00JXDJTQQ,related to,Nintendo Wii
B00JXDJTQQ,related to,PC Games - Nintendo
B00JXDJTQQ,related to,PC Accessories - Nintendo
B00JXDJTQQ,related to,Controller Accessories - Nintendo
B00JXDJTQQ,related to,Headsets - Nintendo
B00JXDJTQQ,related to,Xbox One
B00JXDJTQQ,related to,Playstation 5
B00JXDJTQQ,related to,Playstation 4
B00JXDJTQQ,related to,Playstation Plus
B00JXDJTQQ,related to,PC Games
B075ZP8WLJ,related to,Playstation
B075ZP8WLJ,related to,Cable
B075ZP8WLJ,related to,Xbox
B075ZP8WLJ,related to,Nintendo
B075ZP8WLJ,related to,PC Gaming
B075ZP8WLJ,related to,Controller Accessories
B075ZP8WLJ,related to,Playstation 5
B075ZP8WLJ,related to,Playstation 4
B075ZP8WLJ,related to,Playstation Plus
B075ZP8WLJ,related to,PC Games - Playstation
B075ZP8WLJ,related to,PC Accessories - Playstation
B075ZP8WLJ,related to,Controller Accessories - Playstation
B075ZP8WLJ,related to,Cable Released
B075ZP8WLJ,related to,Xbox One
B075ZP8WLJ,related to,Nintendo GameCube
B075ZP8WLJ,related to,PC Games
B075ZP8WLJ,related to,PC Games - Xbox
B075ZP8WLJ,related to,PC Games - Nintendo
B075ZP8WLJ,related to,PC Accessories - Xbox
B075ZP8WLJ,related to,PC Accessories - Nintendo
B075ZP8WLJ,related to,Controller Accessories - Xbox
B075ZP8WLJ,related to,Controller Accessories - Nintendo
B075ZP8WLJ,related to,Xbox Series S
B075ZP8WLJ,related to,Nintendo DS
B075ZP8WLJ,related to,Nintendo Wii
B075ZP8WLJ,related to,Headsets - Playstation
B0007V46J8,related to,Xbox
B0007V46J8,related to,Playstation
B0007V46J8,related to,Nintendo
B0007V46J8,related to,PC Gaming
B0007V46J8,related to,Xbox One
B0007V46J8,related to,Playstation 5
B0007V46J8,related to,Playstation 4
B0007V46J8,related to,Playstation Plus
B0007V46J8,related to,Nintendo DS
B0007V46J8,related to,PC Games
B0007V46J8,related to,PC Games - Xbox
B0007V46J8,related to,PC Games - Playstation
B0007V46J8,related to,PC Games - Nintendo
B0007V46J8,related to,PC Accessories - Playstation
B0007V46J8,related to,Controller Accessories - Playstation
B0007V46J8,related to,Nintendo Wii
B000092W8S,related to,Xbox
B000092W8S,related to,Playstation
B000092W8S,related to,Nintendo
B000092W8S,related to,PC Gaming
B000092W8S,related to,Xbox One
B000092W8S,related to,Playstation 5
B000092W8S,related to,Playstation 4
B000092W8S,related to,Playstation Plus
B000092W8S,related to,Nintendo GameCube
B000092W8S,related to,Nintendo DS
B000092W8S,related to,Nintendo Wii
B000092W8S,related to,PC Games
B000092W8S,related to,PC Games - Xbox
B000092W8S,related to,PC Games - Playstation
B000092W8S,related to,PC Games - Nintendo
B000092W8S,related to,PC Accessories - Playstation
B000092W8S,related to,Controller Accessories - Playstation
B000092W8S,related to,Headsets - Playstation
B09PG3BT79,related to,PC Accessories
B09PG3BT79,related to,Accessories
B09PG3BT79,related to,Controller Accessories
B09PG3BT79,related to,Other Accessories
B09PG3BT79,related to,Xbox
B09PG3BT79,related to,Playstation
B09PG3BT79,related to,Nintendo
B09PG3BT79,related to,PC Gaming
B09PG3BT79,related to,PC Accessories - Xbox
B09PG3BT79,related to,PC Accessories - Playstation
B09PG3BT79,related to,PC Accessories - Nintendo
B09PG3BT79,related to,Controller Accessories - Xbox
B09PG3BT79,related to,Controller Accessories - Nintendo
B09PG3BT79,related to,Xbox Series X
B09PG3BT79,related to,Xbox Series S
B09PG3BT79,related to,Xbox One
B09PG3BT79,related to,Xbox Live
B09PG3BT79,related to,PC Games - Xbox
B09PG3BT79,related to,Headsets - Xbox
B09PG3BT79,related to,Playstation 5
B09PG3BT79,related to,Playstation 4
B09PG3BT79,related to,Playstation Plus
B09PG3BT79,related to,PC Games
B09PG3BT79,related to,PC Games - Playstation
B09PG3BT79,related to,PC Games - Nintendo
B07D52H9YV,related to,Nintendo
B07D52H9YV,related to,Controller Accessories
B07D52H9YV,related to,PC Accessories
B07D52H9YV,related to,Accessories
B07D52H9YV,related to,Other Accessories
B07D52H9YV,related to,Nintendo Switch
B07D52H9YV,related to,Nintendo GameCube
B07D52H9YV,related to,Nintendo DS
B07D52H9YV,related to,Nintendo Wii
B07D52H9YV,related to,PC Games - Nintendo
B07D52H9YV,related to,PC Accessories - Nintendo
B07D52H9YV,related to,Controller Accessories - Nintendo
B07D52H9YV,related to,Headsets - Nintendo
B07D52H9YV,related to,Controller Accessories - Xbox
B07D52H9YV,related to,Controller Accessories - Playstation
B07D52H9YV,related to,Playstation Plus
B07D52H9YV,related to,PC Accessories - Xbox
B00GIK3YAO,related to,Playstation
B00GIK3YAO,related to,PC Gaming
B00GIK3YAO,related to,Controller Accessories
B00GIK3YAO,related to,PC Games
B00GIK3YAO,related to,PC Games - Nintendo
B00GIK3YAO,related to,Playstation 4
B00GIK3YAO,related to,Nintendo GameCube
B00GIK3YAO,related to,PC Games - Xbox
B00GIK3YAO,related to,PC Games - Playstation
B00GIK3YAO,related to,Controller Accessories - Xbox
B00GIK3YAO,related to,Controller Accessories - Playstation
B00GIK3YAO,related to,Controller Accessories - Nintendo
B00GS6A5YG,related to,Playstation
B00GS6A5YG,related to,Playstation 5
B00GS6A5YG,related to,Playstation 4
B00GS6A5YG,related to,Playstation Plus
B00GS6A5YG,related to,PC Games - Playstation
B00GS6A5YG,related to,PC Accessories - Playstation
B00GS6A5YG,related to,Controller Accessories - Playstation
B00GS6A5YG,related to,Headsets - Playstation
B00006LEMM,related to,PC Gaming
B00006LEMM,related to,PC Games
B003UDSVTG,related to,Controller Accessories
B003UDSVTG,related to,Playstation
B003UDSVTG,related to,Nintendo
B003UDSVTG,related to,PC Gaming
B003UDSVTG,related to,Playstation Plus
B003UDSVTG,related to,PC Accessories - Nintendo
B003UDSVTG,related to,Controller Accessories - Xbox
B003UDSVTG,related to,Controller Accessories - Playstation
B003UDSVTG,related to,Controller Accessories - Nintendo
B003UDSVTG,related to,Playstation 5
B003UDSVTG,related to,Playstation 4
B003UDSVTG,related to,Nintendo Switch
B003UDSVTG,related to,Nintendo GameCube
B003UDSVTG,related to,Nintendo DS
B003UDSVTG,related to,Nintendo Wii
B003UDSVTG,related to,PC Games
B003UDSVTG,related to,PC Games - Nintendo
B01N4NTXI1,related to,PC Gaming
B01N4NTXI1,related to,Xbox
B01N4NTXI1,related to,Playstation
B01N4NTXI1,related to,PC Games
B01N4NTXI1,related to,PC Games - Xbox
B01N4NTXI1,related to,PC Games - Nintendo
B01N4NTXI1,related to,Xbox One
B01N4NTXI1,related to,Playstation 5
B01N4NTXI1,related to,Playstation 4
B01N4NTXI1,related to,Playstation Plus
B01N4NTXI1,related to,PC Games - Playstation
B01N4NTXI1,related to,PC Accessories - Playstation
B01N4NTXI1,related to,Controller Accessories - Playstation
B01N4NTXI1,related to,Headsets - Playstation
B01N4NTXI1,related to,Screen Protection
B01N4NTXI1,related to,PC Accessories - Xbox
B01N4NTXI1,related to,PC Accessories - Nintendo
B00ZJEMQW2,related to,Headsets
B00ZJEMQW2,related to,Playstation
B00ZJEMQW2,related to,PC Gaming
B00ZJEMQW2,related to,Headsets - Xbox
B00ZJEMQW2,related to,Headsets - Playstation
B00ZJEMQW2,related to,Headsets - Nintendo
B00ZJEMQW2,related to,Playstation 5
B00ZJEMQW2,related to,Playstation 4
B00ZJEMQW2,related to,Playstation Plus
B00ZJEMQW2,related to,PC Games
B00ZJEMQW2,related to,PC Games - Xbox
B00ZJEMQW2,related to,PC Games - Playstation
B00ZJEMQW2,related to,PC Games - Nintendo
B09K6ZWJBC,related to,PC Accessories
B09K6ZWJBC,related to,Accessories
B09K6ZWJBC,related to,Cable
B09K6ZWJBC,related to,Headsets
B09K6ZWJBC,related to,Xbox
B09K6ZWJBC,related to,PC Gaming
B09K6ZWJBC,related to,Nintendo
B09K6ZWJBC,related to,Playstation
B09K6ZWJBC,related to,PC Accessories - Nintendo
B09K6ZWJBC,related to,Headsets - Xbox
B09K6ZWJBC,related to,Headsets - Playstation
B09K6ZWJBC,related to,Headsets - Nintendo
B09K6ZWJBC,related to,PC Games
B09K6ZWJBC,related to,PC Games - Xbox
B09K6ZWJBC,related to,Nintendo Switch
B09K6ZWJBC,related to,Nintendo GameCube
B09K6ZWJBC,related to,Nintendo DS
B09K6ZWJBC,related to,Nintendo Wii
B09K6ZWJBC,related to,PC Games - Nintendo
B09K6ZWJBC,related to,Controller Accessories - Nintendo
B09K6ZWJBC,related to,Xbox One
B09K6ZWJBC,related to,PC Games - Playstation
B000Z67GH4,related to,Xbox
B000Z67GH4,related to,Playstation
B000Z67GH4,related to,Nintendo
B000Z67GH4,related to,PC Gaming
B000Z67GH4,related to,Xbox One
B000Z67GH4,related to,Playstation 5
B000Z67GH4,related to,Playstation 4
B000Z67GH4,related to,Playstation Plus
B000Z67GH4,related to,Nintendo Switch
B000Z67GH4,related to,Nintendo GameCube
B000Z67GH4,related to,Nintendo DS
B000Z67GH4,related to,Nintendo Wii
B000Z67GH4,related to,PC Games - Nintendo
B000Z67GH4,related to,PC Accessories - Nintendo
B000Z67GH4,related to,Controller Accessories - Nintendo
B000Z67GH4,related to,Xbox Series X
B000Z67GH4,related to,PC Games
B000Z67GH4,related to,PC Games - Xbox
B000Z67GH4,related to,PC Games - Playstation
B002Y2WBCM,related to,Controller Accessories
B002Y2WBCM,related to,Xbox
B002Y2WBCM,related to,Playstation
B002Y2WBCM,related to,Nintendo
B002Y2WBCM,related to,PC Gaming
B002Y2WBCM,related to,Controller Accessories - Xbox
B002Y2WBCM,related to,Controller Accessories - Playstation
B002Y2WBCM,related to,Xbox Series S
B002Y2WBCM,related to,Xbox One
B002Y2WBCM,related to,Playstation 5
B002Y2WBCM,related to,Playstation 4
B002Y2WBCM,related to,Playstation Plus
B002Y2WBCM,related to,Nintendo DS
B002Y2WBCM,related to,Nintendo Wii
B002Y2WBCM,related to,PC Games
B002Y2WBCM,related to,PC Games - Xbox
B002Y2WBCM,related to,PC Games - Playstation
B002Y2WBCM,related to,PC Games - Nintendo
B002Y2WBCM,related to,PC Accessories - Playstation
B002Y2WBCM,related to,Headsets - Playstation
B000056Q1E,related to,PC Gaming
B000056Q1E,related to,Playstation
B000056Q1E,related to,Nintendo
B000056Q1E,related to,PC Games
B000056Q1E,related to,Keyboard
B000056Q1E,related to,Playstation 5
B000056Q1E,related to,Playstation 4
B000056Q1E,related to,Nintendo DS
B000056Q1E,related to,Nintendo Wii
B07B62LMC1,related to,Nintendo
B07B62LMC1,related to,PC Gaming
B07B62LMC1,related to,Nintendo Switch
B07B62LMC1,related to,Nintendo GameCube
B07B62LMC1,related to,Nintendo DS
B07B62LMC1,related to,Nintendo Wii
B07B62LMC1,related to,PC Games - Nintendo
B07B62LMC1,related to,PC Accessories - Nintendo
B07B62LMC1,related to,Controller Accessories - Nintendo
B07B62LMC1,related to,Headsets - Nintendo
B07B62LMC1,related to,PC Games
B07B62LMC1,related to,PC Games - Xbox
B07B62LMC1,related to,PC Games - Playstation
B0058H7AJO,related to,PC Gaming
B0058H7AJO,related to,Nintendo
B0058H7AJO,related to,PC Games
B0058H7AJO,related to,PC Games - Xbox
B0058H7AJO,related to,PC Games - Playstation
B0058H7AJO,related to,PC Games - Nintendo
B0058H7AJO,related to,Nintendo Switch
B0058H7AJO,related to,Nintendo GameCube
B0058H7AJO,related to,Nintendo DS
B0058H7AJO,related to,Nintendo Wii
B0058H7AJO,related to,PC Accessories - Nintendo
B0058H7AJO,related to,Controller Accessories - Nintendo
B0058H7AJO,related to,Headsets - Nintendo
B001EHD9A6,related to,Playstation
B001EHD9A6,related to,Nintendo
B001EHD9A6,related to,PC Gaming
B001EHD9A6,related to,Playstation 5
B001EHD9A6,related to,Playstation 4
B001EHD9A6,related to,Nintendo Switch
B001EHD9A6,related to,Nintendo GameCube
B001EHD9A6,related to,Nintendo DS
B001EHD9A6,related to,Nintendo Wii
B001EHD9A6,related to,PC Games - Nintendo
B001EHD9A6,related to,PC Games
B001EHD9A6,related to,PC Games - Xbox
B001EHD9A6,related to,PC Games - Playstation
B07FFB9VKL,related to,Xbox
B07FFB9VKL,related to,PC Gaming
B07FFB9VKL,related to,Playstation
B07FFB9VKL,related to,Nintendo
B07FFB9VKL,related to,Xbox Series X
B07FFB9VKL,related to,Xbox Series S
B07FFB9VKL,related to,Xbox One
B07FFB9VKL,related to,Xbox Live
B07FFB9VKL,related to,PC Games - Xbox
B07FFB9VKL,related to,PC Accessories - Xbox
B07FFB9VKL,related to,Controller Accessories - Xbox
B07FFB9VKL,related to,Headsets - Xbox
B07FFB9VKL,related to,Playstation 5
B07FFB9VKL,related to,Playstation 4
B07FFB9VKL,related to,Playstation Plus
B07FFB9VKL,related to,PC Games
B07FFB9VKL,related to,PC Games - Playstation
B07FFB9VKL,related to,PC Games - Nintendo
B07FFB9VKL,related to,PC Accessories - Playstation
B07FFB9VKL,related to,PC Accessories - Nintendo
B000P7V35O,related to,Nintendo DS
B001G7PRZO,related to,PC Games
B00001P4Y9,related to,Playstation
B00001P4Y9,related to,Nintendo
B00001P4Y9,related to,Playstation 5
B00001P4Y9,related to,Playstation 4
B00001P4Y9,related to,Playstation Plus
B00001P4Y9,related to,Nintendo Switch
B00001P4Y9,related to,Nintendo GameCube
B00001P4Y9,related to,Nintendo DS
B00001P4Y9,related to,Nintendo Wii
B00001P4Y9,related to,PC Games
B00001P4Y9,related to,PC Games - Xbox
B00001P4Y9,related to,PC Games - Playstation
B00001P4Y9,related to,PC Games - Nintendo
B00R0Y6404,related to,Nintendo
B00R0Y6404,related to,Xbox
B00R0Y6404,related to,Playstation
B00R0Y6404,related to,PC Gaming
B00R0Y6404,related to,PC Games
B00R0Y6404,related to,PC Games - Playstation
B00R0Y6404,related to,PC Games - Nintendo
B00R0Y6404,related to,Xbox Series X
B00R0Y6404,related to,Xbox Series S
B00R0Y6404,related to,Xbox One
B00R0Y6404,related to,Xbox Live
B00R0Y6404,related to,Playstation 5
B00R0Y6404,related to,Playstation 4
B00R0Y6404,related to,Playstation Plus
B00R0Y6404,related to,Nintendo Wii
B00R0Y6404,related to,PC Games - Xbox
B00R0Y6404,related to,PC Accessories - Xbox
B00R0Y6404,related to,PC Accessories - Playstation
B00R0Y6404,related to,Controller Accessories - Xbox
B00R0Y6404,related to,Headsets - Xbox
B0000AI1KC,related to,PC Gaming
B0000AI1KC,related to,PC Games
B0000AI1KC,related to,PC Games - Xbox
B0000AI1KC,related to,PC Games - Playstation
B0000AI1KC,related to,PC Games - Nintendo
B019F7BMCI,related to,Controller Accessories
B019F7BMCI,related to,Nintendo
B019F7BMCI,related to,Accessories
B019F7BMCI,related to,Other Accessories
B019F7BMCI,related to,Playstation
B019F7BMCI,related to,Controller Accessories - Nintendo
B019F7BMCI,related to,Nintendo Wii
B019F7BMCI,related to,Controller Accessories - Playstation
B019F7BMCI,related to,Controller Accessories - Xbox
B019F7BMCI,related to,Playstation 5
B019F7BMCI,related to,Playstation 4
B019F7BMCI,related to,Nintendo Switch
B019F7BMCI,related to,Nintendo GameCube
B019F7BMCI,related to,Nintendo DS
B019F7BMCI,related to,PC Games - Nintendo
B019F7BMCI,related to,PC Accessories - Nintendo
B019F7BMCI,related to,Headsets - Nintendo
B0767WC6ZM,related to,Nintendo
B0767WC6ZM,related to,Xbox
B0767WC6ZM,related to,Playstation
B0767WC6ZM,related to,PC Gaming
B0767WC6ZM,related to,Nintendo Switch
B0767WC6ZM,related to,Nintendo GameCube
B0767WC6ZM,related to,Nintendo DS
B0767WC6ZM,related to,Nintendo Wii
B0767WC6ZM,related to,PC Games - Nintendo
B0767WC6ZM,related to,PC Accessories - Nintendo
B0767WC6ZM,related to,Controller Accessories - Nintendo
B0767WC6ZM,related to,Headsets - Nintendo
B0767WC6ZM,related to,Xbox One
B0767WC6ZM,related to,Playstation 5
B0767WC6ZM,related to,Playstation 4
B0767WC6ZM,related to,Playstation Plus
B0767WC6ZM,related to,PC Games
B0C4FF2BB7,related to,Cable
B0C4FF2BB7,related to,Playstation
B0C4FF2BB7,related to,PC Gaming
B0C4FF2BB7,related to,Accessories
B0C4FF2BB7,related to,Playstation 5
B0C4FF2BB7,related to,Playstation 4
B0C4FF2BB7,related to,Playstation Plus
B0C4FF2BB7,related to,PC Games - Playstation
B0C4FF2BB7,related to,PC Accessories - Playstation
B0C4FF2BB7,related to,Headsets - Playstation
B0C4FF2BB7,related to,PC Accessories - Nintendo
B0C4FF2BB7,related to,Cable Released
B000HVVO98,related to,Nintendo
B000HVVO98,related to,Playstation
B000HVVO98,related to,Nintendo Switch
B000HVVO98,related to,Nintendo GameCube
B000HVVO98,related to,Nintendo DS
B000HVVO98,related to,Nintendo Wii
B000HVVO98,related to,PC Games - Nintendo
B000HVVO98,related to,PC Accessories - Nintendo
B000HVVO98,related to,Controller Accessories - Nintendo
B000HVVO98,related to,Headsets - Nintendo
B000HVVO98,related to,Xbox Series S
B000HVVO98,related to,Playstation 5
B000HVVO98,related to,Playstation 4
B000HVVO98,related to,Playstation Plus
B003XNU1LE,related to,Nintendo
B003XNU1LE,related to,PC Gaming
B003XNU1LE,related to,Nintendo GameCube
B003XNU1LE,related to,PC Games
B003XNU1LE,related to,PC Games - Xbox
B003XNU1LE,related to,PC Games - Playstation
B003XNU1LE,related to,PC Games - Nintendo
B003XNU1LE,related to,Nintendo Wii
B003XNU1LE,related to,Playstation 5
B003XNU1LE,related to,Playstation 4
B003XNU1LE,related to,Nintendo Switch
B003XNU1LE,related to,Nintendo DS
B003XNU1LE,related to,PC Accessories - Nintendo
B003XNU1LE,related to,Controller Accessories - Nintendo
B07S62XBC7,related to,Xbox
B07S62XBC7,related to,PC Gaming
B07S62XBC7,related to,Nintendo
B07S62XBC7,related to,Playstation
B07S62XBC7,related to,Nintendo Switch
B07S62XBC7,related to,Keyboard
B07S62XBC7,related to,Xbox One
B07S62XBC7,related to,PC Games
B07S62XBC7,related to,PC Games - Xbox
B07S62XBC7,related to,PC Games - Playstation
B07S62XBC7,related to,PC Games - Nintendo
B07S62XBC7,related to,Playstation 5
B07S62XBC7,related to,Playstation 4
B07S62XBC7,related to,Playstation Plus
B07S62XBC7,related to,Nintendo Wii
B002JTX74G,related to,Xbox
B002JTX74G,related to,Playstation
B002JTX74G,related to,Nintendo
B002JTX74G,related to,PC Gaming
B002JTX74G,related to,PC Games
B002JTX74G,related to,Xbox Series S
B002JTX74G,related to,Xbox One
B002JTX74G,related to,Playstation 5
B002JTX74G,related to,Playstation 4
B002JTX74G,related to,Playstation Plus
B002JTX74G,related to,Nintendo DS
B002JTX74G,related to,Nintendo Wii
B002JTX74G,related to,PC Games - Xbox
B002JTX74G,related to,PC Games - Playstation
B002JTX74G,related to,PC Games - Nintendo
B002JTX74G,related to,PC Accessories - Playstation
B002JTX74G,related to,Controller Accessories - Playstation
B002JTX74G,related to,Headsets - Playstation
B00028S9P8,related to,Playstation
B00028S9P8,related to,PC Gaming
B00028S9P8,related to,Nintendo
B00028S9P8,related to,PC Games
B00028S9P8,related to,PC Games - Xbox
B00028S9P8,related to,PC Games - Playstation
B00028S9P8,related to,PC Games - Nintendo
B00028S9P8,related to,Nintendo Switch
B00028S9P8,related to,Nintendo GameCube
B00028S9P8,related to,Nintendo DS
B00028S9P8,related to,Nintendo Wii
B00028S9P8,related to,PC Accessories - Nintendo
B00028S9P8,related to,Controller Accessories - Nintendo
B08ZH562GX,related to,Playstation
B08ZH562GX,related to,Controller Accessories
B08ZH562GX,related to,PC Gaming
B08ZH562GX,related to,Cable
B08ZH562GX,related to,Playstation 5
B08ZH562GX,related to,Playstation 4
B08ZH562GX,related to,Playstation Plus
B08ZH562GX,related to,PC Games - Playstation
B08ZH562GX,related to,PC Accessories - Playstation
B08ZH562GX,related to,Controller Accessories - Playstation
B08ZH562GX,related to,Controller Accessories - Xbox
B08ZH562GX,related to,Controller Accessories - Nintendo
B08ZH562GX,related to,PC Games
B08ZH562GX,related to,PC Games - Xbox
B08ZH562GX,related to,PC Games - Nintendo
B08ZH562GX,related to,Keyboard
B017LKMXT2,related to,PC Gaming
B017LKMXT2,related to,PC Games
B017LKMXT2,related to,PC Games - Xbox
B017LKMXT2,related to,PC Games - Playstation
B017LKMXT2,related to,PC Games - Nintendo
B009VUHW60,related to,Nintendo
B093FBFT5G,related to,Nintendo
B093FBFT5G,related to,PC Gaming
B093FBFT5G,related to,Controller Accessories
B093FBFT5G,related to,Xbox
B093FBFT5G,related to,Playstation
B093FBFT5G,related to,Nintendo Wii
B093FBFT5G,related to,PC Games
B093FBFT5G,related to,PC Games - Xbox
B093FBFT5G,related to,PC Games - Playstation
B093FBFT5G,related to,PC Games - Nintendo
B093FBFT5G,related to,PC Accessories - Nintendo
B093FBFT5G,related to,Controller Accessories - Xbox
B093FBFT5G,related to,Controller Accessories - Playstation
B093FBFT5G,related to,Controller Accessories - Nintendo
B093FBFT5G,related to,Xbox One
B093FBFT5G,related to,Playstation 5
B093FBFT5G,related to,Playstation 4
B093FBFT5G,related to,Playstation Plus
B093FBFT5G,related to,Nintendo Switch
B093FBFT5G,related to,Nintendo GameCube
B093FBFT5G,related to,Nintendo DS
B093FBFT5G,related to,Headsets - Nintendo
B08PK6TG7Y,related to,Xbox
B08PK6TG7Y,related to,Playstation
B08PK6TG7Y,related to,Nintendo
B08PK6TG7Y,related to,PC Gaming
B08PK6TG7Y,related to,Nintendo Switch
B08PK6TG7Y,related to,Xbox One
B08PK6TG7Y,related to,Playstation 5
B08PK6TG7Y,related to,Playstation 4
B08PK6TG7Y,related to,Playstation Plus
B08PK6TG7Y,related to,Nintendo GameCube
B08PK6TG7Y,related to,Nintendo DS
B08PK6TG7Y,related to,Nintendo Wii
B08PK6TG7Y,related to,PC Games
B08PK6TG7Y,related to,PC Games - Nintendo
B08PK6TG7Y,related to,PC Accessories - Nintendo
B08PK6TG7Y,related to,Controller Accessories - Nintendo
B08PK6TG7Y,related to,Headsets - Nintendo
B08PK6TG7Y,related to,PC Games - Xbox
B08PK6TG7Y,related to,PC Games - Playstation
B000RATCJI,related to,Controller Accessories
B000RATCJI,related to,Xbox
B000RATCJI,related to,Playstation
B000RATCJI,related to,Nintendo
B000RATCJI,related to,PC Gaming
B000RATCJI,related to,Xbox Series X
B000RATCJI,related to,Xbox Series S
B000RATCJI,related to,Xbox One
B000RATCJI,related to,Xbox Live
B000RATCJI,related to,Playstation 5
B000RATCJI,related to,Playstation 4
B000RATCJI,related to,Playstation Plus
B000RATCJI,related to,Nintendo GameCube
B000RATCJI,related to,Nintendo DS
B000RATCJI,related to,Nintendo Wii
B000RATCJI,related to,PC Games
B000RATCJI,related to,PC Games - Xbox
B000RATCJI,related to,PC Games - Playstation
B000RATCJI,related to,PC Games - Nintendo
B000RATCJI,related to,PC Accessories - Playstation
B000RATCJI,related to,PC Accessories - Nintendo
B000RATCJI,related to,Controller Accessories - Playstation
B000RATCJI,related to,Headsets - Playstation
B000059Z8B,related to,Xbox
B000059Z8B,related to,Playstation
B000059Z8B,related to,Playstation 5
B000059Z8B,related to,Playstation 4
B000059Z8B,related to,Playstation Plus
B000059Z8B,related to,PC Games - Playstation
B000059Z8B,related to,PC Accessories - Playstation
B000059Z8B,related to,Controller Accessories - Playstation
B000059Z8B,related to,Headsets - Playstation
B09T5VN7D1,related to,Nintendo
B09T5VN7D1,related to,PC Gaming
B09T5VN7D1,related to,PC Games
B09T5VN7D1,related to,PC Games - Xbox
B09T5VN7D1,related to,PC Games - Nintendo
B00N73JLU2,related to,PC Games
B00DS6AJ86,related to,PC Gaming
B00DS6AJ86,related to,Xbox
B00DS6AJ86,related to,PC Games
B00DS6AJ86,related to,PC Games - Xbox
B08L6L6KQL,related to,Nintendo
B08L6L6KQL,related to,Xbox
B08L6L6KQL,related to,Playstation
B08L6L6KQL,related to,PC Gaming
B08L6L6KQL,related to,Nintendo Switch
B08L6L6KQL,related to,Nintendo GameCube
B08L6L6KQL,related to,Nintendo DS
B08L6L6KQL,related to,Nintendo Wii
B08L6L6KQL,related to,PC Games - Nintendo
B08L6L6KQL,related to,PC Accessories - Nintendo
B08L6L6KQL,related to,Controller Accessories - Nintendo
B08L6L6KQL,related to,Xbox One
B08L6L6KQL,related to,Playstation 5
B08L6L6KQL,related to,Playstation 4
B08L6L6KQL,related to,Playstation Plus
B08L6L6KQL,related to,PC Games
B08L6L6KQL,related to,Headsets - Nintendo
B003KRRCQA,related to,PC Accessories
B003KRRCQA,related to,Accessories
B003KRRCQA,related to,Controller Accessories
B003KRRCQA,related to,Other Accessories
B003KRRCQA,related to,Playstation
B003KRRCQA,related to,PC Gaming
B003KRRCQA,related to,Xbox
B003KRRCQA,related to,Cable
B003KRRCQA,related to,PC Accessories - Nintendo
B003KRRCQA,related to,Controller Accessories - Nintendo
B003KRRCQA,related to,Xbox One
B003KRRCQA,related to,Playstation 5
B003KRRCQA,related to,Playstation 4
B003KRRCQA,related to,Playstation Plus
B003KRRCQA,related to,PC Games
B003KRRCQA,related to,PC Games - Xbox
B003KRRCQA,related to,PC Games - Playstation
B003KRRCQA,related to,PC Games - Nintendo
B003KRRCQA,related to,PC Accessories - Playstation
B003KRRCQA,related to,Controller Accessories - Playstation
B003KRRCQA,related to,Headsets - Playstation
B003KRRCQA,related to,Cable Released
B011ALF4XK,related to,Nintendo
B011ALF4XK,related to,Xbox
B011ALF4XK,related to,Playstation
B011ALF4XK,related to,PC Gaming
B011ALF4XK,related to,Nintendo GameCube
B011ALF4XK,related to,Nintendo DS
B011ALF4XK,related to,Nintendo Wii
B011ALF4XK,related to,PC Games - Nintendo
B011ALF4XK,related to,Xbox One
B011ALF4XK,related to,Playstation 5
B011ALF4XK,related to,Playstation 4
B011ALF4XK,related to,Playstation Plus
B011ALF4XK,related to,Nintendo Switch
B011ALF4XK,related to,PC Games
B011ALF4XK,related to,PC Accessories - Nintendo
B011ALF4XK,related to,Controller Accessories - Nintendo
B011ALF4XK,related to,Headsets - Nintendo
B08RCJBFPY,related to,PC Gaming
B08RCJBFPY,related to,PC Games
B08RCJBFPY,related to,PC Games - Nintendo
B000FIN2W0,related to,PC Gaming
B000FIN2W0,related to,Playstation
B000FIN2W0,related to,Nintendo
B000FIN2W0,related to,Xbox
B000FIN2W0,related to,Playstation 5
B000FIN2W0,related to,PC Games
B000FIN2W0,related to,PC Games - Xbox
B000FIN2W0,related to,PC Games - Playstation
B000FIN2W0,related to,PC Games - Nintendo
B000FIN2W0,related to,Nintendo Switch
B000FIN2W0,related to,Nintendo GameCube
B000FIN2W0,related to,Nintendo DS
B000FIN2W0,related to,Nintendo Wii
B000FIN2W0,related to,PC Accessories - Nintendo
B000FIN2W0,related to,Controller Accessories - Nintendo
B000FIN2W0,related to,Xbox One
B000FIN2W0,related to,Playstation 4
B000FIN2W0,related to,Playstation Plus
B000FIN2W0,related to,Headsets - Nintendo
B004LLHFAW,related to,Nintendo
B004LLHFAW,related to,PC Gaming
B004LLHFAW,related to,Playstation
B004LLHFAW,related to,PC Games
B004LLHFAW,related to,PC Games - Xbox
B004LLHFAW,related to,PC Games - Playstation
B004LLHFAW,related to,PC Games - Nintendo
B004LLHFAW,related to,Playstation 5
B004LLHFAW,related to,Playstation 4
B004LLHFAW,related to,Nintendo Wii
B000AC59ZO,related to,Nintendo
B000AC59ZO,related to,Xbox
B000AC59ZO,related to,Playstation
B000AC59ZO,related to,PC Gaming
B000AC59ZO,related to,PC Games
B000AC59ZO,related to,Xbox Series X
B000AC59ZO,related to,Xbox Series S
B000AC59ZO,related to,Xbox One
B000AC59ZO,related to,Xbox Live
B000AC59ZO,related to,Playstation 5
B000AC59ZO,related to,Playstation 4
B000AC59ZO,related to,Playstation Plus
B000AC59ZO,related to,PC Games - Xbox
B000AC59ZO,related to,PC Games - Playstation
B000AC59ZO,related to,PC Games - Nintendo
B000AC59ZO,related to,PC Accessories - Xbox
B000AC59ZO,related to,PC Accessories - Playstation
B000AC59ZO,related to,PC Accessories - Nintendo
B000AC59ZO,related to,Controller Accessories - Xbox
B000AC59ZO,related to,Headsets - Xbox
B07MLYV9W4,related to,Xbox
B07MLYV9W4,related to,Playstation
B07MLYV9W4,related to,Nintendo
B07MLYV9W4,related to,PC Gaming
B07MLYV9W4,related to,Accessories
B07MLYV9W4,related to,Tool Kit
B07MLYV9W4,related to,Xbox One
B07MLYV9W4,related to,Playstation 5
B07MLYV9W4,related to,Playstation 4
B07MLYV9W4,related to,Playstation Plus
B07MLYV9W4,related to,Nintendo Switch
B07MLYV9W4,related to,Nintendo GameCube
B07MLYV9W4,related to,Nintendo DS
B07MLYV9W4,related to,Nintendo Wii
B07MLYV9W4,related to,PC Games - Xbox
B07MLYV9W4,related to,PC Games - Playstation
B07MLYV9W4,related to,PC Games - Nintendo
B07MLYV9W4,related to,PC Accessories - Nintendo
B07MLYV9W4,related to,Controller Accessories - Nintendo
B07MLYV9W4,related to,Headsets - Nintendo
B07MLYV9W4,related to,PC Games
B001ELJDWU,related to,Nintendo
B001ELJDWU,related to,PC Gaming
B001ELJDWU,related to,Playstation
B001ELJDWU,related to,Xbox
B001ELJDWU,related to,Nintendo GameCube
B001ELJDWU,related to,Nintendo Wii
B001ELJDWU,related to,PC Games
B001ELJDWU,related to,PC Games - Nintendo
B001ELJDWU,related to,PC Games - Playstation
B001ELJDWU,related to,PC Accessories - Nintendo
B001ELJDWU,related to,Playstation 5
B001ELJDWU,related to,Playstation 4
B001ELJDWU,related to,Nintendo Switch
B001ELJDWU,related to,Nintendo DS
B001ELJDWU,related to,Controller Accessories - Nintendo
B001ELJDWU,related to,Headsets - Nintendo
B001ELJDWU,related to,Xbox One
B001ELJDWU,related to,Playstation Plus
B00OA306WU,related to,Xbox
B00OA306WU,related to,PC Games - Xbox
B00OA306WU,related to,Xbox Series X
B00OA306WU,related to,Xbox One
B00OA306WU,related to,Xbox Live
B00OA306WU,related to,PC Accessories - Xbox
B00OA306WU,related to,Controller Accessories - Xbox
B00OA306WU,related to,Headsets - Xbox
B00OA306WU,related to,Xbox Series S
B07Z813JCB,related to,PC Gaming
B07Z813JCB,related to,Cable
B07Z813JCB,related to,Xbox
B07Z813JCB,related to,Playstation
B07Z813JCB,related to,Nintendo
B07Z813JCB,related to,PC Games
B07Z813JCB,related to,PC Games - Xbox
B07Z813JCB,related to,PC Games - Playstation
B07Z813JCB,related to,PC Games - Nintendo
B07Z813JCB,related to,Cable Released
B07Z813JCB,related to,Playstation 5
B07Z813JCB,related to,Playstation 4
B07Z813JCB,related to,Playstation Plus
B07Z813JCB,related to,Nintendo Switch
B07Z813JCB,related to,Nintendo GameCube
B07Z813JCB,related to,Nintendo DS
B07Z813JCB,related to,Nintendo Wii
B002ATY7JE,related to,Nintendo
B002ATY7JE,related to,Xbox
B002ATY7JE,related to,Playstation
B002ATY7JE,related to,PC Gaming
B002ATY7JE,related to,Nintendo Switch
B002ATY7JE,related to,Nintendo GameCube
B002ATY7JE,related to,Nintendo DS
B002ATY7JE,related to,Nintendo Wii
B002ATY7JE,related to,PC Games - Nintendo
B002ATY7JE,related to,PC Accessories - Nintendo
B002ATY7JE,related to,Controller Accessories - Nintendo
B002ATY7JE,related to,Xbox One
B002ATY7JE,related to,Playstation 5
B002ATY7JE,related to,Playstation 4
B002ATY7JE,related to,Playstation Plus
B002ATY7JE,related to,PC Games
B002ATY7JE,related to,PC Games - Xbox
B002ATY7JE,related to,PC Games - Playstation
B001EYUO3E,related to,Playstation
B001EYUO3E,related to,Xbox
B001EYUO3E,related to,PC Games
B001EYUO3E,related to,PC Games - Xbox
B001EYUO3E,related to,PC Games - Playstation
B001EYUO3E,related to,PC Games - Nintendo
B001EYUO3E,related to,Playstation 5
B001EYUO3E,related to,Playstation 4
B001EYUO3E,related to,Playstation Plus
B001EYUO3E,related to,PC Accessories - Playstation
B001EYUO3E,related to,Controller Accessories - Playstation
B001EYUO3E,related to,Headsets - Playstation
B001EYUO3E,related to,Xbox One
B001EYUO3E,related to,Cable Released
B08P1CD4HJ,related to,Xbox
B08P1CD4HJ,related to,Playstation
B08P1CD4HJ,related to,Nintendo
B08P1CD4HJ,related to,PC Gaming
B08P1CD4HJ,related to,Xbox Series X
B08P1CD4HJ,related to,Xbox Series S
B08P1CD4HJ,related to,Xbox One
B08P1CD4HJ,related to,Xbox Live
B08P1CD4HJ,related to,Playstation 5
B08P1CD4HJ,related to,Playstation 4
B08P1CD4HJ,related to,Playstation Plus
B08P1CD4HJ,related to,PC Games
B08P1CD4HJ,related to,PC Games - Xbox
B08P1CD4HJ,related to,PC Games - Playstation
B08P1CD4HJ,related to,PC Games - Nintendo
B08P1CD4HJ,related to,PC Accessories - Xbox
B08P1CD4HJ,related to,PC Accessories - Playstation
B08P1CD4HJ,related to,PC Accessories - Nintendo
B08P1CD4HJ,related to,Controller Accessories - Xbox
B08P1CD4HJ,related to,Headsets - Xbox
B08P1CD4HJ,related to,Controller Accessories - Nintendo
B002JTX62O,related to,Nintendo
B002JTX62O,related to,PC Gaming
B002JTX62O,related to,PC Games
B002JTX62O,related to,PC Games - Xbox
B002JTX62O,related to,PC Games - Playstation
B002JTX62O,related to,PC Games - Nintendo
B07WZT2HZ8,related to,PC Gaming
B07WZT2HZ8,related to,Headsets
B07WZT2HZ8,related to,Xbox
B07WZT2HZ8,related to,Accessories
B07WZT2HZ8,related to,PC Games
B07WZT2HZ8,related to,PC Games - Xbox
B07WZT2HZ8,related to,PC Games - Playstation
B07WZT2HZ8,related to,Headsets - Xbox
B07WZT2HZ8,related to,Headsets - Playstation
B07WZT2HZ8,related to,Headsets - Nintendo
B07WZT2HZ8,related to,PC Accessories - Nintendo
B07WZT2HZ8,related to,PC Games - Nintendo
B00007M9IJ,related to,Xbox
B00007M9IJ,related to,Playstation
B00007M9IJ,related to,Nintendo
B00007M9IJ,related to,PC Gaming
B00007M9IJ,related to,PC Games
B00007M9IJ,related to,Xbox Series S
B00007M9IJ,related to,Xbox One
B00007M9IJ,related to,Playstation 5
B00007M9IJ,related to,Playstation 4
B00007M9IJ,related to,Playstation Plus
B00007M9IJ,related to,Nintendo DS
B00007M9IJ,related to,Nintendo Wii
B00007M9IJ,related to,PC Games - Xbox
B00007M9IJ,related to,PC Games - Playstation
B00007M9IJ,related to,PC Games - Nintendo
B00007M9IJ,related to,PC Accessories - Playstation
B00007M9IJ,related to,Controller Accessories - Playstation
B00007M9IJ,related to,Headsets - Playstation
B000KKTCFY,related to,Nintendo
B000KKTCFY,related to,PC Gaming
B000KKTCFY,related to,Playstation
B000KKTCFY,related to,PC Games
B000KKTCFY,related to,PC Games - Nintendo
B000KKTCFY,related to,Nintendo Switch
B000KKTCFY,related to,Nintendo GameCube
B000KKTCFY,related to,Nintendo DS
B000KKTCFY,related to,Nintendo Wii
B000KKTCFY,related to,PC Accessories - Nintendo
B000KKTCFY,related to,Controller Accessories - Nintendo
B000KKTCFY,related to,Headsets - Nintendo
B000KKTCFY,related to,PC Games - Xbox
B000KKTCFY,related to,PC Games - Playstation
B000KKTCFY,related to,Xbox Series S
B000KKTCFY,related to,Playstation 5
B000KKTCFY,related to,Playstation 4
B000KKTCFY,related to,Playstation Plus
B076D2LKC7,related to,Nintendo
B076D2LKC7,related to,Playstation
B076D2LKC7,related to,PC Games
B076D2LKC7,related to,PC Games - Nintendo
B076D2LKC7,related to,Cable Released
B076D2LKC7,related to,Playstation 5
B076D2LKC7,related to,Playstation 4
B076D2LKC7,related to,Playstation Plus
B076D2LKC7,related to,PC Games - Playstation
B076D2LKC7,related to,PC Accessories - Playstation
B076D2LKC7,related to,Controller Accessories - Playstation
B076D2LKC7,related to,Headsets - Playstation
B076D2LKC7,related to,Nintendo DS
B07F1HTGV1,related to,Playstation
B07F1HTGV1,related to,Nintendo
B07F1HTGV1,related to,Playstation 5
B07F1HTGV1,related to,Playstation 4
B07F1HTGV1,related to,Playstation Plus
B07F1HTGV1,related to,Nintendo Switch
B07F1HTGV1,related to,Nintendo GameCube
B07F1HTGV1,related to,Nintendo DS
B07F1HTGV1,related to,Nintendo Wii
B07F1HTGV1,related to,PC Games - Nintendo
B07F1HTGV1,related to,PC Accessories - Nintendo
B07F1HTGV1,related to,Controller Accessories - Nintendo
B07F1HTGV1,related to,Headsets - Nintendo
B01F20RQHC,related to,PC Gaming
B01F20RQHC,related to,Xbox
B01F20RQHC,related to,Playstation
B01F20RQHC,related to,Nintendo
B01F20RQHC,related to,PC Games
B01F20RQHC,related to,Keyboard
B01F20RQHC,related to,Nintendo Switch
B01F20RQHC,related to,Xbox One
B01F20RQHC,related to,Playstation 5
B01F20RQHC,related to,Playstation 4
B01F20RQHC,related to,Playstation Plus
B01F20RQHC,related to,Nintendo Wii
B01F20RQHC,related to,PC Games - Xbox
B01F20RQHC,related to,PC Games - Playstation
B01F20RQHC,related to,PC Games - Nintendo
B07QN6N4RJ,related to,Xbox
B07QN6N4RJ,related to,PC Gaming
B07QN6N4RJ,related to,Playstation
B07QN6N4RJ,related to,Nintendo
B07QN6N4RJ,related to,Controller Accessories
B07QN6N4RJ,related to,Nintendo Switch
B07QN6N4RJ,related to,Xbox Series X
B07QN6N4RJ,related to,Xbox Series S
B07QN6N4RJ,related to,Xbox One
B07QN6N4RJ,related to,Xbox Live
B07QN6N4RJ,related to,Playstation 5
B07QN6N4RJ,related to,Playstation 4
B07QN6N4RJ,related to,PC Games - Xbox
B07QN6N4RJ,related to,PC Accessories - Xbox
B07QN6N4RJ,related to,Controller Accessories - Xbox
B07QN6N4RJ,related to,Headsets - Xbox
B07QN6N4RJ,related to,PC Games
B07QN6N4RJ,related to,PC Games - Playstation
B07QN6N4RJ,related to,PC Games - Nintendo
B07QN6N4RJ,related to,Playstation Plus
B07QN6N4RJ,related to,PC Accessories - Playstation
B07QN6N4RJ,related to,PC Accessories - Nintendo
B07QN6N4RJ,related to,Controller Accessories - Playstation
B07QN6N4RJ,related to,Controller Accessories - Nintendo
B00559XGDO,related to,Xbox
B00559XGDO,related to,Playstation
B00559XGDO,related to,Nintendo
B00559XGDO,related to,PC Gaming
B00559XGDO,related to,PC Games
B00559XGDO,related to,PC Games - Xbox
B00559XGDO,related to,PC Games - Playstation
B00559XGDO,related to,PC Games - Nintendo
B00559XGDO,related to,Xbox One
B00559XGDO,related to,Playstation 5
B00559XGDO,related to,Playstation 4
B00559XGDO,related to,Playstation Plus
B00559XGDO,related to,Nintendo Switch
B00559XGDO,related to,Nintendo GameCube
B00559XGDO,related to,Nintendo DS
B00559XGDO,related to,Nintendo Wii
B00559XGDO,related to,PC Accessories - Nintendo
B00559XGDO,related to,Controller Accessories - Nintendo
B09NCP9VN6,related to,PC Gaming
B09NCP9VN6,related to,Controller Accessories
B09NCP9VN6,related to,PC Games
B09NCP9VN6,related to,PC Games - Xbox
B09NCP9VN6,related to,PC Games - Playstation
B09NCP9VN6,related to,PC Games - Nintendo
B09NCP9VN6,related to,Xbox Series S
B09NCP9VN6,related to,Controller Accessories - Nintendo
