head,relation,tail
Product Details,is parent of,Hardware
Hardware,is parent of,Xbox
Xbox,is parent of,Xbox Series X
Xbox,is parent of,Xbox Series S
Xbox,is parent of,Xbox One
Hardware,is parent of,PlayStation
PlayStation,is parent of,PlayStation 5
PlayStation,is parent of,PlayStation 4
PlayStation,is parent of,PlayStation Vita
Hardware,is parent of,Nintendo
Nintendo,is parent of,Nintendo Switch
Nintendo Switch,is parent of,Nintendo Switch
Nintendo Switch,is parent of,Nintendo Switch Lite
Nintendo Switch,is parent of,Nintendo 3DS
Hardware,is parent of,PC Games
Hardware,is parent of,Gaming Peripherals
Gaming Peripherals,is parent of,Headsets
Gaming Peripherals,is parent of,Controllers
Gaming Peripherals,is parent of,VR Headsets
Hardware,is parent of,Gaming Accessories
Gaming Accessories,is parent of,Controllers
Gaming Accessories,is parent of,VR Headsets
Hardware,is parent of,Games
Games,is parent of,Xbox Games
Games,is parent of,PlayStation Games
Games,is parent of,Nintendo Games
Hardware,is parent of,Storage Cases
Storage Cases,is parent of,Switch Cases
Hardware,is parent of,Headsets
Headsets,is parent of,Gaming Headsets
Hardware,is parent of,Controllers
Controllers,is parent of,Xbox Controllers
Controllers,is parent of,PlayStation Controllers
Controllers,is parent of,Nintendo Controllers
Hardware,is parent of,VR Headsets
VR Headsets,is parent of,VR Headsets
B00Z9TLVK0,related to,Games
B07H93H878,related to,Controllers
B07H93H878,related to,Xbox
B07H93H878,related to,PlayStation
B07H93H878,related to,Nintendo
B07H93H878,related to,Gaming Accessories
B07H93H878,related to,Games
B07H93H878,related to,Xbox Controllers
B07H93H878,related to,PlayStation Controllers
B07H93H878,related to,Nintendo Controllers
B07H93H878,related to,Xbox Series X
B07H93H878,related to,Xbox Series S
B07H93H878,related to,Xbox One
B07H93H878,related to,PlayStation 5
B07H93H878,related to,PlayStation 4
B07H93H878,related to,PC Games
B07H93H878,related to,Xbox Games
B07H93H878,related to,PlayStation Games
B00006969T,related to,Games
B00006969T,related to,Nintendo
B00006969T,related to,Nintendo Switch
B00006969T,related to,PlayStation 4
B00006969T,related to,Nintendo 3DS
B00006969T,related to,Nintendo Games
B00006969T,related to,Nintendo Controllers
B00BJH85SW,related to,Games
B00BJH85SW,related to,Nintendo
B00BJH85SW,related to,Nintendo Switch
B00BJH85SW,related to,Nintendo 3DS
B00BJH85SW,related to,Xbox Games
B00BJH85SW,related to,Nintendo Games
B00BJH85SW,related to,Nintendo Controllers
B001EYUX4Y,related to,Games
B001EYUX4Y,related to,PC Games
B001EYUX4Y,related to,Xbox Games
B001EYUX4Y,related to,PlayStation Games
B001ECIV54,related to,PlayStation
B001ECIV54,related to,Games
B001ECIV54,related to,PlayStation 5
B001ECIV54,related to,PlayStation 4
B001ECIV54,related to,PlayStation Vita
B001ECIV54,related to,PlayStation Games
B001ECIV54,related to,PlayStation Controllers
B01N9HGQTM,related to,Controllers
B01N9HGQTM,related to,Nintendo
B01N9HGQTM,related to,Hardware
B01N9HGQTM,related to,Xbox
B01N9HGQTM,related to,PlayStation
B01N9HGQTM,related to,Nintendo Switch
B01N9HGQTM,related to,Gaming Accessories
B01N9HGQTM,related to,Games
B01N9HGQTM,related to,Xbox Controllers
B01N9HGQTM,related to,PlayStation Controllers
B01N9HGQTM,related to,Nintendo Controllers
B01N9HGQTM,related to,Nintendo Games
B01N9HGQTM,related to,Xbox One
B01N9HGQTM,related to,PlayStation 5
B01N9HGQTM,related to,PlayStation 4
B01N9HGQTM,related to,Nintendo Switch Lite
B01N9HGQTM,related to,Nintendo 3DS
B01N9HGQTM,related to,PC Games
B01N9HGQTM,related to,Xbox Games
B01N9HGQTM,related to,PlayStation Games
B07B3RPWKK,related to,Games
B07B3RPWKK,related to,PC Games
B08WLJ8WF2,related to,Xbox
B08WLJ8WF2,related to,PlayStation
B08WLJ8WF2,related to,Nintendo
B08WLJ8WF2,related to,Gaming Peripherals
B08WLJ8WF2,related to,Gaming Accessories
B08WLJ8WF2,related to,Games
B08WLJ8WF2,related to,Xbox Series S
B08WLJ8WF2,related to,Xbox One
B08WLJ8WF2,related to,PlayStation 5
B08WLJ8WF2,related to,PlayStation 4
B08WLJ8WF2,related to,PlayStation Vita
B08WLJ8WF2,related to,PC Games
B08WLJ8WF2,related to,Xbox Games
B08WLJ8WF2,related to,PlayStation Games
B08WLJ8WF2,related to,Nintendo Games
B08WLJ8WF2,related to,Gaming Headsets
B08WLJ8WF2,related to,PlayStation Controllers
B0011UH182,related to,Nintendo Games
B00OLOQGAY,related to,Headsets
B00OLOQGAY,related to,VR Headsets
B00OLOQGAY,related to,Xbox
B00OLOQGAY,related to,PlayStation
B00OLOQGAY,related to,Nintendo
B00OLOQGAY,related to,Gaming Peripherals
B00OLOQGAY,related to,Gaming Accessories
B00OLOQGAY,related to,Games
B00OLOQGAY,related to,Gaming Headsets
B00OLOQGAY,related to,Xbox Series X
B00OLOQGAY,related to,Xbox Series S
B00OLOQGAY,related to,Xbox One
B00OLOQGAY,related to,PlayStation 5
B00OLOQGAY,related to,PlayStation 4
B00OLOQGAY,related to,PC Games
B00OLOQGAY,related to,Xbox Games
B00OLOQGAY,related to,PlayStation Games
B00OLOQGAY,related to,Nintendo Games
B00OLOQGAY,related to,Xbox Controllers
B00OLOQGAY,related to,PlayStation Controllers
B002KAKSJQ,related to,Games
B078GW3HGR,related to,PlayStation
B078GW3HGR,related to,PlayStation 5
B078GW3HGR,related to,PlayStation 4
B078GW3HGR,related to,PlayStation Vita
B078GW3HGR,related to,PlayStation Games
B078GW3HGR,related to,PlayStation Controllers
B004BV5O0U,related to,PlayStation
B004BV5O0U,related to,Games
B004BV5O0U,related to,PlayStation 5
B004BV5O0U,related to,PlayStation 4
B004BV5O0U,related to,PC Games
B001ELJEA6,related to,Games
B001ELJEA6,related to,PlayStation
B001ELJEA6,related to,PC Games
B001ELJEA6,related to,PlayStation 5
B001ELJEA6,related to,PlayStation 4
B001ELJEA6,related to,PlayStation Vita
B001ELJEA6,related to,PlayStation Games
B001ELJEA6,related to,PlayStation Controllers
B00B5QGJ5S,related to,PlayStation
B00B5QGJ5S,related to,Xbox One
B00B5QGJ5S,related to,PlayStation 5
B00B5QGJ5S,related to,PlayStation 4
B00B5QGJ5S,related to,PlayStation Vita
B00B5QGJ5S,related to,PlayStation Games
B00B5QGJ5S,related to,PlayStation Controllers
B09CG15F86,related to,Gaming Peripherals
B09CG15F86,related to,Gaming Accessories
B08P1CB1G2,related to,Controllers
B08P1CB1G2,related to,Xbox
B08P1CB1G2,related to,PlayStation
B08P1CB1G2,related to,Xbox Controllers
B08P1CB1G2,related to,PlayStation Controllers
B08P1CB1G2,related to,Nintendo Controllers
B08P1CB1G2,related to,Xbox Series S
B08P1CB1G2,related to,Xbox One
B08P1CB1G2,related to,PlayStation 5
B08P1CB1G2,related to,PlayStation 4
B08P1CB1G2,related to,PlayStation Vita
B08P1CB1G2,related to,PC Games
B08P1CB1G2,related to,Xbox Games
B08P1CB1G2,related to,PlayStation Games
B002KE4NVG,related to,Games
B002KE4NVG,related to,PC Games
B002KE4NVG,related to,Xbox Games
B002KE4NVG,related to,PlayStation Games
B002KE4NVG,related to,Nintendo Games
B00GYL29NU,related to,Xbox
B00GYL29NU,related to,PlayStation
B00GYL29NU,related to,Nintendo
B00GYL29NU,related to,Gaming Accessories
B00GYL29NU,related to,Games
B00GYL29NU,related to,Xbox Series S
B00GYL29NU,related to,Xbox One
B00GYL29NU,related to,PlayStation 5
B00GYL29NU,related to,PlayStation 4
B00GYL29NU,related to,PlayStation Vita
B00GYL29NU,related to,PC Games
B00GYL29NU,related to,Xbox Games
B00GYL29NU,related to,PlayStation Games
B00GYL29NU,related to,Nintendo Games
B00GYL29NU,related to,PlayStation Controllers
B001EYUWL8,related to,PlayStation
B001EYUWL8,related to,Nintendo
B001EYUWL8,related to,Nintendo Switch
B001EYUWL8,related to,Xbox Series S
B001EYUWL8,related to,PlayStation 5
B001EYUWL8,related to,PlayStation 4
B001EYUWL8,related to,Nintendo 3DS
B001EYUWL8,related to,Xbox Games
B001EYUWL8,related to,PlayStation Games
B001EYUWL8,related to,Nintendo Games
B001EYUWL8,related to,Nintendo Controllers
B006M38RX6,related to,Nintendo
B006M38RX6,related to,Games
B006M38RX6,related to,PC Games
B006M38RX6,related to,Xbox Games
B006M38RX6,related to,PlayStation Games
B006M38RX6,related to,Nintendo Games
B01LP5V5CU,related to,Games
B01LP5V5CU,related to,Controllers
B01LP5V5CU,related to,PC Games
B01LP5V5CU,related to,Xbox Controllers
B01LP5V5CU,related to,PlayStation Controllers
B01LP5V5CU,related to,Nintendo Controllers
B00M3T4KMA,related to,Games
B00M3T4KMA,related to,Headsets
B00M3T4KMA,related to,VR Headsets
B00M3T4KMA,related to,Gaming Peripherals
B00M3T4KMA,related to,Gaming Accessories
B00M3T4KMA,related to,PC Games
B00M3T4KMA,related to,Xbox Games
B00M3T4KMA,related to,PlayStation Games
B00M3T4KMA,related to,Nintendo Games
B00M3T4KMA,related to,Gaming Headsets
B000WQ3838,related to,Games
B000WQ3838,related to,PlayStation 5
B000WQ3838,related to,PlayStation 4
B000WQ3838,related to,PC Games
B000WQ3838,related to,Xbox Games
B000WQ3838,related to,PlayStation Games
B000WQ3838,related to,Nintendo Games
B089QJ3NKP,related to,Nintendo
B089QJ3NKP,related to,Nintendo Switch
B089QJ3NKP,related to,Gaming Peripherals
B089QJ3NKP,related to,Gaming Accessories
B089QJ3NKP,related to,Controllers
B089QJ3NKP,related to,Nintendo Switch Lite
B089QJ3NKP,related to,Nintendo 3DS
B089QJ3NKP,related to,Nintendo Games
B089QJ3NKP,related to,Switch Cases
B089QJ3NKP,related to,Nintendo Controllers
B089QJ3NKP,related to,Xbox Controllers
B089QJ3NKP,related to,PlayStation Controllers
B001RNOQLS,related to,Controllers
B001RNOQLS,related to,Gaming Peripherals
B001RNOQLS,related to,Gaming Accessories
B001RNOQLS,related to,PlayStation
B001RNOQLS,related to,Nintendo Controllers
B001RNOQLS,related to,PlayStation 5
B001RNOQLS,related to,PlayStation 4
B001RNOQLS,related to,PlayStation Vita
B001RNOQLS,related to,PlayStation Games
B001RNOQLS,related to,PlayStation Controllers
B006IVOLCI,related to,Gaming Peripherals
B006IVOLCI,related to,Games
B006IVOLCI,related to,PlayStation
B006IVOLCI,related to,Gaming Accessories
B006IVOLCI,related to,Controllers
B006IVOLCI,related to,PC Games
B006IVOLCI,related to,Xbox Games
B006IVOLCI,related to,PlayStation 5
B006IVOLCI,related to,PlayStation 4
B006IVOLCI,related to,PlayStation Vita
B006IVOLCI,related to,PlayStation Games
B006IVOLCI,related to,Xbox Controllers
B006IVOLCI,related to,PlayStation Controllers
B006IVOLCI,related to,Nintendo Controllers
B015Q7IF3U,related to,Xbox
B015Q7IF3U,related to,PlayStation
B015Q7IF3U,related to,Nintendo
B015Q7IF3U,related to,Nintendo Switch
B015Q7IF3U,related to,Xbox One
B015Q7IF3U,related to,PlayStation 5
B015Q7IF3U,related to,PlayStation 4
B015Q7IF3U,related to,PlayStation Vita
B015Q7IF3U,related to,Nintendo 3DS
B015Q7IF3U,related to,Xbox Games
B015Q7IF3U,related to,PlayStation Games
B015Q7IF3U,related to,Nintendo Games
B015Q7IF3U,related to,Xbox Controllers
B015Q7IF3U,related to,PlayStation Controllers
B015Q7IF3U,related to,Nintendo Controllers
B07KXS41QL,related to,PlayStation Controllers
B07FPRWGM4,related to,Nintendo
B07FPRWGM4,related to,Nintendo Switch
B07FPRWGM4,related to,Nintendo 3DS
B07FPRWGM4,related to,Nintendo Games
B07FPRWGM4,related to,Nintendo Controllers
B00XY0IVK4,related to,Xbox
B00XY0IVK4,related to,PlayStation
B00XY0IVK4,related to,Games
B00XY0IVK4,related to,Xbox One
B00XY0IVK4,related to,PlayStation 5
B00XY0IVK4,related to,PlayStation 4
B00XY0IVK4,related to,PlayStation Vita
B00XY0IVK4,related to,Xbox Games
B00XY0IVK4,related to,PlayStation Games
B00XY0IVK4,related to,PlayStation Controllers
B00XY0IVK4,related to,Nintendo 3DS
B00XY0IVK4,related to,PC Games
B00XY0IVK4,related to,Nintendo Games
B00008DHLK,related to,Nintendo
B00008DHLK,related to,Games
B00008DHLK,related to,Nintendo Games
B0001AVSH8,related to,Games
B0001AVSH8,related to,PC Games
B0001AVSH8,related to,PlayStation Games
B0001AVSH8,related to,Nintendo Games
B0000CE1IN,related to,Gaming Peripherals
B0000CE1IN,related to,Gaming Accessories
B0000CE1IN,related to,Games
B0000CE1IN,related to,PC Games
B0000CE1IN,related to,Xbox Games
B0000CE1IN,related to,PlayStation Games
B0000CE1IN,related to,Nintendo Games
B00OVGABF8,related to,Xbox
B00OVGABF8,related to,PlayStation
B00OVGABF8,related to,Nintendo
B00OVGABF8,related to,Games
B00OVGABF8,related to,Xbox Series X
B00OVGABF8,related to,Xbox Series S
B00OVGABF8,related to,Xbox One
B00OVGABF8,related to,PlayStation 5
B00OVGABF8,related to,PlayStation 4
B00OVGABF8,related to,PC Games
B00OVGABF8,related to,Xbox Games
B00OVGABF8,related to,PlayStation Games
B00OVGABF8,related to,Nintendo Games
B078GLDBZX,related to,Nintendo Switch
B078GLDBZX,related to,Hardware
B078GLDBZX,related to,Xbox
B078GLDBZX,related to,PlayStation
B078GLDBZX,related to,Nintendo
B078GLDBZX,related to,Gaming Accessories
B078GLDBZX,related to,Games
B078GLDBZX,related to,Nintendo Switch Lite
B078GLDBZX,related to,Switch Cases
B078GLDBZX,related to,Xbox One
B078GLDBZX,related to,PlayStation 5
B078GLDBZX,related to,PlayStation 4
B078GLDBZX,related to,Nintendo 3DS
B078GLDBZX,related to,PC Games
B078GLDBZX,related to,Xbox Games
B078GLDBZX,related to,PlayStation Games
B078GLDBZX,related to,Nintendo Games
B078GLDBZX,related to,Nintendo Controllers
B01GY35HKE,related to,Xbox
B01GY35HKE,related to,PlayStation
B01GY35HKE,related to,Xbox Series X
B01GY35HKE,related to,Xbox Series S
B01GY35HKE,related to,Xbox One
B01GY35HKE,related to,PlayStation 5
B01GY35HKE,related to,PlayStation 4
B01GY35HKE,related to,PC Games
B01GY35HKE,related to,Xbox Games
B01GY35HKE,related to,Xbox Controllers
B007YZCE94,related to,Nintendo 3DS
B001EYUX4O,related to,PlayStation
B001EYUX4O,related to,PlayStation 5
B001EYUX4O,related to,PlayStation 4
B001EYUX4O,related to,PlayStation Vita
B001EYUX4O,related to,PlayStation Games
B001EYUX4O,related to,PlayStation Controllers
B07HC8PBDB,related to,Controllers
B07HC8PBDB,related to,Xbox
B07HC8PBDB,related to,PlayStation
B07HC8PBDB,related to,Nintendo
B07HC8PBDB,related to,Gaming Accessories
B07HC8PBDB,related to,Games
B07HC8PBDB,related to,Xbox Controllers
B07HC8PBDB,related to,PlayStation Controllers
B07HC8PBDB,related to,Nintendo Controllers
B07HC8PBDB,related to,Xbox Series X
B07HC8PBDB,related to,Xbox Series S
B07HC8PBDB,related to,Xbox One
B07HC8PBDB,related to,PlayStation 5
B07HC8PBDB,related to,PlayStation 4
B07HC8PBDB,related to,PC Games
B07HC8PBDB,related to,Xbox Games
B07HC8PBDB,related to,PlayStation Games
B00E1L2Z52,related to,Hardware
B00E1L2Z52,related to,Games
B00E1L2Z52,related to,PC Games
B00K5I323O,related to,Games
B00K5I323O,related to,Xbox
B00K5I323O,related to,Xbox Games
B00K5I323O,related to,Xbox Series X
B00K5I323O,related to,Xbox Series S
B00K5I323O,related to,Xbox One
B00K5I323O,related to,PlayStation 5
B00K5I323O,related to,PlayStation 4
B00SGO8TNC,related to,Xbox
B00SGO8TNC,related to,PlayStation
B00SGO8TNC,related to,Nintendo
B00SGO8TNC,related to,Nintendo Switch
B00SGO8TNC,related to,Hardware
B00SGO8TNC,related to,Gaming Accessories
B00SGO8TNC,related to,Games
B00SGO8TNC,related to,Xbox One
B00SGO8TNC,related to,PlayStation 5
B00SGO8TNC,related to,PlayStation 4
B00SGO8TNC,related to,PlayStation Vita
B00SGO8TNC,related to,Nintendo 3DS
B00SGO8TNC,related to,Xbox Games
B00SGO8TNC,related to,PlayStation Games
B00SGO8TNC,related to,Nintendo Games
B00SGO8TNC,related to,Xbox Controllers
B00SGO8TNC,related to,PlayStation Controllers
B00SGO8TNC,related to,Nintendo Controllers
B00SGO8TNC,related to,Nintendo Switch Lite
B00SGO8TNC,related to,PC Games
B09MFFTCX8,related to,Controllers
B09MFFTCX8,related to,Nintendo
B09MFFTCX8,related to,Nintendo Switch
B09MFFTCX8,related to,Headsets
B09MFFTCX8,related to,VR Headsets
B09MFFTCX8,related to,Nintendo Switch Lite
B09MFFTCX8,related to,Nintendo 3DS
B09MFFTCX8,related to,Nintendo Games
B09MFFTCX8,related to,Switch Cases
B09MFFTCX8,related to,Nintendo Controllers
B09MFFTCX8,related to,Gaming Headsets
B07NLDPQZQ,related to,Xbox
B07NLDPQZQ,related to,Xbox Series X
B07NLDPQZQ,related to,Xbox Series S
B07NLDPQZQ,related to,Xbox One
B07NLDPQZQ,related to,Xbox Games
B07NLDPQZQ,related to,Xbox Controllers
B07GJ5W7HV,related to,Xbox
B07GJ5W7HV,related to,PlayStation
B07GJ5W7HV,related to,Headsets
B07GJ5W7HV,related to,VR Headsets
B07GJ5W7HV,related to,Controllers
B07GJ5W7HV,related to,Xbox Series X
B07GJ5W7HV,related to,Xbox Series S
B07GJ5W7HV,related to,Xbox One
B07GJ5W7HV,related to,PlayStation 5
B07GJ5W7HV,related to,PlayStation 4
B07GJ5W7HV,related to,PC Games
B07GJ5W7HV,related to,Xbox Games
B07GJ5W7HV,related to,PlayStation Games
B07GJ5W7HV,related to,Xbox Controllers
B07GJ5W7HV,related to,Gaming Headsets
B07GJ5W7HV,related to,Nintendo Controllers
B00004TEXU,related to,Nintendo
B00004TEXU,related to,Games
B00004TEXU,related to,PC Games
B00004TEXU,related to,Xbox Games
B00004TEXU,related to,PlayStation Games
B00004TEXU,related to,Nintendo Games
B000SKI8JC,related to,Xbox
B000SKI8JC,related to,PlayStation
B000SKI8JC,related to,Nintendo
B000SKI8JC,related to,Gaming Peripherals
B000SKI8JC,related to,Gaming Accessories
B000SKI8JC,related to,Games
B000SKI8JC,related to,Controllers
B000SKI8JC,related to,Xbox Series S
B000SKI8JC,related to,Xbox One
B000SKI8JC,related to,PlayStation 5
B000SKI8JC,related to,PlayStation 4
B000SKI8JC,related to,PlayStation Vita
B000SKI8JC,related to,PC Games
B000SKI8JC,related to,Xbox Games
B000SKI8JC,related to,PlayStation Games
B000SKI8JC,related to,Nintendo Games
B000SKI8JC,related to,Gaming Headsets
B000SKI8JC,related to,PlayStation Controllers
B000SKI8JC,related to,Nintendo Controllers
B0BKH2DWNP,related to,Controllers
B0BKH2DWNP,related to,Gaming Peripherals
B0BKH2DWNP,related to,Gaming Accessories
B0BKH2DWNP,related to,Xbox
B0BKH2DWNP,related to,PlayStation
B0BKH2DWNP,related to,Xbox Controllers
B0BKH2DWNP,related to,Nintendo Controllers
B0BKH2DWNP,related to,PlayStation Controllers
B0BKH2DWNP,related to,Xbox Series X
B0BKH2DWNP,related to,Xbox Series S
B0BKH2DWNP,related to,Xbox One
B0BKH2DWNP,related to,PlayStation 5
B0BKH2DWNP,related to,PlayStation 4
B0BKH2DWNP,related to,PC Games
B0BKH2DWNP,related to,Xbox Games
B01GHBJM72,related to,Xbox
B01GHBJM72,related to,PlayStation
B01GHBJM72,related to,Xbox One
B01GHBJM72,related to,PlayStation 5
B01GHBJM72,related to,PlayStation 4
B01GHBJM72,related to,PlayStation Vita
B01GHBJM72,related to,Xbox Games
B01GHBJM72,related to,PlayStation Games
B01GHBJM72,related to,PlayStation Controllers
B077R2N9VB,related to,Nintendo
B077R2N9VB,related to,Nintendo Switch
B077R2N9VB,related to,Gaming Accessories
B077R2N9VB,related to,Games
B077R2N9VB,related to,Nintendo Switch Lite
B077R2N9VB,related to,Nintendo 3DS
B077R2N9VB,related to,Nintendo Games
B077R2N9VB,related to,Switch Cases
B077R2N9VB,related to,Nintendo Controllers
B077R2N9VB,related to,PC Games
B077R2N9VB,related to,Xbox Games
B077R2N9VB,related to,PlayStation Games
B09KQ2J9YP,related to,Nintendo
B09KQ2J9YP,related to,Nintendo Switch
B09KQ2J9YP,related to,Gaming Peripherals
B09KQ2J9YP,related to,Gaming Accessories
B09KQ2J9YP,related to,Controllers
B09KQ2J9YP,related to,Nintendo Games
B09KQ2J9YP,related to,Xbox Controllers
B09KQ2J9YP,related to,PlayStation Controllers
B09KQ2J9YP,related to,Nintendo Controllers
B000021Y30,related to,PC Games
B000021Y30,related to,Xbox Games
B00NQRGU6M,related to,Nintendo
B00NQRGU6M,related to,Games
B00YM7AKLG,related to,PlayStation
B00YM7AKLG,related to,Games
B00YM7AKLG,related to,PlayStation 5
B00YM7AKLG,related to,PlayStation 4
B00YM7AKLG,related to,PlayStation Vita
B00YM7AKLG,related to,PlayStation Games
B00YM7AKLG,related to,PlayStation Controllers
B0009R1TGS,related to,Xbox
B0009R1TGS,related to,Nintendo
B0009R1TGS,related to,Gaming Peripherals
B0009R1TGS,related to,Gaming Accessories
B0009R1TGS,related to,Games
B0009R1TGS,related to,Xbox One
B0009R1TGS,related to,PC Games
B0009R1TGS,related to,Xbox Games
B0009R1TGS,related to,PlayStation Games
B0009R1TGS,related to,Nintendo Games
B07W3RQJ3N,related to,Nintendo
B07W3RQJ3N,related to,Games
B07W3RQJ3N,related to,PC Games
B07W3RQJ3N,related to,Xbox Games
B07W3RQJ3N,related to,PlayStation Games
B07W3RQJ3N,related to,Nintendo Games
B0777DRH1Y,related to,Controllers
B0777DRH1Y,related to,Gaming Peripherals
B0777DRH1Y,related to,Gaming Accessories
B0777DRH1Y,related to,PlayStation
B0777DRH1Y,related to,Xbox Controllers
B0777DRH1Y,related to,Nintendo Controllers
B0777DRH1Y,related to,PC Games
B0777DRH1Y,related to,Xbox Games
B0777DRH1Y,related to,PlayStation 5
B0777DRH1Y,related to,PlayStation 4
B0777DRH1Y,related to,PlayStation Vita
B0777DRH1Y,related to,PlayStation Games
B0777DRH1Y,related to,PlayStation Controllers
B00002STX8,related to,Games
B00002STX8,related to,PlayStation
B00002STX8,related to,Nintendo
B00002STX8,related to,Nintendo Switch
B00002STX8,related to,PC Games
B00002STX8,related to,Xbox Games
B00002STX8,related to,PlayStation Games
B00002STX8,related to,Nintendo Games
B00002STX8,related to,Nintendo Switch Lite
B00002STX8,related to,Nintendo 3DS
B00002STX8,related to,Nintendo Controllers
B000K1CS5Y,related to,Controllers
B000K1CS5Y,related to,Xbox
B000K1CS5Y,related to,PlayStation
B000K1CS5Y,related to,Xbox One
B000K1CS5Y,related to,PlayStation 5
B000K1CS5Y,related to,PlayStation 4
B000K1CS5Y,related to,PlayStation Vita
B000K1CS5Y,related to,Xbox Games
B000K1CS5Y,related to,PlayStation Games
B000K1CS5Y,related to,PlayStation Controllers
B0034JKYU0,related to,Games
B0034JKYU0,related to,Controllers
B0034JKYU0,related to,PlayStation
B0034JKYU0,related to,Nintendo
B0034JKYU0,related to,Nintendo Switch
B0034JKYU0,related to,PC Games
B0034JKYU0,related to,PlayStation Games
B0034JKYU0,related to,Nintendo Games
B0034JKYU0,related to,Nintendo Controllers
B0034JKYU0,related to,Xbox Series S
B0034JKYU0,related to,PlayStation 5
B0034JKYU0,related to,PlayStation 4
B0034JKYU0,related to,Nintendo 3DS
B0034JKYU0,related to,Xbox Games
B00UURTXK6,related to,Nintendo
B00UURTXK6,related to,Nintendo Switch
B00UURTXK6,related to,Nintendo 3DS
B00UURTXK6,related to,Xbox Games
B00UURTXK6,related to,Nintendo Games
B00UURTXK6,related to,Nintendo Controllers
B001OHWQAA,related to,Games
B001OHWQAA,related to,Nintendo
B001OHWQAA,related to,Nintendo Switch
B001OHWQAA,related to,PlayStation 4
B001OHWQAA,related to,Nintendo 3DS
B001OHWQAA,related to,Xbox Games
B001OHWQAA,related to,PlayStation Games
B001OHWQAA,related to,Nintendo Games
B001OHWQAA,related to,Nintendo Controllers
B01CJFGUZW,related to,Xbox
B01CJFGUZW,related to,PlayStation
B01CJFGUZW,related to,Nintendo
B01CJFGUZW,related to,Gaming Peripherals
B01CJFGUZW,related to,Gaming Accessories
B01CJFGUZW,related to,Games
B01CJFGUZW,related to,Xbox Series S
B01CJFGUZW,related to,Xbox One
B01CJFGUZW,related to,PlayStation 5
B01CJFGUZW,related to,Nintendo 3DS
B01CJFGUZW,related to,PC Games
B01CJFGUZW,related to,Xbox Games
B01CJFGUZW,related to,PlayStation Games
B01CJFGUZW,related to,Nintendo Games
B01CJFGUZW,related to,Gaming Headsets
B0B7B7WQY7,related to,Gaming Peripherals
B0B7B7WQY7,related to,Gaming Accessories
B0B7B7WQY7,related to,Games
B0B7B7WQY7,related to,PC Games
B0B7B7WQY7,related to,Xbox Games
B0B7B7WQY7,related to,PlayStation Games
B0B7B7WQY7,related to,Nintendo Games
B0B7B7WQY7,related to,Gaming Headsets
B001Q4HLFQ,related to,Games
B001Q4HLFQ,related to,Xbox
B001Q4HLFQ,related to,PlayStation
B001Q4HLFQ,related to,Nintendo
B001Q4HLFQ,related to,Gaming Accessories
B001Q4HLFQ,related to,PC Games
B001Q4HLFQ,related to,Xbox Series S
B001Q4HLFQ,related to,Xbox One
B001Q4HLFQ,related to,PlayStation 5
B001Q4HLFQ,related to,PlayStation 4
B001Q4HLFQ,related to,PlayStation Vita
B001Q4HLFQ,related to,Xbox Games
B001Q4HLFQ,related to,PlayStation Games
B001Q4HLFQ,related to,Nintendo Games
B001Q4HLFQ,related to,PlayStation Controllers
B002E1MLR8,related to,Gaming Peripherals
B002E1MLR8,related to,Gaming Accessories
B002E1MLR8,related to,Games
B002E1MLR8,related to,Nintendo
B002E1MLR8,related to,PC Games
B002E1MLR8,related to,Xbox Games
B002E1MLR8,related to,PlayStation Games
B002E1MLR8,related to,Nintendo Games
B002E1MLR8,related to,Nintendo Controllers
B013OW09WY,related to,Nintendo
B013OW09WY,related to,Nintendo 3DS
B013OW09WY,related to,Xbox Games
B013OW09WY,related to,Nintendo Games
B013OW09WY,related to,Nintendo Controllers
B08HMJVVZR,related to,Controllers
B08HMJVVZR,related to,Xbox
B08HMJVVZR,related to,PlayStation
B08HMJVVZR,related to,Xbox Controllers
B08HMJVVZR,related to,PlayStation Controllers
B08HMJVVZR,related to,Nintendo Controllers
B08HMJVVZR,related to,Xbox Series X
B08HMJVVZR,related to,Xbox Series S
B08HMJVVZR,related to,Xbox One
B08HMJVVZR,related to,PlayStation 5
B08HMJVVZR,related to,PlayStation 4
B08HMJVVZR,related to,PC Games
B08HMJVVZR,related to,Xbox Games
B08HMJVVZR,related to,PlayStation Games
B00K32USMU,related to,Xbox
B00K32USMU,related to,PlayStation
B00K32USMU,related to,Xbox One
B00K32USMU,related to,PlayStation 5
B00K32USMU,related to,PlayStation 4
B00K32USMU,related to,PlayStation Vita
B00K32USMU,related to,PlayStation Games
B00K32USMU,related to,PlayStation Controllers
B09QVJDVHN,related to,Xbox
B09QVJDVHN,related to,Games
B09QVJDVHN,related to,PC Games
B09QVJDVHN,related to,Xbox Games
B09QVJDVHN,related to,Nintendo Games
B014EZ43I6,related to,Xbox
B014EZ43I6,related to,Games
B014EZ43I6,related to,PC Games
B014EZ43I6,related to,Xbox Games
B014EZ43I6,related to,Nintendo Games
B004ZCPL26,related to,Xbox
B004ZCPL26,related to,PlayStation
B004ZCPL26,related to,Nintendo
B004ZCPL26,related to,Gaming Accessories
B004ZCPL26,related to,Games
B004ZCPL26,related to,Xbox One
B004ZCPL26,related to,PlayStation 5
B004ZCPL26,related to,PlayStation 4
B004ZCPL26,related to,PlayStation Vita
B004ZCPL26,related to,PC Games
B004ZCPL26,related to,Xbox Games
B004ZCPL26,related to,PlayStation Games
B004ZCPL26,related to,Nintendo Games
B004ZCPL26,related to,PlayStation Controllers
B000QYARP8,related to,Xbox
B000QYARP8,related to,PlayStation
B000QYARP8,related to,Nintendo
B000QYARP8,related to,Gaming Peripherals
B000QYARP8,related to,Gaming Accessories
B000QYARP8,related to,Games
B000QYARP8,related to,Xbox One
B000QYARP8,related to,PlayStation 5
B000QYARP8,related to,PlayStation 4
B000QYARP8,related to,PC Games
B000QYARP8,related to,Xbox Games
B000QYARP8,related to,PlayStation Games
B000QYARP8,related to,Nintendo Games
B077T6QC9Q,related to,Nintendo 3DS
B01LMXTS9W,related to,Gaming Peripherals
B01LMXTS9W,related to,Gaming Accessories
B01LMXTS9W,related to,Games
B01LMXTS9W,related to,Xbox
B01LMXTS9W,related to,PlayStation
B01LMXTS9W,related to,Nintendo
B01LMXTS9W,related to,Nintendo Switch
B01LMXTS9W,related to,PC Games
B01LMXTS9W,related to,Xbox Games
B01LMXTS9W,related to,PlayStation Games
B01LMXTS9W,related to,Nintendo Games
B01LMXTS9W,related to,Gaming Headsets
B01LMXTS9W,related to,PlayStation 5
B01LMXTS9W,related to,PlayStation 4
B01LMXTS9W,related to,PlayStation Vita
B01LMXTS9W,related to,Nintendo 3DS
B01LMXTS9W,related to,Nintendo Controllers
B007VYW5K6,related to,PlayStation
B007VYW5K6,related to,Nintendo
B007VYW5K6,related to,Games
B007VYW5K6,related to,PlayStation 5
B007VYW5K6,related to,PlayStation 4
B007VYW5K6,related to,Nintendo 3DS
B007VYW5K6,related to,PC Games
B007VYW5K6,related to,Xbox Games
B007VYW5K6,related to,PlayStation Games
B007VYW5K6,related to,Nintendo Games
B07F81VKZ1,related to,Hardware
B07F81VKZ1,related to,Xbox
B07F81VKZ1,related to,PlayStation
B07F81VKZ1,related to,Nintendo
B07F81VKZ1,related to,Nintendo Switch
B07F81VKZ1,related to,Gaming Accessories
B07F81VKZ1,related to,Games
B07F81VKZ1,related to,Xbox One
B07F81VKZ1,related to,PlayStation 5
B07F81VKZ1,related to,PlayStation 4
B07F81VKZ1,related to,Nintendo Switch Lite
B07F81VKZ1,related to,Nintendo 3DS
B07F81VKZ1,related to,PC Games
B07F81VKZ1,related to,Xbox Games
B07F81VKZ1,related to,PlayStation Games
B07F81VKZ1,related to,Nintendo Games
B07F81VKZ1,related to,Nintendo Controllers
B07F81VKZ1,related to,Switch Cases
B09TKK8GH6,related to,Hardware
B09TKK8GH6,related to,Xbox
B09TKK8GH6,related to,PlayStation
B09TKK8GH6,related to,Nintendo
B09TKK8GH6,related to,Nintendo Switch
B09TKK8GH6,related to,Gaming Accessories
B09TKK8GH6,related to,Games
B09TKK8GH6,related to,Xbox One
B09TKK8GH6,related to,PlayStation 5
B09TKK8GH6,related to,PlayStation 4
B09TKK8GH6,related to,Nintendo Switch Lite
B09TKK8GH6,related to,Nintendo 3DS
B09TKK8GH6,related to,PC Games
B09TKK8GH6,related to,Xbox Games
B09TKK8GH6,related to,PlayStation Games
B09TKK8GH6,related to,Nintendo Games
B09TKK8GH6,related to,Nintendo Controllers
B00006B84Z,related to,Xbox
B089LYVJC9,related to,Hardware
B089LYVJC9,related to,Xbox
B089LYVJC9,related to,PlayStation
B089LYVJC9,related to,Nintendo
B089LYVJC9,related to,Nintendo Switch
B089LYVJC9,related to,Gaming Accessories
B089LYVJC9,related to,Games
B089LYVJC9,related to,Controllers
B089LYVJC9,related to,Xbox One
B089LYVJC9,related to,PlayStation 5
B089LYVJC9,related to,PlayStation 4
B089LYVJC9,related to,Nintendo Switch Lite
B089LYVJC9,related to,Nintendo 3DS
B089LYVJC9,related to,PC Games
B089LYVJC9,related to,Xbox Games
B089LYVJC9,related to,PlayStation Games
B089LYVJC9,related to,Nintendo Games
B089LYVJC9,related to,Nintendo Controllers
B089LYVJC9,related to,Xbox Controllers
B003QCJLRM,related to,Nintendo
B003QCJLRM,related to,Nintendo Switch
B003QCJLRM,related to,Nintendo Games
B003QCJLRM,related to,Xbox Controllers
B003QCJLRM,related to,PlayStation Controllers
B003QCJLRM,related to,Nintendo Controllers
B08K39H8ST,related to,Xbox
B08K39H8ST,related to,Controllers
B08K39H8ST,related to,Product Details
B08K39H8ST,related to,Gaming Accessories
B08K39H8ST,related to,Xbox Series X
B08K39H8ST,related to,Xbox Series S
B08K39H8ST,related to,Xbox One
B08K39H8ST,related to,Xbox Games
B08K39H8ST,related to,Xbox Controllers
B08K39H8ST,related to,PlayStation Controllers
B08K39H8ST,related to,Nintendo Controllers
B08J6ZCZ11,related to,Nintendo
B08J6ZCZ11,related to,Nintendo Switch
B08J6ZCZ11,related to,Nintendo Switch Lite
B08J6ZCZ11,related to,Nintendo 3DS
B08J6ZCZ11,related to,Nintendo Games
B08J6ZCZ11,related to,Switch Cases
B08J6ZCZ11,related to,Nintendo Controllers
B07XD6HVDR,related to,Nintendo
B07XD6HVDR,related to,Nintendo Switch
B07XD6HVDR,related to,Nintendo Switch Lite
B07XD6HVDR,related to,Nintendo 3DS
B07XD6HVDR,related to,Nintendo Games
B07XD6HVDR,related to,Switch Cases
B07XD6HVDR,related to,Nintendo Controllers
B00EZAWS38,related to,Nintendo
B00EZAWS38,related to,Nintendo Games
B07ST9BST9,related to,Gaming Peripherals
B07ST9BST9,related to,Controllers
B07ST9BST9,related to,Nintendo Switch Lite
B075R9ML5Y,related to,Nintendo Switch
B075R9ML5Y,related to,Games
B075R9ML5Y,related to,Nintendo
B075R9ML5Y,related to,Nintendo Switch Lite
B075R9ML5Y,related to,PC Games
B075R9ML5Y,related to,Xbox Games
B075R9ML5Y,related to,PlayStation Games
B075R9ML5Y,related to,Nintendo Games
B075R9ML5Y,related to,Switch Cases
B075R9ML5Y,related to,PlayStation 4
B075R9ML5Y,related to,Nintendo 3DS
B075R9ML5Y,related to,Nintendo Controllers
B08DKQZXTT,related to,Xbox
B08DKQZXTT,related to,Storage Cases
B08DKQZXTT,related to,Xbox Series X
B08DKQZXTT,related to,Xbox Series S
B08DKQZXTT,related to,Xbox One
B08DKQZXTT,related to,Xbox Games
B08DKQZXTT,related to,Xbox Controllers
B000BC38RO,related to,Xbox
B000BC38RO,related to,PlayStation
B000BC38RO,related to,Nintendo
B000BC38RO,related to,Games
B000BC38RO,related to,Xbox Series X
B000BC38RO,related to,Xbox Series S
B000BC38RO,related to,Xbox One
B000BC38RO,related to,PlayStation 5
B000BC38RO,related to,PlayStation 4
B000BC38RO,related to,PC Games
B000BC38RO,related to,Xbox Games
B000BC38RO,related to,PlayStation Games
B000BC38RO,related to,Nintendo Games
B07VQ6YNQZ,related to,Xbox
B07VQ6YNQZ,related to,PlayStation
B07VQ6YNQZ,related to,Nintendo
B07VQ6YNQZ,related to,Gaming Peripherals
B07VQ6YNQZ,related to,Gaming Accessories
B07VQ6YNQZ,related to,Games
B07VQ6YNQZ,related to,Headsets
B07VQ6YNQZ,related to,VR Headsets
B07VQ6YNQZ,related to,Xbox One
B07VQ6YNQZ,related to,PlayStation 5
B07VQ6YNQZ,related to,PlayStation 4
B07VQ6YNQZ,related to,PC Games
B07VQ6YNQZ,related to,Xbox Games
B07VQ6YNQZ,related to,PlayStation Games
B07VQ6YNQZ,related to,Nintendo Games
B07VQ6YNQZ,related to,Gaming Headsets
B09JY72CNG,related to,Nintendo
B09JY72CNG,related to,Gaming Peripherals
B09JY72CNG,related to,Gaming Accessories
B09JY72CNG,related to,PC Games
B09JY72CNG,related to,Gaming Headsets
B009GE437W,related to,Nintendo
B009GE437W,related to,Controllers
B009GE437W,related to,Hardware
B009GE437W,related to,Xbox
B009GE437W,related to,PlayStation
B009GE437W,related to,Nintendo Switch
B009GE437W,related to,Gaming Accessories
B009GE437W,related to,Games
B009GE437W,related to,Nintendo Games
B009GE437W,related to,Nintendo Controllers
B009GE437W,related to,Xbox Controllers
B009GE437W,related to,PlayStation Controllers
B009GE437W,related to,Xbox One
B009GE437W,related to,PlayStation 5
B009GE437W,related to,PlayStation 4
B009GE437W,related to,Nintendo Switch Lite
B009GE437W,related to,Nintendo 3DS
B009GE437W,related to,PC Games
B009GE437W,related to,Xbox Games
B009GE437W,related to,PlayStation Games
B0BTJ92NRK,related to,Games
B0BTJ92NRK,related to,Hardware
B0BTJ92NRK,related to,Xbox
B0BTJ92NRK,related to,PlayStation
B0BTJ92NRK,related to,Nintendo
B0BTJ92NRK,related to,Nintendo Switch
B0BTJ92NRK,related to,Gaming Accessories
B0BTJ92NRK,related to,PC Games
B0BTJ92NRK,related to,Xbox Games
B0BTJ92NRK,related to,PlayStation Games
B0BTJ92NRK,related to,Nintendo Games
B0BTJ92NRK,related to,Xbox One
B0BTJ92NRK,related to,PlayStation 5
B0BTJ92NRK,related to,PlayStation 4
B0BTJ92NRK,related to,Nintendo Switch Lite
B0BTJ92NRK,related to,Nintendo 3DS
B0BTJ92NRK,related to,Nintendo Controllers
B0086VPUHI,related to,Xbox
B0086VPUHI,related to,Xbox Series X
B0086VPUHI,related to,Xbox Series S
B0086VPUHI,related to,Xbox One
B0086VPUHI,related to,Xbox Games
B0086VPUHI,related to,Xbox Controllers
B0B6HPDH51,related to,Nintendo
B0B6HPDH51,related to,Gaming Peripherals
B0B6HPDH51,related to,Gaming Accessories
B0B6HPDH51,related to,Games
B0B6HPDH51,related to,PC Games
B0B6HPDH51,related to,Xbox Games
B0B6HPDH51,related to,PlayStation Games
B0B6HPDH51,related to,Nintendo Games
B001F755RA,related to,Gaming Peripherals
B001F755RA,related to,Gaming Accessories
B001F755RA,related to,PC Games
B001F755RA,related to,Xbox Games
B01MG6DORB,related to,Xbox
B01MG6DORB,related to,PlayStation
B01MG6DORB,related to,Xbox One
B01MG6DORB,related to,PlayStation 5
B01MG6DORB,related to,PlayStation 4
B01MG6DORB,related to,PlayStation Vita
B01MG6DORB,related to,Xbox Games
B01MG6DORB,related to,PlayStation Games
B01MG6DORB,related to,PlayStation Controllers
B0BQDPC4SR,related to,Headsets
B0BQDPC4SR,related to,VR Headsets
B0BQDPC4SR,related to,Games
B0BQDPC4SR,related to,Gaming Headsets
B0BQDPC4SR,related to,PC Games
B07V4FYHDJ,related to,Xbox
B07V4FYHDJ,related to,Games
B07V4FYHDJ,related to,PC Games
B07V4FYHDJ,related to,Xbox Games
B07V4FYHDJ,related to,Nintendo Games
B00KY0QH0I,related to,Nintendo
B00KY0QH0I,related to,Nintendo Switch
B00KY0QH0I,related to,Nintendo 3DS
B00KY0QH0I,related to,Xbox Games
B00KY0QH0I,related to,Nintendo Games
B00KY0QH0I,related to,Nintendo Controllers
B000083GIT,related to,Games
B000083GIT,related to,Nintendo Games
B001DIL2BO,related to,Nintendo
B001DIL2BO,related to,Games
B001DIL2BO,related to,PC Games
B001DIL2BO,related to,Xbox Games
B001DIL2BO,related to,PlayStation Games
B001DIL2BO,related to,Nintendo Games
B07YW3W8TK,related to,Gaming Accessories
B07YW3W8TK,related to,Gaming Peripherals
B07YW3W8TK,related to,PC Games
B07YW3W8TK,related to,Xbox Games
B07YW3W8TK,related to,PlayStation Games
B07YW3W8TK,related to,Nintendo Games
B07L6MJ6LD,related to,Games
B07L6MJ6LD,related to,PC Games
B07L6MJ6LD,related to,PlayStation Games
B001EYUUF6,related to,Games
B001EYUUF6,related to,Nintendo
B001EYUUF6,related to,Xbox
B001EYUUF6,related to,PlayStation
B001EYUUF6,related to,PC Games
B001EYUUF6,related to,Xbox Games
B001EYUUF6,related to,PlayStation Games
B001EYUUF6,related to,Nintendo Games
B001EYUUF6,related to,Xbox One
B001EYUUF6,related to,PlayStation 5
B001EYUUF6,related to,PlayStation 4
B001EYUUF6,related to,PlayStation Vita
B001EYUUF6,related to,PlayStation Controllers
B00F27JDY0,related to,PlayStation
B00F27JDY0,related to,Xbox One
B00F27JDY0,related to,PlayStation 5
B00F27JDY0,related to,PlayStation 4
B00F27JDY0,related to,PlayStation Vita
B00F27JDY0,related to,PC Games
B00F27JDY0,related to,Xbox Games
B00F27JDY0,related to,PlayStation Games
B00F27JDY0,related to,PlayStation Controllers
B0895PT9Y5,related to,Games
B0895PT9Y5,related to,Gaming Peripherals
B0895PT9Y5,related to,Gaming Accessories
B0895PT9Y5,related to,Headsets
B0895PT9Y5,related to,PC Games
B0895PT9Y5,related to,Xbox Games
B0895PT9Y5,related to,PlayStation Games
B0895PT9Y5,related to,Nintendo Games
B0895PT9Y5,related to,Gaming Headsets
B0BQVLJ3J3,related to,Xbox
B0BQVLJ3J3,related to,PlayStation
B0BQVLJ3J3,related to,Nintendo
B0BQVLJ3J3,related to,Gaming Peripherals
B0BQVLJ3J3,related to,Gaming Accessories
B0BQVLJ3J3,related to,Games
B0BQVLJ3J3,related to,Xbox One
B0BQVLJ3J3,related to,PlayStation 5
B0BQVLJ3J3,related to,PlayStation 4
B0BQVLJ3J3,related to,PC Games
B0BQVLJ3J3,related to,Xbox Games
B0BQVLJ3J3,related to,PlayStation Games
B0BQVLJ3J3,related to,Nintendo Games
B07BHXMYV6,related to,Nintendo
B07BHXMYV6,related to,Nintendo Switch
B07BHXMYV6,related to,Nintendo Switch Lite
B07BHXMYV6,related to,Nintendo 3DS
B07BHXMYV6,related to,Nintendo Games
B07BHXMYV6,related to,Switch Cases
B07BHXMYV6,related to,Nintendo Controllers
B073XKXQW4,related to,Nintendo
B073XKXQW4,related to,Nintendo Switch
B073XKXQW4,related to,Gaming Peripherals
B073XKXQW4,related to,Gaming Accessories
B073XKXQW4,related to,Controllers
B073XKXQW4,related to,Nintendo 3DS
B073XKXQW4,related to,Nintendo Games
B073XKXQW4,related to,Nintendo Controllers
B073XKXQW4,related to,Xbox Controllers
B073XKXQW4,related to,PlayStation Controllers
B00JQ8SH98,related to,Nintendo
B00JQ8SH98,related to,Games
B00JQ8SH98,related to,PC Games
B00JQ8SH98,related to,Xbox Games
B00JQ8SH98,related to,PlayStation Games
B00JQ8SH98,related to,Nintendo Games
B008B3QCJQ,related to,Games
B008B3QCJQ,related to,PC Games
B008B3QCJQ,related to,Xbox Games
B008B3QCJQ,related to,PlayStation Games
B008B3QCJQ,related to,Nintendo Games
B092PKTLGW,related to,Xbox
B092PKTLGW,related to,Games
B092PKTLGW,related to,PC Games
B092PKTLGW,related to,Xbox Games
B092PKTLGW,related to,Nintendo Games
B00X8XIN7S,related to,Nintendo
B00X8XIN7S,related to,Nintendo Switch
B00X8XIN7S,related to,Nintendo 3DS
B00X8XIN7S,related to,Xbox Games
B00X8XIN7S,related to,Nintendo Games
B00X8XIN7S,related to,Nintendo Controllers
B07WMSTPBS,related to,Games
B07WMSTPBS,related to,PC Games
B07WMSTPBS,related to,Xbox Games
B07WMSTPBS,related to,PlayStation Games
B07WMSTPBS,related to,Nintendo Games
B001W0Y5VM,related to,Games
B001W0Y5VM,related to,PC Games
B001W0Y5VM,related to,Xbox Games
B08FDD17NL,related to,Hardware
B08FDD17NL,related to,Games
B0045EI7IE,related to,PlayStation
B0045EI7IE,related to,Nintendo
B0045EI7IE,related to,Nintendo Switch
B0045EI7IE,related to,Xbox Series S
B0045EI7IE,related to,PlayStation 5
B0045EI7IE,related to,PlayStation 4
B0045EI7IE,related to,Nintendo 3DS
B0045EI7IE,related to,Xbox Games
B0045EI7IE,related to,PlayStation Games
B0045EI7IE,related to,Nintendo Games
B0045EI7IE,related to,Nintendo Controllers
B09FT6YWJF,related to,Storage Cases
B09FT6YWJF,related to,Controllers
B09FT6YWJF,related to,Nintendo Switch
B09FT6YWJF,related to,Switch Cases
B00LYYNZ30,related to,Nintendo
B00LYYNZ30,related to,Games
B00LYYNZ30,related to,Gaming Peripherals
B00LYYNZ30,related to,Controllers
B00LYYNZ30,related to,Xbox
B00LYYNZ30,related to,PlayStation
B00LYYNZ30,related to,PC Games
B00LYYNZ30,related to,Nintendo Games
B00LYYNZ30,related to,Xbox Controllers
B00LYYNZ30,related to,PlayStation Controllers
B00LYYNZ30,related to,Nintendo Controllers
B00LYYNZ30,related to,Xbox Series X
B00LYYNZ30,related to,Xbox Series S
B00LYYNZ30,related to,Xbox One
B00LYYNZ30,related to,PlayStation 5
B00LYYNZ30,related to,PlayStation 4
B00LYYNZ30,related to,PlayStation Vita
B00LYYNZ30,related to,Xbox Games
B00LYYNZ30,related to,PlayStation Games
B00GXM48HA,related to,Xbox
B00GXM48HA,related to,Gaming Accessories
B00GXM48HA,related to,Xbox Series X
B00GXM48HA,related to,Xbox Series S
B00GXM48HA,related to,Xbox One
B00GXM48HA,related to,Xbox Games
B00GXM48HA,related to,Xbox Controllers
B00GXM48HA,related to,PlayStation 5
B00GXM48HA,related to,PlayStation 4
B008YQYXYQ,related to,Storage Cases
B008YQYXYQ,related to,Hardware
B008YQYXYQ,related to,Xbox
B008YQYXYQ,related to,PlayStation
B008YQYXYQ,related to,Nintendo
B008YQYXYQ,related to,Nintendo Switch
B008YQYXYQ,related to,Gaming Accessories
B008YQYXYQ,related to,Games
B008YQYXYQ,related to,Nintendo 3DS
B008YQYXYQ,related to,Switch Cases
B008YQYXYQ,related to,Xbox One
B008YQYXYQ,related to,PlayStation 5
B008YQYXYQ,related to,PlayStation 4
B008YQYXYQ,related to,Nintendo Switch Lite
B008YQYXYQ,related to,PC Games
B008YQYXYQ,related to,Xbox Games
B008YQYXYQ,related to,PlayStation Games
B008YQYXYQ,related to,Nintendo Games
B008YQYXYQ,related to,Nintendo Controllers
B07XJY6KS7,related to,Hardware
B07XJY6KS7,related to,Xbox
B07XJY6KS7,related to,PlayStation
B07XJY6KS7,related to,Nintendo
B07XJY6KS7,related to,Gaming Peripherals
B07XJY6KS7,related to,Gaming Accessories
B07XJY6KS7,related to,Games
B07XJY6KS7,related to,Xbox Series S
B07XJY6KS7,related to,Xbox One
B07XJY6KS7,related to,PlayStation 5
B07XJY6KS7,related to,PlayStation 4
B07XJY6KS7,related to,PlayStation Vita
B07XJY6KS7,related to,PC Games
B07XJY6KS7,related to,Xbox Games
B07XJY6KS7,related to,PlayStation Games
B07XJY6KS7,related to,Nintendo Games
B07XJY6KS7,related to,Gaming Headsets
B07XJY6KS7,related to,Xbox Controllers
B07XJY6KS7,related to,PlayStation Controllers
B07XJY6KS7,related to,Nintendo Controllers
B002H0OWLE,related to,Nintendo
B002H0OWLE,related to,Games
B002H0OWLE,related to,Nintendo Games
B000035Y0L,related to,Nintendo
B000035Y0L,related to,Nintendo Switch
B000035Y0L,related to,Games
B000035Y0L,related to,PlayStation 5
B000035Y0L,related to,PlayStation 4
B000035Y0L,related to,PlayStation Vita
B000035Y0L,related to,Nintendo Games
B000035Y0L,related to,PC Games
B000035Y0L,related to,Xbox Games
B000035Y0L,related to,PlayStation Games
B074Z3XTXT,related to,Hardware
B074Z3XTXT,related to,Gaming Peripherals
B074Z3XTXT,related to,Gaming Accessories
B074Z3XTXT,related to,PC Games
B074Z3XTXT,related to,Xbox Games
B074Z3XTXT,related to,Nintendo Games
B09WK7S7R2,related to,Hardware
B09WK7S7R2,related to,Xbox
B09WK7S7R2,related to,PlayStation
B09WK7S7R2,related to,Nintendo
B09WK7S7R2,related to,Gaming Peripherals
B09WK7S7R2,related to,Gaming Accessories
B09WK7S7R2,related to,Games
B09WK7S7R2,related to,Headsets
B09WK7S7R2,related to,VR Headsets
B09WK7S7R2,related to,Xbox One
B09WK7S7R2,related to,PlayStation 5
B09WK7S7R2,related to,PlayStation 4
B09WK7S7R2,related to,PC Games
B09WK7S7R2,related to,Xbox Games
B09WK7S7R2,related to,PlayStation Games
B09WK7S7R2,related to,Nintendo Games
B09WK7S7R2,related to,Gaming Headsets
B003ODI40S,related to,Games
B003ODI40S,related to,PC Games
B003626TPY,related to,PlayStation
B003626TPY,related to,Nintendo
B003626TPY,related to,Gaming Accessories
B003626TPY,related to,Games
B003626TPY,related to,PlayStation 5
B003626TPY,related to,PlayStation 4
B003626TPY,related to,PC Games
B003626TPY,related to,Xbox Games
B003626TPY,related to,PlayStation Games
B003626TPY,related to,Nintendo Games
B0072V09TM,related to,Games
B0072V09TM,related to,PC Games
B0072V09TM,related to,PlayStation Games
B0072V09TM,related to,Nintendo Games
B000066TS4,related to,Nintendo
B000066TS4,related to,Games
B000066TS4,related to,PC Games
B000066TS4,related to,Xbox Games
B000066TS4,related to,PlayStation Games
B000066TS4,related to,Nintendo Games
B00004SVYP,related to,Gaming Accessories
B00004SVYP,related to,Games
B00004SVYP,related to,Xbox
B00004SVYP,related to,PlayStation
B00004SVYP,related to,Nintendo
B00004SVYP,related to,Nintendo Switch
B00004SVYP,related to,Gaming Peripherals
B00004SVYP,related to,Controllers
B00004SVYP,related to,Xbox Games
B00004SVYP,related to,PC Games
B00004SVYP,related to,PlayStation Games
B00004SVYP,related to,Nintendo Games
B00004SVYP,related to,PlayStation 5
B00004SVYP,related to,PlayStation 4
B00004SVYP,related to,PlayStation Vita
B00004SVYP,related to,Nintendo 3DS
B00004SVYP,related to,Nintendo Controllers
B00004SVYP,related to,Xbox Controllers
B00004SVYP,related to,PlayStation Controllers
B00I6E6SH6,related to,Xbox
B00I6E6SH6,related to,Xbox Series X
B00I6E6SH6,related to,Xbox Series S
B00I6E6SH6,related to,Xbox One
B00I6E6SH6,related to,Xbox Games
B00I6E6SH6,related to,Xbox Controllers
B0026EV5MA,related to,PlayStation
B0026EV5MA,related to,Games
B0026EV5MA,related to,PlayStation 5
B0026EV5MA,related to,PlayStation 4
B0026EV5MA,related to,PlayStation Vita
B0026EV5MA,related to,PlayStation Games
B0026EV5MA,related to,PlayStation Controllers
B0026EV5MA,related to,PC Games
B00001R3XK,related to,Games
B00001R3XK,related to,PC Games
B00001R3XK,related to,Xbox Games
B00001R3XK,related to,PlayStation Games
B00001R3XK,related to,Nintendo Games
B0001HAI8G,related to,Nintendo
B0001HAI8G,related to,Games
B0001HAI8G,related to,PC Games
B0001HAI8G,related to,Xbox Games
B0001HAI8G,related to,PlayStation Games
B0001HAI8G,related to,Nintendo Games
B002NI0XP4,related to,Xbox
B002NI0XP4,related to,PlayStation
B002NI0XP4,related to,Nintendo
B002NI0XP4,related to,Gaming Peripherals
B002NI0XP4,related to,Games
B002NI0XP4,related to,Nintendo Games
B002NI0XP4,related to,Xbox Series X
B002NI0XP4,related to,Xbox Series S
B002NI0XP4,related to,Xbox One
B002NI0XP4,related to,PlayStation 5
B002NI0XP4,related to,PlayStation 4
B002NI0XP4,related to,PlayStation Vita
B002NI0XP4,related to,PC Games
B002NI0XP4,related to,Xbox Games
B002NI0XP4,related to,PlayStation Games
B002NI0XP4,related to,Xbox Controllers
B00B3PDHBU,related to,Gaming Peripherals
B00B3PDHBU,related to,Games
B00B3PDHBU,related to,PC Games
B00B3PDHBU,related to,Xbox Games
B072BX7H6Q,related to,PlayStation
B072BX7H6Q,related to,Nintendo
B072BX7H6Q,related to,Games
B072BX7H6Q,related to,PlayStation 5
B072BX7H6Q,related to,PlayStation 4
B072BX7H6Q,related to,PlayStation Vita
B072BX7H6Q,related to,PlayStation Games
B072BX7H6Q,related to,PlayStation Controllers
B072BX7H6Q,related to,PC Games
B072BX7H6Q,related to,Xbox Games
B072BX7H6Q,related to,Nintendo Games
B01G8AP7QC,related to,Games
B01G8AP7QC,related to,Xbox
B01G8AP7QC,related to,PlayStation
B01G8AP7QC,related to,PC Games
B01G8AP7QC,related to,Xbox Games
B01G8AP7QC,related to,PlayStation Games
B01G8AP7QC,related to,Nintendo Games
B01G8AP7QC,related to,PlayStation 5
B01G8AP7QC,related to,PlayStation 4
B01G8AP7QC,related to,PlayStation Vita
B01G8AP7QC,related to,PlayStation Controllers
B087LSSNG1,related to,Nintendo Switch
B087LSSNG1,related to,Games
B087LSSNG1,related to,Nintendo Switch Lite
B087LSSNG1,related to,Switch Cases
B087LSSNG1,related to,PC Games
B087LSSNG1,related to,Xbox Games
B087LSSNG1,related to,PlayStation Games
B087LSSNG1,related to,Nintendo Games
B000O3E05Y,related to,PlayStation
B000O3E05Y,related to,PlayStation 5
B000O3E05Y,related to,PlayStation 4
B000O3E05Y,related to,PlayStation Vita
B000O3E05Y,related to,PlayStation Games
B000O3E05Y,related to,PlayStation Controllers
B06ZZCCDP7,related to,Games
B06ZZCCDP7,related to,Nintendo
B06ZZCCDP7,related to,Xbox
B06ZZCCDP7,related to,PlayStation
B06ZZCCDP7,related to,PC Games
B06ZZCCDP7,related to,Xbox Games
B06ZZCCDP7,related to,PlayStation Games
B06ZZCCDP7,related to,Nintendo Games
B06ZZCCDP7,related to,Xbox Series X
B06ZZCCDP7,related to,Xbox Series S
B06ZZCCDP7,related to,Xbox One
B06ZZCCDP7,related to,PlayStation 5
B06ZZCCDP7,related to,PlayStation 4
B06ZZCCDP7,related to,Xbox Controllers
B0BPYGJGXZ,related to,PlayStation
B0BPYGJGXZ,related to,Storage Cases
B0BPYGJGXZ,related to,PlayStation 5
B0BPYGJGXZ,related to,PlayStation 4
B0BPYGJGXZ,related to,PlayStation Games
B0BPYGJGXZ,related to,PlayStation Controllers
B0BPYGJGXZ,related to,Xbox Games
B0BPYGJGXZ,related to,Nintendo Games
B00CX6FZE0,related to,Games
B00CX6FZE0,related to,PC Games
B00CX6FZE0,related to,Xbox Games
B00CX6FZE0,related to,PlayStation Games
B001EYUT6G,related to,PlayStation
B001EYUT6G,related to,Nintendo
B001EYUT6G,related to,Gaming Accessories
B001EYUT6G,related to,Games
B001EYUT6G,related to,PC Games
B001EYUT6G,related to,Xbox Games
B001EYUT6G,related to,PlayStation Games
B001EYUT6G,related to,Nintendo Games
B00002STA0,related to,PlayStation
B00002STA0,related to,Nintendo
B00002STA0,related to,Nintendo Switch
B00002STA0,related to,PlayStation 5
B00002STA0,related to,PlayStation 4
B00002STA0,related to,Nintendo 3DS
B00002STA0,related to,PlayStation Games
B00002STA0,related to,Nintendo Games
B07YBXNWXL,related to,Xbox
B07YBXNWXL,related to,PlayStation
B07YBXNWXL,related to,Nintendo
B07YBXNWXL,related to,Gaming Peripherals
B07YBXNWXL,related to,Xbox Series X
B07YBXNWXL,related to,Xbox Series S
B07YBXNWXL,related to,Xbox One
B07YBXNWXL,related to,PlayStation 5
B07YBXNWXL,related to,PlayStation 4
B07YBXNWXL,related to,PlayStation Vita
B07YBXNWXL,related to,PC Games
B07YBXNWXL,related to,Xbox Games
B07YBXNWXL,related to,PlayStation Games
B07YBXNWXL,related to,Xbox Controllers
B07CV6LH3V,related to,Nintendo Switch
B07CV6LH3V,related to,Hardware
B07CV6LH3V,related to,Xbox
B07CV6LH3V,related to,PlayStation
B07CV6LH3V,related to,Nintendo
B07CV6LH3V,related to,Gaming Accessories
B07CV6LH3V,related to,Games
B07CV6LH3V,related to,Nintendo Switch Lite
B07CV6LH3V,related to,Switch Cases
B07CV6LH3V,related to,Xbox One
B07CV6LH3V,related to,PlayStation 5
B07CV6LH3V,related to,PlayStation 4
B07CV6LH3V,related to,Nintendo 3DS
B07CV6LH3V,related to,PC Games
B07CV6LH3V,related to,Xbox Games
B07CV6LH3V,related to,PlayStation Games
B07CV6LH3V,related to,Nintendo Games
B07CV6LH3V,related to,Nintendo Controllers
B07Z8T9TK5,related to,Storage Cases
B07Z8T9TK5,related to,Headsets
B07Z8T9TK5,related to,Controllers
B07Z8T9TK5,related to,VR Headsets
B07Z8T9TK5,related to,Gaming Headsets
B07Z8T9TK5,related to,Xbox Controllers
B07Z8T9TK5,related to,PlayStation Controllers
B07Z8T9TK5,related to,Nintendo Controllers
B002N64AI2,related to,Games
B002N64AI2,related to,Nintendo
B002N64AI2,related to,Nintendo Switch
B002N64AI2,related to,Controllers
B002N64AI2,related to,PC Games
B002N64AI2,related to,Xbox Games
B002N64AI2,related to,Nintendo Games
B002N64AI2,related to,Xbox Controllers
B002N64AI2,related to,PlayStation Controllers
B002N64AI2,related to,Nintendo Controllers
B0BY25D84R,related to,Xbox
B0BY25D84R,related to,PlayStation
B0BY25D84R,related to,Games
B0BY25D84R,related to,Xbox Series X
B0BY25D84R,related to,Xbox Series S
B0BY25D84R,related to,Xbox One
B0BY25D84R,related to,PlayStation 5
B0BY25D84R,related to,PlayStation 4
B0BY25D84R,related to,PlayStation Vita
B0BY25D84R,related to,PC Games
B0BY25D84R,related to,Xbox Games
B0BY25D84R,related to,PlayStation Games
B0BY25D84R,related to,PlayStation Controllers
B00004U62A,related to,Nintendo
B00004U62A,related to,Games
B00004U62A,related to,PC Games
B00004U62A,related to,Xbox Games
B00004U62A,related to,PlayStation Games
B00004U62A,related to,Nintendo Games
B00LN5F15K,related to,Xbox
B00LN5F15K,related to,PlayStation
B00LN5F15K,related to,Xbox One
B00LN5F15K,related to,PlayStation 5
B00LN5F15K,related to,PlayStation 4
B00LN5F15K,related to,PlayStation Vita
B00LN5F15K,related to,PlayStation Games
B00LN5F15K,related to,PlayStation Controllers
B000035Y09,related to,Hardware
B000035Y09,related to,Xbox
B000035Y09,related to,PlayStation
B000035Y09,related to,Nintendo
B000035Y09,related to,Nintendo Switch
B000035Y09,related to,Gaming Accessories
B000035Y09,related to,Games
B000035Y09,related to,Xbox One
B000035Y09,related to,PlayStation 5
B000035Y09,related to,PlayStation 4
B000035Y09,related to,Nintendo Switch Lite
B000035Y09,related to,Nintendo 3DS
B000035Y09,related to,PC Games
B000035Y09,related to,Xbox Games
B000035Y09,related to,PlayStation Games
B000035Y09,related to,Nintendo Games
B000035Y09,related to,Nintendo Controllers
B07DFZ6VHG,related to,Xbox
B07DFZ6VHG,related to,Gaming Peripherals
B07DFZ6VHG,related to,Controllers
B07DFZ6VHG,related to,Xbox One
B07DFZ6VHG,related to,Xbox Games
B07DFZ6VHG,related to,Xbox Controllers
B07DFZ6VHG,related to,PlayStation Controllers
B07DFZ6VHG,related to,Nintendo Controllers
B0823F9NB8,related to,Controllers
B0823F9NB8,related to,Nintendo
B0823F9NB8,related to,Nintendo Switch
B0823F9NB8,related to,Games
B0823F9NB8,related to,Nintendo Switch Lite
B0823F9NB8,related to,Nintendo 3DS
B0823F9NB8,related to,Nintendo Games
B0823F9NB8,related to,Nintendo Controllers
B0823F9NB8,related to,PC Games
B0823F9NB8,related to,PlayStation Games
B01L1L3F26,related to,Controllers
B01L1L3F26,related to,Xbox
B01L1L3F26,related to,PlayStation
B01L1L3F26,related to,Games
B01L1L3F26,related to,Xbox Controllers
B01L1L3F26,related to,PlayStation Controllers
B01L1L3F26,related to,Nintendo Controllers
B01L1L3F26,related to,Xbox Series X
B01L1L3F26,related to,Xbox Series S
B01L1L3F26,related to,Xbox One
B01L1L3F26,related to,PlayStation 5
B01L1L3F26,related to,PlayStation 4
B01L1L3F26,related to,PlayStation Vita
B01L1L3F26,related to,PC Games
B01L1L3F26,related to,Xbox Games
B01L1L3F26,related to,PlayStation Games
B000MFLBBK,related to,PlayStation
B000MFLBBK,related to,Storage Cases
B000MFLBBK,related to,PlayStation 5
B000MFLBBK,related to,PlayStation 4
B000MFLBBK,related to,PlayStation Vita
B000MFLBBK,related to,PlayStation Games
B000MFLBBK,related to,PlayStation Controllers
B005IL1E0G,related to,Xbox
B005IL1E0G,related to,PlayStation
B005IL1E0G,related to,Nintendo
B005IL1E0G,related to,Gaming Peripherals
B005IL1E0G,related to,Gaming Accessories
B005IL1E0G,related to,Games
B005IL1E0G,related to,Controllers
B005IL1E0G,related to,Xbox One
B005IL1E0G,related to,PlayStation 5
B005IL1E0G,related to,PlayStation 4
B005IL1E0G,related to,PC Games
B005IL1E0G,related to,Xbox Games
B005IL1E0G,related to,PlayStation Games
B005IL1E0G,related to,Nintendo Games
B005IL1E0G,related to,Xbox Controllers
B005IL1E0G,related to,PlayStation Controllers
B005IL1E0G,related to,Nintendo Controllers
B0BJ16VT5Z,related to,Games
B0BJ16VT5Z,related to,PC Games
B0002HDSZ0,related to,Games
B0002HDSZ0,related to,Nintendo
B0002HDSZ0,related to,PC Games
B0002HDSZ0,related to,Xbox Games
B0002HDSZ0,related to,PlayStation Games
B0002HDSZ0,related to,Nintendo Games
B07Z94YCBD,related to,Storage Cases
B07Z94YCBD,related to,Headsets
B07Z94YCBD,related to,Controllers
B07Z94YCBD,related to,VR Headsets
B07Z94YCBD,related to,Switch Cases
B07Z94YCBD,related to,Gaming Headsets
B07Z94YCBD,related to,Xbox Controllers
B07Z94YCBD,related to,PlayStation Controllers
B07Z94YCBD,related to,Nintendo Controllers
B001ELJFN2,related to,PlayStation
B001ELJFN2,related to,Nintendo
B001ELJFN2,related to,Gaming Accessories
B001ELJFN2,related to,Games
B001ELJFN2,related to,PlayStation 5
B001ELJFN2,related to,PlayStation 4
B001ELJFN2,related to,PC Games
B001ELJFN2,related to,Xbox Games
B001ELJFN2,related to,PlayStation Games
B001ELJFN2,related to,Nintendo Games
B00ECOGM52,related to,PlayStation
B00ECOGM52,related to,Nintendo
B00ECOGM52,related to,Nintendo Switch
B00ECOGM52,related to,Games
B00ECOGM52,related to,Hardware
B00ECOGM52,related to,Xbox
B00ECOGM52,related to,Gaming Accessories
B00ECOGM52,related to,PlayStation 5
B00ECOGM52,related to,PlayStation 4
B00ECOGM52,related to,Nintendo 3DS
B00ECOGM52,related to,Xbox Games
B00ECOGM52,related to,PlayStation Games
B00ECOGM52,related to,Nintendo Games
B00ECOGM52,related to,PlayStation Controllers
B00ECOGM52,related to,Nintendo Controllers
B00ECOGM52,related to,PC Games
B00ECOGM52,related to,Xbox One
B00ECOGM52,related to,Nintendo Switch Lite
B00XEFLE2Q,related to,Games
B00HVWU0Q4,related to,PlayStation
B00HVWU0Q4,related to,Xbox One
B00HVWU0Q4,related to,PlayStation 5
B00HVWU0Q4,related to,PlayStation 4
B00HVWU0Q4,related to,PlayStation Vita
B00HVWU0Q4,related to,PlayStation Games
B00HVWU0Q4,related to,PlayStation Controllers
B091LBJKR7,related to,Xbox
B091LBJKR7,related to,PlayStation
B091LBJKR7,related to,Xbox Series S
B091LBJKR7,related to,Xbox One
B091LBJKR7,related to,PlayStation 5
B091LBJKR7,related to,PlayStation 4
B091LBJKR7,related to,PlayStation Vita
B091LBJKR7,related to,PC Games
B091LBJKR7,related to,Xbox Games
B091LBJKR7,related to,PlayStation Games
B091LBJKR7,related to,PlayStation Controllers
B00004SRF5,related to,Games
B00004SRF5,related to,PC Games
B00004SRF5,related to,Nintendo Games
B004IK89FG,related to,PlayStation
B004IK89FG,related to,Nintendo
B004IK89FG,related to,Gaming Accessories
B004IK89FG,related to,Games
B004IK89FG,related to,PlayStation 5
B004IK89FG,related to,PlayStation 4
B004IK89FG,related to,PC Games
B004IK89FG,related to,Xbox Games
B004IK89FG,related to,PlayStation Games
B004IK89FG,related to,Nintendo Games
B00000JHPD,related to,Nintendo
B00000JHPD,related to,Nintendo Switch
B00000JHPD,related to,Controllers
B00000JHPD,related to,Nintendo 3DS
B00000JHPD,related to,Nintendo Games
B00000JHPD,related to,Nintendo Controllers
B00ZE3616K,related to,Xbox
B00ZE3616K,related to,Xbox Series X
B00ZE3616K,related to,Xbox Series S
B00ZE3616K,related to,Xbox One
B00ZE3616K,related to,Xbox Games
B00ZE3616K,related to,Xbox Controllers
B09ZT147RW,related to,Gaming Peripherals
B09ZT147RW,related to,Gaming Accessories
B09ZT147RW,related to,Switch Cases
B09ZT147RW,related to,PC Games
B09ZT147RW,related to,Xbox Games
B09ZT147RW,related to,Gaming Headsets
B001TOMQXK,related to,Hardware
B001TOMQXK,related to,Xbox
B001TOMQXK,related to,PlayStation
B001TOMQXK,related to,Nintendo
B001TOMQXK,related to,Nintendo Switch
B001TOMQXK,related to,Gaming Accessories
B001TOMQXK,related to,Games
B001TOMQXK,related to,Xbox One
B001TOMQXK,related to,PlayStation 5
B001TOMQXK,related to,PlayStation 4
B001TOMQXK,related to,Nintendo Switch Lite
B001TOMQXK,related to,Nintendo 3DS
B001TOMQXK,related to,PC Games
B001TOMQXK,related to,Xbox Games
B001TOMQXK,related to,PlayStation Games
B001TOMQXK,related to,Nintendo Games
B001TOMQXK,related to,Nintendo Controllers
B003NHRHD0,related to,PC Games
B003NHRHD0,related to,Xbox Games
B000IN0BSU,related to,Controllers
B000IN0BSU,related to,Nintendo
B000IN0BSU,related to,Gaming Accessories
B000IN0BSU,related to,Games
B000IN0BSU,related to,Nintendo Switch
B000IN0BSU,related to,Nintendo Games
B000IN0BSU,related to,PC Games
B000IN0BSU,related to,Xbox Games
B000IN0BSU,related to,PlayStation Games
B000IN0BSU,related to,Nintendo 3DS
B000IN0BSU,related to,Nintendo Controllers
B08RXMB6SW,related to,PlayStation
B08RXMB6SW,related to,Controllers
B08RXMB6SW,related to,PlayStation 5
B08RXMB6SW,related to,PlayStation 4
B08RXMB6SW,related to,PlayStation Vita
B08RXMB6SW,related to,PlayStation Games
B08RXMB6SW,related to,PlayStation Controllers
B08RXMB6SW,related to,Xbox Controllers
B08RXMB6SW,related to,Nintendo Controllers
B074G36LZ4,related to,PlayStation
B074G36LZ4,related to,Gaming Peripherals
B074G36LZ4,related to,Gaming Accessories
B074G36LZ4,related to,Games
B074G36LZ4,related to,PlayStation 5
B074G36LZ4,related to,PlayStation 4
B074G36LZ4,related to,PC Games
B074G36LZ4,related to,Xbox Games
B074G36LZ4,related to,PlayStation Games
B074G36LZ4,related to,Nintendo Games
B074G36LZ4,related to,Gaming Headsets
B003R5THKO,related to,Nintendo
B003R5THKO,related to,Nintendo Games
B003R5THKO,related to,Nintendo Controllers
B003R5THKO,related to,Xbox Games
B0083GAF12,related to,Games
B00006JZBI,related to,Games
B00006JZBI,related to,PC Games
B00006JZBI,related to,PlayStation Games
B00006JZBI,related to,Nintendo Games
B00776UHG2,related to,Storage Cases
B00776UHG2,related to,Nintendo
B00776UHG2,related to,Gaming Accessories
B001ELJF7I,related to,Gaming Peripherals
B001ELJF7I,related to,Gaming Accessories
B001ELJF7I,related to,Games
B001ELJF7I,related to,PC Games
B001ELJF7I,related to,Xbox Games
B001ELJF7I,related to,PlayStation Games
B001ELJF7I,related to,Nintendo Games
B001ELJF7I,related to,Gaming Headsets
B00Z9TLQNC,related to,PlayStation
B00Z9TLQNC,related to,VR Headsets
B00Z9TLQNC,related to,Xbox One
B00Z9TLQNC,related to,PlayStation 5
B00Z9TLQNC,related to,PlayStation 4
B00Z9TLQNC,related to,PlayStation Vita
B00Z9TLQNC,related to,PC Games
B00Z9TLQNC,related to,Xbox Games
B00Z9TLQNC,related to,PlayStation Games
B00Z9TLQNC,related to,PlayStation Controllers
B00VPW0DYU,related to,Xbox
B00VPW0DYU,related to,PlayStation
B00VPW0DYU,related to,Xbox Series X
B00VPW0DYU,related to,Xbox Series S
B00VPW0DYU,related to,Xbox One
B00VPW0DYU,related to,PlayStation 5
B00VPW0DYU,related to,PlayStation 4
B00VPW0DYU,related to,PC Games
B00VPW0DYU,related to,Xbox Games
B00VPW0DYU,related to,Xbox Controllers
B08M2K9K67,related to,Nintendo
B08M2K9K67,related to,Nintendo Switch
B08M2K9K67,related to,Nintendo Switch Lite
B08M2K9K67,related to,Nintendo 3DS
B08M2K9K67,related to,Nintendo Games
B08M2K9K67,related to,Switch Cases
B08M2K9K67,related to,Nintendo Controllers
B01KZUL1CA,related to,Headsets
B01KZUL1CA,related to,VR Headsets
B01KZUL1CA,related to,PlayStation
B01KZUL1CA,related to,Gaming Headsets
B01KZUL1CA,related to,PlayStation 5
B01KZUL1CA,related to,PlayStation 4
B01KZUL1CA,related to,PlayStation Vita
B01KZUL1CA,related to,PlayStation Games
B01KZUL1CA,related to,PlayStation Controllers
B08TC3DBJV,related to,VR Headsets
B08TC3DBJV,related to,Headsets
B08TC3DBJV,related to,Gaming Headsets
B07X2LNHGB,related to,Xbox
B07X2LNHGB,related to,PlayStation
B07X2LNHGB,related to,Nintendo
B07X2LNHGB,related to,Gaming Accessories
B07X2LNHGB,related to,Games
B07X2LNHGB,related to,Xbox Series S
B07X2LNHGB,related to,Xbox One
B07X2LNHGB,related to,PlayStation 5
B07X2LNHGB,related to,PlayStation 4
B07X2LNHGB,related to,PlayStation Vita
B07X2LNHGB,related to,PC Games
B07X2LNHGB,related to,Xbox Games
B07X2LNHGB,related to,PlayStation Games
B07X2LNHGB,related to,Nintendo Games
B07X2LNHGB,related to,PlayStation Controllers
B00CPBZCIM,related to,Games
B00CPBZCIM,related to,PC Games
B00CPBZCIM,related to,Xbox Games
B00CPBZCIM,related to,Nintendo Games
B077J2BJ2F,related to,PC Games
B077J2BJ2F,related to,Xbox Games
B07NTR1KL4,related to,Games
B07NTR1KL4,related to,PC Games
B07NTR1KL4,related to,Xbox Games
B07NTR1KL4,related to,PlayStation Games
B00UKLIY3E,related to,Xbox
B00UKLIY3E,related to,Nintendo
B00UKLIY3E,related to,Gaming Peripherals
B00UKLIY3E,related to,Gaming Accessories
B00UKLIY3E,related to,Games
B00UKLIY3E,related to,PC Games
B00UKLIY3E,related to,Xbox Games
B00UKLIY3E,related to,PlayStation Games
B00UKLIY3E,related to,Nintendo Games
B001EYUQLY,related to,Games
B001EYUQLY,related to,PC Games
B001EYUQLY,related to,Nintendo Games
B0019N57M8,related to,Xbox
B0019N57M8,related to,PlayStation
B0019N57M8,related to,Nintendo
B0019N57M8,related to,Nintendo Switch
B0019N57M8,related to,Games
B0019N57M8,related to,Xbox One
B0019N57M8,related to,PlayStation 5
B0019N57M8,related to,PlayStation 4
B0019N57M8,related to,PlayStation Vita
B0019N57M8,related to,Nintendo 3DS
B0019N57M8,related to,Xbox Games
B0019N57M8,related to,PlayStation Games
B0019N57M8,related to,Nintendo Games
B0019N57M8,related to,PlayStation Controllers
B0019N57M8,related to,Nintendo Controllers
B07PG84GSQ,related to,Gaming Peripherals
B07PG84GSQ,related to,Gaming Accessories
B07PG84GSQ,related to,Nintendo
B07PG84GSQ,related to,Games
B07PG84GSQ,related to,Headsets
B07PG84GSQ,related to,VR Headsets
B07PG84GSQ,related to,PC Games
B07PG84GSQ,related to,Nintendo Games
B07PG84GSQ,related to,Gaming Headsets
B001EYUPQU,related to,Xbox
B001EYUPQU,related to,PlayStation
B001EYUPQU,related to,Nintendo
B001EYUPQU,related to,Gaming Accessories
B001EYUPQU,related to,Games
B001EYUPQU,related to,Xbox Series S
B001EYUPQU,related to,Xbox One
B001EYUPQU,related to,PlayStation 5
B001EYUPQU,related to,PlayStation 4
B001EYUPQU,related to,PlayStation Vita
B001EYUPQU,related to,PC Games
B001EYUPQU,related to,Xbox Games
B001EYUPQU,related to,PlayStation Games
B001EYUPQU,related to,Nintendo Games
B001EYUPQU,related to,PlayStation Controllers
B000GT4MQI,related to,Xbox
B000GT4MQI,related to,PlayStation
B000GT4MQI,related to,Xbox Series X
B000GT4MQI,related to,Xbox Series S
B000GT4MQI,related to,Xbox One
B000GT4MQI,related to,PlayStation 5
B000GT4MQI,related to,PlayStation 4
B000GT4MQI,related to,Xbox Games
B000GT4MQI,related to,PlayStation Games
B000GT4MQI,related to,Xbox Controllers
B000GT4MQI,related to,PlayStation Controllers
B00D7B9M0I,related to,Nintendo
B00D7B9M0I,related to,Gaming Peripherals
B00D7B9M0I,related to,Gaming Accessories
B00D7B9M0I,related to,Games
B00D7B9M0I,related to,Nintendo Games
B00D7B9M0I,related to,Nintendo Controllers
B00D7B9M0I,related to,PC Games
B00D7B9M0I,related to,Xbox Games
B00D7B9M0I,related to,PlayStation Games
B08LMKNSPL,related to,Controllers
B08LMKNSPL,related to,Xbox Controllers
B08LMKNSPL,related to,PlayStation Controllers
B08LMKNSPL,related to,Nintendo Controllers
B001EYUOXY,related to,Games
B001EYUOXY,related to,Xbox
B001EYUOXY,related to,PlayStation
B001EYUOXY,related to,Nintendo
B001EYUOXY,related to,Gaming Peripherals
B001EYUOXY,related to,PC Games
B001EYUOXY,related to,PlayStation Games
B001EYUOXY,related to,Nintendo Games
B001EYUOXY,related to,Xbox Series X
B001EYUOXY,related to,Xbox Series S
B001EYUOXY,related to,Xbox One
B001EYUOXY,related to,PlayStation 5
B001EYUOXY,related to,PlayStation 4
B001EYUOXY,related to,PlayStation Vita
B001EYUOXY,related to,Xbox Games
B001EYUOXY,related to,Xbox Controllers
B07XSHRXWS,related to,Storage Cases
B07XSHRXWS,related to,Hardware
B07XSHRXWS,related to,Xbox
B07XSHRXWS,related to,PlayStation
B07XSHRXWS,related to,Nintendo
B07XSHRXWS,related to,Nintendo Switch
B07XSHRXWS,related to,Gaming Accessories
B07XSHRXWS,related to,Games
B07XSHRXWS,related to,Switch Cases
B07XSHRXWS,related to,Xbox One
B07XSHRXWS,related to,PlayStation 5
B07XSHRXWS,related to,PlayStation 4
B07XSHRXWS,related to,Nintendo Switch Lite
B07XSHRXWS,related to,Nintendo 3DS
B07XSHRXWS,related to,PC Games
B07XSHRXWS,related to,Xbox Games
B07XSHRXWS,related to,PlayStation Games
B07XSHRXWS,related to,Nintendo Games
B07XSHRXWS,related to,Nintendo Controllers
B0BTFX4STP,related to,Headsets
B0BTFX4STP,related to,VR Headsets
B0BTFX4STP,related to,Gaming Headsets
B003ELPQJM,related to,Xbox
B003ELPQJM,related to,PlayStation
B003ELPQJM,related to,Nintendo
B003ELPQJM,related to,Games
B003ELPQJM,related to,Xbox Series X
B003ELPQJM,related to,Xbox Series S
B003ELPQJM,related to,Xbox One
B003ELPQJM,related to,PlayStation 5
B003ELPQJM,related to,PlayStation 4
B003ELPQJM,related to,PC Games
B003ELPQJM,related to,Xbox Games
B003ELPQJM,related to,PlayStation Games
B003ELPQJM,related to,Nintendo Games
B019FNMPQE,related to,Headsets
B01JM80MV2,related to,Gaming Accessories
B01JM80MV2,related to,Games
B01JM80MV2,related to,PC Games
B01JM80MV2,related to,Xbox Games
B01JM80MV2,related to,Nintendo Games
B07HPSFK9V,related to,PC Games
B07HPSFK9V,related to,Xbox Games
B0031SWWPO,related to,PlayStation
B0031SWWPO,related to,Nintendo
B0031SWWPO,related to,Nintendo Switch
B0031SWWPO,related to,Xbox Series S
B0031SWWPO,related to,PlayStation 5
B0031SWWPO,related to,PlayStation 4
B0031SWWPO,related to,Nintendo 3DS
B0031SWWPO,related to,Xbox Games
B0031SWWPO,related to,PlayStation Games
B0031SWWPO,related to,Nintendo Games
B0031SWWPO,related to,Nintendo Controllers
B09QTCLJ9T,related to,Nintendo
B09QTCLJ9T,related to,Nintendo Switch
B09QTCLJ9T,related to,Controllers
B09QTCLJ9T,related to,Gaming Peripherals
B09QTCLJ9T,related to,Gaming Accessories
B09QTCLJ9T,related to,Games
B09QTCLJ9T,related to,Nintendo Switch Lite
B09QTCLJ9T,related to,Nintendo 3DS
B09QTCLJ9T,related to,Nintendo Games
B09QTCLJ9T,related to,Switch Cases
B09QTCLJ9T,related to,Nintendo Controllers
B09QTCLJ9T,related to,PlayStation 5
B09QTCLJ9T,related to,PlayStation Games
B09QTCLJ9T,related to,Xbox Controllers
B09QTCLJ9T,related to,PC Games
B09QTCLJ9T,related to,Xbox Games
B003C1PV4O,related to,PlayStation
B003C1PV4O,related to,Nintendo
B003C1PV4O,related to,Games
B003C1PV4O,related to,PlayStation 5
B003C1PV4O,related to,PlayStation 4
B003C1PV4O,related to,PlayStation Vita
B003C1PV4O,related to,PC Games
B003C1PV4O,related to,Xbox Games
B003C1PV4O,related to,PlayStation Games
B003C1PV4O,related to,Nintendo Games
B003C1PV4O,related to,PlayStation Controllers
B06ZXY893M,related to,Games
B06ZXY893M,related to,PC Games
B001EYUPMY,related to,Nintendo
B001EYUPMY,related to,Games
B001EYUPMY,related to,Nintendo 3DS
B001EYUPMY,related to,PC Games
B001EYUPMY,related to,Xbox Games
B001EYUPMY,related to,PlayStation Games
B001EYUPMY,related to,Nintendo Games
B07YBXJ5FK,related to,Games
B07YBXJ5FK,related to,Xbox
B07YBXJ5FK,related to,PlayStation
B07YBXJ5FK,related to,Nintendo
B07YBXJ5FK,related to,Gaming Accessories
B07YBXJ5FK,related to,Xbox Series X
B07YBXJ5FK,related to,Xbox Series S
B07YBXJ5FK,related to,Xbox One
B07YBXJ5FK,related to,PlayStation 5
B07YBXJ5FK,related to,PlayStation 4
B07YBXJ5FK,related to,PC Games
B07YBXJ5FK,related to,Xbox Games
B07YBXJ5FK,related to,PlayStation Games
B07YBXJ5FK,related to,Nintendo Games
B07YBXJ5FK,related to,Xbox Controllers
B002I0H738,related to,Games
B002I0H738,related to,Xbox
B002I0H738,related to,PlayStation
B002I0H738,related to,Nintendo
B002I0H738,related to,PC Games
B002I0H738,related to,Xbox Games
B002I0H738,related to,PlayStation Games
B002I0H738,related to,Nintendo Games
B002I0H738,related to,Xbox Series X
B002I0H738,related to,Xbox Series S
B002I0H738,related to,Xbox One
B002I0H738,related to,PlayStation 5
B002I0H738,related to,PlayStation 4
B002I0H738,related to,PlayStation Vita
B002I0H738,related to,Nintendo 3DS
B002I0H738,related to,PlayStation Controllers
B00KR2C0RC,related to,Xbox
B00KR2C0RC,related to,PlayStation
B00KR2C0RC,related to,Games
B00KR2C0RC,related to,Xbox One
B00KR2C0RC,related to,PlayStation 5
B00KR2C0RC,related to,PlayStation 4
B00KR2C0RC,related to,PlayStation Vita
B00KR2C0RC,related to,Xbox Games
B00KR2C0RC,related to,PlayStation Games
B00KR2C0RC,related to,PlayStation Controllers
B00149TZ66,related to,Nintendo
B00149TZ66,related to,Games
B00149TZ66,related to,Xbox Series S
B00149TZ66,related to,Xbox Games
B00149TZ66,related to,PlayStation Games
B00149TZ66,related to,Nintendo Games
B00002EIZW,related to,Nintendo
B00002EIZW,related to,Games
B00002EIZW,related to,PC Games
B00002EIZW,related to,Xbox Games
B00002EIZW,related to,PlayStation Games
B00002EIZW,related to,Nintendo Games
B000038IA0,related to,Nintendo
B000038IA0,related to,Games
B000038IA0,related to,PC Games
B000038IA0,related to,Xbox Games
B000038IA0,related to,PlayStation Games
B000038IA0,related to,Nintendo Games
B07SM7G9CN,related to,Nintendo
B07SM7G9CN,related to,Nintendo Switch
B07SM7G9CN,related to,Games
B07SM7G9CN,related to,Nintendo Switch Lite
B07SM7G9CN,related to,Nintendo 3DS
B07SM7G9CN,related to,Nintendo Games
B07SM7G9CN,related to,Switch Cases
B07SM7G9CN,related to,Nintendo Controllers
B07SM7G9CN,related to,PC Games
B07SM7G9CN,related to,Xbox Games
B07SM7G9CN,related to,PlayStation Games
B009VIKJUS,related to,Xbox
B009VIKJUS,related to,PlayStation
B009VIKJUS,related to,Nintendo
B009VIKJUS,related to,Gaming Peripherals
B009VIKJUS,related to,Xbox Series X
B009VIKJUS,related to,Xbox Series S
B009VIKJUS,related to,Xbox One
B009VIKJUS,related to,PlayStation 5
B009VIKJUS,related to,PlayStation 4
B009VIKJUS,related to,PlayStation Vita
B009VIKJUS,related to,PC Games
B009VIKJUS,related to,Xbox Games
B009VIKJUS,related to,PlayStation Games
B009VIKJUS,related to,Xbox Controllers
B009VIKJUS,related to,PlayStation Controllers
B00N8R6P2Y,related to,Games
B00N8R6P2Y,related to,PC Games
B00N8R6P2Y,related to,Xbox Games
B00N8R6P2Y,related to,PlayStation Games
B01KS5NFTO,related to,Xbox
B07X8Q1MJJ,related to,Gaming Peripherals
B07X8Q1MJJ,related to,Games
B07X8Q1MJJ,related to,PC Games
B07X8Q1MJJ,related to,Xbox Games
B00N3NSUIK,related to,Controllers
B00N3NSUIK,related to,Xbox
B00N3NSUIK,related to,Nintendo Controllers
B00N3NSUIK,related to,Xbox Series X
B00N3NSUIK,related to,Xbox Series S
B00N3NSUIK,related to,Xbox One
B00N3NSUIK,related to,Xbox Games
B00N3NSUIK,related to,Xbox Controllers
B07QQTJMRF,related to,Games
B07QQTJMRF,related to,PlayStation
B07QQTJMRF,related to,PC Games
B07QQTJMRF,related to,Xbox Games
B07QQTJMRF,related to,Nintendo Games
B07QQTJMRF,related to,PlayStation 5
B07QQTJMRF,related to,PlayStation 4
B07QQTJMRF,related to,PlayStation Vita
B07QQTJMRF,related to,PlayStation Games
B07QQTJMRF,related to,PlayStation Controllers
B01GVMVYNC,related to,Games
B01GVMVYNC,related to,Xbox
B01GVMVYNC,related to,Xbox Series X
B01GVMVYNC,related to,Xbox Series S
B01GVMVYNC,related to,Xbox One
B01GVMVYNC,related to,Xbox Games
B01GVMVYNC,related to,Xbox Controllers
B08TWV3BXB,related to,Xbox
B08TWV3BXB,related to,PlayStation
B08TWV3BXB,related to,Nintendo
B08TWV3BXB,related to,Gaming Peripherals
B08TWV3BXB,related to,Xbox Series X
B08TWV3BXB,related to,Xbox Series S
B08TWV3BXB,related to,Xbox One
B08TWV3BXB,related to,PlayStation 5
B08TWV3BXB,related to,PlayStation 4
B08TWV3BXB,related to,PlayStation Vita
B08TWV3BXB,related to,PC Games
B08TWV3BXB,related to,Xbox Games
B08TWV3BXB,related to,PlayStation Games
B08TWV3BXB,related to,Xbox Controllers
B073SBW5W6,related to,Nintendo
B073SBW5W6,related to,Games
B073SBW5W6,related to,Xbox
B073SBW5W6,related to,PlayStation
B073SBW5W6,related to,Gaming Peripherals
B073SBW5W6,related to,Gaming Accessories
B073SBW5W6,related to,PC Games
B073SBW5W6,related to,Xbox Games
B073SBW5W6,related to,PlayStation Games
B073SBW5W6,related to,Nintendo Games
B073SBW5W6,related to,Xbox Series X
B073SBW5W6,related to,Xbox Series S
B073SBW5W6,related to,Xbox One
B073SBW5W6,related to,PlayStation 5
B073SBW5W6,related to,PlayStation 4
B073SBW5W6,related to,Xbox Controllers
B08Q1MFHT3,related to,Controllers
B08Q1MFHT3,related to,Nintendo
B08Q1MFHT3,related to,Nintendo Switch
B08Q1MFHT3,related to,Gaming Peripherals
B08Q1MFHT3,related to,Gaming Accessories
B08Q1MFHT3,related to,Games
B08Q1MFHT3,related to,Nintendo 3DS
B08Q1MFHT3,related to,Nintendo Games
B08Q1MFHT3,related to,Nintendo Controllers
B08Q1MFHT3,related to,PC Games
B08Q1MFHT3,related to,Xbox Games
B08Q1MFHT3,related to,PlayStation Games
B096SNXBDX,related to,Xbox
B096SNXBDX,related to,Xbox Series X
B096SNXBDX,related to,Xbox Series S
B096SNXBDX,related to,Xbox One
B096SNXBDX,related to,PlayStation 5
B096SNXBDX,related to,PlayStation 4
B096SNXBDX,related to,Xbox Games
B096SNXBDX,related to,Xbox Controllers
B003NX6U4G,related to,Games
B003NX6U4G,related to,PlayStation
B003NX6U4G,related to,Nintendo
B003NX6U4G,related to,Nintendo Switch
B003NX6U4G,related to,Nintendo 3DS
B003NX6U4G,related to,PC Games
B003NX6U4G,related to,Xbox Games
B003NX6U4G,related to,PlayStation Games
B003NX6U4G,related to,Nintendo Games
B003NX6U4G,related to,PlayStation 5
B003NX6U4G,related to,PlayStation 4
B003NX6U4G,related to,PlayStation Controllers
B003NX6U4G,related to,Nintendo Controllers
B07BRGKH9N,related to,Nintendo
B07BRGKH9N,related to,Nintendo Switch
B07BRGKH9N,related to,Nintendo 3DS
B07BRGKH9N,related to,Xbox Games
B07BRGKH9N,related to,Nintendo Games
B07BRGKH9N,related to,Nintendo Controllers
B005JB45OC,related to,Storage Cases
B005JB45OC,related to,Games
B005JB45OC,related to,Hardware
B005JB45OC,related to,Xbox
B005JB45OC,related to,PlayStation
B005JB45OC,related to,Gaming Peripherals
B005JB45OC,related to,Gaming Accessories
B005JB45OC,related to,Xbox Series S
B005JB45OC,related to,Xbox One
B005JB45OC,related to,PlayStation 5
B005JB45OC,related to,PlayStation 4
B005JB45OC,related to,PlayStation Vita
B005JB45OC,related to,PC Games
B005JB45OC,related to,Xbox Games
B005JB45OC,related to,PlayStation Games
B005JB45OC,related to,Xbox Controllers
B005JB45OC,related to,PlayStation Controllers
B001EYUQ32,related to,Games
B0038KORSA,related to,PlayStation
B0038KORSA,related to,PlayStation 5
B0038KORSA,related to,PlayStation 4
B0038KORSA,related to,PlayStation Vita
B0038KORSA,related to,PlayStation Games
B0038KORSA,related to,PlayStation Controllers
B0007UDYTW,related to,PC Games
B0007UDYTW,related to,Xbox Games
B0007UDYTW,related to,PlayStation Games
B075H3XB4Y,related to,Nintendo
B075H3XB4Y,related to,Nintendo Switch
B075H3XB4Y,related to,Nintendo Switch Lite
B075H3XB4Y,related to,Nintendo 3DS
B075H3XB4Y,related to,Nintendo Games
B075H3XB4Y,related to,Switch Cases
B075H3XB4Y,related to,Nintendo Controllers
B0BJ47N918,related to,Games
B0BJ47N918,related to,PC Games
B0007KTBDA,related to,Nintendo
B0007KTBDA,related to,Games
B0007KTBDA,related to,Xbox
B0007KTBDA,related to,PlayStation
B0007KTBDA,related to,PC Games
B0007KTBDA,related to,Xbox Games
B0007KTBDA,related to,PlayStation Games
B0007KTBDA,related to,Nintendo Games
B0007KTBDA,related to,Xbox One
B0007KTBDA,related to,PlayStation 5
B0007KTBDA,related to,PlayStation 4
B0007KTBDA,related to,PlayStation Vita
B0007KTBDA,related to,PlayStation Controllers
B07CH81328,related to,Nintendo
B07CH81328,related to,Nintendo Switch
B07CH81328,related to,Nintendo 3DS
B07CH81328,related to,Xbox Games
B07CH81328,related to,Nintendo Games
B07CH81328,related to,Nintendo Controllers
B07GLYDDRG,related to,Games
B07GLYDDRG,related to,Xbox
B07GLYDDRG,related to,PlayStation
B07GLYDDRG,related to,Nintendo
B07GLYDDRG,related to,Gaming Accessories
B07GLYDDRG,related to,PC Games
B07GLYDDRG,related to,Xbox Games
B07GLYDDRG,related to,Nintendo Games
B07GLYDDRG,related to,Xbox Series S
B07GLYDDRG,related to,Xbox One
B07GLYDDRG,related to,PlayStation 5
B07GLYDDRG,related to,PlayStation 4
B07GLYDDRG,related to,PlayStation Vita
B07GLYDDRG,related to,PlayStation Games
B07GLYDDRG,related to,PlayStation Controllers
B002JTX89U,related to,PlayStation
B002JTX89U,related to,Nintendo
B002JTX89U,related to,Nintendo Switch
B002JTX89U,related to,Xbox Series S
B002JTX89U,related to,PlayStation 5
B002JTX89U,related to,PlayStation 4
B002JTX89U,related to,Nintendo 3DS
B002JTX89U,related to,Xbox Games
B002JTX89U,related to,PlayStation Games
B002JTX89U,related to,Nintendo Games
B002JTX89U,related to,Nintendo Controllers
B084CYQGF5,related to,Gaming Peripherals
B084CYQGF5,related to,Gaming Accessories
B084CYQGF5,related to,Games
B084CYQGF5,related to,Controllers
B084CYQGF5,related to,PC Games
B084CYQGF5,related to,Xbox Games
B084CYQGF5,related to,PlayStation Games
B084CYQGF5,related to,Nintendo Games
B084CYQGF5,related to,Gaming Headsets
B084CYQGF5,related to,Xbox Controllers
B084CYQGF5,related to,PlayStation Controllers
B084CYQGF5,related to,Nintendo Controllers
B003M2XL86,related to,Games
B003M2XL86,related to,Xbox
B003M2XL86,related to,PlayStation
B003M2XL86,related to,Nintendo
B003M2XL86,related to,Gaming Peripherals
B003M2XL86,related to,PC Games
B003M2XL86,related to,Xbox Series X
B003M2XL86,related to,Xbox Series S
B003M2XL86,related to,Xbox One
B003M2XL86,related to,PlayStation 5
B003M2XL86,related to,PlayStation 4
B003M2XL86,related to,PlayStation Vita
B003M2XL86,related to,Xbox Games
B003M2XL86,related to,PlayStation Games
B003M2XL86,related to,Xbox Controllers
B07H7GF337,related to,Xbox Controllers
B07H7GF337,related to,Nintendo Controllers
B008CZN458,related to,PlayStation
B008CZN458,related to,Games
B008CZN458,related to,PlayStation 5
B008CZN458,related to,PlayStation 4
B008CZN458,related to,PlayStation Vita
B008CZN458,related to,PlayStation Games
B008CZN458,related to,PlayStation Controllers
B008CZN458,related to,PC Games
B071RCQML4,related to,Xbox
B071RCQML4,related to,Games
B071RCQML4,related to,Xbox Series X
B071RCQML4,related to,Xbox Series S
B071RCQML4,related to,Xbox One
B071RCQML4,related to,Xbox Games
B071RCQML4,related to,Xbox Controllers
B001IVE7M2,related to,PlayStation
B001IVE7M2,related to,Nintendo
B001IVE7M2,related to,Gaming Accessories
B001IVE7M2,related to,Games
B001IVE7M2,related to,PlayStation 5
B001IVE7M2,related to,PlayStation 4
B001IVE7M2,related to,PC Games
B001IVE7M2,related to,Xbox Games
B001IVE7M2,related to,PlayStation Games
B001IVE7M2,related to,Nintendo Games
B001IVE7M2,related to,PlayStation Vita
B001IVE7M2,related to,PlayStation Controllers
B00C4PCCL4,related to,Games
B00C4PCCL4,related to,PlayStation 4
B0B7BSBCSC,related to,Hardware
B0B7BSBCSC,related to,Gaming Peripherals
B0B7BSBCSC,related to,Gaming Accessories
B0B7BSBCSC,related to,PC Games
B07DXPSJH1,related to,PlayStation
B07DXPSJH1,related to,PlayStation 5
B07DXPSJH1,related to,PlayStation 4
B07DXPSJH1,related to,PlayStation Vita
B07DXPSJH1,related to,PlayStation Games
B07DXPSJH1,related to,PlayStation Controllers
B00005V3F8,related to,Nintendo
B00005V3F8,related to,Games
B00005V3F8,related to,PC Games
B00005V3F8,related to,Xbox Games
B00005V3F8,related to,PlayStation Games
B00005V3F8,related to,Nintendo Games
B00005V3F8,related to,Xbox Series S
B001QCWS6A,related to,Games
B001QCWS6A,related to,PC Games
B001QCWS6A,related to,Xbox Games
B001QCWS6A,related to,PlayStation Games
B001QCWS6A,related to,Nintendo Games
B005EIIS4S,related to,Nintendo
B005EIIS4S,related to,Games
B005EIIS4S,related to,Nintendo Games
B005EIIS4S,related to,Nintendo 3DS
B005EIIS4S,related to,PC Games
B005EIIS4S,related to,PlayStation Games
B072K2DCFM,related to,Nintendo
B072K2DCFM,related to,Nintendo Switch
B072K2DCFM,related to,Xbox
B072K2DCFM,related to,Nintendo 3DS
B072K2DCFM,related to,Nintendo Games
B072K2DCFM,related to,Nintendo Controllers
B09MFBJJQJ,related to,Xbox
B09MFBJJQJ,related to,PlayStation
B09MFBJJQJ,related to,Nintendo
B09MFBJJQJ,related to,Gaming Accessories
B09MFBJJQJ,related to,Games
B09MFBJJQJ,related to,Xbox One
B09MFBJJQJ,related to,PlayStation 5
B09MFBJJQJ,related to,PlayStation 4
B09MFBJJQJ,related to,PlayStation Vita
B09MFBJJQJ,related to,PC Games
B09MFBJJQJ,related to,Xbox Games
B09MFBJJQJ,related to,PlayStation Games
B09MFBJJQJ,related to,Nintendo Games
B09MFBJJQJ,related to,PlayStation Controllers
B00001SHNG,related to,Product Details
B00001SHNG,related to,Games
B00001SHNG,related to,PC Games
B00001SHNG,related to,PlayStation Games
B002EQE58Q,related to,PlayStation
B002EQE58Q,related to,Xbox
B002EQE58Q,related to,Nintendo
B002EQE58Q,related to,Gaming Peripherals
B002EQE58Q,related to,Gaming Accessories
B002EQE58Q,related to,Games
B002EQE58Q,related to,PlayStation 5
B002EQE58Q,related to,PlayStation 4
B002EQE58Q,related to,PlayStation Vita
B002EQE58Q,related to,PlayStation Games
B002EQE58Q,related to,PlayStation Controllers
B002EQE58Q,related to,Xbox One
B002EQE58Q,related to,PC Games
B002EQE58Q,related to,Xbox Games
B002EQE58Q,related to,Nintendo Games
B0BC6CMVGT,related to,Nintendo
B0BC6CMVGT,related to,Nintendo Switch
B0BC6CMVGT,related to,Storage Cases
B0BC6CMVGT,related to,Nintendo Switch Lite
B0BC6CMVGT,related to,Nintendo 3DS
B0BC6CMVGT,related to,Nintendo Games
B0BC6CMVGT,related to,Switch Cases
B0BC6CMVGT,related to,Nintendo Controllers
B00009KO3F,related to,Games
B00004XMRL,related to,PlayStation
B00004XMRL,related to,PlayStation 5
B00004XMRL,related to,PlayStation 4
B00004XMRL,related to,PlayStation Vita
B00004XMRL,related to,PlayStation Games
B00004XMRL,related to,PlayStation Controllers
B001EYUU4W,related to,PlayStation
B001EYUU4W,related to,Nintendo
B001EYUU4W,related to,Gaming Accessories
B001EYUU4W,related to,Games
B001EYUU4W,related to,PlayStation 5
B001EYUU4W,related to,PlayStation 4
B001EYUU4W,related to,PC Games
B001EYUU4W,related to,Xbox Games
B001EYUU4W,related to,PlayStation Games
B001EYUU4W,related to,Nintendo Games
B01953YZ0S,related to,Xbox
B01953YZ0S,related to,PlayStation
B01953YZ0S,related to,Hardware
B01953YZ0S,related to,Gaming Peripherals
B01953YZ0S,related to,Games
B01953YZ0S,related to,Xbox One
B01953YZ0S,related to,PlayStation 5
B01953YZ0S,related to,PlayStation 4
B01953YZ0S,related to,PlayStation Vita
B01953YZ0S,related to,Xbox Games
B01953YZ0S,related to,PlayStation Games
B01953YZ0S,related to,PlayStation Controllers
B01953YZ0S,related to,PC Games
B005188DPK,related to,Xbox
B005188DPK,related to,PlayStation
B005188DPK,related to,Nintendo
B005188DPK,related to,Gaming Peripherals
B005188DPK,related to,Xbox One
B005188DPK,related to,Xbox Games
B005188DPK,related to,Xbox Series X
B005188DPK,related to,Xbox Series S
B005188DPK,related to,PlayStation 5
B005188DPK,related to,PlayStation 4
B005188DPK,related to,PlayStation Vita
B005188DPK,related to,PC Games
B005188DPK,related to,PlayStation Games
B005188DPK,related to,Xbox Controllers
B08J8BY4DT,related to,Nintendo
B08J8BY4DT,related to,Nintendo Switch
B08J8BY4DT,related to,Nintendo Switch Lite
B08J8BY4DT,related to,Nintendo 3DS
B08J8BY4DT,related to,Nintendo Games
B08J8BY4DT,related to,Switch Cases
B08J8BY4DT,related to,Nintendo Controllers
B008XXLKLE,related to,Xbox
B008XXLKLE,related to,PlayStation
B008XXLKLE,related to,Nintendo
B008XXLKLE,related to,Gaming Peripherals
B008XXLKLE,related to,Xbox Series X
B008XXLKLE,related to,Xbox Series S
B008XXLKLE,related to,Xbox One
B008XXLKLE,related to,PlayStation 5
B008XXLKLE,related to,PlayStation 4
B008XXLKLE,related to,PlayStation Vita
B008XXLKLE,related to,PC Games
B008XXLKLE,related to,Xbox Games
B008XXLKLE,related to,PlayStation Games
B008XXLKLE,related to,Xbox Controllers
B01JJFZ3LC,related to,Nintendo
B01JJFZ3LC,related to,Nintendo Switch
B01JJFZ3LC,related to,Nintendo 3DS
B01JJFZ3LC,related to,Nintendo Games
B01JJFZ3LC,related to,Nintendo Controllers
B001E909SY,related to,Xbox
B001E909SY,related to,PlayStation
B001E909SY,related to,Nintendo
B001E909SY,related to,Gaming Accessories
B001E909SY,related to,Games
B001E909SY,related to,Xbox Series S
B001E909SY,related to,Xbox One
B001E909SY,related to,PlayStation 5
B001E909SY,related to,PlayStation 4
B001E909SY,related to,PlayStation Vita
B001E909SY,related to,PC Games
B001E909SY,related to,Xbox Games
B001E909SY,related to,PlayStation Games
B001E909SY,related to,Nintendo Games
B001E909SY,related to,PlayStation Controllers
B007MD2CWC,related to,PlayStation
B007MD2CWC,related to,Gaming Peripherals
B007MD2CWC,related to,Gaming Accessories
B007MD2CWC,related to,Games
B007MD2CWC,related to,PlayStation 5
B007MD2CWC,related to,PlayStation 4
B007MD2CWC,related to,PC Games
B007MD2CWC,related to,Xbox Games
B007MD2CWC,related to,PlayStation Games
B007MD2CWC,related to,Nintendo Games
B007MD2CWC,related to,Gaming Headsets
B002JTX9LC,related to,Xbox
B002JTX9LC,related to,PlayStation
B002JTX9LC,related to,Nintendo
B002JTX9LC,related to,Gaming Peripherals
B002JTX9LC,related to,Gaming Accessories
B002JTX9LC,related to,Games
B002JTX9LC,related to,Xbox Series S
B002JTX9LC,related to,Xbox One
B002JTX9LC,related to,PlayStation 5
B002JTX9LC,related to,PlayStation 4
B002JTX9LC,related to,PlayStation Vita
B002JTX9LC,related to,PC Games
B002JTX9LC,related to,Xbox Games
B002JTX9LC,related to,PlayStation Games
B002JTX9LC,related to,Nintendo Games
B002JTX9LC,related to,Xbox Controllers
B002JTX9LC,related to,PlayStation Controllers
B002JTX9LC,related to,Nintendo Controllers
B07BGYLS1L,related to,Nintendo Games
B0BTM9LJM4,related to,Nintendo Switch
B0BTM9LJM4,related to,Nintendo
B0BTM9LJM4,related to,Controllers
B0BTM9LJM4,related to,Games
B0BTM9LJM4,related to,Switch Cases
B07P9Q3MCD,related to,Controllers
B07P9Q3MCD,related to,PlayStation
B07P9Q3MCD,related to,Nintendo
B07P9Q3MCD,related to,Nintendo Switch
B07P9Q3MCD,related to,Nintendo Controllers
B07P9Q3MCD,related to,PlayStation 5
B07P9Q3MCD,related to,PlayStation 4
B07P9Q3MCD,related to,Nintendo 3DS
B07P9Q3MCD,related to,PlayStation Games
B07P9Q3MCD,related to,Nintendo Games
B07FZ45GLT,related to,Nintendo
B07FZ45GLT,related to,Gaming Accessories
B07FZ45GLT,related to,Storage Cases
B07FZ45GLT,related to,Nintendo 3DS
B07FZ45GLT,related to,Xbox Games
B07FZ45GLT,related to,PlayStation Games
B07FZ45GLT,related to,Nintendo Games
B07FZ45GLT,related to,PlayStation Controllers
B07FZ45GLT,related to,Nintendo Controllers
B0009PUB9G,related to,PlayStation
B0009PUB9G,related to,Nintendo
B0009PUB9G,related to,Nintendo Switch
B0009PUB9G,related to,Gaming Peripherals
B0009PUB9G,related to,Gaming Accessories
B0009PUB9G,related to,Games
B0009PUB9G,related to,PlayStation 5
B0009PUB9G,related to,PlayStation 4
B0009PUB9G,related to,PlayStation Vita
B0009PUB9G,related to,Nintendo 3DS
B0009PUB9G,related to,PC Games
B0009PUB9G,related to,Xbox Games
B0009PUB9G,related to,PlayStation Games
B0009PUB9G,related to,Nintendo Games
B0009PUB9G,related to,PlayStation Controllers
B0009PUB9G,related to,Nintendo Controllers
B08SKH6783,related to,Xbox
B08SKH6783,related to,PlayStation
B08SKH6783,related to,Games
B08SKH6783,related to,Xbox Series X
B08SKH6783,related to,Xbox Series S
B08SKH6783,related to,Xbox One
B08SKH6783,related to,PlayStation 5
B08SKH6783,related to,PlayStation 4
B08SKH6783,related to,PC Games
B08SKH6783,related to,Xbox Games
B08SKH6783,related to,PlayStation Games
B08SKH6783,related to,Nintendo Games
B08SKH6783,related to,Xbox Controllers
B00CX6G0B2,related to,Games
B09VXFP6Z6,related to,Games
B000N60GVY,related to,Nintendo
B000N60GVY,related to,Gaming Peripherals
B000N60GVY,related to,Gaming Accessories
B000N60GVY,related to,Games
B000N60GVY,related to,PC Games
B000N60GVY,related to,Xbox Games
B000N60GVY,related to,PlayStation Games
B000N60GVY,related to,Nintendo Games
B0009R1T7W,related to,Games
B0009R1T7W,related to,Storage Cases
B0009R1T7W,related to,Xbox
B0009R1T7W,related to,Xbox Games
B0009R1T7W,related to,Nintendo Games
B0009R1T7W,related to,Switch Cases
B0009R1T7W,related to,Xbox Series X
B0009R1T7W,related to,Xbox Series S
B0009R1T7W,related to,Xbox One
B0009R1T7W,related to,PlayStation 5
B0009R1T7W,related to,PlayStation 4
B0009R1T7W,related to,Xbox Controllers
B00NEU44D2,related to,Xbox
B00NEU44D2,related to,PlayStation
B00NEU44D2,related to,Nintendo
B00NEU44D2,related to,Gaming Peripherals
B00NEU44D2,related to,Gaming Accessories
B00NEU44D2,related to,Games
B00NEU44D2,related to,Xbox Series X
B00NEU44D2,related to,Xbox Series S
B00NEU44D2,related to,Xbox One
B00NEU44D2,related to,PlayStation 5
B00NEU44D2,related to,PlayStation 4
B00NEU44D2,related to,PlayStation Vita
B00NEU44D2,related to,PC Games
B00NEU44D2,related to,Xbox Games
B00NEU44D2,related to,PlayStation Games
B00NEU44D2,related to,Nintendo Games
B00NEU44D2,related to,Gaming Headsets
B00NEU44D2,related to,Xbox Controllers
B00NEU44D2,related to,PlayStation Controllers
B004DNWPW6,related to,Product Details
B004DNWPW6,related to,Xbox
B004DNWPW6,related to,PlayStation
B004DNWPW6,related to,Nintendo
B004DNWPW6,related to,Games
B004DNWPW6,related to,Xbox Series X
B004DNWPW6,related to,Xbox Series S
B004DNWPW6,related to,Xbox One
B004DNWPW6,related to,PlayStation 5
B004DNWPW6,related to,PlayStation 4
B004DNWPW6,related to,PC Games
B004DNWPW6,related to,Xbox Games
B004DNWPW6,related to,PlayStation Games
B004DNWPW6,related to,Nintendo Games
B08XB3ZSRF,related to,Controllers
B08XB3ZSRF,related to,Xbox
B08XB3ZSRF,related to,PlayStation
B08XB3ZSRF,related to,Xbox Controllers
B08XB3ZSRF,related to,Xbox Series X
B08XB3ZSRF,related to,Xbox Series S
B08XB3ZSRF,related to,Xbox One
B08XB3ZSRF,related to,PlayStation 5
B08XB3ZSRF,related to,PlayStation 4
B08XB3ZSRF,related to,PC Games
B08XB3ZSRF,related to,Xbox Games
B08XB3ZSRF,related to,PlayStation Games
B0116QAGH8,related to,PlayStation
B0116QAGH8,related to,Controllers
B0116QAGH8,related to,PlayStation 5
B0116QAGH8,related to,PlayStation 4
B0116QAGH8,related to,PlayStation Vita
B0116QAGH8,related to,PlayStation Games
B0116QAGH8,related to,Xbox Controllers
B0116QAGH8,related to,PlayStation Controllers
B0116QAGH8,related to,Nintendo Controllers
B07XBV753V,related to,Nintendo Switch
B07XBV753V,related to,Hardware
B07XBV753V,related to,Xbox
B07XBV753V,related to,PlayStation
B07XBV753V,related to,Nintendo
B07XBV753V,related to,Gaming Accessories
B07XBV753V,related to,Games
B07XBV753V,related to,Nintendo Switch Lite
B07XBV753V,related to,Switch Cases
B07XBV753V,related to,Xbox One
B07XBV753V,related to,PlayStation 5
B07XBV753V,related to,PlayStation 4
B07XBV753V,related to,Nintendo 3DS
B07XBV753V,related to,PC Games
B07XBV753V,related to,Xbox Games
B07XBV753V,related to,PlayStation Games
B07XBV753V,related to,Nintendo Games
B07XBV753V,related to,Nintendo Controllers
B07Z8P7N33,related to,Headsets
B07Z8P7N33,related to,VR Headsets
B07Z8P7N33,related to,Hardware
B07Z8P7N33,related to,PlayStation
B07Z8P7N33,related to,Nintendo
B07Z8P7N33,related to,Gaming Accessories
B07Z8P7N33,related to,Games
B07Z8P7N33,related to,Gaming Headsets
B07Z8P7N33,related to,PlayStation 5
B07Z8P7N33,related to,PlayStation 4
B07Z8P7N33,related to,PlayStation Vita
B07Z8P7N33,related to,PlayStation Games
B07Z8P7N33,related to,PlayStation Controllers
B07Z8P7N33,related to,PC Games
B07Z8P7N33,related to,Xbox Games
B07Z8P7N33,related to,Nintendo Games
B07121VW7K,related to,Nintendo
B07121VW7K,related to,Games
B07121VW7K,related to,Storage Cases
B07121VW7K,related to,Nintendo Switch
B07121VW7K,related to,PC Games
B07121VW7K,related to,Xbox Games
B07121VW7K,related to,PlayStation Games
B07121VW7K,related to,Nintendo Games
B07121VW7K,related to,Nintendo 3DS
B07121VW7K,related to,Nintendo Controllers
B006VE40JQ,related to,Xbox
B006VE40JQ,related to,PlayStation
B006VE40JQ,related to,Xbox One
B006VE40JQ,related to,PlayStation 5
B006VE40JQ,related to,PlayStation 4
B006VE40JQ,related to,PlayStation Vita
B006VE40JQ,related to,PlayStation Games
B006VE40JQ,related to,PlayStation Controllers
B000BNKBCI,related to,Games
B01BY4LJV4,related to,Xbox
B01BY4LJV4,related to,Games
B01BY4LJV4,related to,Headsets
B01BY4LJV4,related to,VR Headsets
B01BY4LJV4,related to,PC Games
B01BY4LJV4,related to,Xbox Games
B01BY4LJV4,related to,Nintendo Games
B01BY4LJV4,related to,Gaming Headsets
B09WS2QZXT,related to,PlayStation
B09WS2QZXT,related to,Nintendo
B09WS2QZXT,related to,Gaming Accessories
B09WS2QZXT,related to,Games
B09WS2QZXT,related to,PlayStation 5
B09WS2QZXT,related to,PlayStation 4
B09WS2QZXT,related to,PlayStation Vita
B09WS2QZXT,related to,PlayStation Games
B09WS2QZXT,related to,PlayStation Controllers
B09WS2QZXT,related to,PC Games
B09WS2QZXT,related to,Xbox Games
B09WS2QZXT,related to,Nintendo Games
B000S1MMI4,related to,Xbox
B000S1MMI4,related to,PlayStation
B000S1MMI4,related to,Nintendo
B000S1MMI4,related to,Gaming Accessories
B000S1MMI4,related to,Games
B000S1MMI4,related to,Xbox One
B000S1MMI4,related to,PlayStation 5
B000S1MMI4,related to,PlayStation 4
B000S1MMI4,related to,PlayStation Vita
B000S1MMI4,related to,PC Games
B000S1MMI4,related to,Xbox Games
B000S1MMI4,related to,PlayStation Games
B000S1MMI4,related to,Nintendo Games
B000S1MMI4,related to,PlayStation Controllers
B00008XKZ5,related to,Nintendo
B00008XKZ5,related to,Games
B00008XKZ5,related to,PC Games
B00008XKZ5,related to,Xbox Games
B00008XKZ5,related to,PlayStation Games
B00008XKZ5,related to,Nintendo Games
B00065QTT0,related to,Xbox
B00065QTT0,related to,PlayStation
B00065QTT0,related to,Nintendo
B00065QTT0,related to,Gaming Peripherals
B00065QTT0,related to,Gaming Accessories
B00065QTT0,related to,Games
B00065QTT0,related to,Xbox Series S
B00065QTT0,related to,Xbox One
B00065QTT0,related to,PlayStation 5
B00065QTT0,related to,PlayStation 4
B00065QTT0,related to,PlayStation Vita
B00065QTT0,related to,PC Games
B00065QTT0,related to,Xbox Games
B00065QTT0,related to,PlayStation Games
B00065QTT0,related to,Nintendo Games
B00065QTT0,related to,PlayStation Controllers
B01MS6C7HT,related to,Xbox
B01MS6C7HT,related to,Gaming Peripherals
B01MS6C7HT,related to,Gaming Accessories
B01MS6C7HT,related to,Headsets
B01MS6C7HT,related to,VR Headsets
B01MS6C7HT,related to,PC Games
B01MS6C7HT,related to,Xbox Games
B01MS6C7HT,related to,Gaming Headsets
B013VO5MR2,related to,Gaming Peripherals
B013VO5MR2,related to,Gaming Accessories
B013VO5MR2,related to,Games
B013VO5MR2,related to,PC Games
B013VO5MR2,related to,Xbox Games
B013VO5MR2,related to,PlayStation Games
B013VO5MR2,related to,Nintendo Games
B013VO5MR2,related to,Gaming Headsets
B094F8RB9K,related to,Games
B094F8RB9K,related to,PC Games
B094F8RB9K,related to,Xbox Games
B094F8RB9K,related to,PlayStation Games
B094F8RB9K,related to,Nintendo Games
B001EYUT84,related to,Games
B0050SZ7IC,related to,PlayStation
B0050SZ7IC,related to,PlayStation 5
B0050SZ7IC,related to,PlayStation 4
B0050SZ7IC,related to,PlayStation Vita
B0050SZ7IC,related to,PlayStation Games
B0050SZ7IC,related to,PlayStation Controllers
B00BU3ZLJQ,related to,Xbox
B00BU3ZLJQ,related to,Games
B00BU3ZLJQ,related to,Xbox Series X
B00BU3ZLJQ,related to,Xbox Series S
B00BU3ZLJQ,related to,Xbox One
B00BU3ZLJQ,related to,PlayStation 5
B00BU3ZLJQ,related to,PlayStation 4
B00BU3ZLJQ,related to,Xbox Games
B00BU3ZLJQ,related to,PC Games
B00BU3ZLJQ,related to,PlayStation Games
B00BU3ZLJQ,related to,Nintendo Games
B07YBWT3PK,related to,Games
B07YBWT3PK,related to,Gaming Accessories
B07YBWT3PK,related to,Xbox
B07YBWT3PK,related to,PC Games
B07YBWT3PK,related to,Xbox Series X
B07YBWT3PK,related to,Xbox Series S
B07YBWT3PK,related to,Xbox One
B07YBWT3PK,related to,PlayStation 5
B07YBWT3PK,related to,PlayStation 4
B07YBWT3PK,related to,Xbox Games
B07YBWT3PK,related to,Xbox Controllers
B07NH5F6YZ,related to,PlayStation
B07NH5F6YZ,related to,PlayStation 5
B07NH5F6YZ,related to,PlayStation 4
B07NH5F6YZ,related to,PlayStation Vita
B07NH5F6YZ,related to,PlayStation Games
B07NH5F6YZ,related to,PlayStation Controllers
B002I0JBL4,related to,Nintendo Games
B002I0JBL4,related to,PC Games
B002I0JBL4,related to,Xbox Games
B002I0JBL4,related to,PlayStation Games
B07JFC1RRW,related to,Nintendo
B07JFC1RRW,related to,Nintendo Switch
B07JFC1RRW,related to,Nintendo Switch Lite
B07JFC1RRW,related to,Nintendo 3DS
B07JFC1RRW,related to,Nintendo Games
B07JFC1RRW,related to,Switch Cases
B07JFC1RRW,related to,Nintendo Controllers
B009IF0G9S,related to,PlayStation
B009IF0G9S,related to,Gaming Accessories
B009IF0G9S,related to,Xbox Series S
B009IF0G9S,related to,Xbox One
B009IF0G9S,related to,PlayStation 5
B009IF0G9S,related to,PlayStation 4
B009IF0G9S,related to,PlayStation Vita
B009IF0G9S,related to,Xbox Games
B009IF0G9S,related to,PlayStation Games
B009IF0G9S,related to,PlayStation Controllers
B009GKT2W2,related to,Games
B009GKT2W2,related to,PC Games
B009GKT2W2,related to,Xbox Games
B009GKT2W2,related to,PlayStation Games
B009GKT2W2,related to,Nintendo Games
B003KT0ACG,related to,Gaming Accessories
B003KT0ACG,related to,Games
B003KT0ACG,related to,PC Games
B003KT0ACG,related to,Xbox Games
B00I0S7JH6,related to,Gaming Peripherals
B00I0S7JH6,related to,Gaming Accessories
B00I0S7JH6,related to,Games
B00I0S7JH6,related to,PC Games
B00I0S7JH6,related to,Xbox Games
B00I0S7JH6,related to,PlayStation Games
B00I0S7JH6,related to,Nintendo Games
B00I0S7JH6,related to,Gaming Headsets
B000H1114Q,related to,Nintendo
B000H1114Q,related to,Nintendo Switch
B000H1114Q,related to,Games
B000H1114Q,related to,Nintendo 3DS
B000H1114Q,related to,Nintendo Games
B000H1114Q,related to,Nintendo Controllers
B000H1114Q,related to,PC Games
B000H1114Q,related to,Xbox Games
B000H1114Q,related to,PlayStation Games
B088393X1Y,related to,PlayStation
B088393X1Y,related to,Xbox
B088393X1Y,related to,PlayStation 5
B088393X1Y,related to,PlayStation 4
B088393X1Y,related to,PlayStation Vita
B088393X1Y,related to,PlayStation Games
B088393X1Y,related to,PlayStation Controllers
B088393X1Y,related to,Xbox One
B088393X1Y,related to,Xbox Games
B0793DBTYQ,related to,Nintendo
B0793DBTYQ,related to,Nintendo Switch
B0793DBTYQ,related to,Games
B0793DBTYQ,related to,Nintendo Switch Lite
B0793DBTYQ,related to,Nintendo 3DS
B0793DBTYQ,related to,Nintendo Games
B0793DBTYQ,related to,Switch Cases
B0793DBTYQ,related to,Nintendo Controllers
B000G7WGP4,related to,Games
B000G7WGP4,related to,PC Games
B000G7WGP4,related to,Xbox Games
B000G7WGP4,related to,Nintendo Games
B07NKLWMNT,related to,PlayStation
B07NKLWMNT,related to,Nintendo
B07NKLWMNT,related to,Nintendo Switch
B07NKLWMNT,related to,Xbox Series S
B07NKLWMNT,related to,PlayStation 5
B07NKLWMNT,related to,PlayStation 4
B07NKLWMNT,related to,Nintendo 3DS
B07NKLWMNT,related to,Xbox Games
B07NKLWMNT,related to,PlayStation Games
B07NKLWMNT,related to,Nintendo Games
B07NKLWMNT,related to,Nintendo Controllers
B07NKLWMNT,related to,Nintendo Switch Lite
B08J8C7D8C,related to,Gaming Peripherals
B08J8C7D8C,related to,Games
B08J8C7D8C,related to,PC Games
B08J8C7D8C,related to,Xbox Games
B08J2FZ9C5,related to,Nintendo
B08J2FZ9C5,related to,Nintendo Switch
B08J2FZ9C5,related to,Controllers
B08J2FZ9C5,related to,Hardware
B08J2FZ9C5,related to,Nintendo 3DS
B08J2FZ9C5,related to,Nintendo Games
B08J2FZ9C5,related to,Nintendo Controllers
B08J2FZ9C5,related to,Nintendo Switch Lite
B08J2FZ9C5,related to,Switch Cases
B08J2FZ9C5,related to,Xbox Controllers
B08J2FZ9C5,related to,PlayStation Controllers
B07SZ52PQM,related to,Gaming Peripherals
B07SZ52PQM,related to,Gaming Accessories
B07SZ52PQM,related to,Games
B07SZ52PQM,related to,PC Games
B07SZ52PQM,related to,Xbox Games
B07SZ52PQM,related to,PlayStation Games
B07SZ52PQM,related to,Nintendo Games
B00006C290,related to,PlayStation
B00006C290,related to,Gaming Accessories
B00006C290,related to,Xbox Series S
B00006C290,related to,Xbox One
B00006C290,related to,PlayStation 5
B00006C290,related to,PlayStation 4
B00006C290,related to,PlayStation Vita
B00006C290,related to,Xbox Games
B00006C290,related to,PlayStation Games
B00006C290,related to,PlayStation Controllers
B08KWDLQ7S,related to,Hardware
B08KWDLQ7S,related to,Xbox
B08KWDLQ7S,related to,PlayStation
B08KWDLQ7S,related to,Nintendo
B08KWDLQ7S,related to,Gaming Peripherals
B08KWDLQ7S,related to,Gaming Accessories
B08KWDLQ7S,related to,Games
B08KWDLQ7S,related to,Xbox One
B08KWDLQ7S,related to,PlayStation 5
B08KWDLQ7S,related to,PlayStation 4
B08KWDLQ7S,related to,PC Games
B08KWDLQ7S,related to,Xbox Games
B08KWDLQ7S,related to,PlayStation Games
B08KWDLQ7S,related to,Nintendo Games
B08KWDLQ7S,related to,Gaming Headsets
B07S38KQHS,related to,Nintendo
B07S38KQHS,related to,Nintendo Switch
B07S38KQHS,related to,Games
B07S38KQHS,related to,Storage Cases
B07S38KQHS,related to,Gaming Peripherals
B07S38KQHS,related to,Gaming Accessories
B07S38KQHS,related to,Nintendo Switch Lite
B07S38KQHS,related to,Nintendo 3DS
B07S38KQHS,related to,Nintendo Games
B07S38KQHS,related to,Switch Cases
B07S38KQHS,related to,Nintendo Controllers
B07S38KQHS,related to,PC Games
B07S38KQHS,related to,Xbox Games
B07S38KQHS,related to,PlayStation Games
B08MBMV3TS,related to,Nintendo
B08MBMV3TS,related to,Nintendo Switch
B08MBMV3TS,related to,Gaming Peripherals
B08MBMV3TS,related to,Gaming Accessories
B08MBMV3TS,related to,Games
B08MBMV3TS,related to,Nintendo 3DS
B08MBMV3TS,related to,Nintendo Games
B08MBMV3TS,related to,Nintendo Controllers
B08MBMV3TS,related to,PC Games
B08MBMV3TS,related to,Xbox Games
B08MBMV3TS,related to,PlayStation Games
B08MBMV3TS,related to,Gaming Headsets
B09LC2RDKG,related to,Xbox
B09LC2RDKG,related to,PlayStation
B09LC2RDKG,related to,Nintendo
B09LC2RDKG,related to,Gaming Peripherals
B09LC2RDKG,related to,Gaming Accessories
B09LC2RDKG,related to,Games
B09LC2RDKG,related to,Xbox One
B09LC2RDKG,related to,PlayStation 5
B09LC2RDKG,related to,PlayStation 4
B09LC2RDKG,related to,PC Games
B09LC2RDKG,related to,Xbox Games
B09LC2RDKG,related to,PlayStation Games
B09LC2RDKG,related to,Nintendo Games
B0BN2FNKLM,related to,Controllers
B0BN2FNKLM,related to,Xbox Controllers
B0BN2FNKLM,related to,PlayStation Controllers
B0BN2FNKLM,related to,Nintendo Controllers
B01798WKTY,related to,Games
B01798WKTY,related to,PC Games
B01798WKTY,related to,Xbox Games
B01798WKTY,related to,PlayStation Games
B01798WKTY,related to,Nintendo Games
B00576U7W8,related to,Xbox
B00576U7W8,related to,PlayStation
B00576U7W8,related to,Nintendo
B00576U7W8,related to,Gaming Accessories
B00576U7W8,related to,Games
B00576U7W8,related to,Xbox Series S
B00576U7W8,related to,Xbox One
B00576U7W8,related to,PlayStation 5
B00576U7W8,related to,PlayStation 4
B00576U7W8,related to,PlayStation Vita
B00576U7W8,related to,PC Games
B00576U7W8,related to,Xbox Games
B00576U7W8,related to,PlayStation Games
B00576U7W8,related to,Nintendo Games
B00576U7W8,related to,PlayStation Controllers
B003L20IQA,related to,Xbox Series X
B001G7PSHG,related to,PlayStation
B001G7PSHG,related to,Nintendo
B001G7PSHG,related to,Nintendo Switch
B001G7PSHG,related to,PlayStation 5
B001G7PSHG,related to,PlayStation 4
B001G7PSHG,related to,Nintendo 3DS
B001G7PSHG,related to,Xbox Games
B001G7PSHG,related to,PlayStation Games
B001G7PSHG,related to,Nintendo Games
B001G7PSHG,related to,PlayStation Controllers
B001G7PSHG,related to,Nintendo Controllers
B004SJ5AKO,related to,Nintendo
B004SJ5AKO,related to,Nintendo Switch
B004SJ5AKO,related to,Controllers
B004SJ5AKO,related to,Games
B004SJ5AKO,related to,Nintendo Games
B004SJ5AKO,related to,PlayStation Controllers
B004SJ5AKO,related to,Nintendo Controllers
B004SJ5AKO,related to,PC Games
B004SJ5AKO,related to,Xbox Games
B004SJ5AKO,related to,PlayStation Games
B008ZARZ1Y,related to,Nintendo
B008ZARZ1Y,related to,Nintendo Switch
B008ZARZ1Y,related to,Nintendo 3DS
B008ZARZ1Y,related to,Xbox Games
B008ZARZ1Y,related to,Nintendo Games
B008ZARZ1Y,related to,Nintendo Controllers
B075X47CG7,related to,PlayStation
B075X47CG7,related to,Controllers
B075X47CG7,related to,PlayStation Vita
B075X47CG7,related to,PlayStation 5
B075X47CG7,related to,PlayStation 4
B075X47CG7,related to,PlayStation Games
B075X47CG7,related to,Xbox Controllers
B075X47CG7,related to,PlayStation Controllers
B075X47CG7,related to,Nintendo Controllers
B00002STEX,related to,Nintendo
B00002STEX,related to,Nintendo Switch
B00002STEX,related to,Nintendo 3DS
B00002STEX,related to,Nintendo Games
B00002STEX,related to,Nintendo Controllers
B08SBWDBDB,related to,Nintendo
B08SBWDBDB,related to,Nintendo Switch
B08SBWDBDB,related to,Nintendo Switch Lite
B08SBWDBDB,related to,Nintendo 3DS
B08SBWDBDB,related to,Nintendo Games
B08SBWDBDB,related to,Switch Cases
B08SBWDBDB,related to,Nintendo Controllers
B09LHV53BL,related to,Xbox
B09LHV53BL,related to,Gaming Peripherals
B09LHV53BL,related to,Gaming Accessories
B09LHV53BL,related to,Headsets
B09LHV53BL,related to,PC Games
B09LHV53BL,related to,Xbox Games
B09LHV53BL,related to,Gaming Headsets
B002JTX732,related to,Games
B002JTX732,related to,PC Games
B002JTX732,related to,Xbox Games
B002JTX732,related to,PlayStation Games
B002JTX732,related to,Nintendo Games
B000EHIXJY,related to,Xbox
B000EHIXJY,related to,PlayStation
B000EHIXJY,related to,Nintendo
B000EHIXJY,related to,Games
B000EHIXJY,related to,Xbox Series X
B000EHIXJY,related to,Xbox Series S
B000EHIXJY,related to,Xbox One
B000EHIXJY,related to,PlayStation 5
B000EHIXJY,related to,PlayStation 4
B000EHIXJY,related to,PC Games
B000EHIXJY,related to,Xbox Games
B000EHIXJY,related to,PlayStation Games
B000EHIXJY,related to,Nintendo Games
B0000859TK,related to,Games
B00F3F2WSK,related to,Games
B00F3F2WSK,related to,PC Games
B000046S3Z,related to,Nintendo
B000046S3Z,related to,Games
B000046S3Z,related to,PC Games
B000046S3Z,related to,Xbox Games
B000046S3Z,related to,PlayStation Games
B000046S3Z,related to,Nintendo Games
B001ELJE1A,related to,Games
B001ELJE1A,related to,PC Games
B001ELJE1A,related to,Xbox Games
B001ELJE1A,related to,Nintendo Games
B00CC50QT6,related to,Gaming Peripherals
B00CC50QT6,related to,Gaming Accessories
B00CC50QT6,related to,Games
B00CC50QT6,related to,PlayStation
B00CC50QT6,related to,PC Games
B00CC50QT6,related to,Xbox Games
B00CC50QT6,related to,PlayStation Games
B00CC50QT6,related to,Nintendo Games
B00CC50QT6,related to,PlayStation 5
B00CC50QT6,related to,PlayStation 4
B00CC50QT6,related to,PlayStation Vita
B00CC50QT6,related to,PlayStation Controllers
B07NPZZSRC,related to,Games
B07NPZZSRC,related to,Xbox
B07NPZZSRC,related to,PC Games
B07NPZZSRC,related to,Xbox Series X
B07NPZZSRC,related to,Xbox Series S
B07NPZZSRC,related to,Xbox One
B07NPZZSRC,related to,Xbox Games
B07NPZZSRC,related to,Xbox Controllers
B07NVVZK2D,related to,Nintendo
B07NVVZK2D,related to,Xbox
B07NVVZK2D,related to,PlayStation
B07NVVZK2D,related to,Nintendo Switch
B07NVVZK2D,related to,Gaming Peripherals
B07NVVZK2D,related to,Games
B07NVVZK2D,related to,Nintendo Games
B07NVVZK2D,related to,Nintendo 3DS
B07NVVZK2D,related to,PlayStation 5
B07NVVZK2D,related to,PlayStation 4
B07NVVZK2D,related to,PlayStation Vita
B07NVVZK2D,related to,PC Games
B07NVVZK2D,related to,Xbox Games
B07NVVZK2D,related to,PlayStation Games
B07NVVZK2D,related to,Nintendo Controllers
B0BL65X86R,related to,PlayStation
B0BL65X86R,related to,Nintendo
B0BL65X86R,related to,Gaming Peripherals
B0BL65X86R,related to,Gaming Accessories
B0BL65X86R,related to,Games
B0BL65X86R,related to,PlayStation 5
B0BL65X86R,related to,PlayStation 4
B0BL65X86R,related to,PlayStation Vita
B0BL65X86R,related to,PlayStation Games
B0BL65X86R,related to,PlayStation Controllers
B0BL65X86R,related to,PC Games
B0BL65X86R,related to,Xbox Games
B0BL65X86R,related to,Nintendo Games
B00000K2GI,related to,Games
B00000K2GI,related to,Nintendo
B00000K2GI,related to,PC Games
B00000K2GI,related to,Xbox Games
B00000K2GI,related to,PlayStation Games
B00000K2GI,related to,Nintendo Games
B00LA07WWI,related to,Games
B0000631VG,related to,Nintendo
B0000631VG,related to,Games
B0000631VG,related to,Nintendo Games
B0000631VG,related to,PC Games
B001EYUTU2,related to,Nintendo
B001EYUTU2,related to,Games
B001EYUTU2,related to,Xbox Games
B001EYUTU2,related to,PlayStation Games
B001EYUTU2,related to,Nintendo Games
B08NX5R2LK,related to,Nintendo
B08NX5R2LK,related to,Nintendo Switch
B08NX5R2LK,related to,Games
B08NX5R2LK,related to,Nintendo Switch Lite
B08NX5R2LK,related to,Nintendo 3DS
B08NX5R2LK,related to,Nintendo Games
B08NX5R2LK,related to,Switch Cases
B08NX5R2LK,related to,Nintendo Controllers
B08NX5R2LK,related to,PC Games
B09Y2WF3VS,related to,Xbox
B09Y2WF3VS,related to,PlayStation
B09Y2WF3VS,related to,Xbox Series S
B09Y2WF3VS,related to,Xbox One
B09Y2WF3VS,related to,PlayStation 5
B09Y2WF3VS,related to,PlayStation 4
B09Y2WF3VS,related to,PlayStation Vita
B09Y2WF3VS,related to,PC Games
B09Y2WF3VS,related to,Xbox Games
B09Y2WF3VS,related to,PlayStation Games
B09Y2WF3VS,related to,PlayStation Controllers
B09YCM624K,related to,Gaming Peripherals
B09YCM624K,related to,Gaming Accessories
B00ZDNNRB8,related to,Xbox
B00ZDNNRB8,related to,Controllers
B00ZDNNRB8,related to,Xbox Series X
B00ZDNNRB8,related to,Xbox Series S
B00ZDNNRB8,related to,Xbox One
B00ZDNNRB8,related to,Xbox Games
B00ZDNNRB8,related to,Xbox Controllers
B00ZDNNRB8,related to,PlayStation Controllers
B00ZDNNRB8,related to,Nintendo Controllers
B00007E1OC,related to,Nintendo
B00007E1OC,related to,Games
B00007E1OC,related to,PC Games
B00007E1OC,related to,Xbox Games
B00007E1OC,related to,PlayStation Games
B00007E1OC,related to,Nintendo Games
B0028N6TP2,related to,PlayStation
B0028N6TP2,related to,Nintendo
B0028N6TP2,related to,Gaming Accessories
B0028N6TP2,related to,Games
B0028N6TP2,related to,PlayStation 5
B0028N6TP2,related to,PlayStation 4
B0028N6TP2,related to,PC Games
B0028N6TP2,related to,Xbox Games
B0028N6TP2,related to,PlayStation Games
B0028N6TP2,related to,Nintendo Games
B00AUXRCPI,related to,PC Games
B00AUXRCPI,related to,Xbox Games
B003QP30Q2,related to,Xbox
B003QP30Q2,related to,PlayStation
B003QP30Q2,related to,Nintendo
B003QP30Q2,related to,Nintendo Switch
B003QP30Q2,related to,Games
B003QP30Q2,related to,Xbox One
B003QP30Q2,related to,PlayStation 5
B003QP30Q2,related to,PlayStation 4
B003QP30Q2,related to,PlayStation Vita
B003QP30Q2,related to,Nintendo 3DS
B003QP30Q2,related to,Xbox Games
B003QP30Q2,related to,PlayStation Games
B003QP30Q2,related to,Nintendo Games
B003QP30Q2,related to,PlayStation Controllers
B003QP30Q2,related to,Nintendo Controllers
B003QP30Q2,related to,PC Games
B07YV64T1L,related to,Controllers
B07YV64T1L,related to,Xbox
B07YV64T1L,related to,PlayStation
B07YV64T1L,related to,Xbox Controllers
B07YV64T1L,related to,PlayStation Controllers
B07YV64T1L,related to,Nintendo Controllers
B07YV64T1L,related to,Xbox Series X
B07YV64T1L,related to,Xbox Series S
B07YV64T1L,related to,Xbox One
B07YV64T1L,related to,PlayStation 5
B07YV64T1L,related to,PlayStation 4
B07YV64T1L,related to,Xbox Games
B0777GJSDF,related to,Nintendo
B0777GJSDF,related to,Gaming Peripherals
B0777GJSDF,related to,Gaming Accessories
B0777GJSDF,related to,Games
B0777GJSDF,related to,Xbox
B0777GJSDF,related to,PlayStation
B0777GJSDF,related to,PC Games
B0777GJSDF,related to,Xbox Games
B0777GJSDF,related to,PlayStation Games
B0777GJSDF,related to,Nintendo Games
B0777GJSDF,related to,Xbox Series X
B0777GJSDF,related to,Xbox Series S
B0777GJSDF,related to,Xbox One
B0777GJSDF,related to,PlayStation 5
B0777GJSDF,related to,PlayStation 4
B0777GJSDF,related to,PlayStation Vita
B0777GJSDF,related to,PlayStation Controllers
B07NYDS9SY,related to,Gaming Accessories
B07NYDS9SY,related to,Games
B07NYDS9SY,related to,Nintendo
B07NYDS9SY,related to,Nintendo Switch
B07NYDS9SY,related to,PC Games
B07NYDS9SY,related to,Xbox Games
B07NYDS9SY,related to,PlayStation Games
B07NYDS9SY,related to,Nintendo Games
B07NYDS9SY,related to,Nintendo 3DS
B07NYDS9SY,related to,Nintendo Controllers
B00DNWHEVU,related to,Gaming Peripherals
B00DNWHEVU,related to,Gaming Accessories
B00DNWHEVU,related to,Games
B00DNWHEVU,related to,Xbox
B00DNWHEVU,related to,PC Games
B00DNWHEVU,related to,Xbox Games
B00DNWHEVU,related to,PlayStation Games
B00DNWHEVU,related to,Nintendo Games
B00DNWHEVU,related to,Gaming Headsets
B00DNWHEVU,related to,Xbox One
B00DNWHEVU,related to,PlayStation Vita
B005IMVP0O,related to,PlayStation Vita
B0BN69XMV9,related to,Games
B0BF5VRLHV,related to,PC Games
B0BF5VRLHV,related to,Xbox Games
B004L4EWPU,related to,Nintendo 3DS
B00MVY10CU,related to,Nintendo
B00MVY10CU,related to,Games
B00MVY10CU,related to,PC Games
B00MVY10CU,related to,Nintendo Games
B00MVY10CU,related to,Xbox Games
B07NLRSN12,related to,Xbox
B07NLRSN12,related to,PlayStation
B07NLRSN12,related to,PlayStation 5
B07NLRSN12,related to,PlayStation 4
B07NLRSN12,related to,PlayStation Vita
B07NLRSN12,related to,PlayStation Games
B07NLRSN12,related to,PlayStation Controllers
B08F7ZWTHR,related to,Games
B08F7ZWTHR,related to,Xbox
B08F7ZWTHR,related to,Nintendo 3DS
B08F7ZWTHR,related to,PC Games
B08F7ZWTHR,related to,Xbox Games
B08F7ZWTHR,related to,PlayStation Games
B08F7ZWTHR,related to,Nintendo Games
B08F7ZWTHR,related to,Xbox Series X
B08F7ZWTHR,related to,Xbox Series S
B08F7ZWTHR,related to,Xbox One
B08F7ZWTHR,related to,Xbox Controllers
B0871SWHFW,related to,Gaming Peripherals
B0871SWHFW,related to,Gaming Accessories
B07BZ7QSFM,related to,Hardware
B07BZ7QSFM,related to,PlayStation
B07BZ7QSFM,related to,PlayStation 5
B07BZ7QSFM,related to,PlayStation 4
B07BZ7QSFM,related to,PlayStation Vita
B07BZ7QSFM,related to,PlayStation Games
B07BZ7QSFM,related to,PlayStation Controllers
B07BZ7QSFM,related to,Nintendo Controllers
B0746PN4PZ,related to,Controllers
B0746PN4PZ,related to,Xbox Controllers
B0746PN4PZ,related to,Nintendo Controllers
B0BNWFJZ6W,related to,Controllers
B0BNWFJZ6W,related to,Xbox Controllers
B0BNWFJZ6W,related to,PlayStation Controllers
B0BNWFJZ6W,related to,Nintendo Controllers
B09G88GNDS,related to,Storage Cases
B09G88GNDS,related to,Xbox
B09G88GNDS,related to,PlayStation
B09G88GNDS,related to,Nintendo
B09G88GNDS,related to,Nintendo Switch
B09G88GNDS,related to,Gaming Peripherals
B09G88GNDS,related to,Gaming Accessories
B09G88GNDS,related to,Games
B09G88GNDS,related to,Nintendo 3DS
B09G88GNDS,related to,Xbox One
B09G88GNDS,related to,PlayStation 5
B09G88GNDS,related to,PlayStation 4
B09G88GNDS,related to,PC Games
B09G88GNDS,related to,Xbox Games
B09G88GNDS,related to,PlayStation Games
B09G88GNDS,related to,Nintendo Games
B09G88GNDS,related to,Nintendo Controllers
B000035Y17,related to,Nintendo
B000035Y17,related to,Nintendo Switch
B000035Y17,related to,PlayStation Vita
B000035Y17,related to,PlayStation Games
B000035Y17,related to,Nintendo Games
B000035Y17,related to,Nintendo Controllers
B003N18O4M,related to,Games
B003N18O4M,related to,PC Games
B00003CWH7,related to,Controllers
B00003CWH7,related to,Nintendo
B00003CWH7,related to,Nintendo Switch
B00003CWH7,related to,Xbox Controllers
B00003CWH7,related to,PlayStation Controllers
B00003CWH7,related to,Nintendo Controllers
B00003CWH7,related to,Nintendo 3DS
B00003CWH7,related to,Nintendo Games
B00B7NLV6Q,related to,Gaming Accessories
B00B7NLV6Q,related to,Games
B00B7NLV6Q,related to,Nintendo
B00B7NLV6Q,related to,Nintendo Switch
B00B7NLV6Q,related to,PC Games
B00B7NLV6Q,related to,Xbox Games
B00B7NLV6Q,related to,PlayStation Games
B00B7NLV6Q,related to,Nintendo Games
B00B7NLV6Q,related to,Nintendo 3DS
B00B7NLV6Q,related to,Nintendo Controllers
B001EYUSR6,related to,PlayStation
B001EYUSR6,related to,Nintendo
B001EYUSR6,related to,Gaming Accessories
B001EYUSR6,related to,Games
B001EYUSR6,related to,PlayStation 5
B001EYUSR6,related to,PlayStation 4
B001EYUSR6,related to,PC Games
B001EYUSR6,related to,Xbox Games
B001EYUSR6,related to,PlayStation Games
B001EYUSR6,related to,Nintendo Games
B087DT2XXB,related to,Gaming Peripherals
B087DT2XXB,related to,Gaming Accessories
B087DT2XXB,related to,Games
B087DT2XXB,related to,PC Games
B087DT2XXB,related to,Xbox Games
B087DT2XXB,related to,PlayStation Games
B087DT2XXB,related to,Nintendo Games
B087DT2XXB,related to,Gaming Headsets
B09MBQ889C,related to,Headsets
B09MBQ889C,related to,VR Headsets
B09MBQ889C,related to,Gaming Peripherals
B09MBQ889C,related to,Gaming Accessories
B09MBQ889C,related to,Gaming Headsets
B00005RCQY,related to,Nintendo
B00005RCQY,related to,Games
B00005RCQY,related to,PlayStation
B00005RCQY,related to,PC Games
B00005RCQY,related to,Xbox Games
B00005RCQY,related to,PlayStation Games
B00005RCQY,related to,Nintendo Games
B00005RCQY,related to,PlayStation 5
B00005RCQY,related to,PlayStation 4
B00005RCQY,related to,PlayStation Vita
B00005RCQY,related to,PlayStation Controllers
B08C7F68XH,related to,Nintendo Switch
B08C7F68XH,related to,Gaming Peripherals
B08C7F68XH,related to,Gaming Accessories
B08C7F68XH,related to,Games
B08C7F68XH,related to,Controllers
B08C7F68XH,related to,Nintendo
B08C7F68XH,related to,Nintendo Switch Lite
B08C7F68XH,related to,Switch Cases
B08C7F68XH,related to,PC Games
B08C7F68XH,related to,Xbox Games
B08C7F68XH,related to,PlayStation Games
B08C7F68XH,related to,Nintendo Games
B08C7F68XH,related to,Gaming Headsets
B08C7F68XH,related to,Nintendo Controllers
B08C7F68XH,related to,Nintendo 3DS
B0001CNRR0,related to,Nintendo
B0001CNRR0,related to,Games
B0001CNRR0,related to,Nintendo Games
B0001CNRR0,related to,Nintendo 3DS
B001EYUQKK,related to,Controllers
B001EYUQKK,related to,Xbox Controllers
B001EYUQKK,related to,PlayStation Controllers
B001EYUQKK,related to,Nintendo Controllers
B07XNYNTWT,related to,Gaming Peripherals
B07XNYNTWT,related to,Gaming Accessories
B07XNYNTWT,related to,Games
B07XNYNTWT,related to,Nintendo Switch
B07XNYNTWT,related to,Controllers
B07XNYNTWT,related to,Nintendo
B07XNYNTWT,related to,PC Games
B07XNYNTWT,related to,Xbox Games
B07XNYNTWT,related to,PlayStation Games
B07XNYNTWT,related to,Nintendo Games
B07XNYNTWT,related to,Gaming Headsets
B07XNYNTWT,related to,Xbox Controllers
B07XNYNTWT,related to,PlayStation Controllers
B07XNYNTWT,related to,Nintendo Controllers
B07XNYNTWT,related to,Nintendo 3DS
B06WGVD4RN,related to,Xbox
B06WGVD4RN,related to,Games
B06WGVD4RN,related to,Xbox Series X
B06WGVD4RN,related to,Xbox Series S
B06WGVD4RN,related to,Xbox One
B06WGVD4RN,related to,Xbox Games
B06WGVD4RN,related to,Xbox Controllers
B06WGVD4RN,related to,Nintendo Games
B001EYUQ1O,related to,PlayStation
B001EYUQ1O,related to,Games
B001EYUQ1O,related to,PlayStation 5
B001EYUQ1O,related to,PlayStation 4
B001EYUQ1O,related to,PlayStation Vita
B001EYUQ1O,related to,PlayStation Games
B001EYUQ1O,related to,PlayStation Controllers
B001EYUQ1O,related to,PC Games
B001EYUQ1O,related to,Xbox Games
B001COTC3E,related to,PlayStation
B001COTC3E,related to,PlayStation 5
B001COTC3E,related to,PlayStation 4
B001COTC3E,related to,PlayStation Vita
B001COTC3E,related to,PlayStation Games
B001COTC3E,related to,PlayStation Controllers
B07STXJS9G,related to,PlayStation
B07STXJS9G,related to,Nintendo
B07STXJS9G,related to,Nintendo Switch
B07STXJS9G,related to,Games
B07STXJS9G,related to,PlayStation 5
B07STXJS9G,related to,PlayStation 4
B07STXJS9G,related to,Nintendo 3DS
B07STXJS9G,related to,PC Games
B07STXJS9G,related to,Xbox Games
B07STXJS9G,related to,PlayStation Games
B07STXJS9G,related to,Nintendo Games
B07STXJS9G,related to,PlayStation Controllers
B07STXJS9G,related to,Nintendo Controllers
B075FBPT3W,related to,Nintendo Switch
B075FBPT3W,related to,Controllers
B075FBPT3W,related to,Nintendo Switch Lite
B075FBPT3W,related to,Switch Cases
B075FBPT3W,related to,Xbox Controllers
B075FBPT3W,related to,PlayStation Controllers
B075FBPT3W,related to,Nintendo Controllers
B00GYI3CMU,related to,Games
B00GYI3CMU,related to,PC Games
B001UQ704C,related to,Xbox
B001UQ704C,related to,PlayStation
B001UQ704C,related to,Gaming Accessories
B001UQ704C,related to,Xbox One
B001UQ704C,related to,PlayStation 5
B001UQ704C,related to,PlayStation 4
B001UQ704C,related to,PlayStation Vita
B001UQ704C,related to,PlayStation Games
B001UQ704C,related to,PlayStation Controllers
B01FZ884E0,related to,Headsets
B01FZ884E0,related to,VR Headsets
B01FZ884E0,related to,Hardware
B01FZ884E0,related to,Xbox
B01FZ884E0,related to,PlayStation
B01FZ884E0,related to,Nintendo
B01FZ884E0,related to,Gaming Peripherals
B01FZ884E0,related to,Gaming Accessories
B01FZ884E0,related to,Games
B01FZ884E0,related to,Gaming Headsets
B01FZ884E0,related to,Xbox Series S
B01FZ884E0,related to,Xbox One
B01FZ884E0,related to,PlayStation 5
B01FZ884E0,related to,PlayStation 4
B01FZ884E0,related to,PlayStation Vita
B01FZ884E0,related to,PC Games
B01FZ884E0,related to,Xbox Games
B01FZ884E0,related to,PlayStation Games
B01FZ884E0,related to,Nintendo Games
B01FZ884E0,related to,Xbox Controllers
B01FZ884E0,related to,PlayStation Controllers
B01FZ884E0,related to,Nintendo Controllers
B00005Q8M4,related to,Games
B00005Q8M4,related to,PC Games
B00005Q8M4,related to,Xbox Games
B00005Q8M4,related to,Nintendo Games
B08VFQCYJK,related to,Controllers
B08VFQCYJK,related to,Xbox
B08VFQCYJK,related to,Nintendo
B08VFQCYJK,related to,Nintendo Switch
B08VFQCYJK,related to,Nintendo Controllers
B08VFQCYJK,related to,PlayStation 5
B08VFQCYJK,related to,Nintendo 3DS
B08VFQCYJK,related to,Xbox Games
B08VFQCYJK,related to,Nintendo Games
B00LSJ6T16,related to,Nintendo
B00LSJ6T16,related to,Games
B00LSJ6T16,related to,Xbox
B00LSJ6T16,related to,PlayStation
B00LSJ6T16,related to,Gaming Accessories
B00LSJ6T16,related to,PC Games
B00LSJ6T16,related to,Xbox Games
B00LSJ6T16,related to,PlayStation Games
B00LSJ6T16,related to,Nintendo Games
B00LSJ6T16,related to,Xbox Series S
B00LSJ6T16,related to,Xbox One
B00LSJ6T16,related to,PlayStation 5
B00LSJ6T16,related to,PlayStation 4
B00LSJ6T16,related to,PlayStation Vita
B00LSJ6T16,related to,PlayStation Controllers
B0062UOD8M,related to,Hardware
B0062UOD8M,related to,Xbox
B0062UOD8M,related to,PlayStation
B0062UOD8M,related to,Nintendo
B0062UOD8M,related to,Nintendo Switch
B0062UOD8M,related to,Gaming Peripherals
B0062UOD8M,related to,Gaming Accessories
B0062UOD8M,related to,Games
B0062UOD8M,related to,Xbox Series X
B0062UOD8M,related to,Xbox Series S
B0062UOD8M,related to,Xbox One
B0062UOD8M,related to,PlayStation 5
B0062UOD8M,related to,PlayStation 4
B0062UOD8M,related to,PlayStation Vita
B0062UOD8M,related to,PC Games
B0062UOD8M,related to,Xbox Games
B0062UOD8M,related to,PlayStation Games
B0062UOD8M,related to,Nintendo Games
B0062UOD8M,related to,Xbox Controllers
B0062UOD8M,related to,PlayStation Controllers
B0062UOD8M,related to,Nintendo Controllers
B0000ACP8V,related to,PlayStation
B0000ACP8V,related to,Nintendo
B0000ACP8V,related to,Nintendo Switch
B0000ACP8V,related to,Games
B0000ACP8V,related to,PlayStation 5
B0000ACP8V,related to,PlayStation 4
B0000ACP8V,related to,Nintendo 3DS
B0000ACP8V,related to,PlayStation Games
B0000ACP8V,related to,Nintendo Games
B0000ACP8V,related to,PC Games
B0000ACP8V,related to,Xbox Games
B07V4PDX6L,related to,Nintendo
B07V4PDX6L,related to,Nintendo Switch
B07V4PDX6L,related to,Nintendo 3DS
B07V4PDX6L,related to,Nintendo Games
B07V4PDX6L,related to,Nintendo Controllers
B00MIIIDKG,related to,Controllers
B00MIIIDKG,related to,Xbox
B00MIIIDKG,related to,PlayStation
B00MIIIDKG,related to,Nintendo
B00MIIIDKG,related to,Gaming Accessories
B00MIIIDKG,related to,Games
B00MIIIDKG,related to,PlayStation Vita
B00MIIIDKG,related to,Xbox Controllers
B00MIIIDKG,related to,PlayStation Controllers
B00MIIIDKG,related to,Nintendo Controllers
B00MIIIDKG,related to,Xbox Series S
B00MIIIDKG,related to,Xbox One
B00MIIIDKG,related to,PlayStation 5
B00MIIIDKG,related to,PlayStation 4
B00MIIIDKG,related to,PC Games
B00MIIIDKG,related to,Xbox Games
B00MIIIDKG,related to,PlayStation Games
B00MIIIDKG,related to,Nintendo Games
B01GUCFN08,related to,Headsets
B01GUCFN08,related to,VR Headsets
B01GUCFN08,related to,Xbox
B01GUCFN08,related to,PlayStation
B01GUCFN08,related to,Nintendo
B01GUCFN08,related to,Gaming Peripherals
B01GUCFN08,related to,Gaming Accessories
B01GUCFN08,related to,Games
B01GUCFN08,related to,Gaming Headsets
B01GUCFN08,related to,Xbox One
B01GUCFN08,related to,PlayStation 5
B01GUCFN08,related to,PlayStation 4
B01GUCFN08,related to,PC Games
B01GUCFN08,related to,Xbox Games
B01GUCFN08,related to,PlayStation Games
B01GUCFN08,related to,Nintendo Games
B07NC5C5L7,related to,Nintendo
B07NC5C5L7,related to,Nintendo Switch
B07NC5C5L7,related to,Nintendo 3DS
B07NC5C5L7,related to,Xbox Games
B07NC5C5L7,related to,Nintendo Games
B07NC5C5L7,related to,Nintendo Controllers
B00BAWXD7E,related to,PlayStation
B00BAWXD7E,related to,Nintendo
B00BAWXD7E,related to,Games
B00BAWXD7E,related to,Xbox One
B00BAWXD7E,related to,PlayStation 5
B00BAWXD7E,related to,PlayStation 4
B00BAWXD7E,related to,PlayStation Vita
B00BAWXD7E,related to,PlayStation Games
B00BAWXD7E,related to,PlayStation Controllers
B00BAWXD7E,related to,PC Games
B00BAWXD7E,related to,Xbox Games
B00BAWXD7E,related to,Nintendo Games
B000ENW5UG,related to,Gaming Peripherals
B000ENW5UG,related to,Gaming Accessories
B000ENW5UG,related to,Xbox
B000ENW5UG,related to,PlayStation
B000ENW5UG,related to,PC Games
B000ENW5UG,related to,PlayStation Games
B000ENW5UG,related to,Xbox Series S
B000ENW5UG,related to,Xbox One
B000ENW5UG,related to,PlayStation 5
B000ENW5UG,related to,PlayStation 4
B000ENW5UG,related to,PlayStation Vita
B000ENW5UG,related to,Xbox Games
B000ENW5UG,related to,PlayStation Controllers
B001ELJPT6,related to,Games
B001ELJPT6,related to,PC Games
B001ELJPT6,related to,Xbox Games
B001ELJPT6,related to,PlayStation Games
B001ELJPT6,related to,Nintendo Games
B001ENPDJA,related to,Gaming Peripherals
B001ENPDJA,related to,Gaming Accessories
B001ENPDJA,related to,Games
B001ENPDJA,related to,PlayStation
B001ENPDJA,related to,PC Games
B001ENPDJA,related to,Xbox Games
B001ENPDJA,related to,PlayStation Games
B001ENPDJA,related to,Gaming Headsets
B001ENPDJA,related to,PlayStation 5
B005VBVRGY,related to,Controllers
B005VBVRGY,related to,Xbox
B005VBVRGY,related to,Xbox Controllers
B005VBVRGY,related to,PlayStation Controllers
B005VBVRGY,related to,Nintendo Controllers
B005VBVRGY,related to,Xbox Series X
B005VBVRGY,related to,Xbox Series S
B005VBVRGY,related to,Xbox One
B005VBVRGY,related to,PlayStation 5
B005VBVRGY,related to,PlayStation 4
B005VBVRGY,related to,Xbox Games
B00002STX6,related to,Nintendo
B00002STX6,related to,Nintendo Switch
B00002STX6,related to,Nintendo 3DS
B00002STX6,related to,Nintendo Games
B00002STX6,related to,Nintendo Controllers
B07982R9BZ,related to,PlayStation
B07982R9BZ,related to,Controllers
B07982R9BZ,related to,PlayStation 5
B07982R9BZ,related to,PlayStation 4
B07982R9BZ,related to,PlayStation Vita
B07982R9BZ,related to,PlayStation Games
B07982R9BZ,related to,Xbox Controllers
B07982R9BZ,related to,PlayStation Controllers
B07982R9BZ,related to,Nintendo Controllers
B075RN1Y66,related to,Hardware
B075RN1Y66,related to,Gaming Accessories
B075RN1Y66,related to,Games
B075RN1Y66,related to,PC Games
B075RN1Y66,related to,Xbox Games
B075RN1Y66,related to,PlayStation Games
B083ZGHMMT,related to,Nintendo Switch
B083ZGHMMT,related to,Hardware
B083ZGHMMT,related to,Xbox
B083ZGHMMT,related to,PlayStation
B083ZGHMMT,related to,Nintendo
B083ZGHMMT,related to,Gaming Accessories
B083ZGHMMT,related to,Games
B083ZGHMMT,related to,Nintendo Switch Lite
B083ZGHMMT,related to,Switch Cases
B083ZGHMMT,related to,Xbox One
B083ZGHMMT,related to,PlayStation 5
B083ZGHMMT,related to,PlayStation 4
B083ZGHMMT,related to,Nintendo 3DS
B083ZGHMMT,related to,PC Games
B083ZGHMMT,related to,Xbox Games
B083ZGHMMT,related to,PlayStation Games
B083ZGHMMT,related to,Nintendo Games
B083ZGHMMT,related to,Nintendo Controllers
B07CZZXH65,related to,Gaming Peripherals
B07CZZXH65,related to,Gaming Accessories
B07CZZXH65,related to,Games
B07CZZXH65,related to,Controllers
B07CZZXH65,related to,Xbox
B07CZZXH65,related to,PC Games
B07CZZXH65,related to,Xbox Games
B07CZZXH65,related to,PlayStation Games
B07CZZXH65,related to,Nintendo Games
B07CZZXH65,related to,Gaming Headsets
B07CZZXH65,related to,Xbox Controllers
B07CZZXH65,related to,Xbox Series X
B07CZZXH65,related to,Xbox Series S
B07CZZXH65,related to,Xbox One
B08DKPXR2Y,related to,Controllers
B08DKPXR2Y,related to,Xbox
B08DKPXR2Y,related to,PlayStation
B08DKPXR2Y,related to,Gaming Peripherals
B08DKPXR2Y,related to,Gaming Accessories
B08DKPXR2Y,related to,Xbox Series X
B08DKPXR2Y,related to,Xbox Series S
B08DKPXR2Y,related to,Xbox One
B08DKPXR2Y,related to,PlayStation 5
B08DKPXR2Y,related to,PlayStation 4
B08DKPXR2Y,related to,PC Games
B08DKPXR2Y,related to,Xbox Games
B08DKPXR2Y,related to,PlayStation Games
B08DKPXR2Y,related to,Xbox Controllers
B003TQM4D8,related to,Xbox
B003TQM4D8,related to,PlayStation
B003TQM4D8,related to,Games
B003TQM4D8,related to,Xbox One
B003TQM4D8,related to,PlayStation 5
B003TQM4D8,related to,PlayStation 4
B003TQM4D8,related to,PlayStation Vita
B003TQM4D8,related to,PC Games
B003TQM4D8,related to,Xbox Games
B003TQM4D8,related to,PlayStation Games
B003TQM4D8,related to,Nintendo Games
B07L8VNJ91,related to,Headsets
B07L8VNJ91,related to,VR Headsets
B07L8VNJ91,related to,Gaming Peripherals
B07L8VNJ91,related to,Gaming Accessories
B07L8VNJ91,related to,Games
B07L8VNJ91,related to,Xbox
B07L8VNJ91,related to,PlayStation
B07L8VNJ91,related to,Nintendo
B07L8VNJ91,related to,Gaming Headsets
B07L8VNJ91,related to,PC Games
B07L8VNJ91,related to,Xbox Games
B07L8VNJ91,related to,PlayStation Games
B07L8VNJ91,related to,Nintendo Games
B07L8VNJ91,related to,Xbox Series X
B07L8VNJ91,related to,Xbox Series S
B07L8VNJ91,related to,Xbox One
B07L8VNJ91,related to,Xbox Controllers
B086M4DQ7R,related to,Headsets
B086M4DQ7R,related to,VR Headsets
B086M4DQ7R,related to,Gaming Peripherals
B086M4DQ7R,related to,Gaming Accessories
B086M4DQ7R,related to,Games
B086M4DQ7R,related to,Gaming Headsets
B086M4DQ7R,related to,PC Games
B086M4DQ7R,related to,Xbox Games
B086M4DQ7R,related to,PlayStation Games
B086M4DQ7R,related to,Nintendo Games
B000EPP6UA,related to,Xbox
B000EPP6UA,related to,PlayStation
B000EPP6UA,related to,Nintendo
B000EPP6UA,related to,Games
B000EPP6UA,related to,Xbox One
B000EPP6UA,related to,PlayStation 5
B000EPP6UA,related to,PlayStation 4
B000EPP6UA,related to,PlayStation Vita
B000EPP6UA,related to,PC Games
B000EPP6UA,related to,Xbox Games
B000EPP6UA,related to,PlayStation Games
B000EPP6UA,related to,Nintendo Games
B008J35KS2,related to,Xbox
B008J35KS2,related to,PlayStation
B008J35KS2,related to,Games
B008J35KS2,related to,Xbox One
B008J35KS2,related to,PlayStation 5
B008J35KS2,related to,PlayStation 4
B008J35KS2,related to,PlayStation Vita
B008J35KS2,related to,PC Games
B008J35KS2,related to,Xbox Games
B008J35KS2,related to,PlayStation Games
B008J35KS2,related to,Nintendo Games
B008J35KS2,related to,Xbox Series X
B008J35KS2,related to,Xbox Series S
B008J35KS2,related to,Xbox Controllers
B000069675,related to,Nintendo
B000069675,related to,Nintendo Switch
B000069675,related to,Gaming Accessories
B000069675,related to,Nintendo 3DS
B000069675,related to,Xbox Games
B000069675,related to,PlayStation Games
B000069675,related to,Nintendo Games
B000069675,related to,Nintendo Controllers
B00DQNEZVI,related to,PlayStation
B00DQNEZVI,related to,Nintendo
B00DQNEZVI,related to,Nintendo Switch
B00DQNEZVI,related to,Games
B00DQNEZVI,related to,PlayStation 5
B00DQNEZVI,related to,PlayStation 4
B00DQNEZVI,related to,Nintendo 3DS
B00DQNEZVI,related to,Xbox Games
B00DQNEZVI,related to,PlayStation Games
B00DQNEZVI,related to,Nintendo Games
B00DQNEZVI,related to,PlayStation Controllers
B00DQNEZVI,related to,Nintendo Controllers
B00DQNEZVI,related to,PC Games
B01MA5DJHO,related to,Xbox
B01MA5DJHO,related to,PlayStation
B01MA5DJHO,related to,Gaming Peripherals
B01MA5DJHO,related to,Controllers
B01MA5DJHO,related to,Xbox One
B01MA5DJHO,related to,PlayStation 5
B01MA5DJHO,related to,PlayStation 4
B01MA5DJHO,related to,PlayStation Vita
B01MA5DJHO,related to,PlayStation Games
B01MA5DJHO,related to,PlayStation Controllers
B01MA5DJHO,related to,Xbox Controllers
B01MA5DJHO,related to,Nintendo Controllers
B00CMQTVUA,related to,Games
B00CMQTVUA,related to,PC Games
B00CMQTVUA,related to,Xbox Games
B00CMQTVUA,related to,PlayStation Games
B00CMQTVUA,related to,Nintendo Games
B08H1SYGWV,related to,Xbox
B08H1SYGWV,related to,Gaming Peripherals
B08H1SYGWV,related to,Gaming Accessories
B08H1SYGWV,related to,Controllers
B08H1SYGWV,related to,Xbox Series X
B08H1SYGWV,related to,Xbox Series S
B08H1SYGWV,related to,Xbox One
B08H1SYGWV,related to,Xbox Games
B08H1SYGWV,related to,Xbox Controllers
B08H1SYGWV,related to,PlayStation Controllers
B08H1SYGWV,related to,Nintendo Controllers
B08ZHWF143,related to,Nintendo
B08ZHWF143,related to,Nintendo Switch
B08ZHWF143,related to,Nintendo 3DS
B08ZHWF143,related to,Nintendo Games
B08ZHWF143,related to,Nintendo Controllers
B08ZHWF143,related to,Nintendo Switch Lite
B08ZHWF143,related to,Switch Cases
B00002SVN7,related to,Gaming Accessories
B00002SVN7,related to,Games
B00002SVN7,related to,Nintendo
B00002SVN7,related to,Nintendo Switch
B00002SVN7,related to,PC Games
B00002SVN7,related to,Xbox Games
B00002SVN7,related to,PlayStation Games
B00002SVN7,related to,Nintendo Games
B007QVG3LG,related to,Games
B007QVG3LG,related to,Xbox Series S
B007QVG3LG,related to,Nintendo 3DS
B007QVG3LG,related to,PC Games
B007QVG3LG,related to,Xbox Games
B007QVG3LG,related to,Nintendo Games
B007QVG3LG,related to,PlayStation Games
B072V478NR,related to,Hardware
B072V478NR,related to,Xbox
B072V478NR,related to,PlayStation
B072V478NR,related to,Nintendo
B072V478NR,related to,Nintendo Switch
B072V478NR,related to,Gaming Accessories
B072V478NR,related to,Games
B072V478NR,related to,Storage Cases
B072V478NR,related to,Xbox One
B072V478NR,related to,PlayStation 5
B072V478NR,related to,PlayStation 4
B072V478NR,related to,Nintendo Switch Lite
B072V478NR,related to,Nintendo 3DS
B072V478NR,related to,PC Games
B072V478NR,related to,Xbox Games
B072V478NR,related to,PlayStation Games
B072V478NR,related to,Nintendo Games
B072V478NR,related to,Nintendo Controllers
B072V478NR,related to,Switch Cases
B000FQ9YB0,related to,Games
B000FQ9YB0,related to,Nintendo
B000FQ9YB0,related to,Nintendo Switch
B000FQ9YB0,related to,PC Games
B000FQ9YB0,related to,Nintendo Games
B000FQ9YB0,related to,Xbox Controllers
B000FQ9YB0,related to,PlayStation Controllers
B000FQ9YB0,related to,Nintendo Controllers
B07V1NV26G,related to,Games
B07V1NV26G,related to,PlayStation
B07V1NV26G,related to,PC Games
B07V1NV26G,related to,PlayStation Games
B07V1NV26G,related to,PlayStation 5
B07V1NV26G,related to,PlayStation 4
B07V1NV26G,related to,PlayStation Vita
B07V1NV26G,related to,PlayStation Controllers
B00004U8KL,related to,Xbox
B00004U8KL,related to,PlayStation
B00004U8KL,related to,Gaming Accessories
B00004U8KL,related to,Games
B00004U8KL,related to,Nintendo
B00004U8KL,related to,Xbox One
B00004U8KL,related to,PlayStation 5
B00004U8KL,related to,PlayStation 4
B00004U8KL,related to,PlayStation Vita
B00004U8KL,related to,PC Games
B00004U8KL,related to,Xbox Games
B00004U8KL,related to,PlayStation Games
B00004U8KL,related to,PlayStation Controllers
B00004U8KL,related to,Xbox Series S
B00004U8KL,related to,Nintendo Games
B000GA966I,related to,Xbox
B000GA966I,related to,PlayStation
B000GA966I,related to,Nintendo
B000GA966I,related to,Gaming Accessories
B000GA966I,related to,Games
B000GA966I,related to,Xbox Series S
B000GA966I,related to,Xbox One
B000GA966I,related to,PlayStation 5
B000GA966I,related to,PlayStation 4
B000GA966I,related to,PlayStation Vita
B000GA966I,related to,PC Games
B000GA966I,related to,Xbox Games
B000GA966I,related to,PlayStation Games
B000GA966I,related to,Nintendo Games
B000GA966I,related to,PlayStation Controllers
B009JBFF9C,related to,Gaming Accessories
B009JBFF9C,related to,Games
B009JBFF9C,related to,PC Games
B009JBFF9C,related to,Xbox Games
B009JBFF9C,related to,PlayStation Games
B009JBFF9C,related to,Nintendo Games
B002JTX7IM,related to,Nintendo
B002JTX7IM,related to,Nintendo Games
B002JTX7IM,related to,Xbox Controllers
B002JTX7IM,related to,PlayStation Controllers
B002JTX7IM,related to,Nintendo Controllers
B0184N5RBG,related to,Controllers
B0184N5RBG,related to,PlayStation
B0184N5RBG,related to,Xbox Controllers
B0184N5RBG,related to,PlayStation Controllers
B0184N5RBG,related to,Nintendo Controllers
B0184N5RBG,related to,PlayStation 5
B0184N5RBG,related to,PlayStation 4
B0184N5RBG,related to,PlayStation Vita
B0184N5RBG,related to,PlayStation Games
B007XUQXL0,related to,Gaming Accessories
B007XUQXL0,related to,Games
B007XUQXL0,related to,PC Games
B007XUQXL0,related to,Xbox Games
B007XUQXL0,related to,PlayStation Games
B007XUQXL0,related to,Nintendo Games
B003DNSR3S,related to,Xbox
B003DNSR3S,related to,PlayStation
B003DNSR3S,related to,Nintendo
B003DNSR3S,related to,Games
B003DNSR3S,related to,Gaming Accessories
B003DNSR3S,related to,Xbox Series X
B003DNSR3S,related to,Xbox Series S
B003DNSR3S,related to,Xbox One
B003DNSR3S,related to,PlayStation 5
B003DNSR3S,related to,PlayStation 4
B003DNSR3S,related to,PC Games
B003DNSR3S,related to,Xbox Games
B003DNSR3S,related to,PlayStation Games
B003DNSR3S,related to,Nintendo Games
B072289M2R,related to,Games
B072289M2R,related to,Xbox
B072289M2R,related to,PC Games
B072289M2R,related to,PlayStation Games
B072289M2R,related to,Nintendo Games
B072289M2R,related to,Xbox Series X
B072289M2R,related to,Xbox Series S
B072289M2R,related to,Xbox One
B072289M2R,related to,Xbox Games
B072289M2R,related to,Xbox Controllers
B00AZGC3VI,related to,Games
B00AZGC3VI,related to,Nintendo Games
B00FPQPXU6,related to,Games
B00FPQPXU6,related to,PC Games
B00FPQPXU6,related to,Xbox Games
B00FPQPXU6,related to,Nintendo Games
B09TH538GG,related to,Storage Cases
B09TH538GG,related to,Nintendo Switch
B09TH538GG,related to,Nintendo
B09TH538GG,related to,Switch Cases
B09TH538GG,related to,Nintendo Switch Lite
B09TH538GG,related to,Nintendo 3DS
B09TH538GG,related to,Nintendo Games
B09TH538GG,related to,Nintendo Controllers
B0741BZ466,related to,Storage Cases
B0741BZ466,related to,Hardware
B0741BZ466,related to,Xbox
B0741BZ466,related to,PlayStation
B0741BZ466,related to,Nintendo
B0741BZ466,related to,Nintendo Switch
B0741BZ466,related to,Gaming Accessories
B0741BZ466,related to,Games
B0741BZ466,related to,Nintendo 3DS
B0741BZ466,related to,Xbox One
B0741BZ466,related to,PlayStation 5
B0741BZ466,related to,PlayStation 4
B0741BZ466,related to,Nintendo Switch Lite
B0741BZ466,related to,PC Games
B0741BZ466,related to,Xbox Games
B0741BZ466,related to,PlayStation Games
B0741BZ466,related to,Nintendo Games
B0741BZ466,related to,Nintendo Controllers
B07KRWJCQW,related to,Gaming Peripherals
B07KRWJCQW,related to,Gaming Accessories
B07KRWJCQW,related to,Games
B07KRWJCQW,related to,Xbox
B07KRWJCQW,related to,PC Games
B07KRWJCQW,related to,Xbox Games
B07KRWJCQW,related to,PlayStation Games
B07KRWJCQW,related to,Nintendo Games
B07KRWJCQW,related to,Gaming Headsets
B07KRWJCQW,related to,Xbox Series X
B07KRWJCQW,related to,Xbox Series S
B07KRWJCQW,related to,Xbox One
B07KRWJCQW,related to,PlayStation 5
B07KRWJCQW,related to,PlayStation 4
B0929JM6ZS,related to,Gaming Peripherals
B0929JM6ZS,related to,Gaming Accessories
B0929JM6ZS,related to,Games
B0929JM6ZS,related to,Controllers
B0929JM6ZS,related to,Xbox
B0929JM6ZS,related to,PC Games
B0929JM6ZS,related to,Xbox Games
B0929JM6ZS,related to,PlayStation Games
B0929JM6ZS,related to,Nintendo Games
B0929JM6ZS,related to,Gaming Headsets
B0929JM6ZS,related to,Xbox Controllers
B0929JM6ZS,related to,PlayStation Controllers
B0929JM6ZS,related to,Nintendo Controllers
B0929JM6ZS,related to,Xbox Series X
B0929JM6ZS,related to,Xbox One
B088PN83MZ,related to,PlayStation
B088PN83MZ,related to,Gaming Accessories
B088PN83MZ,related to,PlayStation 5
B088PN83MZ,related to,PlayStation 4
B088PN83MZ,related to,PlayStation Vita
B088PN83MZ,related to,PlayStation Games
B088PN83MZ,related to,PlayStation Controllers
B000B8K7RC,related to,Games
B000B8K7RC,related to,PC Games
B000B8K7RC,related to,Xbox Games
B06XYP9LNF,related to,Hardware
B06XYP9LNF,related to,Gaming Peripherals
B06XYP9LNF,related to,Nintendo
B06XYP9LNF,related to,Nintendo Switch
B06XYP9LNF,related to,Gaming Accessories
B06XYP9LNF,related to,Nintendo 3DS
B06XYP9LNF,related to,Nintendo Games
B06XYP9LNF,related to,Nintendo Controllers
B0029F25FW,related to,Games
B0029F25FW,related to,PC Games
B00YQM1PNY,related to,Xbox
B00YQM1PNY,related to,PlayStation
B00YQM1PNY,related to,Xbox Series S
B00YQM1PNY,related to,PlayStation 5
B00YQM1PNY,related to,PlayStation 4
B00YQM1PNY,related to,PlayStation Games
B00YQM1PNY,related to,PlayStation Controllers
B000UQURWA,related to,Gaming Peripherals
B000UQURWA,related to,Gaming Accessories
B000UQURWA,related to,Games
B000UQURWA,related to,PC Games
B000UQURWA,related to,Xbox Games
B000UQURWA,related to,PlayStation Games
B000UQURWA,related to,Nintendo Games
B000X2BAOK,related to,Gaming Peripherals
B000X2BAOK,related to,Gaming Accessories
B000X2BAOK,related to,Hardware
B000X2BAOK,related to,PlayStation
B000X2BAOK,related to,PC Games
B000X2BAOK,related to,PlayStation Games
B000X2BAOK,related to,PlayStation 5
B000X2BAOK,related to,PlayStation 4
B000X2BAOK,related to,PlayStation Vita
B000X2BAOK,related to,PlayStation Controllers
B00BYD056G,related to,Hardware
B00BYD056G,related to,Xbox
B00BYD056G,related to,PlayStation
B00BYD056G,related to,Nintendo
B00BYD056G,related to,Gaming Peripherals
B00BYD056G,related to,Gaming Accessories
B00BYD056G,related to,Games
B00BYD056G,related to,Xbox One
B00BYD056G,related to,PlayStation 5
B00BYD056G,related to,PlayStation 4
B00BYD056G,related to,PC Games
B00BYD056G,related to,Xbox Games
B00BYD056G,related to,PlayStation Games
B00BYD056G,related to,Nintendo Games
B00BYD056G,related to,Gaming Headsets
B003R7JXOM,related to,Games
B003R7JXOM,related to,Nintendo
B003R7JXOM,related to,PC Games
B003R7JXOM,related to,Nintendo 3DS
B003R7JXOM,related to,Xbox Games
B003R7JXOM,related to,Nintendo Games
B003R7JXOM,related to,Nintendo Controllers
B07V4MYCLB,related to,Games
B07V4MYCLB,related to,Gaming Accessories
B07V4MYCLB,related to,PC Games
B07V4MYCLB,related to,PlayStation Games
B07DXGQ85B,related to,Xbox
B07DXGQ85B,related to,Xbox Series X
B07DXGQ85B,related to,Xbox One
B07DXGQ85B,related to,Xbox Games
B07DXGQ85B,related to,Xbox Controllers
B073SC6V1D,related to,Gaming Peripherals
B073SC6V1D,related to,Gaming Accessories
B073SC6V1D,related to,Games
B073SC6V1D,related to,PC Games
B073SC6V1D,related to,Xbox Games
B073SC6V1D,related to,PlayStation Games
B073SC6V1D,related to,Nintendo Games
B073SC6V1D,related to,Gaming Headsets
B00008I800,related to,Nintendo
B00008I800,related to,Games
B00008I800,related to,Nintendo Games
B00008I800,related to,PC Games
B00008I800,related to,Xbox Games
B00008I800,related to,PlayStation Games
B001EYUQ7S,related to,Xbox
B001EYUQ7S,related to,PlayStation
B001EYUQ7S,related to,Nintendo
B001EYUQ7S,related to,Gaming Accessories
B001EYUQ7S,related to,Games
B001EYUQ7S,related to,Xbox Series X
B001EYUQ7S,related to,Xbox Series S
B001EYUQ7S,related to,Xbox One
B001EYUQ7S,related to,PlayStation 5
B001EYUQ7S,related to,PlayStation 4
B001EYUQ7S,related to,PlayStation Vita
B001EYUQ7S,related to,PC Games
B001EYUQ7S,related to,Xbox Games
B001EYUQ7S,related to,PlayStation Games
B001EYUQ7S,related to,Nintendo Games
B001EYUQ7S,related to,Xbox Controllers
B000HI1I2E,related to,Storage Cases
B000HI1I2E,related to,Gaming Peripherals
B000HI1I2E,related to,Gaming Accessories
B000HI1I2E,related to,Switch Cases
B000HI1I2E,related to,PC Games
B000HI1I2E,related to,PlayStation Games
B07R4C1G6Z,related to,Nintendo
B07R4C1G6Z,related to,Games
B07R4C1G6Z,related to,PlayStation
B07R4C1G6Z,related to,PC Games
B07R4C1G6Z,related to,Xbox Games
B07R4C1G6Z,related to,PlayStation Games
B07R4C1G6Z,related to,Nintendo Games
B07R4C1G6Z,related to,PlayStation 5
B07R4C1G6Z,related to,PlayStation 4
B07R4C1G6Z,related to,PlayStation Vita
B07R4C1G6Z,related to,Xbox Controllers
B07R4C1G6Z,related to,PlayStation Controllers
B001EYUSBW,related to,PlayStation
B001EYUSBW,related to,Nintendo
B001EYUSBW,related to,Nintendo Switch
B001EYUSBW,related to,Gaming Accessories
B001EYUSBW,related to,Games
B001EYUSBW,related to,Xbox Series S
B001EYUSBW,related to,PlayStation 5
B001EYUSBW,related to,PlayStation 4
B001EYUSBW,related to,Nintendo 3DS
B001EYUSBW,related to,Xbox Games
B001EYUSBW,related to,PlayStation Games
B001EYUSBW,related to,Nintendo Games
B001EYUSBW,related to,Nintendo Controllers
B001EYUSBW,related to,PC Games
B095WDDH4N,related to,Xbox
B095WDDH4N,related to,Controllers
B095WDDH4N,related to,Xbox Series X
B095WDDH4N,related to,Xbox Series S
B095WDDH4N,related to,Xbox One
B095WDDH4N,related to,Xbox Games
B095WDDH4N,related to,Xbox Controllers
B095WDDH4N,related to,Nintendo Controllers
B0094MYU4M,related to,Headsets
B0094MYU4M,related to,VR Headsets
B0094MYU4M,related to,Gaming Headsets
B087LTD9ZJ,related to,Storage Cases
B087LTD9ZJ,related to,Hardware
B087LTD9ZJ,related to,Xbox
B087LTD9ZJ,related to,PlayStation
B087LTD9ZJ,related to,Nintendo
B087LTD9ZJ,related to,Nintendo Switch
B087LTD9ZJ,related to,Gaming Accessories
B087LTD9ZJ,related to,Games
B087LTD9ZJ,related to,Switch Cases
B087LTD9ZJ,related to,Xbox One
B087LTD9ZJ,related to,PlayStation 5
B087LTD9ZJ,related to,PlayStation 4
B087LTD9ZJ,related to,Nintendo Switch Lite
B087LTD9ZJ,related to,Nintendo 3DS
B087LTD9ZJ,related to,PC Games
B087LTD9ZJ,related to,Xbox Games
B087LTD9ZJ,related to,PlayStation Games
B087LTD9ZJ,related to,Nintendo Games
B087LTD9ZJ,related to,Nintendo Controllers
B00005YO7I,related to,Xbox
B00005YO7I,related to,PlayStation
B00005YO7I,related to,Nintendo
B00005YO7I,related to,Gaming Peripherals
B00005YO7I,related to,Gaming Accessories
B00005YO7I,related to,Games
B00005YO7I,related to,Xbox One
B00005YO7I,related to,PlayStation 5
B00005YO7I,related to,PlayStation 4
B00005YO7I,related to,PC Games
B00005YO7I,related to,Xbox Games
B00005YO7I,related to,PlayStation Games
B00005YO7I,related to,Nintendo Games
B075S5CYZR,related to,Games
B075S5CYZR,related to,PlayStation
B075S5CYZR,related to,PlayStation 5
B075S5CYZR,related to,PlayStation 4
B075S5CYZR,related to,PlayStation Vita
B075S5CYZR,related to,PlayStation Games
B075S5CYZR,related to,PlayStation Controllers
B00004SVOK,related to,Games
B00004SVOK,related to,Hardware
B00004SVOK,related to,Xbox
B00004SVOK,related to,PlayStation
B00004SVOK,related to,Nintendo
B00004SVOK,related to,Nintendo Switch
B00004SVOK,related to,Gaming Accessories
B00004SVOK,related to,Nintendo Games
B00004SVOK,related to,Xbox One
B00004SVOK,related to,PlayStation 5
B00004SVOK,related to,PlayStation 4
B00004SVOK,related to,Nintendo Switch Lite
B00004SVOK,related to,Nintendo 3DS
B00004SVOK,related to,PC Games
B00004SVOK,related to,Xbox Games
B00004SVOK,related to,PlayStation Games
B00004SVOK,related to,Nintendo Controllers
B004OYV80Y,related to,Nintendo
B004OYV80Y,related to,Nintendo Switch
B004OYV80Y,related to,Nintendo 3DS
B004OYV80Y,related to,Nintendo Games
B004OYV80Y,related to,Nintendo Controllers
B075JZ1G18,related to,PlayStation
B075JZ1G18,related to,Nintendo
B075JZ1G18,related to,Gaming Accessories
B075JZ1G18,related to,Games
B075JZ1G18,related to,PlayStation 5
B075JZ1G18,related to,PlayStation 4
B075JZ1G18,related to,PC Games
B075JZ1G18,related to,Xbox Games
B075JZ1G18,related to,PlayStation Games
B075JZ1G18,related to,Nintendo Games
B071JYPVHC,related to,PlayStation
B071JYPVHC,related to,Nintendo
B071JYPVHC,related to,Gaming Accessories
B071JYPVHC,related to,Games
B071JYPVHC,related to,PlayStation 5
B071JYPVHC,related to,PlayStation 4
B071JYPVHC,related to,PC Games
B071JYPVHC,related to,Xbox Games
B071JYPVHC,related to,PlayStation Games
B071JYPVHC,related to,Nintendo Games
B08G4RBHBN,related to,Nintendo Switch
B08G4RBHBN,related to,Nintendo
B08G4RBHBN,related to,Storage Cases
B08G4RBHBN,related to,Nintendo Switch Lite
B08G4RBHBN,related to,Switch Cases
B08G4RBHBN,related to,Nintendo 3DS
B08G4RBHBN,related to,Nintendo Games
B08G4RBHBN,related to,Nintendo Controllers
B001ELJE2O,related to,PlayStation
B001ELJE2O,related to,Nintendo
B001ELJE2O,related to,Gaming Accessories
B001ELJE2O,related to,Games
B001ELJE2O,related to,PlayStation 5
B001ELJE2O,related to,PlayStation 4
B001ELJE2O,related to,PC Games
B001ELJE2O,related to,Xbox Games
B001ELJE2O,related to,PlayStation Games
B001ELJE2O,related to,Nintendo Games
B00D6ARR8E,related to,Nintendo
B00D6ARR8E,related to,Gaming Peripherals
B00D6ARR8E,related to,Gaming Accessories
B00D6ARR8E,related to,Games
B00D6ARR8E,related to,PC Games
B00D6ARR8E,related to,Xbox Games
B00D6ARR8E,related to,PlayStation Games
B00D6ARR8E,related to,Nintendo Games
B001EYUWJK,related to,Games
B07P6T66XS,related to,Nintendo
B07P6T66XS,related to,Gaming Peripherals
B07P6T66XS,related to,Gaming Accessories
B07P6T66XS,related to,Games
B07P6T66XS,related to,PC Games
B07P6T66XS,related to,Xbox Games
B07P6T66XS,related to,PlayStation Games
B07P6T66XS,related to,Nintendo Games
B002ZJBVW0,related to,Xbox
B002ZJBVW0,related to,PlayStation
B002ZJBVW0,related to,Nintendo
B002ZJBVW0,related to,Nintendo Switch
B002ZJBVW0,related to,Gaming Peripherals
B002ZJBVW0,related to,Gaming Accessories
B002ZJBVW0,related to,Games
B002ZJBVW0,related to,Xbox One
B002ZJBVW0,related to,PlayStation 5
B002ZJBVW0,related to,PlayStation 4
B002ZJBVW0,related to,Nintendo 3DS
B002ZJBVW0,related to,PC Games
B002ZJBVW0,related to,Xbox Games
B002ZJBVW0,related to,PlayStation Games
B002ZJBVW0,related to,Nintendo Games
B002ZJBVW0,related to,Xbox Controllers
B002ZJBVW0,related to,PlayStation Controllers
B002ZJBVW0,related to,Nintendo Controllers
B004AM65D0,related to,PlayStation
B004AM65D0,related to,Nintendo
B004AM65D0,related to,Nintendo Switch
B004AM65D0,related to,Games
B004AM65D0,related to,PlayStation 5
B004AM65D0,related to,PlayStation 4
B004AM65D0,related to,Nintendo 3DS
B004AM65D0,related to,Xbox Games
B004AM65D0,related to,PlayStation Games
B004AM65D0,related to,Nintendo Games
B004AM65D0,related to,PlayStation Controllers
B004AM65D0,related to,Nintendo Controllers
B004AM65D0,related to,PC Games
B015ISUG0M,related to,Gaming Peripherals
B015ISUG0M,related to,Gaming Accessories
B015ISUG0M,related to,Games
B015ISUG0M,related to,PC Games
B015ISUG0M,related to,Xbox Games
B015ISUG0M,related to,PlayStation Games
B015ISUG0M,related to,Nintendo Games
B015ISUG0M,related to,Gaming Headsets
B08149Z4JV,related to,Nintendo
B08149Z4JV,related to,Nintendo Games
B0018RWMSW,related to,PlayStation
B0018RWMSW,related to,Nintendo
B0018RWMSW,related to,Nintendo Switch
B0018RWMSW,related to,Games
B0018RWMSW,related to,Xbox Series S
B0018RWMSW,related to,PlayStation 5
B0018RWMSW,related to,PlayStation 4
B0018RWMSW,related to,Nintendo 3DS
B0018RWMSW,related to,Xbox Games
B0018RWMSW,related to,PlayStation Games
B0018RWMSW,related to,Nintendo Games
B0018RWMSW,related to,Nintendo Controllers
B0018RWMSW,related to,PC Games
B07FLTG5LK,related to,Controllers
B07FLTG5LK,related to,Gaming Peripherals
B07FLTG5LK,related to,Gaming Accessories
B07FLTG5LK,related to,Games
B07FLTG5LK,related to,Xbox Controllers
B07FLTG5LK,related to,PlayStation Controllers
B07FLTG5LK,related to,Nintendo Controllers
B07FLTG5LK,related to,PC Games
B07FLTG5LK,related to,Xbox Games
B07FLTG5LK,related to,PlayStation Games
B07FLTG5LK,related to,Nintendo Games
B07FLTG5LK,related to,Gaming Headsets
B075QG8953,related to,Gaming Peripherals
B075QG8953,related to,Gaming Accessories
B075QG8953,related to,Games
B075QG8953,related to,Controllers
B075QG8953,related to,Hardware
B075QG8953,related to,Xbox
B075QG8953,related to,PlayStation
B075QG8953,related to,Nintendo
B075QG8953,related to,Nintendo Switch
B075QG8953,related to,PC Games
B075QG8953,related to,Xbox Games
B075QG8953,related to,PlayStation Games
B075QG8953,related to,Nintendo Games
B075QG8953,related to,Gaming Headsets
B075QG8953,related to,Xbox Controllers
B075QG8953,related to,PlayStation Controllers
B075QG8953,related to,Nintendo Controllers
B075QG8953,related to,Xbox One
B075QG8953,related to,PlayStation 5
B075QG8953,related to,PlayStation 4
B075QG8953,related to,Nintendo Switch Lite
B075QG8953,related to,Nintendo 3DS
B01M2YE3HW,related to,Nintendo
B01M2YE3HW,related to,Gaming Peripherals
B01M2YE3HW,related to,Gaming Accessories
B01M2YE3HW,related to,Games
B01M2YE3HW,related to,PC Games
B01M2YE3HW,related to,Xbox Games
B01M2YE3HW,related to,PlayStation Games
B01M2YE3HW,related to,Nintendo Games
B08LRLTZB3,related to,Nintendo
B08LRLTZB3,related to,Nintendo Switch
B08LRLTZB3,related to,Games
B08LRLTZB3,related to,Nintendo Switch Lite
B08LRLTZB3,related to,Nintendo 3DS
B08LRLTZB3,related to,Nintendo Games
B08LRLTZB3,related to,Switch Cases
B08LRLTZB3,related to,Nintendo Controllers
B08LRLTZB3,related to,PC Games
B08LRLTZB3,related to,Xbox Games
B08LRLTZB3,related to,PlayStation Games
B00MNL0C52,related to,Games
B00MNL0C52,related to,Xbox
B00MNL0C52,related to,PC Games
B00MNL0C52,related to,Xbox Series X
B00MNL0C52,related to,Xbox Series S
B00MNL0C52,related to,Xbox One
B00MNL0C52,related to,PlayStation 5
B00MNL0C52,related to,PlayStation 4
B00MNL0C52,related to,Xbox Games
B00MNL0C52,related to,Xbox Controllers
B00000K125,related to,Games
B00000K125,related to,Nintendo
B00000K125,related to,PC Games
B00000K125,related to,Xbox Games
B00000K125,related to,Nintendo Games
B071P2XNCK,related to,Hardware
B071P2XNCK,related to,Xbox
B071P2XNCK,related to,PlayStation
B071P2XNCK,related to,Nintendo
B071P2XNCK,related to,Nintendo Switch
B071P2XNCK,related to,Gaming Accessories
B071P2XNCK,related to,Games
B071P2XNCK,related to,Xbox One
B071P2XNCK,related to,PlayStation 5
B071P2XNCK,related to,PlayStation 4
B071P2XNCK,related to,Nintendo Switch Lite
B071P2XNCK,related to,Nintendo 3DS
B071P2XNCK,related to,PC Games
B071P2XNCK,related to,Xbox Games
B071P2XNCK,related to,PlayStation Games
B071P2XNCK,related to,Nintendo Games
B071P2XNCK,related to,Nintendo Controllers
B0761KMYK5,related to,PlayStation
B0761KMYK5,related to,Gaming Peripherals
B0761KMYK5,related to,Gaming Accessories
B0761KMYK5,related to,PlayStation 5
B0761KMYK5,related to,PlayStation 4
B0761KMYK5,related to,PlayStation Vita
B0761KMYK5,related to,PlayStation Games
B0761KMYK5,related to,PlayStation Controllers
B0761KMYK5,related to,PC Games
B0761KMYK5,related to,Xbox Games
B071XNBL33,related to,Nintendo
B071XNBL33,related to,Nintendo Switch
B071XNBL33,related to,Nintendo Switch Lite
B071XNBL33,related to,Nintendo 3DS
B071XNBL33,related to,Nintendo Games
B071XNBL33,related to,Switch Cases
B071XNBL33,related to,Nintendo Controllers
B000CC58VM,related to,Games
B000CC58VM,related to,PC Games
B000CC58VM,related to,Xbox Games
B000CC58VM,related to,PlayStation Games
B000CC58VM,related to,Nintendo Games
B08T15J21Y,related to,Gaming Peripherals
B08T15J21Y,related to,Gaming Accessories
B08T15J21Y,related to,Games
B08T15J21Y,related to,Hardware
B08T15J21Y,related to,Xbox
B08T15J21Y,related to,PlayStation
B08T15J21Y,related to,Nintendo
B08T15J21Y,related to,Nintendo Switch
B08T15J21Y,related to,PlayStation 5
B08T15J21Y,related to,PC Games
B08T15J21Y,related to,Xbox Games
B08T15J21Y,related to,PlayStation Games
B08T15J21Y,related to,Nintendo Games
B08T15J21Y,related to,Xbox One
B08T15J21Y,related to,PlayStation 4
B08T15J21Y,related to,Nintendo Switch Lite
B08T15J21Y,related to,Nintendo 3DS
B08T15J21Y,related to,Nintendo Controllers
B07KXFB1P8,related to,Gaming Peripherals
B07KXFB1P8,related to,Gaming Accessories
B07KXFB1P8,related to,Games
B07KXFB1P8,related to,Xbox
B07KXFB1P8,related to,PC Games
B07KXFB1P8,related to,Xbox Games
B07KXFB1P8,related to,PlayStation Games
B07KXFB1P8,related to,Nintendo Games
B07KXFB1P8,related to,Gaming Headsets
B07KXFB1P8,related to,Xbox One
B006P5RWEQ,related to,PC Games
B006P5RWEQ,related to,Xbox Games
B0714FFZD8,related to,Nintendo
B0714FFZD8,related to,Nintendo Switch
B0714FFZD8,related to,Nintendo 3DS
B0714FFZD8,related to,Nintendo Games
B0714FFZD8,related to,Nintendo Controllers
B0714FFZD8,related to,Nintendo Switch Lite
B0714FFZD8,related to,Switch Cases
B00KIJ2FVU,related to,PlayStation
B00KIJ2FVU,related to,PlayStation 5
B00KIJ2FVU,related to,PlayStation 4
B00KIJ2FVU,related to,PlayStation Vita
B00KIJ2FVU,related to,PlayStation Games
B00KIJ2FVU,related to,PlayStation Controllers
B0BL1QQDNY,related to,Gaming Peripherals
B0BL1QQDNY,related to,Gaming Accessories
B0BL1QQDNY,related to,Games
B0BL1QQDNY,related to,PC Games
B0BL1QQDNY,related to,Xbox Games
B0BL1QQDNY,related to,PlayStation Games
B0BL1QQDNY,related to,Nintendo Games
B0BL1QQDNY,related to,Gaming Headsets
B08LT6PT1X,related to,Controllers
B08LT6PT1X,related to,Xbox
B08LT6PT1X,related to,PlayStation
B08LT6PT1X,related to,Xbox Series X
B08LT6PT1X,related to,Xbox Series S
B08LT6PT1X,related to,Xbox One
B08LT6PT1X,related to,PlayStation 5
B08LT6PT1X,related to,PlayStation 4
B08LT6PT1X,related to,PC Games
B08LT6PT1X,related to,Xbox Games
B08LT6PT1X,related to,PlayStation Games
B08LT6PT1X,related to,Xbox Controllers
B08LT6PT1X,related to,PlayStation Controllers
B08LT6PT1X,related to,Nintendo Controllers
B007RTO27E,related to,Headsets
B007RTO27E,related to,VR Headsets
B007RTO27E,related to,Xbox
B007RTO27E,related to,PlayStation
B007RTO27E,related to,Nintendo
B007RTO27E,related to,Gaming Peripherals
B007RTO27E,related to,Gaming Headsets
B007RTO27E,related to,Xbox Series X
B007RTO27E,related to,Xbox Series S
B007RTO27E,related to,Xbox One
B007RTO27E,related to,PlayStation 5
B007RTO27E,related to,PlayStation 4
B007RTO27E,related to,PlayStation Vita
B007RTO27E,related to,PC Games
B007RTO27E,related to,Xbox Games
B007RTO27E,related to,PlayStation Games
B007RTO27E,related to,Xbox Controllers
B075S7L98K,related to,Gaming Peripherals
B075S7L98K,related to,Gaming Accessories
B075S7L98K,related to,Controllers
B075S7L98K,related to,Nintendo Switch
B075S7L98K,related to,Xbox Controllers
B075S7L98K,related to,PlayStation Controllers
B075S7L98K,related to,Nintendo Controllers
B075S7L98K,related to,Switch Cases
B001EYUP7E,related to,Gaming Accessories
B001EYUP7E,related to,Games
B001EYUP7E,related to,PC Games
B001EYUP7E,related to,Xbox Games
B001EYUP7E,related to,Nintendo Games
B01K7X4UW8,related to,Hardware
B01K7X4UW8,related to,Gaming Peripherals
B01K7X4UW8,related to,Gaming Accessories
B01K7X4UW8,related to,Games
B01K7X4UW8,related to,PC Games
B01K7X4UW8,related to,Xbox Games
B01K7X4UW8,related to,PlayStation Games
B01K7X4UW8,related to,Nintendo Games
B001EYUNVC,related to,Gaming Peripherals
B001EYUNVC,related to,Gaming Accessories
B001EYUNVC,related to,Games
B001EYUNVC,related to,Nintendo
B001EYUNVC,related to,PC Games
B001EYUNVC,related to,Xbox Games
B001EYUNVC,related to,PlayStation Games
B001EYUNVC,related to,Nintendo Games
B001EYUNVC,related to,Nintendo Controllers
B004WHK7PK,related to,Controllers
B004WHK7PK,related to,PlayStation
B004WHK7PK,related to,Nintendo
B004WHK7PK,related to,Gaming Peripherals
B004WHK7PK,related to,Gaming Accessories
B004WHK7PK,related to,Games
B004WHK7PK,related to,PlayStation 5
B004WHK7PK,related to,PC Games
B004WHK7PK,related to,Xbox Games
B004WHK7PK,related to,PlayStation Games
B004WHK7PK,related to,Nintendo Games
B074ZCDPXN,related to,Nintendo
B074ZCDPXN,related to,Nintendo Switch
B074ZCDPXN,related to,Nintendo Switch Lite
B074ZCDPXN,related to,Nintendo 3DS
B074ZCDPXN,related to,Nintendo Games
B074ZCDPXN,related to,Switch Cases
B074ZCDPXN,related to,Nintendo Controllers
B088FKYNP4,related to,Xbox
B088FKYNP4,related to,Nintendo
B088FKYNP4,related to,Gaming Accessories
B088FKYNP4,related to,Games
B088FKYNP4,related to,Xbox One
B088FKYNP4,related to,PC Games
B088FKYNP4,related to,Xbox Games
B088FKYNP4,related to,PlayStation Games
B088FKYNP4,related to,Nintendo Games
B00E9CVW9I,related to,Games
B00E9CVW9I,related to,PC Games
B00E9CVW9I,related to,Xbox Games
B00E9CVW9I,related to,PlayStation Games
B00E9CVW9I,related to,Nintendo Games
B07423RVR8,related to,Hardware
B000GAAJZ0,related to,PlayStation
B000GAAJZ0,related to,Nintendo
B000GAAJZ0,related to,Nintendo Switch
B000GAAJZ0,related to,Xbox Series S
B000GAAJZ0,related to,PlayStation 5
B000GAAJZ0,related to,PlayStation 4
B000GAAJZ0,related to,Nintendo 3DS
B000GAAJZ0,related to,Xbox Games
B000GAAJZ0,related to,PlayStation Games
B000GAAJZ0,related to,Nintendo Games
B000GAAJZ0,related to,Nintendo Controllers
B00005V3FB,related to,Nintendo
B00005V3FB,related to,Games
B00005V3FB,related to,PC Games
B00005V3FB,related to,Xbox Games
B00005V3FB,related to,PlayStation Games
B00005V3FB,related to,Nintendo Games
B07DMZFHYB,related to,Games
B07DMZFHYB,related to,Xbox
B07DMZFHYB,related to,PlayStation
B07DMZFHYB,related to,Nintendo
B07DMZFHYB,related to,Gaming Accessories
B07DMZFHYB,related to,Xbox Series X
B07DMZFHYB,related to,Xbox Series S
B07DMZFHYB,related to,Xbox One
B07DMZFHYB,related to,PlayStation 5
B07DMZFHYB,related to,PlayStation 4
B07DMZFHYB,related to,PC Games
B07DMZFHYB,related to,Xbox Games
B07DMZFHYB,related to,PlayStation Games
B07DMZFHYB,related to,Xbox Controllers
B09YGHWCRR,related to,Headsets
B09YGHWCRR,related to,VR Headsets
B09YGHWCRR,related to,Gaming Headsets
B00EE3TRCG,related to,Xbox
B00EE3TRCG,related to,PlayStation
B00EE3TRCG,related to,Nintendo
B00EE3TRCG,related to,Gaming Peripherals
B00EE3TRCG,related to,Xbox Series X
B00EE3TRCG,related to,Xbox Series S
B00EE3TRCG,related to,Xbox One
B00EE3TRCG,related to,PlayStation 5
B00EE3TRCG,related to,PlayStation 4
B00EE3TRCG,related to,PlayStation Vita
B00EE3TRCG,related to,PC Games
B00EE3TRCG,related to,Xbox Games
B00EE3TRCG,related to,PlayStation Games
B00EE3TRCG,related to,Xbox Controllers
B00Z9TIR20,related to,Xbox
B00Z9TIR20,related to,Games
B00Z9TIR20,related to,PC Games
B00Z9TIR20,related to,Xbox Games
B00Z9TIR20,related to,Nintendo Games
B00Z9TIR20,related to,Xbox Series X
B00Z9TIR20,related to,Xbox One
B00Z9TIR20,related to,Xbox Controllers
B00ZHQ39F0,related to,Nintendo
B00ZHQ39F0,related to,Games
B00ZHQ39F0,related to,PlayStation
B00ZHQ39F0,related to,PC Games
B00ZHQ39F0,related to,Xbox Games
B00ZHQ39F0,related to,PlayStation Games
B00ZHQ39F0,related to,Nintendo Games
B00ZHQ39F0,related to,PlayStation 5
B00ZHQ39F0,related to,PlayStation 4
B00ZHQ39F0,related to,PlayStation Vita
B00ZHQ39F0,related to,PlayStation Controllers
B07D62Y1KQ,related to,Nintendo
B07D62Y1KQ,related to,Nintendo Switch
B07D62Y1KQ,related to,Nintendo Switch Lite
B07D62Y1KQ,related to,Nintendo 3DS
B07D62Y1KQ,related to,Nintendo Games
B07D62Y1KQ,related to,Switch Cases
B07D62Y1KQ,related to,Nintendo Controllers
B00004SVTO,related to,PlayStation
B00004SVTO,related to,Nintendo
B00004SVTO,related to,Nintendo Switch
B00004SVTO,related to,Games
B00004SVTO,related to,Nintendo Switch Lite
B00004SVTO,related to,Nintendo 3DS
B00004SVTO,related to,Xbox Games
B00004SVTO,related to,PlayStation Games
B00004SVTO,related to,Nintendo Games
B00004SVTO,related to,Nintendo Controllers
B00JXDJTQQ,related to,Nintendo
B00JXDJTQQ,related to,Nintendo Switch
B00JXDJTQQ,related to,Nintendo 3DS
B00JXDJTQQ,related to,Xbox Games
B00JXDJTQQ,related to,Nintendo Games
B00JXDJTQQ,related to,Nintendo Controllers
B075ZP8WLJ,related to,Xbox
B075ZP8WLJ,related to,PlayStation
B075ZP8WLJ,related to,Nintendo
B075ZP8WLJ,related to,Gaming Peripherals
B075ZP8WLJ,related to,Gaming Accessories
B075ZP8WLJ,related to,Games
B075ZP8WLJ,related to,Controllers
B075ZP8WLJ,related to,Xbox Series S
B075ZP8WLJ,related to,Xbox One
B075ZP8WLJ,related to,PlayStation 5
B075ZP8WLJ,related to,PlayStation 4
B075ZP8WLJ,related to,PlayStation Vita
B075ZP8WLJ,related to,PC Games
B075ZP8WLJ,related to,Xbox Games
B075ZP8WLJ,related to,PlayStation Games
B075ZP8WLJ,related to,Nintendo Games
B075ZP8WLJ,related to,Gaming Headsets
B075ZP8WLJ,related to,PlayStation Controllers
B075ZP8WLJ,related to,Xbox Controllers
B0007V46J8,related to,Xbox
B0007V46J8,related to,PlayStation
B0007V46J8,related to,Nintendo
B0007V46J8,related to,Games
B0007V46J8,related to,Xbox One
B0007V46J8,related to,PlayStation 5
B0007V46J8,related to,PlayStation 4
B0007V46J8,related to,PlayStation Vita
B0007V46J8,related to,PC Games
B0007V46J8,related to,Xbox Games
B0007V46J8,related to,PlayStation Games
B0007V46J8,related to,Nintendo Games
B0007V46J8,related to,PlayStation Controllers
B000092W8S,related to,Xbox
B000092W8S,related to,PlayStation
B000092W8S,related to,Nintendo
B000092W8S,related to,Gaming Accessories
B000092W8S,related to,Games
B000092W8S,related to,Xbox One
B000092W8S,related to,PlayStation 5
B000092W8S,related to,PlayStation 4
B000092W8S,related to,PlayStation Vita
B000092W8S,related to,PC Games
B000092W8S,related to,Xbox Games
B000092W8S,related to,PlayStation Games
B000092W8S,related to,Nintendo Games
B000092W8S,related to,PlayStation Controllers
B09PG3BT79,related to,Xbox
B09PG3BT79,related to,Xbox Series S
B09PG3BT79,related to,Xbox Series X
B09PG3BT79,related to,Xbox One
B09PG3BT79,related to,Xbox Games
B09PG3BT79,related to,Xbox Controllers
B07D52H9YV,related to,Nintendo Switch
B07D52H9YV,related to,Controllers
B07D52H9YV,related to,Nintendo
B07D52H9YV,related to,Nintendo Switch Lite
B07D52H9YV,related to,Switch Cases
B07D52H9YV,related to,Xbox Controllers
B07D52H9YV,related to,PlayStation Controllers
B07D52H9YV,related to,Nintendo Controllers
B07D52H9YV,related to,Nintendo 3DS
B07D52H9YV,related to,Nintendo Games
B00GIK3YAO,related to,Controllers
B00GIK3YAO,related to,PlayStation
B00GIK3YAO,related to,Gaming Peripherals
B00GIK3YAO,related to,Gaming Accessories
B00GIK3YAO,related to,Games
B00GIK3YAO,related to,Xbox Controllers
B00GIK3YAO,related to,PlayStation Controllers
B00GIK3YAO,related to,Nintendo Controllers
B00GIK3YAO,related to,PlayStation 4
B00GIK3YAO,related to,PC Games
B00GIK3YAO,related to,Xbox Games
B00GIK3YAO,related to,PlayStation Games
B00GIK3YAO,related to,Nintendo Games
B00GS6A5YG,related to,PlayStation
B00GS6A5YG,related to,PlayStation 5
B00GS6A5YG,related to,PlayStation 4
B00GS6A5YG,related to,PlayStation Vita
B00GS6A5YG,related to,PlayStation Games
B00GS6A5YG,related to,PlayStation Controllers
B003UDSVTG,related to,Nintendo
B003UDSVTG,related to,Nintendo Games
B003UDSVTG,related to,Nintendo Controllers
B01N4NTXI1,related to,Gaming Peripherals
B01N4NTXI1,related to,Gaming Accessories
B01N4NTXI1,related to,Xbox
B01N4NTXI1,related to,PlayStation
B01N4NTXI1,related to,PC Games
B01N4NTXI1,related to,Xbox One
B01N4NTXI1,related to,PlayStation 5
B01N4NTXI1,related to,PlayStation 4
B01N4NTXI1,related to,PlayStation Vita
B01N4NTXI1,related to,PlayStation Games
B01N4NTXI1,related to,PlayStation Controllers
B00ZJEMQW2,related to,Gaming Peripherals
B00ZJEMQW2,related to,Games
B00ZJEMQW2,related to,PlayStation
B00ZJEMQW2,related to,Headsets
B00ZJEMQW2,related to,VR Headsets
B00ZJEMQW2,related to,PC Games
B00ZJEMQW2,related to,Xbox Games
B00ZJEMQW2,related to,PlayStation 5
B00ZJEMQW2,related to,PlayStation 4
B00ZJEMQW2,related to,Gaming Headsets
B09K6ZWJBC,related to,Nintendo
B09K6ZWJBC,related to,Nintendo Switch
B09K6ZWJBC,related to,Xbox
B09K6ZWJBC,related to,PlayStation
B09K6ZWJBC,related to,Gaming Peripherals
B09K6ZWJBC,related to,Gaming Accessories
B09K6ZWJBC,related to,Games
B09K6ZWJBC,related to,Nintendo Switch Lite
B09K6ZWJBC,related to,Nintendo 3DS
B09K6ZWJBC,related to,Nintendo Games
B09K6ZWJBC,related to,Switch Cases
B09K6ZWJBC,related to,Nintendo Controllers
B09K6ZWJBC,related to,Xbox One
B09K6ZWJBC,related to,PC Games
B09K6ZWJBC,related to,Xbox Games
B09K6ZWJBC,related to,PlayStation Games
B000Z67GH4,related to,Xbox
B000Z67GH4,related to,PlayStation
B000Z67GH4,related to,Nintendo
B000Z67GH4,related to,Nintendo Switch
B000Z67GH4,related to,Games
B000Z67GH4,related to,Xbox One
B000Z67GH4,related to,PlayStation 5
B000Z67GH4,related to,PlayStation 4
B000Z67GH4,related to,PlayStation Vita
B000Z67GH4,related to,Nintendo 3DS
B000Z67GH4,related to,Xbox Games
B000Z67GH4,related to,PlayStation Games
B000Z67GH4,related to,Nintendo Games
B000Z67GH4,related to,PlayStation Controllers
B000Z67GH4,related to,Nintendo Controllers
B002Y2WBCM,related to,Controllers
B002Y2WBCM,related to,Xbox
B002Y2WBCM,related to,PlayStation
B002Y2WBCM,related to,Nintendo
B002Y2WBCM,related to,Gaming Accessories
B002Y2WBCM,related to,Games
B002Y2WBCM,related to,Xbox Controllers
B002Y2WBCM,related to,PlayStation Controllers
B002Y2WBCM,related to,Xbox Series S
B002Y2WBCM,related to,Xbox One
B002Y2WBCM,related to,PlayStation 5
B002Y2WBCM,related to,PlayStation 4
B002Y2WBCM,related to,PlayStation Vita
B002Y2WBCM,related to,PC Games
B002Y2WBCM,related to,Xbox Games
B002Y2WBCM,related to,PlayStation Games
B002Y2WBCM,related to,Nintendo Games
B000056Q1E,related to,PlayStation
B000056Q1E,related to,Nintendo
B000056Q1E,related to,PlayStation 5
B000056Q1E,related to,PlayStation 4
B000056Q1E,related to,Nintendo Games
B07B62LMC1,related to,Nintendo
B07B62LMC1,related to,Nintendo Switch
B07B62LMC1,related to,Games
B07B62LMC1,related to,Nintendo Switch Lite
B07B62LMC1,related to,Nintendo 3DS
B07B62LMC1,related to,Nintendo Games
B07B62LMC1,related to,Switch Cases
B07B62LMC1,related to,Nintendo Controllers
B07B62LMC1,related to,PC Games
B07B62LMC1,related to,Xbox Games
B07B62LMC1,related to,PlayStation Games
B0058H7AJO,related to,Games
B0058H7AJO,related to,Nintendo
B0058H7AJO,related to,Nintendo Switch
B0058H7AJO,related to,Nintendo 3DS
B0058H7AJO,related to,Xbox Games
B0058H7AJO,related to,Nintendo Games
B0058H7AJO,related to,Nintendo Controllers
B001EHD9A6,related to,Nintendo
B001EHD9A6,related to,Gaming Peripherals
B001EHD9A6,related to,Gaming Accessories
B001EHD9A6,related to,Games
B001EHD9A6,related to,PC Games
B001EHD9A6,related to,Xbox Games
B001EHD9A6,related to,PlayStation Games
B001EHD9A6,related to,Nintendo Games
B07FFB9VKL,related to,Xbox
B07FFB9VKL,related to,Xbox Series X
B07FFB9VKL,related to,Xbox Series S
B07FFB9VKL,related to,Xbox One
B07FFB9VKL,related to,Xbox Games
B07FFB9VKL,related to,Xbox Controllers
B001G7PRZO,related to,Games
B001G7PRZO,related to,PC Games
B001G7PRZO,related to,Xbox Games
B001G7PRZO,related to,Nintendo Games
B001G7PRZO,related to,PlayStation Games
B00001P4Y9,related to,PlayStation
B00001P4Y9,related to,Nintendo
B00001P4Y9,related to,Nintendo Switch
B00001P4Y9,related to,Games
B00001P4Y9,related to,PlayStation 5
B00001P4Y9,related to,PlayStation 4
B00001P4Y9,related to,Nintendo 3DS
B00001P4Y9,related to,PC Games
B00001P4Y9,related to,Xbox Games
B00001P4Y9,related to,PlayStation Games
B00001P4Y9,related to,Nintendo Games
B00R0Y6404,related to,Xbox
B00R0Y6404,related to,PlayStation
B00R0Y6404,related to,Nintendo
B00R0Y6404,related to,Gaming Peripherals
B00R0Y6404,related to,Games
B00R0Y6404,related to,Xbox Series X
B00R0Y6404,related to,Xbox Series S
B00R0Y6404,related to,Xbox One
B00R0Y6404,related to,PlayStation 5
B00R0Y6404,related to,PlayStation 4
B00R0Y6404,related to,PlayStation Vita
B00R0Y6404,related to,PC Games
B00R0Y6404,related to,Xbox Games
B00R0Y6404,related to,PlayStation Games
B00R0Y6404,related to,Xbox Controllers
B00R0Y6404,related to,Nintendo Games
B0000AI1KC,related to,Games
B0000AI1KC,related to,PC Games
B019F7BMCI,related to,PlayStation
B019F7BMCI,related to,Nintendo
B019F7BMCI,related to,Nintendo Switch
B019F7BMCI,related to,Controllers
B019F7BMCI,related to,PlayStation 5
B019F7BMCI,related to,PlayStation 4
B019F7BMCI,related to,Nintendo 3DS
B019F7BMCI,related to,Xbox Games
B019F7BMCI,related to,PlayStation Games
B019F7BMCI,related to,Nintendo Games
B019F7BMCI,related to,PlayStation Controllers
B019F7BMCI,related to,Nintendo Controllers
B0767WC6ZM,related to,Nintendo
B0767WC6ZM,related to,Nintendo Switch
B0767WC6ZM,related to,Nintendo 3DS
B0767WC6ZM,related to,Xbox Games
B0767WC6ZM,related to,Nintendo Games
B0767WC6ZM,related to,Nintendo Controllers
B0C4FF2BB7,related to,Hardware
B0C4FF2BB7,related to,Gaming Peripherals
B0C4FF2BB7,related to,Gaming Accessories
B0C4FF2BB7,related to,PlayStation
B0C4FF2BB7,related to,PlayStation 5
B0C4FF2BB7,related to,PlayStation 4
B0C4FF2BB7,related to,PlayStation Games
B0C4FF2BB7,related to,PlayStation Controllers
B000HVVO98,related to,PlayStation
B000HVVO98,related to,Nintendo
B000HVVO98,related to,Nintendo Switch
B000HVVO98,related to,Xbox Series S
B000HVVO98,related to,PlayStation 5
B000HVVO98,related to,PlayStation 4
B000HVVO98,related to,Nintendo 3DS
B000HVVO98,related to,Xbox Games
B000HVVO98,related to,PlayStation Games
B000HVVO98,related to,Nintendo Games
B000HVVO98,related to,Nintendo Controllers
B000HVVO98,related to,Nintendo Switch Lite
B003XNU1LE,related to,Games
B003XNU1LE,related to,Nintendo
B003XNU1LE,related to,PC Games
B003XNU1LE,related to,Xbox Games
B003XNU1LE,related to,PlayStation Games
B003XNU1LE,related to,Nintendo Games
B07S62XBC7,related to,Xbox
B07S62XBC7,related to,Nintendo
B07S62XBC7,related to,Gaming Accessories
B07S62XBC7,related to,Games
B07S62XBC7,related to,Nintendo Switch
B07S62XBC7,related to,Xbox One
B07S62XBC7,related to,PC Games
B07S62XBC7,related to,Xbox Games
B07S62XBC7,related to,PlayStation Games
B07S62XBC7,related to,Nintendo Games
B07S62XBC7,related to,Nintendo Switch Lite
B07S62XBC7,related to,Switch Cases
B002JTX74G,related to,Games
B002JTX74G,related to,Xbox
B002JTX74G,related to,PlayStation
B002JTX74G,related to,Nintendo
B002JTX74G,related to,Gaming Accessories
B002JTX74G,related to,PC Games
B002JTX74G,related to,Nintendo Games
B002JTX74G,related to,Xbox Series S
B002JTX74G,related to,Xbox One
B002JTX74G,related to,PlayStation 5
B002JTX74G,related to,PlayStation 4
B002JTX74G,related to,PlayStation Vita
B002JTX74G,related to,Xbox Games
B002JTX74G,related to,PlayStation Games
B002JTX74G,related to,PlayStation Controllers
B00028S9P8,related to,Gaming Peripherals
B00028S9P8,related to,Gaming Accessories
B00028S9P8,related to,Games
B00028S9P8,related to,Nintendo
B00028S9P8,related to,Nintendo Switch
B00028S9P8,related to,PC Games
B00028S9P8,related to,Xbox Games
B00028S9P8,related to,PlayStation Games
B00028S9P8,related to,Nintendo Games
B00028S9P8,related to,Gaming Headsets
B00028S9P8,related to,Nintendo 3DS
B00028S9P8,related to,Nintendo Controllers
B08ZH562GX,related to,PlayStation
B08ZH562GX,related to,PlayStation 5
B08ZH562GX,related to,PlayStation 4
B08ZH562GX,related to,PlayStation Vita
B08ZH562GX,related to,PlayStation Games
B08ZH562GX,related to,PlayStation Controllers
B017LKMXT2,related to,Games
B009VUHW60,related to,Nintendo
B093FBFT5G,related to,Storage Cases
B093FBFT5G,related to,Games
B093FBFT5G,related to,Hardware
B093FBFT5G,related to,Xbox
B093FBFT5G,related to,PlayStation
B093FBFT5G,related to,Nintendo
B093FBFT5G,related to,Nintendo Switch
B093FBFT5G,related to,Gaming Accessories
B093FBFT5G,related to,PC Games
B093FBFT5G,related to,Xbox Games
B093FBFT5G,related to,PlayStation Games
B093FBFT5G,related to,Nintendo Games
B093FBFT5G,related to,Xbox One
B093FBFT5G,related to,PlayStation 5
B093FBFT5G,related to,PlayStation 4
B093FBFT5G,related to,Nintendo Switch Lite
B093FBFT5G,related to,Nintendo 3DS
B093FBFT5G,related to,Nintendo Controllers
B093FBFT5G,related to,Switch Cases
B08PK6TG7Y,related to,Storage Cases
B08PK6TG7Y,related to,Hardware
B08PK6TG7Y,related to,Xbox
B08PK6TG7Y,related to,PlayStation
B08PK6TG7Y,related to,Nintendo
B08PK6TG7Y,related to,Nintendo Switch
B08PK6TG7Y,related to,Gaming Accessories
B08PK6TG7Y,related to,Games
B08PK6TG7Y,related to,Switch Cases
B08PK6TG7Y,related to,Xbox One
B08PK6TG7Y,related to,PlayStation 5
B08PK6TG7Y,related to,PlayStation 4
B08PK6TG7Y,related to,Nintendo Switch Lite
B08PK6TG7Y,related to,Nintendo 3DS
B08PK6TG7Y,related to,PC Games
B08PK6TG7Y,related to,Xbox Games
B08PK6TG7Y,related to,PlayStation Games
B08PK6TG7Y,related to,Nintendo Games
B08PK6TG7Y,related to,Nintendo Controllers
B000RATCJI,related to,Controllers
B000RATCJI,related to,Xbox
B000RATCJI,related to,PlayStation
B000RATCJI,related to,Nintendo
B000RATCJI,related to,Gaming Peripherals
B000RATCJI,related to,Gaming Accessories
B000RATCJI,related to,Games
B000RATCJI,related to,Nintendo Controllers
B000RATCJI,related to,Xbox Series X
B000RATCJI,related to,Xbox Series S
B000RATCJI,related to,Xbox One
B000RATCJI,related to,PlayStation 5
B000RATCJI,related to,PlayStation 4
B000RATCJI,related to,PlayStation Vita
B000RATCJI,related to,PC Games
B000RATCJI,related to,Xbox Games
B000RATCJI,related to,PlayStation Games
B000RATCJI,related to,Nintendo Games
B000RATCJI,related to,PlayStation Controllers
B000059Z8B,related to,Xbox
B000059Z8B,related to,PlayStation
B000059Z8B,related to,Games
B000059Z8B,related to,PlayStation 5
B000059Z8B,related to,PlayStation 4
B000059Z8B,related to,PlayStation Vita
B000059Z8B,related to,PlayStation Games
B000059Z8B,related to,PlayStation Controllers
B00N73JLU2,related to,Games
B00DS6AJ86,related to,Games
B00DS6AJ86,related to,Controllers
B00DS6AJ86,related to,PC Games
B00DS6AJ86,related to,PlayStation Games
B00DS6AJ86,related to,Nintendo Games
B00DS6AJ86,related to,Nintendo Controllers
B08L6L6KQL,related to,Nintendo Switch
B08L6L6KQL,related to,Hardware
B08L6L6KQL,related to,Xbox
B08L6L6KQL,related to,PlayStation
B08L6L6KQL,related to,Nintendo
B08L6L6KQL,related to,Gaming Accessories
B08L6L6KQL,related to,Games
B08L6L6KQL,related to,Nintendo Switch Lite
B08L6L6KQL,related to,Switch Cases
B08L6L6KQL,related to,Xbox One
B08L6L6KQL,related to,PlayStation 5
B08L6L6KQL,related to,PlayStation 4
B08L6L6KQL,related to,Nintendo 3DS
B08L6L6KQL,related to,PC Games
B08L6L6KQL,related to,Xbox Games
B08L6L6KQL,related to,PlayStation Games
B08L6L6KQL,related to,Nintendo Games
B08L6L6KQL,related to,Nintendo Controllers
B003KRRCQA,related to,Gaming Accessories
B003KRRCQA,related to,Xbox
B003KRRCQA,related to,PlayStation
B003KRRCQA,related to,Games
B003KRRCQA,related to,Xbox One
B003KRRCQA,related to,PlayStation 5
B003KRRCQA,related to,PlayStation 4
B003KRRCQA,related to,PlayStation Vita
B003KRRCQA,related to,PC Games
B003KRRCQA,related to,Xbox Games
B003KRRCQA,related to,PlayStation Games
B003KRRCQA,related to,PlayStation Controllers
B011ALF4XK,related to,Nintendo
B011ALF4XK,related to,Games
B011ALF4XK,related to,Nintendo Switch
B011ALF4XK,related to,PlayStation Games
B011ALF4XK,related to,Nintendo Games
B011ALF4XK,related to,Nintendo 3DS
B011ALF4XK,related to,Nintendo Controllers
B000FIN2W0,related to,Xbox
B000FIN2W0,related to,PlayStation
B000FIN2W0,related to,Nintendo
B000FIN2W0,related to,Nintendo Switch
B000FIN2W0,related to,Gaming Peripherals
B000FIN2W0,related to,Games
B000FIN2W0,related to,PlayStation 5
B000FIN2W0,related to,PlayStation 4
B000FIN2W0,related to,PlayStation Vita
B000FIN2W0,related to,Nintendo 3DS
B000FIN2W0,related to,PC Games
B000FIN2W0,related to,Xbox Games
B000FIN2W0,related to,PlayStation Games
B000FIN2W0,related to,Nintendo Games
B000FIN2W0,related to,Nintendo Controllers
B004LLHFAW,related to,PlayStation
B004LLHFAW,related to,Nintendo
B004LLHFAW,related to,Gaming Accessories
B004LLHFAW,related to,Games
B004LLHFAW,related to,PlayStation 5
B004LLHFAW,related to,PlayStation 4
B004LLHFAW,related to,PC Games
B004LLHFAW,related to,Xbox Games
B004LLHFAW,related to,PlayStation Games
B004LLHFAW,related to,Nintendo Games
B000AC59ZO,related to,Nintendo
B000AC59ZO,related to,Games
B000AC59ZO,related to,Xbox
B000AC59ZO,related to,PlayStation
B000AC59ZO,related to,Gaming Accessories
B000AC59ZO,related to,Nintendo Games
B000AC59ZO,related to,Xbox Series X
B000AC59ZO,related to,Xbox Series S
B000AC59ZO,related to,Xbox One
B000AC59ZO,related to,PlayStation 5
B000AC59ZO,related to,PlayStation 4
B000AC59ZO,related to,PC Games
B000AC59ZO,related to,Xbox Games
B000AC59ZO,related to,PlayStation Games
B000AC59ZO,related to,Xbox Controllers
B07MLYV9W4,related to,Hardware
B07MLYV9W4,related to,Xbox
B07MLYV9W4,related to,PlayStation
B07MLYV9W4,related to,Nintendo
B07MLYV9W4,related to,Nintendo Switch
B07MLYV9W4,related to,Gaming Accessories
B07MLYV9W4,related to,Games
B07MLYV9W4,related to,PC Games
B07MLYV9W4,related to,Xbox One
B07MLYV9W4,related to,PlayStation 5
B07MLYV9W4,related to,PlayStation 4
B07MLYV9W4,related to,Nintendo Switch Lite
B07MLYV9W4,related to,Nintendo 3DS
B07MLYV9W4,related to,Xbox Games
B07MLYV9W4,related to,PlayStation Games
B07MLYV9W4,related to,Nintendo Games
B07MLYV9W4,related to,Nintendo Controllers
B001ELJDWU,related to,Nintendo
B001ELJDWU,related to,PlayStation
B001ELJDWU,related to,Gaming Accessories
B001ELJDWU,related to,Games
B001ELJDWU,related to,PC Games
B001ELJDWU,related to,Xbox Games
B001ELJDWU,related to,PlayStation Games
B001ELJDWU,related to,Nintendo Games
B00OA306WU,related to,Xbox
B00OA306WU,related to,Storage Cases
B00OA306WU,related to,Xbox Series X
B00OA306WU,related to,Xbox One
B00OA306WU,related to,Xbox Games
B00OA306WU,related to,Xbox Controllers
B07Z813JCB,related to,PlayStation
B07Z813JCB,related to,Nintendo
B07Z813JCB,related to,Nintendo Switch
B07Z813JCB,related to,PlayStation 5
B07Z813JCB,related to,PlayStation 4
B07Z813JCB,related to,Nintendo 3DS
B07Z813JCB,related to,PlayStation Games
B07Z813JCB,related to,Nintendo Games
B002ATY7JE,related to,Nintendo
B002ATY7JE,related to,Nintendo Switch
B002ATY7JE,related to,Gaming Accessories
B002ATY7JE,related to,Nintendo 3DS
B002ATY7JE,related to,Xbox Games
B002ATY7JE,related to,PlayStation Games
B002ATY7JE,related to,Nintendo Games
B002ATY7JE,related to,Nintendo Controllers
B001EYUO3E,related to,Xbox
B001EYUO3E,related to,PlayStation
B001EYUO3E,related to,Games
B001EYUO3E,related to,Xbox One
B001EYUO3E,related to,PlayStation 5
B001EYUO3E,related to,PlayStation 4
B001EYUO3E,related to,PlayStation Vita
B001EYUO3E,related to,Xbox Games
B001EYUO3E,related to,PlayStation Games
B001EYUO3E,related to,PlayStation Controllers
B001EYUO3E,related to,PC Games
B001EYUO3E,related to,Nintendo Games
B08P1CD4HJ,related to,Gaming Peripherals
B08P1CD4HJ,related to,Games
B08P1CD4HJ,related to,Xbox
B08P1CD4HJ,related to,PC Games
B08P1CD4HJ,related to,Xbox Games
B08P1CD4HJ,related to,Xbox One
B002JTX62O,related to,Games
B07WZT2HZ8,related to,Games
B07WZT2HZ8,related to,Headsets
B07WZT2HZ8,related to,VR Headsets
B07WZT2HZ8,related to,PC Games
B07WZT2HZ8,related to,Xbox Games
B07WZT2HZ8,related to,PlayStation Games
B07WZT2HZ8,related to,Nintendo Games
B07WZT2HZ8,related to,Gaming Headsets
B00007M9IJ,related to,Xbox
B00007M9IJ,related to,PlayStation
B00007M9IJ,related to,Nintendo
B00007M9IJ,related to,Gaming Accessories
B00007M9IJ,related to,Games
B00007M9IJ,related to,Xbox Series S
B00007M9IJ,related to,Xbox One
B00007M9IJ,related to,PlayStation 5
B00007M9IJ,related to,PlayStation 4
B00007M9IJ,related to,PlayStation Vita
B00007M9IJ,related to,PC Games
B00007M9IJ,related to,Xbox Games
B00007M9IJ,related to,PlayStation Games
B00007M9IJ,related to,Nintendo Games
B00007M9IJ,related to,PlayStation Controllers
B000KKTCFY,related to,Nintendo
B000KKTCFY,related to,Nintendo Switch
B000KKTCFY,related to,Games
B000KKTCFY,related to,Nintendo Switch Lite
B000KKTCFY,related to,Nintendo 3DS
B000KKTCFY,related to,Nintendo Games
B000KKTCFY,related to,Nintendo Controllers
B000KKTCFY,related to,PC Games
B000KKTCFY,related to,Xbox Games
B076D2LKC7,related to,PlayStation
B076D2LKC7,related to,PlayStation 5
B076D2LKC7,related to,PlayStation 4
B076D2LKC7,related to,PlayStation Vita
B076D2LKC7,related to,PlayStation Games
B076D2LKC7,related to,PlayStation Controllers
B07F1HTGV1,related to,Nintendo
B07F1HTGV1,related to,Nintendo Switch
B07F1HTGV1,related to,Games
B07F1HTGV1,related to,Nintendo Switch Lite
B07F1HTGV1,related to,Nintendo 3DS
B07F1HTGV1,related to,Nintendo Games
B07F1HTGV1,related to,Switch Cases
B07F1HTGV1,related to,Nintendo Controllers
B01F20RQHC,related to,Games
B01F20RQHC,related to,PC Games
B07QN6N4RJ,related to,Controllers
B07QN6N4RJ,related to,Nintendo Switch
B07QN6N4RJ,related to,Xbox
B07QN6N4RJ,related to,PlayStation
B07QN6N4RJ,related to,Nintendo
B07QN6N4RJ,related to,Gaming Accessories
B07QN6N4RJ,related to,Games
B07QN6N4RJ,related to,Xbox Controllers
B07QN6N4RJ,related to,PlayStation Controllers
B07QN6N4RJ,related to,Nintendo Controllers
B07QN6N4RJ,related to,Switch Cases
B07QN6N4RJ,related to,Xbox Series X
B07QN6N4RJ,related to,Xbox Series S
B07QN6N4RJ,related to,Xbox One
B07QN6N4RJ,related to,PlayStation 5
B07QN6N4RJ,related to,PlayStation 4
B07QN6N4RJ,related to,PC Games
B07QN6N4RJ,related to,Xbox Games
B07QN6N4RJ,related to,PlayStation Games
B00559XGDO,related to,Gaming Accessories
B00559XGDO,related to,Games
B00559XGDO,related to,Xbox
B00559XGDO,related to,PlayStation
B00559XGDO,related to,Nintendo
B00559XGDO,related to,Nintendo Switch
B00559XGDO,related to,PC Games
B00559XGDO,related to,Xbox Games
B00559XGDO,related to,PlayStation Games
B00559XGDO,related to,Nintendo Games
B00559XGDO,related to,Xbox One
B00559XGDO,related to,PlayStation 5
B00559XGDO,related to,PlayStation 4
B00559XGDO,related to,PlayStation Vita
B00559XGDO,related to,Nintendo 3DS
B00559XGDO,related to,PlayStation Controllers
B00559XGDO,related to,Nintendo Controllers
B09NCP9VN6,related to,Gaming Peripherals
B09NCP9VN6,related to,Gaming Accessories
B09NCP9VN6,related to,Games
B09NCP9VN6,related to,PC Games
B09NCP9VN6,related to,Xbox Games
B09NCP9VN6,related to,PlayStation Games
B09NCP9VN6,related to,Nintendo Games
B09NCP9VN6,related to,Gaming Headsets
B075XLGQ4V,related to,Nintendo
B075XLGQ4V,related to,Nintendo Switch
B075XLGQ4V,related to,Nintendo 3DS
B075XLGQ4V,related to,Xbox Games
B075XLGQ4V,related to,Nintendo Games
B075XLGQ4V,related to,Nintendo Controllers
B07175MXST,related to,Games
B07175MXST,related to,PC Games
B07175MXST,related to,Xbox Games
B07175MXST,related to,PlayStation Games
B07175MXST,related to,Nintendo Games
B002DZKZ5K,related to,Nintendo
B002DZKZ5K,related to,Games
B002DZKZ5K,related to,Nintendo Switch
B002DZKZ5K,related to,PC Games
B002DZKZ5K,related to,PlayStation Games
B002DZKZ5K,related to,Nintendo Games
B002DZKZ5K,related to,Nintendo 3DS
B002DZKZ5K,related to,Xbox Games
B002DZKZ5K,related to,Nintendo Controllers
B00002SURB,related to,Games
B00002SURB,related to,PlayStation
B00002SURB,related to,Nintendo
B00002SURB,related to,PC Games
B00002SURB,related to,Xbox Games
B00002SURB,related to,PlayStation 5
B00002SURB,related to,PlayStation 4
B08HN3PMVM,related to,Controllers
B08HN3PMVM,related to,Xbox
B08HN3PMVM,related to,PlayStation
B08HN3PMVM,related to,Nintendo
B08HN3PMVM,related to,Gaming Peripherals
B08HN3PMVM,related to,Gaming Accessories
B08HN3PMVM,related to,Games
B08HN3PMVM,related to,Xbox Series S
B08HN3PMVM,related to,Xbox One
B08HN3PMVM,related to,PlayStation 5
B08HN3PMVM,related to,PlayStation 4
B08HN3PMVM,related to,PlayStation Vita
B08HN3PMVM,related to,PC Games
B08HN3PMVM,related to,Xbox Games
B08HN3PMVM,related to,PlayStation Games
B08HN3PMVM,related to,Nintendo Games
B08HN3PMVM,related to,Gaming Headsets
B08HN3PMVM,related to,PlayStation Controllers
B000BTICMS,related to,Xbox
B000BTICMS,related to,PlayStation
B000BTICMS,related to,Nintendo
B000BTICMS,related to,Gaming Peripherals
B000BTICMS,related to,Xbox Series X
B000BTICMS,related to,Xbox Series S
B000BTICMS,related to,Xbox One
B000BTICMS,related to,PlayStation 5
B000BTICMS,related to,PlayStation 4
B000BTICMS,related to,PlayStation Vita
B000BTICMS,related to,PC Games
B000BTICMS,related to,Xbox Games
B000BTICMS,related to,PlayStation Games
B000BTICMS,related to,Xbox Controllers
B001EYUNIU,related to,Nintendo
B001EYUNIU,related to,Nintendo Games
B001BEX7PO,related to,Games
B001BEX7PO,related to,Nintendo
B001BEX7PO,related to,Nintendo Switch
B001BEX7PO,related to,PC Games
B001BEX7PO,related to,Xbox Games
B001BEX7PO,related to,PlayStation Games
B001BEX7PO,related to,Nintendo Games
B001BEX7PO,related to,Nintendo Switch Lite
B001BEX7PO,related to,Nintendo 3DS
B001BEX7PO,related to,Nintendo Controllers
B00VMB5VCS,related to,PlayStation
B00VMB5VCS,related to,PlayStation 5
B00VMB5VCS,related to,PlayStation 4
B00VMB5VCS,related to,PlayStation Vita
B00VMB5VCS,related to,PlayStation Games
B00VMB5VCS,related to,PlayStation Controllers
B0000VJF4Q,related to,Xbox
B0000VJF4Q,related to,PlayStation
B0000VJF4Q,related to,Nintendo
B0000VJF4Q,related to,Gaming Accessories
B0000VJF4Q,related to,Games
B0000VJF4Q,related to,Xbox One
B0000VJF4Q,related to,PlayStation 5
B0000VJF4Q,related to,PlayStation 4
B0000VJF4Q,related to,PlayStation Vita
B0000VJF4Q,related to,PC Games
B0000VJF4Q,related to,Xbox Games
B0000VJF4Q,related to,PlayStation Games
B0000VJF4Q,related to,Nintendo Games
B0000VJF4Q,related to,PlayStation Controllers
B00002SVUI,related to,PlayStation
B00002SVUI,related to,Nintendo
B00002SVUI,related to,Gaming Accessories
B00002SVUI,related to,Games
B00002SVUI,related to,PlayStation 5
B00002SVUI,related to,PlayStation 4
B00002SVUI,related to,PC Games
B00002SVUI,related to,Xbox Games
B00002SVUI,related to,PlayStation Games
B00002SVUI,related to,Nintendo Games
B001EYUVHS,related to,Nintendo
B001EYUVHS,related to,Games
B001EYUVHS,related to,PC Games
B001EYUVHS,related to,Xbox Games
B001EYUVHS,related to,PlayStation Games
B001EYUVHS,related to,Nintendo Games
B08MBKMKH6,related to,Controllers
B08MBKMKH6,related to,Xbox
B08MBKMKH6,related to,Games
B08MBKMKH6,related to,Xbox Series X
B08MBKMKH6,related to,Xbox One
B08MBKMKH6,related to,PC Games
B08MBKMKH6,related to,Xbox Games
B08MBKMKH6,related to,PlayStation Games
B08MBKMKH6,related to,Nintendo Games
B07235W2WM,related to,Gaming Accessories
B07235W2WM,related to,Hardware
B07235W2WM,related to,Xbox
B07235W2WM,related to,PlayStation
B07235W2WM,related to,Nintendo
B07235W2WM,related to,Nintendo Switch
B07235W2WM,related to,Games
B07235W2WM,related to,Xbox One
B07235W2WM,related to,PlayStation 5
B07235W2WM,related to,PlayStation 4
B07235W2WM,related to,Nintendo Switch Lite
B07235W2WM,related to,Nintendo 3DS
B07235W2WM,related to,PC Games
B07235W2WM,related to,Xbox Games
B07235W2WM,related to,PlayStation Games
B07235W2WM,related to,Nintendo Games
B07235W2WM,related to,Nintendo Controllers
B004HKIMK4,related to,Nintendo
B004HKIMK4,related to,Games
B004HKIMK4,related to,Xbox Series S
B004HKIMK4,related to,Xbox Games
B004HKIMK4,related to,PlayStation Games
B004HKIMK4,related to,Nintendo Games
B083YVGSWL,related to,Controllers
B083YVGSWL,related to,Nintendo
B083YVGSWL,related to,Nintendo Switch
B083YVGSWL,related to,Storage Cases
B083YVGSWL,related to,Xbox Controllers
B083YVGSWL,related to,PlayStation Controllers
B083YVGSWL,related to,Nintendo Controllers
B083YVGSWL,related to,Nintendo 3DS
B083YVGSWL,related to,Nintendo Games
B0009XZZ9O,related to,PlayStation
B0009XZZ9O,related to,PlayStation 5
B0009XZZ9O,related to,PlayStation 4
B0009XZZ9O,related to,PlayStation Vita
B0009XZZ9O,related to,PlayStation Games
B0009XZZ9O,related to,PlayStation Controllers
B089GR6T6M,related to,Gaming Peripherals
B089GR6T6M,related to,Gaming Accessories
B089GR6T6M,related to,Games
B089GR6T6M,related to,Xbox
B089GR6T6M,related to,PlayStation
B089GR6T6M,related to,PC Games
B089GR6T6M,related to,Xbox Games
B089GR6T6M,related to,PlayStation Games
B089GR6T6M,related to,Nintendo Games
B089GR6T6M,related to,Xbox One
B089GR6T6M,related to,PlayStation 5
B089GR6T6M,related to,PlayStation 4
B089GR6T6M,related to,Xbox Controllers
B001J5SFC0,related to,Games
B001J5SFC0,related to,PC Games
B001J5SFC0,related to,Xbox Games
B001J5SFC0,related to,PlayStation Games
B001J5SFC0,related to,Nintendo Games
B098VVRH1T,related to,Headsets
B098VVRH1T,related to,VR Headsets
B098VVRH1T,related to,Gaming Headsets
B087NKYVL9,related to,VR Headsets
B001EYUQ4G,related to,Nintendo
B001EYUQ4G,related to,Games
B001EYUQ4G,related to,PC Games
B001EYUQ4G,related to,Xbox Games
B001EYUQ4G,related to,PlayStation Games
B001EYUQ4G,related to,Nintendo Games
B0029LJIFG,related to,Xbox
B0029LJIFG,related to,PlayStation
B0029LJIFG,related to,Nintendo
B0029LJIFG,related to,Gaming Peripherals
B0029LJIFG,related to,Xbox Series X
B0029LJIFG,related to,Xbox Series S
B0029LJIFG,related to,Xbox One
B0029LJIFG,related to,PlayStation 5
B0029LJIFG,related to,PlayStation 4
B0029LJIFG,related to,PlayStation Vita
B0029LJIFG,related to,PC Games
B0029LJIFG,related to,Xbox Games
B0029LJIFG,related to,PlayStation Games
B0029LJIFG,related to,Xbox Controllers
B002WTC8OI,related to,PlayStation
B002WTC8OI,related to,PlayStation 5
B002WTC8OI,related to,PlayStation 4
B002WTC8OI,related to,PlayStation Vita
B002WTC8OI,related to,PlayStation Games
B002WTC8OI,related to,PlayStation Controllers
B00LNIKEC2,related to,PlayStation
B00LNIKEC2,related to,Nintendo
B00LNIKEC2,related to,Gaming Accessories
B00LNIKEC2,related to,Games
B00LNIKEC2,related to,PlayStation 5
B00LNIKEC2,related to,PlayStation 4
B00LNIKEC2,related to,PC Games
B00LNIKEC2,related to,Xbox Games
B00LNIKEC2,related to,PlayStation Games
B00LNIKEC2,related to,Nintendo Games
B004LVO4M4,related to,PlayStation
B004LVO4M4,related to,Games
B004LVO4M4,related to,Xbox One
B004LVO4M4,related to,PlayStation 5
B004LVO4M4,related to,PlayStation 4
B004LVO4M4,related to,PlayStation Vita
B004LVO4M4,related to,PC Games
B004LVO4M4,related to,Xbox Games
B004LVO4M4,related to,PlayStation Games
B004LVO4M4,related to,PlayStation Controllers
B076CRSSZV,related to,Controllers
B076CRSSZV,related to,Xbox
B076CRSSZV,related to,PlayStation
B076CRSSZV,related to,Gaming Peripherals
B076CRSSZV,related to,Gaming Accessories
B076CRSSZV,related to,Games
B076CRSSZV,related to,Xbox Series X
B076CRSSZV,related to,Xbox Series S
B076CRSSZV,related to,Xbox One
B076CRSSZV,related to,PlayStation 5
B076CRSSZV,related to,PlayStation 4
B076CRSSZV,related to,PC Games
B076CRSSZV,related to,Xbox Games
B076CRSSZV,related to,PlayStation Games
B076CRSSZV,related to,Xbox Controllers
B00002STKR,related to,Nintendo 3DS
B01N2PG2PB,related to,PlayStation
B01N2PG2PB,related to,PlayStation 5
B01N2PG2PB,related to,PlayStation 4
B01N2PG2PB,related to,PlayStation Vita
B01N2PG2PB,related to,PlayStation Games
B01N2PG2PB,related to,PlayStation Controllers
B07NRL7WNR,related to,Xbox
B07NRL7WNR,related to,PlayStation
B07NRL7WNR,related to,Nintendo
B07NRL7WNR,related to,Gaming Peripherals
B07NRL7WNR,related to,Gaming Accessories
B07NRL7WNR,related to,Games
B07NRL7WNR,related to,Storage Cases
B07NRL7WNR,related to,Xbox One
B07NRL7WNR,related to,PlayStation 5
B07NRL7WNR,related to,PlayStation 4
B07NRL7WNR,related to,PC Games
B07NRL7WNR,related to,Xbox Games
B07NRL7WNR,related to,PlayStation Games
B07NRL7WNR,related to,Nintendo Games
B07NRL7WNR,related to,Xbox Series X
B07NRL7WNR,related to,Xbox Series S
B07NRL7WNR,related to,PlayStation Vita
B07NRL7WNR,related to,Xbox Controllers
B09R21G9DL,related to,Controllers
B09R21G9DL,related to,Nintendo
B09R21G9DL,related to,Nintendo Switch
B09R21G9DL,related to,Gaming Peripherals
B09R21G9DL,related to,Gaming Accessories
B09R21G9DL,related to,Games
B09R21G9DL,related to,Nintendo Controllers
B09R21G9DL,related to,Nintendo Switch Lite
B09R21G9DL,related to,Nintendo Games
B09R21G9DL,related to,Xbox Controllers
B09R21G9DL,related to,PC Games
B09R21G9DL,related to,Xbox Games
B09R21G9DL,related to,PlayStation Games
B00H8Z3SRM,related to,Xbox
B00H8Z3SRM,related to,Games
B00H8Z3SRM,related to,PC Games
B00H8Z3SRM,related to,Xbox Games
B00H8Z3SRM,related to,Nintendo Games
B003Q6DBCO,related to,Nintendo
B003Q6DBCO,related to,Games
B003Q6DBCO,related to,PC Games
B003Q6DBCO,related to,Xbox Games
B003Q6DBCO,related to,PlayStation Games
B003Q6DBCO,related to,Nintendo Games
B00001ZT9E,related to,PlayStation
B00001ZT9E,related to,Nintendo
B00001ZT9E,related to,Gaming Accessories
B00001ZT9E,related to,Games
B00001ZT9E,related to,PC Games
B00001ZT9E,related to,Xbox Games
B00001ZT9E,related to,PlayStation Games
B00001ZT9E,related to,Nintendo Games
B00AV2KJD0,related to,Gaming Peripherals
B00AV2KJD0,related to,Nintendo 3DS
B082SJZZ3R,related to,Nintendo
B082SJZZ3R,related to,Nintendo Switch
B082SJZZ3R,related to,Gaming Peripherals
B082SJZZ3R,related to,Gaming Accessories
B082SJZZ3R,related to,Controllers
B082SJZZ3R,related to,Nintendo Switch Lite
B082SJZZ3R,related to,Nintendo 3DS
B082SJZZ3R,related to,Nintendo Games
B082SJZZ3R,related to,Switch Cases
B082SJZZ3R,related to,Nintendo Controllers
B082SJZZ3R,related to,Xbox Controllers
B082SJZZ3R,related to,PlayStation Controllers
B085M583TY,related to,Xbox
B085M583TY,related to,PlayStation
B085M583TY,related to,Xbox Series X
B085M583TY,related to,Xbox Series S
B085M583TY,related to,Xbox One
B085M583TY,related to,PlayStation 5
B085M583TY,related to,PlayStation 4
B085M583TY,related to,PC Games
B085M583TY,related to,Xbox Games
B085M583TY,related to,PlayStation Games
B085M583TY,related to,Nintendo Games
B085M583TY,related to,Xbox Controllers
B0012RCNVO,related to,Xbox
B0012RCNVO,related to,PlayStation
B0012RCNVO,related to,Xbox One
B0012RCNVO,related to,PlayStation 5
B0012RCNVO,related to,PlayStation 4
B0012RCNVO,related to,PlayStation Vita
B0012RCNVO,related to,Xbox Games
B0012RCNVO,related to,PlayStation Games
B0012RCNVO,related to,PlayStation Controllers
B00C93KPA6,related to,Xbox
B00C93KPA6,related to,PlayStation
B00C93KPA6,related to,Nintendo
B00C93KPA6,related to,Gaming Peripherals
B00C93KPA6,related to,Controllers
B00C93KPA6,related to,Xbox Series X
B00C93KPA6,related to,Xbox Series S
B00C93KPA6,related to,Xbox One
B00C93KPA6,related to,PlayStation 5
B00C93KPA6,related to,PlayStation 4
B00C93KPA6,related to,PlayStation Vita
B00C93KPA6,related to,PC Games
B00C93KPA6,related to,Xbox Games
B00C93KPA6,related to,PlayStation Games
B00C93KPA6,related to,Xbox Controllers
B07KMDXWMT,related to,Xbox
B07KMDXWMT,related to,PlayStation
B07KMDXWMT,related to,Nintendo
B07KMDXWMT,related to,Gaming Peripherals
B07KMDXWMT,related to,Gaming Accessories
B07KMDXWMT,related to,Games
B07KMDXWMT,related to,Xbox Series X
B07KMDXWMT,related to,Xbox Series S
B07KMDXWMT,related to,Xbox One
B07KMDXWMT,related to,PlayStation 5
B07KMDXWMT,related to,PlayStation 4
B07KMDXWMT,related to,PC Games
B07KMDXWMT,related to,Xbox Games
B07KMDXWMT,related to,PlayStation Games
B07KMDXWMT,related to,Nintendo Games
B07KMDXWMT,related to,Gaming Headsets
B07KMDXWMT,related to,Xbox Controllers
B07KMDXWMT,related to,PlayStation Controllers
B00Z8EBXSQ,related to,Hardware
B00Z8EBXSQ,related to,Controllers
B00Z8EBXSQ,related to,Games
B00Z8EBXSQ,related to,Xbox Controllers
B00Z8EBXSQ,related to,PlayStation Controllers
B00Z8EBXSQ,related to,Nintendo Controllers
B00Z8EBXSQ,related to,PC Games
B00Z8EBXSQ,related to,Xbox Games
B00Z8EBXSQ,related to,PlayStation Games
B00Z8EBXSQ,related to,Nintendo Games
B07S72T11X,related to,Controllers
B07S72T11X,related to,Nintendo
B07S72T11X,related to,Nintendo Switch
B07S72T11X,related to,Nintendo Switch Lite
B07S72T11X,related to,Nintendo 3DS
B07S72T11X,related to,Nintendo Games
B07S72T11X,related to,Switch Cases
B07S72T11X,related to,Nintendo Controllers
B0BLK2YH5L,related to,Gaming Peripherals
B0BLK2YH5L,related to,Gaming Accessories
B0BLK2YH5L,related to,Games
B0BLK2YH5L,related to,PC Games
B0BLK2YH5L,related to,Xbox Games
B0BLK2YH5L,related to,PlayStation Games
B0BLK2YH5L,related to,Nintendo Games
B08J5J6914,related to,Hardware
B08J5J6914,related to,Gaming Peripherals
B08J5J6914,related to,Gaming Accessories
B08J5J6914,related to,Headsets
B08J5J6914,related to,PC Games
B0045EPECG,related to,Controllers
B0045EPECG,related to,Xbox Controllers
B0045EPECG,related to,PlayStation Controllers
B0045EPECG,related to,Nintendo Controllers
B01NCZG6DZ,related to,Xbox
B01NCZG6DZ,related to,Xbox Series X
B01NCZG6DZ,related to,Xbox One
B01NCZG6DZ,related to,Xbox Games
B01NCZG6DZ,related to,Xbox Controllers
B00VULDPCI,related to,PlayStation
B00VULDPCI,related to,Games
B00VULDPCI,related to,PlayStation 5
B00VULDPCI,related to,PlayStation 4
B00VULDPCI,related to,PlayStation Vita
B00VULDPCI,related to,PlayStation Games
B00VULDPCI,related to,PlayStation Controllers
B071HVWD55,related to,Gaming Peripherals
B071HVWD55,related to,Games
B071HVWD55,related to,PC Games
B071HVWD55,related to,Xbox Games
B005ZBO4VA,related to,Gaming Accessories
B005ZBO4VA,related to,PlayStation
B005ZBO4VA,related to,Nintendo 3DS
B005ZBO4VA,related to,PlayStation 5
B005ZBO4VA,related to,PlayStation 4
B005ZBO4VA,related to,PlayStation Vita
B005ZBO4VA,related to,PlayStation Games
B005ZBO4VA,related to,PlayStation Controllers
B001G605UM,related to,Games
B001G605UM,related to,PlayStation
B001G605UM,related to,Nintendo
B001G605UM,related to,Nintendo Switch
B001G605UM,related to,PlayStation 5
B001G605UM,related to,PlayStation 4
B001G605UM,related to,Nintendo 3DS
B001G605UM,related to,Xbox Games
B001G605UM,related to,PlayStation Games
B001G605UM,related to,Nintendo Games
B095LDRVMJ,related to,Controllers
B095LDRVMJ,related to,Gaming Peripherals
B095LDRVMJ,related to,Gaming Accessories
B095LDRVMJ,related to,Games
B095LDRVMJ,related to,Xbox
B095LDRVMJ,related to,PlayStation
B095LDRVMJ,related to,Xbox Controllers
B095LDRVMJ,related to,PlayStation Controllers
B095LDRVMJ,related to,Nintendo Controllers
B095LDRVMJ,related to,PC Games
B095LDRVMJ,related to,Xbox Games
B095LDRVMJ,related to,PlayStation Games
B095LDRVMJ,related to,Nintendo Games
B095LDRVMJ,related to,Gaming Headsets
B095LDRVMJ,related to,Xbox Series S
B095LDRVMJ,related to,Xbox One
B095LDRVMJ,related to,PlayStation 5
B095LDRVMJ,related to,PlayStation 4
B095LDRVMJ,related to,PlayStation Vita
B00NEU02JW,related to,PC Games
B00NEU02JW,related to,Xbox Games
B00005V6BK,related to,Nintendo
B00005V6BK,related to,Games
B00005V6BK,related to,Nintendo Games
B00005V6BK,related to,PC Games
B00005V6BK,related to,Xbox Games
B00005V6BK,related to,PlayStation Games
B00005MDZY,related to,Nintendo
B00005MDZY,related to,Games
B00005MDZY,related to,PC Games
B00005MDZY,related to,Xbox Games
B00005MDZY,related to,PlayStation Games
B00005MDZY,related to,Nintendo Games
B01873TWBY,related to,Hardware
B01873TWBY,related to,Xbox
B01873TWBY,related to,PlayStation
B01873TWBY,related to,Nintendo
B01873TWBY,related to,Nintendo Switch
B01873TWBY,related to,Gaming Accessories
B01873TWBY,related to,Games
B01873TWBY,related to,Xbox One
B01873TWBY,related to,PlayStation 5
B01873TWBY,related to,PlayStation 4
B01873TWBY,related to,Nintendo Switch Lite
B01873TWBY,related to,Nintendo 3DS
B01873TWBY,related to,PC Games
B01873TWBY,related to,Xbox Games
B01873TWBY,related to,PlayStation Games
B01873TWBY,related to,Nintendo Games
B01873TWBY,related to,Nintendo Controllers
B001ELJDUC,related to,Gaming Peripherals
B001ELJDUC,related to,Gaming Accessories
B001ELJDUC,related to,Games
B001ELJDUC,related to,Hardware
B001ELJDUC,related to,Xbox
B001ELJDUC,related to,PlayStation
B001ELJDUC,related to,Nintendo
B001ELJDUC,related to,Nintendo Switch
B001ELJDUC,related to,PC Games
B001ELJDUC,related to,Xbox Games
B001ELJDUC,related to,PlayStation Games
B001ELJDUC,related to,Nintendo Games
B001ELJDUC,related to,Xbox One
B001ELJDUC,related to,PlayStation 5
B001ELJDUC,related to,PlayStation 4
B001ELJDUC,related to,Nintendo Switch Lite
B001ELJDUC,related to,Nintendo 3DS
B001ELJDUC,related to,Nintendo Controllers
B00005NISJ,related to,Nintendo
B00005NISJ,related to,Games
B00005NISJ,related to,PC Games
B00005NISJ,related to,Xbox Games
B00005NISJ,related to,PlayStation Games
B00005NISJ,related to,Nintendo Games
B0B8HCM78G,related to,Xbox
B0B8HCM78G,related to,PlayStation
B0B8HCM78G,related to,Xbox Series X
B0B8HCM78G,related to,Xbox Series S
B0B8HCM78G,related to,Xbox One
B0B8HCM78G,related to,PlayStation 5
B0B8HCM78G,related to,PlayStation 4
B0B8HCM78G,related to,Xbox Games
B0B8HCM78G,related to,PlayStation Games
B0B8HCM78G,related to,Xbox Controllers
B0B8HCM78G,related to,PlayStation Controllers
B001EYUTZM,related to,PlayStation
B001EYUTZM,related to,Games
B001EYUTZM,related to,PlayStation 5
B001EYUTZM,related to,PlayStation 4
B001EYUTZM,related to,PlayStation Vita
B001EYUTZM,related to,PlayStation Games
B001EYUTZM,related to,PlayStation Controllers
B001EYUUE2,related to,Xbox
B001EYUUE2,related to,PlayStation
B001EYUUE2,related to,Gaming Accessories
B001EYUUE2,related to,Xbox Series X
B001EYUUE2,related to,Xbox Series S
B001EYUUE2,related to,Xbox One
B001EYUUE2,related to,PlayStation 5
B001EYUUE2,related to,PlayStation 4
B001EYUUE2,related to,PC Games
B001EYUUE2,related to,Xbox Games
B001EYUUE2,related to,Xbox Controllers
B001EYUUE2,related to,Nintendo Games
B001DZDUBM,related to,PlayStation
B001DZDUBM,related to,Nintendo
B001DZDUBM,related to,Games
B001DZDUBM,related to,PC Games
B001DZDUBM,related to,Xbox Games
B001DZDUBM,related to,PlayStation Games
B001DZDUBM,related to,Nintendo Games
B001EYUVZK,related to,PlayStation
B001EYUVZK,related to,Nintendo
B001EYUVZK,related to,Gaming Accessories
B001EYUVZK,related to,Games
B001EYUVZK,related to,PlayStation 5
B001EYUVZK,related to,PlayStation 4
B001EYUVZK,related to,PC Games
B001EYUVZK,related to,Xbox Games
B001EYUVZK,related to,PlayStation Games
B001EYUVZK,related to,Nintendo Games
B07T7YVVYW,related to,Gaming Accessories
B07T7YVVYW,related to,PC Games
B07T7YVVYW,related to,Xbox Games
B004HD55SS,related to,Games
B004HD55SS,related to,PC Games
B004HD55SS,related to,Xbox Games
B004HD55SS,related to,PlayStation Games
B004HD55SS,related to,Nintendo Games
B014EDW05Q,related to,Xbox
B014EDW05Q,related to,PlayStation
B014EDW05Q,related to,Xbox Series X
B014EDW05Q,related to,Xbox Series S
B014EDW05Q,related to,Xbox One
B014EDW05Q,related to,PlayStation 5
B014EDW05Q,related to,PlayStation 4
B014EDW05Q,related to,PC Games
B014EDW05Q,related to,Xbox Games
B014EDW05Q,related to,Xbox Controllers
B0BLRV59MP,related to,Nintendo Switch
B0BLRV59MP,related to,Gaming Peripherals
B0BLRV59MP,related to,Gaming Accessories
B0BLRV59MP,related to,Nintendo Switch Lite
B0BLRV59MP,related to,PC Games
B0BLRV59MP,related to,Xbox Games
B0BLRV59MP,related to,PlayStation Games
B0BLRV59MP,related to,Gaming Headsets
B00004SWLT,related to,Games
B00004SWLT,related to,Nintendo
B00004SWLT,related to,Nintendo Switch
B00004SWLT,related to,Xbox Series S
B00004SWLT,related to,PC Games
B00004SWLT,related to,Xbox Games
B00004SWLT,related to,PlayStation Games
B00004SWLT,related to,Nintendo Games
B00004SWLT,related to,Nintendo 3DS
B00004SWLT,related to,Nintendo Controllers
B001EYUWCW,related to,Hardware
B001EYUWCW,related to,Xbox
B001EYUWCW,related to,PlayStation
B001EYUWCW,related to,Nintendo
B001EYUWCW,related to,Nintendo Switch
B001EYUWCW,related to,Gaming Accessories
B001EYUWCW,related to,Games
B001EYUWCW,related to,Xbox One
B001EYUWCW,related to,PlayStation 5
B001EYUWCW,related to,PlayStation 4
B001EYUWCW,related to,Nintendo Switch Lite
B001EYUWCW,related to,Nintendo 3DS
B001EYUWCW,related to,PC Games
B001EYUWCW,related to,Xbox Games
B001EYUWCW,related to,PlayStation Games
B001EYUWCW,related to,Nintendo Games
B001EYUWCW,related to,Nintendo Controllers
B001EYUU0G,related to,PlayStation
B001EYUU0G,related to,Games
B001EYUU0G,related to,Nintendo
B001EYUU0G,related to,Gaming Accessories
B001EYUU0G,related to,PlayStation 5
B001EYUU0G,related to,PlayStation 4
B001EYUU0G,related to,PlayStation Vita
B001EYUU0G,related to,PlayStation Games
B001EYUU0G,related to,PlayStation Controllers
B001EYUU0G,related to,PC Games
B001EYUU0G,related to,Xbox Games
B001EYUU0G,related to,Nintendo Games
B01GWHPDEW,related to,Nintendo
B01GWHPDEW,related to,Nintendo Switch
B01GWHPDEW,related to,Nintendo Switch Lite
B01GWHPDEW,related to,Nintendo 3DS
B01GWHPDEW,related to,Nintendo Games
B01GWHPDEW,related to,Switch Cases
B01GWHPDEW,related to,Nintendo Controllers
B09TH7HT8N,related to,Gaming Peripherals
B09TH7HT8N,related to,Games
B09TH7HT8N,related to,Nintendo Switch
B09TH7HT8N,related to,PC Games
B09TH7HT8N,related to,Xbox Games
B09TH7HT8N,related to,Nintendo Switch Lite
B09TH7HT8N,related to,Switch Cases
B08MBKQB8Q,related to,Xbox
B08MBKQB8Q,related to,PlayStation
B08MBKQB8Q,related to,Nintendo
B08MBKQB8Q,related to,Gaming Peripherals
B08MBKQB8Q,related to,Gaming Accessories
B08MBKQB8Q,related to,Games
B08MBKQB8Q,related to,Xbox Series X
B08MBKQB8Q,related to,Xbox Series S
B08MBKQB8Q,related to,Xbox One
B08MBKQB8Q,related to,PlayStation 5
B08MBKQB8Q,related to,PlayStation 4
B08MBKQB8Q,related to,PlayStation Vita
B08MBKQB8Q,related to,PC Games
B08MBKQB8Q,related to,Xbox Games
B08MBKQB8Q,related to,PlayStation Games
B08MBKQB8Q,related to,Nintendo Games
B08MBKQB8Q,related to,Xbox Controllers
B00ESGG2F4,related to,Games
B00ESGG2F4,related to,PC Games
B00ESGG2F4,related to,Xbox Games
B00ESGG2F4,related to,PlayStation Games
B08BKCKQHT,related to,Xbox
B08BKCKQHT,related to,Xbox Series X
B08BKCKQHT,related to,Xbox Series S
B08BKCKQHT,related to,Xbox One
B08BKCKQHT,related to,Xbox Games
B08BKCKQHT,related to,Xbox Controllers
B017I75AHU,related to,Gaming Peripherals
B017I75AHU,related to,Gaming Accessories
B017I75AHU,related to,Games
B017I75AHU,related to,PC Games
B017I75AHU,related to,Xbox Games
B017I75AHU,related to,PlayStation Games
B017I75AHU,related to,Nintendo Games
B017I75AHU,related to,Gaming Headsets
B01FS7AWWK,related to,Nintendo
B01FS7AWWK,related to,Games
B01FS7AWWK,related to,PC Games
B01FS7AWWK,related to,Xbox Games
B01FS7AWWK,related to,PlayStation Games
B01FS7AWWK,related to,Nintendo Games
B00006AN1D,related to,Xbox
B00006AN1D,related to,Xbox Series X
B00006AN1D,related to,Xbox Series S
B00006AN1D,related to,Xbox One
B00006AN1D,related to,PC Games
B00006AN1D,related to,Xbox Games
B00006AN1D,related to,Xbox Controllers
B002DY9KJ8,related to,Xbox
B002DY9KJ8,related to,Games
B002DY9KJ8,related to,Xbox Series X
B002DY9KJ8,related to,Xbox Series S
B002DY9KJ8,related to,Xbox One
B002DY9KJ8,related to,PlayStation 5
B002DY9KJ8,related to,PlayStation 4
B002DY9KJ8,related to,Xbox Games
B002DY9KJ8,related to,Xbox Controllers
B002DY9KJ8,related to,PC Games
B002DY9KJ8,related to,Nintendo Games
B07CL9KMC4,related to,Hardware
B07CL9KMC4,related to,Xbox
B07CL9KMC4,related to,PlayStation
B07CL9KMC4,related to,Nintendo
B07CL9KMC4,related to,Nintendo Switch
B07CL9KMC4,related to,Gaming Accessories
B07CL9KMC4,related to,Games
B07CL9KMC4,related to,Xbox One
B07CL9KMC4,related to,PlayStation 5
B07CL9KMC4,related to,PlayStation 4
B07CL9KMC4,related to,Nintendo Switch Lite
B07CL9KMC4,related to,Nintendo 3DS
B07CL9KMC4,related to,PC Games
B07CL9KMC4,related to,Xbox Games
B07CL9KMC4,related to,PlayStation Games
B07CL9KMC4,related to,Nintendo Games
B07CL9KMC4,related to,Nintendo Controllers
B00L3KU0S8,related to,Xbox
B00L3KU0S8,related to,PlayStation
B00L3KU0S8,related to,Games
B00L3KU0S8,related to,Xbox Series X
B00L3KU0S8,related to,Xbox Series S
B00L3KU0S8,related to,Xbox One
B00L3KU0S8,related to,PlayStation 5
B00L3KU0S8,related to,PlayStation 4
B00L3KU0S8,related to,PlayStation Vita
B00L3KU0S8,related to,PC Games
B00L3KU0S8,related to,Xbox Games
B00L3KU0S8,related to,PlayStation Games
B00L3KU0S8,related to,PlayStation Controllers
B001EYUSIK,related to,Games
B001EYUSIK,related to,Xbox
B001EYUSIK,related to,PlayStation
B001EYUSIK,related to,Nintendo
B001EYUSIK,related to,Gaming Accessories
B001EYUSIK,related to,Xbox Series S
B001EYUSIK,related to,Xbox One
B001EYUSIK,related to,PlayStation 5
B001EYUSIK,related to,PlayStation 4
B001EYUSIK,related to,PlayStation Vita
B001EYUSIK,related to,PC Games
B001EYUSIK,related to,Xbox Games
B001EYUSIK,related to,PlayStation Games
B001EYUSIK,related to,Nintendo Games
B001EYUSIK,related to,PlayStation Controllers
B00002ST28,related to,Nintendo
B00002ST28,related to,Games
B00002ST28,related to,PC Games
B00002ST28,related to,Xbox Games
B00002ST28,related to,PlayStation Games
B00002ST28,related to,Nintendo Games
B0000DJX7I,related to,Xbox
B0000DJX7I,related to,Xbox Series X
B0000DJX7I,related to,Xbox Series S
B0000DJX7I,related to,Xbox One
B0000DJX7I,related to,PlayStation 4
B0000DJX7I,related to,Xbox Games
B0000DJX7I,related to,Xbox Controllers
B00005B4B5,related to,Gaming Accessories
B00005B4B5,related to,Games
B00005B4B5,related to,PC Games
B00005B4B5,related to,Xbox Games
B00005B4B5,related to,PlayStation Games
B08DLY55V1,related to,Nintendo Switch
B08DLY55V1,related to,Controllers
B08DLY55V1,related to,Games
B08DLY55V1,related to,Hardware
B08DLY55V1,related to,Xbox
B08DLY55V1,related to,PlayStation
B08DLY55V1,related to,Nintendo
B08DLY55V1,related to,Gaming Accessories
B08DLY55V1,related to,Nintendo Switch Lite
B08DLY55V1,related to,Switch Cases
B08DLY55V1,related to,Nintendo Controllers
B08DLY55V1,related to,Xbox One
B08DLY55V1,related to,PlayStation 5
B08DLY55V1,related to,PlayStation 4
B08DLY55V1,related to,Nintendo 3DS
B08DLY55V1,related to,PC Games
B08DLY55V1,related to,Xbox Games
B08DLY55V1,related to,PlayStation Games
B08DLY55V1,related to,Nintendo Games
B00VILBF0Y,related to,Gaming Peripherals
B00VILBF0Y,related to,Gaming Accessories
B00VILBF0Y,related to,Games
B00VILBF0Y,related to,PC Games
B00VILBF0Y,related to,Xbox Games
B00VILBF0Y,related to,PlayStation Games
B00VILBF0Y,related to,Nintendo Games
B00VILBF0Y,related to,Gaming Headsets
B094YM5YLZ,related to,Nintendo
B094YM5YLZ,related to,Nintendo Switch
B094YM5YLZ,related to,Storage Cases
B094YM5YLZ,related to,PlayStation
B094YM5YLZ,related to,Gaming Peripherals
B094YM5YLZ,related to,Gaming Accessories
B094YM5YLZ,related to,Games
B094YM5YLZ,related to,Nintendo Switch Lite
B094YM5YLZ,related to,Nintendo 3DS
B094YM5YLZ,related to,Nintendo Games
B094YM5YLZ,related to,Switch Cases
B094YM5YLZ,related to,Nintendo Controllers
B094YM5YLZ,related to,PC Games
B094YM5YLZ,related to,Xbox Games
B094YM5YLZ,related to,PlayStation Games
B015Z31TVA,related to,Xbox
B015Z31TVA,related to,PlayStation
B015Z31TVA,related to,Nintendo
B015Z31TVA,related to,Gaming Accessories
B015Z31TVA,related to,Games
B015Z31TVA,related to,Xbox Series S
B015Z31TVA,related to,Xbox One
B015Z31TVA,related to,PlayStation 5
B015Z31TVA,related to,PlayStation 4
B015Z31TVA,related to,PlayStation Vita
B015Z31TVA,related to,PC Games
B015Z31TVA,related to,Xbox Games
B015Z31TVA,related to,PlayStation Games
B015Z31TVA,related to,Nintendo Games
B015Z31TVA,related to,PlayStation Controllers
B00I147S6Q,related to,Xbox
B00I147S6Q,related to,Gaming Accessories
B00I147S6Q,related to,PlayStation
B00I147S6Q,related to,Xbox Series X
B00I147S6Q,related to,Xbox Series S
B00I147S6Q,related to,Xbox One
B00I147S6Q,related to,Xbox Games
B00I147S6Q,related to,Xbox Controllers
B00005C7P7,related to,Nintendo Games
B07KXQS738,related to,Xbox
B07KXQS738,related to,PlayStation
B07KXQS738,related to,Nintendo
B07KXQS738,related to,Gaming Peripherals
B07KXQS738,related to,Xbox Series X
B07KXQS738,related to,Xbox Series S
B07KXQS738,related to,Xbox One
B07KXQS738,related to,PlayStation 5
B07KXQS738,related to,PlayStation 4
B07KXQS738,related to,PlayStation Vita
B07KXQS738,related to,PC Games
B07KXQS738,related to,Xbox Games
B07KXQS738,related to,PlayStation Games
B07KXQS738,related to,Xbox Controllers
B07KXQS738,related to,PlayStation Controllers
B000HVTEX6,related to,Xbox
B000HVTEX6,related to,Games
B000HVTEX6,related to,Hardware
B000HVTEX6,related to,PC Games
B000HVTEX6,related to,Xbox Games
B000HVTEX6,related to,Nintendo Games
B01MG5O4JI,related to,Xbox
B01MG5O4JI,related to,PlayStation
B01MG5O4JI,related to,Games
B01MG5O4JI,related to,Xbox One
B01MG5O4JI,related to,PlayStation 5
B01MG5O4JI,related to,PlayStation 4
B01MG5O4JI,related to,PlayStation Vita
B01MG5O4JI,related to,Xbox Games
B01MG5O4JI,related to,PlayStation Games
B01MG5O4JI,related to,PlayStation Controllers
B01MG5O4JI,related to,Xbox Series X
B01MG5O4JI,related to,Xbox Series S
B01MG5O4JI,related to,PC Games
B00002SVCR,related to,Nintendo
B00002SVCR,related to,Nintendo Switch
B00002SVCR,related to,Gaming Accessories
B00002SVCR,related to,Games
B00002SVCR,related to,PlayStation 5
B00002SVCR,related to,PlayStation 4
B00002SVCR,related to,Nintendo 3DS
B00002SVCR,related to,Xbox Games
B00002SVCR,related to,PlayStation Games
B00002SVCR,related to,Nintendo Games
B00002SVCR,related to,Nintendo Controllers
B00002SVCR,related to,PC Games
B01N25CO06,related to,PlayStation
B01N25CO06,related to,Nintendo
B01N25CO06,related to,Nintendo Switch
B01N25CO06,related to,Games
B01N25CO06,related to,Xbox Series S
B01N25CO06,related to,PlayStation 5
B01N25CO06,related to,PlayStation 4
B01N25CO06,related to,Nintendo 3DS
B01N25CO06,related to,Xbox Games
B01N25CO06,related to,PlayStation Games
B01N25CO06,related to,Nintendo Games
B01N25CO06,related to,Nintendo Controllers
B01N25CO06,related to,PC Games
B0725CYTMD,related to,Nintendo
B0725CYTMD,related to,Nintendo Switch
B0725CYTMD,related to,Games
B0725CYTMD,related to,Nintendo Switch Lite
B0725CYTMD,related to,Nintendo 3DS
B0725CYTMD,related to,Nintendo Games
B0725CYTMD,related to,Switch Cases
B0725CYTMD,related to,Nintendo Controllers
B0725CYTMD,related to,PC Games
B0725CYTMD,related to,Xbox Games
B0725CYTMD,related to,PlayStation Games
B0BHTCQXVL,related to,PlayStation
B0BHTCQXVL,related to,Nintendo
B0BHTCQXVL,related to,Gaming Peripherals
B0BHTCQXVL,related to,Gaming Accessories
B0BHTCQXVL,related to,Games
B0BHTCQXVL,related to,PlayStation 5
B0BHTCQXVL,related to,PlayStation 4
B0BHTCQXVL,related to,PC Games
B0BHTCQXVL,related to,Xbox Games
B0BHTCQXVL,related to,PlayStation Games
B0BHTCQXVL,related to,Nintendo Games
B0BHTCQXVL,related to,Gaming Headsets
B094DPZ6ML,related to,Hardware
B094DPZ6ML,related to,Xbox
B094DPZ6ML,related to,PlayStation
B094DPZ6ML,related to,Nintendo
B094DPZ6ML,related to,Gaming Peripherals
B094DPZ6ML,related to,Gaming Accessories
B094DPZ6ML,related to,Games
B094DPZ6ML,related to,PC Games
B094DPZ6ML,related to,Xbox Games
B094DPZ6ML,related to,PlayStation Games
B094DPZ6ML,related to,Nintendo Games
B094DPZ6ML,related to,Gaming Headsets
B094DPZ6ML,related to,Xbox Controllers
B094DPZ6ML,related to,PlayStation Controllers
B094DPZ6ML,related to,Nintendo Controllers
B079SZM225,related to,Games
B016BPPFBQ,related to,Xbox
B016BPPFBQ,related to,Gaming Peripherals
B016BPPFBQ,related to,Controllers
B016BPPFBQ,related to,PlayStation
B016BPPFBQ,related to,Xbox Series X
B016BPPFBQ,related to,Xbox Series S
B016BPPFBQ,related to,Xbox One
B016BPPFBQ,related to,Xbox Games
B016BPPFBQ,related to,Xbox Controllers
B016BPPFBQ,related to,PlayStation Controllers
B016BPPFBQ,related to,Nintendo Controllers
B016BPPFBQ,related to,PlayStation 5
B016BPPFBQ,related to,PlayStation 4
B016BPPFBQ,related to,PC Games
B003IY47Z4,related to,PlayStation
B003IY47Z4,related to,Nintendo
B003IY47Z4,related to,Nintendo Switch
B003IY47Z4,related to,Games
B003IY47Z4,related to,PlayStation 5
B003IY47Z4,related to,PlayStation 4
B003IY47Z4,related to,Nintendo 3DS
B003IY47Z4,related to,Xbox Games
B003IY47Z4,related to,PlayStation Games
B003IY47Z4,related to,Nintendo Games
B003IY47Z4,related to,PlayStation Controllers
B003IY47Z4,related to,Nintendo Controllers
B003IY47Z4,related to,PC Games
B01BVX6B02,related to,Nintendo
B01BVX6B02,related to,Games
B01BVX6B02,related to,Xbox
B01BVX6B02,related to,PlayStation
B01BVX6B02,related to,Nintendo Switch
B01BVX6B02,related to,PC Games
B01BVX6B02,related to,Xbox Games
B01BVX6B02,related to,PlayStation Games
B01BVX6B02,related to,Nintendo Games
B01BVX6B02,related to,Xbox One
B01BVX6B02,related to,PlayStation 5
B01BVX6B02,related to,PlayStation 4
B01BVX6B02,related to,PlayStation Vita
B01BVX6B02,related to,Nintendo 3DS
B01BVX6B02,related to,PlayStation Controllers
B01BVX6B02,related to,Nintendo Controllers
B00004SW24,related to,Games
B00004SW24,related to,PlayStation
B00004SW24,related to,Nintendo
B00004SW24,related to,PC Games
B00004SW24,related to,Xbox Games
B00004SW24,related to,PlayStation Games
B00004SW24,related to,Nintendo Games
B00004SW24,related to,PlayStation 5
B00004SW24,related to,PlayStation 4
B08RDC5HL7,related to,Nintendo
B08RDC5HL7,related to,Nintendo Switch
B08RDC5HL7,related to,Storage Cases
B08RDC5HL7,related to,Nintendo Switch Lite
B08RDC5HL7,related to,Nintendo 3DS
B08RDC5HL7,related to,Nintendo Games
B08RDC5HL7,related to,Switch Cases
B08RDC5HL7,related to,Nintendo Controllers
B001G605ZC,related to,Nintendo
B001G605ZC,related to,Games
B001G605ZC,related to,PC Games
B001G605ZC,related to,Xbox Games
B001G605ZC,related to,PlayStation Games
B001G605ZC,related to,Nintendo Games
B01M8EXTO3,related to,Nintendo
B01M8EXTO3,related to,Nintendo Switch
B01M8EXTO3,related to,Nintendo 3DS
B01M8EXTO3,related to,Nintendo Games
B01M8EXTO3,related to,Nintendo Controllers
B000035XPQ,related to,PlayStation
B000035XPQ,related to,Nintendo
B000035XPQ,related to,Nintendo Switch
B000035XPQ,related to,PlayStation 5
B000035XPQ,related to,PlayStation 4
B000035XPQ,related to,PlayStation Vita
B000035XPQ,related to,Nintendo 3DS
B000035XPQ,related to,PlayStation Games
B000035XPQ,related to,Nintendo Games
B01A7WHWE2,related to,Gaming Peripherals
B01A7WHWE2,related to,Gaming Accessories
B01A7WHWE2,related to,Games
B01A7WHWE2,related to,PC Games
B01A7WHWE2,related to,Xbox Games
B01A7WHWE2,related to,PlayStation Games
B01A7WHWE2,related to,Nintendo Games
B00YQ74LVM,related to,Nintendo
B00YQ74LVM,related to,Nintendo Switch
B00YQ74LVM,related to,Gaming Peripherals
B00YQ74LVM,related to,Gaming Accessories
B00YQ74LVM,related to,Games
B00YQ74LVM,related to,PlayStation 4
B00YQ74LVM,related to,Nintendo 3DS
B00YQ74LVM,related to,Xbox Games
B00YQ74LVM,related to,Nintendo Games
B00YQ74LVM,related to,Nintendo Controllers
B00YQ74LVM,related to,PC Games
B00YQ74LVM,related to,PlayStation Games
B000099T2E,related to,PlayStation
B000099T2E,related to,Gaming Accessories
B000099T2E,related to,Xbox One
B000099T2E,related to,PlayStation 5
B000099T2E,related to,PlayStation 4
B000099T2E,related to,PlayStation Vita
B000099T2E,related to,PC Games
B000099T2E,related to,Xbox Games
B000099T2E,related to,PlayStation Games
B000099T2E,related to,PlayStation Controllers
B07QQ8N7LL,related to,Xbox
B07QQ8N7LL,related to,Xbox Series X
B07QQ8N7LL,related to,Xbox Series S
B07QQ8N7LL,related to,Xbox One
B07QQ8N7LL,related to,PlayStation 5
B07QQ8N7LL,related to,PlayStation 4
B07QQ8N7LL,related to,Xbox Games
B07QQ8N7LL,related to,Xbox Controllers
B09LTXBY4M,related to,Controllers
B09LTXBY4M,related to,Nintendo
B09LTXBY4M,related to,Nintendo Switch
B09LTXBY4M,related to,Xbox Controllers
B09LTXBY4M,related to,PlayStation Controllers
B09LTXBY4M,related to,Nintendo Controllers
B09LTXBY4M,related to,Nintendo 3DS
B09LTXBY4M,related to,PlayStation Games
B09LTXBY4M,related to,Nintendo Games
B003QFUREU,related to,Games
B003QFUREU,related to,PC Games
B003QFUREU,related to,PlayStation Games
B003QFUREU,related to,Nintendo Games
B008ZAFAQG,related to,Nintendo 3DS
B07DHRDQX1,related to,Gaming Peripherals
B07DHRDQX1,related to,Gaming Accessories
B07DHRDQX1,related to,Games
B07DHRDQX1,related to,PC Games
B07DHRDQX1,related to,Xbox Games
B07DHRDQX1,related to,PlayStation Games
B07DHRDQX1,related to,Nintendo Games
B07DHRDQX1,related to,Gaming Headsets
B00008XKZE,related to,Games
B00008XKZE,related to,PC Games
B00008XKZE,related to,Nintendo Games
B07F8WHNB7,related to,Nintendo
B07F8WHNB7,related to,Nintendo Switch
B07F8WHNB7,related to,Nintendo Switch Lite
B07F8WHNB7,related to,Nintendo 3DS
B07F8WHNB7,related to,Nintendo Games
B07F8WHNB7,related to,Switch Cases
B07F8WHNB7,related to,Nintendo Controllers
B01LLBB7AI,related to,Xbox
B01LLBB7AI,related to,Gaming Peripherals
B01LLBB7AI,related to,Gaming Accessories
B01LLBB7AI,related to,Controllers
B01LLBB7AI,related to,Games
B01LLBB7AI,related to,Xbox Series X
B01LLBB7AI,related to,Xbox Series S
B01LLBB7AI,related to,Xbox One
B01LLBB7AI,related to,Xbox Games
B01LLBB7AI,related to,Xbox Controllers
B01LLBB7AI,related to,PlayStation Controllers
B01LLBB7AI,related to,Nintendo Controllers
B01LLBB7AI,related to,PC Games
B01LLBB7AI,related to,PlayStation Games
B01LLBB7AI,related to,Nintendo Games
B001EYUTIY,related to,Games
B001EYUTIY,related to,Xbox
B001EYUTIY,related to,PlayStation
B001EYUTIY,related to,PC Games
B001EYUTIY,related to,PlayStation Games
B001EYUTIY,related to,Nintendo Games
B001EYUTIY,related to,Xbox Games
B001EYUTIY,related to,PlayStation 5
B001EYUTIY,related to,PlayStation 4
B001EYUTIY,related to,PlayStation Vita
B001EYUTIY,related to,PlayStation Controllers
B00GZAOL18,related to,Games
B00GZAOL18,related to,PlayStation
B00GZAOL18,related to,PC Games
B00GZAOL18,related to,PlayStation Games
B00GZAOL18,related to,Nintendo Games
B00GZAOL18,related to,PlayStation 5
B00GZAOL18,related to,PlayStation 4
B00GZAOL18,related to,PlayStation Vita
B00GZAOL18,related to,PlayStation Controllers
B001EYUQXM,related to,Games
B001EYUQXM,related to,PlayStation
B001EYUQXM,related to,Nintendo
B001EYUQXM,related to,Nintendo Switch
B001EYUQXM,related to,PC Games
B001EYUQXM,related to,Xbox Series S
B001EYUQXM,related to,PlayStation 5
B001EYUQXM,related to,PlayStation 4
B001EYUQXM,related to,Nintendo 3DS
B001EYUQXM,related to,Xbox Games
B001EYUQXM,related to,PlayStation Games
B001EYUQXM,related to,Nintendo Games
B001EYUQXM,related to,Nintendo Controllers
B013OW1FJ0,related to,Nintendo
B001EYUQWS,related to,Xbox
B001EYUQWS,related to,PlayStation
B001EYUQWS,related to,Xbox Series X
B001EYUQWS,related to,Xbox Series S
B001EYUQWS,related to,Xbox One
B001EYUQWS,related to,PlayStation 5
B001EYUQWS,related to,PlayStation 4
B001EYUQWS,related to,PC Games
B001EYUQWS,related to,Xbox Games
B001EYUQWS,related to,PlayStation Games
B001EYUQWS,related to,Xbox Controllers
B0769GYDJ2,related to,Gaming Peripherals
B0769GYDJ2,related to,Nintendo
B0769GYDJ2,related to,Nintendo Switch
B0769GYDJ2,related to,Nintendo 3DS
B0769GYDJ2,related to,Nintendo Games
B0769GYDJ2,related to,Nintendo Controllers
B00HDC5IW8,related to,Nintendo
B00HDC5IW8,related to,Games
B00HDC5IW8,related to,PC Games
B00HDC5IW8,related to,Xbox Games
B00HDC5IW8,related to,PlayStation Games
B00HDC5IW8,related to,Nintendo Games
B003LJSJXW,related to,Nintendo
B003LJSJXW,related to,Games
B003LJSJXW,related to,PlayStation
B003LJSJXW,related to,PC Games
B003LJSJXW,related to,Xbox Games
B003LJSJXW,related to,PlayStation Games
B003LJSJXW,related to,Nintendo Games
B003LJSJXW,related to,PlayStation 5
B003LJSJXW,related to,PlayStation 4
B003LJSJXW,related to,PlayStation Vita
B003LJSJXW,related to,PlayStation Controllers
B0001YYNL2,related to,Gaming Accessories
B0001YYNL2,related to,Games
B0001YYNL2,related to,PlayStation
B0001YYNL2,related to,Nintendo
B0001YYNL2,related to,PC Games
B0001YYNL2,related to,Xbox Games
B0001YYNL2,related to,PlayStation Games
B0001YYNL2,related to,Nintendo Games
B00QF9A0SC,related to,PlayStation
B00QF9A0SC,related to,Games
B00QF9A0SC,related to,Xbox One
B00QF9A0SC,related to,PlayStation 5
B00QF9A0SC,related to,PlayStation 4
B00QF9A0SC,related to,PlayStation Vita
B00QF9A0SC,related to,PlayStation Games
B00QF9A0SC,related to,PlayStation Controllers
B00QF9A0SC,related to,PC Games
B00QF9A0SC,related to,Xbox Games
B00QF9A0SC,related to,Nintendo Games
B004J6I0YO,related to,PlayStation
B004J6I0YO,related to,Games
B004J6I0YO,related to,Nintendo 3DS
B004J6I0YO,related to,PlayStation 5
B004J6I0YO,related to,PlayStation 4
B004J6I0YO,related to,PlayStation Games
B004J6I0YO,related to,PlayStation Controllers
B004J6I0YO,related to,PC Games
B004J6I0YO,related to,Xbox Games
B004J6I0YO,related to,Nintendo Games
B00ZSF6ZAG,related to,Games
B00ZSF6ZAG,related to,PC Games
B00ZSF6ZAG,related to,Xbox Games
B00ZSF6ZAG,related to,PlayStation Games
B01G4RI4SC,related to,PlayStation
B01G4RI4SC,related to,Controllers
B01G4RI4SC,related to,PlayStation 5
B01G4RI4SC,related to,PlayStation 4
B01G4RI4SC,related to,PlayStation Vita
B01G4RI4SC,related to,PlayStation Games
B01G4RI4SC,related to,PlayStation Controllers
B01G4RI4SC,related to,Switch Cases
B01G4RI4SC,related to,Nintendo Controllers
B000V9CCLU,related to,Nintendo
B000V9CCLU,related to,Games
B000V9CCLU,related to,PC Games
B000V9CCLU,related to,Xbox Games
B000V9CCLU,related to,PlayStation Games
B000V9CCLU,related to,Nintendo Games
B001QCWRYS,related to,PlayStation
B001QCWRYS,related to,Games
B001QCWRYS,related to,PlayStation 5
B001QCWRYS,related to,PlayStation 4
B001QCWRYS,related to,PlayStation Vita
B001QCWRYS,related to,PlayStation Games
B001QCWRYS,related to,PlayStation Controllers
B001QCWRYS,related to,PC Games
B001QCWRYS,related to,Xbox Games
B00K2SLW1G,related to,Hardware
B00K2SLW1G,related to,Xbox
B00K2SLW1G,related to,PlayStation
B00K2SLW1G,related to,Nintendo
B00K2SLW1G,related to,Nintendo Switch
B00K2SLW1G,related to,Gaming Accessories
B00K2SLW1G,related to,Games
B00K2SLW1G,related to,Xbox One
B00K2SLW1G,related to,PlayStation 5
B00K2SLW1G,related to,PlayStation 4
B00K2SLW1G,related to,Nintendo Switch Lite
B00K2SLW1G,related to,Nintendo 3DS
B00K2SLW1G,related to,PC Games
B00K2SLW1G,related to,Xbox Games
B00K2SLW1G,related to,PlayStation Games
B00K2SLW1G,related to,Nintendo Games
B00K2SLW1G,related to,Nintendo Controllers
B0B1ZLNXC5,related to,Gaming Peripherals
B0B1ZLNXC5,related to,Gaming Accessories
B0B1ZLNXC5,related to,Games
B0B1ZLNXC5,related to,Nintendo Switch
B0B1ZLNXC5,related to,Nintendo
B0B1ZLNXC5,related to,PC Games
B0B1ZLNXC5,related to,Switch Cases
B0B1ZLNXC5,related to,Xbox Games
B0B1ZLNXC5,related to,PlayStation Games
B0B1ZLNXC5,related to,Nintendo Games
B001QCWSLU,related to,Games
B001G7PSDA,related to,Xbox
B001G7PSDA,related to,PlayStation
B001G7PSDA,related to,Nintendo
B001G7PSDA,related to,Games
B001G7PSDA,related to,Xbox Series X
B001G7PSDA,related to,Xbox Series S
B001G7PSDA,related to,Xbox One
B001G7PSDA,related to,PlayStation 5
B001G7PSDA,related to,PlayStation 4
B001G7PSDA,related to,PC Games
B001G7PSDA,related to,Xbox Games
B001G7PSDA,related to,PlayStation Games
B001G7PSDA,related to,Nintendo Games
B0009HFWMU,related to,PlayStation
B0009HFWMU,related to,Nintendo
B0009HFWMU,related to,Nintendo Switch
B0009HFWMU,related to,Xbox Series S
B0009HFWMU,related to,PlayStation 5
B0009HFWMU,related to,PlayStation 4
B0009HFWMU,related to,Nintendo 3DS
B0009HFWMU,related to,Xbox Games
B0009HFWMU,related to,PlayStation Games
B0009HFWMU,related to,Nintendo Games
B0009HFWMU,related to,Nintendo Controllers
B07JDTN3XN,related to,Games
B07JDTN3XN,related to,Xbox
B07JDTN3XN,related to,PC Games
B07JDTN3XN,related to,Xbox Games
B07JDTN3XN,related to,PlayStation Games
B07JDTN3XN,related to,Nintendo Games
B07JDTN3XN,related to,Xbox Series X
B07JDTN3XN,related to,Xbox Series S
B07JDTN3XN,related to,Xbox One
B07JDTN3XN,related to,PlayStation 5
B07JDTN3XN,related to,PlayStation 4
B00PZVOTFG,related to,Xbox
B00PZVOTFG,related to,Games
B00PZVOTFG,related to,Nintendo
B00PZVOTFG,related to,Xbox One
B00PZVOTFG,related to,PC Games
B00PZVOTFG,related to,Xbox Games
B00PZVOTFG,related to,PlayStation Games
B00PZVOTFG,related to,Nintendo Games
B00004RFBV,related to,PlayStation
B00004RFBV,related to,Nintendo
B00004RFBV,related to,Games
B00004RFBV,related to,PlayStation 5
B00004RFBV,related to,PlayStation 4
B00004RFBV,related to,PlayStation Vita
B00004RFBV,related to,PC Games
B00004RFBV,related to,Xbox Games
B00004RFBV,related to,PlayStation Games
B00004RFBV,related to,Nintendo Games
B00004RFBV,related to,PlayStation Controllers
B073WQ8BWK,related to,Nintendo
B073WQ8BWK,related to,Nintendo Switch
B073WQ8BWK,related to,Nintendo 3DS
B073WQ8BWK,related to,Nintendo Games
B073WQ8BWK,related to,Nintendo Controllers
B01M1DN3OO,related to,Xbox
B01M1DN3OO,related to,Nintendo
B01M1DN3OO,related to,Xbox Series X
B01M1DN3OO,related to,Xbox Series S
B01M1DN3OO,related to,Xbox One
B01M1DN3OO,related to,PC Games
B01M1DN3OO,related to,Xbox Games
B01M1DN3OO,related to,Xbox Controllers
B00GM5UIN6,related to,PlayStation
B00GM5UIN6,related to,Nintendo
B00GM5UIN6,related to,Gaming Accessories
B00GM5UIN6,related to,Games
B00GM5UIN6,related to,PlayStation 5
B00GM5UIN6,related to,PlayStation 4
B00GM5UIN6,related to,PC Games
B00GM5UIN6,related to,Xbox Games
B00GM5UIN6,related to,PlayStation Games
B00GM5UIN6,related to,Nintendo Games
B002RS7NB2,related to,Xbox
B002RS7NB2,related to,PlayStation
B002RS7NB2,related to,Nintendo
B002RS7NB2,related to,Gaming Peripherals
B002RS7NB2,related to,Gaming Accessories
B002RS7NB2,related to,Games
B002RS7NB2,related to,Xbox Series X
B002RS7NB2,related to,Xbox Series S
B002RS7NB2,related to,Xbox One
B002RS7NB2,related to,PlayStation 5
B002RS7NB2,related to,PlayStation 4
B002RS7NB2,related to,PlayStation Vita
B002RS7NB2,related to,PC Games
B002RS7NB2,related to,Xbox Games
B002RS7NB2,related to,PlayStation Games
B002RS7NB2,related to,Nintendo Games
B002RS7NB2,related to,Xbox Controllers
B001EYUXIK,related to,PlayStation
B001EYUXIK,related to,Nintendo
B001EYUXIK,related to,Gaming Accessories
B001EYUXIK,related to,Games
B001EYUXIK,related to,PlayStation 5
B001EYUXIK,related to,PlayStation 4
B001EYUXIK,related to,PC Games
B001EYUXIK,related to,Xbox Games
B001EYUXIK,related to,PlayStation Games
B001EYUXIK,related to,Nintendo Games
B0001HAI9U,related to,PlayStation
B0001HAI9U,related to,Nintendo
B0001HAI9U,related to,Gaming Accessories
B0001HAI9U,related to,Games
B0001HAI9U,related to,PlayStation 5
B0001HAI9U,related to,PlayStation 4
B0001HAI9U,related to,PC Games
B0001HAI9U,related to,Xbox Games
B0001HAI9U,related to,PlayStation Games
B0001HAI9U,related to,Nintendo Games
B000B6ML32,related to,Xbox
B000B6ML32,related to,Xbox One
B000B6ML32,related to,PlayStation Vita
B000B6ML32,related to,Xbox Games
B000B6ML32,related to,Xbox Controllers
B000035XKU,related to,PlayStation
B000035XKU,related to,Nintendo
B000035XKU,related to,Nintendo Switch
B000035XKU,related to,PlayStation 5
B000035XKU,related to,PlayStation 4
B000035XKU,related to,PlayStation Vita
B000035XKU,related to,Nintendo 3DS
B000035XKU,related to,PlayStation Games
B000035XKU,related to,Nintendo Games
B0793DBTYP,related to,Games
B0793DBTYP,related to,PlayStation
B0793DBTYP,related to,PC Games
B0793DBTYP,related to,Xbox Games
B0793DBTYP,related to,PlayStation Games
B0793DBTYP,related to,Nintendo Games
B0793DBTYP,related to,PlayStation 5
B0793DBTYP,related to,PlayStation 4
B0793DBTYP,related to,PlayStation Vita
B0793DBTYP,related to,PlayStation Controllers
B08C2L5S2V,related to,Nintendo
B08C2L5S2V,related to,Nintendo Switch
B08C2L5S2V,related to,Gaming Peripherals
B08C2L5S2V,related to,Nintendo 3DS
B08C2L5S2V,related to,PC Games
B08C2L5S2V,related to,Xbox Games
B08C2L5S2V,related to,PlayStation Games
B08C2L5S2V,related to,Nintendo Games
B08C2L5S2V,related to,Nintendo Controllers
B08C2L5S2V,related to,Nintendo Switch Lite
B001ELJPR8,related to,Xbox
B001ELJPR8,related to,PlayStation
B001ELJPR8,related to,Nintendo
B001ELJPR8,related to,Gaming Accessories
B001ELJPR8,related to,Games
B001ELJPR8,related to,Xbox Series S
B001ELJPR8,related to,Xbox One
B001ELJPR8,related to,PlayStation 5
B001ELJPR8,related to,PlayStation 4
B001ELJPR8,related to,PlayStation Vita
B001ELJPR8,related to,PC Games
B001ELJPR8,related to,Xbox Games
B001ELJPR8,related to,PlayStation Games
B001ELJPR8,related to,Nintendo Games
B001ELJPR8,related to,PlayStation Controllers
B00022GIYI,related to,Nintendo
B00022GIYI,related to,Games
B00022GIYI,related to,PC Games
B00022GIYI,related to,Xbox Games
B00022GIYI,related to,PlayStation Games
B00022GIYI,related to,Nintendo Games
B09ZL3TPNJ,related to,Nintendo Switch
B09ZL3TPNJ,related to,Hardware
B09ZL3TPNJ,related to,Xbox
B09ZL3TPNJ,related to,PlayStation
B09ZL3TPNJ,related to,Nintendo
B09ZL3TPNJ,related to,Gaming Accessories
B09ZL3TPNJ,related to,Games
B09ZL3TPNJ,related to,Nintendo Switch Lite
B09ZL3TPNJ,related to,Switch Cases
B09ZL3TPNJ,related to,Xbox One
B09ZL3TPNJ,related to,PlayStation 5
B09ZL3TPNJ,related to,PlayStation 4
B09ZL3TPNJ,related to,Nintendo 3DS
B09ZL3TPNJ,related to,PC Games
B09ZL3TPNJ,related to,Xbox Games
B09ZL3TPNJ,related to,PlayStation Games
B09ZL3TPNJ,related to,Nintendo Games
B09ZL3TPNJ,related to,Nintendo Controllers
B002CZ918S,related to,Gaming Peripherals
B002CZ918S,related to,Gaming Accessories
B002CZ918S,related to,Games
B002CZ918S,related to,PlayStation
B002CZ918S,related to,Nintendo
B002CZ918S,related to,PC Games
B002CZ918S,related to,Xbox Games
B002CZ918S,related to,PlayStation Games
B002CZ918S,related to,Nintendo Games
B002CZ918S,related to,Gaming Headsets
B002CZ918S,related to,PlayStation 5
B002CZ918S,related to,PlayStation 4
B002CZ918S,related to,Nintendo 3DS
B0C5JVWJC7,related to,Xbox
B0C5JVWJC7,related to,Games
B0C5JVWJC7,related to,Xbox Series X
B0C5JVWJC7,related to,Xbox Series S
B0C5JVWJC7,related to,Xbox One
B0C5JVWJC7,related to,PlayStation 5
B0C5JVWJC7,related to,PlayStation 4
B0C5JVWJC7,related to,Xbox Games
B0C5JVWJC7,related to,Xbox Controllers
B0C5JVWJC7,related to,PC Games
B0C5JVWJC7,related to,PlayStation Games
B0C5JVWJC7,related to,Nintendo Games
B00M94R74M,related to,Xbox
B00M94R74M,related to,PlayStation
B00M94R74M,related to,Nintendo
B00M94R74M,related to,Gaming Accessories
B00M94R74M,related to,Games
B00M94R74M,related to,Xbox Series X
B00M94R74M,related to,Xbox Series S
B00M94R74M,related to,Xbox One
B00M94R74M,related to,PlayStation 5
B00M94R74M,related to,PlayStation 4
B00M94R74M,related to,PlayStation Vita
B00M94R74M,related to,PC Games
B00M94R74M,related to,Xbox Games
B00M94R74M,related to,PlayStation Games
B00M94R74M,related to,Nintendo Games
B00M94R74M,related to,Xbox Controllers
B09Y6956KC,related to,Nintendo
B09Y6956KC,related to,Nintendo Switch
B09Y6956KC,related to,Gaming Accessories
B09Y6956KC,related to,Games
B09Y6956KC,related to,Gaming Peripherals
B09Y6956KC,related to,Nintendo 3DS
B09Y6956KC,related to,Nintendo Games
B09Y6956KC,related to,Nintendo Controllers
B09Y6956KC,related to,PC Games
B09Y6956KC,related to,Xbox Games
B09Y6956KC,related to,PlayStation Games
B00000K11D,related to,Nintendo
B00000K11D,related to,Games
B000E0OCR8,related to,Nintendo
B000E0OCR8,related to,Games
B000E0OCR8,related to,PC Games
B000E0OCR8,related to,Xbox Games
B000E0OCR8,related to,PlayStation Games
B000E0OCR8,related to,Nintendo Games
B074NZZHDM,related to,Nintendo Switch
B074NZZHDM,related to,Nintendo
B074NZZHDM,related to,Switch Cases
B074NZZHDM,related to,Nintendo 3DS
B074NZZHDM,related to,Nintendo Games
B074NZZHDM,related to,Nintendo Controllers
B0064VADXI,related to,Gaming Peripherals
B0064VADXI,related to,Gaming Accessories
B0064VADXI,related to,Games
B0064VADXI,related to,PC Games
B0064VADXI,related to,Xbox Games
B0064VADXI,related to,PlayStation Games
B0064VADXI,related to,Nintendo Games
B001EYUNCQ,related to,PlayStation
B001EYUNCQ,related to,Nintendo
B001EYUNCQ,related to,Gaming Accessories
B001EYUNCQ,related to,Games
B001EYUNCQ,related to,Nintendo Switch
B001EYUNCQ,related to,PlayStation 5
B001EYUNCQ,related to,PlayStation 4
B001EYUNCQ,related to,PC Games
B001EYUNCQ,related to,Xbox Games
B001EYUNCQ,related to,PlayStation Games
B001EYUNCQ,related to,Nintendo Games
B001EYUNCQ,related to,PlayStation Vita
B001EYUNCQ,related to,Nintendo Controllers
B07WT56LHX,related to,PlayStation
B07WT56LHX,related to,Xbox One
B07WT56LHX,related to,PlayStation 5
B07WT56LHX,related to,PlayStation 4
B07WT56LHX,related to,PlayStation Vita
B07WT56LHX,related to,PC Games
B07WT56LHX,related to,Xbox Games
B07WT56LHX,related to,PlayStation Games
B07WT56LHX,related to,PlayStation Controllers
B000VUWJ7G,related to,Nintendo
B0C2CYCX75,related to,Controllers
B0C2CYCX75,related to,Gaming Peripherals
B0C2CYCX75,related to,Gaming Accessories
B0C2CYCX75,related to,Games
B0C2CYCX75,related to,Xbox Controllers
B0C2CYCX75,related to,PlayStation Controllers
B0C2CYCX75,related to,Nintendo Controllers
B0C2CYCX75,related to,PC Games
B0C2CYCX75,related to,Xbox Games
B0C2CYCX75,related to,PlayStation Games
B0C2CYCX75,related to,Nintendo Games
B00002SUCV,related to,Nintendo
B00002SUCV,related to,Nintendo Switch
B00002SUCV,related to,PlayStation 5
B00002SUCV,related to,PlayStation 4
B00002SUCV,related to,Nintendo 3DS
B00002SUCV,related to,Xbox Games
B00002SUCV,related to,PlayStation Games
B00002SUCV,related to,Nintendo Games
B00002SUCV,related to,Nintendo Controllers
B00XZQ58AI,related to,Games
B00XZQ58AI,related to,PC Games
B07NLR6HD1,related to,Xbox
B07NLR6HD1,related to,Controllers
B07NLR6HD1,related to,Games
B07NLR6HD1,related to,Xbox Series X
B07NLR6HD1,related to,Xbox Series S
B07NLR6HD1,related to,Xbox One
B07NLR6HD1,related to,PC Games
B07NLR6HD1,related to,Xbox Games
B07NLR6HD1,related to,Xbox Controllers
B07NLR6HD1,related to,PlayStation Controllers
B07NLR6HD1,related to,Nintendo Controllers
B093XKT25J,related to,Gaming Peripherals
B093XKT25J,related to,Gaming Accessories
B093XKT25J,related to,Games
B093XKT25J,related to,PC Games
B093XKT25J,related to,Xbox Games
B093XKT25J,related to,PlayStation Games
B093XKT25J,related to,Nintendo Games
B0094BM8VK,related to,Xbox
B0094BM8VK,related to,PlayStation
B0094BM8VK,related to,Nintendo
B0094BM8VK,related to,Gaming Peripherals
B0094BM8VK,related to,Xbox Series X
B0094BM8VK,related to,Xbox Series S
B0094BM8VK,related to,Xbox One
B0094BM8VK,related to,PlayStation 5
B0094BM8VK,related to,PlayStation 4
B0094BM8VK,related to,PlayStation Vita
B0094BM8VK,related to,PC Games
B0094BM8VK,related to,Xbox Games
B0094BM8VK,related to,PlayStation Games
B0094BM8VK,related to,Xbox Controllers
B008KVD9E0,related to,Headsets
B008KVD9E0,related to,VR Headsets
B008KVD9E0,related to,Gaming Headsets
B00HVBPRUO,related to,Gaming Peripherals
B00HVBPRUO,related to,Gaming Accessories
B00HVBPRUO,related to,Games
B00HVBPRUO,related to,PlayStation
B00HVBPRUO,related to,Headsets
B00HVBPRUO,related to,VR Headsets
B00HVBPRUO,related to,PC Games
B00HVBPRUO,related to,Xbox Games
B00HVBPRUO,related to,PlayStation Games
B00HVBPRUO,related to,Nintendo Games
B00HVBPRUO,related to,Gaming Headsets
B00HVBPRUO,related to,PlayStation 5
B00HVBPRUO,related to,PlayStation 4
B00HVBPRUO,related to,PlayStation Vita
B000EOOZ5S,related to,Xbox
B000EOOZ5S,related to,PlayStation
B000EOOZ5S,related to,Nintendo
B000EOOZ5S,related to,Games
B000EOOZ5S,related to,Xbox Series X
B000EOOZ5S,related to,Xbox Series S
B000EOOZ5S,related to,Xbox One
B000EOOZ5S,related to,PlayStation 5
B000EOOZ5S,related to,PlayStation 4
B000EOOZ5S,related to,PC Games
B000EOOZ5S,related to,Xbox Games
B000EOOZ5S,related to,PlayStation Games
B000EOOZ5S,related to,Nintendo Games
B001EYUSKS,related to,Nintendo
B001EYUSKS,related to,Games
B001EYUSKS,related to,PC Games
B001EYUSKS,related to,Xbox Games
B001EYUSKS,related to,PlayStation Games
B001EYUSKS,related to,Nintendo Games
B07YXNJ6CL,related to,Nintendo Switch
B07YXNJ6CL,related to,Hardware
B07YXNJ6CL,related to,Xbox
B07YXNJ6CL,related to,PlayStation
B07YXNJ6CL,related to,Nintendo
B07YXNJ6CL,related to,Gaming Accessories
B07YXNJ6CL,related to,Games
B07YXNJ6CL,related to,Nintendo Switch Lite
B07YXNJ6CL,related to,Switch Cases
B07YXNJ6CL,related to,Xbox One
B07YXNJ6CL,related to,PlayStation 5
B07YXNJ6CL,related to,PlayStation 4
B07YXNJ6CL,related to,Nintendo 3DS
B07YXNJ6CL,related to,PC Games
B07YXNJ6CL,related to,Xbox Games
B07YXNJ6CL,related to,PlayStation Games
B07YXNJ6CL,related to,Nintendo Games
B07YXNJ6CL,related to,Nintendo Controllers
B0002HOF34,related to,Xbox
B0002HOF34,related to,PlayStation
B0002HOF34,related to,Nintendo
B0002HOF34,related to,Gaming Accessories
B0002HOF34,related to,Games
B0002HOF34,related to,Xbox Series S
B0002HOF34,related to,Xbox One
B0002HOF34,related to,PlayStation 5
B0002HOF34,related to,PlayStation 4
B0002HOF34,related to,PlayStation Vita
B0002HOF34,related to,PC Games
B0002HOF34,related to,Xbox Games
B0002HOF34,related to,PlayStation Games
B0002HOF34,related to,Nintendo Games
B0002HOF34,related to,PlayStation Controllers
B001G7PRPO,related to,PlayStation
B001G7PRPO,related to,Nintendo
B001G7PRPO,related to,Gaming Accessories
B001G7PRPO,related to,Games
B001G7PRPO,related to,Xbox
B001G7PRPO,related to,PlayStation 5
B001G7PRPO,related to,PlayStation 4
B001G7PRPO,related to,PC Games
B001G7PRPO,related to,Xbox Games
B001G7PRPO,related to,PlayStation Games
B001G7PRPO,related to,Nintendo Games
B001G7PRPO,related to,Xbox One
B001G7PRPO,related to,PlayStation Vita
B001G7PRPO,related to,PlayStation Controllers
B0BCHPDZY3,related to,Hardware
B0BCHPDZY3,related to,Xbox
B0BCHPDZY3,related to,PlayStation
B0BCHPDZY3,related to,Nintendo
B0BCHPDZY3,related to,Nintendo Switch
B0BCHPDZY3,related to,Gaming Accessories
B0BCHPDZY3,related to,Games
B0BCHPDZY3,related to,Xbox One
B0BCHPDZY3,related to,PlayStation 5
B0BCHPDZY3,related to,PlayStation 4
B0BCHPDZY3,related to,Nintendo Switch Lite
B0BCHPDZY3,related to,Nintendo 3DS
B0BCHPDZY3,related to,PC Games
B0BCHPDZY3,related to,Xbox Games
B0BCHPDZY3,related to,PlayStation Games
B0BCHPDZY3,related to,Nintendo Games
B0BCHPDZY3,related to,Nintendo Controllers
B001F8188Y,related to,Nintendo
B001F8188Y,related to,Nintendo Switch
B001F8188Y,related to,Games
B001F8188Y,related to,PlayStation
B001F8188Y,related to,Nintendo 3DS
B001F8188Y,related to,Nintendo Games
B001F8188Y,related to,Nintendo Controllers
B001F8188Y,related to,Xbox Games
B001F8188Y,related to,PC Games
B001F8188Y,related to,PlayStation Games
B001F8188Y,related to,PlayStation 5
B001F8188Y,related to,PlayStation 4
B076H6JDG6,related to,Xbox
B076H6JDG6,related to,PlayStation
B076H6JDG6,related to,Nintendo
B076H6JDG6,related to,Gaming Peripherals
B076H6JDG6,related to,Gaming Accessories
B076H6JDG6,related to,Games
B076H6JDG6,related to,Controllers
B076H6JDG6,related to,Xbox One
B076H6JDG6,related to,PlayStation 5
B076H6JDG6,related to,PlayStation 4
B076H6JDG6,related to,PC Games
B076H6JDG6,related to,Xbox Games
B076H6JDG6,related to,PlayStation Games
B076H6JDG6,related to,Nintendo Games
B01579EXNS,related to,PlayStation
B01579EXNS,related to,Games
B01579EXNS,related to,PlayStation 5
B01579EXNS,related to,PlayStation 4
B01579EXNS,related to,PlayStation Vita
B01579EXNS,related to,PlayStation Games
B01579EXNS,related to,PlayStation Controllers
B01579EXNS,related to,PC Games
B01579EXNS,related to,Xbox Games
B01579EXNS,related to,Nintendo Games
B0007ZD79E,related to,Xbox
B0007ZD79E,related to,PlayStation
B0007ZD79E,related to,Nintendo
B0007ZD79E,related to,Gaming Accessories
B0007ZD79E,related to,Games
B0007ZD79E,related to,Xbox Series X
B0007ZD79E,related to,Xbox Series S
B0007ZD79E,related to,Xbox One
B0007ZD79E,related to,PlayStation 5
B0007ZD79E,related to,PlayStation 4
B0007ZD79E,related to,PC Games
B0007ZD79E,related to,Xbox Games
B0007ZD79E,related to,PlayStation Games
B0007ZD79E,related to,Xbox Controllers
B08FXKSQDP,related to,Nintendo
B08FXKSQDP,related to,Nintendo Switch
B08FXKSQDP,related to,Games
B08FXKSQDP,related to,Nintendo Switch Lite
B08FXKSQDP,related to,Nintendo 3DS
B08FXKSQDP,related to,Nintendo Games
B08FXKSQDP,related to,Switch Cases
B08FXKSQDP,related to,Nintendo Controllers
B08FXKSQDP,related to,PC Games
B08FXKSQDP,related to,Xbox Games
B08FXKSQDP,related to,PlayStation Games
B000A0IBHO,related to,PlayStation
B000A0IBHO,related to,Games
B000A0IBHO,related to,PlayStation 5
B000A0IBHO,related to,PlayStation 4
B000A0IBHO,related to,PlayStation Vita
B000A0IBHO,related to,PlayStation Games
B000A0IBHO,related to,PC Games
B000A0IBHO,related to,Xbox Games
B000A0IBHO,related to,Nintendo Games
B00006Z7HQ,related to,Nintendo
B00006Z7HQ,related to,Games
B00006Z7HQ,related to,Xbox
B00006Z7HQ,related to,PlayStation
B00006Z7HQ,related to,Gaming Accessories
B00006Z7HQ,related to,PC Games
B00006Z7HQ,related to,Xbox Games
B00006Z7HQ,related to,PlayStation Games
B00006Z7HQ,related to,Nintendo Games
B00006Z7HQ,related to,Xbox Series S
B00006Z7HQ,related to,Xbox One
B00006Z7HQ,related to,PlayStation 5
B00006Z7HQ,related to,PlayStation 4
B00006Z7HQ,related to,PlayStation Vita
B00006Z7HQ,related to,PlayStation Controllers
B06Y6GPGQ8,related to,PlayStation
B06Y6GPGQ8,related to,Nintendo
B06Y6GPGQ8,related to,Gaming Accessories
B06Y6GPGQ8,related to,Games
B06Y6GPGQ8,related to,PlayStation 5
B06Y6GPGQ8,related to,PlayStation 4
B06Y6GPGQ8,related to,PC Games
B06Y6GPGQ8,related to,Xbox Games
B06Y6GPGQ8,related to,PlayStation Games
B06Y6GPGQ8,related to,Nintendo Games
B000QHOHHE,related to,Gaming Peripherals
B000QHOHHE,related to,Gaming Accessories
B000QHOHHE,related to,Games
B000QHOHHE,related to,Nintendo
B000QHOHHE,related to,Controllers
B000QHOHHE,related to,PC Games
B000QHOHHE,related to,Xbox Games
B000QHOHHE,related to,PlayStation Games
B000QHOHHE,related to,Nintendo Games
B000QHOHHE,related to,Gaming Headsets
B000QHOHHE,related to,Xbox Controllers
B000QHOHHE,related to,PlayStation Controllers
B000QHOHHE,related to,Nintendo Controllers
B08YR8LFH3,related to,VR Headsets
B0C65WZ4C6,related to,Gaming Peripherals
B0C65WZ4C6,related to,Gaming Accessories
B0C65WZ4C6,related to,Games
B0C65WZ4C6,related to,Xbox
B0C65WZ4C6,related to,PlayStation
B0C65WZ4C6,related to,Nintendo
B0C65WZ4C6,related to,PC Games
B0C65WZ4C6,related to,Xbox Games
B0C65WZ4C6,related to,PlayStation Games
B0C65WZ4C6,related to,Nintendo Games
B0C65WZ4C6,related to,Gaming Headsets
B0C65WZ4C6,related to,Xbox Series X
B0C65WZ4C6,related to,Xbox Series S
B0C65WZ4C6,related to,Xbox One
B0C65WZ4C6,related to,PlayStation 5
B0C65WZ4C6,related to,PlayStation 4
B0C65WZ4C6,related to,PlayStation Vita
B0C65WZ4C6,related to,Xbox Controllers
B0C65WZ4C6,related to,PlayStation Controllers
B09V6WYT2H,related to,Controllers
B09V6WYT2H,related to,Xbox
B09V6WYT2H,related to,PlayStation
B09V6WYT2H,related to,Games
B09V6WYT2H,related to,Xbox Controllers
B09V6WYT2H,related to,PlayStation Controllers
B09V6WYT2H,related to,Nintendo Controllers
B09V6WYT2H,related to,Xbox Series X
B09V6WYT2H,related to,Xbox Series S
B09V6WYT2H,related to,Xbox One
B09V6WYT2H,related to,PlayStation 5
B09V6WYT2H,related to,PlayStation 4
B09V6WYT2H,related to,PlayStation Vita
B09V6WYT2H,related to,PC Games
B09V6WYT2H,related to,Xbox Games
B09V6WYT2H,related to,PlayStation Games
B009T3EOA6,related to,Nintendo
B009T3EOA6,related to,Nintendo Games
B009T3EOA6,related to,Nintendo Controllers
B0077LRPSA,related to,Games
B0077LRPSA,related to,PC Games
B0077LRPSA,related to,Xbox Games
B0077LRPSA,related to,PlayStation Games
B0077LRPSA,related to,Nintendo Games
B01B0TF5AY,related to,Xbox
B01B0TF5AY,related to,PlayStation
B01B0TF5AY,related to,Xbox One
B01B0TF5AY,related to,PlayStation 5
B01B0TF5AY,related to,PlayStation 4
B01B0TF5AY,related to,PlayStation Vita
B01B0TF5AY,related to,Xbox Games
B01B0TF5AY,related to,PlayStation Games
B01B0TF5AY,related to,PlayStation Controllers
B09WDRX6GT,related to,Xbox
B09WDRX6GT,related to,PlayStation
B09WDRX6GT,related to,PlayStation Vita
B09WDRX6GT,related to,Xbox Series S
B09WDRX6GT,related to,Xbox One
B09WDRX6GT,related to,PlayStation 5
B09WDRX6GT,related to,PlayStation 4
B09WDRX6GT,related to,PC Games
B09WDRX6GT,related to,Xbox Games
B09WDRX6GT,related to,PlayStation Games
B09WDRX6GT,related to,PlayStation Controllers
B00Z9THPWS,related to,Xbox
B00Z9THPWS,related to,PlayStation
B00Z9THPWS,related to,Games
B00Z9THPWS,related to,Xbox Series X
B00Z9THPWS,related to,Xbox Series S
B00Z9THPWS,related to,Xbox One
B00Z9THPWS,related to,PlayStation 5
B00Z9THPWS,related to,PlayStation 4
B00Z9THPWS,related to,PC Games
B00Z9THPWS,related to,Xbox Games
B00Z9THPWS,related to,Xbox Controllers
B003VUO6H4,related to,PlayStation
B003VUO6H4,related to,PlayStation 5
B003VUO6H4,related to,PlayStation 4
B003VUO6H4,related to,PlayStation Vita
B003VUO6H4,related to,PlayStation Games
B003VUO6H4,related to,PlayStation Controllers
B007XJ448A,related to,PlayStation
B007XJ448A,related to,Nintendo
B007XJ448A,related to,Gaming Accessories
B007XJ448A,related to,Games
B007XJ448A,related to,PlayStation 5
B007XJ448A,related to,PlayStation 4
B007XJ448A,related to,PC Games
B007XJ448A,related to,Xbox Games
B007XJ448A,related to,PlayStation Games
B007XJ448A,related to,Nintendo Games
B00EB90Q3M,related to,Nintendo
B00EB90Q3M,related to,Gaming Accessories
B00EB90Q3M,related to,Games
B00EB90Q3M,related to,Controllers
B00EB90Q3M,related to,PC Games
B00EB90Q3M,related to,Xbox Games
B00EB90Q3M,related to,PlayStation Games
B00EB90Q3M,related to,Nintendo Games
B07VHHPJBV,related to,Xbox
B07VHHPJBV,related to,Games
B07VHHPJBV,related to,PC Games
B07VHHPJBV,related to,Xbox Games
B07VHHPJBV,related to,Nintendo Games
B00002SVX6,related to,Xbox
B00002SVX6,related to,PlayStation
B00002SVX6,related to,Games
B00002SVX6,related to,Xbox One
B00002SVX6,related to,PlayStation 5
B00002SVX6,related to,PlayStation 4
B00002SVX6,related to,PlayStation Vita
B00002SVX6,related to,PlayStation Games
B00002SVX6,related to,PlayStation Controllers
B00002SVX6,related to,PC Games
B00Z9TIB4Y,related to,Games
B00Z9TIB4Y,related to,PC Games
B00Z9TIB4Y,related to,Xbox Games
B00Z9TIB4Y,related to,PlayStation Games
B00Z9TIB4Y,related to,Nintendo Games
B000NKRJAG,related to,Nintendo
B000NKRJAG,related to,Games
B000NKRJAG,related to,Nintendo Games
B000NKRJAG,related to,Nintendo Controllers
B001ELJFHI,related to,Xbox
B001ELJFHI,related to,PlayStation
B001ELJFHI,related to,Nintendo
B001ELJFHI,related to,Gaming Accessories
B001ELJFHI,related to,Games
B001ELJFHI,related to,Xbox Series S
B001ELJFHI,related to,Xbox One
B001ELJFHI,related to,PlayStation 5
B001ELJFHI,related to,PlayStation 4
B001ELJFHI,related to,PlayStation Vita
B001ELJFHI,related to,PC Games
B001ELJFHI,related to,Xbox Games
B001ELJFHI,related to,PlayStation Games
B001ELJFHI,related to,Nintendo Games
B001ELJFHI,related to,PlayStation Controllers
B07J6ZZ83K,related to,Nintendo
B07J6ZZ83K,related to,Nintendo Switch
B07J6ZZ83K,related to,Games
B07J6ZZ83K,related to,Nintendo Switch Lite
B07J6ZZ83K,related to,Nintendo 3DS
B07J6ZZ83K,related to,Nintendo Games
B07J6ZZ83K,related to,Switch Cases
B07J6ZZ83K,related to,Nintendo Controllers
B07J6ZZ83K,related to,Xbox Games
B07Q4DJ16R,related to,Controllers
B09V71GV98,related to,Controllers
B09V71GV98,related to,Xbox
B09V71GV98,related to,PlayStation
B09V71GV98,related to,Games
B09V71GV98,related to,Gaming Peripherals
B09V71GV98,related to,Gaming Accessories
B09V71GV98,related to,Xbox Series X
B09V71GV98,related to,Xbox Series S
B09V71GV98,related to,Xbox One
B09V71GV98,related to,PlayStation 5
B09V71GV98,related to,PlayStation 4
B09V71GV98,related to,PlayStation Vita
B09V71GV98,related to,PC Games
B09V71GV98,related to,Xbox Games
B09V71GV98,related to,PlayStation Games
B09V71GV98,related to,PlayStation Controllers
B082NMKX7K,related to,Xbox
B082NMKX7K,related to,PlayStation
B082NMKX7K,related to,Controllers
B082NMKX7K,related to,Xbox Series X
B082NMKX7K,related to,Xbox Series S
B082NMKX7K,related to,Xbox One
B082NMKX7K,related to,PlayStation 5
B082NMKX7K,related to,PlayStation 4
B082NMKX7K,related to,PC Games
B082NMKX7K,related to,Xbox Games
B082NMKX7K,related to,PlayStation Games
B082NMKX7K,related to,Xbox Controllers
B082NMKX7K,related to,PlayStation Controllers
B082NMKX7K,related to,Nintendo Controllers
B01M8GXNJX,related to,Gaming Peripherals
B01M8GXNJX,related to,Gaming Accessories
B01M8GXNJX,related to,PC Games
B01M8GXNJX,related to,PlayStation Games
B0144L2JXG,related to,Xbox
B0144L2JXG,related to,PlayStation
B0144L2JXG,related to,Gaming Peripherals
B0144L2JXG,related to,Gaming Accessories
B0144L2JXG,related to,Games
B0144L2JXG,related to,Headsets
B0144L2JXG,related to,VR Headsets
B0144L2JXG,related to,Xbox Series X
B0144L2JXG,related to,Xbox Series S
B0144L2JXG,related to,Xbox One
B0144L2JXG,related to,PlayStation 5
B0144L2JXG,related to,PlayStation 4
B0144L2JXG,related to,PC Games
B0144L2JXG,related to,Xbox Games
B0144L2JXG,related to,Xbox Controllers
B0144L2JXG,related to,PlayStation Games
B0144L2JXG,related to,Nintendo Games
B0144L2JXG,related to,Gaming Headsets
B073K6WMJ9,related to,Nintendo Switch
B073K6WMJ9,related to,Games
B073K6WMJ9,related to,Nintendo Switch Lite
B073K6WMJ9,related to,Switch Cases
B000P0SEPS,related to,PlayStation
B000P0SEPS,related to,Nintendo
B000P0SEPS,related to,Nintendo Switch
B000P0SEPS,related to,Games
B000P0SEPS,related to,Xbox Series S
B000P0SEPS,related to,PlayStation 5
B000P0SEPS,related to,PlayStation 4
B000P0SEPS,related to,Nintendo 3DS
B000P0SEPS,related to,Xbox Games
B000P0SEPS,related to,PlayStation Games
B000P0SEPS,related to,Nintendo Games
B000P0SEPS,related to,Nintendo Controllers
B08LMPW9X1,related to,Gaming Peripherals
B08LMPW9X1,related to,Gaming Accessories
B08LMPW9X1,related to,Games
B08LMPW9X1,related to,Xbox
B08LMPW9X1,related to,PlayStation
B08LMPW9X1,related to,PC Games
B08LMPW9X1,related to,Xbox Games
B08LMPW9X1,related to,PlayStation Games
B08LMPW9X1,related to,Nintendo Games
B08LMPW9X1,related to,Gaming Headsets
B08LMPW9X1,related to,Xbox Series S
B08LMPW9X1,related to,Xbox One
B08LMPW9X1,related to,PlayStation 5
B08LMPW9X1,related to,PlayStation 4
B08LMPW9X1,related to,PlayStation Vita
B08LMPW9X1,related to,PlayStation Controllers
B000066TS6,related to,Nintendo Games
B091C6LNGR,related to,Xbox
B091C6LNGR,related to,PlayStation
B091C6LNGR,related to,Xbox One
B091C6LNGR,related to,PlayStation 5
B091C6LNGR,related to,PlayStation 4
B091C6LNGR,related to,PlayStation Vita
B091C6LNGR,related to,Xbox Games
B091C6LNGR,related to,PlayStation Games
B091C6LNGR,related to,PlayStation Controllers
B00001KUII,related to,PC Games
B00001KUII,related to,Xbox Games
B00TDGD1WG,related to,Gaming Peripherals
B00TDGD1WG,related to,Gaming Accessories
B00TDGD1WG,related to,Games
B00TDGD1WG,related to,PC Games
B00TDGD1WG,related to,Xbox Games
B00TDGD1WG,related to,PlayStation Games
B00TDGD1WG,related to,Nintendo Games
B00TDGD1WG,related to,Gaming Headsets
B07H9NSBH3,related to,Games
B07H9NSBH3,related to,PC Games
B001G7PRIQ,related to,PlayStation
B001G7PRIQ,related to,Games
B001G7PRIQ,related to,Xbox One
B001G7PRIQ,related to,PlayStation 5
B001G7PRIQ,related to,PlayStation 4
B001G7PRIQ,related to,PlayStation Vita
B001G7PRIQ,related to,PlayStation Games
B001G7PRIQ,related to,PlayStation Controllers
B001G7PRIQ,related to,Xbox Games
B001G7PRIQ,related to,PC Games
B095PQ8TC2,related to,Nintendo
B095PQ8TC2,related to,Nintendo Switch
B095PQ8TC2,related to,Nintendo Switch Lite
B095PQ8TC2,related to,Nintendo 3DS
B095PQ8TC2,related to,Nintendo Games
B095PQ8TC2,related to,Switch Cases
B095PQ8TC2,related to,Nintendo Controllers
B004W4TG5K,related to,Hardware
B004W4TG5K,related to,Xbox
B004W4TG5K,related to,PlayStation
B004W4TG5K,related to,Nintendo
B004W4TG5K,related to,Nintendo Switch
B004W4TG5K,related to,Gaming Accessories
B004W4TG5K,related to,Games
B004W4TG5K,related to,Nintendo 3DS
B004W4TG5K,related to,Xbox One
B004W4TG5K,related to,PlayStation 5
B004W4TG5K,related to,PlayStation 4
B004W4TG5K,related to,Nintendo Switch Lite
B004W4TG5K,related to,PC Games
B004W4TG5K,related to,Xbox Games
B004W4TG5K,related to,PlayStation Games
B004W4TG5K,related to,Nintendo Games
B004W4TG5K,related to,Nintendo Controllers
B00542ZDYW,related to,Nintendo
B00542ZDYW,related to,Nintendo Switch
B00542ZDYW,related to,Games
B00542ZDYW,related to,Nintendo 3DS
B00542ZDYW,related to,Nintendo Games
B00542ZDYW,related to,Nintendo Controllers
B08PNW3TM3,related to,VR Headsets
B001EYUTFC,related to,PlayStation
B001EYUTFC,related to,Nintendo
B001EYUTFC,related to,Gaming Accessories
B001EYUTFC,related to,Games
B001EYUTFC,related to,PlayStation 5
B001EYUTFC,related to,PlayStation 4
B001EYUTFC,related to,PC Games
B001EYUTFC,related to,Xbox Games
B001EYUTFC,related to,PlayStation Games
B001EYUTFC,related to,Nintendo Games
B001EYUQ7I,related to,Xbox
B001EYUQ7I,related to,PlayStation
B001EYUQ7I,related to,Games
B001EYUQ7I,related to,Xbox One
B001EYUQ7I,related to,PlayStation 5
B001EYUQ7I,related to,PlayStation 4
B001EYUQ7I,related to,PlayStation Vita
B001EYUQ7I,related to,PlayStation Games
B001EYUQ7I,related to,PlayStation Controllers
B001EYUQ7I,related to,PC Games
B001EYUQ7I,related to,Nintendo Games
B01D3QHIES,related to,Nintendo
B01D3QHIES,related to,Nintendo Games
B01D3QHIES,related to,Nintendo Controllers
B001EYUS6C,related to,Gaming Peripherals
B001EYUS6C,related to,Gaming Accessories
B001EYUS6C,related to,Games
B001EYUS6C,related to,Nintendo
B001EYUS6C,related to,PC Games
B001EYUS6C,related to,Xbox Games
B001EYUS6C,related to,PlayStation Games
B001EYUS6C,related to,Nintendo Games
B074NKCR53,related to,Gaming Peripherals
B074NKCR53,related to,Gaming Accessories
B074NKCR53,related to,Games
B074NKCR53,related to,PlayStation
B074NKCR53,related to,PC Games
B074NKCR53,related to,Xbox Games
B074NKCR53,related to,PlayStation Games
B074NKCR53,related to,Nintendo Games
B074NKCR53,related to,Gaming Headsets
B074NKCR53,related to,PlayStation 5
B074NKCR53,related to,PlayStation 4
B074NKCR53,related to,PlayStation Vita
B074NKCR53,related to,PlayStation Controllers
B07NPL84RQ,related to,PlayStation
B07NPL84RQ,related to,Games
B07NPL84RQ,related to,Xbox One
B07NPL84RQ,related to,PlayStation 5
B07NPL84RQ,related to,PlayStation 4
B07NPL84RQ,related to,PlayStation Vita
B07NPL84RQ,related to,PC Games
B07NPL84RQ,related to,Xbox Games
B07NPL84RQ,related to,PlayStation Games
B07NPL84RQ,related to,PlayStation Controllers
B00005YXBV,related to,Games
B00005YXBV,related to,PC Games
B00005YXBV,related to,Xbox Games
B00005YXBV,related to,PlayStation Games
B00005YXBV,related to,Nintendo Games
B00M3D8EFU,related to,Xbox
B00M3D8EFU,related to,PlayStation
B00M3D8EFU,related to,PlayStation Vita
B00M3D8EFU,related to,Xbox One
B00M3D8EFU,related to,PlayStation 5
B00M3D8EFU,related to,PlayStation 4
B00M3D8EFU,related to,Xbox Games
B00M3D8EFU,related to,PlayStation Games
B00M3D8EFU,related to,PlayStation Controllers
B00GM5U2OQ,related to,PlayStation
B00GM5U2OQ,related to,Nintendo
B00GM5U2OQ,related to,Gaming Accessories
B00GM5U2OQ,related to,Games
B00GM5U2OQ,related to,PlayStation 5
B00GM5U2OQ,related to,PlayStation 4
B00GM5U2OQ,related to,PC Games
B00GM5U2OQ,related to,Xbox Games
B00GM5U2OQ,related to,PlayStation Games
B00GM5U2OQ,related to,Nintendo Games
B000MIXFWA,related to,Xbox
B000MIXFWA,related to,PlayStation
B000MIXFWA,related to,Nintendo
B000MIXFWA,related to,Games
B000MIXFWA,related to,Xbox Series X
B000MIXFWA,related to,Xbox Series S
B000MIXFWA,related to,Xbox One
B000MIXFWA,related to,PlayStation 5
B000MIXFWA,related to,PlayStation 4
B000MIXFWA,related to,PlayStation Vita
B000MIXFWA,related to,Nintendo 3DS
B000MIXFWA,related to,PC Games
B000MIXFWA,related to,Xbox Games
B000MIXFWA,related to,PlayStation Games
B000MIXFWA,related to,PlayStation Controllers
B000F4MEKK,related to,Games
B000F4MEKK,related to,Xbox
B000F4MEKK,related to,PlayStation
B000F4MEKK,related to,PC Games
B000F4MEKK,related to,Xbox Games
B000F4MEKK,related to,PlayStation Games
B000F4MEKK,related to,Nintendo Games
B000F4MEKK,related to,Xbox One
B000F4MEKK,related to,PlayStation 5
B000F4MEKK,related to,PlayStation 4
B000F4MEKK,related to,PlayStation Vita
B000F4MEKK,related to,PlayStation Controllers
B00006LELQ,related to,Nintendo
B00006LELQ,related to,Games
B00006LELQ,related to,Nintendo Games
B076541PNM,related to,Xbox
B076541PNM,related to,Xbox Series X
B076541PNM,related to,Xbox Series S
B076541PNM,related to,Xbox One
B076541PNM,related to,PC Games
B076541PNM,related to,Xbox Games
B076541PNM,related to,Xbox Controllers
B07GCKBKG7,related to,Xbox
B07GCKBKG7,related to,PlayStation
B07GCKBKG7,related to,Nintendo
B07GCKBKG7,related to,Gaming Accessories
B07GCKBKG7,related to,Games
B07GCKBKG7,related to,Xbox One
B07GCKBKG7,related to,PlayStation 5
B07GCKBKG7,related to,PlayStation 4
B07GCKBKG7,related to,PlayStation Vita
B07GCKBKG7,related to,PlayStation Games
B07GCKBKG7,related to,PlayStation Controllers
B07GCKBKG7,related to,PC Games
B07GCKBKG7,related to,Xbox Games
B07GCKBKG7,related to,Nintendo Games
B00YDV70NW,related to,PlayStation
B00YDV70NW,related to,Storage Cases
B00YDV70NW,related to,Xbox One
B00YDV70NW,related to,PlayStation 5
B00YDV70NW,related to,PlayStation 4
B00YDV70NW,related to,PlayStation Vita
B00YDV70NW,related to,PlayStation Games
B00YDV70NW,related to,PlayStation Controllers
B000J13GKQ,related to,Games
B000J13GKQ,related to,PC Games
B000J13GKQ,related to,Xbox Games
B000J13GKQ,related to,PlayStation Games
B000J13GKQ,related to,Nintendo Games
B0015Z1I4G,related to,Nintendo
B0BK673BF4,related to,Games
B0BK673BF4,related to,Gaming Peripherals
B0BK673BF4,related to,Gaming Accessories
B0BK673BF4,related to,PC Games
B0BK673BF4,related to,Xbox Games
B0BK673BF4,related to,PlayStation Games
B0BK673BF4,related to,Nintendo Games
B0BK673BF4,related to,Gaming Headsets
B01JHQUS1S,related to,Games
B01JHQUS1S,related to,PC Games
B01JHQUS1S,related to,Xbox Games
B01JHQUS1S,related to,PlayStation Games
B01JHQUS1S,related to,Nintendo Games
B003EZ1KGQ,related to,Games
B003EZ1KGQ,related to,PC Games
B003EZ1KGQ,related to,Nintendo Games
B015E7RQHS,related to,Nintendo
B015E7RQHS,related to,Gaming Peripherals
B015E7RQHS,related to,Gaming Accessories
B015E7RQHS,related to,Games
B015E7RQHS,related to,PC Games
B015E7RQHS,related to,Xbox Games
B015E7RQHS,related to,PlayStation Games
B015E7RQHS,related to,Nintendo Games
B015E7RQHS,related to,Gaming Headsets
B01MA5XZSG,related to,PlayStation
B01MA5XZSG,related to,Gaming Peripherals
B01MA5XZSG,related to,Gaming Accessories
B01MA5XZSG,related to,Games
B01MA5XZSG,related to,PC Games
B01MA5XZSG,related to,Xbox Games
B01MA5XZSG,related to,PlayStation Games
B01MA5XZSG,related to,Nintendo Games
B01MA5XZSG,related to,Gaming Headsets
B003HGGN82,related to,Games
B003HGGN82,related to,Xbox
B003HGGN82,related to,PlayStation
B003HGGN82,related to,Nintendo
B003HGGN82,related to,Gaming Peripherals
B003HGGN82,related to,PC Games
B003HGGN82,related to,Xbox Games
B003HGGN82,related to,PlayStation Games
B003HGGN82,related to,Nintendo Games
B003HGGN82,related to,Xbox Series X
B003HGGN82,related to,Xbox Series S
B003HGGN82,related to,Xbox One
B003HGGN82,related to,PlayStation 5
B003HGGN82,related to,PlayStation 4
B003HGGN82,related to,PlayStation Vita
B003HGGN82,related to,Xbox Controllers
B007ZW4WI2,related to,Hardware
B007ZW4WI2,related to,Xbox
B007ZW4WI2,related to,PlayStation
B007ZW4WI2,related to,Nintendo
B007ZW4WI2,related to,Gaming Peripherals
B007ZW4WI2,related to,Gaming Accessories
B007ZW4WI2,related to,Games
B007ZW4WI2,related to,Xbox One
B007ZW4WI2,related to,PC Games
B007ZW4WI2,related to,Xbox Games
B007ZW4WI2,related to,PlayStation Games
B007ZW4WI2,related to,Nintendo Games
B007ZW4WI2,related to,Gaming Headsets
B0BLC7Z3KX,related to,Hardware
B0BLC7Z3KX,related to,Xbox
B0BLC7Z3KX,related to,PlayStation
B0BLC7Z3KX,related to,Nintendo
B0BLC7Z3KX,related to,Gaming Peripherals
B0BLC7Z3KX,related to,Gaming Accessories
B0BLC7Z3KX,related to,Games
B0BLC7Z3KX,related to,Xbox Series S
B0BLC7Z3KX,related to,Xbox One
B0BLC7Z3KX,related to,PlayStation 5
B0BLC7Z3KX,related to,PlayStation 4
B0BLC7Z3KX,related to,PlayStation Vita
B0BLC7Z3KX,related to,PC Games
B0BLC7Z3KX,related to,Xbox Games
B0BLC7Z3KX,related to,PlayStation Games
B0BLC7Z3KX,related to,Nintendo Games
B0BLC7Z3KX,related to,Gaming Headsets
B0BLC7Z3KX,related to,Xbox Controllers
B0BLC7Z3KX,related to,PlayStation Controllers
B0BLC7Z3KX,related to,Nintendo Controllers
B07YN82X3B,related to,Games
B07YN82X3B,related to,PC Games
B07YN82X3B,related to,Xbox Games
B07YN82X3B,related to,PlayStation Games
B07YN82X3B,related to,Nintendo Games
B08MBMNBNY,related to,PlayStation
B08MBMNBNY,related to,Nintendo
B08MBMNBNY,related to,Nintendo Switch
B08MBMNBNY,related to,Xbox Series S
B08MBMNBNY,related to,PlayStation 5
B08MBMNBNY,related to,PlayStation 4
B08MBMNBNY,related to,Nintendo 3DS
B08MBMNBNY,related to,Xbox Games
B08MBMNBNY,related to,PlayStation Games
B08MBMNBNY,related to,Nintendo Games
B08MBMNBNY,related to,Nintendo Controllers
B015XC3B46,related to,Xbox
B015XC3B46,related to,PlayStation
B015XC3B46,related to,Xbox One
B015XC3B46,related to,PlayStation 5
B015XC3B46,related to,PlayStation 4
B015XC3B46,related to,PlayStation Vita
B015XC3B46,related to,Xbox Games
B015XC3B46,related to,PlayStation Games
B015XC3B46,related to,PlayStation Controllers
B074DVJJWB,related to,Storage Cases
B074DVJJWB,related to,Nintendo Switch
B074DVJJWB,related to,Nintendo
B074DVJJWB,related to,Nintendo Switch Lite
B074DVJJWB,related to,Switch Cases
B074DVJJWB,related to,Nintendo 3DS
B074DVJJWB,related to,Xbox Games
B074DVJJWB,related to,Nintendo Games
B074DVJJWB,related to,Nintendo Controllers
B0BCHWZX95,related to,Controllers
B0BCHWZX95,related to,Nintendo
B0BCHWZX95,related to,Nintendo Switch
B0BCHWZX95,related to,Games
B0BCHWZX95,related to,Nintendo Controllers
B0BCHWZX95,related to,PlayStation 5
B0BCHWZX95,related to,Nintendo Switch Lite
B0BCHWZX95,related to,Nintendo 3DS
B0BCHWZX95,related to,Xbox Games
B0BCHWZX95,related to,PlayStation Games
B0BCHWZX95,related to,Nintendo Games
B004V13D0I,related to,Controllers
B004V13D0I,related to,Gaming Peripherals
B004V13D0I,related to,Gaming Accessories
B004V13D0I,related to,Games
B004V13D0I,related to,Nintendo
B004V13D0I,related to,Nintendo Switch
B004V13D0I,related to,PC Games
B004V13D0I,related to,Xbox Games
B004V13D0I,related to,PlayStation Games
B004V13D0I,related to,Nintendo Games
B004V13D0I,related to,Gaming Headsets
B004V13D0I,related to,Nintendo 3DS
B004V13D0I,related to,Nintendo Controllers
B001O55GFO,related to,Nintendo
B001O55GFO,related to,Nintendo Switch
B001O55GFO,related to,Nintendo 3DS
B001O55GFO,related to,Nintendo Games
B001O55GFO,related to,Nintendo Controllers
B001O55GFO,related to,Nintendo Switch Lite
B0079V2XFS,related to,PlayStation
B0079V2XFS,related to,Nintendo
B0079V2XFS,related to,Games
B0079V2XFS,related to,Xbox One
B0079V2XFS,related to,PlayStation 5
B0079V2XFS,related to,PlayStation 4
B0079V2XFS,related to,PlayStation Vita
B0079V2XFS,related to,PlayStation Games
B0079V2XFS,related to,PlayStation Controllers
B0079V2XFS,related to,PC Games
B0079V2XFS,related to,Xbox Games
B0079V2XFS,related to,Nintendo Games
B006FQQMZA,related to,Nintendo
B006FQQMZA,related to,Xbox
B006FQQMZA,related to,Nintendo Switch
B006FQQMZA,related to,Games
B006FQQMZA,related to,Nintendo Games
B006FQQMZA,related to,Nintendo 3DS
B006FQQMZA,related to,Xbox Games
B006FQQMZA,related to,Nintendo Controllers
B001QCWRZW,related to,Games
B001QCWRZW,related to,Xbox
B001QCWRZW,related to,PC Games
B001QCWRZW,related to,Xbox Games
B001QCWRZW,related to,PlayStation Games
B001QCWRZW,related to,Nintendo Games
B001QCWRZW,related to,Xbox Series X
B001QCWRZW,related to,Xbox Series S
B001QCWRZW,related to,Xbox One
B001QCWRZW,related to,Xbox Controllers
B006FTLEAK,related to,Xbox
B006FTLEAK,related to,Xbox Series X
B006FTLEAK,related to,Xbox Series S
B006FTLEAK,related to,Xbox One
B006FTLEAK,related to,PlayStation 5
B006FTLEAK,related to,PlayStation 4
B006FTLEAK,related to,Xbox Games
B006FTLEAK,related to,Xbox Controllers
B006FTLEAK,related to,PlayStation Vita
B008YAGSAY,related to,Games
B008YAGSAY,related to,Hardware
B008YAGSAY,related to,Xbox
B008YAGSAY,related to,PlayStation
B008YAGSAY,related to,Nintendo
B008YAGSAY,related to,Nintendo Switch
B008YAGSAY,related to,Gaming Accessories
B008YAGSAY,related to,PC Games
B008YAGSAY,related to,Xbox Games
B008YAGSAY,related to,Nintendo 3DS
B008YAGSAY,related to,Xbox One
B008YAGSAY,related to,PlayStation 5
B008YAGSAY,related to,PlayStation 4
B008YAGSAY,related to,Nintendo Switch Lite
B008YAGSAY,related to,PlayStation Games
B008YAGSAY,related to,Nintendo Games
B008YAGSAY,related to,Nintendo Controllers
B001TOMR6Q,related to,Games
B001TOMR6Q,related to,PC Games
B001TOMR6Q,related to,Xbox Games
B077DTWYV8,related to,Games
B077DTWYV8,related to,PlayStation 4
B077DTWYV8,related to,PC Games
B077DTWYV8,related to,Xbox Games
B077DTWYV8,related to,PlayStation Games
B077DTWYV8,related to,Nintendo Games
B077DTWYV8,related to,Gaming Headsets
B00LNG732S,related to,Games
B00LNG732S,related to,PC Games
B00LNG732S,related to,Nintendo Games
B004OCID9K,related to,Controllers
B004OCID9K,related to,Xbox
B004OCID9K,related to,PlayStation
B004OCID9K,related to,Xbox One
B004OCID9K,related to,PlayStation 5
B004OCID9K,related to,PlayStation 4
B004OCID9K,related to,PlayStation Vita
B004OCID9K,related to,Nintendo 3DS
B004OCID9K,related to,PlayStation Games
B004OCID9K,related to,PlayStation Controllers
B07X413PQ5,related to,Games
B07X413PQ5,related to,PlayStation
B07X413PQ5,related to,Nintendo
B07X413PQ5,related to,Nintendo Switch
B07X413PQ5,related to,PC Games
B07X413PQ5,related to,Nintendo Games
B07X413PQ5,related to,Xbox Series S
B07X413PQ5,related to,PlayStation 5
B07X413PQ5,related to,PlayStation 4
B07X413PQ5,related to,Nintendo 3DS
B07X413PQ5,related to,Xbox Games
B07X413PQ5,related to,PlayStation Games
B07X413PQ5,related to,Nintendo Controllers
B0029F2FB6,related to,Xbox
B0029F2FB6,related to,Xbox Series X
B0029F2FB6,related to,Xbox Series S
B0029F2FB6,related to,Xbox One
B0029F2FB6,related to,Xbox Games
B0029F2FB6,related to,Xbox Controllers
B00B3PDH5G,related to,Gaming Peripherals
B00B3PDH5G,related to,Gaming Accessories
B00B3PDH5G,related to,Games
B00B3PDH5G,related to,PC Games
B00B3PDH5G,related to,Xbox Games
B00B3PDH5G,related to,PlayStation Games
B00B3PDH5G,related to,Nintendo Games
B00B3PDH5G,related to,Gaming Headsets
B07RCHQFDC,related to,Gaming Peripherals
B07RCHQFDC,related to,Gaming Accessories
B07RCHQFDC,related to,Games
B07RCHQFDC,related to,Controllers
B07RCHQFDC,related to,Nintendo
B07RCHQFDC,related to,Nintendo Switch
B07RCHQFDC,related to,PC Games
B07RCHQFDC,related to,Xbox Games
B07RCHQFDC,related to,PlayStation Games
B07RCHQFDC,related to,Nintendo Games
B07RCHQFDC,related to,Xbox Controllers
B07RCHQFDC,related to,PlayStation Controllers
B07RCHQFDC,related to,Nintendo Controllers
B07SCYR5RK,related to,Xbox
B07SCYR5RK,related to,PlayStation
B07SCYR5RK,related to,Games
B07SCYR5RK,related to,Xbox One
B07SCYR5RK,related to,PlayStation 5
B07SCYR5RK,related to,PlayStation 4
B07SCYR5RK,related to,PlayStation Vita
B07SCYR5RK,related to,PC Games
B07SCYR5RK,related to,Xbox Games
B07SCYR5RK,related to,PlayStation Games
B07SCYR5RK,related to,PlayStation Controllers
B00DBRNQZ0,related to,Xbox
B00DBRNQZ0,related to,PlayStation
B00DBRNQZ0,related to,Xbox One
B00DBRNQZ0,related to,PlayStation 5
B00DBRNQZ0,related to,PlayStation 4
B00DBRNQZ0,related to,PlayStation Vita
B00DBRNQZ0,related to,Xbox Games
B00DBRNQZ0,related to,PlayStation Games
B00DBRNQZ0,related to,PlayStation Controllers
B00004YZAU,related to,Xbox
B00004YZAU,related to,PlayStation
B00004YZAU,related to,Nintendo
B00004YZAU,related to,Xbox Games
B00004YZAU,related to,Xbox One
B00004YZAU,related to,PlayStation 4
B00004YZAU,related to,Nintendo Games
B00005NEAI,related to,Games
B0024X0IHG,related to,Nintendo 3DS
B01N7XUY14,related to,Nintendo
B01N7XUY14,related to,Games
B01N7XUY14,related to,PC Games
B01N7XUY14,related to,Xbox Games
B01N7XUY14,related to,PlayStation Games
B01N7XUY14,related to,Nintendo Games
B00JE3WYIU,related to,Games
B00JE3WYIU,related to,Xbox
B00JE3WYIU,related to,PlayStation
B00JE3WYIU,related to,Nintendo
B00JE3WYIU,related to,Gaming Accessories
B00JE3WYIU,related to,Xbox Series X
B00JE3WYIU,related to,Xbox Series S
B00JE3WYIU,related to,Xbox One
B00JE3WYIU,related to,PlayStation 5
B00JE3WYIU,related to,PlayStation 4
B00JE3WYIU,related to,PlayStation Vita
B00JE3WYIU,related to,PC Games
B00JE3WYIU,related to,Xbox Games
B00JE3WYIU,related to,PlayStation Games
B00JE3WYIU,related to,Nintendo Games
B00JE3WYIU,related to,Xbox Controllers
B00CUMGEOC,related to,Gaming Accessories
B00CUMGEOC,related to,Games
B00CUMGEOC,related to,Nintendo
B00CUMGEOC,related to,PC Games
B00CUMGEOC,related to,Xbox Games
B00CUMGEOC,related to,PlayStation Games
B00CUMGEOC,related to,Nintendo Games
B00KWFY04A,related to,Nintendo
B00KWFY04A,related to,Nintendo Switch
B00KWFY04A,related to,Nintendo Games
B00KWFY04A,related to,Nintendo 3DS
B00KWFY04A,related to,Xbox Games
B00KWFY04A,related to,Nintendo Controllers
B07QPVTW6R,related to,Headsets
B07QPVTW6R,related to,VR Headsets
B07QPVTW6R,related to,Xbox
B07QPVTW6R,related to,Gaming Headsets
B07QPVTW6R,related to,Xbox Series X
B07QPVTW6R,related to,Xbox Series S
B07QPVTW6R,related to,Xbox One
B07QPVTW6R,related to,PlayStation 4
B07QPVTW6R,related to,Xbox Games
B07QPVTW6R,related to,Xbox Controllers
B0001CJEFY,related to,Games
B0001CJEFY,related to,PC Games
B0001CJEFY,related to,Xbox Games
B0001CJEFY,related to,PlayStation Games
B0001CJEFY,related to,Nintendo Games
B00004U1R0,related to,Nintendo
B00004U1R0,related to,Gaming Peripherals
B00004U1R0,related to,Gaming Accessories
B00004U1R0,related to,Games
B00004U1R0,related to,Nintendo Switch
B00004U1R0,related to,PC Games
B00004U1R0,related to,Xbox Games
B00004U1R0,related to,PlayStation Games
B00004U1R0,related to,Nintendo Games
B00004U1R0,related to,Nintendo 3DS
B00004U1R0,related to,Nintendo Controllers
B0725KSRJ8,related to,Headsets
B0725KSRJ8,related to,VR Headsets
B0725KSRJ8,related to,Gaming Peripherals
B0725KSRJ8,related to,Gaming Accessories
B0725KSRJ8,related to,Games
B0725KSRJ8,related to,Gaming Headsets
B0725KSRJ8,related to,PC Games
B0725KSRJ8,related to,Xbox Games
B0725KSRJ8,related to,PlayStation Games
B0725KSRJ8,related to,Nintendo Games
B00BWBTJOE,related to,Controllers
B00BWBTJOE,related to,Gaming Peripherals
B00BWBTJOE,related to,Gaming Accessories
B00BWBTJOE,related to,Games
B00BWBTJOE,related to,PlayStation
B00BWBTJOE,related to,Xbox Controllers
B00BWBTJOE,related to,PlayStation Controllers
B00BWBTJOE,related to,Nintendo Controllers
B00BWBTJOE,related to,PC Games
B00BWBTJOE,related to,Xbox Games
B00BWBTJOE,related to,PlayStation Games
B00BWBTJOE,related to,Nintendo Games
B00BWBTJOE,related to,Gaming Headsets
B00BWBTJOE,related to,PlayStation 5
B00BWBTJOE,related to,PlayStation 4
B00BWBTJOE,related to,PlayStation Vita
B004INGI2Y,related to,PlayStation
B004INGI2Y,related to,Nintendo
B004INGI2Y,related to,Nintendo Switch
B004INGI2Y,related to,Games
B004INGI2Y,related to,PlayStation 5
B004INGI2Y,related to,PlayStation 4
B004INGI2Y,related to,Nintendo 3DS
B004INGI2Y,related to,PC Games
B004INGI2Y,related to,Xbox Games
B004INGI2Y,related to,PlayStation Games
B004INGI2Y,related to,Nintendo Games
B004INGI2Y,related to,PlayStation Controllers
B004INGI2Y,related to,Nintendo Controllers
B000UQURQ6,related to,Games
B000UQURQ6,related to,Nintendo
B000UQURQ6,related to,PC Games
B000UQURQ6,related to,PlayStation Games
B000UQURQ6,related to,Nintendo Games
B000UQURQ6,related to,Xbox Games
B00002SW3O,related to,Nintendo
B00002SW3O,related to,Gaming Peripherals
B00002SW3O,related to,Gaming Accessories
B00002SW3O,related to,Games
B00002SW3O,related to,PC Games
B00002SW3O,related to,Xbox Games
B00002SW3O,related to,PlayStation Games
B00002SW3O,related to,Nintendo Games
B003TW8CEM,related to,PlayStation
B003TW8CEM,related to,Nintendo
B003TW8CEM,related to,Nintendo Switch
B003TW8CEM,related to,Xbox Series S
B003TW8CEM,related to,PlayStation 5
B003TW8CEM,related to,PlayStation 4
B003TW8CEM,related to,Nintendo 3DS
B003TW8CEM,related to,Xbox Games
B003TW8CEM,related to,PlayStation Games
B003TW8CEM,related to,Nintendo Games
B003TW8CEM,related to,Nintendo Controllers
B003GSKR0G,related to,Xbox
B003GSKR0G,related to,PlayStation
B003GSKR0G,related to,Nintendo
B003GSKR0G,related to,Games
B003GSKR0G,related to,Xbox Series X
B003GSKR0G,related to,Xbox Series S
B003GSKR0G,related to,Xbox One
B003GSKR0G,related to,PlayStation 5
B003GSKR0G,related to,PlayStation 4
B003GSKR0G,related to,PC Games
B003GSKR0G,related to,Xbox Games
B003GSKR0G,related to,PlayStation Games
B003GSKR0G,related to,Nintendo Games
B00008H2IX,related to,PlayStation
B00008H2IX,related to,Nintendo
B00008H2IX,related to,Gaming Accessories
B00008H2IX,related to,Games
B00008H2IX,related to,PlayStation 5
B00008H2IX,related to,PlayStation 4
B00008H2IX,related to,PC Games
B00008H2IX,related to,Xbox Games
B00008H2IX,related to,PlayStation Games
B00008H2IX,related to,Nintendo Games
B0056GJVQW,related to,Games
B0056GJVQW,related to,PC Games
B0056GJVQW,related to,Xbox Games
B0056GJVQW,related to,PlayStation Games
B0056GJVQW,related to,Nintendo Games
B078NB6TWZ,related to,Nintendo Switch
B078NB6TWZ,related to,Storage Cases
B078NB6TWZ,related to,Gaming Peripherals
B078NB6TWZ,related to,Gaming Accessories
B078NB6TWZ,related to,Controllers
B078NB6TWZ,related to,Nintendo Switch Lite
B078NB6TWZ,related to,Switch Cases
B078NB6TWZ,related to,Xbox Controllers
B078NB6TWZ,related to,PlayStation Controllers
B078NB6TWZ,related to,Nintendo Controllers
B001ELJE9M,related to,PlayStation
B001ELJE9M,related to,Nintendo
B001ELJE9M,related to,Gaming Accessories
B001ELJE9M,related to,Games
B001ELJE9M,related to,PlayStation 5
B001ELJE9M,related to,PlayStation 4
B001ELJE9M,related to,PC Games
B001ELJE9M,related to,Xbox Games
B001ELJE9M,related to,PlayStation Games
B001ELJE9M,related to,Nintendo Games
B00C1TTF86,related to,Games
B00C1TTF86,related to,PC Games
B00C1TTF86,related to,Xbox Games
B00C1TTF86,related to,PlayStation Games
B00C1TTF86,related to,Nintendo Games
B07C71NFCQ,related to,Xbox
B07C71NFCQ,related to,PlayStation
B07C71NFCQ,related to,Games
B07C71NFCQ,related to,Xbox Series X
B07C71NFCQ,related to,Xbox Series S
B07C71NFCQ,related to,Xbox One
B07C71NFCQ,related to,PlayStation 5
B07C71NFCQ,related to,PlayStation 4
B07C71NFCQ,related to,PlayStation Vita
B07C71NFCQ,related to,PC Games
B07C71NFCQ,related to,Xbox Games
B07C71NFCQ,related to,PlayStation Games
B07C71NFCQ,related to,PlayStation Controllers
B0BLTV2BKZ,related to,Headsets
B0BLTV2BKZ,related to,VR Headsets
B0BLTV2BKZ,related to,Gaming Peripherals
B0BLTV2BKZ,related to,Gaming Accessories
B0BLTV2BKZ,related to,Games
B0BLTV2BKZ,related to,Gaming Headsets
B0BLTV2BKZ,related to,PC Games
B001EYUWRW,related to,Games
B001EYUWRW,related to,Xbox
B001EYUWRW,related to,PlayStation
B001EYUWRW,related to,PC Games
B001EYUWRW,related to,Xbox One
B001EYUWRW,related to,PlayStation 5
B001EYUWRW,related to,PlayStation 4
B001EYUWRW,related to,PlayStation Vita
B001EYUWRW,related to,Xbox Games
B001EYUWRW,related to,PlayStation Games
B001EYUWRW,related to,PlayStation Controllers
B07HYY6HNW,related to,Gaming Peripherals
B07HYY6HNW,related to,Gaming Accessories
B07HYY6HNW,related to,PC Games
B099V36HSS,related to,Xbox
B099V36HSS,related to,Gaming Peripherals
B099V36HSS,related to,Gaming Accessories
B099V36HSS,related to,Games
B099V36HSS,related to,Headsets
B099V36HSS,related to,VR Headsets
B099V36HSS,related to,Xbox Series S
B099V36HSS,related to,Xbox One
B099V36HSS,related to,PC Games
B099V36HSS,related to,Xbox Games
B099V36HSS,related to,PlayStation Games
B099V36HSS,related to,Gaming Headsets
B00884S5N4,related to,Games
B00884S5N4,related to,PC Games
B07NP3NGLQ,related to,Gaming Peripherals
B07NP3NGLQ,related to,Gaming Accessories
B07NP3NGLQ,related to,Games
B07NP3NGLQ,related to,PlayStation
B07NP3NGLQ,related to,PC Games
B07NP3NGLQ,related to,Xbox Games
B07NP3NGLQ,related to,PlayStation Games
B07NP3NGLQ,related to,Nintendo Games
B07NP3NGLQ,related to,Gaming Headsets
B07NP3NGLQ,related to,PlayStation 5
B07NP3NGLQ,related to,PlayStation 4
B071WV2GW3,related to,Gaming Peripherals
B071WV2GW3,related to,Gaming Accessories
B071WV2GW3,related to,Games
B071WV2GW3,related to,PC Games
B071WV2GW3,related to,Xbox Games
B071WV2GW3,related to,PlayStation Games
B071WV2GW3,related to,Nintendo Games
B071WV2GW3,related to,Gaming Headsets
B0788D5W2Z,related to,Games
B0788D5W2Z,related to,Xbox
B0788D5W2Z,related to,PlayStation
B0788D5W2Z,related to,PC Games
B0788D5W2Z,related to,Xbox Games
B0788D5W2Z,related to,PlayStation Games
B0788D5W2Z,related to,Nintendo Games
B0788D5W2Z,related to,Xbox Series X
B0788D5W2Z,related to,Xbox Series S
B0788D5W2Z,related to,Xbox One
B0788D5W2Z,related to,PlayStation 5
B0788D5W2Z,related to,PlayStation 4
B0788D5W2Z,related to,PlayStation Vita
B0788D5W2Z,related to,PlayStation Controllers
B00IA2NYT4,related to,Xbox
B00IA2NYT4,related to,PlayStation
B00IA2NYT4,related to,Nintendo
B00IA2NYT4,related to,Games
B00IA2NYT4,related to,Xbox Series X
B00IA2NYT4,related to,Xbox Series S
B00IA2NYT4,related to,Xbox One
B00IA2NYT4,related to,PlayStation 5
B00IA2NYT4,related to,PlayStation 4
B00IA2NYT4,related to,PlayStation Vita
B00IA2NYT4,related to,Nintendo 3DS
B00IA2NYT4,related to,PC Games
B00IA2NYT4,related to,Xbox Games
B00IA2NYT4,related to,PlayStation Games
B00IA2NYT4,related to,PlayStation Controllers
B00009ZVI2,related to,Nintendo
B00009ZVI2,related to,Games
B00009ZVI2,related to,Xbox Games
B00009ZVI2,related to,PlayStation Games
B00009ZVI2,related to,Nintendo Games
B001EYUXBM,related to,Gaming Peripherals
B001EYUXBM,related to,Gaming Accessories
B001EYUXBM,related to,Games
B001EYUXBM,related to,PC Games
B001EYUXBM,related to,Xbox Games
B001EYUXBM,related to,PlayStation Games
B001EYUXBM,related to,Nintendo Games
B003Z9L3EA,related to,Nintendo
B003Z9L3EA,related to,Nintendo Switch
B003Z9L3EA,related to,Nintendo Switch Lite
B003Z9L3EA,related to,Nintendo 3DS
B003Z9L3EA,related to,Nintendo Games
B003Z9L3EA,related to,Nintendo Controllers
B001EBBGXE,related to,Games
B001EBBGXE,related to,Nintendo 3DS
B003DOSRSW,related to,Gaming Accessories
B003DOSRSW,related to,Xbox
B003DOSRSW,related to,PlayStation
B003DOSRSW,related to,Nintendo
B003DOSRSW,related to,Gaming Peripherals
B003DOSRSW,related to,PC Games
B003DOSRSW,related to,Xbox Games
B003DOSRSW,related to,Xbox Series X
B003DOSRSW,related to,Xbox Series S
B003DOSRSW,related to,Xbox One
B003DOSRSW,related to,PlayStation 5
B003DOSRSW,related to,PlayStation 4
B003DOSRSW,related to,PlayStation Vita
B003DOSRSW,related to,PlayStation Games
B003DOSRSW,related to,Xbox Controllers
B001ELJDUW,related to,Gaming Accessories
B001ELJDUW,related to,Games
B001ELJDUW,related to,Nintendo
B001ELJDUW,related to,Nintendo Switch
B001ELJDUW,related to,PC Games
B001ELJDUW,related to,Xbox Games
B001ELJDUW,related to,PlayStation Games
B001ELJDUW,related to,Nintendo Games
B001ELJDUW,related to,Nintendo Switch Lite
B001ELJDUW,related to,Nintendo 3DS
B001ELJDUW,related to,Nintendo Controllers
B094D2WLK7,related to,Gaming Peripherals
B094D2WLK7,related to,Gaming Accessories
B094D2WLK7,related to,PC Games
B094D2WLK7,related to,Xbox Games
B094D2WLK7,related to,PlayStation Games
B094D2WLK7,related to,Nintendo Games
B094D2WLK7,related to,Gaming Headsets
B07Y1X5KXT,related to,Nintendo
B07Y1X5KXT,related to,Nintendo Switch
B07Y1X5KXT,related to,Nintendo Switch Lite
B07Y1X5KXT,related to,Nintendo 3DS
B07Y1X5KXT,related to,Nintendo Games
B07Y1X5KXT,related to,Switch Cases
B07Y1X5KXT,related to,Nintendo Controllers
B001QCWS7E,related to,PlayStation
B001QCWS7E,related to,Games
B001QCWS7E,related to,Nintendo
B001QCWS7E,related to,PlayStation 5
B001QCWS7E,related to,PlayStation 4
B001QCWS7E,related to,PlayStation Vita
B001QCWS7E,related to,PC Games
B001QCWS7E,related to,Xbox Games
B001QCWS7E,related to,PlayStation Games
B001QCWS7E,related to,PlayStation Controllers
B001QCWS7E,related to,Nintendo Games
B000NPOGWK,related to,PlayStation
B000NPOGWK,related to,Games
B000NPOGWK,related to,PlayStation 5
B000NPOGWK,related to,PlayStation 4
B000NPOGWK,related to,PlayStation Vita
B000NPOGWK,related to,PlayStation Games
B00000K2X5,related to,Games
B00000K2X5,related to,PlayStation
B00000K2X5,related to,PC Games
B00000K2X5,related to,Xbox Games
B00000K2X5,related to,PlayStation Games
B00000K2X5,related to,Nintendo Games
B00000K2X5,related to,PlayStation 5
B00000K2X5,related to,PlayStation 4
B00000K2X5,related to,PlayStation Vita
B00000K2X5,related to,PlayStation Controllers
B000035Y4P,related to,Nintendo
B000035Y4P,related to,Nintendo Switch
B000035Y4P,related to,PlayStation 5
B000035Y4P,related to,PlayStation 4
B000035Y4P,related to,Nintendo 3DS
B000035Y4P,related to,Xbox Games
B000035Y4P,related to,PlayStation Games
B000035Y4P,related to,Nintendo Games
B000035Y4P,related to,Nintendo Controllers
B005669IE2,related to,Nintendo
B005669IE2,related to,Games
B005669IE2,related to,PlayStation 5
B005669IE2,related to,PlayStation 4
B005669IE2,related to,PC Games
B005669IE2,related to,Xbox Games
B005669IE2,related to,PlayStation Games
B005669IE2,related to,Nintendo Games
B006JMT3MY,related to,Hardware
B006JMT3MY,related to,Xbox
B006JMT3MY,related to,PlayStation
B006JMT3MY,related to,Nintendo
B006JMT3MY,related to,Nintendo Switch
B006JMT3MY,related to,Gaming Accessories
B006JMT3MY,related to,Games
B006JMT3MY,related to,Xbox One
B006JMT3MY,related to,PlayStation 5
B006JMT3MY,related to,PlayStation 4
B006JMT3MY,related to,Nintendo Switch Lite
B006JMT3MY,related to,Nintendo 3DS
B006JMT3MY,related to,PC Games
B006JMT3MY,related to,Xbox Games
B006JMT3MY,related to,PlayStation Games
B006JMT3MY,related to,Nintendo Games
B006JMT3MY,related to,Nintendo Controllers
B00002EPYD,related to,Games
B00002EPYD,related to,PlayStation 5
B00002EPYD,related to,PC Games
B00002EPYD,related to,Xbox Games
B00002EPYD,related to,PlayStation Games
B00002EPYD,related to,Nintendo Games
B07KXPJS16,related to,Nintendo
B07KXPJS16,related to,Nintendo Switch
B07KXPJS16,related to,Controllers
B07KXPJS16,related to,Gaming Peripherals
B07KXPJS16,related to,Gaming Accessories
B07KXPJS16,related to,Games
B07KXPJS16,related to,Nintendo 3DS
B07KXPJS16,related to,Nintendo Games
B07KXPJS16,related to,Nintendo Controllers
B07KXPJS16,related to,PC Games
B07KXPJS16,related to,Xbox Games
B07KXPJS16,related to,PlayStation Games
B07KXPJS16,related to,Gaming Headsets
B07DGSD6FZ,related to,PlayStation
B07DGSD6FZ,related to,Xbox
B07DGSD6FZ,related to,PlayStation 5
B07DGSD6FZ,related to,PlayStation 4
B07DGSD6FZ,related to,PlayStation Vita
B07DGSD6FZ,related to,PlayStation Games
B07DGSD6FZ,related to,PlayStation Controllers
B07DGSD6FZ,related to,Xbox One
B082QYNTSS,related to,Headsets
B082QYNTSS,related to,VR Headsets
B082QYNTSS,related to,Nintendo 3DS
B082QYNTSS,related to,Gaming Headsets
B0167Q9FPQ,related to,Games
B0167Q9FPQ,related to,PC Games
B0167Q9FPQ,related to,Xbox Games
B0167Q9FPQ,related to,PlayStation Games
B0167Q9FPQ,related to,Nintendo Games
B08FT1D1S7,related to,PlayStation
B08FT1D1S7,related to,Xbox Series S
B08FT1D1S7,related to,PlayStation 5
B08FT1D1S7,related to,PlayStation 4
B08FT1D1S7,related to,PlayStation Vita
B08FT1D1S7,related to,PC Games
B08FT1D1S7,related to,Xbox Games
B08FT1D1S7,related to,PlayStation Games
B08FT1D1S7,related to,PlayStation Controllers
B000CDWDTG,related to,PlayStation
B000CDWDTG,related to,Nintendo
B000CDWDTG,related to,Nintendo Switch
B000CDWDTG,related to,Games
B000CDWDTG,related to,PlayStation 5
B000CDWDTG,related to,PlayStation 4
B000CDWDTG,related to,PlayStation Vita
B000CDWDTG,related to,Nintendo 3DS
B000CDWDTG,related to,PlayStation Games
B000CDWDTG,related to,Nintendo Games
B08G44XT1F,related to,Controllers
B08G44XT1F,related to,Gaming Peripherals
B08G44XT1F,related to,Gaming Accessories
B08G44XT1F,related to,Games
B08G44XT1F,related to,Xbox
B08G44XT1F,related to,PlayStation
B08G44XT1F,related to,Nintendo
B08G44XT1F,related to,PC Games
B08G44XT1F,related to,Xbox Games
B08G44XT1F,related to,PlayStation Games
B08G44XT1F,related to,Nintendo Games
B08G44XT1F,related to,Xbox Controllers
B08G44XT1F,related to,Nintendo Controllers
B08G44XT1F,related to,PlayStation Vita
B08G44XT1F,related to,Xbox Series X
B08G44XT1F,related to,Xbox Series S
B08G44XT1F,related to,Xbox One
B08G44XT1F,related to,PlayStation 5
B08G44XT1F,related to,PlayStation 4
B001EYUWV8,related to,Games
B001EYUWV8,related to,PlayStation
B001EYUWV8,related to,PC Games
B001EYUWV8,related to,Xbox Games
B001EYUWV8,related to,PlayStation Games
B001EYUWV8,related to,PlayStation 5
B001EYUWV8,related to,PlayStation 4
B07BMGJGPV,related to,Nintendo
B07BMGJGPV,related to,Gaming Accessories
B07BMGJGPV,related to,Games
B07BMGJGPV,related to,PlayStation Controllers
B07BMGJGPV,related to,Nintendo Controllers
B07BMGJGPV,related to,PC Games
B07BMGJGPV,related to,Xbox Games
B07BMGJGPV,related to,PlayStation Games
B07BMGJGPV,related to,Nintendo Games
B01N49NAW9,related to,Xbox
B01N49NAW9,related to,PlayStation
B01N49NAW9,related to,Games
B01N49NAW9,related to,Product Details
B01N49NAW9,related to,Gaming Peripherals
B01N49NAW9,related to,Gaming Accessories
B01N49NAW9,related to,Xbox Series X
B01N49NAW9,related to,Xbox Series S
B01N49NAW9,related to,Xbox One
B01N49NAW9,related to,PlayStation 5
B01N49NAW9,related to,PlayStation 4
B01N49NAW9,related to,PlayStation Vita
B01N49NAW9,related to,PC Games
B01N49NAW9,related to,Xbox Games
B01N49NAW9,related to,PlayStation Games
B01N49NAW9,related to,PlayStation Controllers
B002TG3XUC,related to,PC Games
B002TG3XUC,related to,Xbox Games
B002TG3XUC,related to,PlayStation Games
B0BFFJTZNN,related to,Xbox
B0BFFJTZNN,related to,Headsets
B0BFFJTZNN,related to,VR Headsets
B0BFFJTZNN,related to,Xbox Series X
B0BFFJTZNN,related to,Xbox Series S
B0BFFJTZNN,related to,Xbox One
B0BFFJTZNN,related to,Xbox Games
B0BFFJTZNN,related to,Xbox Controllers
B0BFFJTZNN,related to,Gaming Headsets
B0009XEC0C,related to,Nintendo
B0009XEC0C,related to,Nintendo Switch
B0009XEC0C,related to,Gaming Accessories
B0009XEC0C,related to,Nintendo Games
B0009XEC0C,related to,Nintendo 3DS
B0009XEC0C,related to,Xbox Games
B0009XEC0C,related to,PlayStation Games
B0009XEC0C,related to,Nintendo Controllers
B004BV5O4G,related to,Gaming Accessories
B004BV5O4G,related to,Games
B004BV5O4G,related to,PC Games
B004BV5O4G,related to,Xbox Games
B004BV5O4G,related to,PlayStation Games
B001G7PS3K,related to,Nintendo
B001G7PS3K,related to,Games
B001G7PS3K,related to,PC Games
B001G7PS3K,related to,Xbox Games
B001G7PS3K,related to,PlayStation Games
B001G7PS3K,related to,Nintendo Games
B00HMCK1SU,related to,Gaming Peripherals
B00HMCK1SU,related to,Gaming Accessories
B00HMCK1SU,related to,Games
B00HMCK1SU,related to,PC Games
B00HMCK1SU,related to,Xbox Games
B00HMCK1SU,related to,PlayStation Games
B00HMCK1SU,related to,Nintendo Games
B00HMCK1SU,related to,Gaming Headsets
B00121P4N4,related to,Xbox
B00121P4N4,related to,PlayStation
B00121P4N4,related to,Nintendo
B00121P4N4,related to,Games
B00121P4N4,related to,Storage Cases
B00121P4N4,related to,Xbox Series X
B00121P4N4,related to,Xbox Series S
B00121P4N4,related to,Xbox One
B00121P4N4,related to,PlayStation 5
B00121P4N4,related to,PlayStation 4
B00121P4N4,related to,PlayStation Vita
B00121P4N4,related to,Nintendo 3DS
B00121P4N4,related to,PC Games
B00121P4N4,related to,Xbox Games
B00121P4N4,related to,PlayStation Games
B00121P4N4,related to,PlayStation Controllers
B00DVPMYXC,related to,PlayStation
B00DVPMYXC,related to,Nintendo
B00DVPMYXC,related to,Games
B00DVPMYXC,related to,Xbox One
B00DVPMYXC,related to,PlayStation 5
B00DVPMYXC,related to,PlayStation 4
B00DVPMYXC,related to,PlayStation Vita
B00DVPMYXC,related to,PlayStation Games
B00DVPMYXC,related to,PlayStation Controllers
B00DVPMYXC,related to,PC Games
B00DVPMYXC,related to,Xbox Games
B00DVPMYXC,related to,Nintendo Games
B00IPT9TPA,related to,Games
B00IPT9TPA,related to,PC Games
B00IPT9TPA,related to,Xbox Games
B00IPT9TPA,related to,PlayStation Games
B0072B9XUS,related to,Games
B0072B9XUS,related to,Nintendo
B0072B9XUS,related to,PC Games
B0072B9XUS,related to,Xbox Games
B0072B9XUS,related to,PlayStation Games
B0072B9XUS,related to,Nintendo Games
B01BI4ZWZE,related to,Controllers
B01BI4ZWZE,related to,Xbox
B01BI4ZWZE,related to,PlayStation
B01BI4ZWZE,related to,Nintendo
B01BI4ZWZE,related to,Gaming Accessories
B01BI4ZWZE,related to,Games
B01BI4ZWZE,related to,Xbox Controllers
B01BI4ZWZE,related to,PlayStation Controllers
B01BI4ZWZE,related to,Nintendo Controllers
B01BI4ZWZE,related to,Xbox Series X
B01BI4ZWZE,related to,Xbox Series S
B01BI4ZWZE,related to,Xbox One
B01BI4ZWZE,related to,PlayStation 5
B01BI4ZWZE,related to,PlayStation 4
B01BI4ZWZE,related to,PC Games
B01BI4ZWZE,related to,Xbox Games
B01BI4ZWZE,related to,PlayStation Games
B003JKK60C,related to,Gaming Peripherals
B003JKK60C,related to,Gaming Accessories
B003JKK60C,related to,Games
B003JKK60C,related to,Controllers
B003JKK60C,related to,PC Games
B003JKK60C,related to,Xbox Games
B003JKK60C,related to,PlayStation Games
B003JKK60C,related to,Nintendo Games
B00GON3AGS,related to,Xbox
B00GON3AGS,related to,Xbox Series X
B00GON3AGS,related to,Xbox Series S
B00GON3AGS,related to,Xbox One
B00GON3AGS,related to,Xbox Games
B00GON3AGS,related to,Xbox Controllers
B08W44566M,related to,Controllers
B08W44566M,related to,Xbox
B08W44566M,related to,PlayStation
B08W44566M,related to,Nintendo
B08W44566M,related to,Gaming Peripherals
B08W44566M,related to,Gaming Accessories
B08W44566M,related to,Games
B08W44566M,related to,Xbox Controllers
B08W44566M,related to,PlayStation Controllers
B08W44566M,related to,Nintendo Controllers
B08W44566M,related to,Xbox Series X
B08W44566M,related to,Xbox Series S
B08W44566M,related to,Xbox One
B08W44566M,related to,PlayStation 5
B08W44566M,related to,PlayStation 4
B08W44566M,related to,PC Games
B08W44566M,related to,Xbox Games
B08W44566M,related to,PlayStation Games
B08W44566M,related to,Nintendo Games
B08W44566M,related to,Gaming Headsets
B083TZM57S,related to,Xbox Series X
B083TZM57S,related to,Xbox One
B08W48VR8C,related to,Controllers
B08W48VR8C,related to,Xbox Controllers
B08W48VR8C,related to,PlayStation Controllers
B08W48VR8C,related to,Nintendo Controllers
B000068U1F,related to,Games
B000068U1F,related to,Xbox
B000068U1F,related to,PlayStation
B000068U1F,related to,Gaming Peripherals
B000068U1F,related to,Gaming Accessories
B000068U1F,related to,PC Games
B000068U1F,related to,Xbox Games
B000068U1F,related to,Nintendo Games
B000068U1F,related to,Xbox One
B000068U1F,related to,PlayStation 5
B000068U1F,related to,PlayStation 4
B000068U1F,related to,PlayStation Vita
B000P8WOMO,related to,Xbox
B000P8WOMO,related to,PlayStation
B000P8WOMO,related to,Games
B000P8WOMO,related to,Xbox One
B000P8WOMO,related to,PlayStation 5
B000P8WOMO,related to,PlayStation 4
B000P8WOMO,related to,PlayStation Vita
B000P8WOMO,related to,PC Games
B000P8WOMO,related to,Xbox Games
B000P8WOMO,related to,PlayStation Games
B000P8WOMO,related to,Nintendo Games
B08VFPWPND,related to,Controllers
B08VFPWPND,related to,Xbox Controllers
B08VFPWPND,related to,PlayStation Controllers
B08VFPWPND,related to,Nintendo Controllers
B00RYW3FF4,related to,Xbox
B00RYW3FF4,related to,Xbox Series X
B00RYW3FF4,related to,Xbox Series S
B00RYW3FF4,related to,Xbox One
B00RYW3FF4,related to,PC Games
B00RYW3FF4,related to,Xbox Games
B00RYW3FF4,related to,Xbox Controllers
B00161IYDC,related to,Games
B00161IYDC,related to,Xbox
B00161IYDC,related to,PlayStation
B00161IYDC,related to,Nintendo
B00161IYDC,related to,Gaming Peripherals
B00161IYDC,related to,Gaming Accessories
B00161IYDC,related to,Xbox Series X
B00161IYDC,related to,Xbox One
B00161IYDC,related to,PC Games
B00161IYDC,related to,Xbox Games
B00161IYDC,related to,PlayStation Games
B00161IYDC,related to,Nintendo Games
B00161IYDC,related to,Gaming Headsets
B08BL522HP,related to,Nintendo Switch
B08BL522HP,related to,Nintendo
B08BL522HP,related to,Nintendo Switch Lite
B08BL522HP,related to,Switch Cases
B08BL522HP,related to,Nintendo 3DS
B08BL522HP,related to,Nintendo Games
B08BL522HP,related to,Nintendo Controllers
B000CC3ALM,related to,Xbox
B000CC3ALM,related to,PlayStation
B000CC3ALM,related to,Nintendo
B000CC3ALM,related to,Gaming Peripherals
B000CC3ALM,related to,Gaming Accessories
B000CC3ALM,related to,Games
B000CC3ALM,related to,Xbox Series S
B000CC3ALM,related to,Xbox One
B000CC3ALM,related to,PlayStation 5
B000CC3ALM,related to,PlayStation 4
B000CC3ALM,related to,PlayStation Vita
B000CC3ALM,related to,PC Games
B000CC3ALM,related to,Xbox Games
B000CC3ALM,related to,PlayStation Games
B000CC3ALM,related to,Nintendo Games
B000CC3ALM,related to,PlayStation Controllers
B08TWP4QG9,related to,Storage Cases
B08TWP4QG9,related to,Gaming Accessories
B08TWP4QG9,related to,Switch Cases
B0001ILKEQ,related to,PlayStation
B0001ILKEQ,related to,Nintendo
B0001ILKEQ,related to,Gaming Accessories
B0001ILKEQ,related to,Games
B0001ILKEQ,related to,PlayStation 5
B0001ILKEQ,related to,PlayStation 4
B0001ILKEQ,related to,PC Games
B0001ILKEQ,related to,Xbox Games
B0001ILKEQ,related to,PlayStation Games
B0001ILKEQ,related to,Nintendo Games
B07DGMB3L1,related to,Nintendo
B07DGMB3L1,related to,Nintendo Switch
B07DGMB3L1,related to,Nintendo Switch Lite
B07DGMB3L1,related to,Nintendo 3DS
B07DGMB3L1,related to,Nintendo Games
B07DGMB3L1,related to,Switch Cases
B07DGMB3L1,related to,Nintendo Controllers
B00L6AVPWA,related to,PlayStation
B00L6AVPWA,related to,Xbox One
B00L6AVPWA,related to,PlayStation 5
B00L6AVPWA,related to,PlayStation 4
B00L6AVPWA,related to,PlayStation Vita
B00L6AVPWA,related to,PlayStation Games
B00L6AVPWA,related to,PlayStation Controllers
B00004SVOU,related to,Gaming Accessories
B00004SVOU,related to,Games
B00004SVOU,related to,Nintendo
B00004SVOU,related to,PC Games
B00004SVOU,related to,Xbox Games
B00004SVOU,related to,PlayStation Games
B00004SVOU,related to,Nintendo Games
B00004SVOU,related to,PlayStation Vita
B00004SVOU,related to,Nintendo Controllers
B089KL3FDD,related to,Nintendo Switch
B089KL3FDD,related to,Xbox
B089KL3FDD,related to,PlayStation
B089KL3FDD,related to,Nintendo
B089KL3FDD,related to,Gaming Peripherals
B089KL3FDD,related to,Gaming Accessories
B089KL3FDD,related to,Games
B089KL3FDD,related to,Storage Cases
B089KL3FDD,related to,Nintendo Switch Lite
B089KL3FDD,related to,Switch Cases
B089KL3FDD,related to,Xbox One
B089KL3FDD,related to,PlayStation 5
B089KL3FDD,related to,PlayStation 4
B089KL3FDD,related to,PC Games
B089KL3FDD,related to,Xbox Games
B089KL3FDD,related to,PlayStation Games
B089KL3FDD,related to,Nintendo Games
B07X1G85XP,related to,Gaming Peripherals
B07X1G85XP,related to,Gaming Accessories
B07X1G85XP,related to,Games
B07X1G85XP,related to,PC Games
B07X1G85XP,related to,Xbox Games
B07X1G85XP,related to,PlayStation Games
B07X1G85XP,related to,Nintendo Games
B07X1G85XP,related to,Gaming Headsets
B001ELJE2Y,related to,PlayStation
B001ELJE2Y,related to,Xbox Series S
B001ELJE2Y,related to,PlayStation 5
B001ELJE2Y,related to,PlayStation 4
B001ELJE2Y,related to,PlayStation Vita
B001ELJE2Y,related to,PC Games
B001ELJE2Y,related to,Xbox Games
B001ELJE2Y,related to,PlayStation Games
B001ELJE2Y,related to,PlayStation Controllers
B09KLTHCFD,related to,Xbox
B09KLTHCFD,related to,PlayStation
B09KLTHCFD,related to,Nintendo
B09KLTHCFD,related to,Gaming Accessories
B09KLTHCFD,related to,Games
B09KLTHCFD,related to,Xbox Series X
B09KLTHCFD,related to,Xbox Series S
B09KLTHCFD,related to,Xbox One
B09KLTHCFD,related to,PlayStation 5
B09KLTHCFD,related to,PlayStation 4
B09KLTHCFD,related to,PC Games
B09KLTHCFD,related to,Xbox Games
B09KLTHCFD,related to,PlayStation Games
B09KLTHCFD,related to,Nintendo Games
B09KLTHCFD,related to,Xbox Controllers
B00BHJ6KY8,related to,Nintendo
B00BHJ6KY8,related to,Nintendo Games
B000BQL9TO,related to,PlayStation
B000BQL9TO,related to,Nintendo
B000BQL9TO,related to,Gaming Accessories
B000BQL9TO,related to,Games
B000BQL9TO,related to,PlayStation 5
B000BQL9TO,related to,PlayStation 4
B000BQL9TO,related to,PlayStation Vita
B000BQL9TO,related to,PlayStation Games
B000BQL9TO,related to,PlayStation Controllers
B000BQL9TO,related to,PC Games
B000BQL9TO,related to,Xbox Games
B000BQL9TO,related to,Nintendo Games
B008OSDEHQ,related to,PlayStation
B008OSDEHQ,related to,Xbox One
B008OSDEHQ,related to,PlayStation 5
B008OSDEHQ,related to,PlayStation 4
B008OSDEHQ,related to,PlayStation Vita
B008OSDEHQ,related to,PlayStation Games
B008OSDEHQ,related to,PlayStation Controllers
B00BSWYJNI,related to,Games
B00BSWYJNI,related to,PC Games
B00BSWYJNI,related to,Xbox Games
B00BSWYJNI,related to,Nintendo Games
B07XHN9D3Z,related to,Xbox
B07XHN9D3Z,related to,Games
B07XHN9D3Z,related to,PC Games
B07XHN9D3Z,related to,Xbox Games
B07XHN9D3Z,related to,Nintendo Games
B002I0K3PM,related to,Nintendo
B002I0K3PM,related to,Nintendo Switch
B002I0K3PM,related to,Nintendo 3DS
B002I0K3PM,related to,Xbox Games
B002I0K3PM,related to,PlayStation Games
B002I0K3PM,related to,Nintendo Games
B002I0K3PM,related to,Nintendo Controllers
B09TWFC6SK,related to,Xbox
B09TWFC6SK,related to,Xbox Series X
B09TWFC6SK,related to,Xbox One
B09TWFC6SK,related to,Xbox Games
B09TWFC6SK,related to,Xbox Controllers
B016OAL27O,related to,Nintendo
B016OAL27O,related to,Nintendo Switch
B016OAL27O,related to,Nintendo Switch Lite
B016OAL27O,related to,Nintendo 3DS
B016OAL27O,related to,Nintendo Games
B016OAL27O,related to,Switch Cases
B016OAL27O,related to,Nintendo Controllers
B001EHD9GA,related to,Games
B001EYUQ0K,related to,Games
B001EYUQ0K,related to,PC Games
B07YBXCXYX,related to,Xbox
B07YBXCXYX,related to,PlayStation
B07YBXCXYX,related to,Nintendo
B07YBXCXYX,related to,Gaming Peripherals
B07YBXCXYX,related to,Xbox Series X
B07YBXCXYX,related to,Xbox Series S
B07YBXCXYX,related to,Xbox One
B07YBXCXYX,related to,PlayStation 5
B07YBXCXYX,related to,PlayStation 4
B07YBXCXYX,related to,PlayStation Vita
B07YBXCXYX,related to,PC Games
B07YBXCXYX,related to,Xbox Games
B07YBXCXYX,related to,PlayStation Games
B07YBXCXYX,related to,Xbox Controllers
B07YBXCXYX,related to,PlayStation Controllers
B001HBTP34,related to,Gaming Accessories
B001HBTP34,related to,Games
B001HBTP34,related to,PlayStation
B001HBTP34,related to,Controllers
B001HBTP34,related to,PC Games
B001HBTP34,related to,Xbox Games
B001HBTP34,related to,PlayStation Games
B001HBTP34,related to,Nintendo Games
B001HBTP34,related to,PlayStation 5
B001HBTP34,related to,PlayStation 4
B001HBTP34,related to,PlayStation Vita
B001HBTP34,related to,Xbox Controllers
B001HBTP34,related to,Nintendo Controllers
B0B5DFL46L,related to,Xbox
B0B5DFL46L,related to,PlayStation
B0B5DFL46L,related to,Xbox Series S
B0B5DFL46L,related to,Xbox One
B0B5DFL46L,related to,PlayStation 5
B0B5DFL46L,related to,PlayStation 4
B0B5DFL46L,related to,PlayStation Vita
B0B5DFL46L,related to,PC Games
B0B5DFL46L,related to,Xbox Games
B0B5DFL46L,related to,PlayStation Games
B0B5DFL46L,related to,PlayStation Controllers
B001G605YS,related to,Games
B00009XS6O,related to,Nintendo
B00009XS6O,related to,Games
B00009XS6O,related to,Nintendo Games
B000056C34,related to,PlayStation
B000056C34,related to,Xbox One
B000056C34,related to,PlayStation 5
B000056C34,related to,PlayStation 4
B000056C34,related to,PlayStation Vita
B000056C34,related to,PC Games
B000056C34,related to,Xbox Games
B000056C34,related to,PlayStation Games
B000056C34,related to,PlayStation Controllers
B001G60LGU,related to,PlayStation
B001G60LGU,related to,Nintendo
B001G60LGU,related to,Nintendo Switch
B001G60LGU,related to,Games
B001G60LGU,related to,Xbox Series S
B001G60LGU,related to,PlayStation 5
B001G60LGU,related to,PlayStation 4
B001G60LGU,related to,Nintendo 3DS
B001G60LGU,related to,Xbox Games
B001G60LGU,related to,PlayStation Games
B001G60LGU,related to,Nintendo Games
B001G60LGU,related to,Nintendo Controllers
B001G60LGU,related to,PC Games
B00008XL0E,related to,Nintendo
B00008XL0E,related to,Games
B00008XL0E,related to,PC Games
B00008XL0E,related to,Xbox Games
B00008XL0E,related to,PlayStation Games
B00008XL0E,related to,Nintendo Games
B071GCLQZP,related to,PlayStation
B071GCLQZP,related to,PlayStation 5
B071GCLQZP,related to,PlayStation 4
B071GCLQZP,related to,PlayStation Vita
B071GCLQZP,related to,PlayStation Games
B071GCLQZP,related to,PlayStation Controllers
B093T184D7,related to,Gaming Peripherals
B093T184D7,related to,Gaming Accessories
B093T184D7,related to,Games
B093T184D7,related to,PlayStation
B093T184D7,related to,Nintendo
B093T184D7,related to,PC Games
B093T184D7,related to,Xbox Games
B093T184D7,related to,PlayStation Games
B093T184D7,related to,Nintendo Games
B093T184D7,related to,Gaming Headsets
B093T184D7,related to,PlayStation 5
B00QBUPG4S,related to,Gaming Peripherals
B00QBUPG4S,related to,Gaming Accessories
B00QBUPG4S,related to,Games
B00QBUPG4S,related to,Hardware
B00QBUPG4S,related to,Xbox
B00QBUPG4S,related to,PlayStation
B00QBUPG4S,related to,PC Games
B00QBUPG4S,related to,Xbox Games
B00QBUPG4S,related to,PlayStation Games
B00QBUPG4S,related to,Nintendo Games
B00QBUPG4S,related to,Gaming Headsets
B00QBUPG4S,related to,Xbox One
B00QBUPG4S,related to,PlayStation 5
B00QBUPG4S,related to,PlayStation 4
B00QBUPG4S,related to,Xbox Controllers
B00QBUPG4S,related to,PlayStation Controllers
B005ZBNUUG,related to,PlayStation
B005ZBNUUG,related to,Nintendo
B005ZBNUUG,related to,Gaming Accessories
B005ZBNUUG,related to,Games
B005ZBNUUG,related to,PlayStation 5
B005ZBNUUG,related to,PlayStation 4
B005ZBNUUG,related to,PC Games
B005ZBNUUG,related to,Xbox Games
B005ZBNUUG,related to,PlayStation Games
B005ZBNUUG,related to,Nintendo Games
B00005NZ1G,related to,Xbox
B00005NZ1G,related to,Games
B00005NZ1G,related to,Xbox Series X
B00005NZ1G,related to,Xbox Series S
B00005NZ1G,related to,Xbox One
B00005NZ1G,related to,Xbox Games
B00005NZ1G,related to,Xbox Controllers
B00005NZ1G,related to,PC Games
B0013B30SY,related to,Nintendo
B0013B30SY,related to,Games
B0013B30SY,related to,Hardware
B0013B30SY,related to,Xbox
B0013B30SY,related to,PlayStation
B0013B30SY,related to,Nintendo Switch
B0013B30SY,related to,Gaming Accessories
B0013B30SY,related to,Nintendo Games
B0013B30SY,related to,Nintendo Controllers
B0013B30SY,related to,PC Games
B0013B30SY,related to,Xbox One
B0013B30SY,related to,PlayStation 5
B0013B30SY,related to,PlayStation 4
B0013B30SY,related to,Nintendo Switch Lite
B0013B30SY,related to,Nintendo 3DS
B0013B30SY,related to,Xbox Games
B0013B30SY,related to,PlayStation Games
B081W1VBKN,related to,Xbox
B081W1VBKN,related to,Games
B081W1VBKN,related to,Xbox Series X
B081W1VBKN,related to,Xbox Series S
B081W1VBKN,related to,Xbox One
B081W1VBKN,related to,PlayStation 4
B081W1VBKN,related to,Xbox Games
B081W1VBKN,related to,Xbox Controllers
B081W1VBKN,related to,PC Games
B081W1VBKN,related to,PlayStation Games
B081W1VBKN,related to,Nintendo Games
B003V1HD78,related to,PlayStation
B003V1HD78,related to,Nintendo
B003V1HD78,related to,Nintendo Switch
B003V1HD78,related to,PlayStation 5
B003V1HD78,related to,PlayStation 4
B003V1HD78,related to,Nintendo 3DS
B003V1HD78,related to,Xbox Games
B003V1HD78,related to,PlayStation Games
B003V1HD78,related to,Nintendo Games
B003V1HD78,related to,PlayStation Controllers
B003V1HD78,related to,Nintendo Controllers
B08N7VJBH6,related to,Nintendo
B08N7VJBH6,related to,Nintendo Switch
B08N7VJBH6,related to,Nintendo Switch Lite
B08N7VJBH6,related to,Nintendo 3DS
B08N7VJBH6,related to,Nintendo Games
B08N7VJBH6,related to,Switch Cases
B08N7VJBH6,related to,Nintendo Controllers
B000V1OUQS,related to,PlayStation
B000V1OUQS,related to,Nintendo
B000V1OUQS,related to,Nintendo Switch
B000V1OUQS,related to,Games
B000V1OUQS,related to,PlayStation 5
B000V1OUQS,related to,PlayStation 4
B000V1OUQS,related to,Nintendo 3DS
B000V1OUQS,related to,Xbox Games
B000V1OUQS,related to,PlayStation Games
B000V1OUQS,related to,Nintendo Games
B000V1OUQS,related to,PlayStation Controllers
B000V1OUQS,related to,Nintendo Controllers
B000V1OUQS,related to,PC Games
B08GFRKNPL,related to,Controllers
B08GFRKNPL,related to,Nintendo
B08GFRKNPL,related to,Nintendo Switch
B08GFRKNPL,related to,Xbox Controllers
B08GFRKNPL,related to,PlayStation Controllers
B08GFRKNPL,related to,Nintendo Controllers
B08GFRKNPL,related to,Nintendo Games
B08GFRKNPL,related to,Nintendo 3DS
B01GPAIAXC,related to,Gaming Accessories
B01GPAIAXC,related to,Games
B01GPAIAXC,related to,Xbox
B01GPAIAXC,related to,PC Games
B01GPAIAXC,related to,Xbox Games
B01GPAIAXC,related to,PlayStation Games
B01GPAIAXC,related to,Nintendo Games
B01GPAIAXC,related to,Xbox Series X
B01GPAIAXC,related to,Xbox Series S
B01GPAIAXC,related to,Xbox One
B01GPAIAXC,related to,PlayStation 4
B01GPAIAXC,related to,Xbox Controllers
B079MLPDRJ,related to,Games
B079MLPDRJ,related to,Nintendo
B079MLPDRJ,related to,Nintendo Switch
B079MLPDRJ,related to,Nintendo Switch Lite
B079MLPDRJ,related to,Nintendo 3DS
B079MLPDRJ,related to,Nintendo Games
B079MLPDRJ,related to,Switch Cases
B079MLPDRJ,related to,Nintendo Controllers
B000056FLK,related to,PlayStation
B000056FLK,related to,Nintendo
B000056FLK,related to,Gaming Accessories
B000056FLK,related to,Games
B000056FLK,related to,PC Games
B000056FLK,related to,Xbox Games
B000056FLK,related to,PlayStation Games
B000056FLK,related to,Nintendo Games
B09T2QP4WV,related to,Xbox
B09T2QP4WV,related to,Games
B09T2QP4WV,related to,PC Games
B09T2QP4WV,related to,Xbox Games
B09T2QP4WV,related to,Nintendo Games
B009LGL3O6,related to,PlayStation
B009LGL3O6,related to,Nintendo
B009LGL3O6,related to,Nintendo Switch
B009LGL3O6,related to,Games
B009LGL3O6,related to,Xbox Series S
B009LGL3O6,related to,PlayStation 5
B009LGL3O6,related to,PlayStation 4
B009LGL3O6,related to,Nintendo 3DS
B009LGL3O6,related to,Xbox Games
B009LGL3O6,related to,PlayStation Games
B009LGL3O6,related to,Nintendo Games
B009LGL3O6,related to,Nintendo Controllers
B009LGL3O6,related to,PC Games
B071XNTVCX,related to,Nintendo
B071XNTVCX,related to,Nintendo Switch
B071XNTVCX,related to,Nintendo Games
B071XNTVCX,related to,Nintendo 3DS
B071XNTVCX,related to,Xbox Games
B071XNTVCX,related to,Nintendo Controllers
B001EYUT6Q,related to,Nintendo
B001EYUT6Q,related to,Games
B001EYUT6Q,related to,PC Games
B001EYUT6Q,related to,Xbox Games
B001EYUT6Q,related to,PlayStation Games
B001EYUT6Q,related to,Nintendo Games
B00CJ9OTNE,related to,PlayStation
B00CJ9OTNE,related to,Nintendo
B00CJ9OTNE,related to,PlayStation 5
B00CJ9OTNE,related to,PlayStation 4
B00CJ9OTNE,related to,PlayStation Games
B00CJ9OTNE,related to,PlayStation Controllers
B00DB2BI00,related to,PlayStation
B00DB2BI00,related to,Nintendo
B00DB2BI00,related to,Nintendo Switch
B00DB2BI00,related to,PlayStation 5
B00DB2BI00,related to,PlayStation 4
B00DB2BI00,related to,Nintendo 3DS
B00DB2BI00,related to,Xbox Games
B00DB2BI00,related to,PlayStation Games
B00DB2BI00,related to,Nintendo Games
B00DB2BI00,related to,PlayStation Controllers
B00DB2BI00,related to,Nintendo Controllers
B016K0KS3M,related to,Controllers
B016K0KS3M,related to,Xbox
B016K0KS3M,related to,PlayStation
B016K0KS3M,related to,Nintendo
B016K0KS3M,related to,Nintendo Switch
B016K0KS3M,related to,Gaming Peripherals
B016K0KS3M,related to,Games
B016K0KS3M,related to,Xbox Controllers
B016K0KS3M,related to,PlayStation Controllers
B016K0KS3M,related to,Nintendo Controllers
B016K0KS3M,related to,PlayStation 5
B016K0KS3M,related to,PlayStation 4
B016K0KS3M,related to,PlayStation Vita
B016K0KS3M,related to,Nintendo 3DS
B016K0KS3M,related to,PC Games
B016K0KS3M,related to,Xbox Games
B016K0KS3M,related to,PlayStation Games
B016K0KS3M,related to,Nintendo Games
B000P8U2KA,related to,Xbox
B000P8U2KA,related to,PlayStation
B000P8U2KA,related to,Nintendo
B000P8U2KA,related to,Gaming Peripherals
B000P8U2KA,related to,Xbox Series X
B000P8U2KA,related to,Xbox Series S
B000P8U2KA,related to,Xbox One
B000P8U2KA,related to,PlayStation 5
B000P8U2KA,related to,PlayStation 4
B000P8U2KA,related to,PlayStation Vita
B000P8U2KA,related to,PC Games
B000P8U2KA,related to,Xbox Games
B000P8U2KA,related to,PlayStation Games
B000P8U2KA,related to,Xbox Controllers
B00PUULGTY,related to,Xbox
B00PUULGTY,related to,PlayStation
B00PUULGTY,related to,Nintendo
B00PUULGTY,related to,Gaming Accessories
B00PUULGTY,related to,Games
B00PUULGTY,related to,Xbox Series S
B00PUULGTY,related to,Xbox One
B00PUULGTY,related to,PlayStation 5
B00PUULGTY,related to,PlayStation 4
B00PUULGTY,related to,PlayStation Vita
B00PUULGTY,related to,PC Games
B00PUULGTY,related to,Xbox Games
B00PUULGTY,related to,PlayStation Games
B00PUULGTY,related to,Nintendo Games
B00PUULGTY,related to,PlayStation Controllers
B000FW64OY,related to,PlayStation
B000FW64OY,related to,Nintendo
B000FW64OY,related to,Nintendo Switch
B000FW64OY,related to,Games
B000FW64OY,related to,Xbox Series S
B000FW64OY,related to,PlayStation 5
B000FW64OY,related to,PlayStation 4
B000FW64OY,related to,Nintendo 3DS
B000FW64OY,related to,Xbox Games
B000FW64OY,related to,PlayStation Games
B000FW64OY,related to,Nintendo Games
B000FW64OY,related to,Nintendo Controllers
B09TH98R9G,related to,Nintendo Switch
B09TH98R9G,related to,Gaming Peripherals
B09TH98R9G,related to,Gaming Accessories
B09TH98R9G,related to,Games
B09TH98R9G,related to,Nintendo Switch Lite
B09TH98R9G,related to,Switch Cases
B09TH98R9G,related to,PC Games
B09TH98R9G,related to,Xbox Games
B09TH98R9G,related to,PlayStation Games
B09TH98R9G,related to,Nintendo Games
B09TH98R9G,related to,Gaming Headsets
B000F78W58,related to,Games
B000F78W58,related to,Nintendo
B000F78W58,related to,Gaming Accessories
B000F78W58,related to,Xbox Games
B000F78W58,related to,PC Games
B000F78W58,related to,PlayStation Games
B000F78W58,related to,Nintendo Games
B07X5VNSTC,related to,Games
B07X5VNSTC,related to,Gaming Accessories
B07X5VNSTC,related to,Nintendo
B07X5VNSTC,related to,Nintendo Switch
B07X5VNSTC,related to,PC Games
B07X5VNSTC,related to,Xbox Games
B07X5VNSTC,related to,Nintendo Games
B07X5VNSTC,related to,Nintendo 3DS
B07X5VNSTC,related to,Nintendo Controllers
B013QPUHJE,related to,Storage Cases
B013QPUHJE,related to,Xbox
B013QPUHJE,related to,PlayStation
B013QPUHJE,related to,Nintendo
B013QPUHJE,related to,Gaming Peripherals
B013QPUHJE,related to,Gaming Accessories
B013QPUHJE,related to,Games
B013QPUHJE,related to,Xbox Series X
B013QPUHJE,related to,Xbox Series S
B013QPUHJE,related to,Xbox One
B013QPUHJE,related to,PlayStation 5
B013QPUHJE,related to,PlayStation 4
B013QPUHJE,related to,PlayStation Vita
B013QPUHJE,related to,PC Games
B013QPUHJE,related to,Xbox Games
B013QPUHJE,related to,PlayStation Games
B013QPUHJE,related to,Nintendo Games
B013QPUHJE,related to,Xbox Controllers
B0BN8HKZZW,related to,Gaming Peripherals
B0BN8HKZZW,related to,Gaming Accessories
B0BN8HKZZW,related to,Games
B0BN8HKZZW,related to,Nintendo
B0BN8HKZZW,related to,PC Games
B0BN8HKZZW,related to,Xbox Games
B0BN8HKZZW,related to,PlayStation Games
B0BN8HKZZW,related to,Nintendo Games
B0BN8HKZZW,related to,Gaming Headsets
B00004U8K2,related to,Nintendo
B00004U8K2,related to,Games
B00004U8K2,related to,PC Games
B00004U8K2,related to,Xbox Games
B00004U8K2,related to,PlayStation Games
B00004U8K2,related to,Nintendo Games
B09MGJXGBF,related to,PlayStation
B09MGJXGBF,related to,Nintendo
B09MGJXGBF,related to,Nintendo Switch
B09MGJXGBF,related to,Games
B09MGJXGBF,related to,PlayStation 5
B09MGJXGBF,related to,PlayStation 4
B09MGJXGBF,related to,Nintendo 3DS
B09MGJXGBF,related to,Xbox Games
B09MGJXGBF,related to,PlayStation Games
B09MGJXGBF,related to,Nintendo Games
B09MGJXGBF,related to,Nintendo Controllers
B09MGJXGBF,related to,Nintendo Switch Lite
B09MGJXGBF,related to,PC Games
B09MGJXGBF,related to,Switch Cases
B09C4DPKGF,related to,Nintendo
B09C4DPKGF,related to,Games
B09C4DPKGF,related to,Headsets
B09C4DPKGF,related to,VR Headsets
B09C4DPKGF,related to,PC Games
B09C4DPKGF,related to,Xbox Games
B09C4DPKGF,related to,Nintendo Games
B09C4DPKGF,related to,Gaming Headsets
B00KLH0XMW,related to,Games
B00KLH0XMW,related to,PC Games
B00KLH0XMW,related to,Xbox Games
B00KLH0XMW,related to,Nintendo Games
B002824SNS,related to,Controllers
B002824SNS,related to,Gaming Accessories
B002824SNS,related to,Games
B002824SNS,related to,Nintendo
B002824SNS,related to,Nintendo Switch
B002824SNS,related to,PC Games
B002824SNS,related to,Xbox Games
B002824SNS,related to,PlayStation Games
B002824SNS,related to,Nintendo Games
B002824SNS,related to,Nintendo 3DS
B002824SNS,related to,Nintendo Controllers
B00004VWGR,related to,Games
B005UUOA3I,related to,Nintendo
B005UUOA3I,related to,Games
B005UUOA3I,related to,PC Games
B005UUOA3I,related to,Xbox Games
B005UUOA3I,related to,PlayStation Games
B005UUOA3I,related to,Nintendo Games
B001FSL4BK,related to,Xbox
B001FSL4BK,related to,PlayStation
B001FSL4BK,related to,Xbox One
B001FSL4BK,related to,PlayStation 5
B001FSL4BK,related to,PlayStation 4
B001FSL4BK,related to,PlayStation Vita
B001FSL4BK,related to,Xbox Games
B001FSL4BK,related to,PlayStation Games
B001FSL4BK,related to,PlayStation Controllers
B000F8O1C0,related to,Xbox
B000F8O1C0,related to,PlayStation
B000F8O1C0,related to,Xbox One
B000F8O1C0,related to,PlayStation 5
B000F8O1C0,related to,PlayStation 4
B000F8O1C0,related to,PlayStation Vita
B000F8O1C0,related to,Xbox Games
B000F8O1C0,related to,PlayStation Games
B000F8O1C0,related to,PlayStation Controllers
B07R4C7TPC,related to,Games
B07R4C7TPC,related to,Nintendo
B07R4C7TPC,related to,Nintendo Switch
B07R4C7TPC,related to,Nintendo Switch Lite
B07R4C7TPC,related to,Nintendo 3DS
B07R4C7TPC,related to,Nintendo Games
B07R4C7TPC,related to,Switch Cases
B07R4C7TPC,related to,Nintendo Controllers
B085FXXQ4G,related to,Nintendo
B085FXXQ4G,related to,Nintendo Switch
B085FXXQ4G,related to,Nintendo Switch Lite
B085FXXQ4G,related to,Nintendo 3DS
B085FXXQ4G,related to,Nintendo Games
B085FXXQ4G,related to,Switch Cases
B085FXXQ4G,related to,Nintendo Controllers
B00004SW27,related to,PlayStation
B00004SW27,related to,Nintendo
B00004SW27,related to,Nintendo Switch
B00004SW27,related to,PlayStation 5
B00004SW27,related to,PlayStation 4
B00004SW27,related to,Nintendo 3DS
B00004SW27,related to,PlayStation Games
B00004SW27,related to,Nintendo Games
B003VAK16O,related to,Xbox
B003VAK16O,related to,Games
B003VAK16O,related to,PC Games
B003VAK16O,related to,Xbox Games
B003VAK16O,related to,Nintendo Games
B000B6MLSM,related to,Xbox
B000B6MLSM,related to,Gaming Peripherals
B000B6MLSM,related to,Gaming Accessories
B000B6MLSM,related to,Games
B000B6MLSM,related to,Controllers
B000B6MLSM,related to,Xbox Series X
B000B6MLSM,related to,Xbox Series S
B000B6MLSM,related to,Xbox One
B000B6MLSM,related to,PlayStation 4
B000B6MLSM,related to,Xbox Games
B000B6MLSM,related to,Xbox Controllers
B000B6MLSM,related to,PlayStation Controllers
B000B6MLSM,related to,PC Games
B000B6MLSM,related to,PlayStation Games
B000B6MLSM,related to,Nintendo Games
B000B6MLSM,related to,Nintendo Controllers
B006P9GRLQ,related to,Xbox
B006P9GRLQ,related to,PlayStation
B006P9GRLQ,related to,Gaming Peripherals
B006P9GRLQ,related to,Xbox One
B006P9GRLQ,related to,PlayStation 5
B006P9GRLQ,related to,PlayStation 4
B006P9GRLQ,related to,PlayStation Vita
B006P9GRLQ,related to,PlayStation Games
B006P9GRLQ,related to,PlayStation Controllers
B006P9GRLQ,related to,PC Games
B000BY5YWE,related to,PlayStation
B000BY5YWE,related to,PlayStation 5
B000BY5YWE,related to,PlayStation 4
B000BY5YWE,related to,PlayStation Vita
B000BY5YWE,related to,PlayStation Games
B000BY5YWE,related to,PlayStation Controllers
B08KJKC4KH,related to,Gaming Peripherals
B08KJKC4KH,related to,Gaming Accessories
B08KJKC4KH,related to,Games
B08KJKC4KH,related to,Xbox
B08KJKC4KH,related to,PC Games
B08KJKC4KH,related to,Xbox Games
B08KJKC4KH,related to,PlayStation Games
B08KJKC4KH,related to,Nintendo Games
B08KJKC4KH,related to,Gaming Headsets
B08KJKC4KH,related to,Xbox Series X
B08KJKC4KH,related to,Xbox Series S
B08KJKC4KH,related to,Xbox One
B08KJKC4KH,related to,Xbox Controllers
B09LM8GQQB,related to,Xbox
B09LM8GQQB,related to,PlayStation
B09LM8GQQB,related to,Games
B09LM8GQQB,related to,Nintendo
B09LM8GQQB,related to,Nintendo Switch
B09LM8GQQB,related to,Gaming Accessories
B09LM8GQQB,related to,PlayStation 5
B09LM8GQQB,related to,PlayStation 4
B09LM8GQQB,related to,PlayStation Vita
B09LM8GQQB,related to,PC Games
B09LM8GQQB,related to,Xbox Games
B09LM8GQQB,related to,PlayStation Games
B09LM8GQQB,related to,Nintendo Switch Lite
B09LM8GQQB,related to,Nintendo 3DS
B09LM8GQQB,related to,Nintendo Games
B09LM8GQQB,related to,Switch Cases
B09LM8GQQB,related to,Nintendo Controllers
B01N3Q5HZ9,related to,Xbox
B01N3Q5HZ9,related to,PlayStation
B01N3Q5HZ9,related to,Nintendo
B01N3Q5HZ9,related to,Gaming Accessories
B01N3Q5HZ9,related to,Games
B01N3Q5HZ9,related to,Xbox Series X
B01N3Q5HZ9,related to,Xbox Series S
B01N3Q5HZ9,related to,Xbox One
B01N3Q5HZ9,related to,PlayStation 5
B01N3Q5HZ9,related to,PlayStation 4
B01N3Q5HZ9,related to,PC Games
B01N3Q5HZ9,related to,Xbox Games
B01N3Q5HZ9,related to,PlayStation Games
B01N3Q5HZ9,related to,Xbox Controllers
B002JTX7XW,related to,Games
B002JTX7XW,related to,Xbox
B002JTX7XW,related to,PlayStation
B002JTX7XW,related to,Nintendo
B002JTX7XW,related to,Gaming Accessories
B002JTX7XW,related to,Xbox Series X
B002JTX7XW,related to,Xbox Series S
B002JTX7XW,related to,Xbox One
B002JTX7XW,related to,PlayStation 5
B002JTX7XW,related to,PlayStation 4
B002JTX7XW,related to,PlayStation Vita
B002JTX7XW,related to,PC Games
B002JTX7XW,related to,Xbox Games
B002JTX7XW,related to,PlayStation Games
B002JTX7XW,related to,Nintendo Games
B002JTX7XW,related to,Xbox Controllers
B01AFOAMSA,related to,Hardware
B0BG51ZJBJ,related to,Xbox
B0BG51ZJBJ,related to,Games
B0BG51ZJBJ,related to,PC Games
B0BG51ZJBJ,related to,Xbox Games
B0BG51ZJBJ,related to,Nintendo Games
B0BJKR3LJJ,related to,Xbox
B0BJKR3LJJ,related to,PlayStation
B0BJKR3LJJ,related to,Nintendo
B0BJKR3LJJ,related to,Gaming Peripherals
B0BJKR3LJJ,related to,Gaming Accessories
B0BJKR3LJJ,related to,Games
B0BJKR3LJJ,related to,Controllers
B0BJKR3LJJ,related to,Xbox One
B0BJKR3LJJ,related to,PlayStation 5
B0BJKR3LJJ,related to,PlayStation 4
B0BJKR3LJJ,related to,PC Games
B0BJKR3LJJ,related to,Xbox Games
B0BJKR3LJJ,related to,PlayStation Games
B0BJKR3LJJ,related to,Nintendo Games
B0BJKR3LJJ,related to,Xbox Series S
B0BJKR3LJJ,related to,PlayStation Vita
B0BJKR3LJJ,related to,Xbox Controllers
B0BJKR3LJJ,related to,PlayStation Controllers
B0BJKR3LJJ,related to,Nintendo Controllers
B001EHD9BK,related to,Nintendo
B001EHD9BK,related to,Games
B001EHD9BK,related to,PC Games
B001EHD9BK,related to,Xbox Games
B001EHD9BK,related to,PlayStation Games
B001EHD9BK,related to,Nintendo Games
B00I0XMMJQ,related to,Games
B00I0XMMJQ,related to,PC Games
B081R8BB69,related to,Gaming Peripherals
B081R8BB69,related to,Gaming Accessories
B081R8BB69,related to,Games
B081R8BB69,related to,PC Games
B081R8BB69,related to,Xbox Games
B081R8BB69,related to,PlayStation Games
B081R8BB69,related to,Nintendo Games
B081R8BB69,related to,Gaming Headsets
B07KJCC4Q7,related to,Controllers
B07KJCC4Q7,related to,Xbox Controllers
B07KJCC4Q7,related to,PlayStation Controllers
B07KJCC4Q7,related to,Nintendo Controllers
B006UBEV4O,related to,Xbox
B006UBEV4O,related to,PlayStation
B006UBEV4O,related to,Xbox Series X
B006UBEV4O,related to,Xbox Series S
B006UBEV4O,related to,Xbox One
B006UBEV4O,related to,PlayStation 5
B006UBEV4O,related to,PlayStation 4
B006UBEV4O,related to,PC Games
B006UBEV4O,related to,Xbox Games
B006UBEV4O,related to,Xbox Controllers
B000GIPJ8E,related to,Nintendo Games
B00006F2BE,related to,PlayStation
B00006F2BE,related to,Nintendo
B00006F2BE,related to,Gaming Accessories
B00006F2BE,related to,Games
B00006F2BE,related to,PlayStation 5
B00006F2BE,related to,PlayStation 4
B00006F2BE,related to,PC Games
B00006F2BE,related to,Xbox Games
B00006F2BE,related to,PlayStation Games
B00006F2BE,related to,Nintendo Games
B000784XEE,related to,Nintendo
B000784XEE,related to,Games
B000784XEE,related to,PC Games
B000784XEE,related to,Xbox Games
B000784XEE,related to,PlayStation Games
B000784XEE,related to,Nintendo Games
B001ELJEGK,related to,Gaming Accessories
B001ELJEGK,related to,Games
B001ELJEGK,related to,Xbox
B001ELJEGK,related to,PlayStation
B001ELJEGK,related to,Nintendo
B001ELJEGK,related to,Gaming Peripherals
B001ELJEGK,related to,PC Games
B001ELJEGK,related to,Xbox Games
B001ELJEGK,related to,PlayStation Games
B001ELJEGK,related to,Nintendo Games
B001ELJEGK,related to,Xbox Series X
B001ELJEGK,related to,Xbox Series S
B001ELJEGK,related to,Xbox One
B001ELJEGK,related to,PlayStation 5
B001ELJEGK,related to,PlayStation 4
B001ELJEGK,related to,PlayStation Vita
B001ELJEGK,related to,Xbox Controllers
B001EYURBS,related to,Games
B001EYURBS,related to,PC Games
B001EYURBS,related to,Xbox Games
B001EYURBS,related to,Nintendo Games
B00000DMAU,related to,Xbox
B00000DMAU,related to,PlayStation
B00000DMAU,related to,Nintendo
B00000DMAU,related to,Gaming Accessories
B00000DMAU,related to,Games
B00000DMAU,related to,Xbox One
B00000DMAU,related to,PlayStation 5
B00000DMAU,related to,PlayStation 4
B00000DMAU,related to,PlayStation Vita
B00000DMAU,related to,PC Games
B00000DMAU,related to,Xbox Games
B00000DMAU,related to,PlayStation Games
B00000DMAU,related to,Nintendo Games
B00000DMAU,related to,PlayStation Controllers
B00DJRLDMU,related to,Xbox
B00DJRLDMU,related to,Xbox Series X
B00DJRLDMU,related to,Xbox One
B00DJRLDMU,related to,Xbox Games
B00DJRLDMU,related to,Xbox Controllers
B001262U54,related to,PlayStation
B001262U54,related to,Games
B001262U54,related to,Storage Cases
B001262U54,related to,PlayStation 5
B001262U54,related to,PlayStation 4
B001262U54,related to,PlayStation Vita
B001262U54,related to,PlayStation Games
B001262U54,related to,PlayStation Controllers
B001262U54,related to,PC Games
B001262U54,related to,Xbox Games
B001262U54,related to,Nintendo Games
B001EYUS4Y,related to,Nintendo
B001EYUS4Y,related to,Games
B001EYUS4Y,related to,Xbox
B001EYUS4Y,related to,PlayStation
B001EYUS4Y,related to,Gaming Peripherals
B001EYUS4Y,related to,PC Games
B001EYUS4Y,related to,Xbox Games
B001EYUS4Y,related to,PlayStation Games
B001EYUS4Y,related to,Nintendo Games
B001EYUS4Y,related to,Xbox Series X
B001EYUS4Y,related to,Xbox Series S
B001EYUS4Y,related to,Xbox One
B001EYUS4Y,related to,PlayStation 5
B001EYUS4Y,related to,PlayStation 4
B001EYUS4Y,related to,PlayStation Vita
B001EYUS4Y,related to,Xbox Controllers
B000160MCY,related to,Games
B000160MCY,related to,Xbox
B000160MCY,related to,PlayStation
B000160MCY,related to,Nintendo
B000160MCY,related to,Gaming Accessories
B000160MCY,related to,Xbox Series X
B000160MCY,related to,Xbox Series S
B000160MCY,related to,Xbox One
B000160MCY,related to,PlayStation 5
B000160MCY,related to,PlayStation 4
B000160MCY,related to,PC Games
B000160MCY,related to,Xbox Games
B000160MCY,related to,PlayStation Games
B000160MCY,related to,Xbox Controllers
B07GXJK5GS,related to,Nintendo
B07GXJK5GS,related to,Nintendo Switch
B07GXJK5GS,related to,Nintendo Switch Lite
B07GXJK5GS,related to,Nintendo 3DS
B07GXJK5GS,related to,Nintendo Games
B07GXJK5GS,related to,Switch Cases
B07GXJK5GS,related to,Nintendo Controllers
B0912QG3XZ,related to,Headsets
B0912QG3XZ,related to,VR Headsets
B0912QG3XZ,related to,Xbox
B0912QG3XZ,related to,Games
B0912QG3XZ,related to,Gaming Headsets
B0912QG3XZ,related to,Xbox Series X
B0912QG3XZ,related to,Xbox Series S
B0912QG3XZ,related to,Xbox One
B0912QG3XZ,related to,Xbox Games
B0912QG3XZ,related to,Xbox Controllers
B0912QG3XZ,related to,PC Games
B0912QG3XZ,related to,Nintendo Games
B00UKHU5I0,related to,Games
B00UKHU5I0,related to,PC Games
B08GFGNH3D,related to,Nintendo
B08GFGNH3D,related to,Nintendo Switch
B08GFGNH3D,related to,Nintendo Switch Lite
B08GFGNH3D,related to,Nintendo 3DS
B08GFGNH3D,related to,Nintendo Games
B08GFGNH3D,related to,Switch Cases
B08GFGNH3D,related to,Nintendo Controllers
B077KGPLLL,related to,Nintendo
B077KGPLLL,related to,Nintendo Switch
B077KGPLLL,related to,Nintendo Switch Lite
B077KGPLLL,related to,Nintendo 3DS
B077KGPLLL,related to,Nintendo Games
B077KGPLLL,related to,Switch Cases
B077KGPLLL,related to,Nintendo Controllers
B00E3C4CIM,related to,Games
B00E3C4CIM,related to,Storage Cases
B00E3C4CIM,related to,Xbox
B00E3C4CIM,related to,PlayStation
B00E3C4CIM,related to,Nintendo
B00E3C4CIM,related to,Nintendo Switch
B00E3C4CIM,related to,Xbox Games
B00E3C4CIM,related to,Nintendo Games
B00E3C4CIM,related to,Switch Cases
B00E3C4CIM,related to,Xbox One
B00E3C4CIM,related to,PlayStation 5
B00E3C4CIM,related to,PlayStation 4
B00E3C4CIM,related to,PlayStation Vita
B00E3C4CIM,related to,Nintendo 3DS
B00E3C4CIM,related to,PlayStation Games
B00E3C4CIM,related to,PlayStation Controllers
B00E3C4CIM,related to,Nintendo Controllers
B08DB8H8M5,related to,PlayStation
B08DB8H8M5,related to,Nintendo
B08DB8H8M5,related to,Nintendo Switch
B08DB8H8M5,related to,Gaming Peripherals
B08DB8H8M5,related to,Gaming Accessories
B08DB8H8M5,related to,Games
B08DB8H8M5,related to,PlayStation 5
B08DB8H8M5,related to,PlayStation 4
B08DB8H8M5,related to,Nintendo 3DS
B08DB8H8M5,related to,PC Games
B08DB8H8M5,related to,Xbox Games
B08DB8H8M5,related to,PlayStation Games
B08DB8H8M5,related to,Nintendo Games
B08DB8H8M5,related to,Nintendo Controllers
B00009PS24,related to,Nintendo
B00009PS24,related to,Nintendo Switch
B00009PS24,related to,Gaming Accessories
B00009PS24,related to,Nintendo 3DS
B00009PS24,related to,Xbox Games
B00009PS24,related to,PlayStation Games
B00009PS24,related to,Nintendo Games
B00009PS24,related to,Nintendo Controllers
B09CB6ZXD7,related to,Nintendo
B09CB6ZXD7,related to,Nintendo Switch
B09CB6ZXD7,related to,Storage Cases
B09CB6ZXD7,related to,Games
B09CB6ZXD7,related to,Nintendo Switch Lite
B09CB6ZXD7,related to,Nintendo 3DS
B09CB6ZXD7,related to,Nintendo Games
B09CB6ZXD7,related to,Switch Cases
B09CB6ZXD7,related to,Nintendo Controllers
B014278KPS,related to,Nintendo
B014278KPS,related to,Nintendo Games
B07HF5MVR5,related to,PlayStation
B07HF5MVR5,related to,PlayStation 5
B07HF5MVR5,related to,PlayStation 4
B07HF5MVR5,related to,PlayStation Vita
B07HF5MVR5,related to,PlayStation Games
B07HF5MVR5,related to,PlayStation Controllers
B004FYU1QK,related to,Games
B004FYU1QK,related to,PC Games
B004FYU1QK,related to,PlayStation Games
B004FYU1QK,related to,Nintendo Games
B08VMR5VF8,related to,Xbox
B08VMR5VF8,related to,PlayStation
B08VMR5VF8,related to,Gaming Peripherals
B08VMR5VF8,related to,Controllers
B08VMR5VF8,related to,Xbox Series S
B08VMR5VF8,related to,Xbox One
B08VMR5VF8,related to,PlayStation 5
B08VMR5VF8,related to,PlayStation 4
B08VMR5VF8,related to,PlayStation Vita
B08VMR5VF8,related to,PlayStation Games
B08VMR5VF8,related to,PlayStation Controllers
B08VMR5VF8,related to,Xbox Controllers
B08VMR5VF8,related to,Nintendo Controllers
B074STT6TQ,related to,Nintendo
B074STT6TQ,related to,Nintendo Switch
B074STT6TQ,related to,Games
B074STT6TQ,related to,Product Details
B074STT6TQ,related to,Gaming Peripherals
B074STT6TQ,related to,Gaming Accessories
B074STT6TQ,related to,PlayStation 4
B074STT6TQ,related to,Nintendo 3DS
B074STT6TQ,related to,PC Games
B074STT6TQ,related to,Xbox Games
B074STT6TQ,related to,PlayStation Games
B074STT6TQ,related to,Nintendo Games
B074STT6TQ,related to,Nintendo Controllers
B07V8GDBTN,related to,Storage Cases
B07V8GDBTN,related to,Headsets
B07V8GDBTN,related to,VR Headsets
B07V8GDBTN,related to,Games
B07V8GDBTN,related to,Switch Cases
B07V8GDBTN,related to,Gaming Headsets
B07V8GDBTN,related to,PC Games
B07V8GDBTN,related to,Xbox Games
B001T0HVGQ,related to,Xbox
B001T0HVGQ,related to,Xbox Series X
B001T0HVGQ,related to,Xbox Series S
B001T0HVGQ,related to,Xbox One
B001T0HVGQ,related to,PlayStation 5
B001T0HVGQ,related to,PlayStation 4
B001T0HVGQ,related to,Xbox Games
B000GAC2I2,related to,Nintendo
B000GAC2I2,related to,Games
B000GAC2I2,related to,PlayStation
B000GAC2I2,related to,PC Games
B000GAC2I2,related to,Xbox Games
B000GAC2I2,related to,PlayStation Games
B000GAC2I2,related to,Nintendo Games
B000GAC2I2,related to,PlayStation 5
B000GAC2I2,related to,PlayStation 4
B000GAC2I2,related to,PlayStation Vita
B000GAC2I2,related to,PlayStation Controllers
B00EN3H8QY,related to,PlayStation
B00EN3H8QY,related to,Nintendo
B00EN3H8QY,related to,Gaming Peripherals
B00EN3H8QY,related to,Gaming Accessories
B00EN3H8QY,related to,Games
B00EN3H8QY,related to,Xbox
B00EN3H8QY,related to,PlayStation 5
B00EN3H8QY,related to,PC Games
B00EN3H8QY,related to,Xbox Games
B00EN3H8QY,related to,PlayStation Games
B00EN3H8QY,related to,Nintendo Games
B00EN3H8QY,related to,Xbox Series X
B00EN3H8QY,related to,Xbox Series S
B00EN3H8QY,related to,Xbox One
B00EN3H8QY,related to,PlayStation 4
B00EN3H8QY,related to,PlayStation Vita
B00EN3H8QY,related to,Xbox Controllers
B004IK9WQQ,related to,Xbox
B004IK9WQQ,related to,PlayStation
B004IK9WQQ,related to,Gaming Peripherals
B004IK9WQQ,related to,Gaming Accessories
B004IK9WQQ,related to,Controllers
B004IK9WQQ,related to,Xbox Series X
B004IK9WQQ,related to,Xbox Series S
B004IK9WQQ,related to,Xbox One
B004IK9WQQ,related to,PlayStation 5
B004IK9WQQ,related to,PlayStation 4
B004IK9WQQ,related to,PC Games
B004IK9WQQ,related to,Xbox Games
B004IK9WQQ,related to,PlayStation Games
B004IK9WQQ,related to,Xbox Controllers
B004IK9WQQ,related to,Nintendo Controllers
B001E91OC4,related to,Nintendo
B001E91OC4,related to,Games
B001E91OC4,related to,Xbox Series S
B001E91OC4,related to,Xbox Games
B001E91OC4,related to,PlayStation Games
B001E91OC4,related to,Nintendo Games
B08N6HY1FF,related to,Hardware
B08N6HY1FF,related to,Xbox
B08N6HY1FF,related to,PlayStation
B08N6HY1FF,related to,Nintendo
B08N6HY1FF,related to,Gaming Peripherals
B08N6HY1FF,related to,Gaming Accessories
B08N6HY1FF,related to,Games
B08N6HY1FF,related to,Xbox One
B08N6HY1FF,related to,PlayStation 5
B08N6HY1FF,related to,PlayStation 4
B08N6HY1FF,related to,PC Games
B08N6HY1FF,related to,Xbox Games
B08N6HY1FF,related to,PlayStation Games
B08N6HY1FF,related to,Nintendo Games
B08N6HY1FF,related to,Gaming Headsets
B008J35YFQ,related to,PlayStation
B008J35YFQ,related to,Nintendo
B008J35YFQ,related to,Gaming Peripherals
B008J35YFQ,related to,Gaming Accessories
B008J35YFQ,related to,Games
B008J35YFQ,related to,Xbox
B008J35YFQ,related to,PC Games
B008J35YFQ,related to,Xbox Games
B008J35YFQ,related to,PlayStation Games
B008J35YFQ,related to,Nintendo Games
B008J35YFQ,related to,Xbox Series X
B008J35YFQ,related to,Xbox Series S
B008J35YFQ,related to,Xbox One
B008J35YFQ,related to,PlayStation 5
B008J35YFQ,related to,PlayStation 4
B09SL7RL4M,related to,Gaming Accessories
B09SL7RL4M,related to,Controllers
B09SL7RL4M,related to,Xbox Controllers
B09SL7RL4M,related to,PlayStation Controllers
B09SL7RL4M,related to,Nintendo Controllers
B006VE454Q,related to,Xbox
B006VE454Q,related to,PlayStation
B006VE454Q,related to,Xbox One
B006VE454Q,related to,PlayStation 5
B006VE454Q,related to,PlayStation 4
B006VE454Q,related to,PlayStation Vita
B006VE454Q,related to,PlayStation Games
B006VE454Q,related to,PlayStation Controllers
B006VE454Q,related to,PC Games
B006VE454Q,related to,Xbox Games
B01D0Y1R90,related to,Xbox
B01D0Y1R90,related to,PlayStation
B01D0Y1R90,related to,Nintendo
B01D0Y1R90,related to,Games
B01D0Y1R90,related to,Xbox One
B01D0Y1R90,related to,PlayStation 5
B01D0Y1R90,related to,PlayStation 4
B01D0Y1R90,related to,PlayStation Vita
B01D0Y1R90,related to,PlayStation Games
B01D0Y1R90,related to,PlayStation Controllers
B01D0Y1R90,related to,PC Games
B01D0Y1R90,related to,Xbox Games
B01D0Y1R90,related to,Nintendo Games
B004JN0U8Q,related to,PlayStation
B004JN0U8Q,related to,Nintendo
B004JN0U8Q,related to,PlayStation 5
B004JN0U8Q,related to,PlayStation 4
B004JN0U8Q,related to,Nintendo Games
B08WPW7XVG,related to,Nintendo
B08WPW7XVG,related to,Nintendo Switch
B08WPW7XVG,related to,Xbox
B08WPW7XVG,related to,PlayStation
B08WPW7XVG,related to,Gaming Peripherals
B08WPW7XVG,related to,Gaming Accessories
B08WPW7XVG,related to,Nintendo 3DS
B08WPW7XVG,related to,Nintendo Games
B08WPW7XVG,related to,Nintendo Controllers
B08WPW7XVG,related to,Xbox One
B08WPW7XVG,related to,PlayStation 5
B08WPW7XVG,related to,PlayStation 4
B08WPW7XVG,related to,PlayStation Vita
B08WPW7XVG,related to,PC Games
B08WPW7XVG,related to,Xbox Games
B08WPW7XVG,related to,PlayStation Games
B08WPW7XVG,related to,Xbox Controllers
B08WPW7XVG,related to,PlayStation Controllers
B001G7PRW2,related to,Games
B001G7PRW2,related to,PC Games
B001G7PRW2,related to,Xbox Games
B001G7PRW2,related to,PlayStation Games
B001G7PRW2,related to,Nintendo Games
B0C33SQSJJ,related to,Nintendo
B0C33SQSJJ,related to,Gaming Accessories
B0C33SQSJJ,related to,Games
B0C33SQSJJ,related to,PC Games
B0C33SQSJJ,related to,Xbox Games
B0C33SQSJJ,related to,PlayStation Games
B0C33SQSJJ,related to,Nintendo Games
B0001OU19K,related to,Xbox
B0001OU19K,related to,PlayStation
B0001OU19K,related to,Nintendo
B0001OU19K,related to,Games
B0001OU19K,related to,Xbox Series X
B0001OU19K,related to,Xbox Series S
B0001OU19K,related to,Xbox One
B0001OU19K,related to,PlayStation 5
B0001OU19K,related to,PlayStation 4
B0001OU19K,related to,PC Games
B0001OU19K,related to,Xbox Games
B0001OU19K,related to,PlayStation Games
B0001OU19K,related to,Nintendo Games
B001EYUUEW,related to,PlayStation
B001EYUUEW,related to,Xbox One
B001EYUUEW,related to,PlayStation 5
B001EYUUEW,related to,PlayStation 4
B001EYUUEW,related to,PlayStation Vita
B001EYUUEW,related to,PC Games
B001EYUUEW,related to,Xbox Games
B001EYUUEW,related to,PlayStation Games
B001EYUUEW,related to,PlayStation Controllers
B00WPKQY3K,related to,Gaming Peripherals
B00WPKQY3K,related to,Gaming Accessories
B00WPKQY3K,related to,Controllers
B00WPKQY3K,related to,PC Games
B00WPKQY3K,related to,Xbox Controllers
B00WPKQY3K,related to,PlayStation Controllers
B00WPKQY3K,related to,Nintendo Controllers
B00005A775,related to,Gaming Peripherals
B00005A775,related to,Gaming Accessories
B00005A775,related to,Nintendo
B00005A775,related to,Games
B00005A775,related to,PlayStation
B00005A775,related to,Nintendo Switch
B00005A775,related to,PC Games
B00005A775,related to,Xbox Games
B00005A775,related to,PlayStation Games
B00005A775,related to,Nintendo Games
B00005A775,related to,PlayStation 5
B00005A775,related to,PlayStation 4
B005DIQ2BU,related to,Headsets
B005DIQ2BU,related to,VR Headsets
B005DIQ2BU,related to,Nintendo
B005DIQ2BU,related to,Nintendo Switch
B005DIQ2BU,related to,Gaming Headsets
B005DIQ2BU,related to,Nintendo 3DS
B005DIQ2BU,related to,Xbox Games
B005DIQ2BU,related to,Nintendo Games
B005DIQ2BU,related to,Nintendo Controllers
B09SVB6LD9,related to,Xbox
B09SVB6LD9,related to,Gaming Peripherals
B09SVB6LD9,related to,Games
B09SVB6LD9,related to,Controllers
B09SVB6LD9,related to,Xbox Series X
B09SVB6LD9,related to,Xbox One
B09SVB6LD9,related to,Xbox Games
B09SVB6LD9,related to,Xbox Controllers
B09SVB6LD9,related to,PC Games
B09SVB6LD9,related to,PlayStation Controllers
B09SVB6LD9,related to,Nintendo Controllers
B003VQZQTA,related to,Nintendo
B003VQZQTA,related to,Nintendo Switch
B003VQZQTA,related to,Games
B003VQZQTA,related to,Nintendo 3DS
B003VQZQTA,related to,Xbox Games
B003VQZQTA,related to,PlayStation Games
B003VQZQTA,related to,Nintendo Games
B003VQZQTA,related to,Nintendo Controllers
B0969NMF8J,related to,Gaming Peripherals
B0969NMF8J,related to,Controllers
B0969NMF8J,related to,Hardware
B0969NMF8J,related to,Xbox
B0969NMF8J,related to,PlayStation
B0969NMF8J,related to,Nintendo
B0969NMF8J,related to,Nintendo Switch
B0969NMF8J,related to,Gaming Accessories
B0969NMF8J,related to,Xbox Controllers
B0969NMF8J,related to,PlayStation Controllers
B0969NMF8J,related to,Nintendo Controllers
B0969NMF8J,related to,Xbox Series X
B0969NMF8J,related to,Xbox Series S
B0969NMF8J,related to,Xbox One
B0969NMF8J,related to,PlayStation 5
B0969NMF8J,related to,PlayStation 4
B0969NMF8J,related to,PlayStation Vita
B0969NMF8J,related to,Nintendo 3DS
B0969NMF8J,related to,PC Games
B0969NMF8J,related to,Xbox Games
B0969NMF8J,related to,PlayStation Games
B0969NMF8J,related to,Nintendo Games
B001SEQZK6,related to,Gaming Peripherals
B001SEQZK6,related to,Gaming Accessories
B001SEQZK6,related to,Games
B001SEQZK6,related to,Xbox
B001SEQZK6,related to,PlayStation
B001SEQZK6,related to,Nintendo
B001SEQZK6,related to,PC Games
B001SEQZK6,related to,Xbox Games
B001SEQZK6,related to,PlayStation Games
B001SEQZK6,related to,Nintendo Games
B001SEQZK6,related to,Gaming Headsets
B001SEQZK6,related to,Xbox One
B001SEQZK6,related to,PlayStation 5
B001SEQZK6,related to,PlayStation 4
B001SEQZK6,related to,PlayStation Vita
B001SEQZK6,related to,PlayStation Controllers
B08N7QR64Q,related to,Hardware
B08N7QR64Q,related to,Xbox
B08N7QR64Q,related to,PlayStation
B08N7QR64Q,related to,Nintendo
B08N7QR64Q,related to,Nintendo Switch
B08N7QR64Q,related to,Gaming Accessories
B08N7QR64Q,related to,Games
B08N7QR64Q,related to,Xbox One
B08N7QR64Q,related to,PlayStation 5
B08N7QR64Q,related to,PlayStation 4
B08N7QR64Q,related to,Nintendo Switch Lite
B08N7QR64Q,related to,Nintendo 3DS
B08N7QR64Q,related to,PC Games
B08N7QR64Q,related to,Xbox Games
B08N7QR64Q,related to,PlayStation Games
B08N7QR64Q,related to,Nintendo Games
B08N7QR64Q,related to,Nintendo Controllers
B0BBG4T5RJ,related to,Hardware
B0BBG4T5RJ,related to,Xbox
B0BBG4T5RJ,related to,PlayStation
B0BBG4T5RJ,related to,Nintendo
B0BBG4T5RJ,related to,Nintendo Switch
B0BBG4T5RJ,related to,Gaming Accessories
B0BBG4T5RJ,related to,Games
B0BBG4T5RJ,related to,Storage Cases
B0BBG4T5RJ,related to,Xbox One
B0BBG4T5RJ,related to,PlayStation 5
B0BBG4T5RJ,related to,PlayStation 4
B0BBG4T5RJ,related to,Nintendo Switch Lite
B0BBG4T5RJ,related to,Nintendo 3DS
B0BBG4T5RJ,related to,PC Games
B0BBG4T5RJ,related to,Xbox Games
B0BBG4T5RJ,related to,PlayStation Games
B0BBG4T5RJ,related to,Nintendo Games
B0BBG4T5RJ,related to,Nintendo Controllers
B0BBG4T5RJ,related to,Switch Cases
B07WS819JQ,related to,Hardware
B07WS819JQ,related to,Xbox
B07WS819JQ,related to,PlayStation
B07WS819JQ,related to,Nintendo
B07WS819JQ,related to,Nintendo Switch
B07WS819JQ,related to,Gaming Accessories
B07WS819JQ,related to,Games
B07WS819JQ,related to,Controllers
B07WS819JQ,related to,Xbox One
B07WS819JQ,related to,PlayStation 5
B07WS819JQ,related to,PlayStation 4
B07WS819JQ,related to,Nintendo Switch Lite
B07WS819JQ,related to,Nintendo 3DS
B07WS819JQ,related to,PC Games
B07WS819JQ,related to,Xbox Games
B07WS819JQ,related to,PlayStation Games
B07WS819JQ,related to,Nintendo Games
B07WS819JQ,related to,Nintendo Controllers
B07WS819JQ,related to,Xbox Controllers
B07WS819JQ,related to,PlayStation Controllers
B001EYUXQC,related to,PlayStation
B001EYUXQC,related to,Games
B001EYUXQC,related to,PlayStation 5
B001EYUXQC,related to,PlayStation 4
B001EYUXQC,related to,PlayStation Vita
B001EYUXQC,related to,PC Games
B001EYUXQC,related to,Xbox Games
B001EYUXQC,related to,PlayStation Games
B001EYUXQC,related to,PlayStation Controllers
B0C14SPMBR,related to,Nintendo
B0C14SPMBR,related to,Nintendo Switch
B0C14SPMBR,related to,Controllers
B0C14SPMBR,related to,Nintendo Switch Lite
B0C14SPMBR,related to,Nintendo 3DS
B0C14SPMBR,related to,Nintendo Games
B0C14SPMBR,related to,Switch Cases
B0C14SPMBR,related to,Nintendo Controllers
B0C14SPMBR,related to,Xbox Controllers
B0C14SPMBR,related to,PlayStation Controllers
B000UM2KQU,related to,PlayStation
B000UM2KQU,related to,Nintendo
B000UM2KQU,related to,Nintendo Switch
B000UM2KQU,related to,Games
B000UM2KQU,related to,PlayStation 5
B000UM2KQU,related to,PlayStation 4
B000UM2KQU,related to,Nintendo 3DS
B000UM2KQU,related to,Xbox Games
B000UM2KQU,related to,PlayStation Games
B000UM2KQU,related to,Nintendo Games
B000UM2KQU,related to,PlayStation Controllers
B000UM2KQU,related to,Nintendo Controllers
B000UM2KQU,related to,PC Games
B005OGL9WS,related to,Nintendo
B005OGL9WS,related to,Games
B005OGL9WS,related to,PC Games
B005OGL9WS,related to,Xbox Games
B005OGL9WS,related to,PlayStation Games
B005OGL9WS,related to,Nintendo Games
B005OGL9WS,related to,Nintendo 3DS
B01GHFIOM2,related to,Gaming Accessories
B01GHFIOM2,related to,Games
B01GHFIOM2,related to,Xbox
B01GHFIOM2,related to,PlayStation
B01GHFIOM2,related to,Nintendo
B01GHFIOM2,related to,PC Games
B01GHFIOM2,related to,Xbox Games
B01GHFIOM2,related to,PlayStation Games
B01GHFIOM2,related to,Nintendo Games
B01GHFIOM2,related to,Xbox Series S
B01GHFIOM2,related to,Xbox One
B01GHFIOM2,related to,PlayStation 5
B01GHFIOM2,related to,PlayStation 4
B01GHFIOM2,related to,PlayStation Vita
B01GHFIOM2,related to,PlayStation Controllers
B000O5FTIY,related to,PlayStation
B000O5FTIY,related to,Nintendo
B000O5FTIY,related to,Nintendo Switch
B000O5FTIY,related to,Xbox Series S
B000O5FTIY,related to,PlayStation 5
B000O5FTIY,related to,PlayStation 4
B000O5FTIY,related to,Nintendo 3DS
B000O5FTIY,related to,Xbox Games
B000O5FTIY,related to,PlayStation Games
B000O5FTIY,related to,Nintendo Games
B000O5FTIY,related to,Nintendo Controllers
B000O5FTIY,related to,PC Games
B003QCIVUU,related to,Xbox
B003QCIVUU,related to,PlayStation
B003QCIVUU,related to,Nintendo
B003QCIVUU,related to,Nintendo Switch
B003QCIVUU,related to,Gaming Accessories
B003QCIVUU,related to,Games
B003QCIVUU,related to,Xbox One
B003QCIVUU,related to,PlayStation 5
B003QCIVUU,related to,PlayStation 4
B003QCIVUU,related to,PlayStation Vita
B003QCIVUU,related to,Nintendo 3DS
B003QCIVUU,related to,PC Games
B003QCIVUU,related to,Xbox Games
B003QCIVUU,related to,PlayStation Games
B003QCIVUU,related to,Nintendo Games
B003QCIVUU,related to,Xbox Controllers
B003QCIVUU,related to,PlayStation Controllers
B003QCIVUU,related to,Nintendo Controllers
B00CEGCN76,related to,PlayStation
B00CEGCN76,related to,Nintendo
B00CEGCN76,related to,Gaming Accessories
B00CEGCN76,related to,Games
B00CEGCN76,related to,Xbox
B00CEGCN76,related to,PC Games
B00CEGCN76,related to,Xbox Games
B00CEGCN76,related to,PlayStation Games
B00CEGCN76,related to,Nintendo Games
B00CEGCN76,related to,Xbox Series X
B00CEGCN76,related to,Xbox Series S
B00CEGCN76,related to,Xbox One
B00CEGCN76,related to,PlayStation 5
B00CEGCN76,related to,PlayStation 4
B00CEGCN76,related to,Xbox Controllers
B00AFD0WAU,related to,PlayStation
B00AFD0WAU,related to,Nintendo
B00AFD0WAU,related to,Nintendo Switch
B00AFD0WAU,related to,Games
B00AFD0WAU,related to,Xbox Series S
B00AFD0WAU,related to,PlayStation 5
B00AFD0WAU,related to,PlayStation 4
B00AFD0WAU,related to,Nintendo 3DS
B00AFD0WAU,related to,Xbox Games
B00AFD0WAU,related to,PlayStation Games
B00AFD0WAU,related to,Nintendo Games
B00AFD0WAU,related to,Nintendo Controllers
B00001OX4T,related to,Games
B00001OX4T,related to,Nintendo 3DS
B07BNKWG2D,related to,Nintendo
B07BNKWG2D,related to,Nintendo Switch
B07BNKWG2D,related to,PlayStation
B07BNKWG2D,related to,Gaming Accessories
B07BNKWG2D,related to,Games
B07BNKWG2D,related to,Nintendo Switch Lite
B07BNKWG2D,related to,Nintendo 3DS
B07BNKWG2D,related to,Nintendo Games
B07BNKWG2D,related to,Switch Cases
B07BNKWG2D,related to,Nintendo Controllers
B07BNKWG2D,related to,PC Games
B07BNKWG2D,related to,Xbox Games
B07BNKWG2D,related to,PlayStation Games
B0006PRR50,related to,Games
B0006PRR50,related to,PC Games
B0006PRR50,related to,Xbox Games
B0006PRR50,related to,PlayStation Games
B0006PRR50,related to,Nintendo Games
B01FJTYJ26,related to,PlayStation
B01FJTYJ26,related to,Gaming Peripherals
B01FJTYJ26,related to,Gaming Accessories
B01FJTYJ26,related to,Games
B01FJTYJ26,related to,PlayStation 5
B01FJTYJ26,related to,PlayStation 4
B01FJTYJ26,related to,PC Games
B01FJTYJ26,related to,Xbox Games
B01FJTYJ26,related to,PlayStation Games
B01FJTYJ26,related to,Nintendo Games
B01FJTYJ26,related to,Gaming Headsets
B00005QSLC,related to,Games
B00005QSLC,related to,PC Games
B082B4HBZ8,related to,Nintendo
B082B4HBZ8,related to,Nintendo Switch
B082B4HBZ8,related to,Nintendo 3DS
B082B4HBZ8,related to,Nintendo Games
B082B4HBZ8,related to,Nintendo Controllers
B082B4HBZ8,related to,Nintendo Switch Lite
B082B4HBZ8,related to,Switch Cases
B06Y1TPGX1,related to,PlayStation
B06Y1TPGX1,related to,PlayStation 5
B06Y1TPGX1,related to,PlayStation 4
B06Y1TPGX1,related to,PlayStation Vita
B06Y1TPGX1,related to,PlayStation Games
B06Y1TPGX1,related to,PlayStation Controllers
B089GHV1C7,related to,Games
B001B3UOR4,related to,Games
B001B3UOR4,related to,PC Games
B001B3UOR4,related to,Xbox Games
B001B3UOR4,related to,Nintendo Games
B009JLQI5M,related to,Xbox
B009JLQI5M,related to,PlayStation
B009JLQI5M,related to,Nintendo
B009JLQI5M,related to,Gaming Peripherals
B009JLQI5M,related to,Xbox Series X
B009JLQI5M,related to,Xbox Series S
B009JLQI5M,related to,Xbox One
B009JLQI5M,related to,PlayStation 5
B009JLQI5M,related to,PlayStation 4
B009JLQI5M,related to,PlayStation Vita
B009JLQI5M,related to,PC Games
B009JLQI5M,related to,Xbox Games
B009JLQI5M,related to,PlayStation Games
B009JLQI5M,related to,Xbox Controllers
B07VVYRX4R,related to,Nintendo
B07VVYRX4R,related to,Nintendo Switch
B07VVYRX4R,related to,Gaming Peripherals
B07VVYRX4R,related to,Gaming Accessories
B07VVYRX4R,related to,Games
B07VVYRX4R,related to,Nintendo Switch Lite
B07VVYRX4R,related to,Nintendo 3DS
B07VVYRX4R,related to,Nintendo Games
B07VVYRX4R,related to,Switch Cases
B07VVYRX4R,related to,Nintendo Controllers
B07VVYRX4R,related to,PC Games
B07VVYRX4R,related to,Xbox Games
B07VVYRX4R,related to,PlayStation Games
B001G7PRK4,related to,PC Games
B001231II2,related to,Xbox
B001231II2,related to,PlayStation
B001231II2,related to,Nintendo
B001231II2,related to,Games
B001231II2,related to,Xbox Series X
B001231II2,related to,Xbox Series S
B001231II2,related to,Xbox One
B001231II2,related to,PlayStation 5
B001231II2,related to,PlayStation 4
B001231II2,related to,PC Games
B001231II2,related to,Xbox Games
B001231II2,related to,PlayStation Games
B001231II2,related to,Nintendo Games
B00TS0UFOY,related to,Nintendo
B00TS0UFOY,related to,Nintendo Switch
B00TS0UFOY,related to,Nintendo 3DS
B00TS0UFOY,related to,Xbox Games
B00TS0UFOY,related to,Nintendo Games
B00TS0UFOY,related to,Nintendo Controllers
B0C2HFCDR3,related to,Nintendo Switch
B0C2HFCDR3,related to,Hardware
B0C2HFCDR3,related to,Xbox
B0C2HFCDR3,related to,PlayStation
B0C2HFCDR3,related to,Nintendo
B0C2HFCDR3,related to,Gaming Accessories
B0C2HFCDR3,related to,Games
B0C2HFCDR3,related to,Nintendo Switch Lite
B0C2HFCDR3,related to,Switch Cases
B0C2HFCDR3,related to,Xbox One
B0C2HFCDR3,related to,PlayStation 5
B0C2HFCDR3,related to,PlayStation 4
B0C2HFCDR3,related to,Nintendo 3DS
B0C2HFCDR3,related to,PC Games
B0C2HFCDR3,related to,Xbox Games
B0C2HFCDR3,related to,PlayStation Games
B0C2HFCDR3,related to,Nintendo Games
B0C2HFCDR3,related to,Nintendo Controllers
B001EYUUW4,related to,Nintendo
B001EYUUW4,related to,Gaming Peripherals
B001EYUUW4,related to,Gaming Accessories
B001EYUUW4,related to,Games
B001EYUUW4,related to,Nintendo Switch
B001EYUUW4,related to,Nintendo 3DS
B001EYUUW4,related to,PC Games
B001EYUUW4,related to,Xbox Games
B001EYUUW4,related to,PlayStation Games
B001EYUUW4,related to,Nintendo Games
B001EYUUW4,related to,Nintendo Controllers
B000BFIASS,related to,PlayStation
B000BFIASS,related to,Nintendo
B000BFIASS,related to,Nintendo Switch
B000BFIASS,related to,Games
B000BFIASS,related to,Xbox Series S
B000BFIASS,related to,PlayStation 5
B000BFIASS,related to,PlayStation 4
B000BFIASS,related to,Nintendo 3DS
B000BFIASS,related to,Xbox Games
B000BFIASS,related to,PlayStation Games
B000BFIASS,related to,Nintendo Games
B000BFIASS,related to,Nintendo Controllers
B000BFIASS,related to,PC Games
B004E0I8II,related to,Xbox
B004E0I8II,related to,PlayStation
B004E0I8II,related to,Nintendo
B004E0I8II,related to,Gaming Peripherals
B004E0I8II,related to,Gaming Accessories
B004E0I8II,related to,Xbox Series S
B004E0I8II,related to,Xbox One
B004E0I8II,related to,PlayStation 5
B004E0I8II,related to,PlayStation 4
B004E0I8II,related to,PlayStation Vita
B004E0I8II,related to,PC Games
B004E0I8II,related to,Xbox Games
B004E0I8II,related to,PlayStation Games
B004E0I8II,related to,Nintendo Games
B004E0I8II,related to,Xbox Controllers
B004E0I8II,related to,PlayStation Controllers
B004E0I8II,related to,Nintendo Controllers
B0090E5R6Y,related to,PlayStation
B0090E5R6Y,related to,Nintendo
B0090E5R6Y,related to,Nintendo Switch
B0090E5R6Y,related to,Xbox Series S
B0090E5R6Y,related to,PlayStation 5
B0090E5R6Y,related to,PlayStation 4
B0090E5R6Y,related to,Nintendo 3DS
B0090E5R6Y,related to,Xbox Games
B0090E5R6Y,related to,PlayStation Games
B0090E5R6Y,related to,Nintendo Games
B0090E5R6Y,related to,Nintendo Controllers
B002L93F0A,related to,Xbox
B002L93F0A,related to,Games
B002L93F0A,related to,Gaming Accessories
B002L93F0A,related to,Controllers
B002L93F0A,related to,Gaming Peripherals
B002L93F0A,related to,PC Games
B002L93F0A,related to,Xbox Games
B002L93F0A,related to,Nintendo Games
B002L93F0A,related to,PlayStation Games
B002L93F0A,related to,Nintendo Controllers
B002L93F0A,related to,Xbox Controllers
B002L93F0A,related to,PlayStation Controllers
B000098XJQ,related to,Nintendo
B000098XJQ,related to,Games
B000098XJQ,related to,Xbox
B000098XJQ,related to,PC Games
B000098XJQ,related to,Xbox Games
B000098XJQ,related to,Nintendo Games
B002I0K8JI,related to,Xbox
B002I0K8JI,related to,PlayStation
B002I0K8JI,related to,Nintendo
B002I0K8JI,related to,Gaming Accessories
B002I0K8JI,related to,Games
B002I0K8JI,related to,Xbox Series S
B002I0K8JI,related to,Xbox One
B002I0K8JI,related to,PlayStation 5
B002I0K8JI,related to,PlayStation 4
B002I0K8JI,related to,PlayStation Vita
B002I0K8JI,related to,PC Games
B002I0K8JI,related to,Xbox Games
B002I0K8JI,related to,PlayStation Games
B002I0K8JI,related to,Nintendo Games
B002I0K8JI,related to,PlayStation Controllers
B07QZVJCZV,related to,Controllers
B07QZVJCZV,related to,Xbox
B07QZVJCZV,related to,Nintendo Controllers
B07QZVJCZV,related to,Xbox Series X
B07QZVJCZV,related to,Xbox Series S
B07QZVJCZV,related to,Xbox One
B07QZVJCZV,related to,Xbox Games
B07QZVJCZV,related to,Xbox Controllers
B01CQAGNSO,related to,Games
B01CQAGNSO,related to,PC Games
B01CQAGNSO,related to,Xbox Games
B01CQAGNSO,related to,PlayStation Games
B01CQAGNSO,related to,Nintendo Games
B00RBVFA92,related to,Games
B00RBVFA92,related to,PC Games
B00RBVFA92,related to,Xbox Games
B00RBVFA92,related to,PlayStation Games
B00RBVFA92,related to,Nintendo Games
B0158TCVCC,related to,PlayStation
B0158TCVCC,related to,Nintendo
B0158TCVCC,related to,Nintendo Switch
B0158TCVCC,related to,PlayStation 5
B0158TCVCC,related to,PlayStation 4
B0158TCVCC,related to,Nintendo 3DS
B0158TCVCC,related to,Xbox Games
B0158TCVCC,related to,PlayStation Games
B0158TCVCC,related to,Nintendo Games
B0158TCVCC,related to,PlayStation Controllers
B0158TCVCC,related to,Nintendo Controllers
B005JR7FRA,related to,Controllers
B005JR7FRA,related to,Gaming Peripherals
B005JR7FRA,related to,Gaming Accessories
B005JR7FRA,related to,Games
B005JR7FRA,related to,Hardware
B005JR7FRA,related to,Xbox
B005JR7FRA,related to,PlayStation
B005JR7FRA,related to,Nintendo
B005JR7FRA,related to,Nintendo Switch
B005JR7FRA,related to,PC Games
B005JR7FRA,related to,Xbox Games
B005JR7FRA,related to,PlayStation Games
B005JR7FRA,related to,Xbox One
B005JR7FRA,related to,PlayStation 5
B005JR7FRA,related to,PlayStation 4
B005JR7FRA,related to,Nintendo Switch Lite
B005JR7FRA,related to,Nintendo 3DS
B005JR7FRA,related to,Nintendo Games
B005JR7FRA,related to,Nintendo Controllers
B09TH62PGC,related to,Nintendo
B09TH62PGC,related to,Nintendo Switch
B09TH62PGC,related to,Nintendo Switch Lite
B09TH62PGC,related to,Nintendo 3DS
B09TH62PGC,related to,Nintendo Games
B09TH62PGC,related to,Switch Cases
B09TH62PGC,related to,Nintendo Controllers
B0793JSJW2,related to,Xbox
B0793JSJW2,related to,PlayStation
B0793JSJW2,related to,Nintendo
B0793JSJW2,related to,Gaming Accessories
B0793JSJW2,related to,Games
B0793JSJW2,related to,Xbox Series S
B0793JSJW2,related to,Xbox One
B0793JSJW2,related to,PlayStation 5
B0793JSJW2,related to,PlayStation 4
B0793JSJW2,related to,PlayStation Vita
B0793JSJW2,related to,PC Games
B0793JSJW2,related to,Xbox Games
B0793JSJW2,related to,PlayStation Games
B0793JSJW2,related to,Nintendo Games
B0793JSJW2,related to,PlayStation Controllers
B07GVZJWD9,related to,Xbox
B07GVZJWD9,related to,Xbox Series X
B07GVZJWD9,related to,Xbox Series S
B07GVZJWD9,related to,Xbox One
B07GVZJWD9,related to,PlayStation 5
B07GVZJWD9,related to,PlayStation 4
B07GVZJWD9,related to,Xbox Games
B07GVZJWD9,related to,Xbox Controllers
B015NGZFWS,related to,PlayStation
B015NGZFWS,related to,Gaming Peripherals
B015NGZFWS,related to,Games
B015NGZFWS,related to,PlayStation 5
B015NGZFWS,related to,PlayStation 4
B015NGZFWS,related to,PlayStation Vita
B015NGZFWS,related to,PlayStation Games
B015NGZFWS,related to,PlayStation Controllers
B015NGZFWS,related to,PC Games
B015NGZFWS,related to,Xbox Games
B00HHRE23A,related to,Gaming Accessories
B00HHRE23A,related to,Games
B00HHRE23A,related to,Controllers
B00HHRE23A,related to,Hardware
B00HHRE23A,related to,Xbox
B00HHRE23A,related to,PlayStation
B00HHRE23A,related to,Nintendo
B00HHRE23A,related to,Nintendo Switch
B00HHRE23A,related to,PC Games
B00HHRE23A,related to,Xbox Games
B00HHRE23A,related to,PlayStation Games
B00HHRE23A,related to,Nintendo Games
B00HHRE23A,related to,Xbox Controllers
B00HHRE23A,related to,Nintendo Controllers
B00HHRE23A,related to,Xbox One
B00HHRE23A,related to,PlayStation 5
B00HHRE23A,related to,PlayStation 4
B00HHRE23A,related to,Nintendo Switch Lite
B00HHRE23A,related to,Nintendo 3DS
B001G60L7E,related to,PlayStation
B001G60L7E,related to,Nintendo
B001G60L7E,related to,Gaming Accessories
B001G60L7E,related to,Games
B001G60L7E,related to,PlayStation 5
B001G60L7E,related to,PlayStation 4
B001G60L7E,related to,PC Games
B001G60L7E,related to,Xbox Games
B001G60L7E,related to,PlayStation Games
B001G60L7E,related to,Nintendo Games
B07GLRS2SX,related to,PlayStation
B07GLRS2SX,related to,Nintendo
B07GLRS2SX,related to,Nintendo Switch
B07GLRS2SX,related to,Gaming Peripherals
B07GLRS2SX,related to,Gaming Accessories
B07GLRS2SX,related to,Games
B07GLRS2SX,related to,PlayStation 5
B07GLRS2SX,related to,PlayStation 4
B07GLRS2SX,related to,Nintendo 3DS
B07GLRS2SX,related to,PC Games
B07GLRS2SX,related to,Xbox Games
B07GLRS2SX,related to,PlayStation Games
B07GLRS2SX,related to,Nintendo Games
B07GLRS2SX,related to,Xbox Controllers
B07GLRS2SX,related to,PlayStation Controllers
B07GLRS2SX,related to,Nintendo Controllers
B00006LEM0,related to,Xbox
B00006LEM0,related to,Xbox Series X
B00006LEM0,related to,Xbox Series S
B00006LEM0,related to,Xbox One
B00006LEM0,related to,PlayStation 5
B00006LEM0,related to,PlayStation 4
B00006LEM0,related to,Xbox Games
B00006LEM0,related to,Xbox Controllers
B00006N5ST,related to,PlayStation
B00006N5ST,related to,Nintendo
B00006N5ST,related to,Nintendo Switch
B00006N5ST,related to,Games
B00006N5ST,related to,PlayStation 5
B00006N5ST,related to,PlayStation 4
B00006N5ST,related to,Nintendo Switch Lite
B00006N5ST,related to,Nintendo 3DS
B00006N5ST,related to,PC Games
B00006N5ST,related to,Xbox Games
B00006N5ST,related to,PlayStation Games
B00006N5ST,related to,Nintendo Games
B00006N5ST,related to,Nintendo Controllers
B006912EXA,related to,Nintendo
B006912EXA,related to,Games
B006912EXA,related to,PC Games
B006912EXA,related to,Xbox Games
B006912EXA,related to,PlayStation Games
B006912EXA,related to,Nintendo Games
B0007OGVXO,related to,Games
B0007OGVXO,related to,Xbox
B0007OGVXO,related to,PlayStation
B0007OGVXO,related to,Nintendo
B0007OGVXO,related to,Gaming Peripherals
B0007OGVXO,related to,PC Games
B0007OGVXO,related to,Xbox Games
B0007OGVXO,related to,PlayStation Games
B0007OGVXO,related to,Nintendo Games
B0007OGVXO,related to,Xbox One
B0007OGVXO,related to,PlayStation 5
B0007OGVXO,related to,PlayStation 4
B0007OGVXO,related to,PlayStation Vita
B0007OGVXO,related to,PlayStation Controllers
B0BN3JZ8PX,related to,Nintendo
B0BN3JZ8PX,related to,Controllers
B0BN3JZ8PX,related to,Xbox Controllers
B0BN3JZ8PX,related to,PlayStation Controllers
B0BN3JZ8PX,related to,Nintendo Controllers
B01MAWNLIN,related to,Product Details
B01MAWNLIN,related to,Nintendo
B01MAWNLIN,related to,Games
B01MAWNLIN,related to,PC Games
B01MAWNLIN,related to,Xbox Games
B01MAWNLIN,related to,PlayStation Games
B01MAWNLIN,related to,Nintendo Games
B00WHHEDPM,related to,Controllers
B00WHHEDPM,related to,Xbox
B00WHHEDPM,related to,PlayStation
B00WHHEDPM,related to,Games
B00WHHEDPM,related to,Xbox Controllers
B00WHHEDPM,related to,Xbox Series X
B00WHHEDPM,related to,Xbox Series S
B00WHHEDPM,related to,Xbox One
B00WHHEDPM,related to,PlayStation 5
B00WHHEDPM,related to,PlayStation 4
B00WHHEDPM,related to,PlayStation Vita
B00WHHEDPM,related to,PC Games
B00WHHEDPM,related to,Xbox Games
B00WHHEDPM,related to,PlayStation Games
B00WHHEDPM,related to,PlayStation Controllers
B07C78882G,related to,Xbox
B07C78882G,related to,PlayStation
B07C78882G,related to,Nintendo
B07C78882G,related to,Gaming Accessories
B07C78882G,related to,Games
B07C78882G,related to,Xbox Series X
B07C78882G,related to,Xbox Series S
B07C78882G,related to,Xbox One
B07C78882G,related to,PlayStation 5
B07C78882G,related to,PlayStation 4
B07C78882G,related to,PC Games
B07C78882G,related to,Xbox Games
B07C78882G,related to,PlayStation Games
B07C78882G,related to,Xbox Controllers
B073P8B5G5,related to,Games
B073P8B5G5,related to,PC Games
B073P8B5G5,related to,Nintendo Games
B003FSFSEW,related to,Games
B00005NGLA,related to,PlayStation
B00005NGLA,related to,PlayStation 5
B00005NGLA,related to,PlayStation 4
B00005NGLA,related to,PlayStation Vita
B00005NGLA,related to,PlayStation Games
B00005NGLA,related to,PlayStation Controllers
B00005NGLA,related to,PC Games
B089CVB28B,related to,Nintendo
B089CVB28B,related to,Nintendo Switch
B089CVB28B,related to,Controllers
B089CVB28B,related to,Games
B089CVB28B,related to,Nintendo 3DS
B089CVB28B,related to,Nintendo Games
B089CVB28B,related to,Nintendo Controllers
B089CVB28B,related to,PlayStation Games
B09Z8RXYD4,related to,Gaming Peripherals
B09Z8RXYD4,related to,Gaming Accessories
B09Z8RXYD4,related to,Games
B09Z8RXYD4,related to,PC Games
B09Z8RXYD4,related to,Xbox Games
B09Z8RXYD4,related to,PlayStation Games
B09Z8RXYD4,related to,Nintendo Games
B07BWH4CC4,related to,Nintendo
B07BWH4CC4,related to,Nintendo Switch
B07BWH4CC4,related to,Nintendo 3DS
B07BWH4CC4,related to,Nintendo Games
B07BWH4CC4,related to,Nintendo Controllers
B001DLVIFQ,related to,Xbox
B001DLVIFQ,related to,PlayStation
B001DLVIFQ,related to,Xbox Series X
B001DLVIFQ,related to,Xbox Series S
B001DLVIFQ,related to,Xbox One
B001DLVIFQ,related to,PlayStation 5
B001DLVIFQ,related to,PlayStation 4
B001DLVIFQ,related to,PlayStation Vita
B001DLVIFQ,related to,PlayStation Games
B00LFEFPBE,related to,Nintendo
B00LFEFPBE,related to,Games
B00LFEFPBE,related to,PC Games
B00LFEFPBE,related to,Xbox Games
B00LFEFPBE,related to,PlayStation Games
B00LFEFPBE,related to,Nintendo Games
B0099F1NZI,related to,Games
B0099F1NZI,related to,PC Games
B0099F1NZI,related to,Xbox Games
B0099F1NZI,related to,Nintendo Games
B003IOGPAO,related to,PlayStation
B003IOGPAO,related to,Nintendo
B003IOGPAO,related to,Nintendo Switch
B003IOGPAO,related to,Xbox Series S
B003IOGPAO,related to,PlayStation 5
B003IOGPAO,related to,PlayStation 4
B003IOGPAO,related to,Nintendo 3DS
B003IOGPAO,related to,Xbox Games
B003IOGPAO,related to,PlayStation Games
B003IOGPAO,related to,Nintendo Games
B003IOGPAO,related to,Nintendo Controllers
B07DY1JKRH,related to,Xbox
B07DY1JKRH,related to,Games
B07DY1JKRH,related to,Xbox Series X
B07DY1JKRH,related to,Xbox Series S
B07DY1JKRH,related to,Xbox One
B07DY1JKRH,related to,Xbox Games
B07DY1JKRH,related to,Xbox Controllers
B00004TN2U,related to,Nintendo
B00004TN2U,related to,Nintendo Switch
B00004TN2U,related to,Games
B00004TN2U,related to,PlayStation 5
B00004TN2U,related to,PlayStation 4
B00004TN2U,related to,Nintendo 3DS
B00004TN2U,related to,Xbox Games
B00004TN2U,related to,PlayStation Games
B00004TN2U,related to,Nintendo Games
B00004TN2U,related to,Nintendo Controllers
B00004TN2U,related to,PC Games
B001ELJEJM,related to,Nintendo
B001ELJEJM,related to,Nintendo Games
B01MSNTHA4,related to,Nintendo
B01MSNTHA4,related to,Nintendo Switch
B01MSNTHA4,related to,Nintendo 3DS
B01MSNTHA4,related to,Xbox Games
B01MSNTHA4,related to,Nintendo Games
B01MSNTHA4,related to,Nintendo Controllers
B001EYUS6M,related to,PlayStation
B001EYUS6M,related to,Nintendo
B001EYUS6M,related to,Nintendo Switch
B001EYUS6M,related to,Games
B001EYUS6M,related to,Xbox Series S
B001EYUS6M,related to,PlayStation 5
B001EYUS6M,related to,PlayStation 4
B001EYUS6M,related to,Nintendo 3DS
B001EYUS6M,related to,Xbox Games
B001EYUS6M,related to,PlayStation Games
B001EYUS6M,related to,Nintendo Games
B001EYUS6M,related to,Nintendo Controllers
B001EYUS6M,related to,PC Games
B0017HIH6O,related to,Gaming Peripherals
B0017HIH6O,related to,Gaming Accessories
B0017HIH6O,related to,Games
B0017HIH6O,related to,PC Games
B0017HIH6O,related to,PlayStation Games
B0017HIH6O,related to,Xbox Games
B0017HIH6O,related to,Nintendo Games
B00503E8S2,related to,Games
B00503E8S2,related to,Xbox
B00503E8S2,related to,PlayStation
B00503E8S2,related to,Nintendo
B00503E8S2,related to,Gaming Peripherals
B00503E8S2,related to,PC Games
B00503E8S2,related to,Xbox Series X
B00503E8S2,related to,Xbox Series S
B00503E8S2,related to,Xbox One
B00503E8S2,related to,PlayStation 5
B00503E8S2,related to,PlayStation 4
B00503E8S2,related to,PlayStation Vita
B00503E8S2,related to,Xbox Games
B00503E8S2,related to,PlayStation Games
B00503E8S2,related to,Xbox Controllers
B00005NUIW,related to,Gaming Peripherals
B00005NUIW,related to,Gaming Accessories
B00005NUIW,related to,Games
B00005NUIW,related to,PlayStation
B00005NUIW,related to,PC Games
B00005NUIW,related to,Xbox Games
B00005NUIW,related to,PlayStation Games
B00005NUIW,related to,Nintendo Games
B00005NUIW,related to,Xbox One
B00005NUIW,related to,PlayStation 5
B00005NUIW,related to,PlayStation 4
B00005NUIW,related to,PlayStation Vita
B00005NUIW,related to,PlayStation Controllers
B008AWL8GU,related to,Nintendo 3DS
B008AWL8GU,related to,PC Games
B008AWL8GU,related to,Xbox Games
B08N7RDR45,related to,Nintendo
B08N7RDR45,related to,Nintendo Switch
B08N7RDR45,related to,Nintendo Switch Lite
B08N7RDR45,related to,Nintendo 3DS
B08N7RDR45,related to,Nintendo Games
B08N7RDR45,related to,Switch Cases
B08N7RDR45,related to,Nintendo Controllers
B07CMSBNPP,related to,Controllers
B07CMSBNPP,related to,Nintendo
B07CMSBNPP,related to,Nintendo Switch
B07CMSBNPP,related to,Xbox Controllers
B07CMSBNPP,related to,PlayStation Controllers
B07CMSBNPP,related to,Nintendo Controllers
B07CMSBNPP,related to,Nintendo Switch Lite
B07CMSBNPP,related to,Nintendo 3DS
B07CMSBNPP,related to,Nintendo Games
B07CMSBNPP,related to,Switch Cases
B08F4D36D9,related to,Nintendo
B08F4D36D9,related to,Nintendo Switch
B08F4D36D9,related to,Nintendo Switch Lite
B08F4D36D9,related to,Nintendo 3DS
B08F4D36D9,related to,Nintendo Games
B08F4D36D9,related to,Switch Cases
B08F4D36D9,related to,Nintendo Controllers
B0786P7L9K,related to,Nintendo
B0786P7L9K,related to,Nintendo Switch
B0786P7L9K,related to,Storage Cases
B0786P7L9K,related to,Xbox Games
B0786P7L9K,related to,Nintendo Switch Lite
B0786P7L9K,related to,Nintendo 3DS
B0786P7L9K,related to,Nintendo Games
B0786P7L9K,related to,Switch Cases
B0786P7L9K,related to,Nintendo Controllers
B06XWD59LP,related to,Gaming Accessories
B06XWD59LP,related to,Games
B06XWD59LP,related to,PlayStation
B06XWD59LP,related to,Nintendo
B06XWD59LP,related to,Nintendo Switch
B06XWD59LP,related to,Hardware
B06XWD59LP,related to,Gaming Peripherals
B06XWD59LP,related to,PC Games
B06XWD59LP,related to,Xbox Games
B06XWD59LP,related to,PlayStation Games
B06XWD59LP,related to,Nintendo Games
B06XWD59LP,related to,PlayStation 5
B06XWD59LP,related to,PlayStation 4
B06XWD59LP,related to,Nintendo 3DS
B0010YOQIC,related to,PlayStation
B0010YOQIC,related to,Nintendo
B0010YOQIC,related to,Nintendo Switch
B0010YOQIC,related to,Games
B0010YOQIC,related to,PlayStation 5
B0010YOQIC,related to,PlayStation 4
B0010YOQIC,related to,Nintendo 3DS
B0010YOQIC,related to,PC Games
B0010YOQIC,related to,Xbox Games
B0010YOQIC,related to,PlayStation Games
B0010YOQIC,related to,Nintendo Games
B0010YOQIC,related to,PlayStation Controllers
B0010YOQIC,related to,Nintendo Controllers
B000FW9NE2,related to,Games
B000FW9NE2,related to,PlayStation
B000FW9NE2,related to,Nintendo
B000FW9NE2,related to,Nintendo Switch
B000FW9NE2,related to,PC Games
B000FW9NE2,related to,Xbox Games
B000FW9NE2,related to,PlayStation Games
B000FW9NE2,related to,Xbox Series S
B000FW9NE2,related to,PlayStation 5
B000FW9NE2,related to,PlayStation 4
B000FW9NE2,related to,Nintendo 3DS
B000FW9NE2,related to,Nintendo Games
B000FW9NE2,related to,Nintendo Controllers
B0009VV5K4,related to,PlayStation
B0009VV5K4,related to,Nintendo
B0009VV5K4,related to,Gaming Accessories
B0009VV5K4,related to,Games
B0009VV5K4,related to,PlayStation 5
B0009VV5K4,related to,PlayStation 4
B0009VV5K4,related to,PC Games
B0009VV5K4,related to,Xbox Games
B0009VV5K4,related to,PlayStation Games
B0009VV5K4,related to,Nintendo Games
B001EHD97O,related to,PlayStation
B001EHD97O,related to,Xbox One
B001EHD97O,related to,PlayStation 5
B001EHD97O,related to,PlayStation 4
B001EHD97O,related to,PlayStation Vita
B001EHD97O,related to,PC Games
B001EHD97O,related to,Xbox Games
B001EHD97O,related to,PlayStation Games
B001EHD97O,related to,PlayStation Controllers
B000300HJQ,related to,Games
B000300HJQ,related to,PC Games
B000300HJQ,related to,Xbox Games
B000300HJQ,related to,PlayStation Games
B000300HJQ,related to,Nintendo Games
B00WXLIFT2,related to,Games
B00WXLIFT2,related to,Xbox
B00WXLIFT2,related to,PC Games
B00WXLIFT2,related to,Xbox Games
B00WXLIFT2,related to,PlayStation Games
B00WXLIFT2,related to,Nintendo Games
B00WXLIFT2,related to,Xbox Series X
B00WXLIFT2,related to,Xbox Series S
B00WXLIFT2,related to,Xbox One
B00WXLIFT2,related to,Xbox Controllers
B0066DEDYO,related to,Gaming Accessories
B0066DEDYO,related to,PC Games
B0066DEDYO,related to,Xbox Games
B0066DEDYO,related to,Nintendo Games
B00004SVMZ,related to,Nintendo
B00004SVMZ,related to,Games
B00004SVMZ,related to,Nintendo Games
B00004SVMZ,related to,Nintendo Controllers
B00004SVMZ,related to,PC Games
B004391NAU,related to,PlayStation
B004391NAU,related to,Nintendo
B004391NAU,related to,Nintendo Switch
B004391NAU,related to,Games
B004391NAU,related to,PlayStation 5
B004391NAU,related to,PlayStation 4
B004391NAU,related to,Nintendo 3DS
B004391NAU,related to,Xbox Games
B004391NAU,related to,PlayStation Games
B004391NAU,related to,Nintendo Games
B004391NAU,related to,PlayStation Controllers
B004391NAU,related to,Nintendo Controllers
B09W2KZKKZ,related to,Gaming Peripherals
B09W2KZKKZ,related to,Gaming Accessories
B09W2KZKKZ,related to,Games
B09W2KZKKZ,related to,PC Games
B07QJLPFLM,related to,PlayStation
B07QJLPFLM,related to,PlayStation 5
B07QJLPFLM,related to,PlayStation 4
B07QJLPFLM,related to,PlayStation Vita
B07QJLPFLM,related to,PlayStation Games
B07QJLPFLM,related to,PlayStation Controllers
B00CQ7CIMS,related to,Nintendo
B00CQ7CIMS,related to,Gaming Peripherals
B00CQ7CIMS,related to,Gaming Accessories
B00CQ7CIMS,related to,Controllers
B00CQ7CIMS,related to,Nintendo 3DS
B00CQ7CIMS,related to,Nintendo Games
B00CQ7CIMS,related to,Xbox Controllers
B00CQ7CIMS,related to,PlayStation Controllers
B00CQ7CIMS,related to,Nintendo Controllers
B08LD27Z2D,related to,Nintendo
B08LD27Z2D,related to,Games
B08LD27Z2D,related to,Xbox
B08LD27Z2D,related to,PlayStation
B08LD27Z2D,related to,Controllers
B08LD27Z2D,related to,Gaming Peripherals
B08LD27Z2D,related to,Gaming Accessories
B08LD27Z2D,related to,Xbox Series X
B08LD27Z2D,related to,Xbox Series S
B08LD27Z2D,related to,Xbox One
B08LD27Z2D,related to,PlayStation 5
B08LD27Z2D,related to,PlayStation 4
B08LD27Z2D,related to,PlayStation Vita
B08LD27Z2D,related to,Nintendo 3DS
B08LD27Z2D,related to,PC Games
B08LD27Z2D,related to,Xbox Games
B08LD27Z2D,related to,PlayStation Games
B08LD27Z2D,related to,PlayStation Controllers
B08LD27Z2D,related to,Xbox Controllers
B08LD27Z2D,related to,Nintendo Controllers
9625990674,related to,Controllers
9625990674,related to,Storage Cases
9625990674,related to,Nintendo
9625990674,related to,Gaming Accessories
9625990674,related to,Games
9625990674,related to,PC Games
9625990674,related to,Xbox Games
9625990674,related to,PlayStation Games
9625990674,related to,Nintendo Games
B0B6JS54ZD,related to,Games
B0B6JS54ZD,related to,PC Games
B0B6JS54ZD,related to,Nintendo Games
B001EYUS2G,related to,Xbox
B001EYUS2G,related to,Xbox Series X
B001EYUS2G,related to,Xbox Series S
B001EYUS2G,related to,Xbox One
B001EYUS2G,related to,PlayStation 5
B001EYUS2G,related to,PlayStation 4
B001EYUS2G,related to,Xbox Games
B001EYUS2G,related to,Xbox Controllers
B08MBKH5KN,related to,Nintendo Switch
B08MBKH5KN,related to,PlayStation
B08MBKH5KN,related to,Nintendo
B08MBKH5KN,related to,Nintendo Switch Lite
B08MBKH5KN,related to,Switch Cases
B08MBKH5KN,related to,PlayStation 5
B08MBKH5KN,related to,PlayStation 4
B08MBKH5KN,related to,Nintendo 3DS
B08MBKH5KN,related to,Xbox Games
B08MBKH5KN,related to,PlayStation Games
B08MBKH5KN,related to,Nintendo Games
B08MBKH5KN,related to,Nintendo Controllers
B072K73141,related to,Games
B072K73141,related to,Nintendo
B072K73141,related to,Nintendo Switch
B072K73141,related to,Nintendo Switch Lite
B072K73141,related to,Nintendo 3DS
B072K73141,related to,Nintendo Games
B072K73141,related to,Switch Cases
B072K73141,related to,Nintendo Controllers
B015EPE90W,related to,Gaming Accessories
B015EPE90W,related to,Xbox
B015EPE90W,related to,Xbox Series X
B015EPE90W,related to,Xbox Series S
B015EPE90W,related to,Xbox One
B015EPE90W,related to,Xbox Games
B015EPE90W,related to,Xbox Controllers
B079M2VNVG,related to,Nintendo
B079M2VNVG,related to,Nintendo Switch
B079M2VNVG,related to,Nintendo 3DS
B079M2VNVG,related to,Nintendo Games
B079M2VNVG,related to,Nintendo Controllers
B00005V4NS,related to,Controllers
B00005V4NS,related to,Xbox Controllers
B00005V4NS,related to,PlayStation Controllers
B00005V4NS,related to,Nintendo Controllers
B003O6E620,related to,Xbox
B003O6E620,related to,PlayStation
B003O6E620,related to,Nintendo
B003O6E620,related to,Gaming Accessories
B003O6E620,related to,Games
B003O6E620,related to,Xbox Series S
B003O6E620,related to,Xbox One
B003O6E620,related to,PlayStation 5
B003O6E620,related to,PlayStation 4
B003O6E620,related to,PlayStation Vita
B003O6E620,related to,PC Games
B003O6E620,related to,Xbox Games
B003O6E620,related to,PlayStation Games
B003O6E620,related to,Nintendo Games
B003O6E620,related to,PlayStation Controllers
B00009IM2C,related to,Xbox
B00009IM2C,related to,Games
B00009IM2C,related to,Xbox Series X
B00009IM2C,related to,Xbox Series S
B00009IM2C,related to,Xbox One
B00009IM2C,related to,PlayStation 4
B00009IM2C,related to,Xbox Games
B00009IM2C,related to,Xbox Controllers
B00189MNP2,related to,Nintendo
B00189MNP2,related to,Games
B00189MNP2,related to,PC Games
B00189MNP2,related to,Xbox Games
B00189MNP2,related to,PlayStation Games
B00189MNP2,related to,Nintendo Games
B004A7FYX2,related to,Xbox
B004A7FYX2,related to,PlayStation
B004A7FYX2,related to,Nintendo
B004A7FYX2,related to,Games
B004A7FYX2,related to,PC Games
B004A7FYX2,related to,Xbox Games
B004A7FYX2,related to,Xbox Series X
B004A7FYX2,related to,Xbox Series S
B004A7FYX2,related to,Xbox One
B004A7FYX2,related to,PlayStation 5
B004A7FYX2,related to,PlayStation 4
B004A7FYX2,related to,PlayStation Games
B004A7FYX2,related to,Nintendo Games
B001EYUPPQ,related to,PlayStation
B001EYUPPQ,related to,Nintendo
B001EYUPPQ,related to,Gaming Accessories
B001EYUPPQ,related to,Games
B001EYUPPQ,related to,PC Games
B001EYUPPQ,related to,Xbox Games
B001EYUPPQ,related to,PlayStation Games
B001EYUPPQ,related to,Nintendo Games
B00005BV7N,related to,Nintendo
B00005BV7N,related to,Games
B000W5R8QW,related to,Nintendo
B000W5R8QW,related to,Gaming Accessories
B000W5R8QW,related to,Games
B000W5R8QW,related to,Xbox
B000W5R8QW,related to,PlayStation
B000W5R8QW,related to,PC Games
B000W5R8QW,related to,Xbox Games
B000W5R8QW,related to,PlayStation Games
B000W5R8QW,related to,Nintendo Games
B000W5R8QW,related to,Xbox One
B000W5R8QW,related to,PlayStation 5
B000W5R8QW,related to,PlayStation 4
B000W5R8QW,related to,PlayStation Vita
B000W5R8QW,related to,PlayStation Controllers
B00002SUE9,related to,Xbox
B00002SUE9,related to,PlayStation
B00002SUE9,related to,Nintendo
B00002SUE9,related to,Gaming Peripherals
B00002SUE9,related to,Gaming Accessories
B00002SUE9,related to,Games
B00002SUE9,related to,Xbox One
B00002SUE9,related to,PlayStation 5
B00002SUE9,related to,PlayStation 4
B00002SUE9,related to,PC Games
B00002SUE9,related to,Xbox Games
B00002SUE9,related to,PlayStation Games
B00002SUE9,related to,Nintendo Games
B00002SUE9,related to,Xbox Series X
B00002SUE9,related to,Xbox Series S
B000035Y3B,related to,PlayStation
B000035Y3B,related to,Nintendo
B000035Y3B,related to,Nintendo Switch
B000035Y3B,related to,Games
B000035Y3B,related to,Nintendo Switch Lite
B000035Y3B,related to,Nintendo 3DS
B000035Y3B,related to,Xbox Games
B000035Y3B,related to,PlayStation Games
B000035Y3B,related to,Nintendo Games
B000035Y3B,related to,Nintendo Controllers
B07CTL32QW,related to,Xbox
B07CTL32QW,related to,PlayStation
B07CTL32QW,related to,Nintendo
B07CTL32QW,related to,Gaming Peripherals
B07CTL32QW,related to,Xbox Series X
B07CTL32QW,related to,Xbox Series S
B07CTL32QW,related to,Xbox One
B07CTL32QW,related to,PlayStation 5
B07CTL32QW,related to,PlayStation 4
B07CTL32QW,related to,PlayStation Vita
B07CTL32QW,related to,PC Games
B07CTL32QW,related to,Xbox Games
B07CTL32QW,related to,PlayStation Games
B07CTL32QW,related to,Xbox Controllers
B07DLNHQZX,related to,Xbox
B07DLNHQZX,related to,Xbox Series X
B07DLNHQZX,related to,Xbox Series S
B07DLNHQZX,related to,Xbox One
B07DLNHQZX,related to,PlayStation 4
B07DLNHQZX,related to,Xbox Games
B07DLNHQZX,related to,Xbox Controllers
B00019PDCA,related to,Xbox
B00019PDCA,related to,Games
B00019PDCA,related to,Xbox Series X
B00019PDCA,related to,Xbox Series S
B00019PDCA,related to,Xbox One
B00019PDCA,related to,Xbox Games
B00MPA2RW2,related to,PlayStation
B00MPA2RW2,related to,PlayStation 5
B00MPA2RW2,related to,PlayStation 4
B00MPA2RW2,related to,PlayStation Vita
B00MPA2RW2,related to,PlayStation Games
B00MPA2RW2,related to,PlayStation Controllers
B006F20T9Y,related to,Xbox Series X
B006F20T9Y,related to,Xbox Series S
B00008URUA,related to,Xbox
B00008URUA,related to,PlayStation
B00008URUA,related to,Games
B00008URUA,related to,PlayStation 5
B00008URUA,related to,PlayStation 4
B00008URUA,related to,PlayStation Vita
B00008URUA,related to,PlayStation Games
B00008URUA,related to,PlayStation Controllers
B01CINIAKS,related to,Xbox
B01CINIAKS,related to,PlayStation
B01CINIAKS,related to,Games
B01CINIAKS,related to,Xbox Series X
B01CINIAKS,related to,Xbox Series S
B01CINIAKS,related to,Xbox One
B01CINIAKS,related to,PlayStation 5
B01CINIAKS,related to,PlayStation 4
B01CINIAKS,related to,PlayStation Vita
B01CINIAKS,related to,Xbox Games
B01CINIAKS,related to,PlayStation Games
B01CINIAKS,related to,PlayStation Controllers
B01CINIAKS,related to,PC Games
B01CINIAKS,related to,Nintendo Games
B01GW3H7DQ,related to,Games
B01GW3H7DQ,related to,Xbox
B01GW3H7DQ,related to,PlayStation
B01GW3H7DQ,related to,Nintendo
B01GW3H7DQ,related to,Xbox Series X
B01GW3H7DQ,related to,Xbox Series S
B01GW3H7DQ,related to,Xbox One
B01GW3H7DQ,related to,PlayStation 5
B01GW3H7DQ,related to,PlayStation 4
B01GW3H7DQ,related to,Xbox Games
B00160TVI0,related to,Gaming Peripherals
B00160TVI0,related to,Gaming Accessories
B00160TVI0,related to,Xbox
B00160TVI0,related to,PlayStation
B00160TVI0,related to,Nintendo
B00160TVI0,related to,Storage Cases
B00160TVI0,related to,PC Games
B00160TVI0,related to,Xbox Games
B00160TVI0,related to,Xbox Series X
B00160TVI0,related to,Xbox Series S
B00160TVI0,related to,Xbox One
B00160TVI0,related to,PlayStation 5
B00160TVI0,related to,PlayStation 4
B00160TVI0,related to,PlayStation Vita
B00160TVI0,related to,PlayStation Games
B00160TVI0,related to,Xbox Controllers
B08G4FDHT7,related to,Xbox
B08G4FDHT7,related to,PlayStation
B08G4FDHT7,related to,Nintendo
B08G4FDHT7,related to,Gaming Peripherals
B08G4FDHT7,related to,Gaming Accessories
B08G4FDHT7,related to,Games
B08G4FDHT7,related to,Xbox One
B08G4FDHT7,related to,PlayStation 5
B08G4FDHT7,related to,PlayStation 4
B08G4FDHT7,related to,PC Games
B08G4FDHT7,related to,Xbox Games
B08G4FDHT7,related to,PlayStation Games
B08G4FDHT7,related to,Nintendo Games
B07R33V5CV,related to,Gaming Accessories
B07R33V5CV,related to,Games
B07R33V5CV,related to,Controllers
B07R33V5CV,related to,Nintendo
B07R33V5CV,related to,Nintendo Switch
B07R33V5CV,related to,Gaming Peripherals
B07R33V5CV,related to,PC Games
B07R33V5CV,related to,Xbox Games
B07R33V5CV,related to,PlayStation Games
B07R33V5CV,related to,Nintendo Games
B07R33V5CV,related to,Xbox Controllers
B07R33V5CV,related to,PlayStation Controllers
B07R33V5CV,related to,Nintendo Controllers
B07R33V5CV,related to,Nintendo 3DS
B01CT6VWPO,related to,Games
B00I5LAGM8,related to,Xbox
B00I5LAGM8,related to,PlayStation
B00I5LAGM8,related to,Xbox One
B00I5LAGM8,related to,PlayStation 5
B00I5LAGM8,related to,PlayStation 4
B00I5LAGM8,related to,PlayStation Vita
B00I5LAGM8,related to,PlayStation Games
B00I5LAGM8,related to,PlayStation Controllers
B001EYUPF6,related to,Xbox
B001EYUPF6,related to,PlayStation
B001EYUPF6,related to,Nintendo
B001EYUPF6,related to,Gaming Accessories
B001EYUPF6,related to,Games
B001EYUPF6,related to,Xbox Series S
B001EYUPF6,related to,Xbox One
B001EYUPF6,related to,PlayStation 5
B001EYUPF6,related to,PlayStation 4
B001EYUPF6,related to,PlayStation Vita
B001EYUPF6,related to,PC Games
B001EYUPF6,related to,Xbox Games
B001EYUPF6,related to,PlayStation Games
B001EYUPF6,related to,Nintendo Games
B001EYUPF6,related to,PlayStation Controllers
B001EYUNN0,related to,PlayStation
B001EYUNN0,related to,Nintendo
B001EYUNN0,related to,Gaming Accessories
B001EYUNN0,related to,Games
B001EYUNN0,related to,PlayStation 5
B001EYUNN0,related to,PlayStation 4
B001EYUNN0,related to,PC Games
B001EYUNN0,related to,Xbox Games
B001EYUNN0,related to,PlayStation Games
B001EYUNN0,related to,Nintendo Games
B01GY35T4S,related to,Gaming Peripherals
B01GY35T4S,related to,Gaming Accessories
B01GY35T4S,related to,Games
B01GY35T4S,related to,Storage Cases
B01GY35T4S,related to,PC Games
B01GY35T4S,related to,Xbox Games
B08TG138F1,related to,Nintendo
B08TG138F1,related to,Games
B08TG138F1,related to,Nintendo Switch
B08TG138F1,related to,PlayStation
B08TG138F1,related to,Gaming Peripherals
B08TG138F1,related to,Gaming Accessories
B08TG138F1,related to,Xbox Games
B08TG138F1,related to,PlayStation Games
B08TG138F1,related to,Nintendo Games
B08TG138F1,related to,Nintendo Switch Lite
B08TG138F1,related to,Switch Cases
B08TG138F1,related to,PlayStation 4
B08TG138F1,related to,PC Games
B0C37RBK2R,related to,Xbox
B0C37RBK2R,related to,Gaming Peripherals
B0C37RBK2R,related to,Gaming Accessories
B0C37RBK2R,related to,Games
B0C37RBK2R,related to,Xbox Series X
B0C37RBK2R,related to,Xbox Series S
B0C37RBK2R,related to,Xbox One
B0C37RBK2R,related to,Xbox Games
B0C37RBK2R,related to,Xbox Controllers
B0C37RBK2R,related to,PC Games
B0C37RBK2R,related to,PlayStation Games
B0C37RBK2R,related to,Nintendo Games
B0C37RBK2R,related to,Gaming Headsets
B07R8ZSMHZ,related to,Xbox
B07R8ZSMHZ,related to,PlayStation
B07R8ZSMHZ,related to,Nintendo
B07R8ZSMHZ,related to,Gaming Accessories
B07R8ZSMHZ,related to,Games
B07R8ZSMHZ,related to,Storage Cases
B07R8ZSMHZ,related to,Xbox Series X
B07R8ZSMHZ,related to,Xbox Series S
B07R8ZSMHZ,related to,Xbox One
B07R8ZSMHZ,related to,PlayStation 5
B07R8ZSMHZ,related to,PlayStation 4
B07R8ZSMHZ,related to,PC Games
B07R8ZSMHZ,related to,Xbox Games
B07R8ZSMHZ,related to,PlayStation Games
B07R8ZSMHZ,related to,Xbox Controllers
B07PYY5RFY,related to,Nintendo
B07PYY5RFY,related to,Nintendo Switch
B07PYY5RFY,related to,Games
B07PYY5RFY,related to,Nintendo Switch Lite
B07PYY5RFY,related to,Nintendo 3DS
B07PYY5RFY,related to,Nintendo Games
B07PYY5RFY,related to,Switch Cases
B07PYY5RFY,related to,Nintendo Controllers
B07PYY5RFY,related to,PC Games
B0C679SKTH,related to,Gaming Peripherals
B0C679SKTH,related to,Games
B0C679SKTH,related to,PC Games
B0C679SKTH,related to,Xbox Games
B0838VV8LP,related to,Controllers
B0838VV8LP,related to,Nintendo Switch
B0838VV8LP,related to,Hardware
B0838VV8LP,related to,Xbox
B0838VV8LP,related to,PlayStation
B0838VV8LP,related to,Nintendo
B0838VV8LP,related to,Gaming Accessories
B0838VV8LP,related to,Games
B0838VV8LP,related to,Nintendo 3DS
B0838VV8LP,related to,Nintendo Switch Lite
B0838VV8LP,related to,Switch Cases
B0838VV8LP,related to,Xbox One
B0838VV8LP,related to,PlayStation 5
B0838VV8LP,related to,PlayStation 4
B0838VV8LP,related to,PC Games
B0838VV8LP,related to,Xbox Games
B0838VV8LP,related to,PlayStation Games
B0838VV8LP,related to,Nintendo Games
B0838VV8LP,related to,Nintendo Controllers
B000035XZS,related to,Hardware
B000035XZS,related to,Xbox
B000035XZS,related to,PlayStation
B000035XZS,related to,Nintendo
B000035XZS,related to,Nintendo Switch
B000035XZS,related to,Gaming Accessories
B000035XZS,related to,Games
B000035XZS,related to,Xbox One
B000035XZS,related to,PlayStation 5
B000035XZS,related to,PlayStation 4
B000035XZS,related to,Nintendo Switch Lite
B000035XZS,related to,Nintendo 3DS
B000035XZS,related to,PC Games
B000035XZS,related to,Xbox Games
B000035XZS,related to,PlayStation Games
B000035XZS,related to,Nintendo Games
B000035XZS,related to,Nintendo Controllers
B01LDWMHLI,related to,PlayStation
B01LDWMHLI,related to,Nintendo
B01LDWMHLI,related to,Nintendo Switch
B01LDWMHLI,related to,Gaming Peripherals
B01LDWMHLI,related to,Gaming Accessories
B01LDWMHLI,related to,Games
B01LDWMHLI,related to,PlayStation 5
B01LDWMHLI,related to,PlayStation 4
B01LDWMHLI,related to,Nintendo 3DS
B01LDWMHLI,related to,PC Games
B01LDWMHLI,related to,Xbox Games
B01LDWMHLI,related to,PlayStation Games
B01LDWMHLI,related to,Nintendo Games
B01LDWMHLI,related to,Xbox Controllers
B01LDWMHLI,related to,PlayStation Controllers
B01LDWMHLI,related to,Nintendo Controllers
B001EYURUE,related to,PlayStation
B001EYURUE,related to,Nintendo
B001EYURUE,related to,Gaming Accessories
B001EYURUE,related to,Games
B001EYURUE,related to,PlayStation 5
B001EYURUE,related to,PlayStation 4
B001EYURUE,related to,PC Games
B001EYURUE,related to,Xbox Games
B001EYURUE,related to,PlayStation Games
B001EYURUE,related to,Nintendo Games
B0086VPVDG,related to,Games
B0086VPVDG,related to,PC Games
B0086VPVDG,related to,Xbox Games
B0086VPVDG,related to,PlayStation Games
B074FJYPJB,related to,Nintendo 3DS
B08FQTK1RW,related to,Hardware
B08FQTK1RW,related to,Xbox
B08FQTK1RW,related to,PlayStation
B08FQTK1RW,related to,Nintendo
B08FQTK1RW,related to,Gaming Peripherals
B08FQTK1RW,related to,Gaming Accessories
B08FQTK1RW,related to,Games
B08FQTK1RW,related to,Xbox One
B08FQTK1RW,related to,PlayStation 5
B08FQTK1RW,related to,PlayStation 4
B08FQTK1RW,related to,PC Games
B08FQTK1RW,related to,Xbox Games
B08FQTK1RW,related to,PlayStation Games
B08FQTK1RW,related to,Nintendo Games
B08FQTK1RW,related to,Gaming Headsets
B09SWRXTS8,related to,Nintendo Switch
B09SWRXTS8,related to,Nintendo Switch Lite
B09SWRXTS8,related to,Switch Cases
B08VHK8JRG,related to,Games
B08VHK8JRG,related to,PC Games
B08VHK8JRG,related to,Xbox Games
B08VHK8JRG,related to,PlayStation Games
B08VHK8JRG,related to,Nintendo Games
B01MDUYKDO,related to,Xbox
B01MDUYKDO,related to,Gaming Peripherals
B01MDUYKDO,related to,Gaming Accessories
B01MDUYKDO,related to,Games
B01MDUYKDO,related to,Headsets
B01MDUYKDO,related to,VR Headsets
B01MDUYKDO,related to,Xbox One
B01MDUYKDO,related to,PC Games
B01MDUYKDO,related to,Xbox Games
B01MDUYKDO,related to,PlayStation Games
B01MDUYKDO,related to,Nintendo Games
B01MDUYKDO,related to,Gaming Headsets
B009PJ9L3Y,related to,Games
B009PJ9L3Y,related to,Xbox
B009PJ9L3Y,related to,PlayStation
B009PJ9L3Y,related to,Nintendo
B009PJ9L3Y,related to,Gaming Peripherals
B009PJ9L3Y,related to,PlayStation Games
B009PJ9L3Y,related to,Nintendo Games
B009PJ9L3Y,related to,Xbox Series X
B009PJ9L3Y,related to,Xbox Series S
B009PJ9L3Y,related to,Xbox One
B009PJ9L3Y,related to,PlayStation 5
B009PJ9L3Y,related to,PlayStation 4
B009PJ9L3Y,related to,PlayStation Vita
B009PJ9L3Y,related to,PC Games
B009PJ9L3Y,related to,Xbox Games
B009PJ9L3Y,related to,Xbox Controllers
B071GPJPH4,related to,Nintendo
B071GPJPH4,related to,Nintendo Switch
B071GPJPH4,related to,Nintendo 3DS
B071GPJPH4,related to,Xbox Games
B071GPJPH4,related to,Nintendo Games
B071GPJPH4,related to,Nintendo Controllers
B0BS9YCBYY,related to,Headsets
B0BS9YCBYY,related to,VR Headsets
B0BS9YCBYY,related to,Gaming Peripherals
B0BS9YCBYY,related to,Gaming Accessories
B0BS9YCBYY,related to,Gaming Headsets
B0BS9YCBYY,related to,Xbox Games
B005OGKQ7M,related to,Nintendo
B005OGKQ7M,related to,Games
B005OGKQ7M,related to,PC Games
B005OGKQ7M,related to,Xbox Games
B005OGKQ7M,related to,PlayStation Games
B005OGKQ7M,related to,Nintendo Games
B00AKIPBNS,related to,Games
B00AKIPBNS,related to,Nintendo
B00AKIPBNS,related to,Nintendo Switch
B00AKIPBNS,related to,Nintendo 3DS
B00AKIPBNS,related to,Xbox Games
B00AKIPBNS,related to,Nintendo Games
B00AKIPBNS,related to,Nintendo Controllers
B00WL1CXXI,related to,Gaming Peripherals
B00WL1CXXI,related to,Controllers
B00WL1CXXI,related to,Nintendo
B00WL1CXXI,related to,PC Games
B00WL1CXXI,related to,Xbox Games
B00WL1CXXI,related to,Xbox Controllers
B00WL1CXXI,related to,PlayStation Controllers
B00WL1CXXI,related to,Nintendo Controllers
B00WL1CXXI,related to,Nintendo Games
B00K0NV5J2,related to,PlayStation
B00K0NV5J2,related to,PlayStation 5
B00K0NV5J2,related to,PlayStation 4
B00K0NV5J2,related to,PlayStation Vita
B00K0NV5J2,related to,PlayStation Games
B00K0NV5J2,related to,PlayStation Controllers
B001EYUO84,related to,Nintendo
B001EYUO84,related to,Games
B001EYUO84,related to,PC Games
B001EYUO84,related to,Xbox Games
B001EYUO84,related to,PlayStation Games
B001EYUO84,related to,Nintendo Games
B005JQNETE,related to,Xbox
B005JQNETE,related to,PlayStation
B005JQNETE,related to,Nintendo
B005JQNETE,related to,Gaming Peripherals
B005JQNETE,related to,Xbox Series X
B005JQNETE,related to,Xbox Series S
B005JQNETE,related to,Xbox One
B005JQNETE,related to,PlayStation 5
B005JQNETE,related to,PlayStation 4
B005JQNETE,related to,PlayStation Vita
B005JQNETE,related to,PC Games
B005JQNETE,related to,Xbox Games
B005JQNETE,related to,PlayStation Games
B005JQNETE,related to,Xbox Controllers
B01A6LEXFK,related to,Controllers
B01A6LEXFK,related to,Xbox Controllers
B01A6LEXFK,related to,PlayStation Controllers
B01A6LEXFK,related to,Nintendo Controllers
B003UV8OPY,related to,Games
B003UV8OPY,related to,PC Games
B003UV8OPY,related to,Xbox Games
B07YQN6HRQ,related to,Gaming Peripherals
B07YQN6HRQ,related to,Games
B07YQN6HRQ,related to,PC Games
B07YQN6HRQ,related to,Xbox Games
B09JDJXP65,related to,Xbox
B09JDJXP65,related to,PlayStation
B09JDJXP65,related to,Xbox Series X
B09JDJXP65,related to,Xbox Series S
B09JDJXP65,related to,Xbox One
B09JDJXP65,related to,Xbox Games
B09JDJXP65,related to,Xbox Controllers
B00XR3YC2E,related to,Xbox
B00XR3YC2E,related to,PlayStation
B00XR3YC2E,related to,Nintendo
B00XR3YC2E,related to,Games
B00XR3YC2E,related to,Xbox Series X
B00XR3YC2E,related to,Xbox Series S
B00XR3YC2E,related to,Xbox One
B00XR3YC2E,related to,PlayStation 5
B00XR3YC2E,related to,PlayStation 4
B00XR3YC2E,related to,PC Games
B00XR3YC2E,related to,Xbox Games
B00XR3YC2E,related to,PlayStation Games
B00XR3YC2E,related to,Nintendo Games
B08WMBDJ9H,related to,Gaming Peripherals
B08WMBDJ9H,related to,Gaming Accessories
B08WMBDJ9H,related to,Games
B08WMBDJ9H,related to,PC Games
B08WMBDJ9H,related to,Xbox Games
B08WMBDJ9H,related to,PlayStation Games
B08WMBDJ9H,related to,Nintendo Games
B09TH5WYC2,related to,Hardware
B09TH5WYC2,related to,Xbox
B09TH5WYC2,related to,PlayStation
B09TH5WYC2,related to,Nintendo
B09TH5WYC2,related to,Nintendo Switch
B09TH5WYC2,related to,Gaming Accessories
B09TH5WYC2,related to,Games
B09TH5WYC2,related to,Xbox One
B09TH5WYC2,related to,PlayStation 5
B09TH5WYC2,related to,PlayStation 4
B09TH5WYC2,related to,Nintendo Switch Lite
B09TH5WYC2,related to,Nintendo 3DS
B09TH5WYC2,related to,PC Games
B09TH5WYC2,related to,Xbox Games
B09TH5WYC2,related to,PlayStation Games
B09TH5WYC2,related to,Nintendo Games
B09TH5WYC2,related to,Nintendo Controllers
B09TH5WYC2,related to,Switch Cases
B00DBLBMBQ,related to,PlayStation
B00DBLBMBQ,related to,Nintendo
B00DBLBMBQ,related to,Gaming Accessories
B00DBLBMBQ,related to,Games
B00DBLBMBQ,related to,PlayStation 5
B00DBLBMBQ,related to,PlayStation 4
B00DBLBMBQ,related to,PC Games
B00DBLBMBQ,related to,Xbox Games
B00DBLBMBQ,related to,PlayStation Games
B00DBLBMBQ,related to,Nintendo Games
B075NB5DM6,related to,Gaming Peripherals
B075NB5DM6,related to,Gaming Accessories
B075NB5DM6,related to,Games
B075NB5DM6,related to,Xbox
B075NB5DM6,related to,Controllers
B075NB5DM6,related to,Hardware
B075NB5DM6,related to,PC Games
B075NB5DM6,related to,Xbox Games
B075NB5DM6,related to,PlayStation Games
B075NB5DM6,related to,Nintendo Games
B075NB5DM6,related to,Xbox Series X
B075NB5DM6,related to,Xbox Series S
B075NB5DM6,related to,Xbox One
B075NB5DM6,related to,Xbox Controllers
B075NB5DM6,related to,PlayStation Controllers
B075NB5DM6,related to,Nintendo Controllers
B08MBMDPW2,related to,Controllers
B08MBMDPW2,related to,Xbox Controllers
B08MBMDPW2,related to,PlayStation Controllers
B08MBMDPW2,related to,Nintendo Controllers
B001QCWSHO,related to,Nintendo
B001QCWSHO,related to,PC Games
B00DYNMXYG,related to,Games
B00DYNMXYG,related to,PC Games
B000VINP1W,related to,PlayStation
B000VINP1W,related to,Nintendo
B000VINP1W,related to,Gaming Accessories
B000VINP1W,related to,Games
B000VINP1W,related to,PlayStation 5
B000VINP1W,related to,PlayStation 4
B000VINP1W,related to,PC Games
B000VINP1W,related to,Xbox Games
B000VINP1W,related to,PlayStation Games
B000VINP1W,related to,Nintendo Games
B09Y5PNFT6,related to,Headsets
B09Y5PNFT6,related to,VR Headsets
B09Y5PNFT6,related to,Gaming Headsets
B088R2CTVG,related to,Nintendo Switch
B088R2CTVG,related to,Hardware
B088R2CTVG,related to,Xbox
B088R2CTVG,related to,PlayStation
B088R2CTVG,related to,Nintendo
B088R2CTVG,related to,Gaming Accessories
B088R2CTVG,related to,Games
B088R2CTVG,related to,Gaming Peripherals
B088R2CTVG,related to,Controllers
B088R2CTVG,related to,Nintendo Switch Lite
B088R2CTVG,related to,Switch Cases
B088R2CTVG,related to,Xbox One
B088R2CTVG,related to,PlayStation 5
B088R2CTVG,related to,PlayStation 4
B088R2CTVG,related to,Nintendo 3DS
B088R2CTVG,related to,PC Games
B088R2CTVG,related to,Xbox Games
B088R2CTVG,related to,PlayStation Games
B088R2CTVG,related to,Nintendo Games
B088R2CTVG,related to,Nintendo Controllers
B088R2CTVG,related to,Xbox Controllers
B088R2CTVG,related to,PlayStation Controllers
B008J1372A,related to,Games
B008J1372A,related to,PlayStation
B008J1372A,related to,Nintendo
B008J1372A,related to,PlayStation 5
B008J1372A,related to,PlayStation 4
B008J1372A,related to,PlayStation Vita
B008J1372A,related to,PC Games
B008J1372A,related to,Xbox Games
B008J1372A,related to,PlayStation Games
B008J1372A,related to,Nintendo Games
B008J1372A,related to,PlayStation Controllers
B005MY2E5S,related to,Gaming Peripherals
B005MY2E5S,related to,Gaming Accessories
B005MY2E5S,related to,Games
B005MY2E5S,related to,PC Games
B005MY2E5S,related to,Xbox Games
B005MY2E5S,related to,PlayStation Games
B005MY2E5S,related to,Nintendo Games
B005MY2E5S,related to,Gaming Headsets
B005MY2E5S,related to,Nintendo 3DS
B00HPF77KY,related to,Storage Cases
B00HPF77KY,related to,Hardware
B00HPF77KY,related to,Xbox
B00HPF77KY,related to,PlayStation
B00HPF77KY,related to,Nintendo
B00HPF77KY,related to,Nintendo Switch
B00HPF77KY,related to,Gaming Accessories
B00HPF77KY,related to,Games
B00HPF77KY,related to,Nintendo 3DS
B00HPF77KY,related to,Switch Cases
B00HPF77KY,related to,Xbox One
B00HPF77KY,related to,PlayStation 5
B00HPF77KY,related to,PlayStation 4
B00HPF77KY,related to,Nintendo Switch Lite
B00HPF77KY,related to,PC Games
B00HPF77KY,related to,Xbox Games
B00HPF77KY,related to,PlayStation Games
B00HPF77KY,related to,Nintendo Games
B00HPF77KY,related to,Nintendo Controllers
B000809OOU,related to,PlayStation
B000809OOU,related to,Nintendo
B000809OOU,related to,Gaming Accessories
B000809OOU,related to,Games
B000809OOU,related to,PC Games
B000809OOU,related to,Xbox Games
B000809OOU,related to,PlayStation Games
B000809OOU,related to,Nintendo Games
B002PK3N2U,related to,Nintendo
B002PK3N2U,related to,Nintendo Switch
B002PK3N2U,related to,Nintendo Games
B002PK3N2U,related to,Xbox Controllers
B002PK3N2U,related to,PlayStation Controllers
B002PK3N2U,related to,Nintendo Controllers
B0088I6JEW,related to,Nintendo
B0088I6JEW,related to,PlayStation 4
B0088I6JEW,related to,Nintendo 3DS
B0088I6JEW,related to,Xbox Games
B0088I6JEW,related to,Nintendo Games
B0088I6JEW,related to,Nintendo Controllers
B00I4BGLOG,related to,Games
B00I4BGLOG,related to,PC Games
B00I4BGLOG,related to,Xbox Games
B00I4BGLOG,related to,PlayStation Games
B00002STYS,related to,Nintendo
B00002STYS,related to,Nintendo Switch
B00002STYS,related to,Xbox
B00002STYS,related to,Games
B00002STYS,related to,PlayStation 5
B00002STYS,related to,PlayStation 4
B00002STYS,related to,Nintendo 3DS
B00002STYS,related to,Xbox Games
B00002STYS,related to,PlayStation Games
B00002STYS,related to,Nintendo Games
B00002STYS,related to,Nintendo Controllers
B00002STYS,related to,PC Games
B00E4MQODC,related to,Gaming Peripherals
B00E4MQODC,related to,Gaming Accessories
B00E4MQODC,related to,Games
B00E4MQODC,related to,PC Games
B00E4MQODC,related to,Xbox Games
B00E4MQODC,related to,PlayStation Games
B00E4MQODC,related to,Nintendo Games
B00E4MQODC,related to,Gaming Headsets
B00002SFM9,related to,PlayStation
B00002SFM9,related to,Nintendo
B00002SFM9,related to,Gaming Accessories
B00002SFM9,related to,Games
B00002SFM9,related to,PlayStation 5
B00002SFM9,related to,PlayStation 4
B00002SFM9,related to,PC Games
B00002SFM9,related to,Xbox Games
B00002SFM9,related to,PlayStation Games
B00002SFM9,related to,Nintendo Games
B003S9VNWE,related to,Xbox
B003S9VNWE,related to,PlayStation
B003S9VNWE,related to,Nintendo
B003S9VNWE,related to,Gaming Accessories
B003S9VNWE,related to,Games
B003S9VNWE,related to,Xbox Series S
B003S9VNWE,related to,Xbox One
B003S9VNWE,related to,PlayStation 5
B003S9VNWE,related to,PlayStation 4
B003S9VNWE,related to,PlayStation Vita
B003S9VNWE,related to,PC Games
B003S9VNWE,related to,Xbox Games
B003S9VNWE,related to,PlayStation Games
B003S9VNWE,related to,Nintendo Games
B003S9VNWE,related to,PlayStation Controllers
B004FNFOPY,related to,Games
B004FNFOPY,related to,Nintendo
B004FNFOPY,related to,Nintendo Switch
B004FNFOPY,related to,PC Games
B004FNFOPY,related to,PlayStation Games
B004FNFOPY,related to,Nintendo Games
B004FNFOPY,related to,Nintendo 3DS
B004FNFOPY,related to,Nintendo Controllers
B00VBZ3SGG,related to,Nintendo
B00VBZ3SGG,related to,Games
B00VBZ3SGG,related to,Xbox Games
B00VBZ3SGG,related to,PlayStation Games
B00VBZ3SGG,related to,Nintendo Games
B0C39GFK7P,related to,Games
B0C39GFK7P,related to,PC Games
B07M84H7ZF,related to,Xbox
B07M84H7ZF,related to,Headsets
B07M84H7ZF,related to,VR Headsets
B07M84H7ZF,related to,PlayStation
B07M84H7ZF,related to,Gaming Accessories
B07M84H7ZF,related to,Xbox Series X
B07M84H7ZF,related to,Xbox Series S
B07M84H7ZF,related to,Xbox One
B07M84H7ZF,related to,Xbox Games
B07M84H7ZF,related to,Xbox Controllers
B07M84H7ZF,related to,Gaming Headsets
B07M84H7ZF,related to,PlayStation 5
B07M84H7ZF,related to,PlayStation 4
B07M84H7ZF,related to,PlayStation Vita
B07M84H7ZF,related to,PlayStation Games
B07M84H7ZF,related to,PlayStation Controllers
B006MAT1NO,related to,PlayStation
B006MAT1NO,related to,Nintendo
B006MAT1NO,related to,Games
B006MAT1NO,related to,Nintendo 3DS
B006MAT1NO,related to,Xbox Games
B006MAT1NO,related to,PlayStation Games
B006MAT1NO,related to,Nintendo Games
B006MAT1NO,related to,PlayStation Controllers
B006MAT1NO,related to,Nintendo Controllers
B01ANEPV24,related to,Xbox
B01ANEPV24,related to,PlayStation
B01ANEPV24,related to,Nintendo
B01ANEPV24,related to,Gaming Peripherals
B01ANEPV24,related to,Gaming Accessories
B01ANEPV24,related to,Games
B01ANEPV24,related to,Xbox Series X
B01ANEPV24,related to,Xbox Series S
B01ANEPV24,related to,Xbox One
B01ANEPV24,related to,PlayStation 5
B01ANEPV24,related to,PlayStation 4
B01ANEPV24,related to,PlayStation Vita
B01ANEPV24,related to,PC Games
B01ANEPV24,related to,Xbox Games
B01ANEPV24,related to,PlayStation Games
B01ANEPV24,related to,Nintendo Games
B01ANEPV24,related to,Xbox Controllers
B00026IKUO,related to,Xbox
B00026IKUO,related to,Xbox Series X
B00026IKUO,related to,Xbox Series S
B00026IKUO,related to,Xbox One
B00026IKUO,related to,PlayStation 5
B00026IKUO,related to,PlayStation 4
B00026IKUO,related to,Xbox Games
B00026IKUO,related to,Xbox Controllers
B00JBNHLFO,related to,PlayStation
B00JBNHLFO,related to,PlayStation 5
B00JBNHLFO,related to,PlayStation 4
B00JBNHLFO,related to,PlayStation Vita
B00JBNHLFO,related to,PlayStation Games
B00JBNHLFO,related to,PlayStation Controllers
B091ZMCJD5,related to,Headsets
B002OPZTHI,related to,Xbox
B002OPZTHI,related to,PlayStation
B002OPZTHI,related to,Nintendo
B002OPZTHI,related to,Gaming Peripherals
B002OPZTHI,related to,Gaming Accessories
B002OPZTHI,related to,Games
B002OPZTHI,related to,Xbox Series S
B002OPZTHI,related to,Xbox One
B002OPZTHI,related to,PlayStation 5
B002OPZTHI,related to,PlayStation 4
B002OPZTHI,related to,PC Games
B002OPZTHI,related to,Xbox Games
B002OPZTHI,related to,PlayStation Games
B002OPZTHI,related to,Nintendo Games
B0B5SWS9ZW,related to,Xbox
B0B5SWS9ZW,related to,PlayStation
B0B5SWS9ZW,related to,Nintendo
B0B5SWS9ZW,related to,Gaming Accessories
B0B5SWS9ZW,related to,Games
B0B5SWS9ZW,related to,Xbox Series S
B0B5SWS9ZW,related to,Xbox One
B0B5SWS9ZW,related to,PlayStation 5
B0B5SWS9ZW,related to,PlayStation 4
B0B5SWS9ZW,related to,PlayStation Vita
B0B5SWS9ZW,related to,PC Games
B0B5SWS9ZW,related to,Xbox Games
B0B5SWS9ZW,related to,PlayStation Games
B0B5SWS9ZW,related to,Nintendo Games
B0B5SWS9ZW,related to,PlayStation Controllers
B07W8FVGG6,related to,Gaming Peripherals
B07W8FVGG6,related to,Gaming Accessories
B096RVL99F,related to,Nintendo
B096RVL99F,related to,Nintendo Switch
B096RVL99F,related to,Nintendo Switch Lite
B096RVL99F,related to,Nintendo 3DS
B096RVL99F,related to,Nintendo Games
B096RVL99F,related to,Switch Cases
B096RVL99F,related to,Nintendo Controllers
B001RTS528,related to,Games
B001RTS528,related to,PC Games
B001RTS528,related to,Xbox Games
B001RTS528,related to,PlayStation Games
B001RTS528,related to,Nintendo Games
B00696MAIE,related to,Xbox
B00696MAIE,related to,PlayStation
B00696MAIE,related to,Nintendo
B00696MAIE,related to,Gaming Peripherals
B00696MAIE,related to,Xbox Series X
B00696MAIE,related to,Xbox Series S
B00696MAIE,related to,Xbox One
B00696MAIE,related to,PlayStation 5
B00696MAIE,related to,PlayStation 4
B00696MAIE,related to,PlayStation Vita
B00696MAIE,related to,PC Games
B00696MAIE,related to,Xbox Games
B00696MAIE,related to,PlayStation Games
B00696MAIE,related to,Xbox Controllers
B000RW3V9I,related to,PlayStation
B000RW3V9I,related to,Nintendo
B000RW3V9I,related to,Nintendo Switch
B000RW3V9I,related to,Xbox
B000RW3V9I,related to,Games
B000RW3V9I,related to,PlayStation 5
B000RW3V9I,related to,PlayStation 4
B000RW3V9I,related to,Nintendo 3DS
B000RW3V9I,related to,Xbox Games
B000RW3V9I,related to,PlayStation Games
B000RW3V9I,related to,Nintendo Games
B000RW3V9I,related to,PlayStation Controllers
B000RW3V9I,related to,Nintendo Controllers
B000RW3V9I,related to,PC Games
B000038IA5,related to,PlayStation
B000038IA5,related to,Games
B000038IA5,related to,Xbox One
B000038IA5,related to,PlayStation 5
B000038IA5,related to,PlayStation 4
B000038IA5,related to,PlayStation Vita
B000038IA5,related to,PC Games
B000038IA5,related to,Xbox Games
B000038IA5,related to,PlayStation Games
B000038IA5,related to,PlayStation Controllers
B000038IA5,related to,Nintendo Games
B01B62OSTE,related to,Hardware
B01B62OSTE,related to,Gaming Peripherals
B01B62OSTE,related to,Gaming Accessories
B01B62OSTE,related to,Games
B01B62OSTE,related to,PC Games
B01B62OSTE,related to,Xbox Games
B01B62OSTE,related to,PlayStation Games
B01B62OSTE,related to,Nintendo Games
B01B62OSTE,related to,Gaming Headsets
B08F1825H1,related to,Games
B001ELJFH8,related to,PlayStation
B001ELJFH8,related to,Nintendo
B001ELJFH8,related to,Nintendo Switch
B001ELJFH8,related to,Games
B001ELJFH8,related to,PlayStation 5
B001ELJFH8,related to,PlayStation 4
B001ELJFH8,related to,Nintendo 3DS
B001ELJFH8,related to,PC Games
B001ELJFH8,related to,Xbox Games
B001ELJFH8,related to,PlayStation Games
B001ELJFH8,related to,Nintendo Games
B001ELJFH8,related to,PlayStation Controllers
B001ELJFH8,related to,Nintendo Controllers
B000AMF76A,related to,Xbox
B000AMF76A,related to,Xbox Series X
B000AMF76A,related to,Xbox Series S
B000AMF76A,related to,Xbox One
B000AMF76A,related to,PlayStation 5
B000AMF76A,related to,PlayStation 4
B000AMF76A,related to,Xbox Games
B09Y2X5ZR3,related to,Xbox
B09Y2X5ZR3,related to,PlayStation
B09Y2X5ZR3,related to,Gaming Peripherals
B09Y2X5ZR3,related to,Controllers
B09Y2X5ZR3,related to,Xbox Series S
B09Y2X5ZR3,related to,Xbox One
B09Y2X5ZR3,related to,PlayStation 5
B09Y2X5ZR3,related to,PlayStation 4
B09Y2X5ZR3,related to,PlayStation Vita
B09Y2X5ZR3,related to,PC Games
B09Y2X5ZR3,related to,Xbox Games
B09Y2X5ZR3,related to,PlayStation Games
B09Y2X5ZR3,related to,PlayStation Controllers
B09Y2X5ZR3,related to,Xbox Controllers
B09Y2X5ZR3,related to,Nintendo Controllers
B000IQRJZU,related to,Nintendo
B000IQRJZU,related to,Games
B000IQRJZU,related to,PC Games
B000IQRJZU,related to,Xbox Games
B000IQRJZU,related to,PlayStation Games
B000IQRJZU,related to,Nintendo Games
B006J97RSO,related to,Xbox
B006J97RSO,related to,Games
B006J97RSO,related to,PlayStation
B006J97RSO,related to,Nintendo
B006J97RSO,related to,Gaming Accessories
B006J97RSO,related to,PC Games
B006J97RSO,related to,Xbox Games
B006J97RSO,related to,PlayStation Games
B006J97RSO,related to,Nintendo Games
B006J97RSO,related to,Xbox One
B006J97RSO,related to,PlayStation 5
B006J97RSO,related to,PlayStation 4
B07BMRGKX2,related to,Xbox
B07BMRGKX2,related to,PlayStation
B07BMRGKX2,related to,Nintendo
B07BMRGKX2,related to,Gaming Accessories
B07BMRGKX2,related to,Games
B07BMRGKX2,related to,Xbox Series S
B07BMRGKX2,related to,Xbox One
B07BMRGKX2,related to,PlayStation 5
B07BMRGKX2,related to,PlayStation 4
B07BMRGKX2,related to,PlayStation Vita
B07BMRGKX2,related to,PC Games
B07BMRGKX2,related to,Xbox Games
B07BMRGKX2,related to,PlayStation Games
B07BMRGKX2,related to,Nintendo Games
B07BMRGKX2,related to,PlayStation Controllers
B09DSSK3RD,related to,Controllers
B09DSSK3RD,related to,Xbox
B09DSSK3RD,related to,PlayStation
B09DSSK3RD,related to,Games
B09DSSK3RD,related to,Xbox Controllers
B09DSSK3RD,related to,Xbox Series X
B09DSSK3RD,related to,Xbox Series S
B09DSSK3RD,related to,Xbox One
B09DSSK3RD,related to,PlayStation 5
B09DSSK3RD,related to,PlayStation 4
B09DSSK3RD,related to,PlayStation Vita
B09DSSK3RD,related to,PC Games
B09DSSK3RD,related to,Xbox Games
B09DSSK3RD,related to,PlayStation Games
B09DSSK3RD,related to,PlayStation Controllers
B08CMQ1NPY,related to,PlayStation
B08CMQ1NPY,related to,Games
B08CMQ1NPY,related to,Xbox One
B08CMQ1NPY,related to,PlayStation 5
B08CMQ1NPY,related to,PlayStation 4
B08CMQ1NPY,related to,PlayStation Vita
B08CMQ1NPY,related to,PC Games
B08CMQ1NPY,related to,Xbox Games
B08CMQ1NPY,related to,PlayStation Games
B08CMQ1NPY,related to,PlayStation Controllers
B0050SYR74,related to,Headsets
B0050SYR74,related to,VR Headsets
B0050SYR74,related to,Xbox
B0050SYR74,related to,PlayStation
B0050SYR74,related to,Nintendo
B0050SYR74,related to,Gaming Peripherals
B0050SYR74,related to,Gaming Headsets
B0050SYR74,related to,Xbox Series X
B0050SYR74,related to,Xbox Series S
B0050SYR74,related to,Xbox One
B0050SYR74,related to,PlayStation 5
B0050SYR74,related to,PlayStation 4
B0050SYR74,related to,PlayStation Vita
B0050SYR74,related to,PC Games
B0050SYR74,related to,Xbox Games
B0050SYR74,related to,PlayStation Games
B0050SYR74,related to,Xbox Controllers
B00004VUGN,related to,Nintendo
B00004VUGN,related to,Gaming Peripherals
B00004VUGN,related to,Gaming Accessories
B00004VUGN,related to,Controllers
B00004VUGN,related to,PC Games
B00004VUGN,related to,Xbox Games
B00004VUGN,related to,Nintendo Games
B00004VUGN,related to,Xbox Controllers
B00004VUGN,related to,PlayStation Controllers
B00004VUGN,related to,Nintendo Controllers
B00B5G37TY,related to,Games
B00B5G37TY,related to,PC Games
B00B5G37TY,related to,Xbox Games
B00B5G37TY,related to,PlayStation Games
B00B5G37TY,related to,Nintendo Games
B001EYUWN6,related to,Games
B081243BT6,related to,Nintendo Switch
B081243BT6,related to,Storage Cases
B081243BT6,related to,Switch Cases
B09Y2XNCPN,related to,Gaming Peripherals
B09Y2XNCPN,related to,Gaming Accessories
B09Y2XNCPN,related to,Games
B09Y2XNCPN,related to,PlayStation
B09Y2XNCPN,related to,Controllers
B09Y2XNCPN,related to,PC Games
B09Y2XNCPN,related to,Xbox Games
B09Y2XNCPN,related to,PlayStation Games
B09Y2XNCPN,related to,Nintendo Games
B09Y2XNCPN,related to,Gaming Headsets
B09Y2XNCPN,related to,PlayStation 5
B09Y2XNCPN,related to,PlayStation 4
B09Y2XNCPN,related to,PlayStation Vita
B09Y2XNCPN,related to,Xbox Controllers
B09Y2XNCPN,related to,PlayStation Controllers
B09Y2XNCPN,related to,Nintendo Controllers
B000021Y5U,related to,Games
B000021Y5U,related to,PC Games
B000021Y5U,related to,Xbox Games
B000021Y5U,related to,PlayStation Games
B000021Y5U,related to,Nintendo Games
B002K8O600,related to,Nintendo
B002K8O600,related to,Nintendo Games
B002K8O600,related to,Nintendo Controllers
B08RJ2NWQ7,related to,Xbox
B08RJ2NWQ7,related to,Controllers
B08RJ2NWQ7,related to,Games
B08RJ2NWQ7,related to,Xbox Series X
B08RJ2NWQ7,related to,Xbox Series S
B08RJ2NWQ7,related to,Xbox One
B08RJ2NWQ7,related to,PlayStation 4
B08RJ2NWQ7,related to,PC Games
B08RJ2NWQ7,related to,Xbox Games
B08RJ2NWQ7,related to,PlayStation Games
B08RJ2NWQ7,related to,Xbox Controllers
B08RJ2NWQ7,related to,Nintendo Controllers
B08RJ2NWQ7,related to,PlayStation Controllers
B07HTXK28M,related to,Xbox
B07HTXK28M,related to,Controllers
B07HTXK28M,related to,Xbox Series X
B07HTXK28M,related to,Xbox Series S
B07HTXK28M,related to,Xbox One
B07HTXK28M,related to,Xbox Games
B07HTXK28M,related to,Xbox Controllers
B07HTXK28M,related to,PlayStation Controllers
B07HTXK28M,related to,Nintendo Controllers
B00KBAC8JU,related to,Gaming Accessories
B00KBAC8JU,related to,Games
B00KBAC8JU,related to,Controllers
B00KBAC8JU,related to,PC Games
B00KBAC8JU,related to,Xbox Games
B00KBAC8JU,related to,PlayStation Games
B00KBAC8JU,related to,Nintendo Games
B00KBAC8JU,related to,Xbox Controllers
B00KBAC8JU,related to,Nintendo Controllers
B00KBAC8JU,related to,PlayStation Controllers
B01KBL4ISW,related to,Xbox
B01KBL4ISW,related to,PlayStation
B01KBL4ISW,related to,Nintendo
B01KBL4ISW,related to,Gaming Peripherals
B01KBL4ISW,related to,Gaming Accessories
B01KBL4ISW,related to,Games
B01KBL4ISW,related to,Xbox Series X
B01KBL4ISW,related to,Xbox Series S
B01KBL4ISW,related to,Xbox One
B01KBL4ISW,related to,PlayStation 5
B01KBL4ISW,related to,PlayStation 4
B01KBL4ISW,related to,PlayStation Vita
B01KBL4ISW,related to,PC Games
B01KBL4ISW,related to,Xbox Games
B01KBL4ISW,related to,PlayStation Games
B01KBL4ISW,related to,Nintendo Games
B01KBL4ISW,related to,Xbox Controllers
B076ZSBT61,related to,Games
B076ZSBT61,related to,PC Games
B076ZSBT61,related to,Xbox Games
B076ZSBT61,related to,PlayStation Games
B076ZSBT61,related to,Nintendo Games
B076ZSBT61,related to,Xbox Series X
B076ZSBT61,related to,Xbox Series S
B00005UJSI,related to,Xbox
B00005UJSI,related to,Nintendo
B009WJGN56,related to,Storage Cases
B009WJGN56,related to,Nintendo
B009WJGN56,related to,Nintendo Switch
B009WJGN56,related to,Nintendo 3DS
B009WJGN56,related to,Nintendo Games
B009WJGN56,related to,Nintendo Controllers
B071D53F33,related to,Xbox
B071D53F33,related to,PlayStation
B071D53F33,related to,Games
B071D53F33,related to,Xbox Series X
B071D53F33,related to,Xbox Series S
B071D53F33,related to,Xbox One
B071D53F33,related to,PlayStation 5
B071D53F33,related to,PlayStation 4
B071D53F33,related to,PlayStation Vita
B071D53F33,related to,PC Games
B071D53F33,related to,Xbox Games
B071D53F33,related to,PlayStation Games
B071D53F33,related to,PlayStation Controllers
B06X9TST7H,related to,Nintendo Switch
B06X9TST7H,related to,Storage Cases
B06X9TST7H,related to,Hardware
B06X9TST7H,related to,Xbox
B06X9TST7H,related to,PlayStation
B06X9TST7H,related to,Nintendo
B06X9TST7H,related to,Gaming Accessories
B06X9TST7H,related to,Games
B06X9TST7H,related to,Nintendo Switch Lite
B06X9TST7H,related to,Switch Cases
B06X9TST7H,related to,Xbox One
B06X9TST7H,related to,PlayStation 5
B06X9TST7H,related to,PlayStation 4
B06X9TST7H,related to,Nintendo 3DS
B06X9TST7H,related to,PC Games
B06X9TST7H,related to,Xbox Games
B06X9TST7H,related to,PlayStation Games
B06X9TST7H,related to,Nintendo Games
B06X9TST7H,related to,Nintendo Controllers
B001EYUTFM,related to,Xbox
B001EYUTFM,related to,PlayStation
B001EYUTFM,related to,Nintendo
B001EYUTFM,related to,Gaming Peripherals
B001EYUTFM,related to,Gaming Accessories
B001EYUTFM,related to,Games
B001EYUTFM,related to,Xbox Series X
B001EYUTFM,related to,Xbox Series S
B001EYUTFM,related to,Xbox One
B001EYUTFM,related to,PlayStation 5
B001EYUTFM,related to,PlayStation 4
B001EYUTFM,related to,PlayStation Vita
B001EYUTFM,related to,PC Games
B001EYUTFM,related to,Xbox Games
B001EYUTFM,related to,PlayStation Games
B001EYUTFM,related to,Xbox Controllers
B004L6C6BK,related to,Gaming Peripherals
B004L6C6BK,related to,Gaming Accessories
B004L6C6BK,related to,Games
B004L6C6BK,related to,PlayStation
B004L6C6BK,related to,PC Games
B004L6C6BK,related to,Xbox Games
B004L6C6BK,related to,PlayStation Games
B004L6C6BK,related to,Nintendo Games
B004L6C6BK,related to,Gaming Headsets
B07TYHQ681,related to,Nintendo
B07TYHQ681,related to,Nintendo Switch
B07TYHQ681,related to,Gaming Accessories
B07TYHQ681,related to,Nintendo 3DS
B07TYHQ681,related to,Nintendo Games
B07TYHQ681,related to,Nintendo Controllers
B0007D4MVI,related to,Games
B0007D4MVI,related to,PC Games
B0007D4MVI,related to,Xbox Games
B0007D4MVI,related to,PlayStation Games
B0007D4MVI,related to,Nintendo Games
B08N7PX4WX,related to,Nintendo
B08N7PX4WX,related to,Nintendo Switch
B08N7PX4WX,related to,Gaming Peripherals
B08N7PX4WX,related to,Gaming Accessories
B08N7PX4WX,related to,Games
B08N7PX4WX,related to,Hardware
B08N7PX4WX,related to,Xbox
B08N7PX4WX,related to,PlayStation
B08N7PX4WX,related to,Nintendo Switch Lite
B08N7PX4WX,related to,PC Games
B08N7PX4WX,related to,Xbox Games
B08N7PX4WX,related to,PlayStation Games
B08N7PX4WX,related to,Nintendo Games
B08N7PX4WX,related to,Xbox One
B08N7PX4WX,related to,PlayStation 5
B08N7PX4WX,related to,PlayStation 4
B08N7PX4WX,related to,Nintendo 3DS
B08N7PX4WX,related to,Nintendo Controllers
B09PG3T3Z7,related to,Gaming Peripherals
B09PG3T3Z7,related to,Gaming Accessories
B09PG3T3Z7,related to,Games
B09PG3T3Z7,related to,Xbox
B09PG3T3Z7,related to,PlayStation
B09PG3T3Z7,related to,PC Games
B09PG3T3Z7,related to,Xbox Games
B09PG3T3Z7,related to,PlayStation Games
B09PG3T3Z7,related to,Nintendo Games
B09PG3T3Z7,related to,Xbox Series X
B09PG3T3Z7,related to,Xbox Series S
B09PG3T3Z7,related to,Xbox One
B09PG3T3Z7,related to,PlayStation 5
B09PG3T3Z7,related to,PlayStation 4
B09PG3T3Z7,related to,Xbox Controllers
B0762MVYVY,related to,Xbox
B0762MVYVY,related to,PlayStation
B0762MVYVY,related to,Nintendo
B0762MVYVY,related to,Gaming Peripherals
B0762MVYVY,related to,Gaming Accessories
B0762MVYVY,related to,Games
B0762MVYVY,related to,Xbox Series S
B0762MVYVY,related to,Xbox One
B0762MVYVY,related to,PlayStation 5
B0762MVYVY,related to,PlayStation 4
B0762MVYVY,related to,PlayStation Vita
B0762MVYVY,related to,PC Games
B0762MVYVY,related to,Xbox Games
B0762MVYVY,related to,PlayStation Games
B0762MVYVY,related to,Nintendo Games
B0762MVYVY,related to,Gaming Headsets
B0762MVYVY,related to,PlayStation Controllers
B00002SU2P,related to,Nintendo
B00002SU2P,related to,PlayStation 4
B00002SU2P,related to,PlayStation Vita
B00002SU2P,related to,Nintendo Games
B00FA8LRFO,related to,Nintendo
B00FA8LRFO,related to,Nintendo Switch
B00FA8LRFO,related to,Games
B00FA8LRFO,related to,PlayStation 4
B00FA8LRFO,related to,Nintendo 3DS
B00FA8LRFO,related to,PC Games
B00FA8LRFO,related to,Xbox Games
B00FA8LRFO,related to,PlayStation Games
B00FA8LRFO,related to,Nintendo Games
B00FA8LRFO,related to,Nintendo Controllers
B000067FDY,related to,PC Games
B08CKJ8P9W,related to,Nintendo Switch
B08CKJ8P9W,related to,Nintendo
B08CKJ8P9W,related to,Controllers
B08CKJ8P9W,related to,Nintendo Switch Lite
B08CKJ8P9W,related to,Switch Cases
B08CKJ8P9W,related to,Nintendo 3DS
B08CKJ8P9W,related to,Nintendo Games
B08CKJ8P9W,related to,Nintendo Controllers
B08CKJ8P9W,related to,Xbox Controllers
B01MZB2YGH,related to,Games
B01MZB2YGH,related to,PlayStation
B01MZB2YGH,related to,PC Games
B01MZB2YGH,related to,Xbox Games
B01MZB2YGH,related to,PlayStation Games
B01MZB2YGH,related to,Nintendo Games
B01MZB2YGH,related to,Xbox One
B01MZB2YGH,related to,PlayStation 5
B01MZB2YGH,related to,PlayStation 4
B01MZB2YGH,related to,PlayStation Vita
B01MZB2YGH,related to,PlayStation Controllers
B001ELJE8S,related to,PlayStation
B001ELJE8S,related to,Nintendo
B001ELJE8S,related to,Nintendo Switch
B001ELJE8S,related to,PlayStation 5
B001ELJE8S,related to,PlayStation 4
B001ELJE8S,related to,Nintendo 3DS
B001ELJE8S,related to,Xbox Games
B001ELJE8S,related to,PlayStation Games
B001ELJE8S,related to,Nintendo Games
B001ELJE8S,related to,PlayStation Controllers
B001ELJE8S,related to,Nintendo Controllers
B004KKX4W2,related to,PlayStation
B004KKX4W2,related to,Nintendo
B004KKX4W2,related to,Nintendo Switch
B004KKX4W2,related to,Games
B004KKX4W2,related to,PlayStation 5
B004KKX4W2,related to,PlayStation 4
B004KKX4W2,related to,Nintendo 3DS
B004KKX4W2,related to,PC Games
B004KKX4W2,related to,Xbox Games
B004KKX4W2,related to,PlayStation Games
B004KKX4W2,related to,Nintendo Games
B004KKX4W2,related to,PlayStation Controllers
B004KKX4W2,related to,Nintendo Controllers
B07R4DMYZB,related to,Games
B07R4DMYZB,related to,PC Games
B07R4DMYZB,related to,Xbox Games
B07R4DMYZB,related to,PlayStation Games
B001ELJFIW,related to,Nintendo
B001ELJFIW,related to,Games
B001ELJFIW,related to,Xbox Series S
B001ELJFIW,related to,Xbox Games
B001ELJFIW,related to,PlayStation Games
B001ELJFIW,related to,Nintendo Games
B006VO0QUI,related to,PlayStation
B006VO0QUI,related to,Gaming Peripherals
B006VO0QUI,related to,Gaming Accessories
B006VO0QUI,related to,Games
B006VO0QUI,related to,Xbox One
B006VO0QUI,related to,PlayStation 5
B006VO0QUI,related to,PlayStation 4
B006VO0QUI,related to,PlayStation Vita
B006VO0QUI,related to,PlayStation Games
B006VO0QUI,related to,PlayStation Controllers
B006VO0QUI,related to,PC Games
B006VO0QUI,related to,Xbox Games
B006VO0QUI,related to,Nintendo Games
B006VO0QUI,related to,Gaming Headsets
B00KO4ULZ6,related to,Nintendo
B0B5M8KL5S,related to,Gaming Accessories
B0B5M8KL5S,related to,Nintendo Switch
B0B5M8KL5S,related to,Switch Cases
B01BOFD6VO,related to,Gaming Peripherals
B01BOFD6VO,related to,Nintendo
B01BOFD6VO,related to,Xbox
B01BOFD6VO,related to,PlayStation
B01BOFD6VO,related to,Nintendo Switch
B01BOFD6VO,related to,Games
B01BOFD6VO,related to,Nintendo Controllers
B01BOFD6VO,related to,Nintendo Games
B01BOFD6VO,related to,Xbox One
B01BOFD6VO,related to,PlayStation 5
B01BOFD6VO,related to,PlayStation 4
B01BOFD6VO,related to,PlayStation Vita
B01BOFD6VO,related to,Nintendo 3DS
B01BOFD6VO,related to,Xbox Games
B01BOFD6VO,related to,PlayStation Games
B01BOFD6VO,related to,PlayStation Controllers
B01LXN0S24,related to,PlayStation
B01LXN0S24,related to,PlayStation 5
B01LXN0S24,related to,PlayStation 4
B01LXN0S24,related to,PlayStation Vita
B01LXN0S24,related to,PlayStation Games
B01LXN0S24,related to,PlayStation Controllers
B017XAGZM6,related to,Nintendo
B017XAGZM6,related to,Games
B017XAGZM6,related to,PC Games
B017XAGZM6,related to,Xbox Games
B017XAGZM6,related to,PlayStation Games
B017XAGZM6,related to,Nintendo Games
B00D6LPE2E,related to,Xbox
B00D6LPE2E,related to,PlayStation
B00D6LPE2E,related to,Nintendo
B00D6LPE2E,related to,Games
B00D6LPE2E,related to,Xbox Series X
B00D6LPE2E,related to,Xbox Series S
B00D6LPE2E,related to,Xbox One
B00D6LPE2E,related to,PlayStation 5
B00D6LPE2E,related to,PlayStation 4
B00D6LPE2E,related to,PlayStation Vita
B00D6LPE2E,related to,Nintendo 3DS
B00D6LPE2E,related to,PC Games
B00D6LPE2E,related to,Xbox Games
B00D6LPE2E,related to,PlayStation Games
B00D6LPE2E,related to,PlayStation Controllers
B00D6LPE2E,related to,Nintendo Games
B00001NFUA,related to,Nintendo
B00001NFUA,related to,Games
B00001NFUA,related to,Nintendo 3DS
B00001NFUA,related to,PC Games
B00001NFUA,related to,Xbox Games
B00001NFUA,related to,PlayStation Games
B00001NFUA,related to,Nintendo Games
B0BZ5J3KKD,related to,Nintendo
B0BZ5J3KKD,related to,Games
B0BZ5J3KKD,related to,Headsets
B0BZ5J3KKD,related to,VR Headsets
B0BZ5J3KKD,related to,PC Games
B0BZ5J3KKD,related to,Xbox Games
B0BZ5J3KKD,related to,PlayStation Games
B0BZ5J3KKD,related to,Nintendo Games
B0BZ5J3KKD,related to,Gaming Headsets
B00KUY3DBE,related to,Xbox
B00KUY3DBE,related to,Games
B00KUY3DBE,related to,Xbox Series X
B00KUY3DBE,related to,Xbox Series S
B00KUY3DBE,related to,Xbox One
B00KUY3DBE,related to,PlayStation 5
B00KUY3DBE,related to,PlayStation 4
B00KUY3DBE,related to,Xbox Games
B00KUY3DBE,related to,Xbox Controllers
B08LRT6V9V,related to,Nintendo Switch
B08LRT6V9V,related to,Games
B08LRT6V9V,related to,PlayStation
B08LRT6V9V,related to,Nintendo
B08LRT6V9V,related to,PlayStation 5
B08LRT6V9V,related to,PlayStation 4
B08LRT6V9V,related to,Nintendo 3DS
B08LRT6V9V,related to,Xbox Games
B08LRT6V9V,related to,PlayStation Games
B08LRT6V9V,related to,Nintendo Games
B08LRT6V9V,related to,Nintendo Controllers
B009GE3WUQ,related to,Controllers
B009GE3WUQ,related to,Hardware
B009GE3WUQ,related to,Xbox
B009GE3WUQ,related to,PlayStation
B009GE3WUQ,related to,Nintendo
B009GE3WUQ,related to,Nintendo Switch
B009GE3WUQ,related to,Gaming Accessories
B009GE3WUQ,related to,Games
B009GE3WUQ,related to,Xbox Controllers
B009GE3WUQ,related to,PlayStation Controllers
B009GE3WUQ,related to,Nintendo Controllers
B009GE3WUQ,related to,Xbox One
B009GE3WUQ,related to,PlayStation 5
B009GE3WUQ,related to,PlayStation 4
B009GE3WUQ,related to,Nintendo Switch Lite
B009GE3WUQ,related to,Nintendo 3DS
B009GE3WUQ,related to,PC Games
B009GE3WUQ,related to,Xbox Games
B009GE3WUQ,related to,PlayStation Games
B009GE3WUQ,related to,Nintendo Games
B07SXSXPHK,related to,Nintendo
B07SXSXPHK,related to,Nintendo Switch
B07SXSXPHK,related to,Xbox
B07SXSXPHK,related to,Games
B07SXSXPHK,related to,Gaming Peripherals
B07SXSXPHK,related to,Gaming Accessories
B07SXSXPHK,related to,Nintendo Switch Lite
B07SXSXPHK,related to,Nintendo 3DS
B07SXSXPHK,related to,Nintendo Games
B07SXSXPHK,related to,Switch Cases
B07SXSXPHK,related to,Nintendo Controllers
B07SXSXPHK,related to,PC Games
B07SXSXPHK,related to,Xbox Games
B07SXSXPHK,related to,PlayStation Games
B07ZHZBYCJ,related to,PlayStation
B07ZHZBYCJ,related to,Nintendo
B07ZHZBYCJ,related to,Gaming Peripherals
B07ZHZBYCJ,related to,Gaming Accessories
B07ZHZBYCJ,related to,Games
B07ZHZBYCJ,related to,PlayStation 5
B07ZHZBYCJ,related to,PlayStation 4
B07ZHZBYCJ,related to,PC Games
B07ZHZBYCJ,related to,Xbox Games
B07ZHZBYCJ,related to,PlayStation Games
B07ZHZBYCJ,related to,Nintendo Games
B00002971H,related to,Nintendo
B00002971H,related to,Games
B00002971H,related to,Nintendo Games
B00002971H,related to,PC Games
B00002971H,related to,Xbox Games
B00002971H,related to,PlayStation Games
B00X8WEZUI,related to,Xbox
B00X8WEZUI,related to,PlayStation
B00X8WEZUI,related to,Nintendo
B00X8WEZUI,related to,Gaming Accessories
B00X8WEZUI,related to,Games
B00X8WEZUI,related to,Xbox Series S
B00X8WEZUI,related to,Xbox One
B00X8WEZUI,related to,PlayStation 5
B00X8WEZUI,related to,PlayStation 4
B00X8WEZUI,related to,PlayStation Vita
B00X8WEZUI,related to,PC Games
B00X8WEZUI,related to,Xbox Games
B00X8WEZUI,related to,PlayStation Games
B00X8WEZUI,related to,Nintendo Games
B00X8WEZUI,related to,PlayStation Controllers
B07FJZLRZ3,related to,Nintendo
B07FJZLRZ3,related to,Nintendo Games
B001EBBGTS,related to,Hardware
B001EBBGTS,related to,Xbox
B001EBBGTS,related to,PlayStation
B001EBBGTS,related to,Nintendo
B001EBBGTS,related to,Gaming Peripherals
B001EBBGTS,related to,Gaming Accessories
B001EBBGTS,related to,Games
B001EBBGTS,related to,Xbox One
B001EBBGTS,related to,PlayStation 5
B001EBBGTS,related to,PlayStation 4
B001EBBGTS,related to,PC Games
B001EBBGTS,related to,Xbox Games
B001EBBGTS,related to,PlayStation Games
B001EBBGTS,related to,Nintendo Games
B001EBBGTS,related to,Gaming Headsets
B0045U9Q9M,related to,Nintendo
B0045U9Q9M,related to,Games
B0045U9Q9M,related to,PC Games
B0045U9Q9M,related to,Xbox Games
B0045U9Q9M,related to,PlayStation Games
B0045U9Q9M,related to,Nintendo Games
B07D7QFDTG,related to,Games
B07D7QFDTG,related to,Nintendo
B07D7QFDTG,related to,Nintendo Switch
B07D7QFDTG,related to,Xbox Games
B07D7QFDTG,related to,Nintendo Switch Lite
B07D7QFDTG,related to,Nintendo 3DS
B07D7QFDTG,related to,Nintendo Games
B07D7QFDTG,related to,Switch Cases
B07D7QFDTG,related to,Nintendo Controllers
B004OQOTKI,related to,Nintendo
B004OQOTKI,related to,Nintendo Switch
B004OQOTKI,related to,Gaming Accessories
B004OQOTKI,related to,Nintendo 3DS
B004OQOTKI,related to,Nintendo Games
B004OQOTKI,related to,Nintendo Controllers
B001ELJPDW,related to,PlayStation
B001ELJPDW,related to,Gaming Accessories
B001ELJPDW,related to,Games
B001ELJPDW,related to,PlayStation 5
B001ELJPDW,related to,PlayStation 4
B001ELJPDW,related to,PlayStation Vita
B001ELJPDW,related to,PlayStation Games
B001ELJPDW,related to,PlayStation Controllers
B001ELJPDW,related to,PC Games
B001ELJPDW,related to,Xbox Games
B001ELJPDW,related to,Nintendo Games
B07VXFFLDX,related to,Nintendo
B07VXFFLDX,related to,Nintendo Switch
B07VXFFLDX,related to,Controllers
B07VXFFLDX,related to,Nintendo Switch Lite
B07VXFFLDX,related to,Nintendo 3DS
B07VXFFLDX,related to,Nintendo Games
B07VXFFLDX,related to,Switch Cases
B07VXFFLDX,related to,Nintendo Controllers
B07VXFFLDX,related to,Xbox Controllers
B07VXFFLDX,related to,PlayStation Controllers
B00GFM8UP4,related to,Gaming Peripherals
B00GFM8UP4,related to,Gaming Accessories
B01DZS9GX0,related to,Xbox
B01DZS9GX0,related to,PlayStation
B01DZS9GX0,related to,Xbox One
B01DZS9GX0,related to,PlayStation 5
B01DZS9GX0,related to,PlayStation 4
B01DZS9GX0,related to,PlayStation Vita
B01DZS9GX0,related to,Xbox Games
B01DZS9GX0,related to,PlayStation Games
B01DZS9GX0,related to,PlayStation Controllers
B002EZL9SG,related to,Games
B002EZL9SG,related to,Nintendo
B002EZL9SG,related to,Nintendo Switch
B002EZL9SG,related to,Gaming Accessories
B002EZL9SG,related to,PC Games
B002EZL9SG,related to,Nintendo 3DS
B002EZL9SG,related to,Xbox Games
B002EZL9SG,related to,Nintendo Games
B002EZL9SG,related to,Nintendo Controllers
B00J3YWWRI,related to,Xbox
B00J3YWWRI,related to,Games
B00J3YWWRI,related to,Xbox Series X
B00J3YWWRI,related to,Xbox Series S
B00J3YWWRI,related to,Xbox One
B00J3YWWRI,related to,PlayStation 5
B00J3YWWRI,related to,PlayStation 4
B00J3YWWRI,related to,Xbox Games
B004GUSIFE,related to,Games
B004GUSIFE,related to,PC Games
B004GUSIFE,related to,Xbox Games
B004GUSIFE,related to,PlayStation Games
B001EYUTOS,related to,Games
B07SCXD68H,related to,PlayStation
B07SCXD68H,related to,Gaming Peripherals
B07SCXD68H,related to,PlayStation 5
B07SCXD68H,related to,PlayStation 4
B07SCXD68H,related to,PlayStation Vita
B07SCXD68H,related to,PlayStation Games
B07SCXD68H,related to,PlayStation Controllers
B09LY2F7J4,related to,Nintendo Switch
B09LY2F7J4,related to,Hardware
B09LY2F7J4,related to,Xbox
B09LY2F7J4,related to,PlayStation
B09LY2F7J4,related to,Nintendo
B09LY2F7J4,related to,Gaming Accessories
B09LY2F7J4,related to,Games
B09LY2F7J4,related to,Nintendo Switch Lite
B09LY2F7J4,related to,Switch Cases
B09LY2F7J4,related to,Xbox One
B09LY2F7J4,related to,PlayStation 5
B09LY2F7J4,related to,PlayStation 4
B09LY2F7J4,related to,Nintendo 3DS
B09LY2F7J4,related to,PC Games
B09LY2F7J4,related to,Xbox Games
B09LY2F7J4,related to,PlayStation Games
B09LY2F7J4,related to,Nintendo Games
B09LY2F7J4,related to,Nintendo Controllers
B001G7PRV8,related to,Nintendo
B001G7PRV8,related to,Games
B001G7PRV8,related to,Xbox
B001G7PRV8,related to,PlayStation
B001G7PRV8,related to,Gaming Accessories
B001G7PRV8,related to,PC Games
B001G7PRV8,related to,Xbox Games
B001G7PRV8,related to,PlayStation Games
B001G7PRV8,related to,Nintendo Games
B001G7PRV8,related to,Xbox Series S
B001G7PRV8,related to,Xbox One
B001G7PRV8,related to,PlayStation 5
B001G7PRV8,related to,PlayStation 4
B001G7PRV8,related to,PlayStation Vita
B001G7PRV8,related to,PlayStation Controllers
B007IQ2Y2G,related to,Xbox
B007IQ2Y2G,related to,PlayStation
B007IQ2Y2G,related to,Storage Cases
B007IQ2Y2G,related to,Xbox One
B007IQ2Y2G,related to,PlayStation 5
B007IQ2Y2G,related to,PlayStation 4
B007IQ2Y2G,related to,PlayStation Vita
B007IQ2Y2G,related to,PlayStation Games
B007IQ2Y2G,related to,PlayStation Controllers
B007IQ2Y2G,related to,Switch Cases
B012NQATOU,related to,Xbox
B012NQATOU,related to,PlayStation
B012NQATOU,related to,Nintendo
B012NQATOU,related to,Gaming Accessories
B012NQATOU,related to,Games
B012NQATOU,related to,Xbox Series S
B012NQATOU,related to,Xbox One
B012NQATOU,related to,PlayStation 5
B012NQATOU,related to,PlayStation 4
B012NQATOU,related to,PlayStation Vita
B012NQATOU,related to,PC Games
B012NQATOU,related to,Xbox Games
B012NQATOU,related to,PlayStation Games
B012NQATOU,related to,Nintendo Games
B012NQATOU,related to,PlayStation Controllers
B0BWXXWVV6,related to,Gaming Accessories
B0BWXXWVV6,related to,Games
B07QYBY6BC,related to,Gaming Peripherals
B07QYBY6BC,related to,Gaming Accessories
B07QYBY6BC,related to,Games
B07QYBY6BC,related to,Hardware
B07QYBY6BC,related to,PC Games
B07QYBY6BC,related to,Xbox Games
B07QYBY6BC,related to,PlayStation Games
B07QYBY6BC,related to,Nintendo Games
B07QYBY6BC,related to,Gaming Headsets
B001EYUS9O,related to,PlayStation
B001EYUS9O,related to,Nintendo
B001EYUS9O,related to,Nintendo Switch
B001EYUS9O,related to,Gaming Accessories
B001EYUS9O,related to,Games
B001EYUS9O,related to,PlayStation 5
B001EYUS9O,related to,PlayStation 4
B001EYUS9O,related to,Nintendo 3DS
B001EYUS9O,related to,Xbox Games
B001EYUS9O,related to,PlayStation Games
B001EYUS9O,related to,Nintendo Games
B001EYUS9O,related to,PlayStation Controllers
B001EYUS9O,related to,Nintendo Controllers
B001EYUS9O,related to,PC Games
B002FGU08E,related to,Games
B002FGU08E,related to,PC Games
B002FGU08E,related to,Xbox Games
B002FGU08E,related to,PlayStation Games
B002FGU08E,related to,Nintendo Games
B0078J3KVW,related to,PlayStation Vita
B06XBB4K89,related to,Nintendo
B06XBB4K89,related to,Nintendo Switch
B06XBB4K89,related to,Storage Cases
B06XBB4K89,related to,Nintendo Switch Lite
B06XBB4K89,related to,Nintendo 3DS
B06XBB4K89,related to,Nintendo Games
B06XBB4K89,related to,Switch Cases
B06XBB4K89,related to,Nintendo Controllers
B06XBB4K89,related to,Xbox Games
B06XBB4K89,related to,PlayStation Games
B00006LEM3,related to,Xbox
B00006LEM3,related to,PlayStation
B00006LEM3,related to,Nintendo
B00006LEM3,related to,Gaming Peripherals
B00006LEM3,related to,Xbox Series X
B00006LEM3,related to,Xbox Series S
B00006LEM3,related to,Xbox One
B00006LEM3,related to,PlayStation 5
B00006LEM3,related to,PlayStation 4
B00006LEM3,related to,PlayStation Vita
B00006LEM3,related to,PC Games
B00006LEM3,related to,Xbox Games
B00006LEM3,related to,PlayStation Games
B00006LEM3,related to,Xbox Controllers
B00006LEM3,related to,PlayStation Controllers
B001ECIU5A,related to,PlayStation
B001ECIU5A,related to,Nintendo
B001ECIU5A,related to,Nintendo Switch
B001ECIU5A,related to,Games
B001ECIU5A,related to,PlayStation 5
B001ECIU5A,related to,PlayStation 4
B001ECIU5A,related to,Nintendo 3DS
B001ECIU5A,related to,Xbox Games
B001ECIU5A,related to,PlayStation Games
B001ECIU5A,related to,Nintendo Games
B001ECIU5A,related to,PlayStation Controllers
B001ECIU5A,related to,Nintendo Controllers
B001TZ0L22,related to,Games
B001TZ0L22,related to,PC Games
B001TZ0L22,related to,PlayStation Games
B000B0RWWS,related to,Xbox
B000B0RWWS,related to,PlayStation
B000B0RWWS,related to,Games
B000B0RWWS,related to,Xbox One
B000B0RWWS,related to,PlayStation 5
B000B0RWWS,related to,PlayStation 4
B000B0RWWS,related to,PlayStation Vita
B000B0RWWS,related to,Xbox Games
B000B0RWWS,related to,PlayStation Games
B000B0RWWS,related to,PlayStation Controllers
B000B0RWWS,related to,PC Games
B0009WPZPE,related to,Games
B0009WPZPE,related to,Xbox
B0009WPZPE,related to,PlayStation
B0009WPZPE,related to,PC Games
B0009WPZPE,related to,Xbox Series X
B0009WPZPE,related to,Xbox Series S
B0009WPZPE,related to,Xbox One
B0009WPZPE,related to,PlayStation 5
B0009WPZPE,related to,PlayStation 4
B0009WPZPE,related to,Xbox Games
B0009WPZPE,related to,PlayStation Games
B0009WPZPE,related to,Xbox Controllers
B0009WPZPE,related to,PlayStation Controllers
B01GPB65N8,related to,Nintendo
B01GPB65N8,related to,Games
B01GPB65N8,related to,Nintendo 3DS
B01GPB65N8,related to,PC Games
B01GPB65N8,related to,Xbox Games
B01GPB65N8,related to,PlayStation Games
B01GPB65N8,related to,Nintendo Games
B0BQGYB74T,related to,Xbox
B0BQGYB74T,related to,PlayStation
B0BQGYB74T,related to,Gaming Peripherals
B0BQGYB74T,related to,Gaming Accessories
B0BQGYB74T,related to,Nintendo
B0BQGYB74T,related to,Games
B0BQGYB74T,related to,Xbox Series X
B0BQGYB74T,related to,Xbox Series S
B0BQGYB74T,related to,Xbox One
B0BQGYB74T,related to,PlayStation 5
B0BQGYB74T,related to,PlayStation 4
B0BQGYB74T,related to,PC Games
B0BQGYB74T,related to,Xbox Games
B0BQGYB74T,related to,PlayStation Games
B0BQGYB74T,related to,Xbox Controllers
B0BQGYB74T,related to,Nintendo Games
B0BQGYB74T,related to,Gaming Headsets
B0BQGYB74T,related to,PlayStation Controllers
B00KUYTOLM,related to,PlayStation
B00KUYTOLM,related to,PlayStation 5
B00KUYTOLM,related to,PlayStation 4
B00KUYTOLM,related to,PlayStation Vita
B00KUYTOLM,related to,PlayStation Games
B00KUYTOLM,related to,PlayStation Controllers
B001EYUQ0U,related to,Xbox
B001EYUQ0U,related to,Xbox Series X
B001EYUQ0U,related to,Xbox Series S
B001EYUQ0U,related to,Xbox One
B001EYUQ0U,related to,PlayStation 5
B001EYUQ0U,related to,PlayStation 4
B001EYUQ0U,related to,Xbox Games
B001EYUQ0U,related to,Xbox Controllers
B00B8WPEE6,related to,PlayStation
B00B8WPEE6,related to,Gaming Accessories
B00B8WPEE6,related to,PlayStation 5
B00B8WPEE6,related to,PlayStation 4
B00B8WPEE6,related to,PlayStation Games
B00B8WPEE6,related to,PlayStation Controllers
B00B8WPEE6,related to,PC Games
B002JTX9IA,related to,PlayStation
B002JTX9IA,related to,Nintendo
B002JTX9IA,related to,Nintendo Switch
B002JTX9IA,related to,Games
B002JTX9IA,related to,Xbox Series S
B002JTX9IA,related to,PlayStation 5
B002JTX9IA,related to,PlayStation 4
B002JTX9IA,related to,Nintendo 3DS
B002JTX9IA,related to,Xbox Games
B002JTX9IA,related to,PlayStation Games
B002JTX9IA,related to,Nintendo Games
B002JTX9IA,related to,Nintendo Controllers
B002JTX9IA,related to,PC Games
B07RB1PM3J,related to,Nintendo
B07RB1PM3J,related to,Games
B07RB1PM3J,related to,Xbox
B07RB1PM3J,related to,PC Games
B07RB1PM3J,related to,Xbox Games
B07RB1PM3J,related to,PlayStation Games
B07RB1PM3J,related to,Nintendo Games
B07RB1PM3J,related to,Xbox Series X
B07RB1PM3J,related to,Xbox Series S
B07RB1PM3J,related to,Xbox One
B07RB1PM3J,related to,PlayStation 5
B07RB1PM3J,related to,Xbox Controllers
B07NQLNB4H,related to,Nintendo
B07NQLNB4H,related to,Nintendo Switch
B07NQLNB4H,related to,Nintendo Games
B07NQLNB4H,related to,Nintendo 3DS
B07NQLNB4H,related to,Xbox Games
B07NQLNB4H,related to,Nintendo Controllers
B00003E4GF,related to,Games
B00003E4GF,related to,Xbox
B00003E4GF,related to,PlayStation
B00003E4GF,related to,Nintendo
B00003E4GF,related to,Gaming Accessories
B00003E4GF,related to,PC Games
B00003E4GF,related to,Nintendo Games
B00003E4GF,related to,Xbox Series S
B00003E4GF,related to,Xbox One
B00003E4GF,related to,PlayStation 5
B00003E4GF,related to,PlayStation 4
B00003E4GF,related to,PlayStation Vita
B00003E4GF,related to,Xbox Games
B00003E4GF,related to,PlayStation Games
B00003E4GF,related to,PlayStation Controllers
B007N8SZFO,related to,Controllers
B007N8SZFO,related to,Xbox
B007N8SZFO,related to,PlayStation
B007N8SZFO,related to,Xbox One
B007N8SZFO,related to,PlayStation 5
B007N8SZFO,related to,PlayStation 4
B007N8SZFO,related to,PlayStation Vita
B007N8SZFO,related to,Xbox Games
B007N8SZFO,related to,PlayStation Games
B007N8SZFO,related to,PlayStation Controllers
B0BB6SNBZV,related to,Headsets
B0BB6SNBZV,related to,VR Headsets
B0BB6SNBZV,related to,Gaming Headsets
B00C7JALVK,related to,Xbox
B00C7JALVK,related to,PlayStation
B00C7JALVK,related to,Xbox Series X
B00C7JALVK,related to,Xbox Series S
B00C7JALVK,related to,Xbox One
B00C7JALVK,related to,PlayStation 5
B00C7JALVK,related to,PlayStation 4
B00C7JALVK,related to,Xbox Games
B00C7JALVK,related to,Xbox Controllers
B00F27JGVA,related to,PlayStation
B00F27JGVA,related to,Xbox One
B00F27JGVA,related to,PlayStation 5
B00F27JGVA,related to,PlayStation 4
B00F27JGVA,related to,PlayStation Vita
B00F27JGVA,related to,PlayStation Games
B00F27JGVA,related to,PlayStation Controllers
B001D7JEJM,related to,Games
B001D7JEJM,related to,PC Games
B001G7PSOE,related to,Nintendo Games
B077BQ8M74,related to,Xbox
B077BQ8M74,related to,Games
B077BQ8M74,related to,PC Games
B077BQ8M74,related to,Xbox Games
B077BQ8M74,related to,Nintendo Games
B001EPOMYA,related to,Nintendo
B001EPOMYA,related to,Nintendo Switch
B001EPOMYA,related to,Nintendo 3DS
B001EPOMYA,related to,Nintendo Games
B001EPOMYA,related to,Nintendo Controllers
B001EYURK4,related to,Xbox
B001EYURK4,related to,PlayStation
B001EYURK4,related to,Nintendo
B001EYURK4,related to,Gaming Accessories
B001EYURK4,related to,Games
B001EYURK4,related to,Xbox Series X
B001EYURK4,related to,Xbox Series S
B001EYURK4,related to,Xbox One
B001EYURK4,related to,PlayStation 5
B001EYURK4,related to,PlayStation 4
B001EYURK4,related to,PC Games
B001EYURK4,related to,Xbox Games
B001EYURK4,related to,PlayStation Games
B001EYURK4,related to,Nintendo Games
B001EYURK4,related to,Xbox Controllers
B000XRHZ30,related to,Games
B00095NACG,related to,Xbox
B00095NACG,related to,Xbox Series X
B00095NACG,related to,Xbox Series S
B00095NACG,related to,Xbox One
B00095NACG,related to,PC Games
B00095NACG,related to,Xbox Games
B00095NACG,related to,PlayStation Games
B00095NACG,related to,Xbox Controllers
B001EYUNS0,related to,PlayStation
B001EYUNS0,related to,PlayStation 5
B001EYUNS0,related to,PlayStation 4
B001EYUNS0,related to,PlayStation Vita
B001EYUNS0,related to,PlayStation Games
B001EYUNS0,related to,PlayStation Controllers
B002JTX76Y,related to,PlayStation
B002JTX76Y,related to,Nintendo
B002JTX76Y,related to,Nintendo Switch
B002JTX76Y,related to,Games
B002JTX76Y,related to,PlayStation 5
B002JTX76Y,related to,PlayStation 4
B002JTX76Y,related to,Nintendo 3DS
B002JTX76Y,related to,PC Games
B002JTX76Y,related to,Xbox Games
B002JTX76Y,related to,PlayStation Games
B002JTX76Y,related to,Nintendo Games
B002JTX76Y,related to,PlayStation Controllers
B002JTX76Y,related to,Nintendo Controllers
B08L4KS3JF,related to,Gaming Peripherals
B08L4KS3JF,related to,Gaming Accessories
B08L4KS3JF,related to,Games
B08L4KS3JF,related to,Nintendo Switch
B08L4KS3JF,related to,Nintendo
B08L4KS3JF,related to,Controllers
B08L4KS3JF,related to,PC Games
B08L4KS3JF,related to,Xbox Games
B08L4KS3JF,related to,PlayStation Games
B08L4KS3JF,related to,Nintendo Games
B08L4KS3JF,related to,Gaming Headsets
B08L4KS3JF,related to,Nintendo Switch Lite
B08L4KS3JF,related to,Switch Cases
B08L4KS3JF,related to,Xbox Controllers
B08L4KS3JF,related to,PlayStation Controllers
B08L4KS3JF,related to,Nintendo Controllers
B01LXBBPTN,related to,Gaming Accessories
B01LXBBPTN,related to,Games
B01LXBBPTN,related to,PC Games
B01LXBBPTN,related to,Xbox Games
B01LXBBPTN,related to,PlayStation Games
B0031L1UTU,related to,PlayStation
B0031L1UTU,related to,Nintendo
B0031L1UTU,related to,Nintendo Switch
B0031L1UTU,related to,Xbox Series S
B0031L1UTU,related to,PlayStation 5
B0031L1UTU,related to,PlayStation 4
B0031L1UTU,related to,Nintendo 3DS
B0031L1UTU,related to,Xbox Games
B0031L1UTU,related to,PlayStation Games
B0031L1UTU,related to,Nintendo Games
B0031L1UTU,related to,Nintendo Controllers
B00FZVCY8A,related to,Games
B087ZWGK66,related to,Xbox
B087ZWGK66,related to,Controllers
B087ZWGK66,related to,Xbox Series X
B087ZWGK66,related to,Xbox Series S
B087ZWGK66,related to,Xbox One
B087ZWGK66,related to,PlayStation 5
B087ZWGK66,related to,PlayStation 4
B087ZWGK66,related to,Xbox Games
B087ZWGK66,related to,Xbox Controllers
B087ZWGK66,related to,Nintendo Controllers
B00GPE49XY,related to,Nintendo
B00GPE49XY,related to,Games
B00GPE49XY,related to,PC Games
B00GPE49XY,related to,Xbox Games
B00GPE49XY,related to,PlayStation Games
B00GPE49XY,related to,Nintendo Games
B00004T783,related to,Nintendo
B00004T783,related to,Xbox
B00004T783,related to,PlayStation
B00004T783,related to,Games
B00004T783,related to,Xbox Series X
B00004T783,related to,Xbox Series S
B00004T783,related to,Xbox One
B00004T783,related to,PlayStation 5
B00004T783,related to,PlayStation 4
B00004T783,related to,PC Games
B00004T783,related to,Xbox Games
B00004T783,related to,PlayStation Games
B00004T783,related to,Nintendo Games
B094B4CT7Q,related to,Nintendo
B094B4CT7Q,related to,Nintendo Switch
B094B4CT7Q,related to,Nintendo Switch Lite
B094B4CT7Q,related to,Nintendo 3DS
B094B4CT7Q,related to,Nintendo Games
B094B4CT7Q,related to,Switch Cases
B094B4CT7Q,related to,Nintendo Controllers
B003L20IPQ,related to,Games
B003L20IPQ,related to,Hardware
B003L20IPQ,related to,Nintendo
B003L20IPQ,related to,Nintendo Switch
B003L20IPQ,related to,PC Games
B003L20IPQ,related to,Xbox Games
B003L20IPQ,related to,PlayStation Games
B003L20IPQ,related to,Nintendo Games
B003L20IPQ,related to,Nintendo Switch Lite
B003L20IPQ,related to,Nintendo 3DS
B003L20IPQ,related to,Nintendo Controllers
B00BFN1H8K,related to,Games
B00BFN1H8K,related to,PC Games
B00BFN1H8K,related to,Xbox Games
B075V5WD54,related to,Hardware
B075V5WD54,related to,Games
B075V5WD54,related to,PC Games
B072JGQ717,related to,Nintendo Switch
B072JGQ717,related to,Nintendo
B072JGQ717,related to,Gaming Peripherals
B072JGQ717,related to,Gaming Accessories
B072JGQ717,related to,Games
B072JGQ717,related to,Nintendo Switch Lite
B072JGQ717,related to,Switch Cases
B072JGQ717,related to,PC Games
B072JGQ717,related to,Xbox Games
B072JGQ717,related to,PlayStation Games
B072JGQ717,related to,Nintendo Games
B00519BF18,related to,Gaming Peripherals
B00519BF18,related to,Gaming Accessories
B00519BF18,related to,Games
B00519BF18,related to,Xbox
B00519BF18,related to,PlayStation
B00519BF18,related to,PC Games
B00519BF18,related to,Xbox Games
B00519BF18,related to,PlayStation Games
B00519BF18,related to,Nintendo Games
B00519BF18,related to,Gaming Headsets
B00519BF18,related to,Xbox One
B00519BF18,related to,PlayStation 5
B00519BF18,related to,PlayStation 4
B00519BF18,related to,PlayStation Vita
B00519BF18,related to,PlayStation Controllers
B009SPZ11Q,related to,Games
B009SPZ11Q,related to,PC Games
B009SPZ11Q,related to,Xbox Games
B009SPZ11Q,related to,PlayStation Games
B009SPZ11Q,related to,Nintendo Games
B016Y3CTJQ,related to,PlayStation
B016Y3CTJQ,related to,Controllers
B016Y3CTJQ,related to,PlayStation 5
B016Y3CTJQ,related to,PlayStation 4
B016Y3CTJQ,related to,PlayStation Vita
B016Y3CTJQ,related to,PlayStation Games
B016Y3CTJQ,related to,Xbox Controllers
B016Y3CTJQ,related to,PlayStation Controllers
B016Y3CTJQ,related to,Nintendo Controllers
B007F64RJ2,related to,Gaming Peripherals
B007F64RJ2,related to,Games
B007F64RJ2,related to,Controllers
B007F64RJ2,related to,PC Games
B007F64RJ2,related to,Xbox Games
B007F64RJ2,related to,Xbox Controllers
B007F64RJ2,related to,PlayStation Controllers
B007F64RJ2,related to,Nintendo Controllers
B0000C7GH5,related to,Hardware
B0000C7GH5,related to,Xbox
B0000C7GH5,related to,PlayStation
B0000C7GH5,related to,Nintendo
B0000C7GH5,related to,Nintendo Switch
B0000C7GH5,related to,Gaming Peripherals
B0000C7GH5,related to,Gaming Accessories
B0000C7GH5,related to,Games
B0000C7GH5,related to,Xbox One
B0000C7GH5,related to,PlayStation 5
B0000C7GH5,related to,PlayStation 4
B0000C7GH5,related to,PlayStation Vita
B0000C7GH5,related to,PC Games
B0000C7GH5,related to,Xbox Games
B0000C7GH5,related to,PlayStation Games
B0000C7GH5,related to,Nintendo Games
B0000C7GH5,related to,Xbox Controllers
B0000C7GH5,related to,PlayStation Controllers
B0000C7GH5,related to,Nintendo Controllers
B0000C7GH5,related to,Xbox Series X
B0000C7GH5,related to,Xbox Series S
B0728CJKZS,related to,Xbox
B0728CJKZS,related to,PlayStation
B0728CJKZS,related to,Xbox One
B0728CJKZS,related to,PlayStation 5
B0728CJKZS,related to,PlayStation 4
B0728CJKZS,related to,PlayStation Vita
B0728CJKZS,related to,PC Games
B0728CJKZS,related to,Xbox Games
B0728CJKZS,related to,PlayStation Games
B0728CJKZS,related to,PlayStation Controllers
B0728CJKZS,related to,Nintendo Games
B0BN5DC36N,related to,Xbox
B0BN5DC36N,related to,PlayStation
B0BN5DC36N,related to,Games
B0BN5DC36N,related to,Xbox Series X
B0BN5DC36N,related to,Xbox Series S
B0BN5DC36N,related to,Xbox One
B0BN5DC36N,related to,PlayStation 5
B0BN5DC36N,related to,PlayStation 4
B0BN5DC36N,related to,PlayStation Vita
B0BN5DC36N,related to,PC Games
B0BN5DC36N,related to,Xbox Games
B0BN5DC36N,related to,PlayStation Games
B0BN5DC36N,related to,PlayStation Controllers
B00G2EVF3E,related to,Hardware
B00G2EVF3E,related to,Gaming Accessories
B000RT2868,related to,Controllers
B000RT2868,related to,Xbox
B000RT2868,related to,PlayStation
B000RT2868,related to,Nintendo
B000RT2868,related to,Gaming Peripherals
B000RT2868,related to,Gaming Accessories
B000RT2868,related to,Games
B000RT2868,related to,Xbox Series S
B000RT2868,related to,Xbox One
B000RT2868,related to,PlayStation 5
B000RT2868,related to,PlayStation 4
B000RT2868,related to,PlayStation Vita
B000RT2868,related to,PC Games
B000RT2868,related to,Xbox Games
B000RT2868,related to,PlayStation Games
B000RT2868,related to,Nintendo Games
B000RT2868,related to,Xbox Series X
B000RT2868,related to,Xbox Controllers
B003ZDOINE,related to,Games
B001EYUTRK,related to,Xbox
B001EYUTRK,related to,Games
B001EYUTRK,related to,Xbox Series X
B001EYUTRK,related to,Xbox Series S
B001EYUTRK,related to,Xbox One
B001EYUTRK,related to,PlayStation 4
B001EYUTRK,related to,Xbox Games
B001EYUTRK,related to,Xbox Controllers
B001EYUTRK,related to,PC Games
B001EYUTRK,related to,Nintendo Games
B0047IOXAO,related to,Xbox
B0047IOXAO,related to,PlayStation
B0047IOXAO,related to,Nintendo
B0047IOXAO,related to,Gaming Peripherals
B0047IOXAO,related to,Gaming Accessories
B0047IOXAO,related to,Games
B0047IOXAO,related to,Xbox One
B0047IOXAO,related to,PlayStation 5
B0047IOXAO,related to,PlayStation 4
B0047IOXAO,related to,PC Games
B0047IOXAO,related to,Xbox Games
B0047IOXAO,related to,PlayStation Games
B0047IOXAO,related to,Nintendo Games
B0047IOXAO,related to,Xbox Series S
B0047IOXAO,related to,PlayStation Vita
B0047IOXAO,related to,PlayStation Controllers
B000ZKNAFW,related to,PlayStation
B000ZKNAFW,related to,Nintendo
B000ZKNAFW,related to,Nintendo Switch
B000ZKNAFW,related to,Games
B000ZKNAFW,related to,PlayStation 5
B000ZKNAFW,related to,PlayStation 4
B000ZKNAFW,related to,Nintendo 3DS
B000ZKNAFW,related to,Xbox Games
B000ZKNAFW,related to,PlayStation Games
B000ZKNAFW,related to,Nintendo Games
B000ZKNAFW,related to,PlayStation Controllers
B000ZKNAFW,related to,Nintendo Controllers
B000ZKNAFW,related to,PC Games
B003R7JXO2,related to,Xbox
B003R7JXO2,related to,PlayStation
B003R7JXO2,related to,Xbox One
B003R7JXO2,related to,PlayStation 5
B003R7JXO2,related to,PlayStation 4
B003R7JXO2,related to,PlayStation Vita
B003R7JXO2,related to,Xbox Games
B003R7JXO2,related to,PlayStation Games
B003R7JXO2,related to,PlayStation Controllers
B07H1DHWX8,related to,Gaming Peripherals
B07H1DHWX8,related to,Gaming Accessories
B07H1DHWX8,related to,Games
B07H1DHWX8,related to,Controllers
B07H1DHWX8,related to,PC Games
B07H1DHWX8,related to,Xbox Games
B07H1DHWX8,related to,PlayStation Games
B07H1DHWX8,related to,Nintendo Games
B07H1DHWX8,related to,Gaming Headsets
B0019T48G8,related to,Games
B0019T48G8,related to,PC Games
B0019T48G8,related to,Nintendo Games
B01G6LXRQ0,related to,Nintendo
B01G6LXRQ0,related to,Nintendo Switch
B01G6LXRQ0,related to,Nintendo 3DS
B01G6LXRQ0,related to,Nintendo Games
B01G6LXRQ0,related to,Nintendo Controllers
B008AH21VG,related to,Games
B008AH21VG,related to,Xbox
B008AH21VG,related to,PlayStation
B008AH21VG,related to,Nintendo
B008AH21VG,related to,Gaming Peripherals
B008AH21VG,related to,PC Games
B008AH21VG,related to,Xbox Series X
B008AH21VG,related to,Xbox Series S
B008AH21VG,related to,Xbox One
B008AH21VG,related to,PlayStation 5
B008AH21VG,related to,PlayStation 4
B008AH21VG,related to,PlayStation Vita
B008AH21VG,related to,Xbox Games
B008AH21VG,related to,PlayStation Games
B008AH21VG,related to,Xbox Controllers
B00FFL0T46,related to,Games
B00FFL0T46,related to,PC Games
B00FFL0T46,related to,Xbox Games
B00FFL0T46,related to,PlayStation Games
B00FFL0T46,related to,Nintendo Games
B00O2D9PBQ,related to,Hardware
B00O2D9PBQ,related to,Xbox
B00O2D9PBQ,related to,PlayStation
B00O2D9PBQ,related to,Nintendo
B00O2D9PBQ,related to,Gaming Peripherals
B00O2D9PBQ,related to,Gaming Accessories
B00O2D9PBQ,related to,Games
B00O2D9PBQ,related to,Xbox One
B00O2D9PBQ,related to,PlayStation 5
B00O2D9PBQ,related to,PlayStation 4
B00O2D9PBQ,related to,PC Games
B00O2D9PBQ,related to,Xbox Games
B00O2D9PBQ,related to,PlayStation Games
B00O2D9PBQ,related to,Nintendo Games
B00O2D9PBQ,related to,Gaming Headsets
B0000Y2RZC,related to,Games
B001EHD9JC,related to,Games
B001EYUX7G,related to,PlayStation
B001EYUX7G,related to,PlayStation 5
B001EYUX7G,related to,PlayStation 4
B001EYUX7G,related to,PlayStation Vita
B001EYUX7G,related to,Xbox Games
B001EYUX7G,related to,PlayStation Games
B001EYUX7G,related to,PlayStation Controllers
B099WHJ8YH,related to,Nintendo
B099WHJ8YH,related to,Nintendo Switch
B099WHJ8YH,related to,Controllers
B099WHJ8YH,related to,Nintendo 3DS
B099WHJ8YH,related to,Nintendo Games
B099WHJ8YH,related to,Nintendo Controllers
B00HGLLRV2,related to,Xbox
B00HGLLRV2,related to,PlayStation
B00HGLLRV2,related to,Nintendo
B00HGLLRV2,related to,Gaming Accessories
B00HGLLRV2,related to,Games
B00HGLLRV2,related to,Xbox Series S
B00HGLLRV2,related to,Xbox One
B00HGLLRV2,related to,PlayStation 5
B00HGLLRV2,related to,PlayStation 4
B00HGLLRV2,related to,PlayStation Vita
B00HGLLRV2,related to,PC Games
B00HGLLRV2,related to,Xbox Games
B00HGLLRV2,related to,PlayStation Games
B00HGLLRV2,related to,Nintendo Games
B00HGLLRV2,related to,PlayStation Controllers
B08PKSL1F1,related to,Gaming Peripherals
B08PKSL1F1,related to,Gaming Accessories
B08PKSL1F1,related to,Games
B08PKSL1F1,related to,Nintendo Switch
B08PKSL1F1,related to,Hardware
B08PKSL1F1,related to,Xbox
B08PKSL1F1,related to,PlayStation
B08PKSL1F1,related to,Nintendo
B08PKSL1F1,related to,PC Games
B08PKSL1F1,related to,Xbox Games
B08PKSL1F1,related to,Nintendo Switch Lite
B08PKSL1F1,related to,Switch Cases
B08PKSL1F1,related to,Xbox One
B08PKSL1F1,related to,PlayStation 5
B08PKSL1F1,related to,PlayStation 4
B08PKSL1F1,related to,Nintendo 3DS
B08PKSL1F1,related to,PlayStation Games
B08PKSL1F1,related to,Nintendo Games
B08PKSL1F1,related to,Nintendo Controllers
B004J4WUC4,related to,PlayStation
B004J4WUC4,related to,Nintendo
B004J4WUC4,related to,Nintendo Switch
B004J4WUC4,related to,Games
B004J4WUC4,related to,PlayStation 5
B004J4WUC4,related to,Nintendo Games
B004J4WUC4,related to,PC Games
B004J4WUC4,related to,Xbox Games
B004J4WUC4,related to,PlayStation Games
B004J4WUC4,related to,PlayStation 4
B004J4WUC4,related to,PlayStation Vita
B004J4WUC4,related to,Nintendo 3DS
B01HM751QG,related to,PlayStation
B01HM751QG,related to,PlayStation 5
B01HM751QG,related to,PlayStation 4
B01HM751QG,related to,PlayStation Vita
B01HM751QG,related to,PlayStation Games
B01HM751QG,related to,PlayStation Controllers
B00095LIC0,related to,Nintendo
B00095LIC0,related to,Nintendo Switch
B00095LIC0,related to,Nintendo Switch Lite
B00095LIC0,related to,Nintendo 3DS
B00095LIC0,related to,Nintendo Games
B00095LIC0,related to,Nintendo Controllers
B00PBIGBOU,related to,PlayStation
B00PBIGBOU,related to,Nintendo
B00PBIGBOU,related to,Gaming Accessories
B00PBIGBOU,related to,Games
B00PBIGBOU,related to,PlayStation 5
B00PBIGBOU,related to,PlayStation 4
B00PBIGBOU,related to,PC Games
B00PBIGBOU,related to,Xbox Games
B00PBIGBOU,related to,PlayStation Games
B00PBIGBOU,related to,Nintendo Games
B08PGH8T78,related to,Games
B08PGH8T78,related to,Product Details
B08PGH8T78,related to,PlayStation
B08PGH8T78,related to,Nintendo
B08PGH8T78,related to,Nintendo Switch
B08PGH8T78,related to,Gaming Peripherals
B08PGH8T78,related to,Gaming Accessories
B08PGH8T78,related to,Controllers
B08PGH8T78,related to,PC Games
B08PGH8T78,related to,Xbox Games
B08PGH8T78,related to,Nintendo Games
B08PGH8T78,related to,PlayStation 5
B08PGH8T78,related to,PlayStation 4
B08PGH8T78,related to,PlayStation Vita
B08PGH8T78,related to,Xbox Controllers
B08PGH8T78,related to,PlayStation Controllers
B08PGH8T78,related to,Nintendo Controllers
B00E5UHSX8,related to,Xbox
B00E5UHSX8,related to,Xbox Series X
B00E5UHSX8,related to,Xbox Series S
B00E5UHSX8,related to,Xbox One
B00E5UHSX8,related to,Xbox Games
B00E5UHSX8,related to,Xbox Controllers
B0C5Y3GFVV,related to,Nintendo
B0C5Y3GFVV,related to,Gaming Accessories
B0C5Y3GFVV,related to,Games
B0C5Y3GFVV,related to,Nintendo Switch
B0C5Y3GFVV,related to,PC Games
B0C5Y3GFVV,related to,Xbox Games
B0C5Y3GFVV,related to,PlayStation Games
B0C5Y3GFVV,related to,Nintendo Games
B0C5Y3GFVV,related to,Nintendo Switch Lite
B0C5Y3GFVV,related to,Switch Cases
B005F5H6S4,related to,Controllers
B005F5H6S4,related to,Xbox
B005F5H6S4,related to,PlayStation
B005F5H6S4,related to,Nintendo
B005F5H6S4,related to,Gaming Peripherals
B005F5H6S4,related to,Product Details
B005F5H6S4,related to,Hardware
B005F5H6S4,related to,Gaming Accessories
B005F5H6S4,related to,Xbox Series X
B005F5H6S4,related to,Xbox Series S
B005F5H6S4,related to,Xbox One
B005F5H6S4,related to,PlayStation 5
B005F5H6S4,related to,PlayStation 4
B005F5H6S4,related to,PlayStation Vita
B005F5H6S4,related to,PC Games
B005F5H6S4,related to,Xbox Games
B005F5H6S4,related to,PlayStation Games
B005F5H6S4,related to,Xbox Controllers
B008B62FPI,related to,PlayStation
B008B62FPI,related to,Nintendo
B008B62FPI,related to,Games
B008B62FPI,related to,PlayStation 5
B008B62FPI,related to,PlayStation 4
B008B62FPI,related to,PlayStation Vita
B008B62FPI,related to,PC Games
B008B62FPI,related to,Xbox Games
B008B62FPI,related to,PlayStation Games
B008B62FPI,related to,Nintendo Games
B008B62FPI,related to,PlayStation Controllers
B08F52Y2PN,related to,Xbox
B08F52Y2PN,related to,Games
B08F52Y2PN,related to,Headsets
B08F52Y2PN,related to,VR Headsets
B08F52Y2PN,related to,PC Games
B08F52Y2PN,related to,Xbox Games
B08F52Y2PN,related to,Nintendo Games
B08F52Y2PN,related to,Gaming Headsets
B09SZ3VYYT,related to,Nintendo Switch
B09SZ3VYYT,related to,Hardware
B09SZ3VYYT,related to,Xbox
B09SZ3VYYT,related to,PlayStation
B09SZ3VYYT,related to,Nintendo
B09SZ3VYYT,related to,Gaming Accessories
B09SZ3VYYT,related to,Games
B09SZ3VYYT,related to,Nintendo Switch Lite
B09SZ3VYYT,related to,Switch Cases
B09SZ3VYYT,related to,Xbox One
B09SZ3VYYT,related to,PlayStation 5
B09SZ3VYYT,related to,PlayStation 4
B09SZ3VYYT,related to,Nintendo 3DS
B09SZ3VYYT,related to,PC Games
B09SZ3VYYT,related to,Xbox Games
B09SZ3VYYT,related to,PlayStation Games
B09SZ3VYYT,related to,Nintendo Games
B09SZ3VYYT,related to,Nintendo Controllers
B001EYUUH4,related to,Xbox
B001EYUUH4,related to,PlayStation
B001EYUUH4,related to,Games
B001EYUUH4,related to,PlayStation 5
B001EYUUH4,related to,PlayStation 4
B001EYUUH4,related to,PlayStation Vita
B001EYUUH4,related to,PlayStation Games
B001EYUUH4,related to,PlayStation Controllers
B001EYUUH4,related to,PC Games
B001EYUUH4,related to,Xbox Games
B001EYUUH4,related to,Nintendo Games
B0016B6LHS,related to,PlayStation
B0016B6LHS,related to,Nintendo
B0016B6LHS,related to,Nintendo Switch
B0016B6LHS,related to,Gaming Accessories
B0016B6LHS,related to,Games
B0016B6LHS,related to,Xbox Series S
B0016B6LHS,related to,PlayStation 5
B0016B6LHS,related to,PlayStation 4
B0016B6LHS,related to,Nintendo 3DS
B0016B6LHS,related to,Xbox Games
B0016B6LHS,related to,PlayStation Games
B0016B6LHS,related to,Nintendo Games
B0016B6LHS,related to,Nintendo Controllers
B0016B6LHS,related to,PC Games
B07KWLRVHH,related to,Games
B07KWLRVHH,related to,Xbox
B07KWLRVHH,related to,Gaming Peripherals
B07KWLRVHH,related to,Gaming Accessories
B07KWLRVHH,related to,PC Games
B07KWLRVHH,related to,Xbox Games
B07KWLRVHH,related to,PlayStation 5
B07KWLRVHH,related to,PlayStation Games
B07KWLRVHH,related to,Nintendo Games
B005N64U52,related to,Games
B005N64U52,related to,Xbox
B005N64U52,related to,PlayStation
B005N64U52,related to,Nintendo
B005N64U52,related to,Gaming Peripherals
B005N64U52,related to,PC Games
B005N64U52,related to,Xbox Games
B005N64U52,related to,PlayStation Games
B005N64U52,related to,Nintendo Games
B005N64U52,related to,Xbox Series X
B005N64U52,related to,Xbox Series S
B005N64U52,related to,Xbox One
B005N64U52,related to,PlayStation 5
B005N64U52,related to,PlayStation 4
B005N64U52,related to,PlayStation Vita
B005N64U52,related to,Xbox Controllers
B000WE8JCA,related to,Controllers
B000WE8JCA,related to,Games
B000WE8JCA,related to,Xbox
B000WE8JCA,related to,PlayStation
B000WE8JCA,related to,Nintendo Controllers
B000WE8JCA,related to,Xbox One
B000WE8JCA,related to,PlayStation 5
B000WE8JCA,related to,PlayStation 4
B000WE8JCA,related to,PlayStation Vita
B000WE8JCA,related to,PC Games
B000WE8JCA,related to,Xbox Games
B000WE8JCA,related to,PlayStation Games
B000WE8JCA,related to,PlayStation Controllers
B0006GQ7SM,related to,PC Games
B082BTXBG1,related to,Nintendo
B082BTXBG1,related to,Nintendo Switch
B082BTXBG1,related to,Nintendo Switch Lite
B082BTXBG1,related to,Nintendo 3DS
B082BTXBG1,related to,Nintendo Games
B082BTXBG1,related to,Switch Cases
B082BTXBG1,related to,Nintendo Controllers
B006HZA7BO,related to,Nintendo
B006HZA7BO,related to,Games
B006HZA7BO,related to,Nintendo Switch
B006HZA7BO,related to,PC Games
B006HZA7BO,related to,Xbox Games
B006HZA7BO,related to,PlayStation Games
B006HZA7BO,related to,Nintendo Games
B006HZA7BO,related to,Nintendo 3DS
B006HZA7BO,related to,Nintendo Controllers
B002I0J4VQ,related to,Storage Cases
B002I0J4VQ,related to,Controllers
B002I0J4VQ,related to,PlayStation
B002I0J4VQ,related to,Xbox Controllers
B002I0J4VQ,related to,PlayStation Controllers
B002I0J4VQ,related to,PlayStation 5
B002I0J4VQ,related to,PlayStation 4
B002I0J4VQ,related to,PlayStation Vita
B002I0J4VQ,related to,PlayStation Games
B00NQT48OG,related to,Xbox
B00NQT48OG,related to,PlayStation
B00NQT48OG,related to,Controllers
B00NQT48OG,related to,Xbox Series X
B00NQT48OG,related to,Xbox Series S
B00NQT48OG,related to,Xbox One
B00NQT48OG,related to,PlayStation 5
B00NQT48OG,related to,PlayStation 4
B00NQT48OG,related to,PlayStation Vita
B00NQT48OG,related to,PC Games
B00NQT48OG,related to,Xbox Games
B00NQT48OG,related to,PlayStation Games
B00NQT48OG,related to,Xbox Controllers
B00NQT48OG,related to,PlayStation Controllers
B00NQT48OG,related to,Nintendo Controllers
B000CBZPDO,related to,Games
B000CBZPDO,related to,PC Games
B000CBZPDO,related to,Xbox Games
B000CBZPDO,related to,PlayStation Games
B000CBZPDO,related to,Nintendo Games
B0029OUYKG,related to,Nintendo
B0029OUYKG,related to,Nintendo Switch
B0029OUYKG,related to,Games
B0029OUYKG,related to,PlayStation 4
B0029OUYKG,related to,Nintendo 3DS
B0029OUYKG,related to,Xbox Games
B0029OUYKG,related to,Nintendo Games
B0029OUYKG,related to,Nintendo Controllers
B001EYUPBU,related to,PlayStation
B001EYUPBU,related to,PlayStation 5
B001EYUPBU,related to,PlayStation 4
B001EYUPBU,related to,PlayStation Vita
B001EYUPBU,related to,PlayStation Games
B001EYUPBU,related to,PlayStation Controllers
B07YTP6GY5,related to,Nintendo
B07YTP6GY5,related to,Nintendo Switch
B07YTP6GY5,related to,Nintendo 3DS
B07YTP6GY5,related to,Nintendo Games
B07YTP6GY5,related to,Nintendo Controllers
B07YTP6GY5,related to,Nintendo Switch Lite
B07YTP6GY5,related to,Switch Cases
B07K9B6RK8,related to,VR Headsets
B07K9B6RK8,related to,Xbox
B07K9B6RK8,related to,PlayStation
B07K9B6RK8,related to,Nintendo
B07K9B6RK8,related to,Gaming Accessories
B07K9B6RK8,related to,Games
B07K9B6RK8,related to,Xbox Series S
B07K9B6RK8,related to,Xbox One
B07K9B6RK8,related to,PlayStation 5
B07K9B6RK8,related to,PlayStation 4
B07K9B6RK8,related to,PlayStation Vita
B07K9B6RK8,related to,PC Games
B07K9B6RK8,related to,Xbox Games
B07K9B6RK8,related to,PlayStation Games
B07K9B6RK8,related to,Nintendo Games
B07K9B6RK8,related to,PlayStation Controllers
B0BZVZVS72,related to,Games
B0BZVZVS72,related to,PC Games
B001EYUSD0,related to,Xbox
B001EYUSD0,related to,Gaming Peripherals
B001EYUSD0,related to,Gaming Accessories
B001EYUSD0,related to,Games
B001EYUSD0,related to,Xbox Series S
B001EYUSD0,related to,Xbox One
B001EYUSD0,related to,PC Games
B001EYUSD0,related to,Xbox Games
B001EYUSD0,related to,PlayStation Games
B00005UJSA,related to,Xbox
B00005UJSA,related to,PlayStation
B00005UJSA,related to,Nintendo
B00005UJSA,related to,Gaming Accessories
B00005UJSA,related to,Games
B00005UJSA,related to,Xbox Series S
B00005UJSA,related to,Xbox One
B00005UJSA,related to,PlayStation 5
B00005UJSA,related to,PlayStation 4
B00005UJSA,related to,PlayStation Vita
B00005UJSA,related to,PC Games
B00005UJSA,related to,Xbox Games
B00005UJSA,related to,PlayStation Games
B00005UJSA,related to,Nintendo Games
B00005UJSA,related to,PlayStation Controllers
B09MFBHCJ4,related to,Nintendo Games
B07JG39J18,related to,Controllers
B07JG39J18,related to,Nintendo
B07JG39J18,related to,Nintendo Switch
B07JG39J18,related to,Nintendo Controllers
B07JG39J18,related to,Nintendo 3DS
B07JG39J18,related to,Nintendo Games
B07RFZFNQT,related to,PlayStation
B07RFZFNQT,related to,Nintendo
B07RFZFNQT,related to,Gaming Accessories
B07RFZFNQT,related to,Games
B07RFZFNQT,related to,PlayStation 5
B07RFZFNQT,related to,PlayStation 4
B07RFZFNQT,related to,PC Games
B07RFZFNQT,related to,Xbox Games
B07RFZFNQT,related to,PlayStation Games
B07RFZFNQT,related to,Nintendo Games
B0BMPGSXYK,related to,VR Headsets
B0BMPGSXYK,related to,Gaming Accessories
B0BMPGSXYK,related to,Controllers
B0BMPGSXYK,related to,Headsets
B0BMPGSXYK,related to,Xbox Controllers
B0BMPGSXYK,related to,PlayStation Controllers
B0BMPGSXYK,related to,Nintendo Controllers
B0BMPGSXYK,related to,Gaming Headsets
B00CISMP8M,related to,Games
B00CISMP8M,related to,Xbox
B00CISMP8M,related to,PlayStation
B00CISMP8M,related to,Nintendo
B00CISMP8M,related to,Gaming Peripherals
B00CISMP8M,related to,PC Games
B00CISMP8M,related to,PlayStation Games
B00CISMP8M,related to,Nintendo Games
B00CISMP8M,related to,Xbox Series X
B00CISMP8M,related to,Xbox Series S
B00CISMP8M,related to,Xbox One
B00CISMP8M,related to,PlayStation 5
B00CISMP8M,related to,PlayStation 4
B00CISMP8M,related to,PlayStation Vita
B00CISMP8M,related to,Xbox Games
B00CISMP8M,related to,Xbox Controllers
B08D6X4GH1,related to,Nintendo
B08D6X4GH1,related to,Nintendo Switch
B08D6X4GH1,related to,Nintendo Switch Lite
B08D6X4GH1,related to,Nintendo 3DS
B08D6X4GH1,related to,Nintendo Games
B08D6X4GH1,related to,Switch Cases
B08D6X4GH1,related to,Nintendo Controllers
B001ELJDU2,related to,Nintendo
B001ELJDU2,related to,Games
B001ELJDU2,related to,Storage Cases
B001ELJDU2,related to,PC Games
B001ELJDU2,related to,Xbox Games
B001ELJDU2,related to,PlayStation Games
B001ELJDU2,related to,Nintendo Games
B00BER9WIO,related to,Games
B00BER9WIO,related to,Nintendo
B00BER9WIO,related to,Nintendo Switch
B00BER9WIO,related to,PC Games
B00BER9WIO,related to,Nintendo 3DS
B00BER9WIO,related to,Nintendo Games
B00BER9WIO,related to,Nintendo Controllers
B00005LOXE,related to,PlayStation
B00005LOXE,related to,Xbox One
B00005LOXE,related to,PlayStation 5
B00005LOXE,related to,PlayStation 4
B00005LOXE,related to,PlayStation Vita
B00005LOXE,related to,PlayStation Games
B00005LOXE,related to,PlayStation Controllers
B001ELJPXW,related to,Games
B001ELJPXW,related to,PC Games
B001ELJPXW,related to,Xbox Games
B001ELJPXW,related to,PlayStation Games
B001ELJPXW,related to,Nintendo Games
B003DKJAGO,related to,Games
B003DKJAGO,related to,PC Games
B003DKJAGO,related to,Xbox Games
B003DKJAGO,related to,PlayStation Games
B003DKJAGO,related to,Nintendo Games
B071WQ28YV,related to,Xbox
B071WQ28YV,related to,Xbox Series X
B071WQ28YV,related to,Xbox Series S
B071WQ28YV,related to,Xbox One
B071WQ28YV,related to,PlayStation 5
B071WQ28YV,related to,PlayStation 4
B071WQ28YV,related to,Xbox Games
B071WQ28YV,related to,Xbox Controllers
B00KMPLXH2,related to,Games
B00KMPLXH2,related to,PC Games
B00X4HUBJ6,related to,Xbox
B00X4HUBJ6,related to,PlayStation
B00X4HUBJ6,related to,Nintendo
B00X4HUBJ6,related to,Games
B00X4HUBJ6,related to,Xbox Series S
B00X4HUBJ6,related to,Xbox One
B00X4HUBJ6,related to,PlayStation 5
B00X4HUBJ6,related to,PlayStation 4
B00X4HUBJ6,related to,PlayStation Vita
B00X4HUBJ6,related to,Nintendo 3DS
B00X4HUBJ6,related to,PC Games
B00X4HUBJ6,related to,Xbox Games
B00X4HUBJ6,related to,PlayStation Games
B00X4HUBJ6,related to,Nintendo Games
B00X4HUBJ6,related to,PlayStation Controllers
B0BN942894,related to,Games
B0BN942894,related to,Gaming Peripherals
B0BN942894,related to,Gaming Accessories
B0BN942894,related to,Headsets
B0BN942894,related to,PC Games
B0BN942894,related to,Xbox Games
B0BN942894,related to,PlayStation Games
B0BN942894,related to,Nintendo Games
B0BN942894,related to,Gaming Headsets
B0009PKDP8,related to,Games
B0009PKDP8,related to,Xbox
B0009PKDP8,related to,PlayStation
B0009PKDP8,related to,PC Games
B0009PKDP8,related to,Xbox Games
B0009PKDP8,related to,PlayStation Games
B0009PKDP8,related to,Nintendo Games
B0009PKDP8,related to,Xbox One
B0009PKDP8,related to,PlayStation 5
B0009PKDP8,related to,PlayStation 4
B0009PKDP8,related to,PlayStation Vita
B0009PKDP8,related to,PlayStation Controllers
B001EYUYCU,related to,PlayStation
B001EYUYCU,related to,Nintendo
B001EYUYCU,related to,Nintendo Switch
B001EYUYCU,related to,Gaming Peripherals
B001EYUYCU,related to,Gaming Accessories
B001EYUYCU,related to,Games
B001EYUYCU,related to,Xbox Series S
B001EYUYCU,related to,PlayStation 5
B001EYUYCU,related to,PlayStation 4
B001EYUYCU,related to,Nintendo 3DS
B001EYUYCU,related to,Xbox Games
B001EYUYCU,related to,PlayStation Games
B001EYUYCU,related to,Nintendo Games
B001EYUYCU,related to,Nintendo Controllers
B001EYUYCU,related to,PC Games
B008MO6B1S,related to,Xbox
B008MO6B1S,related to,PlayStation
B008MO6B1S,related to,Nintendo
B008MO6B1S,related to,Nintendo Switch
B008MO6B1S,related to,Games
B008MO6B1S,related to,Xbox One
B008MO6B1S,related to,PlayStation 5
B008MO6B1S,related to,PlayStation 4
B008MO6B1S,related to,PlayStation Vita
B008MO6B1S,related to,Nintendo 3DS
B008MO6B1S,related to,Xbox Games
B008MO6B1S,related to,PlayStation Games
B008MO6B1S,related to,Nintendo Games
B008MO6B1S,related to,PlayStation Controllers
B008MO6B1S,related to,Nintendo Controllers
B000O5DY0E,related to,Games
B000O5DY0E,related to,Gaming Accessories
B000O5DY0E,related to,PC Games
B000O5DY0E,related to,Nintendo Games
B000O5DY0E,related to,Xbox Games
B000O5DY0E,related to,PlayStation Games
B00HM1XPN4,related to,Games
B00HM1XPN4,related to,Storage Cases
B00HM1XPN4,related to,Xbox Games
B00HM1XPN4,related to,Nintendo Games
B00HM1XPN4,related to,Switch Cases
B001EYUQTG,related to,Games
B001EYUQTG,related to,Xbox
B001EYUQTG,related to,PlayStation
B001EYUQTG,related to,Nintendo
B001EYUQTG,related to,Gaming Peripherals
B001EYUQTG,related to,Xbox Series X
B001EYUQTG,related to,Xbox Series S
B001EYUQTG,related to,Xbox One
B001EYUQTG,related to,PlayStation 5
B001EYUQTG,related to,PlayStation 4
B001EYUQTG,related to,PlayStation Vita
B001EYUQTG,related to,PC Games
B001EYUQTG,related to,Xbox Games
B001EYUQTG,related to,PlayStation Games
B001EYUQTG,related to,Xbox Controllers
B07474JYNX,related to,Gaming Peripherals
B07474JYNX,related to,Gaming Accessories
B07474JYNX,related to,Controllers
B07474JYNX,related to,PC Games
B07474JYNX,related to,Xbox Controllers
B07474JYNX,related to,Nintendo Controllers
B00IR3AZZC,related to,PlayStation
B00IR3AZZC,related to,Nintendo
B00IR3AZZC,related to,Gaming Accessories
B00IR3AZZC,related to,Games
B00IR3AZZC,related to,PlayStation 5
B00IR3AZZC,related to,PlayStation 4
B00IR3AZZC,related to,PC Games
B00IR3AZZC,related to,Xbox Games
B00IR3AZZC,related to,PlayStation Games
B00IR3AZZC,related to,Nintendo Games
B0000631W8,related to,Games
B0000631W8,related to,Nintendo Games
B0000631W8,related to,PC Games
B0000631W8,related to,Xbox Games
B006WJ70P6,related to,Xbox
B006WJ70P6,related to,PlayStation
B006WJ70P6,related to,Xbox One
B006WJ70P6,related to,PlayStation 5
B006WJ70P6,related to,PlayStation 4
B006WJ70P6,related to,PlayStation Vita
B006WJ70P6,related to,PlayStation Games
B006WJ70P6,related to,PlayStation Controllers
B07S7M3D1S,related to,Xbox
B07S7M3D1S,related to,PlayStation
B07S7M3D1S,related to,Nintendo
B07S7M3D1S,related to,Gaming Peripherals
B07S7M3D1S,related to,Gaming Accessories
B07S7M3D1S,related to,Nintendo Switch
B07S7M3D1S,related to,Xbox Series S
B07S7M3D1S,related to,Xbox One
B07S7M3D1S,related to,PlayStation 5
B07S7M3D1S,related to,PlayStation 4
B07S7M3D1S,related to,PC Games
B07S7M3D1S,related to,Xbox Games
B07S7M3D1S,related to,PlayStation Games
B07S7M3D1S,related to,Nintendo Games
B07S7M3D1S,related to,Xbox Controllers
B07S7M3D1S,related to,PlayStation Controllers
B07S7M3D1S,related to,Nintendo Controllers
B07S7M3D1S,related to,Nintendo 3DS
B01DW8AG3W,related to,Gaming Accessories
B01DW8AG3W,related to,Games
B01DW8AG3W,related to,PC Games
B01DW8AG3W,related to,Xbox Games
B01DW8AG3W,related to,PlayStation Games
B01DW8AG3W,related to,Nintendo Games
B00DCDTHII,related to,Games
B00DCDTHII,related to,PC Games
B00DCDTHII,related to,PlayStation Games
B00DCDTHII,related to,Nintendo Games
B001EYUUSI,related to,Nintendo
B00F4WM1XS,related to,Games
B00F4WM1XS,related to,PC Games
B00008DHNY,related to,Xbox
B00008DHNY,related to,Xbox Series X
B00008DHNY,related to,Xbox Series S
B00008DHNY,related to,Xbox One
B00008DHNY,related to,Xbox Games
B00008DHNY,related to,Xbox Controllers
B08FCVCDTM,related to,PlayStation
B08FCVCDTM,related to,Xbox One
B08FCVCDTM,related to,PlayStation 5
B08FCVCDTM,related to,PlayStation 4
B08FCVCDTM,related to,PlayStation Vita
B08FCVCDTM,related to,PC Games
B08FCVCDTM,related to,Xbox Games
B08FCVCDTM,related to,PlayStation Games
B08FCVCDTM,related to,PlayStation Controllers
B0009OO6Y8,related to,PlayStation
B0009OO6Y8,related to,Nintendo
B0009OO6Y8,related to,Gaming Accessories
B0009OO6Y8,related to,Games
B0009OO6Y8,related to,PlayStation 5
B0009OO6Y8,related to,PlayStation 4
B0009OO6Y8,related to,PC Games
B0009OO6Y8,related to,Xbox Games
B0009OO6Y8,related to,PlayStation Games
B0009OO6Y8,related to,Nintendo Games
B003TQLLEQ,related to,Xbox
B003TQLLEQ,related to,PlayStation
B003TQLLEQ,related to,Nintendo
B003TQLLEQ,related to,Gaming Accessories
B003TQLLEQ,related to,Games
B003TQLLEQ,related to,Xbox Series X
B003TQLLEQ,related to,Xbox Series S
B003TQLLEQ,related to,Xbox One
B003TQLLEQ,related to,PlayStation 5
B003TQLLEQ,related to,PlayStation 4
B003TQLLEQ,related to,PlayStation Vita
B003TQLLEQ,related to,PC Games
B003TQLLEQ,related to,Xbox Games
B003TQLLEQ,related to,PlayStation Games
B003TQLLEQ,related to,Nintendo Games
B003TQLLEQ,related to,Xbox Controllers
B01GY369GA,related to,PlayStation
B01GY369GA,related to,Games
B01GY369GA,related to,PlayStation 5
B01GY369GA,related to,PlayStation 4
B01GY369GA,related to,PlayStation Vita
B01GY369GA,related to,PlayStation Games
B01GY369GA,related to,PlayStation Controllers
B003BMJKI2,related to,PlayStation
B003BMJKI2,related to,Nintendo
B003BMJKI2,related to,Nintendo Switch
B003BMJKI2,related to,Games
B003BMJKI2,related to,Xbox Series S
B003BMJKI2,related to,PlayStation 5
B003BMJKI2,related to,PlayStation 4
B003BMJKI2,related to,Nintendo 3DS
B003BMJKI2,related to,Xbox Games
B003BMJKI2,related to,PlayStation Games
B003BMJKI2,related to,Nintendo Games
B003BMJKI2,related to,Nintendo Controllers
B003BMJKI2,related to,PC Games
B002WDL50W,related to,PlayStation
B002WDL50W,related to,Nintendo
B002WDL50W,related to,Nintendo Switch
B002WDL50W,related to,Gaming Accessories
B002WDL50W,related to,Games
B002WDL50W,related to,Xbox Series S
B002WDL50W,related to,PlayStation 5
B002WDL50W,related to,PlayStation 4
B002WDL50W,related to,Nintendo 3DS
B002WDL50W,related to,Xbox Games
B002WDL50W,related to,PlayStation Games
B002WDL50W,related to,Nintendo Games
B002WDL50W,related to,Nintendo Controllers
B002WDL50W,related to,PC Games
B01BF9X6LO,related to,PlayStation
B01BF9X6LO,related to,Xbox One
B01BF9X6LO,related to,PlayStation 5
B01BF9X6LO,related to,PlayStation 4
B01BF9X6LO,related to,PlayStation Vita
B01BF9X6LO,related to,PlayStation Games
B01BF9X6LO,related to,PlayStation Controllers
B00002STY9,related to,Nintendo
B00002STY9,related to,Nintendo Switch
B00002STY9,related to,Gaming Peripherals
B00002STY9,related to,Gaming Accessories
B00002STY9,related to,Games
B00002STY9,related to,PlayStation 5
B00002STY9,related to,PlayStation 4
B00002STY9,related to,Nintendo 3DS
B00002STY9,related to,Xbox Games
B00002STY9,related to,PlayStation Games
B00002STY9,related to,Nintendo Games
B00002STY9,related to,Nintendo Controllers
B00002STY9,related to,PC Games
B01IILZQN8,related to,Hardware
B01IILZQN8,related to,Nintendo
B01IILZQN8,related to,Gaming Peripherals
B01IILZQN8,related to,Gaming Accessories
B01IILZQN8,related to,Games
B01IILZQN8,related to,PC Games
B01IILZQN8,related to,Xbox Games
B01IILZQN8,related to,PlayStation Games
B01IILZQN8,related to,Nintendo Games
B00897Z27C,related to,Nintendo
B00897Z27C,related to,Games
B00897Z27C,related to,PlayStation
B00897Z27C,related to,Nintendo Switch
B00897Z27C,related to,PC Games
B00897Z27C,related to,Xbox Games
B00897Z27C,related to,PlayStation Games
B00897Z27C,related to,Nintendo Games
B00897Z27C,related to,PlayStation 5
B00897Z27C,related to,PlayStation 4
B00897Z27C,related to,Nintendo 3DS
B00897Z27C,related to,PlayStation Controllers
B00897Z27C,related to,Nintendo Controllers
B001G6061U,related to,PlayStation
B001G6061U,related to,PlayStation 5
B001G6061U,related to,PlayStation 4
B001G6061U,related to,PlayStation Vita
B001G6061U,related to,PlayStation Games
B001G6061U,related to,PlayStation Controllers
B00005ME7Z,related to,Nintendo
B00005ME7Z,related to,Games
B00005ME7Z,related to,PC Games
B00005ME7Z,related to,Xbox Games
B00005ME7Z,related to,PlayStation Games
B00005ME7Z,related to,Nintendo Games
B0012V1SPM,related to,PlayStation
B0012V1SPM,related to,Nintendo
B0012V1SPM,related to,Gaming Accessories
B0012V1SPM,related to,Games
B0012V1SPM,related to,PlayStation 5
B0012V1SPM,related to,PlayStation 4
B0012V1SPM,related to,PC Games
B0012V1SPM,related to,Xbox Games
B0012V1SPM,related to,PlayStation Games
B0012V1SPM,related to,Nintendo Games
B00K96ENRQ,related to,Nintendo
B00K96ENRQ,related to,Games
B00K96ENRQ,related to,PC Games
B00K96ENRQ,related to,Xbox Games
B00K96ENRQ,related to,PlayStation Games
B00K96ENRQ,related to,Nintendo Games
B001G60642,related to,Xbox
B001G60642,related to,PlayStation
B001G60642,related to,Nintendo
B001G60642,related to,Gaming Peripherals
B001G60642,related to,Xbox Series X
B001G60642,related to,Xbox Series S
B001G60642,related to,Xbox One
B001G60642,related to,PlayStation 5
B001G60642,related to,PlayStation 4
B001G60642,related to,PlayStation Vita
B001G60642,related to,PC Games
B001G60642,related to,Xbox Games
B001G60642,related to,PlayStation Games
B001G60642,related to,Xbox Controllers
B007JELZJ0,related to,PlayStation
B007JELZJ0,related to,Games
B007JELZJ0,related to,Xbox One
B007JELZJ0,related to,PlayStation 5
B007JELZJ0,related to,PlayStation 4
B007JELZJ0,related to,PlayStation Vita
B007JELZJ0,related to,PlayStation Games
B007JELZJ0,related to,PlayStation Controllers
B007JELZJ0,related to,PC Games
B00006B8EI,related to,Games
B00006B8EI,related to,PC Games
B00009YXIE,related to,Gaming Peripherals
B00009YXIE,related to,Gaming Accessories
B00009YXIE,related to,Xbox
B00009YXIE,related to,PlayStation
B00009YXIE,related to,Nintendo
B00009YXIE,related to,Games
B00009YXIE,related to,PC Games
B00009YXIE,related to,PlayStation Games
B00009YXIE,related to,Xbox Series X
B00009YXIE,related to,Xbox Series S
B00009YXIE,related to,Xbox One
B00009YXIE,related to,PlayStation 5
B00009YXIE,related to,PlayStation 4
B00009YXIE,related to,Xbox Games
B00009YXIE,related to,Xbox Controllers
B0851H83ZG,related to,Gaming Peripherals
B0851H83ZG,related to,Gaming Accessories
B0851H83ZG,related to,Games
B0851H83ZG,related to,PC Games
B0851H83ZG,related to,Xbox Games
B0851H83ZG,related to,PlayStation Games
B0851H83ZG,related to,Nintendo Games
B0851H83ZG,related to,Gaming Headsets
B01GY35UK6,related to,PlayStation
B01GY35UK6,related to,PlayStation 5
B01GY35UK6,related to,PlayStation 4
B01GY35UK6,related to,PlayStation Games
B07DLZR4DC,related to,Nintendo
B07DLZR4DC,related to,Nintendo Switch
B07DLZR4DC,related to,Controllers
B07DLZR4DC,related to,Nintendo Switch Lite
B07DLZR4DC,related to,Nintendo 3DS
B07DLZR4DC,related to,Nintendo Games
B07DLZR4DC,related to,Switch Cases
B07DLZR4DC,related to,Nintendo Controllers
B07DLZR4DC,related to,Xbox Controllers
B00008YSGK,related to,PlayStation
B00008YSGK,related to,Nintendo
B00008YSGK,related to,Gaming Accessories
B00008YSGK,related to,Games
B00008YSGK,related to,PlayStation 5
B00008YSGK,related to,PlayStation 4
B00008YSGK,related to,PC Games
B00008YSGK,related to,Xbox Games
B00008YSGK,related to,PlayStation Games
B00008YSGK,related to,Nintendo Games
B01N10NIBP,related to,Hardware
B01N10NIBP,related to,Xbox
B01N10NIBP,related to,PlayStation
B01N10NIBP,related to,Nintendo
B01N10NIBP,related to,Nintendo Switch
B01N10NIBP,related to,Gaming Accessories
B01N10NIBP,related to,Games
B01N10NIBP,related to,Xbox One
B01N10NIBP,related to,PlayStation 5
B01N10NIBP,related to,PlayStation 4
B01N10NIBP,related to,Nintendo Switch Lite
B01N10NIBP,related to,Nintendo 3DS
B01N10NIBP,related to,PC Games
B01N10NIBP,related to,Xbox Games
B01N10NIBP,related to,PlayStation Games
B01N10NIBP,related to,Nintendo Games
B01N10NIBP,related to,Nintendo Controllers
B00GBQNZFE,related to,Gaming Peripherals
B00GBQNZFE,related to,Gaming Accessories
B00GBQNZFE,related to,Headsets
B00GBQNZFE,related to,VR Headsets
B00GBQNZFE,related to,Gaming Headsets
B004N7IIQ4,related to,Gaming Peripherals
B004N7IIQ4,related to,Gaming Accessories
B004N7IIQ4,related to,Games
B004N7IIQ4,related to,PC Games
B004N7IIQ4,related to,Xbox Games
B004N7IIQ4,related to,PlayStation Games
B004N7IIQ4,related to,Nintendo Games
B004N7IIQ4,related to,Gaming Headsets
B07L9JQD2V,related to,Nintendo
B07L9JQD2V,related to,Nintendo Switch
B07L9JQD2V,related to,Nintendo Switch Lite
B07L9JQD2V,related to,Nintendo 3DS
B07L9JQD2V,related to,Nintendo Games
B07L9JQD2V,related to,Switch Cases
B07L9JQD2V,related to,Nintendo Controllers
B00004SVSJ,related to,Nintendo
B00004SVSJ,related to,Nintendo Switch
B00004SVSJ,related to,Nintendo Games
B00004SVSJ,related to,Nintendo Controllers
B07YL97DQD,related to,Gaming Peripherals
B07YL97DQD,related to,Gaming Accessories
B07YL97DQD,related to,Xbox
B07YL97DQD,related to,PlayStation
B07YL97DQD,related to,Nintendo
B07YL97DQD,related to,Games
B07YL97DQD,related to,Xbox Series S
B07YL97DQD,related to,Xbox One
B07YL97DQD,related to,PlayStation 5
B07YL97DQD,related to,PlayStation 4
B07YL97DQD,related to,PlayStation Vita
B07YL97DQD,related to,PC Games
B07YL97DQD,related to,Xbox Games
B07YL97DQD,related to,PlayStation Games
B07YL97DQD,related to,Nintendo Games
B07YL97DQD,related to,PlayStation Controllers
B00ZC3S72I,related to,Gaming Peripherals
B00ZC3S72I,related to,Gaming Accessories
B00ZC3S72I,related to,Games
B00ZC3S72I,related to,PC Games
B00ZC3S72I,related to,Xbox Games
B00ZC3S72I,related to,PlayStation Games
B00ZC3S72I,related to,Nintendo Games
B00ZC3S72I,related to,Gaming Headsets
B004CVKGSY,related to,Games
B004CVKGSY,related to,Nintendo
B004CVKGSY,related to,Xbox
B004CVKGSY,related to,PlayStation
B004CVKGSY,related to,Gaming Peripherals
B004CVKGSY,related to,PC Games
B004CVKGSY,related to,Xbox Games
B004CVKGSY,related to,Xbox Series X
B004CVKGSY,related to,Xbox Series S
B004CVKGSY,related to,Xbox One
B004CVKGSY,related to,PlayStation 5
B004CVKGSY,related to,PlayStation 4
B004CVKGSY,related to,PlayStation Vita
B004CVKGSY,related to,PlayStation Games
B004CVKGSY,related to,Xbox Controllers
B01JA8B18M,related to,Games
B00WNO6YKG,related to,Xbox
B00WNO6YKG,related to,PlayStation
B00WNO6YKG,related to,Nintendo
B00WNO6YKG,related to,Gaming Accessories
B00WNO6YKG,related to,Games
B00WNO6YKG,related to,Xbox Series X
B00WNO6YKG,related to,Xbox Series S
B00WNO6YKG,related to,Xbox One
B00WNO6YKG,related to,PlayStation 5
B00WNO6YKG,related to,PlayStation 4
B00WNO6YKG,related to,PC Games
B00WNO6YKG,related to,Xbox Games
B00WNO6YKG,related to,PlayStation Games
B00WNO6YKG,related to,Nintendo Games
B00WNO6YKG,related to,Xbox Controllers
B000GDFSR6,related to,Nintendo
B000GDFSR6,related to,Gaming Peripherals
B000GDFSR6,related to,Gaming Accessories
B000GDFSR6,related to,Games
B000GDFSR6,related to,Nintendo 3DS
B000GDFSR6,related to,PC Games
B000GDFSR6,related to,Xbox Games
B000GDFSR6,related to,PlayStation Games
B000GDFSR6,related to,Nintendo Games
B00IFFIKCM,related to,PlayStation
B00IFFIKCM,related to,Controllers
B00IFFIKCM,related to,Gaming Peripherals
B00IFFIKCM,related to,Gaming Accessories
B00IFFIKCM,related to,Games
B00IFFIKCM,related to,PlayStation 5
B00IFFIKCM,related to,PlayStation 4
B00IFFIKCM,related to,PlayStation Vita
B00IFFIKCM,related to,PlayStation Games
B00IFFIKCM,related to,Xbox Controllers
B00IFFIKCM,related to,PlayStation Controllers
B00IFFIKCM,related to,Nintendo Controllers
B00IFFIKCM,related to,PC Games
B00IFFIKCM,related to,Xbox Games
B00IFFIKCM,related to,Nintendo Games
B00IFFIKCM,related to,Gaming Headsets
B07BZ8T86W,related to,Xbox
B07BZ8T86W,related to,Xbox Series X
B07BZ8T86W,related to,Xbox Series S
B07BZ8T86W,related to,Xbox One
B07BZ8T86W,related to,PlayStation 5
B07BZ8T86W,related to,PlayStation 4
B07BZ8T86W,related to,Xbox Games
B07BZ8T86W,related to,Xbox Controllers
B07DKZ9K1B,related to,Xbox
B07DKZ9K1B,related to,PlayStation
B07DKZ9K1B,related to,Nintendo
B07DKZ9K1B,related to,Gaming Accessories
B07DKZ9K1B,related to,Games
B07DKZ9K1B,related to,Xbox Series S
B07DKZ9K1B,related to,Xbox One
B07DKZ9K1B,related to,PlayStation 5
B07DKZ9K1B,related to,PlayStation 4
B07DKZ9K1B,related to,PlayStation Vita
B07DKZ9K1B,related to,PC Games
B07DKZ9K1B,related to,Xbox Games
B07DKZ9K1B,related to,PlayStation Games
B07DKZ9K1B,related to,Nintendo Games
B07DKZ9K1B,related to,PlayStation Controllers
B06XGMG7RF,related to,Xbox
B06XGMG7RF,related to,PlayStation
B06XGMG7RF,related to,Nintendo
B06XGMG7RF,related to,Gaming Accessories
B06XGMG7RF,related to,Games
B06XGMG7RF,related to,Xbox Series X
B06XGMG7RF,related to,Xbox Series S
B06XGMG7RF,related to,Xbox One
B06XGMG7RF,related to,PlayStation 5
B06XGMG7RF,related to,PlayStation 4
B06XGMG7RF,related to,PC Games
B06XGMG7RF,related to,Xbox Games
B06XGMG7RF,related to,PlayStation Games
B06XGMG7RF,related to,Xbox Controllers
B000066JRP,related to,Nintendo
B000066JRP,related to,Games
B000066JRP,related to,Nintendo Games
B09PG31Q5Z,related to,Controllers
B09PG31Q5Z,related to,Xbox
B09PG31Q5Z,related to,PlayStation
B09PG31Q5Z,related to,Nintendo
B09PG31Q5Z,related to,Gaming Accessories
B09PG31Q5Z,related to,Games
B09PG31Q5Z,related to,Gaming Peripherals
B09PG31Q5Z,related to,Xbox Controllers
B09PG31Q5Z,related to,PlayStation Controllers
B09PG31Q5Z,related to,Nintendo Controllers
B09PG31Q5Z,related to,Xbox Series X
B09PG31Q5Z,related to,Xbox Series S
B09PG31Q5Z,related to,Xbox One
B09PG31Q5Z,related to,PlayStation 5
B09PG31Q5Z,related to,PlayStation 4
B09PG31Q5Z,related to,PC Games
B09PG31Q5Z,related to,Xbox Games
B09PG31Q5Z,related to,PlayStation Games
B09PG31Q5Z,related to,Nintendo Games
B000P297JS,related to,Xbox
B000P297JS,related to,PlayStation
B000P297JS,related to,Nintendo
B000P297JS,related to,Gaming Peripherals
B000P297JS,related to,Xbox Series X
B000P297JS,related to,Xbox Series S
B000P297JS,related to,Xbox One
B000P297JS,related to,PlayStation 5
B000P297JS,related to,PlayStation 4
B000P297JS,related to,PlayStation Vita
B000P297JS,related to,PC Games
B000P297JS,related to,Xbox Games
B000P297JS,related to,PlayStation Games
B000P297JS,related to,Xbox Controllers
B00L3LQ1FI,related to,Nintendo
B00L3LQ1FI,related to,Games
B00L3LQ1FI,related to,Nintendo Switch
B00L3LQ1FI,related to,Gaming Peripherals
B00L3LQ1FI,related to,Controllers
B00L3LQ1FI,related to,Xbox Games
B00L3LQ1FI,related to,PlayStation Games
B00L3LQ1FI,related to,Nintendo Games
B00L3LQ1FI,related to,Xbox Controllers
B00L3LQ1FI,related to,PlayStation Controllers
B00L3LQ1FI,related to,Nintendo Controllers
B00N48E1H8,related to,Xbox
B00N48E1H8,related to,Gaming Peripherals
B00N48E1H8,related to,Controllers
B00N48E1H8,related to,Gaming Accessories
B00N48E1H8,related to,Games
B00N48E1H8,related to,Xbox Series X
B00N48E1H8,related to,Xbox Series S
B00N48E1H8,related to,Xbox One
B00N48E1H8,related to,Xbox Games
B00N48E1H8,related to,Xbox Controllers
B00N48E1H8,related to,PlayStation Controllers
B00N48E1H8,related to,Nintendo Controllers
B00N48E1H8,related to,PC Games
B00N48E1H8,related to,PlayStation Games
B00N48E1H8,related to,Gaming Headsets
B0062UOBW0,related to,Nintendo
B0062UOBW0,related to,Gaming Peripherals
B0062UOBW0,related to,Gaming Accessories
B0062UOBW0,related to,Games
B0062UOBW0,related to,PC Games
B0062UOBW0,related to,Xbox Games
B0062UOBW0,related to,PlayStation Games
B0062UOBW0,related to,Nintendo Games
B001QCWRY8,related to,Games
B001QCWRY8,related to,Xbox
B001QCWRY8,related to,PlayStation
B001QCWRY8,related to,Xbox Series X
B001QCWRY8,related to,Xbox Series S
B001QCWRY8,related to,Xbox One
B001QCWRY8,related to,PlayStation 5
B001QCWRY8,related to,PlayStation 4
B001QCWRY8,related to,PC Games
B001QCWRY8,related to,Xbox Games
B001QCWRY8,related to,Xbox Controllers
B00006IZKN,related to,Nintendo
B00006IZKN,related to,Games
B00006IZKN,related to,Xbox Games
B00006IZKN,related to,PlayStation Games
B00006IZKN,related to,Nintendo Games
B008KGN9DG,related to,Nintendo
B008KGN9DG,related to,Storage Cases
B008KGN9DG,related to,Gaming Peripherals
B008KGN9DG,related to,Nintendo Games
B008KGN9DG,related to,Switch Cases
B008KGN9DG,related to,Nintendo Controllers
B008KGN9DG,related to,Xbox Controllers
B008KGN9DG,related to,PlayStation Controllers
B08XW8P38B,related to,PlayStation
B08XW8P38B,related to,Nintendo
B08XW8P38B,related to,Gaming Peripherals
B08XW8P38B,related to,Gaming Accessories
B08XW8P38B,related to,Games
B08XW8P38B,related to,Nintendo Switch
B08XW8P38B,related to,Controllers
B08XW8P38B,related to,Xbox One
B08XW8P38B,related to,PlayStation 5
B08XW8P38B,related to,PlayStation 4
B08XW8P38B,related to,PC Games
B08XW8P38B,related to,Xbox Games
B08XW8P38B,related to,PlayStation Games
B08XW8P38B,related to,Nintendo Games
B08XW8P38B,related to,Nintendo Switch Lite
B08XW8P38B,related to,Nintendo 3DS
B08XW8P38B,related to,Switch Cases
B08XW8P38B,related to,Nintendo Controllers
B00006DY18,related to,Games
B00006DY18,related to,PC Games
B00006DY18,related to,Xbox Games
B000CNESHQ,related to,Gaming Peripherals
B000CNESHQ,related to,Gaming Accessories
B000CNESHQ,related to,Nintendo
B000CNESHQ,related to,PC Games
B000CNESHQ,related to,PlayStation Games
B000CNESHQ,related to,Nintendo 3DS
B000CNESHQ,related to,Nintendo Games
B000CNESHQ,related to,Nintendo Controllers
B082VWNV87,related to,PlayStation
B082VWNV87,related to,Nintendo
B082VWNV87,related to,Nintendo Switch
B082VWNV87,related to,PlayStation 5
B082VWNV87,related to,PlayStation 4
B082VWNV87,related to,Nintendo 3DS
B082VWNV87,related to,PlayStation Games
B082VWNV87,related to,Nintendo Games
B00B28GCPG,related to,Games
B00B28GCPG,related to,PC Games
B0192QR94M,related to,PlayStation
B0192QR94M,related to,PlayStation 5
B0192QR94M,related to,PlayStation 4
B0192QR94M,related to,PlayStation Vita
B0192QR94M,related to,PlayStation Games
B0192QR94M,related to,PlayStation Controllers
B001AMO1D4,related to,Games
B001AMO1D4,related to,Xbox
B001AMO1D4,related to,PlayStation
B001AMO1D4,related to,Nintendo
B001AMO1D4,related to,Nintendo Switch
B001AMO1D4,related to,Xbox One
B001AMO1D4,related to,PlayStation 5
B001AMO1D4,related to,PlayStation 4
B001AMO1D4,related to,PlayStation Vita
B001AMO1D4,related to,Nintendo 3DS
B001AMO1D4,related to,Xbox Games
B001AMO1D4,related to,PlayStation Games
B001AMO1D4,related to,Nintendo Games
B001AMO1D4,related to,PlayStation Controllers
B001AMO1D4,related to,Nintendo Controllers
B003B2BJWW,related to,Nintendo
B003B2BJWW,related to,Games
B003B2BJWW,related to,Xbox Series S
B003B2BJWW,related to,Xbox Games
B003B2BJWW,related to,PlayStation Games
B003B2BJWW,related to,Nintendo Games
B07CWGPGHL,related to,Gaming Peripherals
B07CWGPGHL,related to,Gaming Accessories
B07CWGPGHL,related to,Games
B07CWGPGHL,related to,Xbox
B07CWGPGHL,related to,PlayStation
B07CWGPGHL,related to,Nintendo
B07CWGPGHL,related to,PC Games
B07CWGPGHL,related to,Xbox Games
B07CWGPGHL,related to,PlayStation Games
B07CWGPGHL,related to,Xbox Series X
B07CWGPGHL,related to,Xbox Series S
B07CWGPGHL,related to,Xbox One
B07CWGPGHL,related to,PlayStation 5
B07CWGPGHL,related to,PlayStation 4
B07CWGPGHL,related to,Xbox Controllers
B004OL4980,related to,PlayStation
B004OL4980,related to,Xbox Series S
B004OL4980,related to,Xbox One
B004OL4980,related to,PlayStation 5
B004OL4980,related to,PlayStation 4
B004OL4980,related to,PlayStation Vita
B004OL4980,related to,PlayStation Games
B004OL4980,related to,PlayStation Controllers
B0947515J5,related to,Gaming Accessories
B0947515J5,related to,Headsets
B0947515J5,related to,VR Headsets
B0947515J5,related to,Controllers
B0947515J5,related to,Gaming Headsets
B007699C84,related to,PlayStation
B007699C84,related to,Nintendo
B007699C84,related to,Nintendo Switch
B007699C84,related to,Games
B007699C84,related to,PlayStation 5
B007699C84,related to,PlayStation 4
B007699C84,related to,PlayStation Vita
B007699C84,related to,PlayStation Games
B007699C84,related to,PlayStation Controllers
B007699C84,related to,Nintendo Switch Lite
B007699C84,related to,Nintendo 3DS
B007699C84,related to,Xbox Games
B007699C84,related to,Nintendo Games
B007699C84,related to,Nintendo Controllers
B01GLQV8OS,related to,PlayStation
B01GLQV8OS,related to,Controllers
B01GLQV8OS,related to,PlayStation 5
B01GLQV8OS,related to,PlayStation 4
B01GLQV8OS,related to,PlayStation Vita
B01GLQV8OS,related to,PlayStation Games
B01GLQV8OS,related to,Xbox Controllers
B01GLQV8OS,related to,PlayStation Controllers
B01GLQV8OS,related to,Nintendo Controllers
B01GLQV8OS,related to,PC Games
B001EYUND0,related to,PlayStation
B001EYUND0,related to,Nintendo
B001EYUND0,related to,Gaming Accessories
B001EYUND0,related to,Games
B001EYUND0,related to,PlayStation 5
B001EYUND0,related to,PlayStation 4
B001EYUND0,related to,PC Games
B001EYUND0,related to,Xbox Games
B001EYUND0,related to,PlayStation Games
B001EYUND0,related to,Nintendo Games
B00005043P,related to,Games
B00005043P,related to,PlayStation
B00005043P,related to,Nintendo
B00005043P,related to,Nintendo Switch
B00005043P,related to,PlayStation 5
B00005043P,related to,PlayStation 4
B00005043P,related to,PlayStation Vita
B00005043P,related to,Nintendo 3DS
B00005043P,related to,PlayStation Games
B00005043P,related to,Nintendo Games
B00DULUI0S,related to,Nintendo
B00DULUI0S,related to,Nintendo 3DS
B00DULUI0S,related to,Xbox Games
B00DULUI0S,related to,Nintendo Games
B00DULUI0S,related to,Nintendo Controllers
B009JI51GW,related to,Hardware
B009JI51GW,related to,Xbox
B009JI51GW,related to,PlayStation
B009JI51GW,related to,Nintendo
B009JI51GW,related to,Nintendo Switch
B009JI51GW,related to,Gaming Accessories
B009JI51GW,related to,Games
B009JI51GW,related to,Nintendo 3DS
B009JI51GW,related to,Xbox One
B009JI51GW,related to,PlayStation 5
B009JI51GW,related to,PlayStation 4
B009JI51GW,related to,Nintendo Switch Lite
B009JI51GW,related to,PC Games
B009JI51GW,related to,Xbox Games
B009JI51GW,related to,PlayStation Games
B009JI51GW,related to,Nintendo Games
B009JI51GW,related to,Nintendo Controllers
B001G1FLJC,related to,Gaming Peripherals
B001G1FLJC,related to,Gaming Accessories
B001G1FLJC,related to,Games
B001G1FLJC,related to,PC Games
B001G1FLJC,related to,Xbox Games
B001G1FLJC,related to,Nintendo Games
B01GY35E8Y,related to,Xbox
B01GY35E8Y,related to,Xbox Series X
B01GY35E8Y,related to,Xbox Series S
B01GY35E8Y,related to,Xbox One
B01GY35E8Y,related to,Xbox Games
B01GY35E8Y,related to,Xbox Controllers
B09KBYSSGM,related to,Nintendo
B09KBYSSGM,related to,Nintendo Switch
B09KBYSSGM,related to,Nintendo 3DS
B09KBYSSGM,related to,Xbox Games
B09KBYSSGM,related to,Nintendo Games
B09KBYSSGM,related to,Nintendo Controllers
B00FYJ0I6S,related to,Xbox
B00FYJ0I6S,related to,PlayStation
B00FYJ0I6S,related to,Games
B00FYJ0I6S,related to,Xbox Series X
B00FYJ0I6S,related to,Xbox Series S
B00FYJ0I6S,related to,Xbox One
B00FYJ0I6S,related to,PlayStation 5
B00FYJ0I6S,related to,PlayStation 4
B00FYJ0I6S,related to,PC Games
B00FYJ0I6S,related to,Xbox Games
B00FYJ0I6S,related to,PlayStation Games
B00FYJ0I6S,related to,Xbox Controllers
B00006HCHF,related to,Games
B00006HCHF,related to,PC Games
B01ACVA49I,related to,Gaming Peripherals
B01ACVA49I,related to,Gaming Accessories
B01ACVA49I,related to,Games
B01ACVA49I,related to,Nintendo
B01ACVA49I,related to,Nintendo Switch
B01ACVA49I,related to,PC Games
B01ACVA49I,related to,Xbox Games
B01ACVA49I,related to,PlayStation Games
B01ACVA49I,related to,Nintendo Games
B01ACVA49I,related to,Gaming Headsets
B01ACVA49I,related to,Nintendo 3DS
B01ACVA49I,related to,Nintendo Controllers
B07S39FP2R,related to,Storage Cases
B07S39FP2R,related to,Xbox
B07S39FP2R,related to,PlayStation
B07S39FP2R,related to,Xbox One
B07S39FP2R,related to,PlayStation 5
B07S39FP2R,related to,PlayStation 4
B07S39FP2R,related to,PlayStation Vita
B07S39FP2R,related to,Xbox Games
B07S39FP2R,related to,PlayStation Games
B07S39FP2R,related to,PlayStation Controllers
B000EGELP0,related to,PlayStation
B000EGELP0,related to,Nintendo
B000EGELP0,related to,Nintendo Switch
B000EGELP0,related to,Xbox Series S
B000EGELP0,related to,PlayStation 5
B000EGELP0,related to,PlayStation 4
B000EGELP0,related to,Nintendo 3DS
B000EGELP0,related to,Xbox Games
B000EGELP0,related to,PlayStation Games
B000EGELP0,related to,Nintendo Games
B000EGELP0,related to,Nintendo Controllers
B00005QIRA,related to,Nintendo
B00005QIRA,related to,Nintendo Switch
B00005QIRA,related to,Nintendo Games
B00005QIRA,related to,Nintendo Switch Lite
B00005QIRA,related to,Nintendo Controllers
B0014CWZ7O,related to,PlayStation
B0014CWZ7O,related to,Nintendo
B0014CWZ7O,related to,Nintendo Switch
B0014CWZ7O,related to,Games
B0014CWZ7O,related to,PlayStation 5
B0014CWZ7O,related to,PlayStation 4
B0014CWZ7O,related to,Nintendo 3DS
B0014CWZ7O,related to,PC Games
B0014CWZ7O,related to,Xbox Games
B0014CWZ7O,related to,PlayStation Games
B0014CWZ7O,related to,Nintendo Games
B0014CWZ7O,related to,PlayStation Controllers
B0014CWZ7O,related to,Nintendo Controllers
B00CES8GAM,related to,PlayStation
B00CES8GAM,related to,Nintendo
B00CES8GAM,related to,Games
B00CES8GAM,related to,PlayStation 5
B00CES8GAM,related to,PlayStation 4
B00CES8GAM,related to,PlayStation Vita
B00CES8GAM,related to,PlayStation Games
B00CES8GAM,related to,PlayStation Controllers
B00CES8GAM,related to,PC Games
B00CES8GAM,related to,Xbox Games
B00CES8GAM,related to,Nintendo Games
B08N5M7H4X,related to,Nintendo Switch
B08N5M7H4X,related to,Nintendo
B08N5M7H4X,related to,Nintendo Switch Lite
B08N5M7H4X,related to,Switch Cases
B08N5M7H4X,related to,Nintendo 3DS
B08N5M7H4X,related to,Nintendo Games
B08N5M7H4X,related to,Nintendo Controllers
B087SLTR2B,related to,Xbox
B087SLTR2B,related to,Xbox Series X
B087SLTR2B,related to,Xbox Series S
B087SLTR2B,related to,Xbox One
B087SLTR2B,related to,PlayStation 5
B087SLTR2B,related to,PlayStation 4
B087SLTR2B,related to,Xbox Games
B087SLTR2B,related to,Xbox Controllers
B00HE0UGTE,related to,Gaming Accessories
B00HE0UGTE,related to,Controllers
B00HE0UGTE,related to,Gaming Peripherals
B00HE0UGTE,related to,Xbox
B00HE0UGTE,related to,PlayStation
B00HE0UGTE,related to,Xbox Controllers
B00HE0UGTE,related to,PlayStation Controllers
B00HE0UGTE,related to,Nintendo Controllers
B00HE0UGTE,related to,PC Games
B00HE0UGTE,related to,Xbox One
B00HE0UGTE,related to,PlayStation 5
B00HE0UGTE,related to,PlayStation 4
B00HE0UGTE,related to,PlayStation Vita
B00HE0UGTE,related to,PlayStation Games
9882155456,related to,Nintendo
9882155456,related to,Nintendo Games
B01C48EA1A,related to,PlayStation
B01C48EA1A,related to,Nintendo
B01C48EA1A,related to,Gaming Accessories
B01C48EA1A,related to,Games
B01C48EA1A,related to,Xbox
B01C48EA1A,related to,PlayStation 5
B01C48EA1A,related to,PlayStation 4
B01C48EA1A,related to,PC Games
B01C48EA1A,related to,Xbox Games
B01C48EA1A,related to,PlayStation Games
B01C48EA1A,related to,Nintendo Games
B01C48EA1A,related to,Xbox One
B01C48EA1A,related to,PlayStation Vita
B01C48EA1A,related to,PlayStation Controllers
B00JF6E06A,related to,Gaming Peripherals
B00JF6E06A,related to,Gaming Accessories
B00JF6E06A,related to,Games
B00JF6E06A,related to,PC Games
B00JF6E06A,related to,Xbox Games
B00JF6E06A,related to,PlayStation Games
B00JF6E06A,related to,Nintendo Games
B00JF6E06A,related to,Gaming Headsets
B0819B8D2Y,related to,Xbox
B0819B8D2Y,related to,PlayStation
B0819B8D2Y,related to,Xbox Series X
B0819B8D2Y,related to,Xbox Series S
B0819B8D2Y,related to,Xbox One
B0819B8D2Y,related to,PlayStation 5
B0819B8D2Y,related to,PlayStation 4
B0819B8D2Y,related to,PC Games
B0819B8D2Y,related to,Xbox Games
B0819B8D2Y,related to,PlayStation Games
B0819B8D2Y,related to,Xbox Controllers
B094WQR3H3,related to,Xbox
B094WQR3H3,related to,PlayStation
B094WQR3H3,related to,Xbox Series X
B094WQR3H3,related to,Xbox Series S
B094WQR3H3,related to,Xbox One
B094WQR3H3,related to,PlayStation 5
B094WQR3H3,related to,PlayStation 4
B094WQR3H3,related to,PC Games
B094WQR3H3,related to,Xbox Games
B094WQR3H3,related to,PlayStation Games
B094WQR3H3,related to,Xbox Controllers
B07DJKJZWW,related to,PlayStation
B07DJKJZWW,related to,PlayStation 5
B07DJKJZWW,related to,PlayStation 4
B07DJKJZWW,related to,PlayStation Vita
B07DJKJZWW,related to,PlayStation Games
B07DJKJZWW,related to,PlayStation Controllers
B004EBMFVS,related to,Xbox
B004EBMFVS,related to,PlayStation
B004EBMFVS,related to,Nintendo
B004EBMFVS,related to,Nintendo Switch
B004EBMFVS,related to,Gaming Accessories
B004EBMFVS,related to,Games
B004EBMFVS,related to,PlayStation 5
B004EBMFVS,related to,PlayStation 4
B004EBMFVS,related to,Nintendo 3DS
B004EBMFVS,related to,PlayStation Games
B004EBMFVS,related to,Nintendo Games
B004EBMFVS,related to,PC Games
B004EBMFVS,related to,Xbox Games
B07H9NDGNL,related to,Games
B00FR7U15U,related to,Xbox
B00FR7U15U,related to,PlayStation
B00FR7U15U,related to,Nintendo
B00FR7U15U,related to,Gaming Peripherals
B00FR7U15U,related to,Gaming Accessories
B00FR7U15U,related to,Games
B00FR7U15U,related to,Xbox One
B00FR7U15U,related to,PlayStation 5
B00FR7U15U,related to,PlayStation 4
B00FR7U15U,related to,PC Games
B00FR7U15U,related to,Xbox Games
B00FR7U15U,related to,PlayStation Games
B00FR7U15U,related to,Nintendo Games
B01N982IWA,related to,Xbox
B01N982IWA,related to,Xbox Series X
B01N982IWA,related to,Xbox Series S
B01N982IWA,related to,Xbox One
B01N982IWA,related to,PC Games
B01N982IWA,related to,Xbox Games
B01N982IWA,related to,Xbox Controllers
B000G5R8JA,related to,Xbox
B000G5R8JA,related to,Games
B000G5R8JA,related to,Nintendo Games
B000G5R8JA,related to,PC Games
B000G5R8JA,related to,Xbox Games
B000G5R8JA,related to,PlayStation Games
B000G5R8JA,related to,Xbox Series X
B000G5R8JA,related to,Xbox Series S
B000G5R8JA,related to,Xbox One
B000G5R8JA,related to,PlayStation 5
B000G5R8JA,related to,PlayStation 4
B00N1RVYPE,related to,PlayStation
B00N1RVYPE,related to,PlayStation 5
B00N1RVYPE,related to,PlayStation 4
B00N1RVYPE,related to,PlayStation Games
B00N1RVYPE,related to,PlayStation Controllers
B005FSHPVO,related to,Nintendo
B005FSHPVO,related to,Games
B005FSHPVO,related to,PC Games
B005FSHPVO,related to,Xbox Games
B005FSHPVO,related to,PlayStation Games
B005FSHPVO,related to,Nintendo Games
B001E8WQF4,related to,PlayStation
B001E8WQF4,related to,Nintendo
B001E8WQF4,related to,Nintendo Switch
B001E8WQF4,related to,Games
B001E8WQF4,related to,Xbox Series S
B001E8WQF4,related to,PlayStation 5
B001E8WQF4,related to,PlayStation 4
B001E8WQF4,related to,Nintendo 3DS
B001E8WQF4,related to,Xbox Games
B001E8WQF4,related to,PlayStation Games
B001E8WQF4,related to,Nintendo Games
B001E8WQF4,related to,Nintendo Controllers
B001E8WQF4,related to,PC Games
B001CRQY1E,related to,PlayStation
B001CRQY1E,related to,PlayStation 5
B001CRQY1E,related to,PlayStation 4
B001CRQY1E,related to,PlayStation Vita
B001CRQY1E,related to,PlayStation Games
B001CRQY1E,related to,PlayStation Controllers
B00K01ZU18,related to,Games
B00K01ZU18,related to,Xbox
B00K01ZU18,related to,PlayStation
B00K01ZU18,related to,Xbox Series X
B00K01ZU18,related to,Xbox Series S
B00K01ZU18,related to,Xbox One
B00K01ZU18,related to,PlayStation 5
B00K01ZU18,related to,PlayStation 4
B00K01ZU18,related to,Xbox Games
B00K01ZU18,related to,Xbox Controllers
B00006F7RJ,related to,Games
B00006F7RJ,related to,PC Games
B0079V4GK8,related to,PlayStation
B0079V4GK8,related to,Nintendo
B0079V4GK8,related to,Gaming Accessories
B0079V4GK8,related to,Games
B0079V4GK8,related to,PlayStation 5
B0079V4GK8,related to,PlayStation 4
B0079V4GK8,related to,PC Games
B0079V4GK8,related to,Xbox Games
B0079V4GK8,related to,PlayStation Games
B0079V4GK8,related to,Nintendo Games
B00D6UTU52,related to,Games
B00D6UTU52,related to,PC Games
B00000JRT2,related to,PlayStation
B00000JRT2,related to,PlayStation 5
B00000JRT2,related to,PlayStation 4
B00000JRT2,related to,PlayStation Vita
B00000JRT2,related to,PlayStation Games
B00000JRT2,related to,PlayStation Controllers
B07YQQL7G5,related to,Xbox
B07YQQL7G5,related to,PlayStation
B07YQQL7G5,related to,Games
B07YQQL7G5,related to,Controllers
B07YQQL7G5,related to,Xbox Series X
B07YQQL7G5,related to,Xbox Series S
B07YQQL7G5,related to,Xbox One
B07YQQL7G5,related to,PlayStation 5
B07YQQL7G5,related to,PlayStation 4
B07YQQL7G5,related to,PlayStation Vita
B07YQQL7G5,related to,PC Games
B07YQQL7G5,related to,Xbox Games
B07YQQL7G5,related to,PlayStation Games
B07YQQL7G5,related to,PlayStation Controllers
B001EYUW5Y,related to,Games
B0025ZRHTA,related to,PlayStation
B0025ZRHTA,related to,PlayStation 5
B0025ZRHTA,related to,PlayStation 4
B0025ZRHTA,related to,PlayStation Vita
B0025ZRHTA,related to,PlayStation Games
B0025ZRHTA,related to,PlayStation Controllers
B004VQDA06,related to,Games
B004VQDA06,related to,PlayStation
B004VQDA06,related to,PlayStation 5
B004VQDA06,related to,PlayStation 4
B004VQDA06,related to,PlayStation Vita
B004VQDA06,related to,PlayStation Games
B004VQDA06,related to,PlayStation Controllers
B00PXLNYF4,related to,Storage Cases
B00PXLNYF4,related to,Nintendo
B00PXLNYF4,related to,Nintendo Switch
B00PXLNYF4,related to,Nintendo 3DS
B00PXLNYF4,related to,Nintendo Games
B00PXLNYF4,related to,Nintendo Controllers
B017Y97NHM,related to,Xbox
B017Y97NHM,related to,PlayStation
B017Y97NHM,related to,Xbox One
B017Y97NHM,related to,PlayStation 5
B017Y97NHM,related to,PlayStation 4
B017Y97NHM,related to,PlayStation Vita
B017Y97NHM,related to,PlayStation Games
B017Y97NHM,related to,PlayStation Controllers
B07G7YP27Q,related to,Xbox
B07G7YP27Q,related to,PlayStation
B07G7YP27Q,related to,Games
B07G7YP27Q,related to,Xbox Series X
B07G7YP27Q,related to,Xbox Series S
B07G7YP27Q,related to,Xbox One
B07G7YP27Q,related to,PlayStation 5
B07G7YP27Q,related to,PlayStation 4
B07G7YP27Q,related to,PlayStation Vita
B07G7YP27Q,related to,PC Games
B07G7YP27Q,related to,Xbox Games
B07G7YP27Q,related to,PlayStation Games
B07G7YP27Q,related to,PlayStation Controllers
B00AEL9M1S,related to,Gaming Accessories
B00AEL9M1S,related to,Games
B00AEL9M1S,related to,PC Games
B08HP4PQ8P,related to,Games
B005JQNEDK,related to,Nintendo
B005JQNEDK,related to,Games
B005JQNEDK,related to,Xbox
B005JQNEDK,related to,PlayStation
B005JQNEDK,related to,Gaming Peripherals
B005JQNEDK,related to,PC Games
B005JQNEDK,related to,Xbox Games
B005JQNEDK,related to,PlayStation Games
B005JQNEDK,related to,Nintendo Games
B005JQNEDK,related to,Xbox Series X
B005JQNEDK,related to,Xbox Series S
B005JQNEDK,related to,Xbox One
B005JQNEDK,related to,PlayStation 5
B005JQNEDK,related to,PlayStation 4
B005JQNEDK,related to,PlayStation Vita
B005JQNEDK,related to,Xbox Controllers
B0C3QFBBH5,related to,Headsets
B0C3QFBBH5,related to,VR Headsets
B0C3QFBBH5,related to,Gaming Headsets
B001ELJPJ6,related to,Xbox
B001ELJPJ6,related to,PlayStation
B001ELJPJ6,related to,Games
B001ELJPJ6,related to,Xbox One
B001ELJPJ6,related to,PlayStation 5
B001ELJPJ6,related to,PlayStation 4
B001ELJPJ6,related to,PlayStation Vita
B001ELJPJ6,related to,PC Games
B001ELJPJ6,related to,Xbox Games
B001ELJPJ6,related to,PlayStation Games
B001ELJPJ6,related to,PlayStation Controllers
B01307Q6ZC,related to,Nintendo
B01307Q6ZC,related to,Nintendo Switch
B01307Q6ZC,related to,Nintendo 3DS
B01307Q6ZC,related to,Nintendo Games
B01307Q6ZC,related to,Nintendo Controllers
B08LVP5GMN,related to,Gaming Peripherals
B08LVP5GMN,related to,Gaming Accessories
B08LVP5GMN,related to,PC Games
B00000K3X9,related to,Gaming Peripherals
B00000K3X9,related to,Gaming Accessories
B00000K3X9,related to,Games
B00000K3X9,related to,PC Games
B00000K3X9,related to,Xbox Games
B00000K3X9,related to,Nintendo Games
B07D2D4T1P,related to,Nintendo
B07D2D4T1P,related to,Nintendo Switch
B07D2D4T1P,related to,Storage Cases
B07D2D4T1P,related to,Nintendo Switch Lite
B07D2D4T1P,related to,Nintendo 3DS
B07D2D4T1P,related to,Nintendo Games
B07D2D4T1P,related to,Switch Cases
B07D2D4T1P,related to,Nintendo Controllers
B01I4FGW5O,related to,Nintendo 3DS
B00OC9Y89E,related to,Gaming Peripherals
B00OC9Y89E,related to,Gaming Accessories
B00OC9Y89E,related to,Games
B00OC9Y89E,related to,PC Games
B00OC9Y89E,related to,Xbox Games
B00OC9Y89E,related to,PlayStation Games
B00OC9Y89E,related to,Nintendo Games
B00OC9Y89E,related to,Gaming Headsets
B07L3D7C21,related to,Nintendo Switch
B07L3D7C21,related to,Gaming Peripherals
B07L3D7C21,related to,Gaming Accessories
B07L3D7C21,related to,Nintendo
B07L3D7C21,related to,PlayStation
B07L3D7C21,related to,Games
B07L3D7C21,related to,Nintendo Switch Lite
B07L3D7C21,related to,Nintendo 3DS
B07L3D7C21,related to,Nintendo Games
B07L3D7C21,related to,Nintendo Controllers
B07L3D7C21,related to,PlayStation 5
B07L3D7C21,related to,PlayStation 4
B07L3D7C21,related to,PlayStation Vita
B07L3D7C21,related to,PC Games
B07L3D7C21,related to,Xbox Games
B07L3D7C21,related to,PlayStation Games
B001EYUREU,related to,PlayStation
B001EYUREU,related to,Nintendo
B001EYUREU,related to,Gaming Accessories
B001EYUREU,related to,Games
B001EYUREU,related to,Xbox
B001EYUREU,related to,PlayStation 5
B001EYUREU,related to,PlayStation 4
B001EYUREU,related to,PC Games
B001EYUREU,related to,Xbox Games
B001EYUREU,related to,PlayStation Games
B001EYUREU,related to,Nintendo Games
B001EYUREU,related to,Xbox Series X
B001EYUREU,related to,Xbox Series S
B001EYUREU,related to,Xbox One
B001EYUREU,related to,PlayStation Vita
B001EYUREU,related to,Xbox Controllers
B00001XDTK,related to,Gaming Peripherals
B00001XDTK,related to,Gaming Accessories
B00001XDTK,related to,Games
B00001XDTK,related to,PC Games
B00001XDTK,related to,Xbox Games
B00001XDTK,related to,PlayStation Games
B00001XDTK,related to,Nintendo Games
B000P46NK2,related to,Nintendo
B000P46NK2,related to,Games
B000P46NK2,related to,Xbox Series S
B000P46NK2,related to,Xbox Games
B000P46NK2,related to,PlayStation Games
B000P46NK2,related to,Nintendo Games
B000035XPM,related to,Nintendo
B000035XPM,related to,Games
B000035XPM,related to,PC Games
B000035XPM,related to,Xbox Games
B000035XPM,related to,PlayStation Games
B000035XPM,related to,Nintendo Games
B0919YGBQ7,related to,Nintendo Switch
B0919YGBQ7,related to,Nintendo
B0919YGBQ7,related to,Nintendo Switch Lite
B0919YGBQ7,related to,Nintendo 3DS
B0919YGBQ7,related to,Nintendo Games
B0919YGBQ7,related to,Nintendo Controllers
B00002SVWA,related to,Games
B08P1D3RBM,related to,Xbox
B08P1D3RBM,related to,PlayStation
B08P1D3RBM,related to,Nintendo
B08P1D3RBM,related to,Gaming Peripherals
B08P1D3RBM,related to,Gaming Accessories
B08P1D3RBM,related to,Games
B08P1D3RBM,related to,Xbox One
B08P1D3RBM,related to,PlayStation 5
B08P1D3RBM,related to,PlayStation 4
B08P1D3RBM,related to,PC Games
B08P1D3RBM,related to,Xbox Games
B08P1D3RBM,related to,PlayStation Games
B08P1D3RBM,related to,Nintendo Games
B08P1D3RBM,related to,Xbox Series S
B08P1D3RBM,related to,PlayStation Vita
B08P1D3RBM,related to,PlayStation Controllers
B000A2KF3K,related to,PC Games
B072JZZ4XD,related to,Xbox
B072JZZ4XD,related to,PlayStation
B072JZZ4XD,related to,Games
B072JZZ4XD,related to,Xbox One
B072JZZ4XD,related to,PlayStation 5
B072JZZ4XD,related to,PlayStation 4
B072JZZ4XD,related to,PlayStation Vita
B072JZZ4XD,related to,PlayStation Games
B072JZZ4XD,related to,PC Games
B00KCCNMYW,related to,Nintendo
B00KCCNMYW,related to,Games
B073XJX6GW,related to,Xbox
B073XJX6GW,related to,PlayStation
B073XJX6GW,related to,Xbox One
B073XJX6GW,related to,PlayStation 5
B073XJX6GW,related to,PlayStation 4
B073XJX6GW,related to,PlayStation Vita
B073XJX6GW,related to,PlayStation Games
B073XJX6GW,related to,PlayStation Controllers
B071GPJ9TV,related to,Gaming Accessories
B071GPJ9TV,related to,Games
B071GPJ9TV,related to,Nintendo
B071GPJ9TV,related to,Nintendo Switch
B071GPJ9TV,related to,PC Games
B071GPJ9TV,related to,Xbox Games
B071GPJ9TV,related to,PlayStation Games
B071GPJ9TV,related to,Nintendo Games
B071GPJ9TV,related to,PlayStation 4
B071GPJ9TV,related to,Nintendo 3DS
B071GPJ9TV,related to,Nintendo Controllers
B0009H7UIY,related to,PlayStation
B0009H7UIY,related to,Nintendo
B0009H7UIY,related to,Gaming Accessories
B0009H7UIY,related to,Games
B0009H7UIY,related to,PlayStation 5
B0009H7UIY,related to,PlayStation 4
B0009H7UIY,related to,PC Games
B0009H7UIY,related to,Xbox Games
B0009H7UIY,related to,PlayStation Games
B0009H7UIY,related to,Nintendo Games
B00004SVRJ,related to,Hardware
B00004SVRJ,related to,PlayStation
B00004SVRJ,related to,Nintendo
B00004SVRJ,related to,Nintendo Switch
B00004SVRJ,related to,Gaming Peripherals
B00004SVRJ,related to,Games
B00004SVRJ,related to,PlayStation 5
B00004SVRJ,related to,PlayStation 4
B00004SVRJ,related to,PlayStation Vita
B00004SVRJ,related to,Nintendo 3DS
B00004SVRJ,related to,Xbox Games
B00004SVRJ,related to,PlayStation Games
B00004SVRJ,related to,Nintendo Games
B00004SVRJ,related to,PlayStation Controllers
B00004SVRJ,related to,Nintendo Controllers
B00002SUKD,related to,Gaming Accessories
B00002SUKD,related to,Games
B00002SUKD,related to,PC Games
B00002SUKD,related to,Xbox Games
B00002SUKD,related to,PlayStation Games
B00002SUKD,related to,Nintendo Games
B002HEIDWO,related to,Games
B002HEIDWO,related to,Controllers
B002HEIDWO,related to,PC Games
B002HEIDWO,related to,Nintendo Games
B002HEIDWO,related to,Xbox Controllers
B002HEIDWO,related to,PlayStation Controllers
B002HEIDWO,related to,Nintendo Controllers
B00267S7XW,related to,Xbox
B00267S7XW,related to,PlayStation
B00267S7XW,related to,Nintendo
B00267S7XW,related to,Games
B00267S7XW,related to,Xbox Series X
B00267S7XW,related to,Xbox Series S
B00267S7XW,related to,Xbox One
B00267S7XW,related to,PlayStation 5
B00267S7XW,related to,PlayStation 4
B00267S7XW,related to,PlayStation Vita
B00267S7XW,related to,Nintendo 3DS
B00267S7XW,related to,PC Games
B00267S7XW,related to,Xbox Games
B00267S7XW,related to,PlayStation Games
B00267S7XW,related to,PlayStation Controllers
B091LHF59G,related to,Games
B091LHF59G,related to,Xbox
B091LHF59G,related to,PlayStation
B091LHF59G,related to,Nintendo
B091LHF59G,related to,Gaming Accessories
B091LHF59G,related to,Nintendo 3DS
B091LHF59G,related to,PC Games
B091LHF59G,related to,Xbox Games
B091LHF59G,related to,PlayStation Games
B091LHF59G,related to,Nintendo Games
B091LHF59G,related to,Xbox Series S
B091LHF59G,related to,Xbox One
B091LHF59G,related to,PlayStation 5
B091LHF59G,related to,PlayStation 4
B091LHF59G,related to,PlayStation Vita
B091LHF59G,related to,PlayStation Controllers
B00LJPKRW6,related to,PlayStation
B00LJPKRW6,related to,Xbox One
B00LJPKRW6,related to,PlayStation 5
B00LJPKRW6,related to,PlayStation 4
B00LJPKRW6,related to,PlayStation Vita
B00LJPKRW6,related to,PlayStation Games
B00LJPKRW6,related to,PlayStation Controllers
B001E56K5Y,related to,Games
B001E56K5Y,related to,Nintendo Games
B0072B39BM,related to,Gaming Peripherals
B0072B39BM,related to,Gaming Accessories
B0072B39BM,related to,Nintendo
B0072B39BM,related to,Nintendo Switch
B0072B39BM,related to,Games
B0072B39BM,related to,Nintendo 3DS
B0072B39BM,related to,PlayStation 5
B0072B39BM,related to,Nintendo Switch Lite
B0072B39BM,related to,Xbox Games
B0072B39BM,related to,PlayStation Games
B0072B39BM,related to,Nintendo Games
B0072B39BM,related to,Nintendo Controllers
B07X4F9B2L,related to,Hardware
B07X4F9B2L,related to,Xbox
B07X4F9B2L,related to,PlayStation
B07X4F9B2L,related to,Nintendo
B07X4F9B2L,related to,Nintendo Switch
B07X4F9B2L,related to,Gaming Accessories
B07X4F9B2L,related to,Games
B07X4F9B2L,related to,Nintendo Switch Lite
B07X4F9B2L,related to,Xbox One
B07X4F9B2L,related to,PlayStation 5
B07X4F9B2L,related to,PlayStation 4
B07X4F9B2L,related to,Nintendo 3DS
B07X4F9B2L,related to,PC Games
B07X4F9B2L,related to,Xbox Games
B07X4F9B2L,related to,PlayStation Games
B07X4F9B2L,related to,Nintendo Games
B07X4F9B2L,related to,Nintendo Controllers
B07NKFR9M4,related to,Storage Cases
B07NKFR9M4,related to,Nintendo
B07NKFR9M4,related to,Nintendo Switch
B07NKFR9M4,related to,Nintendo 3DS
B07NKFR9M4,related to,Nintendo Games
B07NKFR9M4,related to,Nintendo Controllers
B09WL5QLJF,related to,Hardware
B09WL5QLJF,related to,Gaming Peripherals
B09WL5QLJF,related to,Gaming Accessories
B09WL5QLJF,related to,PC Games
B089319V5V,related to,Gaming Peripherals
B089319V5V,related to,Gaming Accessories
B0818PML3F,related to,Controllers
B0818PML3F,related to,Gaming Peripherals
B0818PML3F,related to,Gaming Accessories
B0818PML3F,related to,Games
B0818PML3F,related to,Xbox Controllers
B0818PML3F,related to,PlayStation Controllers
B0818PML3F,related to,Nintendo Controllers
B0818PML3F,related to,PC Games
B0818PML3F,related to,Xbox Games
B0818PML3F,related to,PlayStation Games
B0818PML3F,related to,Nintendo Games
B0BN7JFL22,related to,Gaming Peripherals
B0BN7JFL22,related to,Gaming Accessories
B0BN7JFL22,related to,Games
B0BN7JFL22,related to,PC Games
B0BN7JFL22,related to,Xbox Games
B0BN7JFL22,related to,PlayStation Games
B0BN7JFL22,related to,Nintendo Games
B0BN7JFL22,related to,Gaming Headsets
B082RM8VLX,related to,Headsets
B082RM8VLX,related to,VR Headsets
B082RM8VLX,related to,Xbox
B082RM8VLX,related to,Gaming Peripherals
B082RM8VLX,related to,Controllers
B082RM8VLX,related to,Gaming Headsets
B082RM8VLX,related to,Xbox Series X
B082RM8VLX,related to,Xbox Series S
B082RM8VLX,related to,Xbox One
B082RM8VLX,related to,Xbox Games
B082RM8VLX,related to,Xbox Controllers
B082RM8VLX,related to,PlayStation Controllers
B082RM8VLX,related to,Nintendo Controllers
B07VB8HLSB,related to,Hardware
B07VB8HLSB,related to,Xbox
B07VB8HLSB,related to,PlayStation
B07VB8HLSB,related to,Nintendo
B07VB8HLSB,related to,Gaming Peripherals
B07VB8HLSB,related to,Gaming Accessories
B07VB8HLSB,related to,Games
B07VB8HLSB,related to,Headsets
B07VB8HLSB,related to,VR Headsets
B07VB8HLSB,related to,Xbox One
B07VB8HLSB,related to,PlayStation 5
B07VB8HLSB,related to,PlayStation 4
B07VB8HLSB,related to,PC Games
B07VB8HLSB,related to,Xbox Games
B07VB8HLSB,related to,PlayStation Games
B07VB8HLSB,related to,Nintendo Games
B07VB8HLSB,related to,Gaming Headsets
B00O50H7HK,related to,Storage Cases
B00O50H7HK,related to,PlayStation
B00O50H7HK,related to,Nintendo
B00O50H7HK,related to,Gaming Accessories
B00O50H7HK,related to,Games
B00O50H7HK,related to,PC Games
B00O50H7HK,related to,Xbox Games
B00O50H7HK,related to,PlayStation Games
B00O50H7HK,related to,Nintendo Games
B07PZTWLBW,related to,Xbox
B07PZTWLBW,related to,PlayStation
B07PZTWLBW,related to,Nintendo
B07PZTWLBW,related to,Nintendo Switch
B07PZTWLBW,related to,Xbox One
B07PZTWLBW,related to,PlayStation 5
B07PZTWLBW,related to,PlayStation 4
B07PZTWLBW,related to,PlayStation Vita
B07PZTWLBW,related to,Nintendo 3DS
B07PZTWLBW,related to,Xbox Games
B07PZTWLBW,related to,PlayStation Games
B07PZTWLBW,related to,Nintendo Games
B07PZTWLBW,related to,Xbox Controllers
B07PZTWLBW,related to,PlayStation Controllers
B07PZTWLBW,related to,Nintendo Controllers
B09KWYMQ8K,related to,Games
B09KWYMQ8K,related to,PC Games
B005OCX22C,related to,Hardware
B005OCX22C,related to,Games
B071XTYC3V,related to,PlayStation
B071XTYC3V,related to,Gaming Accessories
B071XTYC3V,related to,Games
B071XTYC3V,related to,Xbox One
B071XTYC3V,related to,PlayStation 5
B071XTYC3V,related to,PlayStation 4
B071XTYC3V,related to,PlayStation Vita
B071XTYC3V,related to,PlayStation Games
B071XTYC3V,related to,PlayStation Controllers
B071XTYC3V,related to,PC Games
B071XTYC3V,related to,Xbox Games
B071XTYC3V,related to,Nintendo Games
B00004U4R8,related to,Xbox
B00004U4R8,related to,PlayStation
B00004U4R8,related to,Nintendo
B00004U4R8,related to,Gaming Peripherals
B00004U4R8,related to,Gaming Accessories
B00004U4R8,related to,Games
B00004U4R8,related to,Xbox Series S
B00004U4R8,related to,Xbox One
B00004U4R8,related to,PlayStation 5
B00004U4R8,related to,PlayStation 4
B00004U4R8,related to,PlayStation Vita
B00004U4R8,related to,PC Games
B00004U4R8,related to,Xbox Games
B00004U4R8,related to,PlayStation Games
B00004U4R8,related to,Nintendo Games
B00004U4R8,related to,Xbox Controllers
B00004U4R8,related to,PlayStation Controllers
B00004U4R8,related to,Nintendo Controllers
B00AG361X6,related to,Xbox
B00AG361X6,related to,PlayStation
B00AG361X6,related to,Xbox One
B00AG361X6,related to,PlayStation 5
B00AG361X6,related to,PlayStation 4
B00AG361X6,related to,PlayStation Vita
B00AG361X6,related to,PlayStation Games
B00AG361X6,related to,PlayStation Controllers
B00AG361X6,related to,Xbox Games
B08FC5R4KV,related to,PlayStation
B08FC5R4KV,related to,PlayStation 5
B08FC5R4KV,related to,PlayStation 4
B08FC5R4KV,related to,PlayStation Vita
B08FC5R4KV,related to,PlayStation Games
B08FC5R4KV,related to,PlayStation Controllers
B0B9QPRYSL,related to,Nintendo
B0B9QPRYSL,related to,Games
B0B9QPRYSL,related to,PC Games
B0B9QPRYSL,related to,Xbox Games
B0B9QPRYSL,related to,PlayStation Games
B0B9QPRYSL,related to,Nintendo Games
B007VM72BA,related to,Games
B007VM72BA,related to,PC Games
B000X2RKOO,related to,Nintendo
B000X2RKOO,related to,Nintendo 3DS
B000X2RKOO,related to,Nintendo Games
B000X2RKOO,related to,Nintendo Controllers
B0BW9BZ345,related to,Gaming Peripherals
B0BW9BZ345,related to,Gaming Accessories
B0BW9BZ345,related to,Games
B0BW9BZ345,related to,PC Games
B0BW9BZ345,related to,Xbox Games
B0BW9BZ345,related to,PlayStation Games
B0BW9BZ345,related to,Nintendo Games
B0BW9BZ345,related to,Gaming Headsets
B00DBRNRPE,related to,Gaming Peripherals
B00DBRNRPE,related to,Gaming Accessories
B00DBRNRPE,related to,Games
B00DBRNRPE,related to,PC Games
B00DBRNRPE,related to,Xbox Games
B00DBRNRPE,related to,PlayStation Games
B00DBRNRPE,related to,Nintendo Games
B00DBRNRPE,related to,Gaming Headsets
B07MCJ6HNK,related to,Nintendo
B07MCJ6HNK,related to,Gaming Accessories
B07MCJ6HNK,related to,Games
B07MCJ6HNK,related to,PC Games
B07MCJ6HNK,related to,Xbox Games
B07MCJ6HNK,related to,PlayStation Games
B07MCJ6HNK,related to,Nintendo Games
B07F83P199,related to,PlayStation
B07F83P199,related to,PlayStation 5
B07F83P199,related to,PlayStation 4
B07F83P199,related to,PlayStation Vita
B07F83P199,related to,PlayStation Games
B07F83P199,related to,PlayStation Controllers
B000U34SYQ,related to,PlayStation
B000U34SYQ,related to,Nintendo
B000U34SYQ,related to,Nintendo Switch
B000U34SYQ,related to,Games
B000U34SYQ,related to,PlayStation 5
B000U34SYQ,related to,PlayStation 4
B000U34SYQ,related to,Nintendo 3DS
B000U34SYQ,related to,PC Games
B000U34SYQ,related to,Xbox Games
B000U34SYQ,related to,PlayStation Games
B000U34SYQ,related to,Nintendo Games
B000U34SYQ,related to,PlayStation Controllers
B000U34SYQ,related to,Nintendo Controllers
B00275EEJY,related to,Games
B00275EEJY,related to,PlayStation
B00275EEJY,related to,PlayStation 5
B00275EEJY,related to,PlayStation 4
B00275EEJY,related to,PlayStation Vita
B00275EEJY,related to,PlayStation Games
B00275EEJY,related to,PlayStation Controllers
B001B7V55K,related to,Hardware
B001B7V55K,related to,Nintendo
B001B7V55K,related to,Nintendo Games
B001B7V55K,related to,Nintendo Controllers
B07P2HCW2K,related to,Games
B07P2HCW2K,related to,PlayStation
B07P2HCW2K,related to,PlayStation 5
B07P2HCW2K,related to,PlayStation 4
B07P2HCW2K,related to,PlayStation Vita
B07P2HCW2K,related to,PlayStation Games
B07P2HCW2K,related to,PlayStation Controllers
B002VGB2I0,related to,Games
B002VGB2I0,related to,Xbox
B002VGB2I0,related to,PlayStation
B002VGB2I0,related to,Nintendo
B002VGB2I0,related to,Nintendo Switch
B002VGB2I0,related to,PC Games
B002VGB2I0,related to,Xbox Games
B002VGB2I0,related to,Xbox One
B002VGB2I0,related to,PlayStation 5
B002VGB2I0,related to,PlayStation 4
B002VGB2I0,related to,PlayStation Vita
B002VGB2I0,related to,Nintendo 3DS
B002VGB2I0,related to,PlayStation Games
B002VGB2I0,related to,Nintendo Games
B002VGB2I0,related to,PlayStation Controllers
B002VGB2I0,related to,Nintendo Controllers
B00B9775W4,related to,Games
B00B9775W4,related to,Xbox
B00B9775W4,related to,PlayStation
B00B9775W4,related to,Nintendo
B00B9775W4,related to,Gaming Peripherals
B00B9775W4,related to,PC Games
B00B9775W4,related to,Xbox Games
B00B9775W4,related to,PlayStation Games
B00B9775W4,related to,Nintendo Games
B00B9775W4,related to,Xbox Series X
B00B9775W4,related to,Xbox Series S
B00B9775W4,related to,Xbox One
B00B9775W4,related to,PlayStation 5
B00B9775W4,related to,PlayStation 4
B00B9775W4,related to,PlayStation Vita
B00B9775W4,related to,Xbox Controllers
B06XFBV1NJ,related to,Nintendo
B06XFBV1NJ,related to,Nintendo Switch
B06XFBV1NJ,related to,Controllers
B06XFBV1NJ,related to,Gaming Peripherals
B06XFBV1NJ,related to,Gaming Accessories
B06XFBV1NJ,related to,Games
B06XFBV1NJ,related to,Nintendo Switch Lite
B06XFBV1NJ,related to,Nintendo 3DS
B06XFBV1NJ,related to,Nintendo Games
B06XFBV1NJ,related to,Switch Cases
B06XFBV1NJ,related to,Nintendo Controllers
B06XFBV1NJ,related to,Xbox Controllers
B06XFBV1NJ,related to,PlayStation Controllers
B06XFBV1NJ,related to,PC Games
B06XFBV1NJ,related to,Xbox Games
B06XFBV1NJ,related to,PlayStation Games
B06XFBV1NJ,related to,PlayStation 4
B0007YXB8W,related to,Games
B0010YOQJG,related to,Nintendo
B00GRP662S,related to,PlayStation
B00GRP662S,related to,Nintendo
B00GRP662S,related to,Gaming Accessories
B00GRP662S,related to,Games
B00GRP662S,related to,PlayStation 5
B00GRP662S,related to,PlayStation 4
B00GRP662S,related to,PC Games
B00GRP662S,related to,Xbox Games
B00GRP662S,related to,PlayStation Games
B00GRP662S,related to,Nintendo Games
B001EQPDOM,related to,Games
B001EQPDOM,related to,Xbox
B001EQPDOM,related to,PlayStation
B001EQPDOM,related to,Nintendo
B001EQPDOM,related to,Gaming Peripherals
B001EQPDOM,related to,PC Games
B001EQPDOM,related to,Xbox Games
B001EQPDOM,related to,PlayStation Games
B001EQPDOM,related to,Nintendo Games
B001EQPDOM,related to,Xbox Series X
B001EQPDOM,related to,Xbox Series S
B001EQPDOM,related to,Xbox One
B001EQPDOM,related to,PlayStation 5
B001EQPDOM,related to,PlayStation 4
B001EQPDOM,related to,PlayStation Vita
B001EQPDOM,related to,Xbox Controllers
B07QB4TF3F,related to,Xbox
B07QB4TF3F,related to,Gaming Peripherals
B07QB4TF3F,related to,Gaming Accessories
B07QB4TF3F,related to,Headsets
B07QB4TF3F,related to,VR Headsets
B07QB4TF3F,related to,Xbox Series X
B07QB4TF3F,related to,Xbox Series S
B07QB4TF3F,related to,Xbox One
B07QB4TF3F,related to,Xbox Games
B07QB4TF3F,related to,Xbox Controllers
B07QB4TF3F,related to,Gaming Headsets
B004RLGQ56,related to,Nintendo 3DS
B001EYUQAU,related to,Nintendo
B001EYUQAU,related to,Games
B001EYUQAU,related to,PC Games
B001EYUQAU,related to,Xbox Games
B001EYUQAU,related to,PlayStation Games
B001EYUQAU,related to,Nintendo Games
B00317C69C,related to,Gaming Accessories
B00317C69C,related to,Games
B00317C69C,related to,PC Games
B00317C69C,related to,Xbox Games
B00317C69C,related to,Nintendo Games
B008LB6IO2,related to,PC Games
B07MR4Z173,related to,Nintendo
B07MR4Z173,related to,Games
B07MR4Z173,related to,Nintendo 3DS
B07MR4Z173,related to,Xbox Games
B07MR4Z173,related to,Nintendo Games
B07MR4Z173,related to,Nintendo Controllers
B08MBHZKDV,related to,Xbox
B08MBHZKDV,related to,PlayStation
B08MBHZKDV,related to,Games
B08MBHZKDV,related to,Xbox Series X
B08MBHZKDV,related to,Xbox Series S
B08MBHZKDV,related to,Xbox One
B08MBHZKDV,related to,PlayStation 5
B08MBHZKDV,related to,PlayStation 4
B08MBHZKDV,related to,PlayStation Vita
B08MBHZKDV,related to,PC Games
B08MBHZKDV,related to,Xbox Games
B08MBHZKDV,related to,PlayStation Games
B08MBHZKDV,related to,PlayStation Controllers
B01M2X88QP,related to,Gaming Peripherals
B01M2X88QP,related to,Gaming Accessories
B01M2X88QP,related to,Games
B01M2X88QP,related to,PC Games
B01M2X88QP,related to,Xbox Games
B01M2X88QP,related to,PlayStation Games
B01M2X88QP,related to,Nintendo Games
B00IG3GPTS,related to,Games
B00IG3GPTS,related to,Nintendo Switch
B00IG3GPTS,related to,PC Games
B00IG3GPTS,related to,Nintendo Games
B00IG3GPTS,related to,Nintendo Switch Lite
B00IG3GPTS,related to,Switch Cases
B017LKMR5W,related to,Gaming Peripherals
B017LKMR5W,related to,Gaming Accessories
B017LKMR5W,related to,Games
B017LKMR5W,related to,PlayStation
B017LKMR5W,related to,PC Games
B017LKMR5W,related to,Xbox Games
B017LKMR5W,related to,PlayStation Games
B017LKMR5W,related to,Nintendo Games
B017LKMR5W,related to,Gaming Headsets
B017LKMR5W,related to,PlayStation 5
B017LKMR5W,related to,PlayStation 4
B017LKMR5W,related to,PlayStation Vita
B017LKMR5W,related to,PlayStation Controllers
B084QKDJLZ,related to,Controllers
B084QKDJLZ,related to,Xbox
B084QKDJLZ,related to,Nintendo
B084QKDJLZ,related to,Nintendo Switch
B084QKDJLZ,related to,Games
B084QKDJLZ,related to,Xbox Controllers
B084QKDJLZ,related to,Nintendo Controllers
B084QKDJLZ,related to,Xbox One
B084QKDJLZ,related to,Nintendo 3DS
B084QKDJLZ,related to,PC Games
B084QKDJLZ,related to,Xbox Games
B084QKDJLZ,related to,PlayStation Games
B084QKDJLZ,related to,Nintendo Games
B004Y3951E,related to,Xbox
B004Y3951E,related to,PlayStation
B004Y3951E,related to,Nintendo
B004Y3951E,related to,Gaming Peripherals
B004Y3951E,related to,Xbox Series X
B004Y3951E,related to,Xbox Series S
B004Y3951E,related to,Xbox One
B004Y3951E,related to,PlayStation 5
B004Y3951E,related to,PlayStation 4
B004Y3951E,related to,PlayStation Vita
B004Y3951E,related to,PC Games
B004Y3951E,related to,Xbox Games
B004Y3951E,related to,PlayStation Games
B004Y3951E,related to,Xbox Controllers
B006ZPAYJ6,related to,Games
B006ZPAYJ6,related to,Nintendo
B006ZPAYJ6,related to,PC Games
B006ZPAYJ6,related to,Xbox Games
B006ZPAYJ6,related to,PlayStation Games
B006ZPAYJ6,related to,Nintendo Games
B008U2XJNA,related to,PlayStation
B008U2XJNA,related to,Nintendo
B008U2XJNA,related to,Nintendo Switch
B008U2XJNA,related to,Gaming Peripherals
B008U2XJNA,related to,Gaming Accessories
B008U2XJNA,related to,Controllers
B008U2XJNA,related to,PlayStation 5
B008U2XJNA,related to,PlayStation 4
B008U2XJNA,related to,Nintendo 3DS
B008U2XJNA,related to,Xbox Games
B008U2XJNA,related to,PlayStation Games
B008U2XJNA,related to,Nintendo Games
B008U2XJNA,related to,PlayStation Controllers
B008U2XJNA,related to,Nintendo Controllers
B008U2XJNA,related to,PC Games
B004V61HL0,related to,Games
B004V61HL0,related to,PC Games
B004V61HL0,related to,Xbox Games
B004V61HL0,related to,PlayStation Games
B004V61HL0,related to,Nintendo Games
B00XMM6L8S,related to,Xbox
B00XMM6L8S,related to,Storage Cases
B00XMM6L8S,related to,Xbox Series X
B00XMM6L8S,related to,Xbox Series S
B00XMM6L8S,related to,Xbox One
B00XMM6L8S,related to,Xbox Games
B00XMM6L8S,related to,Xbox Controllers
B00XMM6L8S,related to,PlayStation Controllers
B00XMM6L8S,related to,Switch Cases
B00XMM6L8S,related to,Nintendo 3DS
B09WXQXQX9,related to,Gaming Peripherals
B09WXQXQX9,related to,Gaming Accessories
B09WXQXQX9,related to,PC Games
B09WXQXQX9,related to,PlayStation Games
B07VR26ND8,related to,Xbox
B07VR26ND8,related to,Xbox Series X
B07VR26ND8,related to,Xbox One
B07VR26ND8,related to,Xbox Games
B07VR26ND8,related to,Xbox Controllers
B0BVWPMMCT,related to,Headsets
B0BVWPMMCT,related to,VR Headsets
B0BVWPMMCT,related to,Gaming Headsets
B001EYUQQ4,related to,Nintendo
B001EYUQQ4,related to,Games
B001EYUQQ4,related to,PC Games
B001EYUQQ4,related to,Xbox Games
B001EYUQQ4,related to,PlayStation Games
B001EYUQQ4,related to,Nintendo Games
B07TXDLL7D,related to,PlayStation
B07TXDLL7D,related to,Nintendo Switch
B07TXDLL7D,related to,PlayStation 5
B07TXDLL7D,related to,PlayStation 4
B07TXDLL7D,related to,Nintendo Switch Lite
B07TXDLL7D,related to,PlayStation Games
B07TXDLL7D,related to,PlayStation Controllers
B0BDWVBWC9,related to,Xbox
B0BDWVBWC9,related to,PlayStation
B0BDWVBWC9,related to,Nintendo
B0BDWVBWC9,related to,Gaming Peripherals
B0BDWVBWC9,related to,Gaming Accessories
B0BDWVBWC9,related to,Games
B0BDWVBWC9,related to,Xbox Series S
B0BDWVBWC9,related to,Xbox One
B0BDWVBWC9,related to,PlayStation 5
B0BDWVBWC9,related to,PlayStation 4
B0BDWVBWC9,related to,PlayStation Vita
B0BDWVBWC9,related to,PC Games
B0BDWVBWC9,related to,Xbox Games
B0BDWVBWC9,related to,PlayStation Games
B0BDWVBWC9,related to,Nintendo Games
B0BDWVBWC9,related to,Gaming Headsets
B0BDWVBWC9,related to,PlayStation Controllers
B0BDWVBWC9,related to,Xbox Series X
B004K1F7OY,related to,PlayStation
B004K1F7OY,related to,Nintendo
B004K1F7OY,related to,Nintendo Switch
B004K1F7OY,related to,PlayStation 5
B004K1F7OY,related to,PlayStation 4
B004K1F7OY,related to,PlayStation Vita
B004K1F7OY,related to,Nintendo 3DS
B004K1F7OY,related to,PlayStation Games
B004K1F7OY,related to,Nintendo Games
B07WZTJGCR,related to,Xbox
B07WZTJGCR,related to,PlayStation
B07WZTJGCR,related to,Nintendo
B07WZTJGCR,related to,Games
B07WZTJGCR,related to,Xbox One
B07WZTJGCR,related to,PlayStation 5
B07WZTJGCR,related to,PlayStation 4
B07WZTJGCR,related to,PlayStation Vita
B07WZTJGCR,related to,PC Games
B07WZTJGCR,related to,Xbox Games
B07WZTJGCR,related to,PlayStation Games
B07WZTJGCR,related to,Nintendo Games
B000F1YH62,related to,Games
B00K32Y7NQ,related to,Games
B00K32Y7NQ,related to,Xbox
B00K32Y7NQ,related to,PlayStation
B00K32Y7NQ,related to,Nintendo
B00K32Y7NQ,related to,Xbox Series X
B00K32Y7NQ,related to,Xbox Series S
B00K32Y7NQ,related to,Xbox One
B00K32Y7NQ,related to,PlayStation 5
B00K32Y7NQ,related to,PlayStation 4
B00K32Y7NQ,related to,PC Games
B00K32Y7NQ,related to,Xbox Games
B00K32Y7NQ,related to,PlayStation Games
B00K32Y7NQ,related to,Nintendo Games
B0000YEDK4,related to,Games
B0000YEDK4,related to,Xbox
B0000YEDK4,related to,PlayStation
B0000YEDK4,related to,Nintendo
B0000YEDK4,related to,Gaming Peripherals
B0000YEDK4,related to,Gaming Accessories
B0000YEDK4,related to,PC Games
B0000YEDK4,related to,Xbox One
B0000YEDK4,related to,PlayStation 5
B0000YEDK4,related to,PlayStation 4
B0000YEDK4,related to,Xbox Games
B0000YEDK4,related to,PlayStation Games
B0000YEDK4,related to,Nintendo Games
B00005NCA5,related to,Games
B00005NCA5,related to,PC Games
B00005NCA5,related to,Nintendo Games
B005D6EQA6,related to,Headsets
B005D6EQA6,related to,Nintendo 3DS
B004K1F7OO,related to,Games
B004K1F7OO,related to,PlayStation
B004K1F7OO,related to,Nintendo
B004K1F7OO,related to,Nintendo Switch
B004K1F7OO,related to,PlayStation Games
B004K1F7OO,related to,PlayStation 5
B004K1F7OO,related to,PlayStation 4
B004K1F7OO,related to,PlayStation Vita
B004K1F7OO,related to,Nintendo 3DS
B004K1F7OO,related to,Nintendo Games
B004CHZKH0,related to,PlayStation
B004CHZKH0,related to,Nintendo
B004CHZKH0,related to,Nintendo Switch
B004CHZKH0,related to,Gaming Accessories
B004CHZKH0,related to,Games
B004CHZKH0,related to,PlayStation 5
B004CHZKH0,related to,PlayStation 4
B004CHZKH0,related to,Nintendo 3DS
B004CHZKH0,related to,Xbox Games
B004CHZKH0,related to,PlayStation Games
B004CHZKH0,related to,Nintendo Games
B004CHZKH0,related to,PlayStation Controllers
B004CHZKH0,related to,Nintendo Controllers
B004CHZKH0,related to,PC Games
B001ELJDWA,related to,Xbox
B001ELJDWA,related to,Xbox Series X
B001ELJDWA,related to,Xbox Series S
B001ELJDWA,related to,Xbox One
B001ELJDWA,related to,PlayStation 4
B001ELJDWA,related to,Xbox Games
B001ELJDWA,related to,Xbox Controllers
B01N8W32XP,related to,Storage Cases
B01N8W32XP,related to,Games
B01N8W32XP,related to,Nintendo
B01N8W32XP,related to,Nintendo Switch
B01N8W32XP,related to,Switch Cases
B01N8W32XP,related to,PC Games
B01N8W32XP,related to,Xbox Games
B01N8W32XP,related to,PlayStation Games
B01N8W32XP,related to,Nintendo Games
B01N8W32XP,related to,Nintendo 3DS
B01N8W32XP,related to,Nintendo Controllers
B0002A2S26,related to,Xbox
B0002A2S26,related to,PlayStation
B0002A2S26,related to,Nintendo
B0002A2S26,related to,Gaming Accessories
B0002A2S26,related to,Games
B0002A2S26,related to,Xbox Series X
B0002A2S26,related to,Xbox Series S
B0002A2S26,related to,Xbox One
B0002A2S26,related to,PlayStation 5
B0002A2S26,related to,PlayStation 4
B0002A2S26,related to,PlayStation Vita
B0002A2S26,related to,PC Games
B0002A2S26,related to,Xbox Games
B0002A2S26,related to,PlayStation Games
B0002A2S26,related to,Nintendo Games
B0002A2S26,related to,Xbox Controllers
B009K3FDEQ,related to,Xbox
B009K3FDEQ,related to,PlayStation
B009K3FDEQ,related to,Nintendo
B009K3FDEQ,related to,Gaming Accessories
B009K3FDEQ,related to,Games
B009K3FDEQ,related to,Xbox Series S
B009K3FDEQ,related to,Xbox One
B009K3FDEQ,related to,PlayStation 5
B009K3FDEQ,related to,PlayStation 4
B009K3FDEQ,related to,PlayStation Vita
B009K3FDEQ,related to,PC Games
B009K3FDEQ,related to,Xbox Games
B009K3FDEQ,related to,PlayStation Games
B009K3FDEQ,related to,Nintendo Games
B009K3FDEQ,related to,PlayStation Controllers
B0721NK86L,related to,Nintendo
B0721NK86L,related to,Nintendo Switch
B0721NK86L,related to,Nintendo 3DS
B0721NK86L,related to,Xbox Games
B0721NK86L,related to,Nintendo Games
B0721NK86L,related to,Nintendo Controllers
B077ZGS1GM,related to,Gaming Peripherals
B077ZGS1GM,related to,Gaming Accessories
B077ZGS1GM,related to,Games
B077ZGS1GM,related to,PC Games
B077ZGS1GM,related to,Xbox Games
B077ZGS1GM,related to,PlayStation Games
B077ZGS1GM,related to,Nintendo Games
B0075HLV9K,related to,Nintendo
B0075HLV9K,related to,Gaming Peripherals
B0075HLV9K,related to,Xbox
B0075HLV9K,related to,PlayStation
B0075HLV9K,related to,Xbox Controllers
B0075HLV9K,related to,PlayStation Controllers
B0075HLV9K,related to,Nintendo Controllers
B0075HLV9K,related to,Xbox One
B0075HLV9K,related to,PlayStation 5
B0075HLV9K,related to,PlayStation 4
B0075HLV9K,related to,PlayStation Vita
B0075HLV9K,related to,PC Games
B0075HLV9K,related to,Xbox Games
B0075HLV9K,related to,PlayStation Games
B08X3BRF1K,related to,Games
B08X3BRF1K,related to,PlayStation
B08X3BRF1K,related to,PC Games
B08X3BRF1K,related to,Xbox Games
B08X3BRF1K,related to,PlayStation Games
B08X3BRF1K,related to,PlayStation 5
B08X3BRF1K,related to,PlayStation 4
B08X3BRF1K,related to,PlayStation Vita
B08X3BRF1K,related to,PlayStation Controllers
B00EDU8H9E,related to,Gaming Accessories
B00EDU8H9E,related to,Games
B00EDU8H9E,related to,Xbox
B00EDU8H9E,related to,PC Games
B00EDU8H9E,related to,Xbox Games
B00EDU8H9E,related to,Xbox Series X
B00EDU8H9E,related to,Xbox Series S
B00EDU8H9E,related to,Xbox One
B00EDU8H9E,related to,PlayStation 5
B00EDU8H9E,related to,PlayStation 4
B0034ZOAO0,related to,Gaming Accessories
B0034ZOAO0,related to,Games
B0034ZOAO0,related to,Controllers
B0034ZOAO0,related to,PC Games
B0034ZOAO0,related to,Xbox Games
B0034ZOAO0,related to,PlayStation Games
B0034ZOAO0,related to,Nintendo Games
B0034ZOAO0,related to,Xbox Controllers
B0034ZOAO0,related to,PlayStation Controllers
B0034ZOAO0,related to,Nintendo Controllers
B07JVT5J4V,related to,Games
B07JVT5J4V,related to,PC Games
B00005BIGC,related to,Games
B07Q6CTJRM,related to,Gaming Peripherals
B07Q6CTJRM,related to,Gaming Accessories
B07Z5QYXBD,related to,PlayStation
B07Z5QYXBD,related to,Nintendo
B07Z5QYXBD,related to,Gaming Accessories
B07Z5QYXBD,related to,Games
B07Z5QYXBD,related to,PlayStation 5
B07Z5QYXBD,related to,PlayStation 4
B07Z5QYXBD,related to,PC Games
B07Z5QYXBD,related to,Xbox Games
B07Z5QYXBD,related to,PlayStation Games
B07Z5QYXBD,related to,Nintendo Games
B01BI3MH3K,related to,Games
B0009Z3K12,related to,Games
B0009Z3K12,related to,Xbox
B0009Z3K12,related to,PlayStation
B0009Z3K12,related to,PC Games
B0009Z3K12,related to,Xbox Games
B0009Z3K12,related to,PlayStation Games
B0009Z3K12,related to,Nintendo Games
B0009Z3K12,related to,Xbox One
B0009Z3K12,related to,PlayStation 5
B0009Z3K12,related to,PlayStation 4
B0009Z3K12,related to,PlayStation Vita
B0009Z3K12,related to,PlayStation Controllers
B001EYUUWO,related to,PlayStation
B001EYUUWO,related to,Nintendo
B001EYUUWO,related to,Nintendo Switch
B001EYUUWO,related to,Xbox Series S
B001EYUUWO,related to,PlayStation 5
B001EYUUWO,related to,PlayStation 4
B001EYUUWO,related to,Nintendo 3DS
B001EYUUWO,related to,Xbox Games
B001EYUUWO,related to,PlayStation Games
B001EYUUWO,related to,Nintendo Games
B001EYUUWO,related to,Nintendo Controllers
B001EHD91K,related to,Xbox
B001EHD91K,related to,Gaming Peripherals
B001EHD91K,related to,Gaming Accessories
B001EHD91K,related to,Controllers
B001EHD91K,related to,Xbox Series X
B001EHD91K,related to,Xbox Series S
B001EHD91K,related to,Xbox One
B001EHD91K,related to,Xbox Games
B001EHD91K,related to,Xbox Controllers
B001EHD91K,related to,PlayStation Controllers
B001EHD91K,related to,Nintendo Controllers
B001EHD91K,related to,PC Games
B005UUOAOM,related to,Nintendo
B005UUOAOM,related to,Nintendo Games
B001TOQ8K2,related to,Nintendo
B001TOQ8K2,related to,Nintendo Games
B001TOQ8K2,related to,Nintendo Controllers
B00000K4C9,related to,Nintendo
B00000K4C9,related to,Gaming Peripherals
B00000K4C9,related to,Gaming Accessories
B00000K4C9,related to,Controllers
B00000K4C9,related to,PC Games
B00000K4C9,related to,Xbox Controllers
B00000K4C9,related to,PlayStation Controllers
B00000K4C9,related to,Nintendo Controllers
B07B416X7V,related to,Xbox
B07B416X7V,related to,Games
B07B416X7V,related to,Xbox Series X
B07B416X7V,related to,Xbox Series S
B07B416X7V,related to,Xbox One
B07B416X7V,related to,PlayStation 5
B07B416X7V,related to,PlayStation 4
B07B416X7V,related to,Xbox Games
B07B416X7V,related to,Xbox Controllers
B07B416X7V,related to,PC Games
B07B416X7V,related to,PlayStation Games
B07B416X7V,related to,Nintendo Games
B087NM8BB6,related to,Nintendo
B087NM8BB6,related to,Nintendo Switch
B087NM8BB6,related to,Games
B087NM8BB6,related to,Nintendo Switch Lite
B087NM8BB6,related to,Nintendo 3DS
B087NM8BB6,related to,Nintendo Games
B087NM8BB6,related to,Switch Cases
B087NM8BB6,related to,Nintendo Controllers
B087NM8BB6,related to,PC Games
B087NM8BB6,related to,Xbox Games
B087NM8BB6,related to,PlayStation Games
B07TZSMH5N,related to,Xbox
B07TZSMH5N,related to,PlayStation
B07TZSMH5N,related to,Nintendo
B07TZSMH5N,related to,Gaming Accessories
B07TZSMH5N,related to,Games
B07TZSMH5N,related to,Xbox Series S
B07TZSMH5N,related to,Xbox One
B07TZSMH5N,related to,PlayStation 5
B07TZSMH5N,related to,PlayStation 4
B07TZSMH5N,related to,PlayStation Vita
B07TZSMH5N,related to,PC Games
B07TZSMH5N,related to,Xbox Games
B07TZSMH5N,related to,PlayStation Games
B07TZSMH5N,related to,Nintendo Games
B07TZSMH5N,related to,PlayStation Controllers
B07RVMNWDM,related to,Headsets
B07RVMNWDM,related to,Hardware
B07RVMNWDM,related to,Xbox
B07RVMNWDM,related to,PlayStation
B07RVMNWDM,related to,Nintendo
B07RVMNWDM,related to,Gaming Peripherals
B07RVMNWDM,related to,Gaming Accessories
B07RVMNWDM,related to,Games
B07RVMNWDM,related to,VR Headsets
B07RVMNWDM,related to,Xbox One
B07RVMNWDM,related to,PlayStation 5
B07RVMNWDM,related to,PlayStation 4
B07RVMNWDM,related to,PC Games
B07RVMNWDM,related to,Xbox Games
B07RVMNWDM,related to,PlayStation Games
B07RVMNWDM,related to,Nintendo Games
B07RVMNWDM,related to,Gaming Headsets
B0001XALPA,related to,Nintendo
B0001XALPA,related to,Games
B0001XALPA,related to,PC Games
B0001XALPA,related to,Xbox Games
B0001XALPA,related to,PlayStation Games
B0001XALPA,related to,Nintendo Games
B002VH7Q20,related to,Xbox
B002VH7Q20,related to,PlayStation
B002VH7Q20,related to,Nintendo
B002VH7Q20,related to,Nintendo Switch
B002VH7Q20,related to,Games
B002VH7Q20,related to,Xbox One
B002VH7Q20,related to,PlayStation 5
B002VH7Q20,related to,PlayStation 4
B002VH7Q20,related to,PlayStation Vita
B002VH7Q20,related to,Nintendo 3DS
B002VH7Q20,related to,Xbox Games
B002VH7Q20,related to,PlayStation Games
B002VH7Q20,related to,Nintendo Games
B002VH7Q20,related to,PlayStation Controllers
B002VH7Q20,related to,Nintendo Controllers
B07D53QSMK,related to,Nintendo
B07D53QSMK,related to,Nintendo Switch
B07D53QSMK,related to,Games
B07D53QSMK,related to,Nintendo Switch Lite
B07D53QSMK,related to,Nintendo 3DS
B07D53QSMK,related to,Nintendo Games
B07D53QSMK,related to,Switch Cases
B07D53QSMK,related to,Nintendo Controllers
B00W9DHUBS,related to,Xbox
B00W9DHUBS,related to,Xbox Series X
B00W9DHUBS,related to,Xbox Series S
B00W9DHUBS,related to,Xbox One
B00W9DHUBS,related to,Xbox Games
B00W9DHUBS,related to,Xbox Controllers
B00009IMAJ,related to,Nintendo
B00009IMAJ,related to,Games
B00009IMAJ,related to,Xbox Games
B00009IMAJ,related to,PlayStation Games
B00009IMAJ,related to,Nintendo Games
B007YYUS48,related to,Games
B007YYUS48,related to,PC Games
B007YYUS48,related to,Xbox Games
B007YYUS48,related to,PlayStation Games
B007YYUS48,related to,Nintendo Games
B000035Y7G,related to,Nintendo
B000035Y7G,related to,Nintendo Switch
B000035Y7G,related to,Games
B000035Y7G,related to,PlayStation Vita
B000035Y7G,related to,PlayStation Games
B000035Y7G,related to,Nintendo Games
B000035Y7G,related to,Nintendo Controllers
B000035Y7G,related to,PC Games
B00ZSDTIGG,related to,PlayStation
B00ZSDTIGG,related to,Gaming Accessories
B00ZSDTIGG,related to,Controllers
B00ZSDTIGG,related to,Nintendo
B00ZSDTIGG,related to,Gaming Peripherals
B00ZSDTIGG,related to,Games
B00ZSDTIGG,related to,Xbox One
B00ZSDTIGG,related to,PlayStation 5
B00ZSDTIGG,related to,PlayStation 4
B00ZSDTIGG,related to,PlayStation Vita
B00ZSDTIGG,related to,PC Games
B00ZSDTIGG,related to,Xbox Games
B00ZSDTIGG,related to,PlayStation Games
B00ZSDTIGG,related to,PlayStation Controllers
B00ZSDTIGG,related to,Xbox Controllers
B00ZSDTIGG,related to,Nintendo Controllers
B00ZSDTIGG,related to,Nintendo Games
B01JUEWS4W,related to,PlayStation
B01JUEWS4W,related to,Xbox One
B01JUEWS4W,related to,PlayStation 5
B01JUEWS4W,related to,PlayStation 4
B01JUEWS4W,related to,PlayStation Vita
B01JUEWS4W,related to,PlayStation Games
B01JUEWS4W,related to,PlayStation Controllers
B00267S2A0,related to,Games
B00267S2A0,related to,PC Games
B00267S2A0,related to,Xbox Games
B09JDDBX8R,related to,Xbox
B09JDDBX8R,related to,Xbox Series X
B09JDDBX8R,related to,Xbox Series S
B09JDDBX8R,related to,Xbox One
B09JDDBX8R,related to,Xbox Games
B09JDDBX8R,related to,Xbox Controllers
B001EYUSIU,related to,Games
B002VGGNFW,related to,Nintendo
B002VGGNFW,related to,Games
B002VGGNFW,related to,Nintendo 3DS
B002VGGNFW,related to,Nintendo Games
B002VGGNFW,related to,Nintendo Controllers
B002VGGNFW,related to,PC Games
B002VGGNFW,related to,Xbox Games
B002VGGNFW,related to,PlayStation Games
B00VE6241C,related to,Gaming Peripherals
B00VE6241C,related to,Gaming Accessories
B00VE6241C,related to,Games
B00VE6241C,related to,PC Games
B00VE6241C,related to,Xbox Games
B00VE6241C,related to,PlayStation Games
B00VE6241C,related to,Nintendo Games
B00VE6241C,related to,Gaming Headsets
B071D51YKL,related to,Xbox
B071D51YKL,related to,PlayStation
B071D51YKL,related to,Nintendo
B071D51YKL,related to,Games
B071D51YKL,related to,Xbox Series X
B071D51YKL,related to,Xbox Series S
B071D51YKL,related to,Xbox One
B071D51YKL,related to,PlayStation 5
B071D51YKL,related to,PlayStation 4
B071D51YKL,related to,PlayStation Vita
B071D51YKL,related to,Nintendo 3DS
B071D51YKL,related to,PC Games
B071D51YKL,related to,Xbox Games
B071D51YKL,related to,PlayStation Games
B071D51YKL,related to,PlayStation Controllers
B005N4I24Y,related to,Xbox
B005N4I24Y,related to,PlayStation
B005N4I24Y,related to,Hardware
B005N4I24Y,related to,Xbox One
B005N4I24Y,related to,PlayStation 5
B005N4I24Y,related to,PlayStation 4
B005N4I24Y,related to,PlayStation Vita
B005N4I24Y,related to,PlayStation Games
B005N4I24Y,related to,PlayStation Controllers
B00KX2X15G,related to,Xbox
B00KX2X15G,related to,PlayStation
B00KX2X15G,related to,Nintendo
B00KX2X15G,related to,Gaming Peripherals
B00KX2X15G,related to,Gaming Accessories
B00KX2X15G,related to,Games
B00KX2X15G,related to,Controllers
B00KX2X15G,related to,Xbox One
B00KX2X15G,related to,PlayStation 5
B00KX2X15G,related to,PlayStation 4
B00KX2X15G,related to,PC Games
B00KX2X15G,related to,Xbox Games
B00KX2X15G,related to,PlayStation Games
B00KX2X15G,related to,Nintendo Games
B00KX2X15G,related to,Gaming Headsets
B00KX2X15G,related to,Xbox Controllers
B00KX2X15G,related to,Nintendo Controllers
B07CHMJY31,related to,Xbox
B07CHMJY31,related to,PlayStation
B07CHMJY31,related to,Gaming Accessories
B07CHMJY31,related to,Games
B07CHMJY31,related to,Controllers
B07CHMJY31,related to,Xbox Series X
B07CHMJY31,related to,Xbox Series S
B07CHMJY31,related to,Xbox One
B07CHMJY31,related to,PlayStation 5
B07CHMJY31,related to,Xbox Games
B07CHMJY31,related to,Xbox Controllers
B07CHMJY31,related to,PC Games
B07CHMJY31,related to,PlayStation Games
B07CHMJY31,related to,Nintendo Games
B07CHMJY31,related to,PlayStation Controllers
B07CHMJY31,related to,Nintendo Controllers
B00PGLF7G0,related to,Games
B00PGLF7G0,related to,Storage Cases
B00PGLF7G0,related to,Xbox
B00PGLF7G0,related to,Xbox Games
B00PGLF7G0,related to,Nintendo Games
B00PGLF7G0,related to,Switch Cases
B00PGLF7G0,related to,Xbox Series X
B00PGLF7G0,related to,Xbox Series S
B00PGLF7G0,related to,Xbox One
B00PGLF7G0,related to,PlayStation 5
B00PGLF7G0,related to,PlayStation 4
B00PGLF7G0,related to,Xbox Controllers
B00005V3F1,related to,PC Games
B0B595LWZ2,related to,Gaming Peripherals
B0B595LWZ2,related to,Gaming Accessories
B0B595LWZ2,related to,Games
B0B595LWZ2,related to,PC Games
B0B595LWZ2,related to,Xbox Games
B0B595LWZ2,related to,PlayStation Games
B0B595LWZ2,related to,Gaming Headsets
B01HTCZAME,related to,Xbox
B01HTCZAME,related to,PlayStation
B01HTCZAME,related to,Nintendo
B01HTCZAME,related to,Gaming Accessories
B01HTCZAME,related to,Games
B01HTCZAME,related to,Xbox Series S
B01HTCZAME,related to,Xbox One
B01HTCZAME,related to,PlayStation 5
B01HTCZAME,related to,PlayStation 4
B01HTCZAME,related to,PlayStation Vita
B01HTCZAME,related to,PC Games
B01HTCZAME,related to,Xbox Games
B01HTCZAME,related to,PlayStation Games
B01HTCZAME,related to,Nintendo Games
B01HTCZAME,related to,PlayStation Controllers
B001EYUO5M,related to,Xbox
B001EYUO5M,related to,Xbox Series X
B001EYUO5M,related to,Xbox Series S
B001EYUO5M,related to,Xbox One
B001EYUO5M,related to,PC Games
B001EYUO5M,related to,Xbox Games
B001EYUO5M,related to,Xbox Controllers
B07HJSNBBH,related to,Gaming Peripherals
B07HJSNBBH,related to,Gaming Accessories
B07HJSNBBH,related to,Games
B07HJSNBBH,related to,Nintendo
B07HJSNBBH,related to,Nintendo Switch
B07HJSNBBH,related to,PC Games
B07HJSNBBH,related to,Xbox Games
B07HJSNBBH,related to,PlayStation Games
B07HJSNBBH,related to,Nintendo Games
B07HJSNBBH,related to,Gaming Headsets
B07HJSNBBH,related to,PlayStation 4
B0856P1CFM,related to,Games
B0856P1CFM,related to,Xbox
B0856P1CFM,related to,PlayStation
B0856P1CFM,related to,Nintendo
B0856P1CFM,related to,Gaming Accessories
B0856P1CFM,related to,Xbox Series S
B0856P1CFM,related to,Xbox One
B0856P1CFM,related to,PlayStation 5
B0856P1CFM,related to,PlayStation 4
B0856P1CFM,related to,PlayStation Vita
B0856P1CFM,related to,PC Games
B0856P1CFM,related to,Xbox Games
B0856P1CFM,related to,PlayStation Games
B0856P1CFM,related to,Nintendo Games
B0856P1CFM,related to,PlayStation Controllers
B00ANHBJBY,related to,Gaming Peripherals
B00ANHBJBY,related to,Gaming Accessories
B00ANHBJBY,related to,Games
B00ANHBJBY,related to,PlayStation
B00ANHBJBY,related to,Nintendo
B00ANHBJBY,related to,Nintendo Switch
B00ANHBJBY,related to,Controllers
B00ANHBJBY,related to,PC Games
B00ANHBJBY,related to,Xbox Games
B00ANHBJBY,related to,PlayStation Games
B00ANHBJBY,related to,Nintendo Games
B00ANHBJBY,related to,Gaming Headsets
B00ANHBJBY,related to,PlayStation 5
B00ANHBJBY,related to,PlayStation 4
B00ANHBJBY,related to,PlayStation Vita
B00ANHBJBY,related to,Nintendo 3DS
B00ANHBJBY,related to,Nintendo Controllers
B08CG1GDR2,related to,Nintendo
B08CG1GDR2,related to,Nintendo Switch
B08CG1GDR2,related to,Games
B08CG1GDR2,related to,Nintendo Switch Lite
B08CG1GDR2,related to,Nintendo 3DS
B08CG1GDR2,related to,Nintendo Games
B08CG1GDR2,related to,Switch Cases
B08CG1GDR2,related to,Nintendo Controllers
B08CG1GDR2,related to,PC Games
B08CG1GDR2,related to,Xbox Games
B08CG1GDR2,related to,PlayStation Games
B071KWD1ZR,related to,Gaming Peripherals
B071KWD1ZR,related to,Gaming Accessories
B071KWD1ZR,related to,Games
B071KWD1ZR,related to,Headsets
B071KWD1ZR,related to,VR Headsets
B071KWD1ZR,related to,PC Games
B071KWD1ZR,related to,Xbox Games
B071KWD1ZR,related to,PlayStation Games
B071KWD1ZR,related to,Nintendo Games
B071KWD1ZR,related to,Gaming Headsets
B00ITG5EI0,related to,Nintendo
B00ITG5EI0,related to,Games
B00ITG5EI0,related to,Xbox
B00ITG5EI0,related to,PC Games
B00ITG5EI0,related to,Xbox Games
B00ITG5EI0,related to,PlayStation Games
B00ITG5EI0,related to,Nintendo Games
B00ITG5EI0,related to,Xbox Series X
B00ITG5EI0,related to,Xbox Series S
B00ITG5EI0,related to,Xbox One
B00ITG5EI0,related to,PlayStation 5
B00ITG5EI0,related to,PlayStation 4
B00ITG5EI0,related to,Xbox Controllers
B07D2B1TYQ,related to,Gaming Peripherals
B07D2B1TYQ,related to,Gaming Accessories
B07D2B1TYQ,related to,PC Games
B07NR4FXFR,related to,Xbox
B07NR4FXFR,related to,PlayStation
B07NR4FXFR,related to,Nintendo
B07NR4FXFR,related to,Gaming Peripherals
B07NR4FXFR,related to,Games
B07NR4FXFR,related to,Xbox One
B07NR4FXFR,related to,PlayStation 5
B07NR4FXFR,related to,PlayStation 4
B07NR4FXFR,related to,PlayStation Vita
B07NR4FXFR,related to,Nintendo 3DS
B07NR4FXFR,related to,Xbox Games
B07NR4FXFR,related to,Nintendo Games
B07NR4FXFR,related to,Xbox Controllers
B07NR4FXFR,related to,PlayStation Controllers
B07NR4FXFR,related to,Nintendo Controllers
B001EYUOUW,related to,Games
B001EYUOUW,related to,Xbox
B001EYUOUW,related to,PlayStation
B001EYUOUW,related to,Nintendo
B001EYUOUW,related to,Gaming Accessories
B001EYUOUW,related to,Xbox Series S
B001EYUOUW,related to,Xbox One
B001EYUOUW,related to,PlayStation 5
B001EYUOUW,related to,PlayStation 4
B001EYUOUW,related to,PlayStation Vita
B001EYUOUW,related to,PC Games
B001EYUOUW,related to,Xbox Games
B001EYUOUW,related to,PlayStation Games
B001EYUOUW,related to,Nintendo Games
B001EYUOUW,related to,PlayStation Controllers
B09XQ88LY7,related to,Storage Cases
B09XQ88LY7,related to,Nintendo Switch
B09XQ88LY7,related to,Hardware
B09XQ88LY7,related to,Xbox
B09XQ88LY7,related to,PlayStation
B09XQ88LY7,related to,Nintendo
B09XQ88LY7,related to,Gaming Accessories
B09XQ88LY7,related to,Games
B09XQ88LY7,related to,Nintendo Switch Lite
B09XQ88LY7,related to,Switch Cases
B09XQ88LY7,related to,Xbox One
B09XQ88LY7,related to,PlayStation 5
B09XQ88LY7,related to,PlayStation 4
B09XQ88LY7,related to,Nintendo 3DS
B09XQ88LY7,related to,PC Games
B09XQ88LY7,related to,Xbox Games
B09XQ88LY7,related to,PlayStation Games
B09XQ88LY7,related to,Nintendo Games
B09XQ88LY7,related to,Nintendo Controllers
B001EYUXDU,related to,Games
B001EYUXDU,related to,Nintendo
B001EYUXDU,related to,Nintendo Games
B001EYUXDU,related to,Nintendo Controllers
B0028Y4PVG,related to,Xbox
B0028Y4PVG,related to,PlayStation
B0028Y4PVG,related to,Nintendo
B0028Y4PVG,related to,Gaming Peripherals
B0028Y4PVG,related to,Gaming Accessories
B0028Y4PVG,related to,Games
B0028Y4PVG,related to,Xbox One
B0028Y4PVG,related to,PlayStation 5
B0028Y4PVG,related to,PlayStation 4
B0028Y4PVG,related to,PC Games
B0028Y4PVG,related to,Xbox Games
B0028Y4PVG,related to,PlayStation Games
B0028Y4PVG,related to,Nintendo Games
B00FI3LI4G,related to,Games
B00FI3LI4G,related to,PC Games
B00FI3LI4G,related to,Xbox Games
B00FI3LI4G,related to,PlayStation Games
B00FI3LI4G,related to,Nintendo Games
B0051PLQ8E,related to,PlayStation
B0051PLQ8E,related to,Nintendo
B0051PLQ8E,related to,Nintendo Switch
B0051PLQ8E,related to,Games
B0051PLQ8E,related to,Xbox Series S
B0051PLQ8E,related to,PlayStation 5
B0051PLQ8E,related to,PlayStation 4
B0051PLQ8E,related to,Nintendo 3DS
B0051PLQ8E,related to,Xbox Games
B0051PLQ8E,related to,PlayStation Games
B0051PLQ8E,related to,Nintendo Games
B0051PLQ8E,related to,Nintendo Controllers
B0051PLQ8E,related to,PC Games
B01MS7DVLT,related to,Gaming Peripherals
B01MS7DVLT,related to,Gaming Accessories
B01MS7DVLT,related to,Nintendo Switch
B01MS7DVLT,related to,Hardware
B01MS7DVLT,related to,Xbox
B01MS7DVLT,related to,PlayStation
B01MS7DVLT,related to,Nintendo
B01MS7DVLT,related to,Games
B01MS7DVLT,related to,PC Games
B01MS7DVLT,related to,Xbox Games
B01MS7DVLT,related to,PlayStation Games
B01MS7DVLT,related to,Nintendo Games
B01MS7DVLT,related to,Gaming Headsets
B01MS7DVLT,related to,Nintendo Switch Lite
B01MS7DVLT,related to,Switch Cases
B01MS7DVLT,related to,Xbox One
B01MS7DVLT,related to,PlayStation 5
B01MS7DVLT,related to,PlayStation 4
B01MS7DVLT,related to,Nintendo 3DS
B01MS7DVLT,related to,Nintendo Controllers
B00004TEXR,related to,Hardware
B00004TEXR,related to,Xbox
B00004TEXR,related to,PlayStation
B00004TEXR,related to,Nintendo
B00004TEXR,related to,Nintendo Switch
B00004TEXR,related to,Gaming Accessories
B00004TEXR,related to,Games
B00004TEXR,related to,Xbox One
B00004TEXR,related to,PlayStation 5
B00004TEXR,related to,PlayStation 4
B00004TEXR,related to,Nintendo Switch Lite
B00004TEXR,related to,Nintendo 3DS
B00004TEXR,related to,PC Games
B00004TEXR,related to,Xbox Games
B00004TEXR,related to,PlayStation Games
B00004TEXR,related to,Nintendo Games
B00004TEXR,related to,Nintendo Controllers
B08MKVBZNQ,related to,Xbox
B08MKVBZNQ,related to,PlayStation
B08MKVBZNQ,related to,Controllers
B08MKVBZNQ,related to,Xbox Series X
B08MKVBZNQ,related to,Xbox Series S
B08MKVBZNQ,related to,Xbox One
B08MKVBZNQ,related to,PlayStation 5
B08MKVBZNQ,related to,PlayStation 4
B08MKVBZNQ,related to,PC Games
B08MKVBZNQ,related to,Xbox Games
B08MKVBZNQ,related to,PlayStation Games
B08MKVBZNQ,related to,Nintendo Games
B08MKVBZNQ,related to,Xbox Controllers
B00PIEI1DG,related to,Nintendo
B00PIEI1DG,related to,Nintendo Switch
B00PIEI1DG,related to,Games
B00PIEI1DG,related to,Nintendo Switch Lite
B00PIEI1DG,related to,Nintendo 3DS
B00PIEI1DG,related to,Xbox Games
B00PIEI1DG,related to,Nintendo Games
B00PIEI1DG,related to,Nintendo Controllers
B005VBVQBU,related to,Xbox
B005VBVQBU,related to,Nintendo
B005VBVQBU,related to,Games
B005VBVQBU,related to,Xbox Series X
B005VBVQBU,related to,Xbox Series S
B005VBVQBU,related to,Xbox One
B005VBVQBU,related to,PlayStation 5
B005VBVQBU,related to,PlayStation 4
B005VBVQBU,related to,Xbox Games
B005VBVQBU,related to,PC Games
B005VBVQBU,related to,PlayStation Games
B005VBVQBU,related to,Nintendo Games
B018ZOM55U,related to,Xbox
B018ZOM55U,related to,PlayStation
B018ZOM55U,related to,Nintendo
B018ZOM55U,related to,Xbox One
B018ZOM55U,related to,PlayStation 5
B018ZOM55U,related to,PlayStation 4
B018ZOM55U,related to,PlayStation Vita
B018ZOM55U,related to,PC Games
B018ZOM55U,related to,Xbox Games
B018ZOM55U,related to,PlayStation Games
B018ZOM55U,related to,PlayStation Controllers
B018ZOM55U,related to,Nintendo Games
B00ELJRO1E,related to,Games
B00ELJRO1E,related to,PC Games
B001EYUTS4,related to,Games
B001EYUTS4,related to,Xbox
B001EYUTS4,related to,Xbox Series X
B001EYUTS4,related to,Xbox Series S
B001EYUTS4,related to,Xbox One
B001EYUTS4,related to,PlayStation 5
B001EYUTS4,related to,PlayStation 4
B001EYUTS4,related to,Xbox Games
B001EYUTS4,related to,Xbox Controllers
B07TYMMK9F,related to,Gaming Peripherals
B07TYMMK9F,related to,Games
B07TYMMK9F,related to,Xbox
B07TYMMK9F,related to,Nintendo
B07TYMMK9F,related to,Gaming Accessories
B07TYMMK9F,related to,PC Games
B07TYMMK9F,related to,Xbox Games
B07TYMMK9F,related to,Xbox One
B07TYMMK9F,related to,PlayStation 5
B07TYMMK9F,related to,PlayStation Games
B07TYMMK9F,related to,Nintendo Games
B08LWZKT3K,related to,Xbox
B08LWZKT3K,related to,PlayStation
B08LWZKT3K,related to,Nintendo
B08LWZKT3K,related to,Gaming Peripherals
B08LWZKT3K,related to,Gaming Accessories
B08LWZKT3K,related to,Games
B08LWZKT3K,related to,Xbox One
B08LWZKT3K,related to,PlayStation 5
B08LWZKT3K,related to,PlayStation 4
B08LWZKT3K,related to,PC Games
B08LWZKT3K,related to,Xbox Games
B08LWZKT3K,related to,PlayStation Games
B08LWZKT3K,related to,Nintendo Games
B003MQMD2W,related to,PlayStation
B003MQMD2W,related to,Nintendo
B003MQMD2W,related to,Nintendo Switch
B003MQMD2W,related to,Xbox
B003MQMD2W,related to,Gaming Accessories
B003MQMD2W,related to,Games
B003MQMD2W,related to,PlayStation 5
B003MQMD2W,related to,PlayStation 4
B003MQMD2W,related to,PlayStation Vita
B003MQMD2W,related to,PlayStation Games
B003MQMD2W,related to,PlayStation Controllers
B003MQMD2W,related to,Nintendo Games
B003MQMD2W,related to,Nintendo Controllers
B003MQMD2W,related to,Xbox One
B003MQMD2W,related to,Xbox Games
B003MQMD2W,related to,Xbox Series X
B003MQMD2W,related to,Xbox Series S
B003MQMD2W,related to,PC Games
B003MQMD2W,related to,Xbox Controllers
B003WIGKZQ,related to,Xbox
B003WIGKZQ,related to,Xbox One
B003WIGKZQ,related to,Xbox Games
B075DYWK2H,related to,Nintendo
B075DYWK2H,related to,Nintendo Switch
B075DYWK2H,related to,Games
B075DYWK2H,related to,Nintendo Switch Lite
B075DYWK2H,related to,Nintendo 3DS
B075DYWK2H,related to,Nintendo Games
B075DYWK2H,related to,Switch Cases
B075DYWK2H,related to,Nintendo Controllers
B075DYWK2H,related to,PC Games
B075DYWK2H,related to,Xbox Games
B075DYWK2H,related to,PlayStation Games
B0C4KN63KM,related to,Hardware
B0761RHT1R,related to,PlayStation
B0761RHT1R,related to,Controllers
B0761RHT1R,related to,PlayStation 5
B0761RHT1R,related to,PlayStation 4
B0761RHT1R,related to,PlayStation Vita
B0761RHT1R,related to,PlayStation Games
B0761RHT1R,related to,Xbox Controllers
B0761RHT1R,related to,PlayStation Controllers
B0761RHT1R,related to,Nintendo Controllers
B000SQ5LQE,related to,PlayStation
B000SQ5LQE,related to,PlayStation 5
B000SQ5LQE,related to,PlayStation 4
B000SQ5LQE,related to,PlayStation Vita
B000SQ5LQE,related to,PlayStation Games
B000SQ5LQE,related to,PlayStation Controllers
B014EZ460G,related to,Gaming Peripherals
B014EZ460G,related to,Gaming Accessories
B00FBM6GAK,related to,PlayStation
B00FBM6GAK,related to,PlayStation 5
B00FBM6GAK,related to,PlayStation 4
B00FBM6GAK,related to,PlayStation Vita
B00FBM6GAK,related to,PlayStation Games
B00FBM6GAK,related to,PlayStation Controllers
B00BSWYN2K,related to,Xbox
B00BSWYN2K,related to,PlayStation
B00BSWYN2K,related to,Games
B00BSWYN2K,related to,Xbox One
B00BSWYN2K,related to,PlayStation 5
B00BSWYN2K,related to,PlayStation 4
B00BSWYN2K,related to,PlayStation Vita
B00BSWYN2K,related to,Xbox Games
B00BSWYN2K,related to,PlayStation Games
B00BSWYN2K,related to,PlayStation Controllers
B00BSWYN2K,related to,PC Games
B00JQMARO2,related to,PlayStation
B00JQMARO2,related to,Nintendo
B00JQMARO2,related to,Nintendo Switch
B00JQMARO2,related to,Gaming Peripherals
B00JQMARO2,related to,Gaming Accessories
B00JQMARO2,related to,Games
B00JQMARO2,related to,PlayStation 5
B00JQMARO2,related to,PlayStation 4
B00JQMARO2,related to,PlayStation Vita
B00JQMARO2,related to,Nintendo 3DS
B00JQMARO2,related to,PlayStation Games
B00JQMARO2,related to,Nintendo Games
B00JQMARO2,related to,PC Games
B00JQMARO2,related to,Xbox Games
B01GOK2DW2,related to,Headsets
B01GOK2DW2,related to,VR Headsets
B01GOK2DW2,related to,Gaming Headsets
B016A5NY06,related to,Gaming Peripherals
B016A5NY06,related to,Gaming Accessories
B01JY2YNF2,related to,PlayStation
B01JY2YNF2,related to,Gaming Peripherals
B01JY2YNF2,related to,Gaming Accessories
B01JY2YNF2,related to,PlayStation 5
B01JY2YNF2,related to,PlayStation 4
B01JY2YNF2,related to,PlayStation Games
B01JY2YNF2,related to,PlayStation Controllers
B00B7UHWB2,related to,Xbox
B00B7UHWB2,related to,Games
B00B7UHWB2,related to,Xbox Series X
B00B7UHWB2,related to,Xbox Series S
B00B7UHWB2,related to,Xbox One
B00B7UHWB2,related to,PlayStation 5
B00B7UHWB2,related to,PlayStation 4
B00B7UHWB2,related to,Xbox Games
B00B7UHWB2,related to,Xbox Controllers
B00B7UHWB2,related to,PC Games
B00B7UHWB2,related to,PlayStation Games
B00B7UHWB2,related to,Nintendo Games
B002SN0VDS,related to,Games
B002SN0VDS,related to,PlayStation
B002SN0VDS,related to,Nintendo
B002SN0VDS,related to,Nintendo Switch
B002SN0VDS,related to,Xbox Series S
B002SN0VDS,related to,PlayStation 5
B002SN0VDS,related to,PlayStation 4
B002SN0VDS,related to,Nintendo 3DS
B002SN0VDS,related to,Xbox Games
B002SN0VDS,related to,PlayStation Games
B002SN0VDS,related to,Nintendo Games
B002SN0VDS,related to,Nintendo Controllers
B001EYUX3K,related to,PlayStation
B001EYUX3K,related to,Gaming Accessories
B001EYUX3K,related to,Xbox One
B001EYUX3K,related to,PlayStation 5
B001EYUX3K,related to,PlayStation 4
B001EYUX3K,related to,PlayStation Vita
B001EYUX3K,related to,PC Games
B001EYUX3K,related to,Xbox Games
B001EYUX3K,related to,PlayStation Games
B001EYUX3K,related to,PlayStation Controllers
B00I5KSVKS,related to,Games
B00I5KSVKS,related to,PC Games
B00I5KSVKS,related to,PlayStation Games
B00I5KSVKS,related to,Nintendo Games
B07BTXVQMJ,related to,Gaming Peripherals
B07BTXVQMJ,related to,Gaming Accessories
B07BTXVQMJ,related to,Games
B07BTXVQMJ,related to,PC Games
B07BTXVQMJ,related to,Xbox Games
B07BTXVQMJ,related to,PlayStation Games
B07BTXVQMJ,related to,Nintendo Games
B07BTXVQMJ,related to,Gaming Headsets
B001E91P82,related to,PlayStation
B001E91P82,related to,Nintendo
B001E91P82,related to,Nintendo Switch
B001E91P82,related to,Gaming Accessories
B001E91P82,related to,Games
B001E91P82,related to,Xbox Series S
B001E91P82,related to,PlayStation 5
B001E91P82,related to,PlayStation 4
B001E91P82,related to,Nintendo 3DS
B001E91P82,related to,Xbox Games
B001E91P82,related to,PlayStation Games
B001E91P82,related to,Nintendo Games
B001E91P82,related to,Nintendo Controllers
B001E91P82,related to,PC Games
B09TH6Y876,related to,Nintendo Switch
B09TH6Y876,related to,Hardware
B09TH6Y876,related to,Xbox
B09TH6Y876,related to,PlayStation
B09TH6Y876,related to,Nintendo
B09TH6Y876,related to,Gaming Accessories
B09TH6Y876,related to,Games
B09TH6Y876,related to,Nintendo Switch Lite
B09TH6Y876,related to,Switch Cases
B09TH6Y876,related to,Xbox One
B09TH6Y876,related to,PlayStation 5
B09TH6Y876,related to,PlayStation 4
B09TH6Y876,related to,Nintendo 3DS
B09TH6Y876,related to,PC Games
B09TH6Y876,related to,Xbox Games
B09TH6Y876,related to,PlayStation Games
B09TH6Y876,related to,Nintendo Games
B09TH6Y876,related to,Nintendo Controllers
B01FGR778O,related to,Hardware
B01FGR778O,related to,PlayStation
B01FGR778O,related to,Nintendo
B01FGR778O,related to,Gaming Peripherals
B01FGR778O,related to,Gaming Accessories
B01FGR778O,related to,Games
B01FGR778O,related to,PC Games
B01FGR778O,related to,Xbox Games
B01FGR778O,related to,PlayStation Games
B01FGR778O,related to,Nintendo Games
B07CPZ3PJG,related to,PlayStation
B07CPZ3PJG,related to,Xbox Series X
B07CPZ3PJG,related to,PlayStation 5
B07CPZ3PJG,related to,PlayStation 4
B07CPZ3PJG,related to,PlayStation Vita
B07CPZ3PJG,related to,PlayStation Games
B07CPZ3PJG,related to,PlayStation Controllers
B00G2F1N80,related to,Xbox
B00G2F1N80,related to,Gaming Peripherals
B00G2F1N80,related to,Gaming Accessories
B00G2F1N80,related to,Games
B00G2F1N80,related to,PC Games
B00G2F1N80,related to,Xbox Games
B00G2F1N80,related to,PlayStation Games
B00G2F1N80,related to,Nintendo Games
B00G2F1N80,related to,Gaming Headsets
B0191J0SES,related to,Xbox
B0191J0SES,related to,Xbox Series X
B0191J0SES,related to,Xbox Series S
B0191J0SES,related to,Xbox One
B0191J0SES,related to,Xbox Games
B0191J0SES,related to,Xbox Controllers
B001P1ZE68,related to,Nintendo
B001P1ZE68,related to,Nintendo Switch
B001P1ZE68,related to,Nintendo Games
B001P1ZE68,related to,Nintendo Switch Lite
B001P1ZE68,related to,Nintendo 3DS
B001P1ZE68,related to,Nintendo Controllers
B001EZ8IBS,related to,Nintendo
B001EZ8IBS,related to,Nintendo Switch
B001EZ8IBS,related to,Games
B001EZ8IBS,related to,Nintendo 3DS
B001EZ8IBS,related to,PC Games
B001EZ8IBS,related to,Xbox Games
B001EZ8IBS,related to,PlayStation Games
B001EZ8IBS,related to,Nintendo Games
B001EZ8IBS,related to,Nintendo Controllers
B000056KDY,related to,Games
B001EYUQDW,related to,PlayStation
B001EYUQDW,related to,PlayStation 5
B001EYUQDW,related to,PlayStation 4
B001EYUQDW,related to,PlayStation Games
B001EYUQDW,related to,PlayStation Controllers
B01953Z1QA,related to,Xbox
B01953Z1QA,related to,PlayStation
B01953Z1QA,related to,Xbox One
B01953Z1QA,related to,PlayStation 5
B01953Z1QA,related to,PlayStation 4
B01953Z1QA,related to,PlayStation Vita
B01953Z1QA,related to,Xbox Games
B01953Z1QA,related to,PlayStation Games
B01953Z1QA,related to,PlayStation Controllers
B001EYUSL2,related to,Nintendo
B001EYUSL2,related to,Games
B001EYUSL2,related to,Xbox
B001EYUSL2,related to,PC Games
B001EYUSL2,related to,Xbox Games
B001EYUSL2,related to,PlayStation Games
B001EYUSL2,related to,Nintendo Games
B001EYUSL2,related to,Xbox One
B00WHHEFO6,related to,Xbox
B00WHHEFO6,related to,PlayStation
B00WHHEFO6,related to,Games
B00WHHEFO6,related to,Xbox Series X
B00WHHEFO6,related to,Xbox Series S
B00WHHEFO6,related to,Xbox One
B00WHHEFO6,related to,PlayStation 5
B00WHHEFO6,related to,PlayStation 4
B00WHHEFO6,related to,PlayStation Vita
B00WHHEFO6,related to,PC Games
B00WHHEFO6,related to,Xbox Games
B00WHHEFO6,related to,PlayStation Games
B00WHHEFO6,related to,PlayStation Controllers
B001QCWSJC,related to,Xbox
B001QCWSJC,related to,PlayStation
B001QCWSJC,related to,Xbox Series X
B001QCWSJC,related to,Xbox Series S
B001QCWSJC,related to,Xbox One
B001QCWSJC,related to,PlayStation 5
B001QCWSJC,related to,PlayStation 4
B001QCWSJC,related to,PC Games
B001QCWSJC,related to,Xbox Games
B001QCWSJC,related to,Xbox Controllers
B07H25X279,related to,Gaming Accessories
B07H25X279,related to,Games
B07H25X279,related to,Controllers
B07H25X279,related to,PC Games
B07H25X279,related to,Xbox Games
B07H25X279,related to,PlayStation Games
B07H25X279,related to,Nintendo Games
B07H25X279,related to,Xbox Controllers
B07H25X279,related to,PlayStation Controllers
B07H25X279,related to,Nintendo Controllers
B01K2O2RSG,related to,Games
B01K2O2RSG,related to,PC Games
B01MSZKEU2,related to,Controllers
B01MSZKEU2,related to,Gaming Peripherals
B01MSZKEU2,related to,Gaming Accessories
B002765A4Q,related to,PlayStation
B002765A4Q,related to,Nintendo
B002765A4Q,related to,Gaming Accessories
B002765A4Q,related to,Games
B002765A4Q,related to,PlayStation 5
B002765A4Q,related to,PlayStation 4
B002765A4Q,related to,PC Games
B002765A4Q,related to,Xbox Games
B002765A4Q,related to,PlayStation Games
B002765A4Q,related to,Nintendo Games
B00000K3QV,related to,PlayStation
B00000K3QV,related to,Nintendo
B00000K3QV,related to,Gaming Accessories
B00000K3QV,related to,Games
B00000K3QV,related to,PC Games
B00000K3QV,related to,Xbox Games
B00000K3QV,related to,PlayStation Games
B00000K3QV,related to,Nintendo Games
B07R9PBHP2,related to,Gaming Peripherals
B07R9PBHP2,related to,Gaming Accessories
B07R9PBHP2,related to,Games
B07R9PBHP2,related to,Xbox
B07R9PBHP2,related to,PC Games
B07R9PBHP2,related to,Xbox Games
B07R9PBHP2,related to,PlayStation Games
B07R9PBHP2,related to,Nintendo Games
B07R9PBHP2,related to,Gaming Headsets
B07R9PBHP2,related to,Xbox Series X
B07R9PBHP2,related to,Xbox Series S
B07R9PBHP2,related to,Xbox One
B07R9PBHP2,related to,PlayStation 5
B07R9PBHP2,related to,PlayStation 4
B07R9PBHP2,related to,Xbox Controllers
B0BL3CW73P,related to,Xbox
B0BL3CW73P,related to,PlayStation
B0BL3CW73P,related to,Nintendo
B0BL3CW73P,related to,Gaming Peripherals
B0BL3CW73P,related to,Gaming Accessories
B0BL3CW73P,related to,Games
B0BL3CW73P,related to,Nintendo Switch
B0BL3CW73P,related to,Headsets
B0BL3CW73P,related to,Xbox One
B0BL3CW73P,related to,PlayStation 5
B0BL3CW73P,related to,PlayStation 4
B0BL3CW73P,related to,PC Games
B0BL3CW73P,related to,Xbox Games
B0BL3CW73P,related to,PlayStation Games
B0BL3CW73P,related to,Nintendo Games
B0C5C8WLVB,related to,Xbox
B0C5C8WLVB,related to,PlayStation
B0C5C8WLVB,related to,Nintendo
B0C5C8WLVB,related to,Gaming Peripherals
B0C5C8WLVB,related to,Gaming Accessories
B0C5C8WLVB,related to,Games
B0C5C8WLVB,related to,Storage Cases
B0C5C8WLVB,related to,Xbox Series S
B0C5C8WLVB,related to,Xbox One
B0C5C8WLVB,related to,PlayStation 5
B0C5C8WLVB,related to,PlayStation 4
B0C5C8WLVB,related to,PlayStation Vita
B0C5C8WLVB,related to,PC Games
B0C5C8WLVB,related to,Xbox Games
B0C5C8WLVB,related to,PlayStation Games
B0C5C8WLVB,related to,Nintendo Games
B0C5C8WLVB,related to,Gaming Headsets
B0C5C8WLVB,related to,PlayStation Controllers
B07MSJCJ1Q,related to,Nintendo
B07MSJCJ1Q,related to,Nintendo Switch
B07MSJCJ1Q,related to,Games
B07MSJCJ1Q,related to,Nintendo Switch Lite
B07MSJCJ1Q,related to,Nintendo 3DS
B07MSJCJ1Q,related to,Nintendo Games
B07MSJCJ1Q,related to,Switch Cases
B07MSJCJ1Q,related to,Nintendo Controllers
B000GSQ6QS,related to,Gaming Accessories
B000GSQ6QS,related to,Games
B000GSQ6QS,related to,PlayStation
B000GSQ6QS,related to,Nintendo
B000GSQ6QS,related to,Nintendo Switch
B000GSQ6QS,related to,Xbox
B000GSQ6QS,related to,PC Games
B000GSQ6QS,related to,Xbox Games
B000GSQ6QS,related to,PlayStation Games
B000GSQ6QS,related to,Nintendo Games
B000GSQ6QS,related to,PlayStation 5
B000GSQ6QS,related to,PlayStation 4
B000GSQ6QS,related to,Nintendo 3DS
B000GSQ6QS,related to,Xbox One
B07RP44YPV,related to,PlayStation
B07RP44YPV,related to,Nintendo
B07RP44YPV,related to,Gaming Accessories
B07RP44YPV,related to,Games
B07RP44YPV,related to,PlayStation 5
B07RP44YPV,related to,PlayStation 4
B07RP44YPV,related to,PC Games
B07RP44YPV,related to,Xbox Games
B07RP44YPV,related to,PlayStation Games
B07RP44YPV,related to,Nintendo Games
B07Y5Z1WJ3,related to,Xbox
B07Y5Z1WJ3,related to,Xbox Series X
B07Y5Z1WJ3,related to,Xbox Series S
B07Y5Z1WJ3,related to,Xbox One
B07Y5Z1WJ3,related to,PlayStation 5
B07Y5Z1WJ3,related to,PlayStation 4
B07Y5Z1WJ3,related to,Xbox Games
B07Y5Z1WJ3,related to,Xbox Controllers
B0749HKP56,related to,PlayStation
B0749HKP56,related to,Gaming Peripherals
B0749HKP56,related to,Gaming Accessories
B0749HKP56,related to,Games
B0749HKP56,related to,PlayStation 5
B0749HKP56,related to,PlayStation 4
B0749HKP56,related to,PlayStation Vita
B0749HKP56,related to,PlayStation Games
B0749HKP56,related to,PlayStation Controllers
B0749HKP56,related to,PC Games
B0749HKP56,related to,Xbox Games
B0749HKP56,related to,Nintendo Games
B0754LGLFP,related to,Gaming Peripherals
B0754LGLFP,related to,Gaming Accessories
B0754LGLFP,related to,Games
B0754LGLFP,related to,PC Games
B0754LGLFP,related to,Xbox Games
B0754LGLFP,related to,PlayStation Games
B0754LGLFP,related to,Nintendo Games
B00000DMAR,related to,Games
B00000DMAR,related to,Xbox Games
B0056BDZXM,related to,Nintendo
B0056BDZXM,related to,Gaming Accessories
B0056BDZXM,related to,Games
B0056BDZXM,related to,Nintendo 3DS
B0056BDZXM,related to,PC Games
B0056BDZXM,related to,Xbox Games
B0056BDZXM,related to,PlayStation Games
B0056BDZXM,related to,Nintendo Games
B004CDGG4U,related to,Games
B0000524R7,related to,Gaming Accessories
B0000524R7,related to,Games
B0000524R7,related to,PC Games
B0000524R7,related to,Xbox Games
B0000524R7,related to,PlayStation Games
B0000524R7,related to,Nintendo Games
B0C413LY53,related to,Controllers
B0C413LY53,related to,Nintendo Switch
B0C413LY53,related to,Xbox Controllers
B0C413LY53,related to,Nintendo Controllers
B0C413LY53,related to,Nintendo Switch Lite
B07XYPDH7T,related to,Xbox
B07XYPDH7T,related to,Xbox Series X
B07XYPDH7T,related to,Xbox Series S
B07XYPDH7T,related to,Xbox One
B07XYPDH7T,related to,PC Games
B07XYPDH7T,related to,Xbox Games
B07XYPDH7T,related to,Xbox Controllers
B003SNJP48,related to,Nintendo 3DS
B00DQNEUXG,related to,PlayStation
B00DQNEUXG,related to,Xbox One
B00DQNEUXG,related to,PlayStation 5
B00DQNEUXG,related to,PlayStation 4
B00DQNEUXG,related to,PlayStation Vita
B00DQNEUXG,related to,PC Games
B00DQNEUXG,related to,Xbox Games
B00DQNEUXG,related to,PlayStation Games
B00DQNEUXG,related to,PlayStation Controllers
B09227FKDC,related to,Gaming Peripherals
B09227FKDC,related to,Games
B09227FKDC,related to,Gaming Accessories
B09227FKDC,related to,PC Games
B09227FKDC,related to,Xbox Games
B09227FKDC,related to,Gaming Headsets
B001EYUXOY,related to,Xbox
B001EYUXOY,related to,PlayStation
B001EYUXOY,related to,Xbox One
B001EYUXOY,related to,PlayStation 5
B001EYUXOY,related to,PlayStation 4
B001EYUXOY,related to,PlayStation Vita
B001EYUXOY,related to,Xbox Games
B001EYUXOY,related to,PlayStation Games
B001EYUXOY,related to,PlayStation Controllers
B0926S3XJ6,related to,Controllers
B0926S3XJ6,related to,VR Headsets
B0926S3XJ6,related to,Xbox Controllers
B0926S3XJ6,related to,PlayStation Controllers
B0926S3XJ6,related to,Nintendo Controllers
B0753G7P2Q,related to,Xbox
B0753G7P2Q,related to,PlayStation
B0753G7P2Q,related to,Xbox One
B0753G7P2Q,related to,PlayStation 5
B0753G7P2Q,related to,PlayStation 4
B0753G7P2Q,related to,PlayStation Vita
B0753G7P2Q,related to,PlayStation Games
B0753G7P2Q,related to,PlayStation Controllers
B0007WWYLY,related to,PlayStation
B0007WWYLY,related to,Nintendo
B0007WWYLY,related to,Games
B0007WWYLY,related to,PlayStation 5
B0007WWYLY,related to,PlayStation 4
B0007WWYLY,related to,PC Games
B0007WWYLY,related to,Xbox Games
B0007WWYLY,related to,PlayStation Games
B0007WWYLY,related to,Nintendo Games
B00004W4VE,related to,Nintendo
B00004W4VE,related to,Nintendo Switch
B00004W4VE,related to,Nintendo 3DS
B00004W4VE,related to,Nintendo Games
B00004W4VE,related to,Nintendo Controllers
B001EYUNNU,related to,Xbox
B001EYUNNU,related to,PlayStation
B001EYUNNU,related to,Nintendo
B001EYUNNU,related to,Gaming Peripherals
B001EYUNNU,related to,Xbox Series X
B001EYUNNU,related to,Xbox Series S
B001EYUNNU,related to,Xbox One
B001EYUNNU,related to,PlayStation 5
B001EYUNNU,related to,PlayStation 4
B001EYUNNU,related to,PlayStation Vita
B001EYUNNU,related to,PC Games
B001EYUNNU,related to,Xbox Games
B001EYUNNU,related to,PlayStation Games
B001EYUNNU,related to,Xbox Controllers
B003CJLOEM,related to,Games
B003CJLOEM,related to,PC Games
B005Z3DYPK,related to,Games
B005Z3DYPK,related to,Gaming Peripherals
B005Z3DYPK,related to,Gaming Accessories
B07YHGBJY6,related to,Xbox
B07YHGBJY6,related to,PlayStation
B07YHGBJY6,related to,Nintendo
B07YHGBJY6,related to,Gaming Accessories
B07YHGBJY6,related to,Games
B07YHGBJY6,related to,Xbox One
B07YHGBJY6,related to,PlayStation 5
B07YHGBJY6,related to,PlayStation 4
B07YHGBJY6,related to,PlayStation Vita
B07YHGBJY6,related to,PC Games
B07YHGBJY6,related to,Xbox Games
B07YHGBJY6,related to,PlayStation Games
B07YHGBJY6,related to,Nintendo Games
B07YHGBJY6,related to,PlayStation Controllers
B0038LE5UE,related to,Gaming Peripherals
B0038LE5UE,related to,Gaming Accessories
B0038LE5UE,related to,Games
B0038LE5UE,related to,Controllers
B0038LE5UE,related to,Xbox
B0038LE5UE,related to,PlayStation
B0038LE5UE,related to,Nintendo
B0038LE5UE,related to,PC Games
B0038LE5UE,related to,Xbox Games
B0038LE5UE,related to,PlayStation Games
B0038LE5UE,related to,Nintendo Games
B0038LE5UE,related to,Gaming Headsets
B0038LE5UE,related to,Nintendo Controllers
B0038LE5UE,related to,Xbox Series S
B0038LE5UE,related to,Xbox One
B0038LE5UE,related to,PlayStation 5
B0038LE5UE,related to,PlayStation 4
B0038LE5UE,related to,PlayStation Vita
B0038LE5UE,related to,PlayStation Controllers
B000GPVUOY,related to,Games
B000GPVUOY,related to,Xbox
B000GPVUOY,related to,PC Games
B000GPVUOY,related to,Xbox Games
B000GPVUOY,related to,Nintendo Games
B000GPVUOY,related to,Xbox Series X
B000GPVUOY,related to,Xbox Series S
B000GPVUOY,related to,Xbox One
B000GPVUOY,related to,PlayStation 5
B000GPVUOY,related to,PlayStation 4
B000GPVUOY,related to,Xbox Controllers
B07G1513J4,related to,Gaming Peripherals
B07G1513J4,related to,Gaming Accessories
B07G1513J4,related to,Games
B07G1513J4,related to,Headsets
B07G1513J4,related to,VR Headsets
B07G1513J4,related to,PC Games
B07G1513J4,related to,Xbox Games
B07G1513J4,related to,PlayStation Games
B07G1513J4,related to,Nintendo Games
B07G1513J4,related to,Gaming Headsets
B07TWHWPKD,related to,Xbox
B07TWHWPKD,related to,PlayStation
B07TWHWPKD,related to,Xbox Series X
B07TWHWPKD,related to,Xbox Series S
B07TWHWPKD,related to,Xbox One
B07TWHWPKD,related to,PlayStation 5
B07TWHWPKD,related to,PlayStation 4
B07TWHWPKD,related to,PlayStation Vita
B07TWHWPKD,related to,Xbox Games
B07TWHWPKD,related to,PlayStation Games
B07TWHWPKD,related to,PlayStation Controllers
B07ST1PJQY,related to,Games
B07ST1PJQY,related to,PC Games
B07ST1PJQY,related to,Xbox Games
B07ST1PJQY,related to,Nintendo Games
B06Y2LGTW3,related to,Xbox
B06Y2LGTW3,related to,PlayStation
B06Y2LGTW3,related to,Xbox Series X
B06Y2LGTW3,related to,Xbox Series S
B06Y2LGTW3,related to,Xbox One
B06Y2LGTW3,related to,PlayStation 5
B06Y2LGTW3,related to,PlayStation 4
B06Y2LGTW3,related to,Xbox Games
B06Y2LGTW3,related to,Xbox Controllers
B06Y2LGTW3,related to,PlayStation Controllers
B07NSNDHK2,related to,PlayStation
B07NSNDHK2,related to,Gaming Peripherals
B07NSNDHK2,related to,Gaming Accessories
B07NSNDHK2,related to,Games
B07NSNDHK2,related to,PC Games
B07NSNDHK2,related to,Xbox Games
B07NSNDHK2,related to,PlayStation Games
B07NSNDHK2,related to,Nintendo Games
B0024MJ8XC,related to,Nintendo
B0024MJ8XC,related to,Nintendo Switch
B0024MJ8XC,related to,Controllers
B0024MJ8XC,related to,Nintendo Switch Lite
B0024MJ8XC,related to,Nintendo 3DS
B0024MJ8XC,related to,Nintendo Games
B0024MJ8XC,related to,Switch Cases
B0024MJ8XC,related to,Nintendo Controllers
B0024MJ8XC,related to,Xbox Controllers
B0024MJ8XC,related to,PlayStation Controllers
B078FBVJMB,related to,Games
B078FBVJMB,related to,Hardware
B078FBVJMB,related to,PC Games
B078FBVJMB,related to,PlayStation Games
B00KHJLUZ8,related to,PlayStation
B00KHJLUZ8,related to,Nintendo
B00KHJLUZ8,related to,Gaming Accessories
B00KHJLUZ8,related to,Games
B00KHJLUZ8,related to,PlayStation 5
B00KHJLUZ8,related to,PlayStation 4
B00KHJLUZ8,related to,PC Games
B00KHJLUZ8,related to,Xbox Games
B00KHJLUZ8,related to,PlayStation Games
B00KHJLUZ8,related to,Nintendo Games
B01AMD7HSW,related to,Games
B00CPTTIA2,related to,PlayStation
B00CPTTIA2,related to,PlayStation 5
B00CPTTIA2,related to,PlayStation 4
B00CPTTIA2,related to,PlayStation Vita
B00CPTTIA2,related to,PlayStation Games
B00CPTTIA2,related to,PlayStation Controllers
B00B1NZN5M,related to,Xbox
B08ZH4XXNY,related to,Nintendo
B08ZH4XXNY,related to,Nintendo Switch
B08ZH4XXNY,related to,Controllers
B08ZH4XXNY,related to,Games
B08ZH4XXNY,related to,Nintendo 3DS
B08ZH4XXNY,related to,Nintendo Games
B08ZH4XXNY,related to,Nintendo Controllers
B08ZH4XXNY,related to,Xbox Controllers
B08ZH4XXNY,related to,PlayStation Controllers
B08ZH4XXNY,related to,Nintendo Switch Lite
B08ZH4XXNY,related to,PC Games
B08ZH4XXNY,related to,Xbox Games
B08ZH4XXNY,related to,PlayStation Games
B08ZH4XXNY,related to,Switch Cases
B00005NN79,related to,Xbox
B00005NN79,related to,PlayStation
B00005NN79,related to,Nintendo
B00005NN79,related to,Gaming Peripherals
B00005NN79,related to,Gaming Accessories
B00005NN79,related to,Games
B00005NN79,related to,Xbox Series S
B00005NN79,related to,Xbox One
B00005NN79,related to,PlayStation 5
B00005NN79,related to,PlayStation 4
B00005NN79,related to,PlayStation Vita
B00005NN79,related to,PC Games
B00005NN79,related to,Xbox Games
B00005NN79,related to,PlayStation Games
B00005NN79,related to,Nintendo Games
B00005NN79,related to,Gaming Headsets
B00005NN79,related to,PlayStation Controllers
B0002XJBGE,related to,Xbox
B0002XJBGE,related to,PlayStation
B0002XJBGE,related to,Nintendo
B0002XJBGE,related to,Gaming Peripherals
B0002XJBGE,related to,Gaming Accessories
B0002XJBGE,related to,Games
B0002XJBGE,related to,Xbox One
B0002XJBGE,related to,PlayStation 5
B0002XJBGE,related to,PlayStation 4
B0002XJBGE,related to,PC Games
B0002XJBGE,related to,Xbox Games
B0002XJBGE,related to,PlayStation Games
B0002XJBGE,related to,Nintendo Games
B0002XJBGE,related to,Gaming Headsets
B0002AU13O,related to,Nintendo
B0002AU13O,related to,Games
B0002AU13O,related to,PC Games
B0002AU13O,related to,Xbox Games
B0002AU13O,related to,PlayStation Games
B0002AU13O,related to,Nintendo Games
B08KXQM9VS,related to,Gaming Peripherals
B08KXQM9VS,related to,Gaming Accessories
B08KXQM9VS,related to,Games
B08KXQM9VS,related to,Headsets
B08KXQM9VS,related to,Xbox
B08KXQM9VS,related to,PlayStation
B08KXQM9VS,related to,PC Games
B08KXQM9VS,related to,Xbox Games
B08KXQM9VS,related to,PlayStation Games
B08KXQM9VS,related to,Nintendo Games
B08KXQM9VS,related to,Gaming Headsets
B08KXQM9VS,related to,Xbox Series X
B08KXQM9VS,related to,Xbox One
B00005LOY9,related to,Games
B00005LOY9,related to,PC Games
B001NJKHWI,related to,Games
B001NJKHWI,related to,PC Games
B001NJKHWI,related to,Nintendo Games
B07XG71C43,related to,PlayStation
B07XG71C43,related to,Nintendo
B07XG71C43,related to,Nintendo Switch
B07XG71C43,related to,PlayStation 5
B07XG71C43,related to,PlayStation 4
B07XG71C43,related to,Nintendo 3DS
B07XG71C43,related to,Xbox Games
B07XG71C43,related to,PlayStation Games
B07XG71C43,related to,Nintendo Games
B07XG71C43,related to,Nintendo Controllers
B00WU8EEAC,related to,Gaming Peripherals
B00WU8EEAC,related to,Gaming Accessories
B00WU8EEAC,related to,Games
B00WU8EEAC,related to,Nintendo
B00WU8EEAC,related to,Nintendo Switch
B00WU8EEAC,related to,PC Games
B00WU8EEAC,related to,Xbox Games
B00WU8EEAC,related to,PlayStation Games
B00WU8EEAC,related to,Nintendo Games
B00WU8EEAC,related to,Gaming Headsets
B00WU8EEAC,related to,PlayStation 4
B00WU8EEAC,related to,Nintendo 3DS
B00WU8EEAC,related to,Nintendo Controllers
B01A8L6KKO,related to,Hardware
B01A8L6KKO,related to,Xbox
B01A8L6KKO,related to,PlayStation
B01A8L6KKO,related to,Nintendo
B01A8L6KKO,related to,Nintendo Switch
B01A8L6KKO,related to,Gaming Accessories
B01A8L6KKO,related to,Games
B01A8L6KKO,related to,Nintendo 3DS
B01A8L6KKO,related to,Xbox One
B01A8L6KKO,related to,PlayStation 5
B01A8L6KKO,related to,PlayStation 4
B01A8L6KKO,related to,Nintendo Switch Lite
B01A8L6KKO,related to,PC Games
B01A8L6KKO,related to,Xbox Games
B01A8L6KKO,related to,PlayStation Games
B01A8L6KKO,related to,Nintendo Games
B01A8L6KKO,related to,Nintendo Controllers
B00000I1BV,related to,Games
B0742DRGJT,related to,Nintendo 3DS
B07WWJDWY3,related to,Games
B079LX6459,related to,PlayStation
B079LX6459,related to,Gaming Peripherals
B079LX6459,related to,Gaming Accessories
B079LX6459,related to,Games
B079LX6459,related to,PlayStation 5
B079LX6459,related to,PlayStation 4
B079LX6459,related to,PC Games
B079LX6459,related to,Xbox Games
B079LX6459,related to,PlayStation Games
B079LX6459,related to,Nintendo Games
B079LX6459,related to,Gaming Headsets
B091F2J6BZ,related to,Gaming Accessories
B091F2J6BZ,related to,Games
B091F2J6BZ,related to,PC Games
B091F2J6BZ,related to,Xbox Games
B091F2J6BZ,related to,PlayStation Games
B091F2J6BZ,related to,Nintendo Games
B071JGB2CV,related to,Nintendo
B071JGB2CV,related to,Nintendo Switch
B071JGB2CV,related to,Games
B071JGB2CV,related to,Switch Cases
B071JGB2CV,related to,Nintendo 3DS
B071JGB2CV,related to,Nintendo Games
B071JGB2CV,related to,Nintendo Controllers
B00BCX2AZW,related to,Nintendo
B00BCX2AZW,related to,Games
B00BCX2AZW,related to,PlayStation
B00BCX2AZW,related to,Nintendo Switch
B00BCX2AZW,related to,Gaming Accessories
B00BCX2AZW,related to,PC Games
B00BCX2AZW,related to,Xbox Games
B00BCX2AZW,related to,PlayStation Games
B00BCX2AZW,related to,Nintendo Games
B00BCX2AZW,related to,Nintendo 3DS
B00BCX2AZW,related to,PlayStation 5
B00BCX2AZW,related to,PlayStation 4
B00BCX2AZW,related to,Xbox Controllers
B00BCX2AZW,related to,PlayStation Controllers
B00BCX2AZW,related to,Nintendo Controllers
B01FSSDOZQ,related to,Xbox
B01FSSDOZQ,related to,PlayStation
B01FSSDOZQ,related to,Games
B01FSSDOZQ,related to,Nintendo
B01FSSDOZQ,related to,Gaming Accessories
B01FSSDOZQ,related to,PC Games
B01FSSDOZQ,related to,Xbox Games
B01FSSDOZQ,related to,PlayStation Games
B01FSSDOZQ,related to,Xbox Series S
B01FSSDOZQ,related to,Xbox One
B01FSSDOZQ,related to,PlayStation 5
B01FSSDOZQ,related to,PlayStation 4
B01FSSDOZQ,related to,PlayStation Vita
B01FSSDOZQ,related to,Nintendo Games
B01FSSDOZQ,related to,PlayStation Controllers
B001EYUSB2,related to,Games
B001EYUSB2,related to,PC Games
B0052J8GF0,related to,Xbox
B0052J8GF0,related to,PlayStation
B0052J8GF0,related to,Nintendo
B0052J8GF0,related to,Nintendo Switch
B0052J8GF0,related to,Games
B0052J8GF0,related to,Xbox One
B0052J8GF0,related to,PlayStation 5
B0052J8GF0,related to,PlayStation 4
B0052J8GF0,related to,PlayStation Vita
B0052J8GF0,related to,Nintendo 3DS
B0052J8GF0,related to,Xbox Games
B0052J8GF0,related to,PlayStation Games
B0052J8GF0,related to,Nintendo Games
B0052J8GF0,related to,PlayStation Controllers
B0052J8GF0,related to,Nintendo Controllers
B072LQCQ87,related to,Nintendo
B072LQCQ87,related to,Nintendo Switch
B072LQCQ87,related to,Hardware
B072LQCQ87,related to,Xbox
B072LQCQ87,related to,PlayStation
B072LQCQ87,related to,Gaming Accessories
B072LQCQ87,related to,Games
B072LQCQ87,related to,Nintendo Switch Lite
B072LQCQ87,related to,Nintendo 3DS
B072LQCQ87,related to,Nintendo Games
B072LQCQ87,related to,Switch Cases
B072LQCQ87,related to,Nintendo Controllers
B072LQCQ87,related to,Xbox One
B072LQCQ87,related to,PlayStation 5
B072LQCQ87,related to,PlayStation 4
B072LQCQ87,related to,PC Games
B072LQCQ87,related to,Xbox Games
B072LQCQ87,related to,PlayStation Games
B000093NQG,related to,PlayStation
B000093NQG,related to,Games
B000093NQG,related to,PlayStation 5
B000093NQG,related to,PlayStation 4
B000093NQG,related to,PlayStation Vita
B000093NQG,related to,PlayStation Games
B000093NQG,related to,PlayStation Controllers
B000093NQG,related to,PC Games
B001EYUPO2,related to,Games
B001EYUPO2,related to,PC Games
B001EYUPO2,related to,Nintendo Games
B001EYUPO2,related to,Xbox Games
B001EYUPO2,related to,PlayStation Games
B0038X3ZVM,related to,Xbox
B0038X3ZVM,related to,Games
B0038X3ZVM,related to,PC Games
B0038X3ZVM,related to,Xbox Games
B0038X3ZVM,related to,Nintendo Games
B002JTX5UM,related to,Games
B002JTX5UM,related to,PC Games
B002JTX5UM,related to,Xbox Games
B002JTX5UM,related to,PlayStation Games
B002JTX5UM,related to,Nintendo Games
B003S3RFAY,related to,Nintendo
B003S3RFAY,related to,Games
B003S3RFAY,related to,PC Games
B003S3RFAY,related to,Xbox Games
B003S3RFAY,related to,PlayStation Games
B003S3RFAY,related to,Nintendo Games
B01M75B9XX,related to,Storage Cases
B01M75B9XX,related to,Headsets
B01M75B9XX,related to,VR Headsets
B01M75B9XX,related to,PlayStation
B01M75B9XX,related to,Switch Cases
B01M75B9XX,related to,Gaming Headsets
B01M75B9XX,related to,PlayStation 5
B01M75B9XX,related to,PlayStation 4
B01M75B9XX,related to,PlayStation Vita
B01M75B9XX,related to,PlayStation Games
B01M75B9XX,related to,PlayStation Controllers
B002WJ3CKM,related to,Games
B00OA7OE3I,related to,Nintendo
B00OA7OE3I,related to,Games
B00OA7OE3I,related to,PC Games
B00OA7OE3I,related to,Xbox Games
B00OA7OE3I,related to,PlayStation Games
B00OA7OE3I,related to,Nintendo Games
B00T73HPMM,related to,Nintendo
B00T73HPMM,related to,Games
B00T73HPMM,related to,PC Games
B00T73HPMM,related to,Xbox Games
B00T73HPMM,related to,PlayStation Games
B00T73HPMM,related to,Nintendo Games
B08Y8F24G5,related to,Gaming Peripherals
B08Y8F24G5,related to,Gaming Accessories
B08Y8F24G5,related to,Games
B08Y8F24G5,related to,PC Games
B08Y8F24G5,related to,Xbox Games
B08Y8F24G5,related to,PlayStation Games
B08Y8F24G5,related to,Nintendo Games
B08Y8F24G5,related to,Gaming Headsets
B00HVPFGD8,related to,Controllers
B00HVPFGD8,related to,Xbox
B00HVPFGD8,related to,Nintendo Controllers
B00HVPFGD8,related to,Xbox Games
B00HVPFGD8,related to,Xbox Series X
B00HVPFGD8,related to,Xbox Series S
B00HVPFGD8,related to,Xbox One
B00HVPFGD8,related to,PlayStation 4
B00HVPFGD8,related to,Xbox Controllers
B00H45K6LW,related to,PlayStation Vita
B00Z9TKWQO,related to,PlayStation
B00Z9TKWQO,related to,Nintendo
B00Z9TKWQO,related to,Nintendo Switch
B00Z9TKWQO,related to,Gaming Peripherals
B00Z9TKWQO,related to,Gaming Accessories
B00Z9TKWQO,related to,Games
B00Z9TKWQO,related to,PlayStation 5
B00Z9TKWQO,related to,PlayStation 4
B00Z9TKWQO,related to,Nintendo 3DS
B00Z9TKWQO,related to,PC Games
B00Z9TKWQO,related to,Xbox Games
B00Z9TKWQO,related to,PlayStation Games
B00Z9TKWQO,related to,Nintendo Games
B00Z9TKWQO,related to,Nintendo Controllers
B09GWRD24S,related to,Gaming Peripherals
B09GWRD24S,related to,Gaming Accessories
B00W50PXKA,related to,Hardware
B00W50PXKA,related to,Xbox
B00W50PXKA,related to,PlayStation
B00W50PXKA,related to,Nintendo
B00W50PXKA,related to,Nintendo Switch
B00W50PXKA,related to,Gaming Accessories
B00W50PXKA,related to,Games
B00W50PXKA,related to,Nintendo 3DS
B00W50PXKA,related to,Xbox One
B00W50PXKA,related to,PlayStation 5
B00W50PXKA,related to,PlayStation 4
B00W50PXKA,related to,Nintendo Switch Lite
B00W50PXKA,related to,PC Games
B00W50PXKA,related to,Xbox Games
B00W50PXKA,related to,PlayStation Games
B00W50PXKA,related to,Nintendo Games
B00W50PXKA,related to,Nintendo Controllers
B002JTX854,related to,Xbox
B002JTX854,related to,PlayStation
B002JTX854,related to,Nintendo
B002JTX854,related to,Gaming Accessories
B002JTX854,related to,Games
B002JTX854,related to,Xbox Series S
B002JTX854,related to,Xbox One
B002JTX854,related to,PlayStation 5
B002JTX854,related to,PlayStation 4
B002JTX854,related to,PlayStation Vita
B002JTX854,related to,PC Games
B002JTX854,related to,Xbox Games
B002JTX854,related to,PlayStation Games
B002JTX854,related to,Nintendo Games
B002JTX854,related to,PlayStation Controllers
B01MT1DCIV,related to,Gaming Peripherals
B01MT1DCIV,related to,Gaming Accessories
B01MT1DCIV,related to,Games
B01MT1DCIV,related to,PC Games
B01MT1DCIV,related to,Xbox Games
B01MT1DCIV,related to,PlayStation Games
B01MT1DCIV,related to,Nintendo Games
B01MT1DCIV,related to,Gaming Headsets
B000IZK3S6,related to,Xbox
B000IZK3S6,related to,PlayStation
B000IZK3S6,related to,Nintendo
B000IZK3S6,related to,Games
B000IZK3S6,related to,Xbox Series X
B000IZK3S6,related to,Xbox Series S
B000IZK3S6,related to,Xbox One
B000IZK3S6,related to,PlayStation 5
B000IZK3S6,related to,PlayStation 4
B000IZK3S6,related to,PlayStation Vita
B000IZK3S6,related to,Nintendo 3DS
B000IZK3S6,related to,PC Games
B000IZK3S6,related to,Xbox Games
B000IZK3S6,related to,PlayStation Games
B000IZK3S6,related to,PlayStation Controllers
B073P2H4J5,related to,Hardware
B073P2H4J5,related to,Gaming Peripherals
B073P2H4J5,related to,Games
B073P2H4J5,related to,PC Games
B073P2H4J5,related to,Xbox Games
B073P2H4J5,related to,PlayStation Games
B073P2H4J5,related to,Nintendo Games
B002EWD02C,related to,PlayStation
B002EWD02C,related to,Nintendo
B002EWD02C,related to,Gaming Accessories
B002EWD02C,related to,Games
B002EWD02C,related to,PlayStation 5
B002EWD02C,related to,PlayStation 4
B002EWD02C,related to,PC Games
B002EWD02C,related to,Xbox Games
B002EWD02C,related to,PlayStation Games
B002EWD02C,related to,Nintendo Games
B08CK63HXP,related to,Gaming Peripherals
B08CK63HXP,related to,Gaming Accessories
B08CK63HXP,related to,PlayStation
B08CK63HXP,related to,Nintendo
B08CK63HXP,related to,Nintendo Switch
B08CK63HXP,related to,Controllers
B08CK63HXP,related to,Xbox One
B08CK63HXP,related to,PlayStation 5
B08CK63HXP,related to,PlayStation 4
B08CK63HXP,related to,PlayStation Vita
B08CK63HXP,related to,PlayStation Games
B08CK63HXP,related to,Nintendo Games
B08CK63HXP,related to,Xbox Controllers
B08CK63HXP,related to,PlayStation Controllers
B08CK63HXP,related to,Nintendo Controllers
B08VRYZCSR,related to,Nintendo Switch
B08VRYZCSR,related to,Nintendo
B08VRYZCSR,related to,Nintendo Switch Lite
B08VRYZCSR,related to,Switch Cases
B08VRYZCSR,related to,Nintendo 3DS
B08VRYZCSR,related to,Nintendo Games
B08VRYZCSR,related to,Nintendo Controllers
B003WTMR7A,related to,Controllers
B003WTMR7A,related to,Gaming Peripherals
B003WTMR7A,related to,Xbox
B003WTMR7A,related to,PlayStation
B003WTMR7A,related to,Nintendo
B003WTMR7A,related to,Xbox Controllers
B003WTMR7A,related to,PlayStation Controllers
B003WTMR7A,related to,Nintendo Controllers
B003WTMR7A,related to,Xbox Series X
B003WTMR7A,related to,Xbox Series S
B003WTMR7A,related to,Xbox One
B003WTMR7A,related to,PlayStation 5
B003WTMR7A,related to,PlayStation 4
B003WTMR7A,related to,PlayStation Vita
B003WTMR7A,related to,PC Games
B003WTMR7A,related to,Xbox Games
B003WTMR7A,related to,PlayStation Games
B003LPTAM0,related to,Nintendo
B003LPTAM0,related to,Games
B003LPTAM0,related to,Nintendo Games
B003LPTAM0,related to,Nintendo Controllers
B003LPTAM0,related to,PC Games
B003LPTAM0,related to,Xbox Games
B003LPTAM0,related to,PlayStation Games
B01NAZ49SI,related to,Nintendo
B01NAZ49SI,related to,Nintendo Switch
B01NAZ49SI,related to,Nintendo Switch Lite
B01NAZ49SI,related to,Nintendo 3DS
B01NAZ49SI,related to,Nintendo Games
B01NAZ49SI,related to,Switch Cases
B01NAZ49SI,related to,Nintendo Controllers
B085QJSSQZ,related to,Gaming Peripherals
B085QJSSQZ,related to,Gaming Accessories
B09VYJWTDN,related to,Nintendo
B09VYJWTDN,related to,Nintendo Switch
B09VYJWTDN,related to,Gaming Peripherals
B09VYJWTDN,related to,Gaming Accessories
B09VYJWTDN,related to,Games
B09VYJWTDN,related to,Nintendo Switch Lite
B09VYJWTDN,related to,Nintendo 3DS
B09VYJWTDN,related to,Nintendo Games
B09VYJWTDN,related to,Switch Cases
B09VYJWTDN,related to,Nintendo Controllers
B09VYJWTDN,related to,PC Games
B09VYJWTDN,related to,Xbox Games
B09VYJWTDN,related to,PlayStation Games
B0814P8SL9,related to,Xbox
B0814P8SL9,related to,Games
B0814P8SL9,related to,Gaming Peripherals
B0814P8SL9,related to,PC Games
B0814P8SL9,related to,Xbox Games
B0814P8SL9,related to,Nintendo Games
B07YBXFDYK,related to,Xbox
B07YBXFDYK,related to,PlayStation
B07YBXFDYK,related to,Nintendo
B07YBXFDYK,related to,Gaming Accessories
B07YBXFDYK,related to,Games
B07YBXFDYK,related to,Xbox Series S
B07YBXFDYK,related to,Xbox One
B07YBXFDYK,related to,PlayStation 5
B07YBXFDYK,related to,PlayStation 4
B07YBXFDYK,related to,PlayStation Vita
B07YBXFDYK,related to,PC Games
B07YBXFDYK,related to,Xbox Games
B07YBXFDYK,related to,PlayStation Games
B07YBXFDYK,related to,Nintendo Games
B07YBXFDYK,related to,PlayStation Controllers
B000PS4X9G,related to,PlayStation
B000PS4X9G,related to,Games
B000PS4X9G,related to,PlayStation 5
B000PS4X9G,related to,PlayStation 4
B000PS4X9G,related to,PlayStation Vita
B000PS4X9G,related to,PC Games
B000PS4X9G,related to,Xbox Games
B000PS4X9G,related to,PlayStation Games
B000PS4X9G,related to,PlayStation Controllers
B0C1K1R6HK,related to,Xbox
B0C1K1R6HK,related to,Gaming Peripherals
B0C1K1R6HK,related to,Gaming Accessories
B0C1K1R6HK,related to,Games
B0C1K1R6HK,related to,Xbox Series S
B0C1K1R6HK,related to,Xbox One
B0C1K1R6HK,related to,PlayStation 5
B0C1K1R6HK,related to,PlayStation 4
B0C1K1R6HK,related to,Xbox Games
B0C1K1R6HK,related to,Xbox Controllers
B0C1K1R6HK,related to,Xbox Series X
B0C1K1R6HK,related to,PC Games
B0C1K1R6HK,related to,PlayStation Games
B0C1K1R6HK,related to,Nintendo Games
B003MP9KOC,related to,Games
B003MP9KOC,related to,Xbox
B003MP9KOC,related to,PlayStation
B003MP9KOC,related to,Nintendo
B003MP9KOC,related to,Gaming Accessories
B003MP9KOC,related to,Xbox Series X
B003MP9KOC,related to,Xbox Series S
B003MP9KOC,related to,Xbox One
B003MP9KOC,related to,PlayStation 5
B003MP9KOC,related to,PlayStation 4
B003MP9KOC,related to,PC Games
B003MP9KOC,related to,Xbox Games
B003MP9KOC,related to,PlayStation Games
B003MP9KOC,related to,Xbox Controllers
B000W6TFRG,related to,Xbox
B000W6TFRG,related to,PlayStation
B000W6TFRG,related to,Nintendo
B000W6TFRG,related to,Gaming Peripherals
B000W6TFRG,related to,Xbox Series X
B000W6TFRG,related to,Xbox Series S
B000W6TFRG,related to,Xbox One
B000W6TFRG,related to,PlayStation 5
B000W6TFRG,related to,PlayStation 4
B000W6TFRG,related to,PlayStation Vita
B000W6TFRG,related to,PC Games
B000W6TFRG,related to,Xbox Games
B000W6TFRG,related to,PlayStation Games
B000W6TFRG,related to,Xbox Controllers
B01IFJEWTM,related to,Nintendo
B01IFJEWTM,related to,Games
B01IFJEWTM,related to,Nintendo Games
B0C5JFJ6PN,related to,Nintendo
B0C5JFJ6PN,related to,Games
B0C5JFJ6PN,related to,Hardware
B0C5JFJ6PN,related to,Gaming Peripherals
B0C5JFJ6PN,related to,PlayStation
B0C5JFJ6PN,related to,PC Games
B0C5JFJ6PN,related to,Xbox Games
B0C5JFJ6PN,related to,PlayStation Games
B0C5JFJ6PN,related to,Nintendo Games
B005GISQ3O,related to,Games
B005GISQ3O,related to,PC Games
B005GISQ3O,related to,Xbox Games
B00005NZ1J,related to,Xbox
B00005NZ1J,related to,Xbox Series X
B00005NZ1J,related to,Xbox Series S
B00005NZ1J,related to,Xbox One
B00005NZ1J,related to,Xbox Games
B00005NZ1J,related to,Xbox Controllers
B002JTX7HI,related to,Xbox
B002JTX7HI,related to,PlayStation
B002JTX7HI,related to,Nintendo
B002JTX7HI,related to,Gaming Accessories
B002JTX7HI,related to,Games
B002JTX7HI,related to,Xbox One
B002JTX7HI,related to,PlayStation 5
B002JTX7HI,related to,PlayStation 4
B002JTX7HI,related to,PlayStation Vita
B002JTX7HI,related to,PC Games
B002JTX7HI,related to,Xbox Games
B002JTX7HI,related to,PlayStation Games
B002JTX7HI,related to,Nintendo Games
B002JTX7HI,related to,PlayStation Controllers
B002Q88BMI,related to,Nintendo
B002Q88BMI,related to,Nintendo Switch
B002Q88BMI,related to,Gaming Accessories
B002Q88BMI,related to,Nintendo Games
B002Q88BMI,related to,Nintendo 3DS
B002Q88BMI,related to,Xbox Games
B002Q88BMI,related to,Nintendo Controllers
B018RBVPWK,related to,Games
B018RBVPWK,related to,PC Games
B018RBVPWK,related to,Xbox Games
B00BAQXJMO,related to,Xbox
B00BAQXJMO,related to,Gaming Accessories
B00BAQXJMO,related to,Xbox Series X
B00BAQXJMO,related to,Xbox Series S
B00BAQXJMO,related to,Xbox One
B00BAQXJMO,related to,PC Games
B00BAQXJMO,related to,Xbox Games
B00BAQXJMO,related to,Xbox Controllers
B08D3XL1KF,related to,Nintendo
B08D3XL1KF,related to,Nintendo Switch
B08D3XL1KF,related to,Nintendo 3DS
B08D3XL1KF,related to,Nintendo Games
B08D3XL1KF,related to,Nintendo Controllers
B08KFXRKXH,related to,PlayStation
B08KFXRKXH,related to,Nintendo
B08KFXRKXH,related to,Gaming Accessories
B08KFXRKXH,related to,Games
B08KFXRKXH,related to,PlayStation 5
B08KFXRKXH,related to,PlayStation 4
B08KFXRKXH,related to,PC Games
B08KFXRKXH,related to,Xbox Games
B08KFXRKXH,related to,PlayStation Games
B08KFXRKXH,related to,Nintendo Games
B001G7PSGW,related to,Gaming Peripherals
B001G7PSGW,related to,Gaming Accessories
B001G7PSGW,related to,Games
B001G7PSGW,related to,Product Details
B001G7PSGW,related to,Xbox
B001G7PSGW,related to,PlayStation
B001G7PSGW,related to,Nintendo
B001G7PSGW,related to,PC Games
B001G7PSGW,related to,Xbox Games
B001G7PSGW,related to,PlayStation Games
B001G7PSGW,related to,Nintendo Games
B001G7PSGW,related to,Xbox Series X
B001G7PSGW,related to,Xbox Series S
B001G7PSGW,related to,Xbox One
B001G7PSGW,related to,PlayStation 5
B001G7PSGW,related to,PlayStation 4
B001G7PSGW,related to,PlayStation Vita
B001G7PSGW,related to,Xbox Controllers
B001LVH80M,related to,Gaming Accessories
B001LVH80M,related to,Games
B001LVH80M,related to,PC Games
B001LVH80M,related to,Xbox Games
B001LVH80M,related to,PlayStation Games
B001LVH80M,related to,Nintendo Games
B07FFNHVQB,related to,Xbox
B07FFNHVQB,related to,PlayStation
B07FFNHVQB,related to,Nintendo
B07FFNHVQB,related to,Gaming Accessories
B07FFNHVQB,related to,Games
B07FFNHVQB,related to,Xbox Series S
B07FFNHVQB,related to,Xbox One
B07FFNHVQB,related to,PlayStation 5
B07FFNHVQB,related to,PlayStation 4
B07FFNHVQB,related to,PlayStation Vita
B07FFNHVQB,related to,PC Games
B07FFNHVQB,related to,Xbox Games
B07FFNHVQB,related to,PlayStation Games
B07FFNHVQB,related to,Nintendo Games
B07FFNHVQB,related to,PlayStation Controllers
B01953YXT6,related to,Controllers
B0090E5QWY,related to,PlayStation
B0090E5QWY,related to,Nintendo
B0090E5QWY,related to,Nintendo Switch
B0090E5QWY,related to,Games
B0090E5QWY,related to,Xbox Series S
B0090E5QWY,related to,PlayStation 5
B0090E5QWY,related to,PlayStation 4
B0090E5QWY,related to,Nintendo 3DS
B0090E5QWY,related to,Xbox Games
B0090E5QWY,related to,PlayStation Games
B0090E5QWY,related to,Nintendo Games
B0090E5QWY,related to,Nintendo Controllers
B00QU506MQ,related to,Nintendo
B00QU506MQ,related to,Nintendo Games
B00QU506MQ,related to,Nintendo Controllers
B0C2GKZ4KY,related to,Gaming Peripherals
B0C2GKZ4KY,related to,Gaming Accessories
B0C2GKZ4KY,related to,Games
B0C2GKZ4KY,related to,PC Games
B0C2GKZ4KY,related to,Xbox Games
B0C2GKZ4KY,related to,PlayStation Games
B0C2GKZ4KY,related to,Nintendo Games
B0C2GKZ4KY,related to,Gaming Headsets
B002JTX9VW,related to,Games
B002JTX9VW,related to,PC Games
B002JTX9VW,related to,Xbox Games
B001ELJDUM,related to,Gaming Peripherals
B001ELJDUM,related to,Gaming Accessories
B001ELJDUM,related to,Games
B001ELJDUM,related to,Hardware
B001ELJDUM,related to,Xbox
B001ELJDUM,related to,PlayStation
B001ELJDUM,related to,Nintendo
B001ELJDUM,related to,Nintendo Switch
B001ELJDUM,related to,PC Games
B001ELJDUM,related to,Xbox Games
B001ELJDUM,related to,PlayStation Games
B001ELJDUM,related to,Nintendo Games
B001ELJDUM,related to,Gaming Headsets
B001ELJDUM,related to,Xbox One
B001ELJDUM,related to,PlayStation 5
B001ELJDUM,related to,PlayStation 4
B001ELJDUM,related to,Nintendo Switch Lite
B001ELJDUM,related to,Nintendo 3DS
B001ELJDUM,related to,Nintendo Controllers
B00001QECO,related to,PlayStation
B00001QECO,related to,Games
B00001QECO,related to,PlayStation 5
B00001QECO,related to,PlayStation 4
B00001QECO,related to,PlayStation Vita
B00001QECO,related to,PlayStation Games
B00001QECO,related to,PlayStation Controllers
B01GRY9VIY,related to,Xbox
B01GRY9VIY,related to,PlayStation
B01GRY9VIY,related to,Nintendo
B01GRY9VIY,related to,Gaming Accessories
B01GRY9VIY,related to,Games
B01GRY9VIY,related to,Xbox Series S
B01GRY9VIY,related to,Xbox One
B01GRY9VIY,related to,PlayStation 5
B01GRY9VIY,related to,PlayStation 4
B01GRY9VIY,related to,PlayStation Vita
B01GRY9VIY,related to,PC Games
B01GRY9VIY,related to,Xbox Games
B01GRY9VIY,related to,PlayStation Games
B01GRY9VIY,related to,Nintendo Games
B01GRY9VIY,related to,PlayStation Controllers
B088LZK8RD,related to,Xbox
B088LZK8RD,related to,PlayStation
B088LZK8RD,related to,Nintendo
B088LZK8RD,related to,Gaming Peripherals
B088LZK8RD,related to,Xbox One
B088LZK8RD,related to,Xbox Games
B088LZK8RD,related to,Xbox Series X
B088LZK8RD,related to,Xbox Series S
B088LZK8RD,related to,PlayStation 5
B088LZK8RD,related to,PlayStation 4
B088LZK8RD,related to,PlayStation Vita
B088LZK8RD,related to,PC Games
B088LZK8RD,related to,PlayStation Games
B088LZK8RD,related to,Xbox Controllers
B088LZK8RD,related to,PlayStation Controllers
B08R9YHLW9,related to,Xbox
B08R9YHLW9,related to,PlayStation
B08R9YHLW9,related to,Controllers
B08R9YHLW9,related to,Xbox Series S
B08R9YHLW9,related to,Xbox One
B08R9YHLW9,related to,PlayStation 5
B08R9YHLW9,related to,PlayStation 4
B08R9YHLW9,related to,PlayStation Vita
B08R9YHLW9,related to,PC Games
B08R9YHLW9,related to,Xbox Games
B08R9YHLW9,related to,PlayStation Games
B08R9YHLW9,related to,PlayStation Controllers
B008KGNCSI,related to,PlayStation
B008KGNCSI,related to,Games
B008KGNCSI,related to,Xbox Series X
B008KGNCSI,related to,Xbox Series S
B008KGNCSI,related to,PlayStation 5
B008KGNCSI,related to,PlayStation 4
B008KGNCSI,related to,PlayStation Vita
B008KGNCSI,related to,PlayStation Games
B008KGNCSI,related to,PlayStation Controllers
B001EYUOES,related to,PlayStation
B001EYUOES,related to,Games
B001EYUOES,related to,PlayStation 5
B001EYUOES,related to,PlayStation 4
B001EYUOES,related to,PlayStation Vita
B001EYUOES,related to,PlayStation Games
B001EYUOES,related to,PC Games
B000035Y6N,related to,Nintendo
B000035Y6N,related to,Nintendo Switch
B000035Y6N,related to,PlayStation 5
B000035Y6N,related to,PlayStation 4
B000035Y6N,related to,Nintendo 3DS
B000035Y6N,related to,Xbox Games
B000035Y6N,related to,PlayStation Games
B000035Y6N,related to,Nintendo Games
B000035Y6N,related to,Nintendo Controllers
B001EYUNRG,related to,Games
B001EYUNRG,related to,Nintendo
B001EYUNRG,related to,Gaming Accessories
B001EYUNRG,related to,PC Games
B001EYUNRG,related to,Xbox Games
B001EYUNRG,related to,Nintendo Games
B001EYUNRG,related to,PlayStation Games
B07VTWKLR1,related to,Nintendo
B07VTWKLR1,related to,Nintendo Switch
B07VTWKLR1,related to,Games
B07VTWKLR1,related to,Nintendo Switch Lite
B07VTWKLR1,related to,Nintendo 3DS
B07VTWKLR1,related to,Nintendo Games
B07VTWKLR1,related to,Switch Cases
B07VTWKLR1,related to,Nintendo Controllers
B07VTWKLR1,related to,PC Games
B07VTWKLR1,related to,Xbox Games
B07VTWKLR1,related to,PlayStation Games
B00318COS4,related to,Games
B00318COS4,related to,Nintendo
B00318COS4,related to,PC Games
B00318COS4,related to,Nintendo Games
B012N7G9WA,related to,Nintendo
B012N7G9WA,related to,Nintendo Switch
B012N7G9WA,related to,Nintendo 3DS
B012N7G9WA,related to,Xbox Games
B012N7G9WA,related to,Nintendo Games
B012N7G9WA,related to,Nintendo Controllers
B000066RKC,related to,Xbox
B000066RKC,related to,PlayStation
B000066RKC,related to,Nintendo
B000066RKC,related to,Gaming Accessories
B000066RKC,related to,Games
B000066RKC,related to,Xbox Series S
B000066RKC,related to,Xbox One
B000066RKC,related to,PlayStation 5
B000066RKC,related to,PlayStation 4
B000066RKC,related to,PlayStation Vita
B000066RKC,related to,PC Games
B000066RKC,related to,Xbox Games
B000066RKC,related to,PlayStation Games
B000066RKC,related to,Nintendo Games
B000066RKC,related to,PlayStation Controllers
B07H1SW5T3,related to,Nintendo
B07H1SW5T3,related to,Nintendo Switch
B07H1SW5T3,related to,Gaming Peripherals
B07H1SW5T3,related to,Gaming Accessories
B07H1SW5T3,related to,Controllers
B07H1SW5T3,related to,Nintendo 3DS
B07H1SW5T3,related to,Nintendo Games
B07H1SW5T3,related to,Nintendo Controllers
B07H1SW5T3,related to,Xbox Controllers
B07H1SW5T3,related to,PlayStation Controllers
B001O1QLDO,related to,Nintendo
B001O1QLDO,related to,Nintendo Switch
B001O1QLDO,related to,Gaming Accessories
B001O1QLDO,related to,Nintendo Games
B001O1QLDO,related to,Nintendo Controllers
B001O1QLDO,related to,Nintendo 3DS
B001O1QLDO,related to,Xbox Games
B001O1QLDO,related to,PlayStation Games
B0050SZDPE,related to,Xbox
B0050SZDPE,related to,Controllers
B0050SZDPE,related to,Xbox One
B0050SZDPE,related to,PC Games
B0050SZDPE,related to,Xbox Controllers
B0050SZDPE,related to,PlayStation Controllers
B0050SZDPE,related to,Nintendo Controllers
B002T4SH0A,related to,Gaming Peripherals
B002T4SH0A,related to,Gaming Accessories
B002T4SH0A,related to,Games
B002T4SH0A,related to,Controllers
B002T4SH0A,related to,PlayStation
B002T4SH0A,related to,PC Games
B002T4SH0A,related to,Xbox Games
B002T4SH0A,related to,PlayStation Games
B002T4SH0A,related to,Nintendo Games
B002T4SH0A,related to,Gaming Headsets
B002T4SH0A,related to,Nintendo Controllers
B002T4SH0A,related to,PlayStation 5
B002T4SH0A,related to,PlayStation 4
B081L9BQNJ,related to,Nintendo
B081L9BQNJ,related to,Nintendo Switch
B081L9BQNJ,related to,Nintendo Switch Lite
B081L9BQNJ,related to,Nintendo 3DS
B081L9BQNJ,related to,Nintendo Games
B081L9BQNJ,related to,Nintendo Controllers
B09BFLN3LK,related to,Storage Cases
B00M7ZIZGC,related to,Controllers
B00M7ZIZGC,related to,Gaming Peripherals
B00M7ZIZGC,related to,Gaming Accessories
B00M7ZIZGC,related to,Games
B00M7ZIZGC,related to,Xbox Controllers
B00M7ZIZGC,related to,Nintendo Controllers
B00M7ZIZGC,related to,PC Games
B00M7ZIZGC,related to,Xbox Games
B00M7ZIZGC,related to,PlayStation Games
B00M7ZIZGC,related to,Nintendo Games
B07CMKDB2K,related to,Nintendo
B07CMKDB2K,related to,Nintendo Switch
B07CMKDB2K,related to,Nintendo Switch Lite
B07CMKDB2K,related to,Nintendo 3DS
B07CMKDB2K,related to,Nintendo Games
B07CMKDB2K,related to,Switch Cases
B07CMKDB2K,related to,Nintendo Controllers
B002I0JZIS,related to,Gaming Peripherals
B002I0JZIS,related to,Gaming Accessories
B002I0JZIS,related to,Games
B002I0JZIS,related to,PlayStation
B002I0JZIS,related to,PC Games
B002I0JZIS,related to,Xbox Games
B002I0JZIS,related to,PlayStation Games
B002I0JZIS,related to,Nintendo Games
B002I0JZIS,related to,Gaming Headsets
B002I0JZIS,related to,PlayStation Vita
B083S759PX,related to,Xbox
B083S759PX,related to,PlayStation
B083S759PX,related to,Nintendo
B083S759PX,related to,Gaming Peripherals
B083S759PX,related to,Gaming Accessories
B083S759PX,related to,Games
B083S759PX,related to,Headsets
B083S759PX,related to,VR Headsets
B083S759PX,related to,Xbox One
B083S759PX,related to,PlayStation 5
B083S759PX,related to,PlayStation 4
B083S759PX,related to,PC Games
B083S759PX,related to,Xbox Games
B083S759PX,related to,PlayStation Games
B083S759PX,related to,Nintendo Games
B083S759PX,related to,Gaming Headsets
B083S759PX,related to,Xbox Series X
B083S759PX,related to,Xbox Series S
B083S759PX,related to,PlayStation Vita
B083S759PX,related to,Xbox Controllers
B083S759PX,related to,PlayStation Controllers
B0031ACJMS,related to,Games
B0031ACJMS,related to,Nintendo
B0031ACJMS,related to,PC Games
B0031ACJMS,related to,Xbox Games
B0031ACJMS,related to,PlayStation Games
B0031ACJMS,related to,Nintendo Games
B07WQPWQF6,related to,Headsets
B07WQPWQF6,related to,VR Headsets
B07WQPWQF6,related to,Gaming Headsets
B008KVDE7M,related to,Games
B008KVDE7M,related to,Gaming Accessories
B008KVDE7M,related to,Nintendo
B008KVDE7M,related to,PC Games
B008KVDE7M,related to,Xbox Games
B008KVDE7M,related to,PlayStation Games
B008KVDE7M,related to,Nintendo Games
B008KVDE7M,related to,Nintendo Controllers
B01KV3BB0S,related to,Xbox
B01KV3BB0S,related to,Games
B01KV3BB0S,related to,Headsets
B01KV3BB0S,related to,VR Headsets
B01KV3BB0S,related to,PC Games
B01KV3BB0S,related to,Xbox Games
B01KV3BB0S,related to,Nintendo Games
B01KV3BB0S,related to,Gaming Headsets
B003A0T6YS,related to,PlayStation
B003A0T6YS,related to,Xbox One
B003A0T6YS,related to,PlayStation 5
B003A0T6YS,related to,PlayStation 4
B003A0T6YS,related to,PlayStation Vita
B003A0T6YS,related to,Xbox Games
B003A0T6YS,related to,PlayStation Games
B003A0T6YS,related to,PlayStation Controllers
B000NWDX6S,related to,Xbox
B000NWDX6S,related to,PlayStation
B000NWDX6S,related to,Nintendo
B000NWDX6S,related to,Nintendo Switch
B000NWDX6S,related to,Gaming Accessories
B000NWDX6S,related to,Games
B000NWDX6S,related to,Xbox One
B000NWDX6S,related to,PlayStation 5
B000NWDX6S,related to,PlayStation 4
B000NWDX6S,related to,PlayStation Vita
B000NWDX6S,related to,Nintendo 3DS
B000NWDX6S,related to,Xbox Games
B000NWDX6S,related to,PlayStation Games
B000NWDX6S,related to,Nintendo Games
B000NWDX6S,related to,Xbox Controllers
B000NWDX6S,related to,PlayStation Controllers
B000NWDX6S,related to,Nintendo Controllers
B000NWDX6S,related to,PC Games
B00AAS88K6,related to,Games
B00AAS88K6,related to,PC Games
B00AAS88K6,related to,Xbox Games
B00AAS88K6,related to,Nintendo Games
B0787SPDLN,related to,Controllers
B0787SPDLN,related to,PlayStation
B0787SPDLN,related to,Nintendo
B0787SPDLN,related to,Nintendo Switch
B0787SPDLN,related to,PlayStation 5
B0787SPDLN,related to,Nintendo 3DS
B0787SPDLN,related to,Nintendo Games
B0787SPDLN,related to,Nintendo Controllers
B00006BMQB,related to,Nintendo
B00006BMQB,related to,Games
B00006BMQB,related to,PlayStation
B00006BMQB,related to,Gaming Accessories
B00006BMQB,related to,PC Games
B00006BMQB,related to,Xbox Games
B00006BMQB,related to,PlayStation Games
B00006BMQB,related to,Nintendo Games
B00006BMQB,related to,PlayStation 5
B00006BMQB,related to,PlayStation 4
B003ZTTCBQ,related to,PlayStation
B003ZTTCBQ,related to,Nintendo
B003ZTTCBQ,related to,Nintendo Switch
B003ZTTCBQ,related to,PlayStation 5
B003ZTTCBQ,related to,PlayStation 4
B003ZTTCBQ,related to,Nintendo 3DS
B003ZTTCBQ,related to,Xbox Games
B003ZTTCBQ,related to,PlayStation Games
B003ZTTCBQ,related to,Nintendo Games
B003ZTTCBQ,related to,PlayStation Controllers
B003ZTTCBQ,related to,Nintendo Controllers
B08FLPWSFW,related to,Xbox
B08FLPWSFW,related to,PlayStation
B08FLPWSFW,related to,Nintendo
B08FLPWSFW,related to,Gaming Peripherals
B08FLPWSFW,related to,Gaming Accessories
B08FLPWSFW,related to,Games
B08FLPWSFW,related to,Xbox One
B08FLPWSFW,related to,PlayStation 5
B08FLPWSFW,related to,PlayStation 4
B08FLPWSFW,related to,PC Games
B08FLPWSFW,related to,Xbox Games
B08FLPWSFW,related to,PlayStation Games
B08FLPWSFW,related to,Nintendo Games
B08224L3SQ,related to,Nintendo
B08224L3SQ,related to,Nintendo Switch
B08224L3SQ,related to,Gaming Peripherals
B08224L3SQ,related to,Gaming Accessories
B08224L3SQ,related to,Controllers
B08224L3SQ,related to,Nintendo Switch Lite
B08224L3SQ,related to,Nintendo 3DS
B08224L3SQ,related to,Nintendo Games
B08224L3SQ,related to,Switch Cases
B08224L3SQ,related to,Nintendo Controllers
B08224L3SQ,related to,Xbox Controllers
B08224L3SQ,related to,PlayStation Controllers
B00006LEM2,related to,PlayStation
B00006LEM2,related to,PlayStation 5
B00006LEM2,related to,PlayStation 4
B00006LEM2,related to,PlayStation Vita
B00006LEM2,related to,PlayStation Games
B00006LEM2,related to,PlayStation Controllers
B09LTX19FP,related to,PlayStation
B09LTX19FP,related to,Games
B09LTX19FP,related to,PlayStation 5
B09LTX19FP,related to,PlayStation 4
B09LTX19FP,related to,PlayStation Vita
B09LTX19FP,related to,PlayStation Games
B09LTX19FP,related to,PlayStation Controllers
B09LTX19FP,related to,PC Games
B09LTX19FP,related to,Xbox Games
B001EYUTY8,related to,Games
B00G2ST5D2,related to,Games
B071Z2WDP8,related to,Games
B071Z2WDP8,related to,PlayStation
B071Z2WDP8,related to,PC Games
B071Z2WDP8,related to,Xbox Games
B071Z2WDP8,related to,PlayStation Games
B071Z2WDP8,related to,PlayStation 5
B071Z2WDP8,related to,PlayStation 4
B071Z2WDP8,related to,PlayStation Vita
B071Z2WDP8,related to,PlayStation Controllers
B002LIT3F2,related to,Nintendo
B002LIT3F2,related to,Games
B002LIT3F2,related to,PC Games
B002LIT3F2,related to,Xbox Games
B002LIT3F2,related to,PlayStation Games
B002LIT3F2,related to,Nintendo Games
B000CC3IEQ,related to,Nintendo
B000CC3IEQ,related to,Nintendo Switch
B000CC3IEQ,related to,Nintendo 3DS
B000CC3IEQ,related to,Nintendo Games
B000CC3IEQ,related to,Nintendo Controllers
B07P3RTHFD,related to,Nintendo
B07P3RTHFD,related to,Nintendo Switch
B07P3RTHFD,related to,Nintendo 3DS
B07P3RTHFD,related to,Nintendo Games
B07P3RTHFD,related to,Nintendo Controllers
B00H2YHMKS,related to,Nintendo
B00H2YHMKS,related to,Games
B00H2YHMKS,related to,PlayStation 5
B00H2YHMKS,related to,PlayStation 4
B00H2YHMKS,related to,PC Games
B00H2YHMKS,related to,Xbox Games
B00H2YHMKS,related to,PlayStation Games
B00H2YHMKS,related to,Nintendo Games
B000NKPFB6,related to,Nintendo
B000NKPFB6,related to,Games
B000NKPFB6,related to,PC Games
B000NKPFB6,related to,Xbox Games
B000NKPFB6,related to,PlayStation Games
B000NKPFB6,related to,Nintendo Games
B07X53FXYR,related to,Games
B07X53FXYR,related to,PC Games
B07X53FXYR,related to,Xbox Games
B07X53FXYR,related to,PlayStation Games
B07X53FXYR,related to,Nintendo Games
B00EYLHN1K,related to,Games
B00EYLHN1K,related to,PC Games
B00EYLHN1K,related to,Xbox Games
B00EYLHN1K,related to,PlayStation Games
B001EYUOU2,related to,Hardware
B001EYUOU2,related to,PlayStation
B001EYUOU2,related to,PlayStation 5
B001EYUOU2,related to,PlayStation 4
B001EYUOU2,related to,PlayStation Vita
B001EYUOU2,related to,PlayStation Games
B001EYUOU2,related to,PlayStation Controllers
B000NBWRBQ,related to,Games
B000NBWRBQ,related to,Nintendo
B000NBWRBQ,related to,Nintendo Switch
B000NBWRBQ,related to,Xbox Games
B000NBWRBQ,related to,PlayStation Games
B000NBWRBQ,related to,Nintendo Games
B000NBWRBQ,related to,Nintendo 3DS
B000NBWRBQ,related to,Nintendo Controllers
B0725G9Z5C,related to,Hardware
B0725G9Z5C,related to,Xbox
B0725G9Z5C,related to,PlayStation
B0725G9Z5C,related to,Nintendo
B0725G9Z5C,related to,Nintendo Switch
B0725G9Z5C,related to,Gaming Accessories
B0725G9Z5C,related to,Games
B0725G9Z5C,related to,Nintendo 3DS
B0725G9Z5C,related to,Xbox One
B0725G9Z5C,related to,PlayStation 5
B0725G9Z5C,related to,PlayStation 4
B0725G9Z5C,related to,Nintendo Switch Lite
B0725G9Z5C,related to,PC Games
B0725G9Z5C,related to,Xbox Games
B0725G9Z5C,related to,PlayStation Games
B0725G9Z5C,related to,Nintendo Games
B0725G9Z5C,related to,Nintendo Controllers
B001EYUW72,related to,Games
B001EYUW72,related to,PlayStation
B001EYUW72,related to,Nintendo
B001EYUW72,related to,Nintendo Switch
B001EYUW72,related to,PC Games
B001EYUW72,related to,Xbox Games
B001EYUW72,related to,Nintendo Games
B001EYUW72,related to,PlayStation 5
B001EYUW72,related to,PlayStation 4
B001EYUW72,related to,Nintendo 3DS
B001EYUW72,related to,PlayStation Games
B001EYUW72,related to,Nintendo Controllers
B004RIZM36,related to,Games
B004RIZM36,related to,PC Games
B004RIZM36,related to,Xbox Games
B004RIZM36,related to,PlayStation Games
B004RIZM36,related to,Nintendo Games
B0015E2PQM,related to,Storage Cases
B07LFFHD7X,related to,Nintendo
B07LFFHD7X,related to,Nintendo Switch
B07LFFHD7X,related to,Nintendo 3DS
B07LFFHD7X,related to,Nintendo Games
B07LFFHD7X,related to,Nintendo Controllers
B07LFFHD7X,related to,Nintendo Switch Lite
B07LFFHD7X,related to,Switch Cases
B000CR6WIA,related to,Nintendo
B000CR6WIA,related to,Games
B000CR6WIA,related to,Xbox
B000CR6WIA,related to,PlayStation
B000CR6WIA,related to,Gaming Peripherals
B000CR6WIA,related to,PC Games
B000CR6WIA,related to,Xbox Games
B000CR6WIA,related to,PlayStation Games
B000CR6WIA,related to,Nintendo Games
B000CR6WIA,related to,Xbox Series X
B000CR6WIA,related to,Xbox Series S
B000CR6WIA,related to,Xbox One
B000CR6WIA,related to,PlayStation 5
B000CR6WIA,related to,PlayStation 4
B000CR6WIA,related to,PlayStation Vita
B000CR6WIA,related to,Xbox Controllers
B00002ST7X,related to,Games
B00002ST7X,related to,PC Games
B00002ST7X,related to,Xbox Games
B00002ST7X,related to,PlayStation Games
B001TOMQVC,related to,Nintendo
B001TOMQVC,related to,Games
B001TOMQVC,related to,PC Games
B001TOMQVC,related to,Xbox Games
B001TOMQVC,related to,PlayStation Games
B001TOMQVC,related to,Nintendo Games
B000UUWHS8,related to,PlayStation
B000UUWHS8,related to,Nintendo
B000UUWHS8,related to,Nintendo Switch
B000UUWHS8,related to,PlayStation 5
B000UUWHS8,related to,PlayStation 4
B000UUWHS8,related to,Nintendo 3DS
B000UUWHS8,related to,Xbox Games
B000UUWHS8,related to,PlayStation Games
B000UUWHS8,related to,Nintendo Games
B000UUWHS8,related to,PlayStation Controllers
B000UUWHS8,related to,Nintendo Controllers
B001EYUSIA,related to,Games
B001EYUSIA,related to,PC Games
B001EYUSIA,related to,Xbox Games
B001EYUSIA,related to,PlayStation Games
B001EYUTJI,related to,Xbox
B001EYUTJI,related to,Games
B001EYUTJI,related to,PC Games
B001EYUTJI,related to,Xbox Games
B001EYUTJI,related to,PlayStation Games
B001EYUTJI,related to,Nintendo Games
B07WRFN6GH,related to,Gaming Accessories
B07WRFN6GH,related to,Headsets
B07WRFN6GH,related to,VR Headsets
B07WRFN6GH,related to,Hardware
B07WRFN6GH,related to,Xbox
B07WRFN6GH,related to,PlayStation
B07WRFN6GH,related to,Nintendo
B07WRFN6GH,related to,Gaming Peripherals
B07WRFN6GH,related to,Games
B07WRFN6GH,related to,Gaming Headsets
B07WRFN6GH,related to,Xbox One
B07WRFN6GH,related to,PlayStation 5
B07WRFN6GH,related to,PlayStation 4
B07WRFN6GH,related to,PC Games
B07WRFN6GH,related to,Xbox Games
B07WRFN6GH,related to,PlayStation Games
B07WRFN6GH,related to,Nintendo Games
B01HONEAEC,related to,Controllers
B01HONEAEC,related to,Product Details
B01HONEAEC,related to,PlayStation
B01HONEAEC,related to,Xbox Controllers
B01HONEAEC,related to,PlayStation Controllers
B01HONEAEC,related to,PlayStation 5
B01HONEAEC,related to,PlayStation 4
B01HONEAEC,related to,PlayStation Vita
B01HONEAEC,related to,PlayStation Games
B00009WAW7,related to,PlayStation
B00009WAW7,related to,Games
B00009WAW7,related to,Xbox
B00009WAW7,related to,Nintendo
B00009WAW7,related to,Gaming Accessories
B00009WAW7,related to,PlayStation 5
B00009WAW7,related to,PlayStation 4
B00009WAW7,related to,PlayStation Vita
B00009WAW7,related to,PlayStation Games
B00009WAW7,related to,PlayStation Controllers
B00009WAW7,related to,PC Games
B00009WAW7,related to,Xbox Series S
B00009WAW7,related to,Xbox One
B00009WAW7,related to,Xbox Games
B00009WAW7,related to,Nintendo Games
B07CRC2X77,related to,Headsets
B07CRC2X77,related to,VR Headsets
B07CRC2X77,related to,Hardware
B07CRC2X77,related to,PlayStation
B07CRC2X77,related to,Nintendo
B07CRC2X77,related to,Nintendo Switch
B07CRC2X77,related to,Gaming Peripherals
B07CRC2X77,related to,Games
B07CRC2X77,related to,Gaming Accessories
B07CRC2X77,related to,Gaming Headsets
B07CRC2X77,related to,PlayStation 5
B07CRC2X77,related to,PlayStation 4
B07CRC2X77,related to,PlayStation Vita
B07CRC2X77,related to,Nintendo 3DS
B07CRC2X77,related to,Xbox Games
B07CRC2X77,related to,PlayStation Games
B07CRC2X77,related to,Nintendo Games
B07CRC2X77,related to,PlayStation Controllers
B07CRC2X77,related to,Nintendo Controllers
B07CRC2X77,related to,PC Games
B00Z9TMH1W,related to,Xbox
B00Z9TMH1W,related to,PlayStation
B00Z9TMH1W,related to,Nintendo
B00Z9TMH1W,related to,Gaming Accessories
B00Z9TMH1W,related to,Games
B00Z9TMH1W,related to,Xbox Series X
B00Z9TMH1W,related to,Xbox Series S
B00Z9TMH1W,related to,Xbox One
B00Z9TMH1W,related to,PlayStation 5
B00Z9TMH1W,related to,PlayStation 4
B00Z9TMH1W,related to,PC Games
B00Z9TMH1W,related to,Xbox Games
B00Z9TMH1W,related to,PlayStation Games
B00Z9TMH1W,related to,Nintendo Games
B00Z9TMH1W,related to,Xbox Controllers
B00005V6B4,related to,Games
B00005V6B4,related to,PC Games
B00005V6B4,related to,Xbox Games
B00005V6B4,related to,PlayStation Games
B00005V6B4,related to,Nintendo Games
B001EYUOHK,related to,Games
B001EYUOHK,related to,Xbox
B001EYUOHK,related to,PlayStation
B001EYUOHK,related to,Nintendo
B001EYUOHK,related to,Gaming Peripherals
B001EYUOHK,related to,Gaming Accessories
B001EYUOHK,related to,PC Games
B001EYUOHK,related to,Xbox Games
B001EYUOHK,related to,PlayStation Games
B001EYUOHK,related to,Xbox Series X
B001EYUOHK,related to,Xbox Series S
B001EYUOHK,related to,Xbox One
B001EYUOHK,related to,PlayStation 5
B001EYUOHK,related to,PlayStation 4
B001EYUOHK,related to,Nintendo 3DS
B001EYUOHK,related to,Nintendo Games
B001EYUOHK,related to,Gaming Headsets
B001EYUOHK,related to,Xbox Controllers
B001EYUOHK,related to,PlayStation Controllers
B001EYUOHK,related to,Nintendo Controllers
B07VPY72MG,related to,Gaming Peripherals
B07VPY72MG,related to,Gaming Accessories
B07VPY72MG,related to,Games
B07VPY72MG,related to,Nintendo
B07VPY72MG,related to,PC Games
B07VPY72MG,related to,Xbox Games
B07VPY72MG,related to,PlayStation Games
B07VPY72MG,related to,Nintendo Games
B07VPY72MG,related to,Gaming Headsets
B07VPY72MG,related to,Nintendo Controllers
B09TNS27TC,related to,Gaming Peripherals
B09TNS27TC,related to,Gaming Accessories
B0BGZC6GZ5,related to,Nintendo
B0BGZC6GZ5,related to,Nintendo Switch
B0BGZC6GZ5,related to,Games
B0BGZC6GZ5,related to,Headsets
B0BGZC6GZ5,related to,Nintendo Switch Lite
B0BGZC6GZ5,related to,Nintendo 3DS
B0BGZC6GZ5,related to,Nintendo Games
B0BGZC6GZ5,related to,Switch Cases
B0BGZC6GZ5,related to,Nintendo Controllers
B0BGZC6GZ5,related to,PC Games
B0BGZC6GZ5,related to,PlayStation Games
B0009XEC02,related to,Nintendo
B0009XEC02,related to,Nintendo Switch
B0009XEC02,related to,Games
B0009XEC02,related to,Nintendo 3DS
B0009XEC02,related to,Nintendo Games
B0009XEC02,related to,Nintendo Controllers
B0009XEC02,related to,Xbox Series S
B0009XEC02,related to,Xbox Games
B0009XEC02,related to,PlayStation Games
B017VLXGJC,related to,Gaming Accessories
B017VLXGJC,related to,Xbox
B017VLXGJC,related to,PlayStation
B017VLXGJC,related to,Nintendo
B017VLXGJC,related to,Nintendo Switch
B017VLXGJC,related to,Games
B017VLXGJC,related to,Controllers
B017VLXGJC,related to,Xbox One
B017VLXGJC,related to,PlayStation 5
B017VLXGJC,related to,PlayStation 4
B017VLXGJC,related to,PlayStation Vita
B017VLXGJC,related to,Nintendo 3DS
B017VLXGJC,related to,Xbox Games
B017VLXGJC,related to,PlayStation Games
B017VLXGJC,related to,Nintendo Games
B017VLXGJC,related to,PlayStation Controllers
B017VLXGJC,related to,Nintendo Controllers
B00002SVML,related to,Games
B00002SVML,related to,Xbox
B00002SVML,related to,PlayStation
B00002SVML,related to,Xbox One
B00002SVML,related to,PlayStation 5
B00002SVML,related to,PlayStation 4
B00002SVML,related to,PlayStation Vita
B00002SVML,related to,PlayStation Games
B00002SVML,related to,PlayStation Controllers
B07TSGW6T1,related to,Xbox
B07TSGW6T1,related to,Xbox One
B07TSGW6T1,related to,Xbox Games
B07TSGW6T1,related to,Xbox Controllers
B07TSGW6T1,related to,PlayStation Vita
B00028S9OY,related to,Games
B019ICERYK,related to,Gaming Peripherals
B019ICERYK,related to,Games
B019ICERYK,related to,Gaming Accessories
B019ICERYK,related to,PC Games
B019ICERYK,related to,Xbox Games
B019ICERYK,related to,PlayStation Games
B019ICERYK,related to,Nintendo Games
B019ICERYK,related to,Gaming Headsets
B006X0KBY6,related to,PlayStation
B006X0KBY6,related to,Storage Cases
B006X0KBY6,related to,Xbox One
B006X0KBY6,related to,PlayStation 5
B006X0KBY6,related to,PlayStation 4
B006X0KBY6,related to,PlayStation Vita
B006X0KBY6,related to,PlayStation Games
B006X0KBY6,related to,PlayStation Controllers
B006X0KBY6,related to,Switch Cases
B00DTY9B0O,related to,Xbox
B00DTY9B0O,related to,PlayStation
B00DTY9B0O,related to,Nintendo
B00DTY9B0O,related to,Gaming Peripherals
B00DTY9B0O,related to,Xbox Series X
B00DTY9B0O,related to,Xbox Series S
B00DTY9B0O,related to,Xbox One
B00DTY9B0O,related to,PlayStation 5
B00DTY9B0O,related to,PlayStation 4
B00DTY9B0O,related to,PlayStation Vita
B00DTY9B0O,related to,PC Games
B00DTY9B0O,related to,Xbox Games
B00DTY9B0O,related to,PlayStation Games
B00DTY9B0O,related to,Xbox Controllers
B07K7KHND9,related to,Headsets
B07K7KHND9,related to,VR Headsets
B07K7KHND9,related to,PlayStation
B07K7KHND9,related to,Nintendo
B07K7KHND9,related to,Gaming Peripherals
B07K7KHND9,related to,Gaming Accessories
B07K7KHND9,related to,Games
B07K7KHND9,related to,Gaming Headsets
B07K7KHND9,related to,PlayStation 5
B07K7KHND9,related to,PC Games
B07K7KHND9,related to,Xbox Games
B07K7KHND9,related to,PlayStation Games
B07K7KHND9,related to,Nintendo Games
B071JDWSBL,related to,PlayStation
B071JDWSBL,related to,PlayStation 5
B071JDWSBL,related to,PlayStation 4
B071JDWSBL,related to,PlayStation Vita
B071JDWSBL,related to,PlayStation Games
B071JDWSBL,related to,PlayStation Controllers
B00WW0D54E,related to,Games
B00WW0D54E,related to,Gaming Accessories
B00WW0D54E,related to,PC Games
B00WW0D54E,related to,Xbox Games
B00WW0D54E,related to,PlayStation Games
B00WW0D54E,related to,Nintendo Games
B07CT6V188,related to,Xbox
B07CT6V188,related to,PlayStation
B07CT6V188,related to,Nintendo
B07CT6V188,related to,Gaming Peripherals
B07CT6V188,related to,Gaming Accessories
B07CT6V188,related to,Games
B07CT6V188,related to,Xbox Series X
B07CT6V188,related to,Xbox Series S
B07CT6V188,related to,Xbox One
B07CT6V188,related to,PlayStation 5
B07CT6V188,related to,PlayStation 4
B07CT6V188,related to,PC Games
B07CT6V188,related to,Xbox Games
B07CT6V188,related to,PlayStation Games
B07CT6V188,related to,Nintendo Games
B07CT6V188,related to,Gaming Headsets
B07CT6V188,related to,Xbox Controllers
B07CT6V188,related to,PlayStation Controllers
B001C58T6E,related to,Games
B001C58T6E,related to,Xbox
B001C58T6E,related to,Xbox Series X
B001C58T6E,related to,Xbox Series S
B001C58T6E,related to,Xbox One
B001C58T6E,related to,PlayStation 4
B001C58T6E,related to,Xbox Games
B001C58T6E,related to,Xbox Controllers
B098DKPTJ2,related to,Headsets
B098DKPTJ2,related to,VR Headsets
B098DKPTJ2,related to,Xbox
B098DKPTJ2,related to,PlayStation
B098DKPTJ2,related to,Gaming Headsets
B098DKPTJ2,related to,Xbox Series S
B098DKPTJ2,related to,Xbox One
B098DKPTJ2,related to,PlayStation 5
B098DKPTJ2,related to,PlayStation 4
B098DKPTJ2,related to,PlayStation Vita
B098DKPTJ2,related to,PC Games
B098DKPTJ2,related to,Xbox Games
B098DKPTJ2,related to,PlayStation Games
B098DKPTJ2,related to,PlayStation Controllers
B00KUZ1K8Q,related to,Games
B00KUZ1K8Q,related to,Xbox
B00KUZ1K8Q,related to,PlayStation
B00KUZ1K8Q,related to,Nintendo
B00KUZ1K8Q,related to,Gaming Peripherals
B00KUZ1K8Q,related to,Gaming Accessories
B00KUZ1K8Q,related to,PC Games
B00KUZ1K8Q,related to,Xbox Series S
B00KUZ1K8Q,related to,Xbox One
B00KUZ1K8Q,related to,PlayStation 5
B00KUZ1K8Q,related to,PlayStation 4
B00KUZ1K8Q,related to,PlayStation Vita
B00KUZ1K8Q,related to,Xbox Games
B00KUZ1K8Q,related to,PlayStation Games
B00KUZ1K8Q,related to,Nintendo Games
B00KUZ1K8Q,related to,Xbox Controllers
B00KUZ1K8Q,related to,PlayStation Controllers
B00KUZ1K8Q,related to,Nintendo Controllers
B09LTYMDK8,related to,Nintendo
B09LTYMDK8,related to,Nintendo Switch
B09LTYMDK8,related to,Games
B09LTYMDK8,related to,Nintendo Switch Lite
B09LTYMDK8,related to,Nintendo 3DS
B09LTYMDK8,related to,Nintendo Games
B09LTYMDK8,related to,Switch Cases
B09LTYMDK8,related to,Nintendo Controllers
B09LTYMDK8,related to,PC Games
B09LTYMDK8,related to,Xbox Games
B09LTYMDK8,related to,PlayStation Games
B01FSK9KC0,related to,Xbox
B01FSK9KC0,related to,PlayStation
B01FSK9KC0,related to,Nintendo
B01FSK9KC0,related to,Gaming Accessories
B01FSK9KC0,related to,Games
B01FSK9KC0,related to,Xbox Series X
B01FSK9KC0,related to,Xbox One
B01FSK9KC0,related to,Xbox Games
B01FSK9KC0,related to,Xbox Controllers
B01FSK9KC0,related to,PlayStation 5
B01FSK9KC0,related to,PlayStation 4
B01FSK9KC0,related to,PC Games
B01FSK9KC0,related to,PlayStation Games
B01FSK9KC0,related to,Nintendo Games
B0BBBWG3ZR,related to,Headsets
B0BBBWG3ZR,related to,VR Headsets
B0BBBWG3ZR,related to,Gaming Peripherals
B0BBBWG3ZR,related to,Gaming Accessories
B0BBBWG3ZR,related to,Gaming Headsets
B002JTX6C4,related to,PlayStation
B002JTX6C4,related to,Nintendo
B002JTX6C4,related to,Nintendo Switch
B002JTX6C4,related to,Games
B002JTX6C4,related to,PlayStation 5
B002JTX6C4,related to,PlayStation 4
B002JTX6C4,related to,Nintendo 3DS
B002JTX6C4,related to,Xbox Games
B002JTX6C4,related to,PlayStation Games
B002JTX6C4,related to,Nintendo Games
B002JTX6C4,related to,PlayStation Controllers
B002JTX6C4,related to,Nintendo Controllers
B076FGCL1T,related to,Nintendo
B076FGCL1T,related to,Nintendo Switch
B076FGCL1T,related to,Xbox
B076FGCL1T,related to,Gaming Peripherals
B076FGCL1T,related to,Gaming Accessories
B076FGCL1T,related to,Games
B076FGCL1T,related to,Nintendo Switch Lite
B076FGCL1T,related to,Nintendo 3DS
B076FGCL1T,related to,Nintendo Games
B076FGCL1T,related to,Switch Cases
B076FGCL1T,related to,Nintendo Controllers
B076FGCL1T,related to,Xbox One
B076FGCL1T,related to,PC Games
B076FGCL1T,related to,Xbox Games
B076FGCL1T,related to,PlayStation Games
B001G7PS6C,related to,PlayStation
B001G7PS6C,related to,Nintendo
B001G7PS6C,related to,Nintendo Switch
B001G7PS6C,related to,PlayStation 5
B001G7PS6C,related to,PlayStation 4
B001G7PS6C,related to,Nintendo 3DS
B001G7PS6C,related to,Xbox Games
B001G7PS6C,related to,PlayStation Games
B001G7PS6C,related to,Nintendo Games
B001G7PS6C,related to,PlayStation Controllers
B001G7PS6C,related to,Nintendo Controllers
B004ZGYZ7E,related to,Gaming Accessories
B004ZGYZ7E,related to,Games
B004ZGYZ7E,related to,PlayStation
B004ZGYZ7E,related to,Nintendo
B004ZGYZ7E,related to,Nintendo Switch
B004ZGYZ7E,related to,PC Games
B004ZGYZ7E,related to,Xbox Games
B004ZGYZ7E,related to,PlayStation Games
B004ZGYZ7E,related to,Nintendo Games
B004ZGYZ7E,related to,Xbox Series S
B004ZGYZ7E,related to,PlayStation 5
B004ZGYZ7E,related to,PlayStation 4
B004ZGYZ7E,related to,Nintendo 3DS
B004ZGYZ7E,related to,Nintendo Controllers
B07D9RF59R,related to,Xbox
B07D9RF59R,related to,PlayStation
B07D9RF59R,related to,Xbox Series X
B07D9RF59R,related to,Xbox Series S
B07D9RF59R,related to,Xbox One
B07D9RF59R,related to,PlayStation 5
B07D9RF59R,related to,PlayStation 4
B07D9RF59R,related to,PlayStation Vita
B07D9RF59R,related to,Xbox Games
B07D9RF59R,related to,PlayStation Games
B07D9RF59R,related to,PlayStation Controllers
B001G7PSJ4,related to,PlayStation
B001G7PSJ4,related to,Xbox One
B001G7PSJ4,related to,PlayStation 5
B001G7PSJ4,related to,PlayStation 4
B001G7PSJ4,related to,PlayStation Vita
B001G7PSJ4,related to,PC Games
B001G7PSJ4,related to,Xbox Games
B001G7PSJ4,related to,PlayStation Games
B001G7PSJ4,related to,PlayStation Controllers
B018XCD396,related to,Nintendo
B018XCD396,related to,Nintendo Switch
B018XCD396,related to,Nintendo Games
B018XCD396,related to,Nintendo 3DS
B018XCD396,related to,Xbox Games
B018XCD396,related to,Nintendo Controllers
B00004U8QM,related to,Gaming Peripherals
B00004U8QM,related to,Gaming Accessories
B00004U8QM,related to,Games
B00004U8QM,related to,Xbox
B00004U8QM,related to,PlayStation
B00004U8QM,related to,PC Games
B00004U8QM,related to,Xbox Games
B00004U8QM,related to,PlayStation Games
B00004U8QM,related to,Nintendo Games
B00004U8QM,related to,Gaming Headsets
B00004U8QM,related to,Xbox One
B00004U8QM,related to,PlayStation 5
B00004U8QM,related to,PlayStation 4
B00004U8QM,related to,PlayStation Vita
B00004U8QM,related to,PlayStation Controllers
B08XQLCKHH,related to,Gaming Peripherals
B08XQLCKHH,related to,Gaming Accessories
B08XQLCKHH,related to,PC Games
B08XQLCKHH,related to,PlayStation Games
B000VA5Y1Y,related to,Games
B000VA5Y1Y,related to,Nintendo
B000VA5Y1Y,related to,Nintendo Switch
B000VA5Y1Y,related to,Gaming Accessories
B000VA5Y1Y,related to,Xbox
B000VA5Y1Y,related to,PlayStation
B000VA5Y1Y,related to,PC Games
B000VA5Y1Y,related to,Xbox Games
B000VA5Y1Y,related to,PlayStation Games
B000VA5Y1Y,related to,Nintendo Games
B000VA5Y1Y,related to,Nintendo 3DS
B000VA5Y1Y,related to,Nintendo Controllers
B000VA5Y1Y,related to,Xbox One
B000VA5Y1Y,related to,PlayStation 4
B000815CM2,related to,Gaming Peripherals
B000815CM2,related to,Gaming Accessories
B000815CM2,related to,PC Games
B000815CM2,related to,PlayStation Games
B0084A97Y8,related to,Nintendo Games
B000IFRPLE,related to,Xbox
B000IFRPLE,related to,PlayStation
B000IFRPLE,related to,Nintendo
B000IFRPLE,related to,Nintendo Switch
B000IFRPLE,related to,Games
B000IFRPLE,related to,Xbox One
B000IFRPLE,related to,PlayStation 5
B000IFRPLE,related to,PlayStation 4
B000IFRPLE,related to,PlayStation Vita
B000IFRPLE,related to,Nintendo 3DS
B000IFRPLE,related to,Xbox Games
B000IFRPLE,related to,PlayStation Games
B000IFRPLE,related to,Nintendo Games
B000IFRPLE,related to,PlayStation Controllers
B000IFRPLE,related to,Nintendo Controllers
B00001ZUL7,related to,Xbox
B00001ZUL7,related to,PlayStation
B00001ZUL7,related to,Nintendo
B00001ZUL7,related to,Xbox One
B00001ZUL7,related to,PlayStation 5
B00001ZUL7,related to,PlayStation 4
B00001ZUL7,related to,PlayStation Vita
B00001ZUL7,related to,Xbox Games
B00001ZUL7,related to,PlayStation Games
B00001ZUL7,related to,PlayStation Controllers
B005J3J3YW,related to,Games
B005J3J3YW,related to,Nintendo
B005J3J3YW,related to,Nintendo Switch
B005J3J3YW,related to,Nintendo 3DS
B005J3J3YW,related to,Nintendo Games
B005J3J3YW,related to,Nintendo Controllers
B015NHBBOS,related to,Controllers
B015NHBBOS,related to,Nintendo
B015NHBBOS,related to,Gaming Accessories
B015NHBBOS,related to,Games
B015NHBBOS,related to,Xbox
B015NHBBOS,related to,PlayStation
B015NHBBOS,related to,PC Games
B015NHBBOS,related to,Xbox Games
B015NHBBOS,related to,PlayStation Games
B015NHBBOS,related to,Nintendo Games
B015NHBBOS,related to,Xbox Series S
B015NHBBOS,related to,Xbox One
B015NHBBOS,related to,PlayStation 5
B015NHBBOS,related to,PlayStation 4
B015NHBBOS,related to,PlayStation Vita
B015NHBBOS,related to,PlayStation Controllers
B0891H37KK,related to,Gaming Peripherals
B0891H37KK,related to,Gaming Accessories
B0891H37KK,related to,Games
B0891H37KK,related to,PC Games
B0891H37KK,related to,Xbox Games
B0891H37KK,related to,PlayStation Games
B0072LGIYM,related to,Xbox
B0072LGIYM,related to,PlayStation
B0072LGIYM,related to,Games
B0072LGIYM,related to,Storage Cases
B0072LGIYM,related to,Xbox One
B0072LGIYM,related to,PlayStation 5
B0072LGIYM,related to,PlayStation 4
B0072LGIYM,related to,PlayStation Vita
B0072LGIYM,related to,PlayStation Games
B0072LGIYM,related to,PlayStation Controllers
B0072LGIYM,related to,Xbox Games
B0072LGIYM,related to,Nintendo Games
B0072LGIYM,related to,Switch Cases
B001SEQWXQ,related to,PlayStation
B001SEQWXQ,related to,Nintendo
B001SEQWXQ,related to,Gaming Accessories
B001SEQWXQ,related to,Games
B001SEQWXQ,related to,PlayStation 5
B001SEQWXQ,related to,PlayStation 4
B001SEQWXQ,related to,PC Games
B001SEQWXQ,related to,Xbox Games
B001SEQWXQ,related to,PlayStation Games
B001SEQWXQ,related to,Nintendo Games
B00O0724S0,related to,Gaming Peripherals
B00O0724S0,related to,Gaming Accessories
B00O0724S0,related to,Games
B00O0724S0,related to,PC Games
B00O0724S0,related to,Xbox Games
B00O0724S0,related to,PlayStation Games
B00O0724S0,related to,Nintendo Games
B00O0724S0,related to,Gaming Headsets
B08RW9X3NF,related to,Hardware
B08RW9X3NF,related to,Gaming Peripherals
B08RW9X3NF,related to,Gaming Accessories
B08RW9X3NF,related to,PC Games
B08RW9X3NF,related to,Xbox Games
B08RW9X3NF,related to,Nintendo Games
B001TOQ8KC,related to,Nintendo
B001TOQ8KC,related to,Nintendo Switch
B001TOQ8KC,related to,Gaming Accessories
B001TOQ8KC,related to,Nintendo 3DS
B001TOQ8KC,related to,Nintendo Games
B001TOQ8KC,related to,Nintendo Controllers
B001TOQ8KC,related to,PlayStation Games
B001TOQ8KC,related to,PlayStation Controllers
B09G6G2DJ1,related to,Xbox
B09G6G2DJ1,related to,PlayStation
B09G6G2DJ1,related to,Nintendo
B09G6G2DJ1,related to,Gaming Peripherals
B09G6G2DJ1,related to,Gaming Accessories
B09G6G2DJ1,related to,Games
B09G6G2DJ1,related to,Headsets
B09G6G2DJ1,related to,VR Headsets
B09G6G2DJ1,related to,Xbox One
B09G6G2DJ1,related to,PlayStation 5
B09G6G2DJ1,related to,PlayStation 4
B09G6G2DJ1,related to,PC Games
B09G6G2DJ1,related to,Xbox Games
B09G6G2DJ1,related to,PlayStation Games
B09G6G2DJ1,related to,Nintendo Games
B09G6G2DJ1,related to,Gaming Headsets
B000G75ALQ,related to,PlayStation
B000G75ALQ,related to,Nintendo
B000G75ALQ,related to,Gaming Accessories
B000G75ALQ,related to,Games
B000G75ALQ,related to,PlayStation 5
B000G75ALQ,related to,PlayStation 4
B000G75ALQ,related to,PC Games
B000G75ALQ,related to,Xbox Games
B000G75ALQ,related to,PlayStation Games
B000G75ALQ,related to,Nintendo Games
B00CSIB3PS,related to,Gaming Peripherals
B00CSIB3PS,related to,Gaming Accessories
B00CSIB3PS,related to,Games
B00CSIB3PS,related to,Xbox
B00CSIB3PS,related to,PC Games
B00CSIB3PS,related to,Xbox Games
B00CSIB3PS,related to,PlayStation Games
B00CSIB3PS,related to,Nintendo Games
B00CSIB3PS,related to,Gaming Headsets
B00CSIB3PS,related to,Xbox Series X
B00CSIB3PS,related to,Xbox Series S
B00CSIB3PS,related to,Xbox One
B00CSIB3PS,related to,PlayStation 5
B00CSIB3PS,related to,PlayStation 4
B084QDTVC6,related to,Xbox
B084QDTVC6,related to,PlayStation
B084QDTVC6,related to,Xbox Series X
B084QDTVC6,related to,Xbox Series S
B084QDTVC6,related to,Xbox One
B084QDTVC6,related to,PlayStation 5
B084QDTVC6,related to,PlayStation 4
B084QDTVC6,related to,Xbox Games
B084QDTVC6,related to,Xbox Controllers
B073WNQTYS,related to,Games
B073WNQTYS,related to,Nintendo Games
B073WNQTYS,related to,PC Games
B09R42TR3Y,related to,PlayStation
B09R42TR3Y,related to,Controllers
B09R42TR3Y,related to,PlayStation 5
B09R42TR3Y,related to,PlayStation 4
B09R42TR3Y,related to,PlayStation Vita
B09R42TR3Y,related to,PlayStation Games
B09R42TR3Y,related to,PlayStation Controllers
B09R42TR3Y,related to,Xbox Controllers
B09R42TR3Y,related to,Nintendo Controllers
B01940J462,related to,Xbox
B01940J462,related to,PlayStation
B01940J462,related to,Games
B01940J462,related to,Xbox Series X
B01940J462,related to,Xbox Series S
B01940J462,related to,Xbox One
B01940J462,related to,PlayStation 5
B01940J462,related to,PlayStation 4
B01940J462,related to,PlayStation Vita
B01940J462,related to,PC Games
B01940J462,related to,Xbox Games
B01940J462,related to,PlayStation Games
B01940J462,related to,PlayStation Controllers
B0000ACP8S,related to,PlayStation
B0000ACP8S,related to,Nintendo
B0000ACP8S,related to,Gaming Accessories
B0000ACP8S,related to,Games
B0000ACP8S,related to,PlayStation 5
B0000ACP8S,related to,PlayStation 4
B0000ACP8S,related to,PC Games
B0000ACP8S,related to,Xbox Games
B0000ACP8S,related to,PlayStation Games
B0000ACP8S,related to,Nintendo Games
B01ACHE7PO,related to,PlayStation
B01ACHE7PO,related to,PlayStation 5
B01ACHE7PO,related to,PlayStation 4
B01ACHE7PO,related to,PlayStation Vita
B01ACHE7PO,related to,PlayStation Games
B01ACHE7PO,related to,PlayStation Controllers
B005WMIR4C,related to,Gaming Peripherals
B005WMIR4C,related to,Gaming Accessories
B005WMIR4C,related to,Games
B005WMIR4C,related to,Nintendo
B005WMIR4C,related to,Nintendo Switch
B005WMIR4C,related to,Controllers
B005WMIR4C,related to,PC Games
B005WMIR4C,related to,Xbox Games
B005WMIR4C,related to,PlayStation Games
B005WMIR4C,related to,Nintendo Games
B005WMIR4C,related to,Gaming Headsets
B005WMIR4C,related to,Nintendo Switch Lite
B005WMIR4C,related to,Nintendo 3DS
B005WMIR4C,related to,Xbox Controllers
B005WMIR4C,related to,PlayStation Controllers
B005WMIR4C,related to,Nintendo Controllers
B000M6DHA2,related to,Nintendo
B000M6DHA2,related to,Nintendo Switch
B000M6DHA2,related to,Xbox
B000M6DHA2,related to,PlayStation
B000M6DHA2,related to,Gaming Peripherals
B000M6DHA2,related to,Gaming Accessories
B000M6DHA2,related to,Games
B000M6DHA2,related to,Nintendo 3DS
B000M6DHA2,related to,Nintendo Games
B000M6DHA2,related to,Nintendo Controllers
B000M6DHA2,related to,Xbox One
B000M6DHA2,related to,PlayStation 5
B000M6DHA2,related to,PlayStation 4
B000M6DHA2,related to,PC Games
B000M6DHA2,related to,Xbox Games
B000M6DHA2,related to,PlayStation Games
B000M6DHA2,related to,Xbox Controllers
B000M6DHA2,related to,PlayStation Controllers
B0051D8QCA,related to,Games
B01KX8ETK0,related to,Xbox
B01KX8ETK0,related to,PlayStation
B01KX8ETK0,related to,Nintendo
B01KX8ETK0,related to,Gaming Accessories
B01KX8ETK0,related to,Games
B01KX8ETK0,related to,Xbox Series X
B01KX8ETK0,related to,Xbox Series S
B01KX8ETK0,related to,Xbox One
B01KX8ETK0,related to,PlayStation 5
B01KX8ETK0,related to,PlayStation 4
B01KX8ETK0,related to,PC Games
B01KX8ETK0,related to,Xbox Games
B01KX8ETK0,related to,PlayStation Games
B01KX8ETK0,related to,Xbox Controllers
B01M5BODWT,related to,PlayStation
B01M5BODWT,related to,PlayStation 5
B01M5BODWT,related to,PlayStation 4
B01M5BODWT,related to,PlayStation Vita
B01M5BODWT,related to,PlayStation Games
B01M5BODWT,related to,PlayStation Controllers
B001ELJPK0,related to,PlayStation
B001ELJPK0,related to,Games
B001ELJPK0,related to,PlayStation 5
B001ELJPK0,related to,PlayStation 4
B001ELJPK0,related to,PlayStation Vita
B001ELJPK0,related to,PlayStation Games
B001ELJPK0,related to,PlayStation Controllers
B001ELJPK0,related to,PC Games
B001ELJPK0,related to,Xbox Games
B001ELJPK0,related to,Nintendo Games
B008BOLYJS,related to,Games
B008BOLYJS,related to,PC Games
B008BOLYJS,related to,PlayStation Games
B00H4G8J9C,related to,Gaming Accessories
B00H4G8J9C,related to,Games
B00H4G8J9C,related to,Storage Cases
B00H4G8J9C,related to,PC Games
B00H4G8J9C,related to,Xbox Games
B00H4G8J9C,related to,PlayStation Games
B00H4G8J9C,related to,Nintendo Games
B00H4G8J9C,related to,Switch Cases
B00H4G8J9C,related to,Nintendo 3DS
B0013A3GAW,related to,Xbox
B0013A3GAW,related to,PlayStation
B0013A3GAW,related to,Nintendo
B0013A3GAW,related to,Nintendo Switch
B0013A3GAW,related to,Games
B0013A3GAW,related to,Xbox One
B0013A3GAW,related to,PlayStation 5
B0013A3GAW,related to,PlayStation 4
B0013A3GAW,related to,PlayStation Vita
B0013A3GAW,related to,Nintendo 3DS
B0013A3GAW,related to,Xbox Games
B0013A3GAW,related to,PlayStation Games
B0013A3GAW,related to,Nintendo Games
B0013A3GAW,related to,PlayStation Controllers
B0013A3GAW,related to,Nintendo Controllers
B00M9EZMN0,related to,PlayStation
B00M9EZMN0,related to,Gaming Peripherals
B00M9EZMN0,related to,Gaming Accessories
B00M9EZMN0,related to,Xbox One
B00M9EZMN0,related to,PlayStation 5
B00M9EZMN0,related to,PlayStation 4
B00M9EZMN0,related to,PlayStation Vita
B00M9EZMN0,related to,PlayStation Games
B00M9EZMN0,related to,PlayStation Controllers
B00M9EZMN0,related to,PC Games
B00E1L78TK,related to,Headsets
B00E1L78TK,related to,Gaming Headsets
B0049NNBD2,related to,Gaming Peripherals
B0049NNBD2,related to,Gaming Accessories
B0049NNBD2,related to,Games
B0049NNBD2,related to,PC Games
B0049NNBD2,related to,Xbox Games
B0049NNBD2,related to,PlayStation Games
B0049NNBD2,related to,Nintendo Games
B0049NNBD2,related to,Gaming Headsets
B000P0QJD2,related to,Xbox
B000P0QJD2,related to,Xbox Series X
B000P0QJD2,related to,Xbox Series S
B000P0QJD2,related to,Xbox One
B000P0QJD2,related to,Xbox Games
B000P0QJD2,related to,Xbox Controllers
B00GY879GA,related to,Hardware
B06ZYTHKR7,related to,PlayStation
B06ZYTHKR7,related to,PlayStation 5
B06ZYTHKR7,related to,PlayStation 4
B06ZYTHKR7,related to,PlayStation Vita
B06ZYTHKR7,related to,PlayStation Games
B06ZYTHKR7,related to,PlayStation Controllers
B001FPBZBC,related to,Xbox
B001FPBZBC,related to,Hardware
B001FPBZBC,related to,Gaming Peripherals
B001FPBZBC,related to,Gaming Accessories
B001FPBZBC,related to,Games
B001FPBZBC,related to,Xbox Series X
B001FPBZBC,related to,Xbox Series S
B001FPBZBC,related to,Xbox One
B001FPBZBC,related to,Xbox Games
B001FPBZBC,related to,Xbox Controllers
B001FPBZBC,related to,PC Games
B001FPBZBC,related to,PlayStation Games
B001FPBZBC,related to,Nintendo Games
B09TH678NY,related to,Hardware
B09TH678NY,related to,Xbox
B09TH678NY,related to,PlayStation
B09TH678NY,related to,Nintendo
B09TH678NY,related to,Nintendo Switch
B09TH678NY,related to,Gaming Accessories
B09TH678NY,related to,Games
B09TH678NY,related to,Xbox One
B09TH678NY,related to,PlayStation 5
B09TH678NY,related to,PlayStation 4
B09TH678NY,related to,Nintendo Switch Lite
B09TH678NY,related to,Nintendo 3DS
B09TH678NY,related to,PC Games
B09TH678NY,related to,Xbox Games
B09TH678NY,related to,PlayStation Games
B09TH678NY,related to,Nintendo Games
B09TH678NY,related to,Nintendo Controllers
B09TH678NY,related to,Switch Cases
B003YXYA88,related to,Games
B00A72Q1NG,related to,Xbox
B00A72Q1NG,related to,PlayStation
B00A72Q1NG,related to,Xbox Series X
B00A72Q1NG,related to,Xbox Series S
B00A72Q1NG,related to,Xbox One
B00A72Q1NG,related to,PlayStation 5
B00A72Q1NG,related to,PlayStation 4
B00A72Q1NG,related to,PC Games
B00A72Q1NG,related to,Xbox Games
B00A72Q1NG,related to,Xbox Controllers
B001SQM7YM,related to,Games
B001SQM7YM,related to,PC Games
B001SQM7YM,related to,Xbox Games
B001SQM7YM,related to,PlayStation Games
B001SQM7YM,related to,Nintendo Games
B08VRD9Y8D,related to,Gaming Peripherals
B08VRD9Y8D,related to,Gaming Accessories
B08VRD9Y8D,related to,Storage Cases
B08VRD9Y8D,related to,Nintendo Switch
B08VRD9Y8D,related to,PC Games
B08VRD9Y8D,related to,Xbox Games
B08VRD9Y8D,related to,PlayStation Games
B08VRD9Y8D,related to,Nintendo Games
B08VRD9Y8D,related to,Gaming Headsets
B08VRD9Y8D,related to,Switch Cases
B00KSRV19E,related to,Xbox
B00KSRV19E,related to,PlayStation
B00KSRV19E,related to,Nintendo
B00KSRV19E,related to,Gaming Peripherals
B00KSRV19E,related to,Gaming Accessories
B00KSRV19E,related to,Games
B00KSRV19E,related to,Xbox One
B00KSRV19E,related to,PlayStation 5
B00KSRV19E,related to,PlayStation 4
B00KSRV19E,related to,PC Games
B00KSRV19E,related to,Xbox Games
B00KSRV19E,related to,PlayStation Games
B00KSRV19E,related to,Nintendo Games
B00KSRV19E,related to,Xbox Series X
B00KSRV19E,related to,Xbox Controllers
B004GWVZWU,related to,Xbox
B004GWVZWU,related to,PlayStation
B004GWVZWU,related to,Nintendo
B004GWVZWU,related to,Gaming Peripherals
B004GWVZWU,related to,Xbox Series X
B004GWVZWU,related to,Xbox Series S
B004GWVZWU,related to,Xbox One
B004GWVZWU,related to,PlayStation 5
B004GWVZWU,related to,PlayStation 4
B004GWVZWU,related to,PlayStation Vita
B004GWVZWU,related to,PC Games
B004GWVZWU,related to,Xbox Games
B004GWVZWU,related to,PlayStation Games
B004GWVZWU,related to,Xbox Controllers
B008MXPKP2,related to,Xbox
B0009R1SRI,related to,Xbox
B0009R1SRI,related to,PlayStation
B0009R1SRI,related to,Nintendo
B0009R1SRI,related to,Gaming Peripherals
B0009R1SRI,related to,Gaming Accessories
B0009R1SRI,related to,Games
B0009R1SRI,related to,Xbox Series S
B0009R1SRI,related to,Xbox One
B0009R1SRI,related to,PlayStation 5
B0009R1SRI,related to,PlayStation 4
B0009R1SRI,related to,PlayStation Vita
B0009R1SRI,related to,PC Games
B0009R1SRI,related to,Xbox Games
B0009R1SRI,related to,PlayStation Games
B0009R1SRI,related to,Nintendo Games
B0009R1SRI,related to,PlayStation Controllers
B000KLNLQE,related to,PlayStation
B000KLNLQE,related to,Games
B000KLNLQE,related to,Nintendo 3DS
B000KLNLQE,related to,PlayStation Controllers
B000KLNLQE,related to,PC Games
B000KLNLQE,related to,PlayStation Games
B000KLNLQE,related to,Nintendo Games
B07QX99XJJ,related to,Gaming Peripherals
B07QX99XJJ,related to,Gaming Accessories
B07QX99XJJ,related to,Games
B07QX99XJJ,related to,Hardware
B07QX99XJJ,related to,PlayStation
B07QX99XJJ,related to,Nintendo
B07QX99XJJ,related to,Headsets
B07QX99XJJ,related to,VR Headsets
B07QX99XJJ,related to,PC Games
B07QX99XJJ,related to,Xbox Games
B07QX99XJJ,related to,PlayStation Games
B07QX99XJJ,related to,Nintendo Games
B07QX99XJJ,related to,Gaming Headsets
B07QX99XJJ,related to,PlayStation 5
B07QX99XJJ,related to,PlayStation 4
B07NPMR6MV,related to,Xbox
B07NPMR6MV,related to,Gaming Peripherals
B07NPMR6MV,related to,Gaming Accessories
B07NPMR6MV,related to,Games
B07NPMR6MV,related to,Xbox Series S
B07NPMR6MV,related to,Xbox One
B07NPMR6MV,related to,PC Games
B07NPMR6MV,related to,Xbox Games
B07NPMR6MV,related to,PlayStation Games
B08V1QTP6X,related to,Hardware
B08V1QTP6X,related to,Xbox
B08V1QTP6X,related to,PlayStation
B08V1QTP6X,related to,Nintendo
B08V1QTP6X,related to,Gaming Peripherals
B08V1QTP6X,related to,Gaming Accessories
B08V1QTP6X,related to,Games
B08V1QTP6X,related to,Xbox Series S
B08V1QTP6X,related to,Xbox One
B08V1QTP6X,related to,PlayStation 5
B08V1QTP6X,related to,PlayStation 4
B08V1QTP6X,related to,PlayStation Vita
B08V1QTP6X,related to,PC Games
B08V1QTP6X,related to,Xbox Games
B08V1QTP6X,related to,PlayStation Games
B08V1QTP6X,related to,Nintendo Games
B08V1QTP6X,related to,Gaming Headsets
B08V1QTP6X,related to,Xbox Controllers
B08V1QTP6X,related to,PlayStation Controllers
B08V1QTP6X,related to,Nintendo Controllers
B07Y63JF1W,related to,Games
B003YJEPNW,related to,Games
B08W2M13PP,related to,Controllers
B08W2M13PP,related to,Nintendo Controllers
B01MR3RARC,related to,Nintendo
B01MR3RARC,related to,Nintendo Switch
B01MR3RARC,related to,Xbox
B01MR3RARC,related to,PlayStation
B01MR3RARC,related to,Games
B01MR3RARC,related to,Nintendo 3DS
B01MR3RARC,related to,Nintendo Games
B01MR3RARC,related to,Nintendo Controllers
B01MR3RARC,related to,Xbox One
B01MR3RARC,related to,PlayStation 5
B01MR3RARC,related to,PlayStation 4
B01MR3RARC,related to,PlayStation Vita
B01MR3RARC,related to,Xbox Games
B01MR3RARC,related to,PlayStation Games
B01MR3RARC,related to,PlayStation Controllers
B00005B70Q,related to,PlayStation
B00005B70Q,related to,Nintendo
B00005B70Q,related to,Games
B00005B70Q,related to,PlayStation 5
B00005B70Q,related to,PlayStation 4
B00005B70Q,related to,PlayStation Vita
B00005B70Q,related to,Xbox Games
B00005B70Q,related to,PlayStation Games
B00005B70Q,related to,PlayStation Controllers
B00005B70Q,related to,PC Games
B00005B70Q,related to,Nintendo Games
B017W17G4M,related to,Nintendo
B017W17G4M,related to,Nintendo Games
B0812PG2ZH,related to,Nintendo
B0812PG2ZH,related to,Nintendo Switch
B0812PG2ZH,related to,Games
B0812PG2ZH,related to,Nintendo Switch Lite
B0812PG2ZH,related to,Nintendo 3DS
B0812PG2ZH,related to,Nintendo Games
B0812PG2ZH,related to,Switch Cases
B0812PG2ZH,related to,Nintendo Controllers
B0812PG2ZH,related to,PC Games
B0812PG2ZH,related to,Xbox Games
B0812PG2ZH,related to,PlayStation Games
B000028U28,related to,Xbox
B000028U28,related to,PlayStation
B000028U28,related to,Gaming Peripherals
B000028U28,related to,Gaming Accessories
B000028U28,related to,Games
B000028U28,related to,Xbox Series X
B000028U28,related to,Xbox One
B000028U28,related to,PC Games
B000028U28,related to,Xbox Games
B000028U28,related to,PlayStation Games
B00002EPY6,related to,Nintendo
B00002EPY6,related to,Games
B00002EPY6,related to,PC Games
B00002EPY6,related to,Xbox Games
B00002EPY6,related to,PlayStation Games
B00002EPY6,related to,Nintendo Games
B00005NHPI,related to,Controllers
B00005NHPI,related to,Xbox
B00005NHPI,related to,PlayStation
B00005NHPI,related to,Xbox Controllers
B00005NHPI,related to,PlayStation Controllers
B00005NHPI,related to,Nintendo Controllers
B00005NHPI,related to,Xbox One
B00005NHPI,related to,PlayStation 5
B00005NHPI,related to,PlayStation 4
B00005NHPI,related to,PlayStation Vita
B00005NHPI,related to,Xbox Games
B00005NHPI,related to,PlayStation Games
B077TB64KB,related to,Nintendo
B077TB64KB,related to,Nintendo Switch
B077TB64KB,related to,Nintendo Switch Lite
B077TB64KB,related to,Nintendo 3DS
B077TB64KB,related to,Nintendo Games
B077TB64KB,related to,Switch Cases
B077TB64KB,related to,Nintendo Controllers
B08GC7JNKB,related to,Nintendo Switch
B08GC7JNKB,related to,Hardware
B08GC7JNKB,related to,Xbox
B08GC7JNKB,related to,PlayStation
B08GC7JNKB,related to,Nintendo
B08GC7JNKB,related to,Gaming Accessories
B08GC7JNKB,related to,Games
B08GC7JNKB,related to,Nintendo Switch Lite
B08GC7JNKB,related to,Switch Cases
B08GC7JNKB,related to,Xbox One
B08GC7JNKB,related to,PlayStation 5
B08GC7JNKB,related to,PlayStation 4
B08GC7JNKB,related to,Nintendo 3DS
B08GC7JNKB,related to,PC Games
B08GC7JNKB,related to,Xbox Games
B08GC7JNKB,related to,PlayStation Games
B08GC7JNKB,related to,Nintendo Games
B08GC7JNKB,related to,Nintendo Controllers
B001EYUNDA,related to,PlayStation
B001EYUNDA,related to,Nintendo
B001EYUNDA,related to,Nintendo Switch
B001EYUNDA,related to,Xbox Series S
B001EYUNDA,related to,PlayStation 5
B001EYUNDA,related to,PlayStation 4
B001EYUNDA,related to,Nintendo 3DS
B001EYUNDA,related to,Xbox Games
B001EYUNDA,related to,PlayStation Games
B001EYUNDA,related to,Nintendo Games
B001EYUNDA,related to,Nintendo Controllers
B08P5QG743,related to,Xbox
B08P5QG743,related to,PlayStation
B08P5QG743,related to,Controllers
B08P5QG743,related to,Gaming Peripherals
B08P5QG743,related to,Gaming Accessories
B08P5QG743,related to,Games
B08P5QG743,related to,Xbox Series X
B08P5QG743,related to,Xbox Series S
B08P5QG743,related to,Xbox One
B08P5QG743,related to,PlayStation 5
B08P5QG743,related to,PlayStation 4
B08P5QG743,related to,PC Games
B08P5QG743,related to,Xbox Games
B08P5QG743,related to,PlayStation Games
B08P5QG743,related to,Nintendo Games
B08P5QG743,related to,Xbox Controllers
B08P5QG743,related to,PlayStation Controllers
B08P5QG743,related to,Nintendo Controllers
B0BNKQ861F,related to,Gaming Peripherals
B0BNKQ861F,related to,Gaming Accessories
B0BNKQ861F,related to,Games
B0BNKQ861F,related to,PC Games
B0BNKQ861F,related to,Xbox Games
B0BNKQ861F,related to,PlayStation Games
B0BNKQ861F,related to,Nintendo Games
B0BNKQ861F,related to,Gaming Headsets
B00A2Z50KI,related to,Games
B00A2Z50KI,related to,PC Games
B00A2Z50KI,related to,Xbox Games
B00A2Z50KI,related to,Nintendo Games
B07BWJWBJL,related to,Nintendo
B07BWJWBJL,related to,Games
B07BWJWBJL,related to,PC Games
B07BWJWBJL,related to,Xbox Games
B07BWJWBJL,related to,PlayStation Games
B07BWJWBJL,related to,Nintendo Games
B001ELJF64,related to,Games
B001ELJF64,related to,PC Games
B001ELJF64,related to,Xbox Games
B001ELJF64,related to,PlayStation Games
B001ELJF64,related to,Nintendo Games
B000V7889C,related to,Games
B000V7889C,related to,PC Games
B000V7889C,related to,Xbox Games
B000V7889C,related to,PlayStation Games
B00TGAX520,related to,Games
B00TGAX520,related to,PC Games
B00TGAX520,related to,Xbox Games
B08P1HZHVM,related to,Xbox
B08P1HZHVM,related to,Games
B08P1HZHVM,related to,PC Games
B08P1HZHVM,related to,Xbox Games
B08P1HZHVM,related to,Nintendo Games
B0BG5LMGJF,related to,Nintendo
B0BG5LMGJF,related to,Nintendo Switch
B0BG5LMGJF,related to,Gaming Accessories
B0BG5LMGJF,related to,Games
B0BG5LMGJF,related to,Storage Cases
B0BG5LMGJF,related to,Nintendo Switch Lite
B0BG5LMGJF,related to,Nintendo 3DS
B0BG5LMGJF,related to,Nintendo Games
B0BG5LMGJF,related to,Switch Cases
B0BG5LMGJF,related to,Nintendo Controllers
B0BG5LMGJF,related to,PC Games
B0BG5LMGJF,related to,Xbox Games
B0BG5LMGJF,related to,PlayStation Games
B002I0JNFI,related to,Games
B002I0JNFI,related to,PC Games
B002I0JNFI,related to,Xbox Games
B002I0JNFI,related to,Nintendo Games
B005OGL4V4,related to,Xbox
B005OGL4V4,related to,PlayStation
B005OGL4V4,related to,Nintendo
B005OGL4V4,related to,Gaming Peripherals
B005OGL4V4,related to,Xbox Series X
B005OGL4V4,related to,Xbox Series S
B005OGL4V4,related to,Xbox One
B005OGL4V4,related to,PlayStation 5
B005OGL4V4,related to,PlayStation 4
B005OGL4V4,related to,PlayStation Vita
B005OGL4V4,related to,PC Games
B005OGL4V4,related to,Xbox Games
B005OGL4V4,related to,PlayStation Games
B005OGL4V4,related to,Xbox Controllers
B08YD8P63W,related to,Gaming Peripherals
B08YD8P63W,related to,Gaming Accessories
B08YD8P63W,related to,Games
B08YD8P63W,related to,Nintendo
B08YD8P63W,related to,Nintendo Switch
B08YD8P63W,related to,Controllers
B08YD8P63W,related to,PC Games
B08YD8P63W,related to,Xbox Games
B08YD8P63W,related to,PlayStation Games
B08YD8P63W,related to,Nintendo Games
B08YD8P63W,related to,Gaming Headsets
B08YD8P63W,related to,Xbox Controllers
B08YD8P63W,related to,PlayStation Controllers
B08YD8P63W,related to,Nintendo Controllers
B08YD8P63W,related to,Nintendo 3DS
B06ZZSF45B,related to,PlayStation
B06ZZSF45B,related to,Gaming Peripherals
B06ZZSF45B,related to,Gaming Accessories
B06ZZSF45B,related to,Controllers
B06ZZSF45B,related to,Xbox One
B06ZZSF45B,related to,PlayStation 5
B06ZZSF45B,related to,PlayStation 4
B06ZZSF45B,related to,PlayStation Vita
B06ZZSF45B,related to,Xbox Games
B06ZZSF45B,related to,PlayStation Games
B06ZZSF45B,related to,Xbox Controllers
B06ZZSF45B,related to,PlayStation Controllers
B06ZZSF45B,related to,Nintendo Controllers
B0891DDRYN,related to,Xbox
B0891DDRYN,related to,PlayStation
B0891DDRYN,related to,Nintendo
B0891DDRYN,related to,Gaming Peripherals
B0891DDRYN,related to,Gaming Accessories
B0891DDRYN,related to,Games
B0891DDRYN,related to,Xbox One
B0891DDRYN,related to,PlayStation 5
B0891DDRYN,related to,PlayStation 4
B0891DDRYN,related to,PC Games
B0891DDRYN,related to,Xbox Games
B0891DDRYN,related to,PlayStation Games
B0891DDRYN,related to,Nintendo Games
B0891DDRYN,related to,Gaming Headsets
B000CBCVG8,related to,Games
B000CBCVG8,related to,PlayStation
B000CBCVG8,related to,PlayStation 5
B000CBCVG8,related to,PlayStation 4
B000CBCVG8,related to,Nintendo 3DS
B000CBCVG8,related to,PlayStation Games
B000CBCVG8,related to,PlayStation Controllers
B002JTX6B0,related to,Gaming Accessories
B002JTX6B0,related to,Games
B002JTX6B0,related to,Nintendo Games
B002JTX6B0,related to,PC Games
B002JTX6B0,related to,Xbox Games
B002JTX6B0,related to,PlayStation Games
B000WCCURW,related to,Gaming Peripherals
B000WCCURW,related to,Gaming Accessories
B000WCCURW,related to,Games
B000WCCURW,related to,PC Games
B000WCCURW,related to,Xbox Games
B002IGTPK0,related to,Nintendo
B002IGTPK0,related to,Nintendo Switch
B002IGTPK0,related to,Nintendo Games
B002IGTPK0,related to,Nintendo 3DS
B002IGTPK0,related to,Nintendo Controllers
B07W6KJ7QJ,related to,Nintendo
B07W6KJ7QJ,related to,Nintendo Switch
B07W6KJ7QJ,related to,Storage Cases
B07W6KJ7QJ,related to,Nintendo Switch Lite
B07W6KJ7QJ,related to,Nintendo 3DS
B07W6KJ7QJ,related to,Nintendo Games
B07W6KJ7QJ,related to,Switch Cases
B07W6KJ7QJ,related to,Nintendo Controllers
B08N3T51C5,related to,Nintendo Switch
B08N3T51C5,related to,Hardware
B08N3T51C5,related to,Xbox
B08N3T51C5,related to,PlayStation
B08N3T51C5,related to,Nintendo
B08N3T51C5,related to,Gaming Accessories
B08N3T51C5,related to,Games
B08N3T51C5,related to,Nintendo Switch Lite
B08N3T51C5,related to,Switch Cases
B08N3T51C5,related to,Xbox One
B08N3T51C5,related to,PlayStation 5
B08N3T51C5,related to,PlayStation 4
B08N3T51C5,related to,Nintendo 3DS
B08N3T51C5,related to,PC Games
B08N3T51C5,related to,Xbox Games
B08N3T51C5,related to,PlayStation Games
B08N3T51C5,related to,Nintendo Games
B08N3T51C5,related to,Nintendo Controllers
B077GCYVD7,related to,Games
B07MQPL1W2,related to,Nintendo
B07MQPL1W2,related to,Nintendo Switch
B07MQPL1W2,related to,Storage Cases
B07MQPL1W2,related to,Games
B07MQPL1W2,related to,Nintendo Games
B07MQPL1W2,related to,Nintendo Controllers
B07MQPL1W2,related to,PC Games
B07MQPL1W2,related to,Xbox Games
B07MQPL1W2,related to,PlayStation Games
B0BJJ2C93D,related to,Nintendo
B0BJJ2C93D,related to,Nintendo Switch
B0BJJ2C93D,related to,Storage Cases
B0BJJ2C93D,related to,Nintendo Switch Lite
B0BJJ2C93D,related to,Nintendo 3DS
B0BJJ2C93D,related to,Nintendo Games
B0BJJ2C93D,related to,Switch Cases
B0BJJ2C93D,related to,Nintendo Controllers
B07J2KVXY3,related to,PlayStation
B07J2KVXY3,related to,Games
B07J2KVXY3,related to,PlayStation 5
B07J2KVXY3,related to,PlayStation 4
B07J2KVXY3,related to,PlayStation Vita
B07J2KVXY3,related to,PlayStation Games
B07J2KVXY3,related to,PlayStation Controllers
B07J2KVXY3,related to,PC Games
B07Y645JJP,related to,Xbox
B07Y645JJP,related to,PlayStation
B07Y645JJP,related to,Nintendo
B07Y645JJP,related to,Gaming Accessories
B07Y645JJP,related to,Games
B07Y645JJP,related to,Xbox Series X
B07Y645JJP,related to,Xbox Series S
B07Y645JJP,related to,Xbox One
B07Y645JJP,related to,PlayStation 5
B07Y645JJP,related to,PlayStation 4
B07Y645JJP,related to,PC Games
B07Y645JJP,related to,Xbox Games
B07Y645JJP,related to,PlayStation Games
B07Y645JJP,related to,Nintendo Games
B07Y645JJP,related to,Xbox Controllers
B09HPWH6VX,related to,Xbox
B09HPWH6VX,related to,PlayStation
B09HPWH6VX,related to,Nintendo
B09HPWH6VX,related to,Gaming Peripherals
B09HPWH6VX,related to,Gaming Accessories
B09HPWH6VX,related to,Games
B09HPWH6VX,related to,Controllers
B09HPWH6VX,related to,Xbox Series S
B09HPWH6VX,related to,Xbox One
B09HPWH6VX,related to,PlayStation 5
B09HPWH6VX,related to,PlayStation 4
B09HPWH6VX,related to,PlayStation Vita
B09HPWH6VX,related to,PC Games
B09HPWH6VX,related to,Xbox Games
B09HPWH6VX,related to,PlayStation Games
B09HPWH6VX,related to,Nintendo Games
B09HPWH6VX,related to,Gaming Headsets
B09HPWH6VX,related to,PlayStation Controllers
B09HPWH6VX,related to,Xbox Controllers
B09HPWH6VX,related to,Nintendo Controllers
B0007UVXSG,related to,PlayStation
B0007UVXSG,related to,Games
B0007UVXSG,related to,Hardware
B0007UVXSG,related to,PlayStation 5
B0007UVXSG,related to,PlayStation Games
B0007UVXSG,related to,PC Games
B00005KAY0,related to,Nintendo
B00005KAY0,related to,Games
B00005KAY0,related to,Storage Cases
B00005KAY0,related to,PlayStation 5
B00005KAY0,related to,PlayStation 4
B00005KAY0,related to,PC Games
B00005KAY0,related to,Xbox Games
B00005KAY0,related to,PlayStation Games
B00005KAY0,related to,Nintendo Games
B003N63BPE,related to,Games
B00005UNWD,related to,Games
B00005UNWD,related to,Xbox
B00005UNWD,related to,PlayStation
B00005UNWD,related to,Nintendo
B00005UNWD,related to,Xbox One
B00005UNWD,related to,PlayStation 5
B00005UNWD,related to,PlayStation 4
B00005UNWD,related to,PlayStation Vita
B00005UNWD,related to,PC Games
B00005UNWD,related to,Xbox Games
B00005UNWD,related to,PlayStation Games
B00005UNWD,related to,PlayStation Controllers
B07PZ8NZSZ,related to,PlayStation
B07PZ8NZSZ,related to,Gaming Peripherals
B07PZ8NZSZ,related to,Gaming Accessories
B07PZ8NZSZ,related to,Games
B07PZ8NZSZ,related to,PlayStation 5
B07PZ8NZSZ,related to,PlayStation 4
B07PZ8NZSZ,related to,PlayStation Vita
B07PZ8NZSZ,related to,PlayStation Games
B07PZ8NZSZ,related to,PC Games
B07PZ8NZSZ,related to,Xbox Games
B07PZ8NZSZ,related to,Nintendo Games
B07PZ8NZSZ,related to,Gaming Headsets
B09HV3RMM9,related to,Hardware
B09HV3RMM9,related to,Xbox
B09HV3RMM9,related to,PlayStation
B09HV3RMM9,related to,Nintendo
B09HV3RMM9,related to,Nintendo Switch
B09HV3RMM9,related to,Gaming Accessories
B09HV3RMM9,related to,Games
B09HV3RMM9,related to,Gaming Peripherals
B09HV3RMM9,related to,Xbox One
B09HV3RMM9,related to,PlayStation 5
B09HV3RMM9,related to,PlayStation 4
B09HV3RMM9,related to,Nintendo Switch Lite
B09HV3RMM9,related to,Nintendo 3DS
B09HV3RMM9,related to,PC Games
B09HV3RMM9,related to,Xbox Games
B09HV3RMM9,related to,PlayStation Games
B09HV3RMM9,related to,Nintendo Games
B09HV3RMM9,related to,Nintendo Controllers
B09HV3RMM9,related to,Switch Cases
B001EYUXLW,related to,Nintendo
B001EYUXLW,related to,Games
B001EYUXLW,related to,PC Games
B001EYUXLW,related to,Xbox Games
B001EYUXLW,related to,PlayStation Games
B001EYUXLW,related to,Nintendo Games
B001EYUOH0,related to,Nintendo
B001EYUOH0,related to,Games
B001EYUOH0,related to,PC Games
B001EYUOH0,related to,Xbox Games
B001EYUOH0,related to,PlayStation Games
B001EYUOH0,related to,Nintendo Games
B0012GWGIU,related to,Nintendo
B0012GWGIU,related to,Games
B0012GWGIU,related to,PC Games
B0012GWGIU,related to,Xbox Games
B0012GWGIU,related to,PlayStation Games
B0012GWGIU,related to,Nintendo Games
B001EYUTJ8,related to,Games
B001EYUTJ8,related to,PC Games
B001EYUTJ8,related to,Xbox Games
B001EYUTJ8,related to,PlayStation Games
B001EYUTJ8,related to,Nintendo Games
B001EYUW8Q,related to,Games
B001EYUW8Q,related to,Xbox
B001EYUW8Q,related to,PlayStation
B001EYUW8Q,related to,PC Games
B001EYUW8Q,related to,Nintendo Games
B001EYUW8Q,related to,Xbox One
B001EYUW8Q,related to,PlayStation 5
B001EYUW8Q,related to,PlayStation 4
B001EYUW8Q,related to,PlayStation Vita
B001EYUW8Q,related to,Xbox Games
B001EYUW8Q,related to,PlayStation Games
B001EYUW8Q,related to,PlayStation Controllers
B00005CAX7,related to,PlayStation
B00005CAX7,related to,Nintendo
B00005CAX7,related to,Nintendo Switch
B00005CAX7,related to,Gaming Accessories
B00005CAX7,related to,Games
B00005CAX7,related to,PlayStation 5
B00005CAX7,related to,PlayStation 4
B00005CAX7,related to,Nintendo 3DS
B00005CAX7,related to,PlayStation Games
B00005CAX7,related to,Nintendo Games
B00005CAX7,related to,PC Games
B00005CAX7,related to,Xbox Games
B01A6LEXHS,related to,Nintendo 3DS
B00BTDBSXU,related to,Gaming Peripherals
B00BTDBSXU,related to,Gaming Accessories
B00BTDBSXU,related to,Games
B00BTDBSXU,related to,Nintendo
B00BTDBSXU,related to,PC Games
B00BTDBSXU,related to,Xbox Games
B00BTDBSXU,related to,PlayStation Games
B00BTDBSXU,related to,Nintendo Games
B00BTDBSXU,related to,Gaming Headsets
B0006GQN5E,related to,Games
B0006GQN5E,related to,Nintendo 3DS
B001G7PS62,related to,PlayStation
B001G7PS62,related to,Nintendo
B001G7PS62,related to,Nintendo Switch
B001G7PS62,related to,Games
B001G7PS62,related to,Xbox Series S
B001G7PS62,related to,PlayStation 5
B001G7PS62,related to,PlayStation 4
B001G7PS62,related to,Nintendo 3DS
B001G7PS62,related to,Xbox Games
B001G7PS62,related to,PlayStation Games
B001G7PS62,related to,Nintendo Games
B001G7PS62,related to,Nintendo Controllers
B001G7PS62,related to,PC Games
B0039ZWQQY,related to,Storage Cases
B0039ZWQQY,related to,Hardware
B0039ZWQQY,related to,Xbox
B0039ZWQQY,related to,PlayStation
B0039ZWQQY,related to,Nintendo
B0039ZWQQY,related to,Nintendo Switch
B0039ZWQQY,related to,Gaming Accessories
B0039ZWQQY,related to,Games
B0039ZWQQY,related to,Switch Cases
B0039ZWQQY,related to,Xbox One
B0039ZWQQY,related to,PlayStation 5
B0039ZWQQY,related to,PlayStation 4
B0039ZWQQY,related to,Nintendo Switch Lite
B0039ZWQQY,related to,Nintendo 3DS
B0039ZWQQY,related to,PC Games
B0039ZWQQY,related to,Xbox Games
B0039ZWQQY,related to,PlayStation Games
B0039ZWQQY,related to,Nintendo Games
B0039ZWQQY,related to,Nintendo Controllers
B005UUO8FS,related to,Xbox
B005UUO8FS,related to,Xbox Series X
B005UUO8FS,related to,Xbox Series S
B005UUO8FS,related to,Xbox One
B005UUO8FS,related to,PC Games
B005UUO8FS,related to,Xbox Games
B005UUO8FS,related to,Xbox Controllers
B0BTJ6BNMR,related to,Xbox
B0BTJ6BNMR,related to,PlayStation
B0BTJ6BNMR,related to,Nintendo
B0BTJ6BNMR,related to,Gaming Peripherals
B0BTJ6BNMR,related to,Gaming Accessories
B0BTJ6BNMR,related to,PlayStation 5
B0BTJ6BNMR,related to,Xbox Series S
B0BTJ6BNMR,related to,Xbox One
B0BTJ6BNMR,related to,PlayStation 4
B0BTJ6BNMR,related to,PlayStation Vita
B0BTJ6BNMR,related to,PC Games
B0BTJ6BNMR,related to,Xbox Games
B0BTJ6BNMR,related to,PlayStation Games
B0BTJ6BNMR,related to,Nintendo Games
B0BTJ6BNMR,related to,Xbox Controllers
B0BTJ6BNMR,related to,PlayStation Controllers
B0BTJ6BNMR,related to,Nintendo Controllers
B00FB5R1AQ,related to,PC Games
B00TGHVHQO,related to,Games
B00TGHVHQO,related to,Controllers
B00TGHVHQO,related to,Hardware
B00TGHVHQO,related to,Xbox
B00TGHVHQO,related to,PlayStation
B00TGHVHQO,related to,Nintendo
B00TGHVHQO,related to,Nintendo Switch
B00TGHVHQO,related to,Gaming Accessories
B00TGHVHQO,related to,PC Games
B00TGHVHQO,related to,PlayStation Games
B00TGHVHQO,related to,Nintendo Games
B00TGHVHQO,related to,Xbox One
B00TGHVHQO,related to,PlayStation 5
B00TGHVHQO,related to,PlayStation 4
B00TGHVHQO,related to,Nintendo Switch Lite
B00TGHVHQO,related to,Nintendo 3DS
B00TGHVHQO,related to,Xbox Games
B00TGHVHQO,related to,Nintendo Controllers
B08J882KT9,related to,Xbox
B08J882KT9,related to,PlayStation
B08J882KT9,related to,Nintendo
B08J882KT9,related to,Games
B08J882KT9,related to,Controllers
B08J882KT9,related to,Xbox One
B08J882KT9,related to,PlayStation 5
B08J882KT9,related to,PlayStation 4
B08J882KT9,related to,PlayStation Vita
B08J882KT9,related to,PC Games
B08J882KT9,related to,Xbox Games
B08J882KT9,related to,PlayStation Games
B08J882KT9,related to,Nintendo Games
B08J882KT9,related to,PlayStation Controllers
B08J882KT9,related to,Xbox Controllers
B08J882KT9,related to,Nintendo Controllers
B00ZS1SRO2,related to,PlayStation
B00ZS1SRO2,related to,Nintendo
B00ZS1SRO2,related to,Nintendo Switch
B00ZS1SRO2,related to,Games
B00ZS1SRO2,related to,Nintendo 3DS
B00ZS1SRO2,related to,PlayStation 5
B00ZS1SRO2,related to,Xbox Games
B00ZS1SRO2,related to,PlayStation Games
B00ZS1SRO2,related to,Nintendo Games
B00ZS1SRO2,related to,Nintendo Controllers
B0007PIEA6,related to,Xbox
B0007PIEA6,related to,Gaming Accessories
B0007PIEA6,related to,Xbox One
B0007PIEA6,related to,Xbox Games
B0007PIEA6,related to,Xbox Controllers
B00DHAD3JU,related to,Gaming Peripherals
B00DHAD3JU,related to,Gaming Accessories
B00DHAD3JU,related to,Games
B00DHAD3JU,related to,Controllers
B00DHAD3JU,related to,PC Games
B00DHAD3JU,related to,Xbox Games
B00DHAD3JU,related to,PlayStation Games
B00DHAD3JU,related to,Nintendo Games
B08Z4JLXWT,related to,Nintendo
B08Z4JLXWT,related to,Nintendo Switch
B08Z4JLXWT,related to,Nintendo Switch Lite
B08Z4JLXWT,related to,Nintendo 3DS
B08Z4JLXWT,related to,Nintendo Games
B08Z4JLXWT,related to,Switch Cases
B08Z4JLXWT,related to,Nintendo Controllers
B07MDJN1BF,related to,Nintendo
B07MDJN1BF,related to,Nintendo Switch
B07MDJN1BF,related to,Gaming Peripherals
B07MDJN1BF,related to,Nintendo 3DS
B07MDJN1BF,related to,Nintendo Games
B07MDJN1BF,related to,Nintendo Controllers
B00004XONL,related to,Games
B00004XONL,related to,PC Games
B000AYH89M,related to,PC Games
B01G5IULMW,related to,Gaming Peripherals
B01G5IULMW,related to,Gaming Accessories
B01G5IULMW,related to,Games
B01G5IULMW,related to,Controllers
B01G5IULMW,related to,Nintendo
B01G5IULMW,related to,PC Games
B01G5IULMW,related to,Xbox Games
B01G5IULMW,related to,PlayStation Games
B01G5IULMW,related to,Nintendo Games
B01G5IULMW,related to,Gaming Headsets
B01G5IULMW,related to,Xbox Controllers
B01G5IULMW,related to,PlayStation Controllers
B01G5IULMW,related to,Nintendo Controllers
B000CFWHQ8,related to,Games
B000CFWHQ8,related to,PlayStation
B000CFWHQ8,related to,PlayStation 5
B000CFWHQ8,related to,PlayStation 4
B000CFWHQ8,related to,PlayStation Vita
B000CFWHQ8,related to,PlayStation Games
B000CFWHQ8,related to,PlayStation Controllers
B00004SVMO,related to,Xbox
B00004SVMO,related to,PlayStation
B00004SVMO,related to,Nintendo
B00004SVMO,related to,Gaming Peripherals
B00004SVMO,related to,Gaming Accessories
B00004SVMO,related to,Games
B00004SVMO,related to,Nintendo Switch
B00004SVMO,related to,Xbox One
B00004SVMO,related to,PlayStation 5
B00004SVMO,related to,PlayStation 4
B00004SVMO,related to,PC Games
B00004SVMO,related to,Xbox Games
B00004SVMO,related to,PlayStation Games
B00004SVMO,related to,Nintendo Games
B00004SVMO,related to,PlayStation Vita
B00004SVMO,related to,Nintendo 3DS
B00004SVMO,related to,Nintendo Controllers
B0001ZZNM4,related to,Nintendo
B0001ZZNM4,related to,Games
B0001ZZNM4,related to,PC Games
B0001ZZNM4,related to,Xbox Games
B0001ZZNM4,related to,PlayStation Games
B0001ZZNM4,related to,Nintendo Games
B000VTX0QQ,related to,PlayStation
B000VTX0QQ,related to,Xbox
B000VTX0QQ,related to,Nintendo
B000VTX0QQ,related to,Gaming Peripherals
B000VTX0QQ,related to,Gaming Accessories
B000VTX0QQ,related to,PlayStation 5
B000VTX0QQ,related to,PlayStation 4
B000VTX0QQ,related to,PlayStation Vita
B000VTX0QQ,related to,PlayStation Games
B000VTX0QQ,related to,PlayStation Controllers
B000VTX0QQ,related to,Xbox Series S
B000VTX0QQ,related to,Xbox One
B000VTX0QQ,related to,PC Games
B000VTX0QQ,related to,Xbox Games
B000VTX0QQ,related to,Nintendo Games
B000VTX0QQ,related to,Xbox Controllers
B000VTX0QQ,related to,Nintendo Controllers
B09Q6JFSGJ,related to,Gaming Peripherals
B09Q6JFSGJ,related to,Gaming Accessories
B09Q6JFSGJ,related to,Controllers
B09Q6JFSGJ,related to,Xbox
B09Q6JFSGJ,related to,Xbox Controllers
B09Q6JFSGJ,related to,PlayStation Controllers
B09Q6JFSGJ,related to,Nintendo Controllers
B09Q6JFSGJ,related to,Xbox Series X
B09Q6JFSGJ,related to,Xbox Series S
B09Q6JFSGJ,related to,Xbox One
B09Q6JFSGJ,related to,PlayStation 4
B09Q6JFSGJ,related to,Xbox Games
B00A1XXI2S,related to,Gaming Peripherals
B00A1XXI2S,related to,Gaming Accessories
B00A1XXI2S,related to,Games
B00A1XXI2S,related to,PC Games
B00A1XXI2S,related to,Xbox Games
B00A1XXI2S,related to,PlayStation Games
B00A1XXI2S,related to,Nintendo Games
B00A1XXI2S,related to,Gaming Headsets
B000040OEH,related to,Xbox
B000040OEH,related to,PlayStation
B000040OEH,related to,Nintendo
B000040OEH,related to,Gaming Accessories
B000040OEH,related to,Games
B000040OEH,related to,Xbox Series S
B000040OEH,related to,Xbox One
B000040OEH,related to,PlayStation 5
B000040OEH,related to,PlayStation 4
B000040OEH,related to,PlayStation Vita
B000040OEH,related to,PC Games
B000040OEH,related to,Xbox Games
B000040OEH,related to,PlayStation Games
B000040OEH,related to,Nintendo Games
B000040OEH,related to,PlayStation Controllers
B001ELJE88,related to,PC Games
B001ELJE88,related to,Xbox Games
B003E1UNSG,related to,Games
B07BJ5WFF7,related to,Games
B07BJ5WFF7,related to,Nintendo
B07BJ5WFF7,related to,PlayStation
B07BJ5WFF7,related to,PC Games
B07BJ5WFF7,related to,PlayStation 5
B07BJ5WFF7,related to,PlayStation 4
B07BJ5WFF7,related to,PlayStation Vita
B07BJ5WFF7,related to,PlayStation Games
B07BJ5WFF7,related to,PlayStation Controllers
B019ICBP3Q,related to,Games
B08NFNSKTG,related to,Games
B08NFNSKTG,related to,PC Games
B08NFNSKTG,related to,Xbox Games
B08NFNSKTG,related to,PlayStation Games
B08NFNSKTG,related to,Nintendo Games
B0BM9RYNST,related to,Gaming Accessories
B0BM9RYNST,related to,Headsets
B0BM9RYNST,related to,VR Headsets
B0BM9RYNST,related to,Gaming Peripherals
B0BM9RYNST,related to,Games
B0BM9RYNST,related to,Gaming Headsets
B0BM9RYNST,related to,PC Games
B0BM9RYNST,related to,Xbox Games
B0BM9RYNST,related to,PlayStation Games
B0BM9RYNST,related to,Nintendo Games
B009GSX0A4,related to,Games
B009GSX0A4,related to,PlayStation Vita
B009GSX0A4,related to,PC Games
B06X97FLWF,related to,Nintendo
B06X97FLWF,related to,Nintendo Switch
B06X97FLWF,related to,Games
B06X97FLWF,related to,Nintendo Switch Lite
B06X97FLWF,related to,Nintendo 3DS
B06X97FLWF,related to,Nintendo Games
B06X97FLWF,related to,Switch Cases
B06X97FLWF,related to,Nintendo Controllers
B06X97FLWF,related to,PC Games
B06X97FLWF,related to,Xbox Games
B06X97FLWF,related to,PlayStation Games
B0BX52FGXV,related to,Gaming Peripherals
B0BX52FGXV,related to,Gaming Accessories
B0BX52FGXV,related to,Games
B0BX52FGXV,related to,PC Games
B0BX52FGXV,related to,Xbox Games
B0BX52FGXV,related to,PlayStation Games
B0BX52FGXV,related to,Nintendo Games
B0BX52FGXV,related to,Gaming Headsets
B0046CC4R0,related to,Xbox
B0046CC4R0,related to,PlayStation
B0046CC4R0,related to,Nintendo
B0046CC4R0,related to,Gaming Peripherals
B0046CC4R0,related to,Xbox Series X
B0046CC4R0,related to,Xbox Series S
B0046CC4R0,related to,Xbox One
B0046CC4R0,related to,PlayStation 5
B0046CC4R0,related to,PlayStation 4
B0046CC4R0,related to,PlayStation Vita
B0046CC4R0,related to,PC Games
B0046CC4R0,related to,Xbox Games
B0046CC4R0,related to,PlayStation Games
B0046CC4R0,related to,Xbox Controllers
B0045U01OG,related to,Nintendo
B0045U01OG,related to,Games
B0045U01OG,related to,PC Games
B0045U01OG,related to,Xbox Games
B0045U01OG,related to,PlayStation Games
B0045U01OG,related to,Nintendo Games
B00NXKBJ7W,related to,Nintendo
B00NXKBJ7W,related to,Nintendo Games
B00NXKBJ7W,related to,Nintendo Controllers
B074NDG5MN,related to,Gaming Accessories
B074NDG5MN,related to,Xbox
B074NDG5MN,related to,PlayStation
B074NDG5MN,related to,Xbox One
B074NDG5MN,related to,PlayStation 5
B074NDG5MN,related to,PlayStation 4
B074NDG5MN,related to,PlayStation Vita
B074NDG5MN,related to,PlayStation Games
B074NDG5MN,related to,PlayStation Controllers
B00A1AQJAO,related to,PC Games
B00A1AQJAO,related to,Nintendo 3DS
B072MQNKYV,related to,Xbox
B072MQNKYV,related to,Xbox Series X
B072MQNKYV,related to,Xbox Series S
B072MQNKYV,related to,Xbox One
B072MQNKYV,related to,Xbox Games
B072MQNKYV,related to,Xbox Controllers
B01BM6TESY,related to,PlayStation
B01BM6TESY,related to,Games
B01BM6TESY,related to,Xbox One
B01BM6TESY,related to,PlayStation 5
B01BM6TESY,related to,PlayStation 4
B01BM6TESY,related to,PlayStation Vita
B01BM6TESY,related to,PlayStation Games
B01BM6TESY,related to,PlayStation Controllers
B01BM6TESY,related to,PC Games
B01BM6TESY,related to,Xbox Games
B01BM6TESY,related to,Nintendo Games
B001EYUO34,related to,Games
B017ACDGK6,related to,Xbox
B017ACDGK6,related to,PlayStation
B017ACDGK6,related to,Nintendo
B017ACDGK6,related to,Gaming Peripherals
B017ACDGK6,related to,Gaming Accessories
B017ACDGK6,related to,Games
B017ACDGK6,related to,Xbox One
B017ACDGK6,related to,PlayStation 5
B017ACDGK6,related to,PlayStation 4
B017ACDGK6,related to,PC Games
B017ACDGK6,related to,Xbox Games
B017ACDGK6,related to,PlayStation Games
B017ACDGK6,related to,Nintendo Games
B07H4MQ212,related to,Nintendo Switch
B07H4MQ212,related to,Nintendo
B07H4MQ212,related to,Nintendo Switch Lite
B07H4MQ212,related to,Switch Cases
B07H4MQ212,related to,Nintendo 3DS
B07H4MQ212,related to,Nintendo Games
B07H4MQ212,related to,Nintendo Controllers
B002LVUKIS,related to,Xbox
B002LVUKIS,related to,PlayStation
B002LVUKIS,related to,Nintendo
B002LVUKIS,related to,Games
B002LVUKIS,related to,Xbox Series X
B002LVUKIS,related to,Xbox Series S
B002LVUKIS,related to,Xbox One
B002LVUKIS,related to,PlayStation 5
B002LVUKIS,related to,PlayStation 4
B002LVUKIS,related to,PC Games
B002LVUKIS,related to,Xbox Games
B002LVUKIS,related to,PlayStation Games
B002LVUKIS,related to,Nintendo Games
B000A87T4M,related to,Nintendo
B000A87T4M,related to,Games
B000A87T4M,related to,Xbox
B000A87T4M,related to,PlayStation
B000A87T4M,related to,Gaming Accessories
B000A87T4M,related to,PC Games
B000A87T4M,related to,Xbox Games
B000A87T4M,related to,PlayStation Games
B000A87T4M,related to,Nintendo Games
B000A87T4M,related to,Xbox Series X
B000A87T4M,related to,Xbox Series S
B000A87T4M,related to,Xbox One
B000A87T4M,related to,PlayStation 5
B000A87T4M,related to,PlayStation 4
B000A87T4M,related to,Xbox Controllers
B0006I5FLU,related to,Gaming Peripherals
B0006I5FLU,related to,Gaming Accessories
B0006I5FLU,related to,Games
B0006I5FLU,related to,PC Games
B0006I5FLU,related to,Xbox Games
B0006I5FLU,related to,PlayStation Games
B0006I5FLU,related to,Nintendo Games
B0006I5FLU,related to,Gaming Headsets
B002PEPRHA,related to,Nintendo
B002PEPRHA,related to,Games
B002PEPRHA,related to,PC Games
B002PEPRHA,related to,Xbox Games
B002PEPRHA,related to,PlayStation Games
B002PEPRHA,related to,Nintendo Games
B002JTX8AO,related to,PlayStation
B002JTX8AO,related to,Nintendo
B002JTX8AO,related to,Gaming Accessories
B002JTX8AO,related to,Games
B002JTX8AO,related to,PlayStation 5
B002JTX8AO,related to,PlayStation 4
B002JTX8AO,related to,PC Games
B002JTX8AO,related to,Xbox Games
B002JTX8AO,related to,PlayStation Games
B002JTX8AO,related to,Nintendo Games
B001QCWS4C,related to,Nintendo
B001QCWS4C,related to,PlayStation 4
B001QCWS4C,related to,Nintendo 3DS
B001QCWS4C,related to,Xbox Games
B001QCWS4C,related to,Nintendo Games
B001QCWS4C,related to,Nintendo Controllers
B071W7FSKN,related to,Nintendo
B071W7FSKN,related to,Nintendo Switch
B071W7FSKN,related to,Games
B071W7FSKN,related to,Nintendo Switch Lite
B071W7FSKN,related to,Nintendo 3DS
B071W7FSKN,related to,Nintendo Games
B071W7FSKN,related to,Switch Cases
B071W7FSKN,related to,Nintendo Controllers
B071W7FSKN,related to,PC Games
B071W7FSKN,related to,Xbox Games
B071W7FSKN,related to,PlayStation Games
B0711QZR29,related to,Nintendo
B0711QZR29,related to,Nintendo Switch
B0711QZR29,related to,Nintendo 3DS
B0711QZR29,related to,Nintendo Games
B0711QZR29,related to,Nintendo Controllers
B07V2VYGVZ,related to,Nintendo
B07V2VYGVZ,related to,Nintendo Switch
B07V2VYGVZ,related to,Games
B07V2VYGVZ,related to,Nintendo 3DS
B07V2VYGVZ,related to,PC Games
B07V2VYGVZ,related to,Xbox Games
B07V2VYGVZ,related to,PlayStation Games
B07V2VYGVZ,related to,Nintendo Games
B07V2VYGVZ,related to,Nintendo Controllers
B07V2VYGVZ,related to,Nintendo Switch Lite
B07V2VYGVZ,related to,Switch Cases
B001INDEOW,related to,PlayStation
B001INDEOW,related to,Nintendo
B001INDEOW,related to,Nintendo Switch
B001INDEOW,related to,Games
B001INDEOW,related to,Xbox Series S
B001INDEOW,related to,PlayStation 5
B001INDEOW,related to,PlayStation 4
B001INDEOW,related to,Nintendo 3DS
B001INDEOW,related to,Xbox Games
B001INDEOW,related to,PlayStation Games
B001INDEOW,related to,Nintendo Games
B001INDEOW,related to,Nintendo Controllers
B001INDEOW,related to,PC Games
B0030EG0PW,related to,PlayStation
B0030EG0PW,related to,Nintendo
B0030EG0PW,related to,Gaming Accessories
B0030EG0PW,related to,Games
B0030EG0PW,related to,PlayStation 5
B0030EG0PW,related to,PlayStation 4
B0030EG0PW,related to,PC Games
B0030EG0PW,related to,Xbox Games
B0030EG0PW,related to,PlayStation Games
B0030EG0PW,related to,Nintendo Games
B007VYW5Y2,related to,Xbox
B007VYW5Y2,related to,PlayStation
B007VYW5Y2,related to,Xbox One
B007VYW5Y2,related to,PlayStation 5
B007VYW5Y2,related to,PlayStation 4
B007VYW5Y2,related to,PlayStation Vita
B007VYW5Y2,related to,Xbox Games
B007VYW5Y2,related to,PlayStation Games
B007VYW5Y2,related to,PlayStation Controllers
B012OZ8G22,related to,Gaming Peripherals
B012OZ8G22,related to,Games
B012OZ8G22,related to,VR Headsets
B012OZ8G22,related to,PC Games
B012OZ8G22,related to,Xbox Games
B07R7F4XDZ,related to,Games
B0BLVH9ZQX,related to,VR Headsets
B01LY0UK1Y,related to,PlayStation
B01LY0UK1Y,related to,Xbox
B01LY0UK1Y,related to,Nintendo
B01LY0UK1Y,related to,Gaming Accessories
B01LY0UK1Y,related to,Games
B01LY0UK1Y,related to,Xbox One
B01LY0UK1Y,related to,PlayStation 5
B01LY0UK1Y,related to,PlayStation 4
B01LY0UK1Y,related to,PlayStation Vita
B01LY0UK1Y,related to,PlayStation Games
B01LY0UK1Y,related to,Xbox Series S
B01LY0UK1Y,related to,PC Games
B01LY0UK1Y,related to,Xbox Games
B01LY0UK1Y,related to,Nintendo Games
B01LY0UK1Y,related to,PlayStation Controllers
B000RPKCTC,related to,Games
B0154ROXP6,related to,PlayStation
B0154ROXP6,related to,Gaming Accessories
B0154ROXP6,related to,Headsets
B0154ROXP6,related to,VR Headsets
B0154ROXP6,related to,Xbox One
B0154ROXP6,related to,PlayStation 5
B0154ROXP6,related to,PlayStation 4
B0154ROXP6,related to,PlayStation Vita
B0154ROXP6,related to,PC Games
B0154ROXP6,related to,Xbox Games
B0154ROXP6,related to,PlayStation Games
B0154ROXP6,related to,PlayStation Controllers
B0154ROXP6,related to,Gaming Headsets
B07RBNNJS3,related to,Xbox
B07RBNNJS3,related to,PlayStation
B07RBNNJS3,related to,Games
B07RBNNJS3,related to,Xbox One
B07RBNNJS3,related to,PlayStation 5
B07RBNNJS3,related to,PlayStation 4
B07RBNNJS3,related to,PlayStation Vita
B07RBNNJS3,related to,Xbox Games
B07RBNNJS3,related to,PlayStation Games
B07RBNNJS3,related to,PlayStation Controllers
B07RBNNJS3,related to,PC Games
B07RBNNJS3,related to,Nintendo Games
B000B6JDW4,related to,Nintendo
B000B6JDW4,related to,Nintendo Switch
B000B6JDW4,related to,PlayStation 5
B000B6JDW4,related to,PlayStation 4
B000B6JDW4,related to,Nintendo 3DS
B000B6JDW4,related to,Xbox Games
B000B6JDW4,related to,PlayStation Games
B000B6JDW4,related to,Nintendo Games
B000B6JDW4,related to,Nintendo Controllers
B07YBX4VQN,related to,PlayStation
B07YBX4VQN,related to,Nintendo
B07YBX4VQN,related to,Games
B07YBX4VQN,related to,PlayStation 5
B07YBX4VQN,related to,PlayStation 4
B07YBX4VQN,related to,Nintendo 3DS
B07YBX4VQN,related to,PC Games
B07YBX4VQN,related to,Xbox Games
B07YBX4VQN,related to,PlayStation Games
B07YBX4VQN,related to,Nintendo Games
B0040NPB84,related to,Controllers
B0040NPB84,related to,Nintendo Controllers
B0040NPB84,related to,Xbox Controllers
B0040NPB84,related to,PlayStation Controllers
B00KQ5TN8Y,related to,PlayStation
B00KQ5TN8Y,related to,Xbox One
B00KQ5TN8Y,related to,PlayStation 5
B00KQ5TN8Y,related to,PlayStation 4
B00KQ5TN8Y,related to,PlayStation Vita
B00KQ5TN8Y,related to,PlayStation Games
B00KQ5TN8Y,related to,PlayStation Controllers
B00002SUDC,related to,PlayStation
B00002SUDC,related to,Nintendo
B00002SUDC,related to,Gaming Accessories
B00002SUDC,related to,Games
B00002SUDC,related to,PlayStation 5
B00002SUDC,related to,PlayStation 4
B00002SUDC,related to,PC Games
B00002SUDC,related to,Xbox Games
B00002SUDC,related to,PlayStation Games
B00002SUDC,related to,Nintendo Games
B09RT937JY,related to,Gaming Peripherals
B09RT937JY,related to,Gaming Accessories
B09RT937JY,related to,Games
B09RT937JY,related to,PC Games
B09RT937JY,related to,Xbox Games
B09RT937JY,related to,PlayStation Games
B09RT937JY,related to,Gaming Headsets
B08K48CCQT,related to,Xbox
B08K48CCQT,related to,PlayStation
B08K48CCQT,related to,Xbox One
B08K48CCQT,related to,PlayStation 5
B08K48CCQT,related to,PlayStation 4
B08K48CCQT,related to,PlayStation Vita
B08K48CCQT,related to,PlayStation Games
B08K48CCQT,related to,PlayStation Controllers
B0002CHJA0,related to,Games
B005GTNBGK,related to,Gaming Accessories
B005GTNBGK,related to,Games
B005GTNBGK,related to,Controllers
B005GTNBGK,related to,Hardware
B005GTNBGK,related to,Xbox
B005GTNBGK,related to,PlayStation
B005GTNBGK,related to,Nintendo
B005GTNBGK,related to,Nintendo Switch
B005GTNBGK,related to,PC Games
B005GTNBGK,related to,Xbox Games
B005GTNBGK,related to,PlayStation Games
B005GTNBGK,related to,Nintendo Games
B005GTNBGK,related to,Xbox Controllers
B005GTNBGK,related to,PlayStation Controllers
B005GTNBGK,related to,Nintendo Controllers
B005GTNBGK,related to,Xbox One
B005GTNBGK,related to,PlayStation 5
B005GTNBGK,related to,PlayStation 4
B005GTNBGK,related to,Nintendo Switch Lite
B005GTNBGK,related to,Nintendo 3DS
B07KDWHNGV,related to,Xbox
B07KDWHNGV,related to,Games
B07KDWHNGV,related to,Nintendo
B07KDWHNGV,related to,PC Games
B07KDWHNGV,related to,Xbox Games
B07KDWHNGV,related to,Nintendo Games
B07KDWHNGV,related to,Nintendo Controllers
B07894H9GP,related to,Nintendo
B07894H9GP,related to,Nintendo Switch
B07894H9GP,related to,Nintendo Switch Lite
B07894H9GP,related to,Nintendo 3DS
B07894H9GP,related to,Nintendo Games
B07894H9GP,related to,Switch Cases
B07894H9GP,related to,Nintendo Controllers
B002I0HIC8,related to,Hardware
B002I0HIC8,related to,Xbox
B002I0HIC8,related to,Xbox One
B002I0HIC8,related to,PlayStation 4
B002I0HIC8,related to,PC Games
B002I0HIC8,related to,Xbox Games
B07VBPH1HL,related to,Nintendo
B07VBPH1HL,related to,Games
B07VBPH1HL,related to,PC Games
B07VBPH1HL,related to,Xbox Games
B07VBPH1HL,related to,PlayStation Games
B07VBPH1HL,related to,Nintendo Games
B001EYUXMG,related to,PlayStation
B001EYUXMG,related to,Nintendo
B001EYUXMG,related to,Gaming Accessories
B001EYUXMG,related to,Games
B001EYUXMG,related to,PlayStation 5
B001EYUXMG,related to,PlayStation 4
B001EYUXMG,related to,PC Games
B001EYUXMG,related to,Xbox Games
B001EYUXMG,related to,PlayStation Games
B001EYUXMG,related to,Nintendo Games
B08ZXKMYRL,related to,Gaming Accessories
B08ZXKMYRL,related to,VR Headsets
B07Y52Q8CS,related to,Xbox
B07Y52Q8CS,related to,Gaming Accessories
B07Y52Q8CS,related to,Games
B07Y52Q8CS,related to,Headsets
B07Y52Q8CS,related to,VR Headsets
B07Y52Q8CS,related to,PlayStation 5
B07Y52Q8CS,related to,PlayStation 4
B07Y52Q8CS,related to,PC Games
B07Y52Q8CS,related to,Xbox Games
B07Y52Q8CS,related to,PlayStation Games
B07Y52Q8CS,related to,Gaming Headsets
B074CTG29W,related to,Xbox
B074CTG29W,related to,PlayStation
B074CTG29W,related to,Nintendo
B074CTG29W,related to,Gaming Accessories
B074CTG29W,related to,Games
B074CTG29W,related to,Xbox Series S
B074CTG29W,related to,Xbox One
B074CTG29W,related to,PlayStation 5
B074CTG29W,related to,PlayStation 4
B074CTG29W,related to,PlayStation Vita
B074CTG29W,related to,PC Games
B074CTG29W,related to,Xbox Games
B074CTG29W,related to,PlayStation Games
B074CTG29W,related to,Nintendo Games
B074CTG29W,related to,PlayStation Controllers
B002GHHJPY,related to,Games
B002GHHJPY,related to,PC Games
B00JWSJ6G0,related to,Gaming Peripherals
B00JWSJ6G0,related to,Gaming Accessories
B00JWSJ6G0,related to,Games
B00JWSJ6G0,related to,Nintendo
B00JWSJ6G0,related to,PC Games
B00JWSJ6G0,related to,Xbox Games
B00JWSJ6G0,related to,PlayStation Games
B00JWSJ6G0,related to,Nintendo Games
B00JWSJ6G0,related to,Gaming Headsets
B00JWSJ6G0,related to,Nintendo Controllers
B00004U62B,related to,Nintendo
B00XY2UYUW,related to,Xbox
B00XY2UYUW,related to,Xbox Series X
B00XY2UYUW,related to,Xbox Series S
B00XY2UYUW,related to,Xbox One
B00XY2UYUW,related to,Xbox Games
B00XY2UYUW,related to,Xbox Controllers
B07TL7BNL1,related to,Xbox
B07TL7BNL1,related to,PlayStation
B07TL7BNL1,related to,Nintendo
B07TL7BNL1,related to,Gaming Accessories
B07TL7BNL1,related to,Games
B07TL7BNL1,related to,Xbox Series S
B07TL7BNL1,related to,Xbox One
B07TL7BNL1,related to,PlayStation 5
B07TL7BNL1,related to,PlayStation 4
B07TL7BNL1,related to,PlayStation Vita
B07TL7BNL1,related to,PC Games
B07TL7BNL1,related to,Xbox Games
B07TL7BNL1,related to,PlayStation Games
B07TL7BNL1,related to,Nintendo Games
B07TL7BNL1,related to,PlayStation Controllers
B07NKW3PZH,related to,PlayStation
B07NKW3PZH,related to,PlayStation 5
B07NKW3PZH,related to,PlayStation 4
B07NKW3PZH,related to,PlayStation Vita
B07NKW3PZH,related to,PlayStation Games
B07NKW3PZH,related to,PlayStation Controllers
B006VR66OA,related to,PlayStation
B006VR66OA,related to,Nintendo
B006VR66OA,related to,Gaming Accessories
B006VR66OA,related to,Games
B006VR66OA,related to,PlayStation 5
B006VR66OA,related to,PlayStation 4
B006VR66OA,related to,PC Games
B006VR66OA,related to,Xbox Games
B006VR66OA,related to,PlayStation Games
B006VR66OA,related to,Nintendo Games
B014GEE6FK,related to,Nintendo
B014GEE6FK,related to,Nintendo Switch
B014GEE6FK,related to,Nintendo 3DS
B014GEE6FK,related to,Nintendo Games
B014GEE6FK,related to,Nintendo Controllers
B014GEE6FK,related to,Xbox Games
B014GEE6FK,related to,PlayStation Games
B001EYUSGW,related to,Nintendo
B001EYUSGW,related to,Nintendo Switch
B001EYUSGW,related to,PlayStation
B001EYUSGW,related to,Gaming Peripherals
B001EYUSGW,related to,Gaming Accessories
B001EYUSGW,related to,Games
B001EYUSGW,related to,Nintendo 3DS
B001EYUSGW,related to,Nintendo Games
B001EYUSGW,related to,Nintendo Controllers
B001EYUSGW,related to,PlayStation 5
B001EYUSGW,related to,PC Games
B001EYUSGW,related to,Xbox Games
B001EYUSGW,related to,PlayStation Games
B00001QEEP,related to,Nintendo
B00001QEEP,related to,Games
B00001QEEP,related to,PC Games
B00001QEEP,related to,Xbox Games
B00001QEEP,related to,PlayStation Games
B00001QEEP,related to,Nintendo Games
B00003005D,related to,PlayStation
B00003005D,related to,PC Games
B00003005D,related to,PlayStation 5
B00003005D,related to,PlayStation 4
B00003005D,related to,PlayStation Vita
B00003005D,related to,PlayStation Games
B00003005D,related to,PlayStation Controllers
B003O6JKLC,related to,Gaming Peripherals
B003O6JKLC,related to,Gaming Accessories
B003O6JKLC,related to,Games
B003O6JKLC,related to,Xbox
B003O6JKLC,related to,PlayStation
B003O6JKLC,related to,PC Games
B003O6JKLC,related to,Xbox Games
B003O6JKLC,related to,PlayStation Games
B003O6JKLC,related to,Nintendo Games
B003O6JKLC,related to,Xbox Series X
B003O6JKLC,related to,Xbox Series S
B003O6JKLC,related to,Xbox One
B003O6JKLC,related to,PlayStation 5
B003O6JKLC,related to,PlayStation 4
B003O6JKLC,related to,Xbox Controllers
B0024KI7AE,related to,PlayStation
B0024KI7AE,related to,Nintendo
B0024KI7AE,related to,Nintendo Switch
B0024KI7AE,related to,Xbox Series S
B0024KI7AE,related to,PlayStation 5
B0024KI7AE,related to,PlayStation 4
B0024KI7AE,related to,Nintendo 3DS
B0024KI7AE,related to,Xbox Games
B0024KI7AE,related to,PlayStation Games
B0024KI7AE,related to,Nintendo Games
B0024KI7AE,related to,Nintendo Controllers
B002ACOJTY,related to,Controllers
B002ACOJTY,related to,Gaming Peripherals
B002ACOJTY,related to,Gaming Accessories
B002ACOJTY,related to,Games
B002ACOJTY,related to,Nintendo
B002ACOJTY,related to,Nintendo Switch
B002ACOJTY,related to,PC Games
B002ACOJTY,related to,Xbox Games
B002ACOJTY,related to,PlayStation Games
B002ACOJTY,related to,Nintendo Games
B002ACOJTY,related to,Gaming Headsets
B002ACOJTY,related to,Xbox Controllers
B002ACOJTY,related to,Nintendo Controllers
B002ACOJTY,related to,Nintendo 3DS
B00002SVFW,related to,Nintendo
B00002SVFW,related to,Nintendo Switch
B00002SVFW,related to,Games
B00002SVFW,related to,Nintendo 3DS
B00002SVFW,related to,Xbox Games
B00002SVFW,related to,Nintendo Games
B00002SVFW,related to,Nintendo Controllers
B00W3WVWT6,related to,Gaming Peripherals
B00W3WVWT6,related to,Gaming Accessories
B00W3WVWT6,related to,Games
B00W3WVWT6,related to,PC Games
B00W3WVWT6,related to,Xbox Games
B00W3WVWT6,related to,PlayStation Games
B00W3WVWT6,related to,Nintendo Games
B00W3WVWT6,related to,Gaming Headsets
B00W3WVWT6,related to,Nintendo 3DS
B003QTD72K,related to,Nintendo
B003QTD72K,related to,Games
B003QTD72K,related to,PC Games
B003QTD72K,related to,Xbox Games
B003QTD72K,related to,PlayStation Games
B003QTD72K,related to,Nintendo Games
B000NKNB4Y,related to,Games
B001EYUXL2,related to,Nintendo
B001EYUXL2,related to,Nintendo Switch
B001EYUXL2,related to,Nintendo 3DS
B001EYUXL2,related to,Nintendo Games
B001EYUXL2,related to,Nintendo Controllers
B002JTX9JE,related to,PlayStation
B002JTX9JE,related to,PlayStation 5
B002JTX9JE,related to,PlayStation 4
B002JTX9JE,related to,PlayStation Vita
B002JTX9JE,related to,PlayStation Games
B002JTX9JE,related to,PlayStation Controllers
B00000IJVY,related to,PlayStation
B00000IJVY,related to,PlayStation 5
B00000IJVY,related to,PlayStation 4
B00000IJVY,related to,PlayStation Vita
B00000IJVY,related to,PlayStation Games
B00000IJVY,related to,PlayStation Controllers
B01N14CUHB,related to,Games
B01N14CUHB,related to,Nintendo
B01N14CUHB,related to,Gaming Accessories
B01N14CUHB,related to,Nintendo Games
B01N14CUHB,related to,PC Games
B01N14CUHB,related to,Xbox Games
B07P5NMXP1,related to,Gaming Accessories
B07P5NMXP1,related to,Games
B07P5NMXP1,related to,PC Games
B07P5NMXP1,related to,Xbox Games
B07P5NMXP1,related to,PlayStation Games
B07P5NMXP1,related to,Nintendo Games
B085TKRPCC,related to,Gaming Peripherals
B085TKRPCC,related to,Gaming Accessories
B085TKRPCC,related to,Games
B085TKRPCC,related to,PC Games
B085TKRPCC,related to,Xbox Games
B085TKRPCC,related to,PlayStation Games
B085TKRPCC,related to,Nintendo Games
B003MZ23J6,related to,Nintendo
B003MZ23J6,related to,Nintendo Games
B003MZ23J6,related to,Nintendo Controllers
B07FCHHJZS,related to,Nintendo
B07FCHHJZS,related to,Controllers
B07FCHHJZS,related to,PlayStation
B07FCHHJZS,related to,Nintendo Switch
B07FCHHJZS,related to,Games
B07FCHHJZS,related to,Nintendo Games
B07FCHHJZS,related to,Xbox Controllers
B07FCHHJZS,related to,Nintendo Switch Lite
B07FCHHJZS,related to,Nintendo 3DS
B07FCHHJZS,related to,Xbox Games
B07FCHHJZS,related to,PlayStation Games
B07FCHHJZS,related to,Nintendo Controllers
B08MBKB4M5,related to,Xbox
B08MBKB4M5,related to,PlayStation
B08MBKB4M5,related to,Games
B08MBKB4M5,related to,Xbox One
B08MBKB4M5,related to,PlayStation 5
B08MBKB4M5,related to,PlayStation 4
B08MBKB4M5,related to,PlayStation Vita
B08MBKB4M5,related to,PlayStation Games
B08MBKB4M5,related to,PlayStation Controllers
B003QP30O4,related to,Gaming Peripherals
B003QP30O4,related to,Gaming Accessories
B003QP30O4,related to,Games
B003QP30O4,related to,PC Games
B003QP30O4,related to,Xbox Games
B003QP30O4,related to,PlayStation Games
B003QP30O4,related to,Nintendo Games
B003QP30O4,related to,Gaming Headsets
B001EYUOA2,related to,PlayStation
B001EYUOA2,related to,Games
B001EYUOA2,related to,PlayStation 5
B001EYUOA2,related to,PlayStation 4
B001EYUOA2,related to,PlayStation Vita
B001EYUOA2,related to,PlayStation Games
B001EYUOA2,related to,PlayStation Controllers
B001EYUOA2,related to,PC Games
B001EYUOA2,related to,Xbox Games
B001EYUOA2,related to,Nintendo Games
B00005NCCW,related to,Nintendo
B00005NCCW,related to,Games
B00005NCCW,related to,PC Games
B00005NCCW,related to,Xbox Games
B00005NCCW,related to,PlayStation Games
B00005NCCW,related to,Nintendo Games
B001G60L06,related to,Games
B00002STQG,related to,Xbox
B00002STQG,related to,PlayStation
B00002STQG,related to,Nintendo
B00002STQG,related to,Gaming Accessories
B00002STQG,related to,Games
B00002STQG,related to,Xbox One
B00002STQG,related to,PlayStation 5
B00002STQG,related to,PlayStation 4
B00002STQG,related to,PlayStation Vita
B00002STQG,related to,PC Games
B00002STQG,related to,Xbox Games
B00002STQG,related to,PlayStation Games
B00002STQG,related to,Nintendo Games
B00002STQG,related to,PlayStation Controllers
B07N6YNDWS,related to,Xbox
B07N6YNDWS,related to,PlayStation
B07N6YNDWS,related to,Nintendo
B07N6YNDWS,related to,Gaming Accessories
B07N6YNDWS,related to,Games
B07N6YNDWS,related to,Xbox Series S
B07N6YNDWS,related to,Xbox One
B07N6YNDWS,related to,PlayStation 5
B07N6YNDWS,related to,PlayStation 4
B07N6YNDWS,related to,PlayStation Vita
B07N6YNDWS,related to,PC Games
B07N6YNDWS,related to,Xbox Games
B07N6YNDWS,related to,PlayStation Games
B07N6YNDWS,related to,Nintendo Games
B07N6YNDWS,related to,PlayStation Controllers
B07H95GRHV,related to,Xbox
B07H95GRHV,related to,Gaming Peripherals
B07H95GRHV,related to,Gaming Accessories
B07H95GRHV,related to,Games
B07H95GRHV,related to,Xbox Series X
B07H95GRHV,related to,Xbox One
B07H95GRHV,related to,Xbox Games
B07H95GRHV,related to,Xbox Controllers
B07H95GRHV,related to,PC Games
B07H95GRHV,related to,PlayStation Games
B07H95GRHV,related to,Nintendo Games
B00005QWWF,related to,Xbox
B00005QWWF,related to,Xbox Series X
B00005QWWF,related to,Xbox Series S
B00005QWWF,related to,Xbox One
B00005QWWF,related to,PlayStation 4
B00005QWWF,related to,Xbox Games
B00005QWWF,related to,Xbox Controllers
B00005QWWF,related to,PC Games
B01N7WNV5M,related to,Headsets
B01N7WNV5M,related to,VR Headsets
B01N7WNV5M,related to,Xbox
B01N7WNV5M,related to,PlayStation
B01N7WNV5M,related to,Gaming Peripherals
B01N7WNV5M,related to,Gaming Accessories
B01N7WNV5M,related to,Games
B01N7WNV5M,related to,Gaming Headsets
B01N7WNV5M,related to,Xbox Series X
B01N7WNV5M,related to,Xbox One
B01N7WNV5M,related to,PC Games
B01N7WNV5M,related to,Xbox Games
B01N7WNV5M,related to,PlayStation Games
B07R6RRF74,related to,Nintendo
B07R6RRF74,related to,Nintendo Switch
B07R6RRF74,related to,Controllers
B07R6RRF74,related to,Nintendo Switch Lite
B07R6RRF74,related to,Nintendo 3DS
B07R6RRF74,related to,Nintendo Games
B07R6RRF74,related to,Switch Cases
B07R6RRF74,related to,Nintendo Controllers
B07R6RRF74,related to,Xbox Controllers
B07R6RRF74,related to,PlayStation Controllers
B07NNG8ZNS,related to,Games
B07NNG8ZNS,related to,Xbox Games
B07NNG8ZNS,related to,PlayStation Games
B07NNG8ZNS,related to,Nintendo Games
B0000A03C3,related to,Games
B0000A03C3,related to,PC Games
B0000A03C3,related to,Xbox Games
B0000A03C3,related to,PlayStation Games
B00DQNF3PU,related to,Xbox
B00DQNF3PU,related to,Nintendo
B00DQNF3PU,related to,Games
B00DQNF3PU,related to,Xbox Series X
B00DQNF3PU,related to,Xbox Series S
B00DQNF3PU,related to,Xbox One
B00DQNF3PU,related to,Xbox Games
B00DQNF3PU,related to,Xbox Controllers
B00DQNF3PU,related to,PC Games
B00DQNF3PU,related to,PlayStation Games
B00DQNF3PU,related to,Nintendo Games
B07CDZ4CND,related to,Xbox
B07CDZ4CND,related to,PlayStation
B07CDZ4CND,related to,Xbox One
B07CDZ4CND,related to,PlayStation 5
B07CDZ4CND,related to,PlayStation 4
B07CDZ4CND,related to,PlayStation Vita
B07CDZ4CND,related to,PC Games
B07CDZ4CND,related to,Xbox Games
B07CDZ4CND,related to,PlayStation Games
B07CDZ4CND,related to,PlayStation Controllers
B08TLHWXWS,related to,Nintendo Switch
B08TLHWXWS,related to,Nintendo
B08TLHWXWS,related to,Controllers
B08TLHWXWS,related to,Nintendo Switch Lite
B08TLHWXWS,related to,Switch Cases
B08TLHWXWS,related to,Nintendo 3DS
B08TLHWXWS,related to,Nintendo Games
B08TLHWXWS,related to,Nintendo Controllers
B08TLHWXWS,related to,Xbox Controllers
B08TLHWXWS,related to,PlayStation Controllers
B00F27JDUY,related to,Xbox
B00F27JDUY,related to,PlayStation Vita
B00F27JDUY,related to,PC Games
B09GZP8V9W,related to,Games
B09GZP8V9W,related to,PC Games
B005C8NGTW,related to,Nintendo
B005C8NGTW,related to,Games
B005C8NGTW,related to,PC Games
B005C8NGTW,related to,Xbox Games
B005C8NGTW,related to,PlayStation Games
B005C8NGTW,related to,Nintendo Games
B000HEB3UU,related to,PlayStation
B000HEB3UU,related to,Nintendo
B000HEB3UU,related to,Nintendo Switch
B000HEB3UU,related to,Games
B000HEB3UU,related to,Xbox Series S
B000HEB3UU,related to,PlayStation 5
B000HEB3UU,related to,PlayStation 4
B000HEB3UU,related to,Nintendo 3DS
B000HEB3UU,related to,Xbox Games
B000HEB3UU,related to,PlayStation Games
B000HEB3UU,related to,Nintendo Games
B000HEB3UU,related to,Nintendo Controllers
B002DGNLFK,related to,PlayStation
B000WU35JQ,related to,Xbox
B000WU35JQ,related to,PlayStation
B000WU35JQ,related to,Nintendo
B000WU35JQ,related to,Gaming Peripherals
B000WU35JQ,related to,Gaming Accessories
B000WU35JQ,related to,Games
B000WU35JQ,related to,Xbox One
B000WU35JQ,related to,PlayStation 5
B000WU35JQ,related to,PlayStation 4
B000WU35JQ,related to,PC Games
B000WU35JQ,related to,Xbox Games
B000WU35JQ,related to,PlayStation Games
B000WU35JQ,related to,Nintendo Games
B0B5VZ3358,related to,Gaming Accessories
B0B5VZ3358,related to,Games
B0B5VZ3358,related to,PC Games
B0B5VZ3358,related to,Xbox Games
B0B5VZ3358,related to,PlayStation Games
B0B5VZ3358,related to,Nintendo Games
B091DTPPHR,related to,Hardware
B091DTPPHR,related to,Xbox
B091DTPPHR,related to,PlayStation
B091DTPPHR,related to,Nintendo
B091DTPPHR,related to,Nintendo Switch
B091DTPPHR,related to,Gaming Accessories
B091DTPPHR,related to,Games
B091DTPPHR,related to,Xbox One
B091DTPPHR,related to,PlayStation 5
B091DTPPHR,related to,PlayStation 4
B091DTPPHR,related to,Nintendo Switch Lite
B091DTPPHR,related to,Nintendo 3DS
B091DTPPHR,related to,PC Games
B091DTPPHR,related to,Xbox Games
B091DTPPHR,related to,PlayStation Games
B091DTPPHR,related to,Nintendo Games
B091DTPPHR,related to,Nintendo Controllers
B005FSHQN6,related to,Games
B005FSHQN6,related to,PC Games
B0013OL0BK,related to,Gaming Peripherals
B0013OL0BK,related to,Gaming Accessories
B0013OL0BK,related to,Games
B0013OL0BK,related to,PlayStation
B0013OL0BK,related to,Nintendo
B0013OL0BK,related to,Nintendo Switch
B0013OL0BK,related to,PC Games
B0013OL0BK,related to,Xbox Games
B0013OL0BK,related to,PlayStation Games
B0013OL0BK,related to,Nintendo Games
B0013OL0BK,related to,Gaming Headsets
B0013OL0BK,related to,PlayStation 5
B0013OL0BK,related to,PlayStation 4
B0013OL0BK,related to,Nintendo 3DS
B0013OL0BK,related to,PlayStation Controllers
B0013OL0BK,related to,Nintendo Controllers
B000084314,related to,Nintendo
B000084314,related to,Games
B000084314,related to,PC Games
B000084314,related to,Xbox Games
B000084314,related to,PlayStation Games
B000084314,related to,Nintendo Games
B002AF4XE2,related to,Xbox
B002AF4XE2,related to,PlayStation
B002AF4XE2,related to,Nintendo
B002AF4XE2,related to,Gaming Accessories
B002AF4XE2,related to,Games
B002AF4XE2,related to,Xbox Series X
B002AF4XE2,related to,Xbox Series S
B002AF4XE2,related to,Xbox One
B002AF4XE2,related to,PlayStation 5
B002AF4XE2,related to,PlayStation 4
B002AF4XE2,related to,PlayStation Vita
B002AF4XE2,related to,PC Games
B002AF4XE2,related to,Xbox Games
B002AF4XE2,related to,PlayStation Games
B002AF4XE2,related to,Nintendo Games
B002AF4XE2,related to,Xbox Controllers
B00002SVF6,related to,Nintendo
B00002SVF6,related to,Games
B00002SVF6,related to,PC Games
B00002SVF6,related to,Xbox Games
B00002SVF6,related to,PlayStation Games
B00002SVF6,related to,Nintendo Games
B07DQBPH15,related to,Gaming Peripherals
B07DQBPH15,related to,Gaming Accessories
B07DQBPH15,related to,Games
B07DQBPH15,related to,PC Games
B002JTX7KA,related to,Games
B002JTX7KA,related to,PlayStation 5
B002JTX7KA,related to,PlayStation 4
B002JTX7KA,related to,PC Games
B002JTX7KA,related to,Xbox Games
B002JTX7KA,related to,PlayStation Games
B002JTX7KA,related to,Nintendo Games
B002TOL4OQ,related to,Xbox
B002TOL4OQ,related to,PlayStation
B002TOL4OQ,related to,Nintendo
B002TOL4OQ,related to,Gaming Peripherals
B002TOL4OQ,related to,Xbox Series X
B002TOL4OQ,related to,Xbox Series S
B002TOL4OQ,related to,Xbox One
B002TOL4OQ,related to,PlayStation 5
B002TOL4OQ,related to,PlayStation 4
B002TOL4OQ,related to,PlayStation Vita
B002TOL4OQ,related to,PC Games
B002TOL4OQ,related to,Xbox Games
B002TOL4OQ,related to,PlayStation Games
B002TOL4OQ,related to,Xbox Controllers
B002IYR0KO,related to,PlayStation
B002IYR0KO,related to,Nintendo
B002IYR0KO,related to,Gaming Accessories
B002IYR0KO,related to,Games
B002IYR0KO,related to,PlayStation 5
B002IYR0KO,related to,PlayStation 4
B002IYR0KO,related to,PC Games
B002IYR0KO,related to,Xbox Games
B002IYR0KO,related to,PlayStation Games
B002IYR0KO,related to,Nintendo Games
B004K71J9U,related to,Xbox
B004K71J9U,related to,PlayStation
B004K71J9U,related to,Nintendo
B004K71J9U,related to,Games
B004K71J9U,related to,Xbox Series X
B004K71J9U,related to,Xbox Series S
B004K71J9U,related to,Xbox One
B004K71J9U,related to,PlayStation 5
B004K71J9U,related to,PlayStation 4
B004K71J9U,related to,PC Games
B004K71J9U,related to,Xbox Games
B004K71J9U,related to,PlayStation Games
B004K71J9U,related to,Nintendo Games
B00NBHUWN4,related to,PlayStation
B00NBHUWN4,related to,Nintendo
B00NBHUWN4,related to,Gaming Accessories
B00NBHUWN4,related to,Games
B00NBHUWN4,related to,PlayStation 5
B00NBHUWN4,related to,PlayStation 4
B00NBHUWN4,related to,PC Games
B00NBHUWN4,related to,Xbox Games
B00NBHUWN4,related to,PlayStation Games
B00NBHUWN4,related to,Nintendo Games
B014278KOO,related to,Nintendo
B014278KOO,related to,Xbox Series X
B014278KOO,related to,Xbox Series S
B014278KOO,related to,Nintendo 3DS
B014278KOO,related to,PlayStation Games
B014278KOO,related to,Nintendo Games
B014278KOO,related to,Nintendo Controllers
B001EYUQ8M,related to,Games
B001EYUQ8M,related to,PC Games
B001EYUQ8M,related to,Xbox Games
B001EYUQ8M,related to,PlayStation Games
B001EYUQ8M,related to,Nintendo Games
B0145ZPB4U,related to,Nintendo
B0145ZPB4U,related to,Games
B0145ZPB4U,related to,Nintendo 3DS
B0145ZPB4U,related to,Nintendo Games
B0145ZPB4U,related to,Nintendo Controllers
B0145ZPB4U,related to,PC Games
B0145ZPB4U,related to,Xbox Games
B0145ZPB4U,related to,PlayStation Games
B07HH7SRM4,related to,Xbox
B07HH7SRM4,related to,PlayStation
B07HH7SRM4,related to,Nintendo
B07HH7SRM4,related to,Gaming Accessories
B07HH7SRM4,related to,Games
B07HH7SRM4,related to,Xbox Series X
B07HH7SRM4,related to,Xbox Series S
B07HH7SRM4,related to,Xbox One
B07HH7SRM4,related to,PlayStation 5
B07HH7SRM4,related to,PlayStation 4
B07HH7SRM4,related to,PC Games
B07HH7SRM4,related to,Xbox Games
B07HH7SRM4,related to,PlayStation Games
B07HH7SRM4,related to,Xbox Controllers
B06XHSKVKC,related to,Xbox
B06XHSKVKC,related to,PlayStation
B06XHSKVKC,related to,Nintendo
B06XHSKVKC,related to,Gaming Accessories
B06XHSKVKC,related to,Games
B06XHSKVKC,related to,Xbox One
B06XHSKVKC,related to,PlayStation 5
B06XHSKVKC,related to,PlayStation 4
B06XHSKVKC,related to,PlayStation Vita
B06XHSKVKC,related to,PC Games
B06XHSKVKC,related to,Xbox Games
B06XHSKVKC,related to,PlayStation Games
B06XHSKVKC,related to,Nintendo Games
B06XHSKVKC,related to,PlayStation Controllers
B07R5CC51G,related to,Games
B07R5CC51G,related to,Xbox
B07R5CC51G,related to,PC Games
B07R5CC51G,related to,Xbox Games
B07R5CC51G,related to,Nintendo Games
B07R5CC51G,related to,Xbox Series X
B07R5CC51G,related to,Xbox Series S
B07R5CC51G,related to,Xbox One
B07R5CC51G,related to,PlayStation 4
B07R5CC51G,related to,Xbox Controllers
B0010SXY40,related to,PlayStation
B0010SXY40,related to,Gaming Peripherals
B0010SXY40,related to,Gaming Accessories
B0010SXY40,related to,Games
B0010SXY40,related to,PlayStation 5
B0010SXY40,related to,PlayStation 4
B0010SXY40,related to,PlayStation Games
B0010SXY40,related to,PlayStation Controllers
B0010SXY40,related to,PC Games
B0010SXY40,related to,Xbox Games
B0010SXY40,related to,Nintendo Games
B002IC1BYM,related to,Nintendo
B002IC1BYM,related to,Games
B002IC1BYM,related to,Nintendo 3DS
B002IC1BYM,related to,PC Games
B002IC1BYM,related to,Xbox Games
B002IC1BYM,related to,PlayStation Games
B002IC1BYM,related to,Nintendo Games
B07VTS4X5P,related to,Nintendo
B07VTS4X5P,related to,Nintendo Switch
B07VTS4X5P,related to,Nintendo Switch Lite
B07VTS4X5P,related to,Nintendo 3DS
B07VTS4X5P,related to,Nintendo Games
B07VTS4X5P,related to,Switch Cases
B07VTS4X5P,related to,Nintendo Controllers
B010L0XA96,related to,Gaming Peripherals
B010L0XA96,related to,Gaming Accessories
B010L0XA96,related to,Games
B010L0XA96,related to,PC Games
B010L0XA96,related to,Xbox Games
B0185CVTDG,related to,PlayStation
B0185CVTDG,related to,Headsets
B0185CVTDG,related to,VR Headsets
B0185CVTDG,related to,PlayStation 5
B0185CVTDG,related to,PlayStation 4
B0185CVTDG,related to,Gaming Headsets
B0185CVTDG,related to,PlayStation Controllers
B07M7H7MXM,related to,Nintendo
B07M7H7MXM,related to,Nintendo Switch
B07M7H7MXM,related to,Games
B07M7H7MXM,related to,Nintendo Switch Lite
B07M7H7MXM,related to,Nintendo 3DS
B07M7H7MXM,related to,Nintendo Games
B07M7H7MXM,related to,Switch Cases
B07M7H7MXM,related to,Nintendo Controllers
B07M7H7MXM,related to,PC Games
B07M7H7MXM,related to,Xbox Games
B07M7H7MXM,related to,PlayStation Games
B00I6A7CYS,related to,PlayStation
B00I6A7CYS,related to,Controllers
B00I6A7CYS,related to,Storage Cases
B00I6A7CYS,related to,PlayStation 5
B00I6A7CYS,related to,PlayStation 4
B00I6A7CYS,related to,PlayStation Vita
B00I6A7CYS,related to,PlayStation Games
B00I6A7CYS,related to,PlayStation Controllers
B00I6A7CYS,related to,Xbox Controllers
B00I6A7CYS,related to,Nintendo Controllers
B008E6ZXCW,related to,Games
B008E6ZXCW,related to,Nintendo
B008E6ZXCW,related to,Nintendo Switch
B008E6ZXCW,related to,PC Games
B008E6ZXCW,related to,Xbox Games
B008E6ZXCW,related to,PlayStation Games
B008E6ZXCW,related to,Nintendo Games
B008E6ZXCW,related to,Nintendo 3DS
B008E6ZXCW,related to,Nintendo Controllers
B000J51HVW,related to,Controllers
B000J51HVW,related to,Hardware
B000J51HVW,related to,Xbox
B000J51HVW,related to,PlayStation
B000J51HVW,related to,Nintendo
B000J51HVW,related to,Nintendo Switch
B000J51HVW,related to,Gaming Accessories
B000J51HVW,related to,Games
B000J51HVW,related to,Xbox Controllers
B000J51HVW,related to,PlayStation Controllers
B000J51HVW,related to,Nintendo Controllers
B000J51HVW,related to,Xbox One
B000J51HVW,related to,PlayStation 5
B000J51HVW,related to,PlayStation 4
B000J51HVW,related to,Nintendo Switch Lite
B000J51HVW,related to,Nintendo 3DS
B000J51HVW,related to,PC Games
B000J51HVW,related to,Xbox Games
B000J51HVW,related to,PlayStation Games
B000J51HVW,related to,Nintendo Games
B001QD4THU,related to,Controllers
B001QD4THU,related to,Games
B001QD4THU,related to,Xbox Controllers
B001QD4THU,related to,PlayStation Controllers
B001QD4THU,related to,Nintendo Controllers
B001QD4THU,related to,PC Games
B001QD4THU,related to,Xbox Games
B001QD4THU,related to,PlayStation Games
B001QD4THU,related to,Nintendo Games
B0111WVW5C,related to,Gaming Accessories
B0111WVW5C,related to,Games
B0111WVW5C,related to,PlayStation
B0111WVW5C,related to,Nintendo
B0111WVW5C,related to,Nintendo Switch
B0111WVW5C,related to,PC Games
B0111WVW5C,related to,Xbox Games
B0111WVW5C,related to,PlayStation Games
B0111WVW5C,related to,Nintendo Games
B0111WVW5C,related to,PlayStation 5
B0111WVW5C,related to,PlayStation 4
B0111WVW5C,related to,Nintendo 3DS
B07FFL9FQX,related to,Nintendo
B07FFL9FQX,related to,Nintendo Switch
B07FFL9FQX,related to,Nintendo Switch Lite
B07FFL9FQX,related to,Nintendo 3DS
B07FFL9FQX,related to,Nintendo Games
B07FFL9FQX,related to,Switch Cases
B07FFL9FQX,related to,Nintendo Controllers
B07FFL9FQX,related to,PC Games
B000I6RCSE,related to,Games
B000I6RCSE,related to,Controllers
B000I6RCSE,related to,Xbox
B000I6RCSE,related to,PlayStation
B000I6RCSE,related to,PC Games
B000I6RCSE,related to,Xbox One
B000I6RCSE,related to,PlayStation 5
B000I6RCSE,related to,PlayStation 4
B000I6RCSE,related to,PlayStation Vita
B000I6RCSE,related to,Xbox Games
B000I6RCSE,related to,PlayStation Games
B000I6RCSE,related to,PlayStation Controllers
B07KZ6QJTX,related to,PlayStation
B07KZ6QJTX,related to,Xbox
B07KZ6QJTX,related to,PlayStation 5
B07KZ6QJTX,related to,PlayStation 4
B07KZ6QJTX,related to,PlayStation Games
B07KZ6QJTX,related to,Xbox One
B07KZ6QJTX,related to,PlayStation Vita
B07KZ6QJTX,related to,PlayStation Controllers
B0044R84RG,related to,Nintendo
B0044R84RG,related to,Nintendo Games
B0044R84RG,related to,Nintendo Controllers
B004FEFRA0,related to,PlayStation
B004FEFRA0,related to,Nintendo
B004FEFRA0,related to,Games
B004FEFRA0,related to,PlayStation 5
B004FEFRA0,related to,PC Games
B004FEFRA0,related to,Xbox Games
B004FEFRA0,related to,PlayStation Games
B004FEFRA0,related to,Nintendo Games
B07R7XQZXK,related to,Games
B07R7XQZXK,related to,Xbox
B07R7XQZXK,related to,PlayStation
B07R7XQZXK,related to,Nintendo
B07R7XQZXK,related to,Gaming Accessories
B07R7XQZXK,related to,PC Games
B07R7XQZXK,related to,Nintendo Games
B07R7XQZXK,related to,Xbox Series X
B07R7XQZXK,related to,Xbox Series S
B07R7XQZXK,related to,Xbox One
B07R7XQZXK,related to,PlayStation 5
B07R7XQZXK,related to,PlayStation 4
B07R7XQZXK,related to,Xbox Games
B07R7XQZXK,related to,PlayStation Games
B07R7XQZXK,related to,Xbox Controllers
B00XR3YBM0,related to,Games
B00XR3YBM0,related to,Xbox
B00XR3YBM0,related to,PlayStation
B00XR3YBM0,related to,Nintendo
B00XR3YBM0,related to,Gaming Accessories
B00XR3YBM0,related to,PC Games
B00XR3YBM0,related to,Xbox Games
B00XR3YBM0,related to,PlayStation Games
B00XR3YBM0,related to,Nintendo Games
B00XR3YBM0,related to,Xbox Series S
B00XR3YBM0,related to,Xbox One
B00XR3YBM0,related to,PlayStation 5
B00XR3YBM0,related to,PlayStation 4
B00XR3YBM0,related to,PlayStation Vita
B00XR3YBM0,related to,PlayStation Controllers
B09Y2WKZRZ,related to,Xbox
B09Y2WKZRZ,related to,PlayStation
B09Y2WKZRZ,related to,Gaming Peripherals
B09Y2WKZRZ,related to,Gaming Accessories
B09Y2WKZRZ,related to,Controllers
B09Y2WKZRZ,related to,Xbox Series S
B09Y2WKZRZ,related to,Xbox One
B09Y2WKZRZ,related to,PlayStation 5
B09Y2WKZRZ,related to,PlayStation 4
B09Y2WKZRZ,related to,PlayStation Vita
B09Y2WKZRZ,related to,PC Games
B09Y2WKZRZ,related to,Xbox Games
B09Y2WKZRZ,related to,PlayStation Games
B09Y2WKZRZ,related to,PlayStation Controllers
B09Y2WKZRZ,related to,Xbox Controllers
B09Y2WKZRZ,related to,Nintendo Controllers
B072F5FHLX,related to,Nintendo
B072F5FHLX,related to,Nintendo Switch
B072F5FHLX,related to,Controllers
B072F5FHLX,related to,Nintendo 3DS
B072F5FHLX,related to,Nintendo Games
B072F5FHLX,related to,Nintendo Controllers
B072F5FHLX,related to,Xbox Controllers
B0001Y73ZK,related to,PlayStation
B0001Y73ZK,related to,PlayStation 5
B0001Y73ZK,related to,PlayStation 4
B0001Y73ZK,related to,PlayStation Vita
B0001Y73ZK,related to,PlayStation Games
B0001Y73ZK,related to,PlayStation Controllers
B00478OSWW,related to,Games
B00478OSWW,related to,Xbox
B00478OSWW,related to,PlayStation
B00478OSWW,related to,Xbox One
B00478OSWW,related to,PlayStation 5
B00478OSWW,related to,PlayStation 4
B00478OSWW,related to,PlayStation Vita
B00478OSWW,related to,PlayStation Games
B00478OSWW,related to,PlayStation Controllers
B004V6QX3W,related to,Headsets
B004V6QX3W,related to,VR Headsets
B004V6QX3W,related to,Xbox
B004V6QX3W,related to,PlayStation
B004V6QX3W,related to,Nintendo
B004V6QX3W,related to,Gaming Accessories
B004V6QX3W,related to,Games
B004V6QX3W,related to,Gaming Headsets
B004V6QX3W,related to,Xbox Series S
B004V6QX3W,related to,Xbox One
B004V6QX3W,related to,PlayStation 5
B004V6QX3W,related to,PlayStation 4
B004V6QX3W,related to,PlayStation Vita
B004V6QX3W,related to,PC Games
B004V6QX3W,related to,Xbox Games
B004V6QX3W,related to,PlayStation Games
B004V6QX3W,related to,Nintendo Games
B004V6QX3W,related to,PlayStation Controllers
B00Q7IO4FQ,related to,PlayStation
B00Q7IO4FQ,related to,Games
B00Q7IO4FQ,related to,PlayStation 5
B00Q7IO4FQ,related to,PlayStation 4
B00Q7IO4FQ,related to,PlayStation Vita
B00Q7IO4FQ,related to,PlayStation Games
B00Q7IO4FQ,related to,PlayStation Controllers
B00Q7IO4FQ,related to,PC Games
B00Q7IO4FQ,related to,Xbox Games
B00Q7IO4FQ,related to,Nintendo Games
B001EYUYBQ,related to,PlayStation
B001EYUYBQ,related to,Nintendo
B001EYUYBQ,related to,Gaming Accessories
B001EYUYBQ,related to,Games
B001EYUYBQ,related to,PlayStation 5
B001EYUYBQ,related to,PlayStation 4
B001EYUYBQ,related to,PC Games
B001EYUYBQ,related to,Xbox Games
B001EYUYBQ,related to,PlayStation Games
B001EYUYBQ,related to,Nintendo Games
B00002R28C,related to,Gaming Accessories
B00002R28C,related to,Games
B00002R28C,related to,PC Games
B00002R28C,related to,Xbox Games
B00002R28C,related to,PlayStation Games
B00002R28C,related to,Nintendo Games
B00002R28C,related to,PlayStation Vita
B07P1N4K4P,related to,Xbox
B07P1N4K4P,related to,Games
B07P1N4K4P,related to,Xbox Series X
B07P1N4K4P,related to,Xbox Series S
B07P1N4K4P,related to,Xbox One
B07P1N4K4P,related to,PlayStation 5
B07P1N4K4P,related to,PlayStation 4
B07P1N4K4P,related to,Xbox Games
B07P1N4K4P,related to,Xbox Controllers
B078VZJ62N,related to,Games
B078VZJ62N,related to,Nintendo
B078VZJ62N,related to,Nintendo Switch
B078VZJ62N,related to,Nintendo 3DS
B078VZJ62N,related to,Xbox Games
B078VZJ62N,related to,Nintendo Games
B078VZJ62N,related to,Nintendo Controllers
B00AFJMFJA,related to,Controllers
B00AFJMFJA,related to,Gaming Accessories
B00AFJMFJA,related to,Games
B00AFJMFJA,related to,Nintendo
B00AFJMFJA,related to,Xbox Controllers
B00AFJMFJA,related to,Nintendo Controllers
B00AFJMFJA,related to,PC Games
B00AFJMFJA,related to,Xbox Games
B00AFJMFJA,related to,PlayStation Games
B00AFJMFJA,related to,Nintendo Games
B07ZV66HJ9,related to,Nintendo
B07ZV66HJ9,related to,Nintendo Switch
B07ZV66HJ9,related to,Storage Cases
B07ZV66HJ9,related to,Nintendo Switch Lite
B07ZV66HJ9,related to,Nintendo 3DS
B07ZV66HJ9,related to,Nintendo Games
B07ZV66HJ9,related to,Switch Cases
B07ZV66HJ9,related to,Nintendo Controllers
B001NCDAV0,related to,Xbox
B001NCDAV0,related to,Games
B001NCDAV0,related to,Controllers
B001NCDAV0,related to,PC Games
B001NCDAV0,related to,Xbox Games
B001NCDAV0,related to,PlayStation Games
B001NCDAV0,related to,Nintendo Games
B001NCDAV0,related to,Xbox Controllers
B001NCDAV0,related to,PlayStation Controllers
B001ELJECE,related to,Games
B00004SVUI,related to,Nintendo
B00004SVUI,related to,Nintendo Games
B00004SVUI,related to,Nintendo Controllers
B09C4DLF4P,related to,Hardware
B09C4DLF4P,related to,Xbox
B09C4DLF4P,related to,PlayStation
B09C4DLF4P,related to,Nintendo
B09C4DLF4P,related to,Gaming Peripherals
B09C4DLF4P,related to,Gaming Accessories
B09C4DLF4P,related to,Games
B09C4DLF4P,related to,Headsets
B09C4DLF4P,related to,Xbox One
B09C4DLF4P,related to,PlayStation 5
B09C4DLF4P,related to,PlayStation 4
B09C4DLF4P,related to,PC Games
B09C4DLF4P,related to,Xbox Games
B09C4DLF4P,related to,PlayStation Games
B09C4DLF4P,related to,Nintendo Games
B09C4DLF4P,related to,Gaming Headsets
B01GHFI95O,related to,Gaming Accessories
B01GHFI95O,related to,Games
B01GHFI95O,related to,Xbox
B01GHFI95O,related to,PlayStation
B01GHFI95O,related to,Nintendo
B01GHFI95O,related to,PC Games
B01GHFI95O,related to,Xbox Games
B01GHFI95O,related to,PlayStation Games
B01GHFI95O,related to,Nintendo Games
B01GHFI95O,related to,Xbox Series X
B01GHFI95O,related to,Xbox Series S
B01GHFI95O,related to,Xbox One
B01GHFI95O,related to,PlayStation 5
B01GHFI95O,related to,PlayStation 4
B01GHFI95O,related to,Xbox Controllers
B001EYUOCU,related to,Games
B001EYUOCU,related to,PC Games
B09TH4RDDR,related to,Controllers
B09TH4RDDR,related to,Nintendo
B09TH4RDDR,related to,Nintendo Switch
B09TH4RDDR,related to,Storage Cases
B09TH4RDDR,related to,Nintendo Switch Lite
B09TH4RDDR,related to,Nintendo 3DS
B09TH4RDDR,related to,Nintendo Games
B09TH4RDDR,related to,Switch Cases
B09TH4RDDR,related to,Nintendo Controllers
B0759CH5Q3,related to,Nintendo Switch
B0759CH5Q3,related to,Hardware
B0759CH5Q3,related to,Xbox
B0759CH5Q3,related to,PlayStation
B0759CH5Q3,related to,Nintendo
B0759CH5Q3,related to,Gaming Accessories
B0759CH5Q3,related to,Games
B0759CH5Q3,related to,Gaming Peripherals
B0759CH5Q3,related to,Nintendo Switch Lite
B0759CH5Q3,related to,Switch Cases
B0759CH5Q3,related to,Xbox One
B0759CH5Q3,related to,PlayStation 5
B0759CH5Q3,related to,PlayStation 4
B0759CH5Q3,related to,Nintendo 3DS
B0759CH5Q3,related to,PC Games
B0759CH5Q3,related to,Xbox Games
B0759CH5Q3,related to,PlayStation Games
B0759CH5Q3,related to,Nintendo Games
B0759CH5Q3,related to,Nintendo Controllers
B001GM6C26,related to,PlayStation
B001GM6C26,related to,Nintendo
B001GM6C26,related to,Nintendo Switch
B001GM6C26,related to,Games
B001GM6C26,related to,PlayStation 5
B001GM6C26,related to,PlayStation 4
B001GM6C26,related to,Nintendo 3DS
B001GM6C26,related to,PC Games
B001GM6C26,related to,Xbox Games
B001GM6C26,related to,PlayStation Games
B001GM6C26,related to,Nintendo Games
B001GM6C26,related to,PlayStation Controllers
B001GM6C26,related to,Nintendo Controllers
B00001QEQ8,related to,Nintendo
B00001QEQ8,related to,Games
B00001QEQ8,related to,PC Games
B00001QEQ8,related to,Xbox Games
B00001QEQ8,related to,PlayStation Games
B00001QEQ8,related to,Nintendo Games
B0049P1ZYW,related to,PlayStation
B0049P1ZYW,related to,Nintendo
B0049P1ZYW,related to,Gaming Accessories
B0049P1ZYW,related to,Games
B0049P1ZYW,related to,PlayStation 5
B0049P1ZYW,related to,PlayStation 4
B0049P1ZYW,related to,PC Games
B0049P1ZYW,related to,Xbox Games
B0049P1ZYW,related to,PlayStation Games
B0049P1ZYW,related to,Nintendo Games
B01D3TSLT6,related to,PlayStation
B01D3TSLT6,related to,Games
B01D3TSLT6,related to,PlayStation 5
B01D3TSLT6,related to,PlayStation 4
B01D3TSLT6,related to,PlayStation Vita
B01D3TSLT6,related to,PlayStation Games
B01D3TSLT6,related to,PlayStation Controllers
B01D3TSLT6,related to,PC Games
B01D3TSLT6,related to,Xbox Games
B01D3TSLT6,related to,Nintendo Games
B002JTX5TI,related to,Xbox
B002JTX5TI,related to,PlayStation
B002JTX5TI,related to,Nintendo
B002JTX5TI,related to,Xbox One
B002JTX5TI,related to,PlayStation 5
B002JTX5TI,related to,PlayStation 4
B002JTX5TI,related to,PlayStation Vita
B002JTX5TI,related to,PC Games
B002JTX5TI,related to,Xbox Games
B002JTX5TI,related to,PlayStation Games
B002JTX5TI,related to,PlayStation Controllers
B08MBMWVMJ,related to,Games
B08MBMWVMJ,related to,PC Games
B08MBMWVMJ,related to,Xbox Games
B08MBMWVMJ,related to,Nintendo Games
B09DHNG7HH,related to,Games
B09DHNG7HH,related to,PC Games
B09DHNG7HH,related to,Xbox Games
B09DHNG7HH,related to,PlayStation Games
B09DHNG7HH,related to,Nintendo Games
B0060WDJ1O,related to,Controllers
B001EYUQ3C,related to,Xbox
B001EYUQ3C,related to,Xbox Series X
B001EYUQ3C,related to,Xbox Series S
B001EYUQ3C,related to,Xbox One
B001EYUQ3C,related to,PC Games
B001EYUQ3C,related to,Xbox Games
B001EYUQ3C,related to,Xbox Controllers
B00CRW4B3Q,related to,PlayStation
B00CRW4B3Q,related to,PlayStation 5
B00CRW4B3Q,related to,PlayStation 4
B00CRW4B3Q,related to,PlayStation Vita
B00CRW4B3Q,related to,PlayStation Games
B00CRW4B3Q,related to,PlayStation Controllers
B0816QXZV4,related to,Xbox
B0816QXZV4,related to,PlayStation
B0816QXZV4,related to,Xbox One
B0816QXZV4,related to,PlayStation 5
B0816QXZV4,related to,PlayStation 4
B0816QXZV4,related to,PlayStation Vita
B0816QXZV4,related to,PlayStation Games
B0816QXZV4,related to,PlayStation Controllers
B07STWQ38X,related to,Games
B07STWQ38X,related to,PC Games
B07STWQ38X,related to,Xbox Games
B07STWQ38X,related to,PlayStation Games
B07STWQ38X,related to,Nintendo Games
B004NRN5D0,related to,Games
B004NRN5D0,related to,PC Games
B0098G61H8,related to,Games
B0098G61H8,related to,Xbox
B0098G61H8,related to,PlayStation
B0098G61H8,related to,Nintendo
B0098G61H8,related to,Xbox Series X
B0098G61H8,related to,Xbox Series S
B0098G61H8,related to,Xbox One
B0098G61H8,related to,PlayStation 5
B0098G61H8,related to,PlayStation 4
B0098G61H8,related to,PlayStation Vita
B0098G61H8,related to,Nintendo 3DS
B0098G61H8,related to,PC Games
B0098G61H8,related to,Xbox Games
B0098G61H8,related to,PlayStation Games
B0098G61H8,related to,PlayStation Controllers
B0098G61H8,related to,Nintendo Games
B014GWNTCI,related to,Nintendo
B000035XP3,related to,Gaming Peripherals
B000035XP3,related to,Gaming Accessories
B000035XP3,related to,Games
B000035XP3,related to,PlayStation
B000035XP3,related to,Nintendo
B000035XP3,related to,Nintendo Switch
B000035XP3,related to,PC Games
B000035XP3,related to,Xbox Games
B000035XP3,related to,PlayStation Games
B000035XP3,related to,Nintendo Games
B000035XP3,related to,Gaming Headsets
B000035XP3,related to,PlayStation 5
B000035XP3,related to,PlayStation 4
B000035XP3,related to,PlayStation Vita
B000035XP3,related to,Nintendo 3DS
B08T7HSWTV,related to,Games
B08T7HSWTV,related to,Headsets
B08T7HSWTV,related to,VR Headsets
B08T7HSWTV,related to,Gaming Peripherals
B08T7HSWTV,related to,Gaming Accessories
B08T7HSWTV,related to,PC Games
B08T7HSWTV,related to,Xbox Games
B08T7HSWTV,related to,PlayStation Games
B08T7HSWTV,related to,Nintendo Games
B08T7HSWTV,related to,Gaming Headsets
B000HGMGWC,related to,PlayStation
B000HGMGWC,related to,Nintendo
B000HGMGWC,related to,Nintendo Switch
B000HGMGWC,related to,PlayStation 5
B000HGMGWC,related to,PlayStation 4
B000HGMGWC,related to,Nintendo 3DS
B000HGMGWC,related to,Xbox Games
B000HGMGWC,related to,PlayStation Games
B000HGMGWC,related to,Nintendo Games
B000HGMGWC,related to,PlayStation Controllers
B000HGMGWC,related to,Nintendo Controllers
B01LZVTM35,related to,Xbox
B01LZVTM35,related to,PlayStation
B01LZVTM35,related to,Nintendo
B01LZVTM35,related to,Gaming Peripherals
B01LZVTM35,related to,Xbox Series X
B01LZVTM35,related to,Xbox Series S
B01LZVTM35,related to,Xbox One
B01LZVTM35,related to,PlayStation 5
B01LZVTM35,related to,PlayStation 4
B01LZVTM35,related to,PlayStation Vita
B01LZVTM35,related to,PC Games
B01LZVTM35,related to,Xbox Games
B01LZVTM35,related to,PlayStation Games
B01LZVTM35,related to,Xbox Controllers
B07YBXP45M,related to,Xbox
B07YBXP45M,related to,Xbox Series X
B07YBXP45M,related to,Xbox One
B07YBXP45M,related to,Xbox Games
B00HKPSVIG,related to,Games
B00HKPSVIG,related to,Nintendo
B00HKPSVIG,related to,Nintendo Switch
B00HKPSVIG,related to,PC Games
B00HKPSVIG,related to,Nintendo 3DS
B00HKPSVIG,related to,Xbox Games
B00HKPSVIG,related to,Nintendo Games
B00HKPSVIG,related to,Nintendo Controllers
B07MVMQY9B,related to,Gaming Peripherals
B07MVMQY9B,related to,Gaming Accessories
B07MVMQY9B,related to,Games
B07MVMQY9B,related to,PC Games
B07MVMQY9B,related to,Xbox Games
B07MVMQY9B,related to,PlayStation Games
B07MVMQY9B,related to,Nintendo Games
B01J24BN00,related to,Xbox
B01J24BN00,related to,PlayStation
B01J24BN00,related to,Nintendo
B01J24BN00,related to,Gaming Peripherals
B01J24BN00,related to,Gaming Accessories
B01J24BN00,related to,Games
B01J24BN00,related to,Xbox One
B01J24BN00,related to,PlayStation 5
B01J24BN00,related to,PlayStation 4
B01J24BN00,related to,PC Games
B01J24BN00,related to,Xbox Games
B01J24BN00,related to,PlayStation Games
B01J24BN00,related to,Nintendo Games
B01J24BN00,related to,Gaming Headsets
B001FA1SIM,related to,PlayStation
B001FA1SIM,related to,Nintendo
B001FA1SIM,related to,Gaming Peripherals
B001FA1SIM,related to,Gaming Accessories
B001FA1SIM,related to,Games
B001FA1SIM,related to,PC Games
B001FA1SIM,related to,Xbox Games
B001FA1SIM,related to,PlayStation Games
B001FA1SIM,related to,Nintendo Games
B001FA1SIM,related to,Xbox Series X
B001EYUU4M,related to,Games
B001EYUU4M,related to,PC Games
B000E9TDGO,related to,PlayStation
B000E9TDGO,related to,Games
B000E9TDGO,related to,PlayStation 5
B000E9TDGO,related to,PlayStation 4
B000E9TDGO,related to,PlayStation Vita
B000E9TDGO,related to,PlayStation Games
B000E9TDGO,related to,PlayStation Controllers
B09Y97GZG5,related to,Xbox
B09Y97GZG5,related to,PlayStation
B09Y97GZG5,related to,Nintendo
B09Y97GZG5,related to,Gaming Peripherals
B09Y97GZG5,related to,Gaming Accessories
B09Y97GZG5,related to,Games
B09Y97GZG5,related to,Controllers
B09Y97GZG5,related to,Xbox One
B09Y97GZG5,related to,PlayStation 5
B09Y97GZG5,related to,PlayStation 4
B09Y97GZG5,related to,PC Games
B09Y97GZG5,related to,Xbox Games
B09Y97GZG5,related to,PlayStation Games
B09Y97GZG5,related to,Nintendo Games
B09Y97GZG5,related to,Xbox Controllers
B09Y97GZG5,related to,Nintendo Controllers
B085JTZ61H,related to,Xbox
B085JTZ61H,related to,PlayStation
B085JTZ61H,related to,Nintendo
B085JTZ61H,related to,Gaming Peripherals
B085JTZ61H,related to,Gaming Accessories
B085JTZ61H,related to,Games
B085JTZ61H,related to,Xbox One
B085JTZ61H,related to,PlayStation 5
B085JTZ61H,related to,PlayStation 4
B085JTZ61H,related to,PC Games
B085JTZ61H,related to,Xbox Games
B085JTZ61H,related to,PlayStation Games
B085JTZ61H,related to,Nintendo Games
B07X4VK5ZX,related to,Nintendo Switch
B07X4VK5ZX,related to,Nintendo
B07X4VK5ZX,related to,Nintendo Switch Lite
B07X4VK5ZX,related to,Switch Cases
B07X4VK5ZX,related to,Nintendo 3DS
B07X4VK5ZX,related to,Nintendo Games
B07X4VK5ZX,related to,Nintendo Controllers
B004M5ID9Y,related to,Xbox
B004M5ID9Y,related to,PlayStation
B004M5ID9Y,related to,Nintendo
B004M5ID9Y,related to,Games
B004M5ID9Y,related to,Xbox Series X
B004M5ID9Y,related to,Xbox Series S
B004M5ID9Y,related to,Xbox One
B004M5ID9Y,related to,PlayStation 5
B004M5ID9Y,related to,PlayStation 4
B004M5ID9Y,related to,PC Games
B004M5ID9Y,related to,Xbox Games
B004M5ID9Y,related to,PlayStation Games
B004M5ID9Y,related to,Nintendo Games
B00004U47F,related to,Xbox
B00004U47F,related to,PlayStation
B00004U47F,related to,Nintendo
B00004U47F,related to,Gaming Peripherals
B00004U47F,related to,Games
B00004U47F,related to,Xbox Series S
B00004U47F,related to,Xbox One
B00004U47F,related to,PlayStation 5
B00004U47F,related to,PlayStation 4
B00004U47F,related to,PC Games
B00004U47F,related to,Xbox Games
B00004U47F,related to,PlayStation Games
B00004U47F,related to,Nintendo Games
B00002S6CC,related to,Xbox
B00002S6CC,related to,Xbox One
B00002S6CC,related to,PC Games
B07WWG8QSQ,related to,Controllers
B07WWG8QSQ,related to,Gaming Peripherals
B07WWG8QSQ,related to,Gaming Accessories
B07WWG8QSQ,related to,Xbox
B07WWG8QSQ,related to,PlayStation
B07WWG8QSQ,related to,Xbox Series X
B07WWG8QSQ,related to,Xbox Series S
B07WWG8QSQ,related to,Xbox One
B07WWG8QSQ,related to,PlayStation 5
B07WWG8QSQ,related to,PlayStation 4
B07WWG8QSQ,related to,PC Games
B07WWG8QSQ,related to,Xbox Games
B07WWG8QSQ,related to,Xbox Controllers
B00HYD4ZVQ,related to,Xbox
B00HYD4ZVQ,related to,PlayStation
B00HYD4ZVQ,related to,Games
B00HYD4ZVQ,related to,Controllers
B00HYD4ZVQ,related to,Xbox Series X
B00HYD4ZVQ,related to,Xbox Series S
B00HYD4ZVQ,related to,Xbox One
B00HYD4ZVQ,related to,PlayStation 5
B00HYD4ZVQ,related to,PlayStation 4
B00HYD4ZVQ,related to,PlayStation Vita
B00HYD4ZVQ,related to,PC Games
B00HYD4ZVQ,related to,Xbox Games
B00HYD4ZVQ,related to,PlayStation Games
B00HYD4ZVQ,related to,PlayStation Controllers
B001QCWRWK,related to,Xbox
B001QCWRWK,related to,Games
B001QCWRWK,related to,Xbox Series X
B001QCWRWK,related to,Xbox Series S
B001QCWRWK,related to,Xbox One
B001QCWRWK,related to,PlayStation 5
B001QCWRWK,related to,PlayStation 4
B001QCWRWK,related to,Xbox Games
B001QCWRWK,related to,Xbox Controllers
B001QCWRWK,related to,PC Games
B001QCWRWK,related to,PlayStation Games
B001QCWRWK,related to,Nintendo Games
B072KHSYDD,related to,Nintendo
B072KHSYDD,related to,Nintendo Switch
B072KHSYDD,related to,Nintendo Switch Lite
B072KHSYDD,related to,Nintendo 3DS
B072KHSYDD,related to,Nintendo Games
B072KHSYDD,related to,Nintendo Controllers
B001EHD97Y,related to,Games
B001EHD97Y,related to,PlayStation
B001EHD97Y,related to,PC Games
B001EHD97Y,related to,Nintendo Games
B001EHD97Y,related to,PlayStation 5
B001EHD97Y,related to,PlayStation 4
B001EHD97Y,related to,PlayStation Vita
B001EHD97Y,related to,PlayStation Games
B001EHD97Y,related to,PlayStation Controllers
B00WFUQZMK,related to,Nintendo
B00WFUQZMK,related to,Nintendo Switch
B00WFUQZMK,related to,Nintendo 3DS
B00WFUQZMK,related to,Nintendo Games
B00WFUQZMK,related to,Nintendo Controllers
B005G2TWT2,related to,Games
B005G2TWT2,related to,Nintendo
B005G2TWT2,related to,PC Games
B005G2TWT2,related to,Xbox Games
B005G2TWT2,related to,PlayStation Games
B005G2TWT2,related to,Nintendo Games
B00JDP1AWU,related to,Games
B00JDP1AWU,related to,PC Games
B00JDP1AWU,related to,PlayStation Games
B00JDP1AWU,related to,Xbox Games
B001ELJED8,related to,Xbox
B001ELJED8,related to,PlayStation
B001ELJED8,related to,Nintendo
B001ELJED8,related to,Gaming Accessories
B001ELJED8,related to,Games
B001ELJED8,related to,Xbox One
B001ELJED8,related to,PlayStation 5
B001ELJED8,related to,PlayStation 4
B001ELJED8,related to,PlayStation Vita
B001ELJED8,related to,PC Games
B001ELJED8,related to,Xbox Games
B001ELJED8,related to,PlayStation Games
B001ELJED8,related to,Nintendo Games
B001ELJED8,related to,PlayStation Controllers
B001EYUQJG,related to,PlayStation
B001EYUQJG,related to,Nintendo
B001EYUQJG,related to,Nintendo Switch
B001EYUQJG,related to,Games
B001EYUQJG,related to,Xbox Series S
B001EYUQJG,related to,PlayStation 5
B001EYUQJG,related to,PlayStation 4
B001EYUQJG,related to,Nintendo 3DS
B001EYUQJG,related to,Xbox Games
B001EYUQJG,related to,PlayStation Games
B001EYUQJG,related to,Nintendo Games
B001EYUQJG,related to,Nintendo Controllers
B001EYUQJG,related to,PC Games
B000059Z7S,related to,Nintendo
B07KDPQMVT,related to,Xbox
B07KDPQMVT,related to,PlayStation
B07KDPQMVT,related to,Headsets
B07KDPQMVT,related to,VR Headsets
B07KDPQMVT,related to,Xbox Series X
B07KDPQMVT,related to,Xbox Series S
B07KDPQMVT,related to,Xbox One
B07KDPQMVT,related to,PlayStation 4
B07KDPQMVT,related to,Xbox Games
B07KDPQMVT,related to,Xbox Controllers
B07KDPQMVT,related to,Gaming Headsets
B004V6UQ6W,related to,Controllers
B004V6UQ6W,related to,PlayStation Controllers
B004V6UQ6W,related to,Nintendo Controllers
B004V6UQ6W,related to,PC Games
B004V6UQ6W,related to,Xbox Games
B001H4PKEE,related to,Nintendo
B001H4PKEE,related to,Controllers
B001H4PKEE,related to,Xbox
B001H4PKEE,related to,PlayStation
B001H4PKEE,related to,Nintendo Switch
B001H4PKEE,related to,Gaming Peripherals
B001H4PKEE,related to,Gaming Accessories
B001H4PKEE,related to,Games
B001H4PKEE,related to,Nintendo Games
B001H4PKEE,related to,Xbox Controllers
B001H4PKEE,related to,PlayStation Controllers
B001H4PKEE,related to,Nintendo Controllers
B001H4PKEE,related to,Xbox One
B001H4PKEE,related to,PlayStation 5
B001H4PKEE,related to,PlayStation 4
B001H4PKEE,related to,Nintendo 3DS
B001H4PKEE,related to,PC Games
B001H4PKEE,related to,Xbox Games
B001H4PKEE,related to,PlayStation Games
B07X6FMX1V,related to,Nintendo
B07X6FMX1V,related to,Nintendo Switch
B07X6FMX1V,related to,Nintendo 3DS
B07X6FMX1V,related to,Nintendo Games
B07X6FMX1V,related to,Nintendo Controllers
B07X6FMX1V,related to,Nintendo Switch Lite
B07X6FMX1V,related to,Switch Cases
B087R5B8SF,related to,PlayStation
B087R5B8SF,related to,Gaming Peripherals
B087R5B8SF,related to,Gaming Accessories
B087R5B8SF,related to,Games
B087R5B8SF,related to,Headsets
B087R5B8SF,related to,VR Headsets
B087R5B8SF,related to,PC Games
B087R5B8SF,related to,Xbox Games
B087R5B8SF,related to,PlayStation Games
B087R5B8SF,related to,Nintendo Games
B087R5B8SF,related to,Gaming Headsets
B06Y4GTT7F,related to,Games
B0055VAB30,related to,Nintendo
B003YFHTNY,related to,PlayStation
B003YFHTNY,related to,Nintendo
B003YFHTNY,related to,Nintendo Switch
B003YFHTNY,related to,PlayStation 5
B003YFHTNY,related to,PlayStation 4
B003YFHTNY,related to,Nintendo 3DS
B003YFHTNY,related to,Xbox Games
B003YFHTNY,related to,PlayStation Games
B003YFHTNY,related to,Nintendo Games
B003YFHTNY,related to,PlayStation Controllers
B003YFHTNY,related to,Nintendo Controllers
B001EYUSWG,related to,Xbox
B001EYUSWG,related to,PlayStation
B001EYUSWG,related to,Nintendo
B001EYUSWG,related to,Xbox Series X
B001EYUSWG,related to,Xbox Series S
B001EYUSWG,related to,Xbox One
B001EYUSWG,related to,PlayStation 5
B001EYUSWG,related to,PlayStation 4
B001EYUSWG,related to,Xbox Games
B001EYUSWG,related to,Xbox Controllers
B0117XO806,related to,Gaming Peripherals
B0117XO806,related to,Gaming Accessories
B0117XO806,related to,Games
B0117XO806,related to,PC Games
B0117XO806,related to,Xbox Games
B0117XO806,related to,PlayStation Games
B0117XO806,related to,Nintendo Games
B0117XO806,related to,Gaming Headsets
B00F2ENJY8,related to,Nintendo
B00F2ENJY8,related to,Games
B00F2ENJY8,related to,Nintendo Games
B000MUSG4U,related to,PlayStation
B000MUSG4U,related to,Nintendo
B000MUSG4U,related to,Nintendo Switch
B000MUSG4U,related to,PlayStation 5
B000MUSG4U,related to,PlayStation 4
B000MUSG4U,related to,Nintendo 3DS
B000MUSG4U,related to,Xbox Games
B000MUSG4U,related to,PlayStation Games
B000MUSG4U,related to,Nintendo Games
B000MUSG4U,related to,PlayStation Controllers
B000MUSG4U,related to,Nintendo Controllers
B071YC45TK,related to,Nintendo
B071YC45TK,related to,Nintendo Switch
B071YC45TK,related to,Nintendo 3DS
B071YC45TK,related to,Nintendo Games
B071YC45TK,related to,Nintendo Controllers
B003RS1A7Y,related to,Games
B003RS1A7Y,related to,PC Games
B003RS1A7Y,related to,Xbox Games
B003RS1A7Y,related to,PlayStation Games
B003RS1A7Y,related to,Nintendo Games
B07HD5R8JX,related to,PlayStation
B07HD5R8JX,related to,Nintendo
B07HD5R8JX,related to,Gaming Peripherals
B07HD5R8JX,related to,Gaming Accessories
B07HD5R8JX,related to,Games
B07HD5R8JX,related to,Storage Cases
B07HD5R8JX,related to,Nintendo Switch
B07HD5R8JX,related to,Xbox One
B07HD5R8JX,related to,PlayStation 5
B07HD5R8JX,related to,PlayStation 4
B07HD5R8JX,related to,PC Games
B07HD5R8JX,related to,Xbox Games
B07HD5R8JX,related to,PlayStation Games
B07HD5R8JX,related to,Nintendo Games
B07HD5R8JX,related to,Nintendo Switch Lite
B07HD5R8JX,related to,Switch Cases
B00867NC0E,related to,Games
B00867NC0E,related to,Xbox
B00867NC0E,related to,PlayStation
B00867NC0E,related to,Nintendo
B00867NC0E,related to,Gaming Accessories
B00867NC0E,related to,PC Games
B00867NC0E,related to,Xbox Games
B00867NC0E,related to,PlayStation Games
B00867NC0E,related to,Nintendo Games
B00867NC0E,related to,Xbox Series S
B00867NC0E,related to,Xbox One
B00867NC0E,related to,PlayStation 5
B00867NC0E,related to,PlayStation 4
B00867NC0E,related to,PlayStation Vita
B00867NC0E,related to,PlayStation Controllers
B001ELJFJQ,related to,Games
B001ELJFJQ,related to,PC Games
B0B84TFTM5,related to,Games
B0B84TFTM5,related to,PlayStation
B0B84TFTM5,related to,PC Games
B0B84TFTM5,related to,Xbox Games
B0B84TFTM5,related to,PlayStation Games
B0B84TFTM5,related to,Nintendo Games
B0B84TFTM5,related to,PlayStation 5
B0B84TFTM5,related to,PlayStation 4
B0B84TFTM5,related to,PlayStation Vita
B0B84TFTM5,related to,PlayStation Controllers
B00002STOT,related to,Nintendo
B00002STOT,related to,Games
B00002STOT,related to,Nintendo Games
B00002STOT,related to,PC Games
B003V1WHOW,related to,Nintendo
B003V1WHOW,related to,Games
B003V1WHOW,related to,PlayStation 5
B003V1WHOW,related to,PlayStation 4
B003V1WHOW,related to,PC Games
B003V1WHOW,related to,Xbox Games
B003V1WHOW,related to,PlayStation Games
B003V1WHOW,related to,Nintendo Games
B07RDR7B3D,related to,Gaming Peripherals
B07RDR7B3D,related to,Gaming Accessories
B07RDR7B3D,related to,Gaming Headsets
B00IGXRA92,related to,Xbox
B00IGXRA92,related to,PlayStation
B00IGXRA92,related to,Nintendo
B00IGXRA92,related to,Games
B00IGXRA92,related to,Xbox Series X
B00IGXRA92,related to,Xbox Series S
B00IGXRA92,related to,Xbox One
B00IGXRA92,related to,PlayStation 5
B00IGXRA92,related to,PlayStation 4
B00IGXRA92,related to,PC Games
B00IGXRA92,related to,Xbox Games
B00IGXRA92,related to,PlayStation Games
B00IGXRA92,related to,Nintendo Games
B0136JP894,related to,Xbox
B0136JP894,related to,PlayStation
B0136JP894,related to,Nintendo
B0136JP894,related to,Gaming Accessories
B0136JP894,related to,Games
B0136JP894,related to,Xbox Series X
B0136JP894,related to,Xbox Series S
B0136JP894,related to,Xbox One
B0136JP894,related to,Xbox Games
B0136JP894,related to,Xbox Controllers
B0136JP894,related to,PlayStation 5
B0136JP894,related to,PlayStation 4
B0136JP894,related to,PlayStation Vita
B0136JP894,related to,PC Games
B0136JP894,related to,PlayStation Games
B0136JP894,related to,Nintendo Games
B0136JP894,related to,PlayStation Controllers
B0055L6OEK,related to,Gaming Accessories
B0055L6OEK,related to,Games
B0055L6OEK,related to,PC Games
B0055L6OEK,related to,Xbox Games
B0055L6OEK,related to,PlayStation Games
B00ZKZYKMO,related to,Xbox
B00ZKZYKMO,related to,Xbox Series X
B00ZKZYKMO,related to,Xbox Series S
B00ZKZYKMO,related to,Xbox One
B00ZKZYKMO,related to,PC Games
B00ZKZYKMO,related to,Xbox Games
B00ZKZYKMO,related to,Xbox Controllers
B0053BG370,related to,Games
B0053BG370,related to,Xbox
B0053BG370,related to,PlayStation
B0053BG370,related to,Nintendo
B0053BG370,related to,Gaming Peripherals
B0053BG370,related to,Nintendo Games
B0053BG370,related to,Xbox Series X
B0053BG370,related to,Xbox Series S
B0053BG370,related to,Xbox One
B0053BG370,related to,PlayStation 5
B0053BG370,related to,PlayStation 4
B0053BG370,related to,PlayStation Vita
B0053BG370,related to,PC Games
B0053BG370,related to,Xbox Games
B0053BG370,related to,PlayStation Games
B0053BG370,related to,Xbox Controllers
B07YQL827F,related to,Nintendo
B07YQL827F,related to,Nintendo Switch
B07YQL827F,related to,Games
B07YQL827F,related to,Nintendo Switch Lite
B07YQL827F,related to,Nintendo 3DS
B07YQL827F,related to,Nintendo Games
B07YQL827F,related to,Switch Cases
B07YQL827F,related to,Nintendo Controllers
B01KHFE0RQ,related to,Gaming Peripherals
B01KHFE0RQ,related to,Gaming Accessories
B01KHFE0RQ,related to,Games
B01KHFE0RQ,related to,Xbox
B01KHFE0RQ,related to,PC Games
B01KHFE0RQ,related to,Xbox Games
B01KHFE0RQ,related to,PlayStation Games
B01KHFE0RQ,related to,Nintendo Games
B01KHFE0RQ,related to,Gaming Headsets
B01KHFE0RQ,related to,Xbox One
B00005NZ1S,related to,Xbox
B00005NZ1S,related to,PlayStation
B00005NZ1S,related to,Nintendo
B00005NZ1S,related to,Gaming Accessories
B00005NZ1S,related to,Games
B00005NZ1S,related to,Xbox Series X
B00005NZ1S,related to,Xbox Series S
B00005NZ1S,related to,Xbox One
B00005NZ1S,related to,PlayStation 5
B00005NZ1S,related to,PlayStation 4
B00005NZ1S,related to,PC Games
B00005NZ1S,related to,Xbox Games
B00005NZ1S,related to,PlayStation Games
B00005NZ1S,related to,Xbox Controllers
B001EYUNYE,related to,PlayStation
B001EYUNYE,related to,Nintendo
B001EYUNYE,related to,Nintendo Switch
B001EYUNYE,related to,Xbox Series S
B001EYUNYE,related to,PlayStation 5
B001EYUNYE,related to,PlayStation 4
B001EYUNYE,related to,Nintendo 3DS
B001EYUNYE,related to,Xbox Games
B001EYUNYE,related to,PlayStation Games
B001EYUNYE,related to,Nintendo Games
B001EYUNYE,related to,Nintendo Controllers
B0055CPCJ2,related to,PlayStation
B0055CPCJ2,related to,Nintendo
B0055CPCJ2,related to,Gaming Accessories
B0055CPCJ2,related to,Games
B0055CPCJ2,related to,PlayStation 5
B0055CPCJ2,related to,PlayStation 4
B0055CPCJ2,related to,PC Games
B0055CPCJ2,related to,Xbox Games
B0055CPCJ2,related to,PlayStation Games
B0055CPCJ2,related to,Nintendo Games
B00066LG9W,related to,Hardware
B00066LG9W,related to,Xbox
B00066LG9W,related to,PlayStation
B00066LG9W,related to,Nintendo
B00066LG9W,related to,Nintendo Switch
B00066LG9W,related to,Gaming Accessories
B00066LG9W,related to,Games
B00066LG9W,related to,Xbox One
B00066LG9W,related to,PlayStation 5
B00066LG9W,related to,PlayStation 4
B00066LG9W,related to,Nintendo Switch Lite
B00066LG9W,related to,Nintendo 3DS
B00066LG9W,related to,PC Games
B00066LG9W,related to,Xbox Games
B00066LG9W,related to,PlayStation Games
B00066LG9W,related to,Nintendo Games
B00066LG9W,related to,Nintendo Controllers
B00005ASGN,related to,PC Games
B00005ASGN,related to,Xbox Games
B003P8O16S,related to,PlayStation
B003P8O16S,related to,Nintendo
B003P8O16S,related to,Nintendo Switch
B003P8O16S,related to,PlayStation 5
B003P8O16S,related to,PlayStation 4
B003P8O16S,related to,Nintendo 3DS
B003P8O16S,related to,Xbox Games
B003P8O16S,related to,PlayStation Games
B003P8O16S,related to,Nintendo Games
B003P8O16S,related to,PlayStation Controllers
B003P8O16S,related to,Nintendo Controllers
B07CSLG8ST,related to,Xbox
B07CSLG8ST,related to,PlayStation
B07CSLG8ST,related to,Games
B07CSLG8ST,related to,Storage Cases
B07CSLG8ST,related to,Xbox Series X
B07CSLG8ST,related to,Xbox Series S
B07CSLG8ST,related to,Xbox One
B07CSLG8ST,related to,PlayStation 5
B07CSLG8ST,related to,PlayStation 4
B07CSLG8ST,related to,PC Games
B07CSLG8ST,related to,Xbox Games
B07CSLG8ST,related to,Xbox Controllers
B06VXPFM4V,related to,Xbox
B06VXPFM4V,related to,PlayStation
B06VXPFM4V,related to,Xbox One
B06VXPFM4V,related to,PlayStation 5
B06VXPFM4V,related to,PlayStation 4
B06VXPFM4V,related to,PlayStation Vita
B06VXPFM4V,related to,PlayStation Games
B06VXPFM4V,related to,PlayStation Controllers
B003P9VWRI,related to,Xbox
B003P9VWRI,related to,PlayStation
B003P9VWRI,related to,PlayStation 5
B003P9VWRI,related to,PlayStation 4
B003P9VWRI,related to,PlayStation Vita
B003P9VWRI,related to,PlayStation Games
B003P9VWRI,related to,PlayStation Controllers
B001TEYMRI,related to,Games
B001TEYMRI,related to,Hardware
B001TEYMRI,related to,Xbox
B001TEYMRI,related to,PlayStation
B001TEYMRI,related to,Gaming Peripherals
B001TEYMRI,related to,Gaming Accessories
B001TEYMRI,related to,Xbox Series S
B001TEYMRI,related to,Xbox One
B001TEYMRI,related to,PlayStation 5
B001TEYMRI,related to,PlayStation 4
B001TEYMRI,related to,PlayStation Vita
B001TEYMRI,related to,PC Games
B001TEYMRI,related to,Xbox Games
B001TEYMRI,related to,PlayStation Games
B001TEYMRI,related to,Xbox Controllers
B001TEYMRI,related to,PlayStation Controllers
B0050SZ804,related to,PlayStation
B0050SZ804,related to,Games
B0050SZ804,related to,PlayStation 5
B0050SZ804,related to,PlayStation 4
B0050SZ804,related to,PlayStation Vita
B0050SZ804,related to,PlayStation Games
B0050SZ804,related to,PlayStation Controllers
B00503RPLO,related to,PlayStation
B00503RPLO,related to,Nintendo
B00503RPLO,related to,Nintendo Switch
B00503RPLO,related to,Xbox Series S
B00503RPLO,related to,PlayStation 5
B00503RPLO,related to,PlayStation 4
B00503RPLO,related to,Nintendo 3DS
B00503RPLO,related to,Xbox Games
B00503RPLO,related to,PlayStation Games
B00503RPLO,related to,Nintendo Games
B00503RPLO,related to,Nintendo Controllers
B00KX7672U,related to,Nintendo
B00KX7672U,related to,Nintendo 3DS
B00KX7672U,related to,Nintendo Games
B00KX7672U,related to,Nintendo Controllers
B093P85NQG,related to,Controllers
B093P85NQG,related to,Xbox
B093P85NQG,related to,PlayStation
B093P85NQG,related to,Nintendo
B093P85NQG,related to,Gaming Accessories
B093P85NQG,related to,Games
B093P85NQG,related to,PC Games
B093P85NQG,related to,Xbox Controllers
B093P85NQG,related to,PlayStation Controllers
B093P85NQG,related to,Nintendo Controllers
B093P85NQG,related to,Xbox Series X
B093P85NQG,related to,Xbox Series S
B093P85NQG,related to,Xbox One
B093P85NQG,related to,PlayStation 5
B093P85NQG,related to,PlayStation 4
B093P85NQG,related to,Xbox Games
B093P85NQG,related to,PlayStation Games
B085RQV9YF,related to,Controllers
B085RQV9YF,related to,Nintendo
B085RQV9YF,related to,Nintendo Switch
B085RQV9YF,related to,Gaming Peripherals
B085RQV9YF,related to,Gaming Accessories
B085RQV9YF,related to,Games
B085RQV9YF,related to,Nintendo 3DS
B085RQV9YF,related to,Nintendo Games
B085RQV9YF,related to,Nintendo Controllers
B085RQV9YF,related to,PC Games
B085RQV9YF,related to,Xbox Games
B085RQV9YF,related to,PlayStation Games
B085RQV9YF,related to,Nintendo Switch Lite
B085RQV9YF,related to,Switch Cases
B00BHRD4BM,related to,Xbox
B00BHRD4BM,related to,PlayStation
B00BHRD4BM,related to,Xbox One
B00BHRD4BM,related to,PlayStation 5
B00BHRD4BM,related to,PlayStation 4
B00BHRD4BM,related to,PlayStation Vita
B00BHRD4BM,related to,Xbox Games
B00BHRD4BM,related to,PlayStation Games
B00BHRD4BM,related to,PlayStation Controllers
B07NDXFRBT,related to,Nintendo
B07NDXFRBT,related to,Nintendo Switch
B07NDXFRBT,related to,Games
B07NDXFRBT,related to,Nintendo Switch Lite
B07NDXFRBT,related to,Nintendo 3DS
B07NDXFRBT,related to,Nintendo Games
B07NDXFRBT,related to,Switch Cases
B07NDXFRBT,related to,Nintendo Controllers
B07V4GXJ6V,related to,Gaming Accessories
B07V4GXJ6V,related to,Games
B07V4GXJ6V,related to,Xbox
B07V4GXJ6V,related to,PlayStation
B07V4GXJ6V,related to,PC Games
B07V4GXJ6V,related to,Xbox Games
B07V4GXJ6V,related to,PlayStation Games
B07V4GXJ6V,related to,Nintendo Games
B07V4GXJ6V,related to,Xbox One
B07V4GXJ6V,related to,PlayStation 5
B07V4GXJ6V,related to,PlayStation 4
B07V4GXJ6V,related to,PlayStation Vita
B07V4GXJ6V,related to,PlayStation Controllers
B001ELJPTQ,related to,Nintendo Games
B09DRXV6WC,related to,Xbox
B09DRXV6WC,related to,PlayStation
B09DRXV6WC,related to,Nintendo
B09DRXV6WC,related to,Gaming Peripherals
B09DRXV6WC,related to,Gaming Accessories
B09DRXV6WC,related to,Games
B09DRXV6WC,related to,Xbox Series X
B09DRXV6WC,related to,Xbox Series S
B09DRXV6WC,related to,Xbox One
B09DRXV6WC,related to,PlayStation 5
B09DRXV6WC,related to,PlayStation 4
B09DRXV6WC,related to,PC Games
B09DRXV6WC,related to,Xbox Games
B09DRXV6WC,related to,PlayStation Games
B09DRXV6WC,related to,Nintendo Games
B09DRXV6WC,related to,Xbox Controllers
B09DRXV6WC,related to,PlayStation Controllers
B075SRFWVG,related to,Xbox
B075SRFWVG,related to,Xbox Series X
B075SRFWVG,related to,Xbox Series S
B075SRFWVG,related to,Xbox One
B075SRFWVG,related to,PlayStation 4
B075SRFWVG,related to,Xbox Games
B075SRFWVG,related to,Xbox Controllers
B00EZLBCHK,related to,Nintendo
B00EZLBCHK,related to,Nintendo Games
B00EZLBCHK,related to,Nintendo Controllers
B00EZLBCHK,related to,Nintendo 3DS
B0000A345K,related to,Games
B0000A345K,related to,PC Games
B0000A345K,related to,Xbox Games
B0000A345K,related to,PlayStation Games
B07VL5R7ND,related to,Nintendo
B07VL5R7ND,related to,Nintendo Switch
B07VL5R7ND,related to,Nintendo Switch Lite
B07VL5R7ND,related to,Nintendo 3DS
B07VL5R7ND,related to,Nintendo Games
B07VL5R7ND,related to,Switch Cases
B07VL5R7ND,related to,Nintendo Controllers
B00BIIE400,related to,Gaming Peripherals
B00BIIE400,related to,Gaming Accessories
B00BIIE400,related to,Games
B00BIIE400,related to,PC Games
B00BIIE400,related to,Xbox Games
B00BIIE400,related to,PlayStation Games
B00BIIE400,related to,Nintendo Games
B00BIIE400,related to,Gaming Headsets
B000OKL8R0,related to,Xbox
B000OKL8R0,related to,PlayStation
B000OKL8R0,related to,Nintendo
B000OKL8R0,related to,Gaming Accessories
B000OKL8R0,related to,Games
B000OKL8R0,related to,Xbox One
B000OKL8R0,related to,PlayStation 5
B000OKL8R0,related to,PlayStation 4
B000OKL8R0,related to,PlayStation Vita
B000OKL8R0,related to,PC Games
B000OKL8R0,related to,Xbox Games
B000OKL8R0,related to,PlayStation Games
B000OKL8R0,related to,Nintendo Games
B000OKL8R0,related to,PlayStation Controllers
B0C4GDVG12,related to,Controllers
B0C4GDVG12,related to,Gaming Peripherals
B0C4GDVG12,related to,Gaming Accessories
B0C4GDVG12,related to,Games
B0C4GDVG12,related to,Xbox
B0C4GDVG12,related to,PlayStation
B0C4GDVG12,related to,Nintendo
B0C4GDVG12,related to,Xbox Controllers
B0C4GDVG12,related to,Nintendo Controllers
B0C4GDVG12,related to,PC Games
B0C4GDVG12,related to,Xbox Games
B0C4GDVG12,related to,PlayStation Games
B0C4GDVG12,related to,Nintendo Games
B0C4GDVG12,related to,Xbox One
B0C4GDVG12,related to,PlayStation 5
B0C4GDVG12,related to,PlayStation 4
B0C4GDVG12,related to,PlayStation Vita
B0C4GDVG12,related to,PlayStation Controllers
B000KMO7T8,related to,PlayStation
B000KMO7T8,related to,Nintendo
B000KMO7T8,related to,Gaming Accessories
B000KMO7T8,related to,Games
B000KMO7T8,related to,Storage Cases
B000KMO7T8,related to,PC Games
B000KMO7T8,related to,Xbox Games
B000KMO7T8,related to,PlayStation Games
B000KMO7T8,related to,Nintendo Games
B000KMO7T8,related to,Switch Cases
B000KMO7T8,related to,Nintendo Controllers
B001EYUOWU,related to,PlayStation
B001EYUOWU,related to,Nintendo
B001EYUOWU,related to,Games
B001EYUOWU,related to,PlayStation 5
B001EYUOWU,related to,PlayStation 4
B001EYUOWU,related to,PlayStation Vita
B001EYUOWU,related to,PlayStation Games
B001EYUOWU,related to,PlayStation Controllers
B001EYUOWU,related to,PC Games
B001EYUOWU,related to,Xbox Games
B001EYUOWU,related to,Nintendo Games
B087SHFL9B,related to,Nintendo
B087SHFL9B,related to,Nintendo Switch
B087SHFL9B,related to,Nintendo Switch Lite
B087SHFL9B,related to,Nintendo 3DS
B087SHFL9B,related to,Nintendo Games
B087SHFL9B,related to,Switch Cases
B087SHFL9B,related to,Nintendo Controllers
B000J6HYQI,related to,Nintendo
B000J6HYQI,related to,Games
B000J6HYQI,related to,Xbox
B000J6HYQI,related to,PlayStation
B000J6HYQI,related to,PC Games
B000J6HYQI,related to,Xbox Games
B000J6HYQI,related to,PlayStation Games
B000J6HYQI,related to,Nintendo Games
B000J6HYQI,related to,Xbox One
B000J6HYQI,related to,PlayStation 5
B000J6HYQI,related to,PlayStation 4
B000J6HYQI,related to,PlayStation Vita
B000J6HYQI,related to,PlayStation Controllers
B00000K4EC,related to,Games
B00000K4EC,related to,Gaming Peripherals
B00000K4EC,related to,Gaming Accessories
B00000K4EC,related to,PC Games
B00000K4EC,related to,Xbox Games
B00000K4EC,related to,Nintendo Games
B00RY13JLK,related to,Xbox
B00RY13JLK,related to,Nintendo
B00RY13JLK,related to,Gaming Accessories
B00RY13JLK,related to,Games
B00RY13JLK,related to,Xbox One
B00RY13JLK,related to,Xbox Games
B00RY13JLK,related to,Xbox Controllers
B00RY13JLK,related to,PC Games
B00RY13JLK,related to,PlayStation Games
B00RY13JLK,related to,Nintendo Games
B00026I0E0,related to,Nintendo
B00026I0E0,related to,Games
B00026I0E0,related to,PC Games
B00026I0E0,related to,Xbox Games
B00026I0E0,related to,PlayStation Games
B00026I0E0,related to,Nintendo Games
B000GF7KAW,related to,Gaming Peripherals
B000GF7KAW,related to,Gaming Accessories
B000GF7KAW,related to,Games
B000GF7KAW,related to,Xbox
B000GF7KAW,related to,PlayStation
B000GF7KAW,related to,PC Games
B000GF7KAW,related to,Xbox Games
B000GF7KAW,related to,PlayStation Games
B000GF7KAW,related to,Gaming Headsets
B000GF7KAW,related to,Xbox One
B000GF7KAW,related to,PlayStation 5
B000GF7KAW,related to,PlayStation 4
B000GF7KAW,related to,PlayStation Vita
B000GF7KAW,related to,PlayStation Controllers
B06X3WTK4X,related to,Nintendo Switch
B06X3WTK4X,related to,Nintendo
B06X3WTK4X,related to,Nintendo Switch Lite
B06X3WTK4X,related to,Switch Cases
B06X3WTK4X,related to,Nintendo 3DS
B06X3WTK4X,related to,Nintendo Games
B06X3WTK4X,related to,Nintendo Controllers
B00004U5VE,related to,Games
B07DFR6GT9,related to,Nintendo
B07DFR6GT9,related to,Games
B07DFR6GT9,related to,Nintendo Games
B07DFR6GT9,related to,PC Games
B07DFR6GT9,related to,Xbox Games
B07DFR6GT9,related to,PlayStation Games
B001ELJE5G,related to,Games
B001ELJE5G,related to,PC Games
B001ELJE5G,related to,Xbox Games
B001ELJE5G,related to,PlayStation Games
B001ELJE5G,related to,Nintendo Games
B07K8HGF2Y,related to,Nintendo
B07K8HGF2Y,related to,Hardware
B003JBHG7C,related to,PlayStation
B003JBHG7C,related to,Nintendo
B003JBHG7C,related to,Gaming Accessories
B003JBHG7C,related to,Games
B003JBHG7C,related to,PlayStation 5
B003JBHG7C,related to,PlayStation 4
B003JBHG7C,related to,PC Games
B003JBHG7C,related to,Xbox Games
B003JBHG7C,related to,PlayStation Games
B003JBHG7C,related to,Nintendo Games
B003EQ4MTW,related to,Nintendo
B003EQ4MTW,related to,Games
B003EQ4MTW,related to,Nintendo Games
B003EQ4MTW,related to,Nintendo Controllers
B00FBM4ZTO,related to,PlayStation
B00FBM4ZTO,related to,Controllers
B00FBM4ZTO,related to,PlayStation 5
B00FBM4ZTO,related to,PlayStation 4
B00FBM4ZTO,related to,PlayStation Games
B00FBM4ZTO,related to,PlayStation Controllers
B00FBM4ZTO,related to,Xbox Controllers
B00FBM4ZTO,related to,Nintendo Controllers
B00GM5WISO,related to,Xbox
B00GM5WISO,related to,PlayStation
B00GM5WISO,related to,Nintendo
B00GM5WISO,related to,Gaming Peripherals
B00GM5WISO,related to,Xbox Series X
B00GM5WISO,related to,Xbox Series S
B00GM5WISO,related to,Xbox One
B00GM5WISO,related to,PlayStation 5
B00GM5WISO,related to,PlayStation 4
B00GM5WISO,related to,PlayStation Vita
B00GM5WISO,related to,PC Games
B00GM5WISO,related to,Xbox Games
B00GM5WISO,related to,PlayStation Games
B00GM5WISO,related to,Xbox Controllers
B00004SVNL,related to,PlayStation
B00004SVNL,related to,Nintendo
B00004SVNL,related to,Nintendo Switch
B00004SVNL,related to,Games
B00004SVNL,related to,PlayStation 5
B00004SVNL,related to,PlayStation 4
B00004SVNL,related to,Nintendo 3DS
B00004SVNL,related to,PC Games
B00004SVNL,related to,Xbox Games
B00004SVNL,related to,PlayStation Games
B00004SVNL,related to,Nintendo Games
B00004SVNL,related to,Nintendo Controllers
B0040GBBK8,related to,PlayStation
B0040GBBK8,related to,Nintendo
B0040GBBK8,related to,Games
B0040GBBK8,related to,PlayStation 5
B0040GBBK8,related to,PlayStation 4
B0040GBBK8,related to,PlayStation Vita
B0040GBBK8,related to,PlayStation Games
B0040GBBK8,related to,PlayStation Controllers
B0040GBBK8,related to,PC Games
B0040GBBK8,related to,Xbox Games
B0040GBBK8,related to,Nintendo Games
B001EYUSEE,related to,PlayStation
B001EYUSEE,related to,Nintendo
B001EYUSEE,related to,Nintendo Switch
B001EYUSEE,related to,Xbox Series S
B001EYUSEE,related to,PlayStation 5
B001EYUSEE,related to,PlayStation 4
B001EYUSEE,related to,Nintendo 3DS
B001EYUSEE,related to,Xbox Games
B001EYUSEE,related to,PlayStation Games
B001EYUSEE,related to,Nintendo Games
B001EYUSEE,related to,Nintendo Controllers
B00T57U810,related to,Xbox
B00T57U810,related to,Gaming Accessories
B00T57U810,related to,Games
B00T57U810,related to,Nintendo
B00T57U810,related to,Xbox Series X
B00T57U810,related to,Xbox Series S
B00T57U810,related to,Xbox One
B00T57U810,related to,Xbox Games
B00T57U810,related to,Xbox Controllers
B00T57U810,related to,PC Games
B00T57U810,related to,PlayStation Games
B00T57U810,related to,Nintendo Games
B07S7PD4Y8,related to,Xbox
B07S7PD4Y8,related to,Xbox Series X
B07S7PD4Y8,related to,Xbox Series S
B07S7PD4Y8,related to,Xbox One
B07S7PD4Y8,related to,PC Games
B07S7PD4Y8,related to,Xbox Games
B07S7PD4Y8,related to,PlayStation Games
B07S7PD4Y8,related to,Xbox Controllers
B000MI0W3U,related to,Games
B000MI0W3U,related to,PC Games
B000MI0W3U,related to,Xbox Games
B000MI0W3U,related to,PlayStation Games
B000MI0W3U,related to,Nintendo Games
B010L06UK2,related to,Xbox
B010L06UK2,related to,PlayStation
B010L06UK2,related to,Gaming Peripherals
B010L06UK2,related to,Gaming Accessories
B010L06UK2,related to,Games
B010L06UK2,related to,Xbox Series X
B010L06UK2,related to,Xbox Series S
B010L06UK2,related to,Xbox One
B010L06UK2,related to,PlayStation 5
B010L06UK2,related to,PlayStation 4
B010L06UK2,related to,PlayStation Vita
B010L06UK2,related to,PC Games
B010L06UK2,related to,Xbox Games
B010L06UK2,related to,PlayStation Games
B010L06UK2,related to,Xbox Controllers
B010L06UK2,related to,PlayStation Controllers
B010L06UK2,related to,Nintendo Games
B010L06UK2,related to,Gaming Headsets
B003YVP5DE,related to,PC Games
B003YVP5DE,related to,PlayStation Games
B00F5CWD0I,related to,VR Headsets
B00F5CWD0I,related to,Product Details
B00F5CWD0I,related to,Hardware
B00U5ZJT0C,related to,Gaming Peripherals
B00U5ZJT0C,related to,Gaming Accessories
B00U5ZJT0C,related to,PC Games
B07V4X2WQ7,related to,Gaming Accessories
B07V4X2WQ7,related to,Games
B07V4X2WQ7,related to,Xbox
B07V4X2WQ7,related to,PC Games
B07V4X2WQ7,related to,Xbox Games
B07V4X2WQ7,related to,PlayStation Games
B07V4X2WQ7,related to,Nintendo Games
B003TJVKAS,related to,Gaming Accessories
B003TJVKAS,related to,Games
B003TJVKAS,related to,Nintendo Games
B008JHH6CG,related to,Nintendo
B008JHH6CG,related to,Nintendo Switch
B008JHH6CG,related to,Nintendo 3DS
B008JHH6CG,related to,Xbox Games
B008JHH6CG,related to,Nintendo Games
B008JHH6CG,related to,Nintendo Controllers
B0892VDPB7,related to,Nintendo Switch
B0892VDPB7,related to,Nintendo
B0892VDPB7,related to,Gaming Peripherals
B0892VDPB7,related to,Gaming Accessories
B0892VDPB7,related to,Controllers
B0892VDPB7,related to,Nintendo Switch Lite
B0892VDPB7,related to,Switch Cases
B0892VDPB7,related to,Nintendo 3DS
B0892VDPB7,related to,Nintendo Games
B0892VDPB7,related to,Nintendo Controllers
B0892VDPB7,related to,Xbox Controllers
B0892VDPB7,related to,PlayStation Controllers
B00Z9TJZAI,related to,Gaming Accessories
B00Z9TJZAI,related to,Games
B00Z9TJZAI,related to,PC Games
B00Z9TJZAI,related to,Xbox Games
B00Z9TJZAI,related to,PlayStation Games
B00Z9TJZAI,related to,Nintendo Games
B073X15ZHZ,related to,Nintendo Switch
B073X15ZHZ,related to,Games
B073X15ZHZ,related to,Nintendo Switch Lite
B073X15ZHZ,related to,PC Games
B073X15ZHZ,related to,Xbox Games
B073X15ZHZ,related to,PlayStation Games
B073X15ZHZ,related to,Nintendo Games
B073X15ZHZ,related to,Switch Cases
B001EYUQ6Y,related to,Games
B073ZPHNNN,related to,Nintendo
B073ZPHNNN,related to,Games
B073ZPHNNN,related to,Xbox
B073ZPHNNN,related to,PlayStation
B073ZPHNNN,related to,Gaming Accessories
B073ZPHNNN,related to,PC Games
B073ZPHNNN,related to,Xbox Games
B073ZPHNNN,related to,PlayStation Games
B073ZPHNNN,related to,Nintendo Games
B073ZPHNNN,related to,Xbox Series S
B073ZPHNNN,related to,Xbox One
B073ZPHNNN,related to,PlayStation 5
B073ZPHNNN,related to,PlayStation 4
B073ZPHNNN,related to,PlayStation Vita
B073ZPHNNN,related to,PlayStation Controllers
B00QU506JY,related to,Gaming Peripherals
B00QU506JY,related to,Gaming Accessories
B00QU506JY,related to,Games
B00QU506JY,related to,PC Games
B00QU506JY,related to,Xbox Games
B00QU506JY,related to,PlayStation Games
B00QU506JY,related to,Nintendo Games
B06Y5SHFKK,related to,Xbox
B06Y5SHFKK,related to,PlayStation
B06Y5SHFKK,related to,Games
B06Y5SHFKK,related to,Xbox Series X
B06Y5SHFKK,related to,Xbox Series S
B06Y5SHFKK,related to,Xbox One
B06Y5SHFKK,related to,PlayStation 5
B06Y5SHFKK,related to,PlayStation 4
B06Y5SHFKK,related to,PC Games
B06Y5SHFKK,related to,Xbox Games
B06Y5SHFKK,related to,Xbox Controllers
B06Y5SHFKK,related to,PlayStation Games
B06Y5SHFKK,related to,Nintendo Games
B001EYUVDM,related to,Xbox
B001EYUVDM,related to,Gaming Peripherals
B001EYUVDM,related to,Games
B001EYUVDM,related to,Xbox One
B001EYUVDM,related to,PlayStation 4
B001EYUVDM,related to,PC Games
B001EYUVDM,related to,Xbox Games
B001EYUVDM,related to,PlayStation Games
B001EYUVDM,related to,Nintendo Games
B001EYUOHA,related to,PlayStation
B001EYUOHA,related to,Nintendo
B001EYUOHA,related to,Gaming Accessories
B001EYUOHA,related to,Games
B001EYUOHA,related to,Nintendo Games
B001EYUOHA,related to,PlayStation 5
B001EYUOHA,related to,PlayStation 4
B001EYUOHA,related to,PC Games
B001EYUOHA,related to,Xbox Games
B001EYUOHA,related to,PlayStation Games
B009LGO88E,related to,Nintendo
B009LGO88E,related to,Nintendo Switch
B009LGO88E,related to,Nintendo 3DS
B009LGO88E,related to,Nintendo Games
B009LGO88E,related to,Nintendo Controllers
B00GDHD3LW,related to,Games
B07JFG5KFQ,related to,Xbox
B07JFG5KFQ,related to,PlayStation
B07JFG5KFQ,related to,Nintendo
B07JFG5KFQ,related to,Gaming Accessories
B07JFG5KFQ,related to,Games
B07JFG5KFQ,related to,Xbox Series X
B07JFG5KFQ,related to,Xbox Series S
B07JFG5KFQ,related to,Xbox One
B07JFG5KFQ,related to,PlayStation 5
B07JFG5KFQ,related to,PlayStation 4
B07JFG5KFQ,related to,PC Games
B07JFG5KFQ,related to,Xbox Games
B07JFG5KFQ,related to,PlayStation Games
B07JFG5KFQ,related to,Nintendo Games
B07JFG5KFQ,related to,Xbox Controllers
B07KQ9TW6S,related to,Xbox
B07KQ9TW6S,related to,Controllers
B07KQ9TW6S,related to,Xbox Series X
B07KQ9TW6S,related to,Xbox Series S
B07KQ9TW6S,related to,Xbox One
B07KQ9TW6S,related to,PlayStation 5
B07KQ9TW6S,related to,PlayStation 4
B07KQ9TW6S,related to,Xbox Games
B07KQ9TW6S,related to,Xbox Controllers
B07KQ9TW6S,related to,PlayStation Controllers
B07KQ9TW6S,related to,Nintendo Controllers
B00ATNFLDY,related to,Gaming Peripherals
B00ATNFLDY,related to,Gaming Accessories
B00ATNFLDY,related to,Games
B00ATNFLDY,related to,PC Games
B00ATNFLDY,related to,Xbox Games
B00ATNFLDY,related to,PlayStation Games
B00ATNFLDY,related to,Nintendo Games
B001EYUTMA,related to,PlayStation
B001EYUTMA,related to,Gaming Accessories
B001EYUTMA,related to,Games
B001EYUTMA,related to,Xbox One
B001EYUTMA,related to,PlayStation 5
B001EYUTMA,related to,PlayStation 4
B001EYUTMA,related to,PlayStation Vita
B001EYUTMA,related to,PlayStation Games
B001EYUTMA,related to,PlayStation Controllers
B001EYUTMA,related to,PC Games
B001EYUTMA,related to,Xbox Games
B001EYUTMA,related to,Nintendo Games
B07DFYXS9X,related to,Nintendo Switch
B07DFYXS9X,related to,Nintendo
B07DFYXS9X,related to,Nintendo Switch Lite
B07DFYXS9X,related to,Switch Cases
B005ZBO014,related to,Games
B005ZBO014,related to,Nintendo
B005ZBO014,related to,Nintendo Games
B005ZBO014,related to,Nintendo Controllers
B000038ABO,related to,Games
B000038ABO,related to,PC Games
B000038ABO,related to,Xbox Games
B08MQGHXFV,related to,Hardware
B08MQGHXFV,related to,Xbox
B08MQGHXFV,related to,PlayStation
B08MQGHXFV,related to,Nintendo
B08MQGHXFV,related to,Nintendo Switch
B08MQGHXFV,related to,Gaming Peripherals
B08MQGHXFV,related to,Gaming Accessories
B08MQGHXFV,related to,Headsets
B08MQGHXFV,related to,VR Headsets
B08MQGHXFV,related to,Xbox Series X
B08MQGHXFV,related to,Xbox Series S
B08MQGHXFV,related to,Xbox One
B08MQGHXFV,related to,PlayStation 5
B08MQGHXFV,related to,PlayStation 4
B08MQGHXFV,related to,PlayStation Vita
B08MQGHXFV,related to,Nintendo 3DS
B08MQGHXFV,related to,PC Games
B08MQGHXFV,related to,Xbox Games
B08MQGHXFV,related to,PlayStation Games
B08MQGHXFV,related to,Nintendo Games
B08MQGHXFV,related to,Xbox Controllers
B08MQGHXFV,related to,PlayStation Controllers
B08MQGHXFV,related to,Nintendo Controllers
B08MQGHXFV,related to,Gaming Headsets
B078LSJ376,related to,Nintendo
B078LSJ376,related to,Nintendo Switch
B078LSJ376,related to,Games
B078LSJ376,related to,Nintendo 3DS
B078LSJ376,related to,PlayStation 4
B078LSJ376,related to,PC Games
B078LSJ376,related to,Xbox Games
B078LSJ376,related to,PlayStation Games
B078LSJ376,related to,Nintendo Games
B078LSJ376,related to,Nintendo Controllers
B08CFVQBXB,related to,Games
B08CFVQBXB,related to,Nintendo
B08CFVQBXB,related to,Nintendo Switch
B08CFVQBXB,related to,Nintendo Switch Lite
B08CFVQBXB,related to,Nintendo 3DS
B08CFVQBXB,related to,Nintendo Games
B08CFVQBXB,related to,Switch Cases
B08CFVQBXB,related to,Nintendo Controllers
B09TKPXVM3,related to,Xbox
B09TKPXVM3,related to,Xbox Series X
B09TKPXVM3,related to,Xbox Series S
B09TKPXVM3,related to,Xbox One
B09TKPXVM3,related to,PlayStation 5
B09TKPXVM3,related to,PlayStation 4
B09TKPXVM3,related to,Xbox Games
B09TKPXVM3,related to,Xbox Controllers
B08VFV7NBV,related to,Nintendo
B08VFV7NBV,related to,Nintendo Switch
B08VFV7NBV,related to,Nintendo Switch Lite
B08VFV7NBV,related to,Nintendo 3DS
B08VFV7NBV,related to,Nintendo Games
B08VFV7NBV,related to,Switch Cases
B08VFV7NBV,related to,Nintendo Controllers
B07JGF4MQW,related to,Headsets
B07JGF4MQW,related to,Xbox
B07JGF4MQW,related to,Games
B07JGF4MQW,related to,Gaming Headsets
B07JGF4MQW,related to,PC Games
B07JGF4MQW,related to,Xbox Games
B07JGF4MQW,related to,Nintendo Games
B01586FH6W,related to,Nintendo
B01586FH6W,related to,Nintendo Games
B07L73KHYH,related to,Xbox
B07L73KHYH,related to,PlayStation
B07L73KHYH,related to,Xbox One
B07L73KHYH,related to,PlayStation 5
B07L73KHYH,related to,PlayStation 4
B07L73KHYH,related to,PlayStation Vita
B07L73KHYH,related to,PlayStation Games
B07L73KHYH,related to,PlayStation Controllers
B0000503QB,related to,Gaming Accessories
B0000503QB,related to,Games
B0000503QB,related to,PC Games
B0000503QB,related to,Xbox Games
B0000503QB,related to,Nintendo Games
B0884D2QQP,related to,Hardware
B0884D2QQP,related to,Xbox
B0884D2QQP,related to,PlayStation
B0884D2QQP,related to,Xbox One
B0884D2QQP,related to,PlayStation 5
B0884D2QQP,related to,PlayStation 4
B0884D2QQP,related to,PC Games
B0884D2QQP,related to,Xbox Games
B07SSZGYNR,related to,Xbox
B07SSZGYNR,related to,Xbox Series X
B07SSZGYNR,related to,Xbox Series S
B07SSZGYNR,related to,Xbox One
B07SSZGYNR,related to,Xbox Games
B07SSZGYNR,related to,Xbox Controllers
B008Z7XCAK,related to,Hardware
B008Z7XCAK,related to,Xbox
B008Z7XCAK,related to,PlayStation
B008Z7XCAK,related to,Nintendo
B008Z7XCAK,related to,Nintendo Switch
B008Z7XCAK,related to,Gaming Accessories
B008Z7XCAK,related to,Games
B008Z7XCAK,related to,Nintendo 3DS
B008Z7XCAK,related to,Xbox One
B008Z7XCAK,related to,PlayStation 5
B008Z7XCAK,related to,PlayStation 4
B008Z7XCAK,related to,Nintendo Switch Lite
B008Z7XCAK,related to,PC Games
B008Z7XCAK,related to,Xbox Games
B008Z7XCAK,related to,PlayStation Games
B008Z7XCAK,related to,Nintendo Games
B008Z7XCAK,related to,Nintendo Controllers
B0118GJKIW,related to,Xbox
B0118GJKIW,related to,Xbox Series X
B0118GJKIW,related to,Xbox Series S
B0118GJKIW,related to,Xbox One
B0118GJKIW,related to,Xbox Games
B0118GJKIW,related to,Xbox Controllers
B07WZVRFB9,related to,Nintendo
B07WZVRFB9,related to,Nintendo Switch
B07WZVRFB9,related to,Games
B07WZVRFB9,related to,Nintendo Switch Lite
B07WZVRFB9,related to,Nintendo 3DS
B07WZVRFB9,related to,Nintendo Games
B07WZVRFB9,related to,Switch Cases
B07WZVRFB9,related to,Nintendo Controllers
B08FC6MR62,related to,PlayStation
B08FC6MR62,related to,Xbox
B08FC6MR62,related to,Nintendo
B08FC6MR62,related to,PlayStation 5
B08FC6MR62,related to,PlayStation 4
B08FC6MR62,related to,PlayStation Vita
B08FC6MR62,related to,PlayStation Games
B08FC6MR62,related to,PlayStation Controllers
B08FC6MR62,related to,Xbox One
B08FC6MR62,related to,Xbox Games
B000VUSZHY,related to,Games
B000VUSZHY,related to,PlayStation
B000VUSZHY,related to,Nintendo
B000VUSZHY,related to,Nintendo Switch
B000VUSZHY,related to,PC Games
B000VUSZHY,related to,Nintendo Games
B000VUSZHY,related to,Nintendo Switch Lite
B000VUSZHY,related to,Nintendo 3DS
B000VUSZHY,related to,Xbox Games
B000VUSZHY,related to,PlayStation Games
B000VUSZHY,related to,Nintendo Controllers
B01MCY0680,related to,Controllers
B01MCY0680,related to,Xbox
B01MCY0680,related to,PlayStation
B01MCY0680,related to,Nintendo
B01MCY0680,related to,Games
B01MCY0680,related to,Xbox Series X
B01MCY0680,related to,Xbox Series S
B01MCY0680,related to,Xbox One
B01MCY0680,related to,PlayStation 5
B01MCY0680,related to,PlayStation 4
B01MCY0680,related to,PlayStation Vita
B01MCY0680,related to,Nintendo 3DS
B01MCY0680,related to,PC Games
B01MCY0680,related to,Xbox Games
B01MCY0680,related to,PlayStation Games
B01MCY0680,related to,PlayStation Controllers
B00DCEIT5O,related to,Xbox
B00DCEIT5O,related to,PlayStation
B00DCEIT5O,related to,Games
B00DCEIT5O,related to,Xbox Series X
B00DCEIT5O,related to,Xbox Series S
B00DCEIT5O,related to,Xbox One
B00DCEIT5O,related to,PlayStation 5
B00DCEIT5O,related to,PlayStation 4
B00DCEIT5O,related to,PlayStation Vita
B00DCEIT5O,related to,PC Games
B00DCEIT5O,related to,Xbox Games
B00DCEIT5O,related to,PlayStation Games
B00DCEIT5O,related to,PlayStation Controllers
B0721BX7DQ,related to,Nintendo
B0721BX7DQ,related to,Nintendo Switch
B0721BX7DQ,related to,Games
B0721BX7DQ,related to,Nintendo Switch Lite
B0721BX7DQ,related to,Nintendo 3DS
B0721BX7DQ,related to,Nintendo Games
B0721BX7DQ,related to,Switch Cases
B0721BX7DQ,related to,Nintendo Controllers
B0721BX7DQ,related to,PC Games
B0721BX7DQ,related to,Xbox Games
B0721BX7DQ,related to,PlayStation Games
B004WIOHF0,related to,Games
B004WIOHF0,related to,PlayStation
B004WIOHF0,related to,PC Games
B004WIOHF0,related to,Xbox Games
B004WIOHF0,related to,Nintendo Games
B004WIOHF0,related to,PlayStation 5
B004WIOHF0,related to,PlayStation 4
B004WIOHF0,related to,PlayStation Vita
B004WIOHF0,related to,PlayStation Games
B004WIOHF0,related to,PlayStation Controllers
B001EYUOS4,related to,Nintendo
B001EYUOS4,related to,Games
B001EYUOS4,related to,PlayStation 5
B001EYUOS4,related to,PlayStation 4
B001EYUOS4,related to,PC Games
B001EYUOS4,related to,Xbox Games
B001EYUOS4,related to,PlayStation Games
B001EYUOS4,related to,Nintendo Games
B002DGPNOM,related to,Xbox
B002DGPNOM,related to,Xbox Series X
B002DGPNOM,related to,Xbox Series S
B002DGPNOM,related to,Xbox One
B002DGPNOM,related to,Xbox Games
B002DGPNOM,related to,Xbox Controllers
B002DGPNOM,related to,PlayStation Vita
B00002SVOB,related to,Games
B00002SVOB,related to,PlayStation
B00002SVOB,related to,Nintendo
B00002SVOB,related to,Nintendo Switch
B00002SVOB,related to,PlayStation 5
B00002SVOB,related to,PlayStation 4
B00002SVOB,related to,PlayStation Vita
B00002SVOB,related to,Nintendo 3DS
B00002SVOB,related to,PlayStation Games
B00002SVOB,related to,Nintendo Games
B006FRMVIQ,related to,PlayStation
B006FRMVIQ,related to,Games
B006FRMVIQ,related to,Xbox One
B006FRMVIQ,related to,PlayStation 5
B006FRMVIQ,related to,PlayStation 4
B006FRMVIQ,related to,PlayStation Vita
B006FRMVIQ,related to,PlayStation Games
B006FRMVIQ,related to,PlayStation Controllers
B006FRMVIQ,related to,PC Games
B014R4KYMS,related to,Gaming Accessories
B014R4KYMS,related to,Games
B014R4KYMS,related to,Xbox
B014R4KYMS,related to,PlayStation
B014R4KYMS,related to,Nintendo
B014R4KYMS,related to,PC Games
B014R4KYMS,related to,Xbox Games
B014R4KYMS,related to,PlayStation Games
B014R4KYMS,related to,Nintendo Games
B014R4KYMS,related to,Xbox Series S
B014R4KYMS,related to,Xbox One
B014R4KYMS,related to,PlayStation 5
B014R4KYMS,related to,PlayStation 4
B014R4KYMS,related to,PlayStation Vita
B014R4KYMS,related to,PlayStation Controllers
B0073QM45I,related to,Gaming Peripherals
B0073QM45I,related to,Gaming Accessories
B0073QM45I,related to,Games
B0073QM45I,related to,Xbox
B0073QM45I,related to,PC Games
B0073QM45I,related to,Xbox Games
B0073QM45I,related to,PlayStation Games
B0073QM45I,related to,Nintendo Games
B0073QM45I,related to,Gaming Headsets
B0073QM45I,related to,Xbox One
B0BZ8GZW38,related to,Xbox
B0BZ8GZW38,related to,PlayStation
B0BZ8GZW38,related to,Nintendo
B0BZ8GZW38,related to,Gaming Peripherals
B0BZ8GZW38,related to,Gaming Accessories
B0BZ8GZW38,related to,Games
B0BZ8GZW38,related to,Xbox One
B0BZ8GZW38,related to,PlayStation 5
B0BZ8GZW38,related to,PlayStation 4
B0BZ8GZW38,related to,PC Games
B0BZ8GZW38,related to,Xbox Games
B0BZ8GZW38,related to,PlayStation Games
B0BZ8GZW38,related to,Nintendo Games
B00XBDM4R0,related to,Gaming Peripherals
B00XBDM4R0,related to,Gaming Accessories
B00XBDM4R0,related to,Games
B00XBDM4R0,related to,Nintendo
B00XBDM4R0,related to,PC Games
B00XBDM4R0,related to,Xbox Games
B00XBDM4R0,related to,PlayStation Games
B00XBDM4R0,related to,Nintendo Games
B00XBDM4R0,related to,Gaming Headsets
B000ASDU72,related to,PlayStation
B000ASDU72,related to,PlayStation 5
B000ASDU72,related to,PlayStation 4
B000ASDU72,related to,PlayStation Games
B000ASDU72,related to,PC Games
B000ASDU72,related to,PlayStation Controllers
B001EYUOF2,related to,Games
B001EYUOF2,related to,Xbox
B001EYUOF2,related to,PlayStation
B001EYUOF2,related to,Nintendo
B001EYUOF2,related to,Gaming Peripherals
B001EYUOF2,related to,Gaming Accessories
B001EYUOF2,related to,PC Games
B001EYUOF2,related to,Xbox Games
B001EYUOF2,related to,PlayStation Games
B001EYUOF2,related to,Nintendo Games
B001EYUOF2,related to,Xbox Series S
B001EYUOF2,related to,Xbox One
B001EYUOF2,related to,PlayStation 5
B001EYUOF2,related to,PlayStation 4
B001AZFSGA,related to,Nintendo
B001AZFSGA,related to,Nintendo 3DS
B001AZFSGA,related to,Nintendo Games
B001AZFSGA,related to,Nintendo Controllers
B0741C75T3,related to,Storage Cases
B0741C75T3,related to,Hardware
B0741C75T3,related to,Xbox
B0741C75T3,related to,PlayStation
B0741C75T3,related to,Nintendo
B0741C75T3,related to,Nintendo Switch
B0741C75T3,related to,Gaming Accessories
B0741C75T3,related to,Games
B0741C75T3,related to,Nintendo 3DS
B0741C75T3,related to,Xbox One
B0741C75T3,related to,PlayStation 5
B0741C75T3,related to,PlayStation 4
B0741C75T3,related to,Nintendo Switch Lite
B0741C75T3,related to,PC Games
B0741C75T3,related to,Xbox Games
B0741C75T3,related to,PlayStation Games
B0741C75T3,related to,Nintendo Games
B0741C75T3,related to,Nintendo Controllers
B079QN5ZKW,related to,Nintendo Switch
B079QN5ZKW,related to,Hardware
B079QN5ZKW,related to,Xbox
B079QN5ZKW,related to,PlayStation
B079QN5ZKW,related to,Nintendo
B079QN5ZKW,related to,Gaming Accessories
B079QN5ZKW,related to,Games
B079QN5ZKW,related to,Xbox One
B079QN5ZKW,related to,PlayStation 5
B079QN5ZKW,related to,PlayStation 4
B079QN5ZKW,related to,Nintendo Switch Lite
B079QN5ZKW,related to,Nintendo 3DS
B079QN5ZKW,related to,PC Games
B079QN5ZKW,related to,Xbox Games
B079QN5ZKW,related to,PlayStation Games
B079QN5ZKW,related to,Nintendo Games
B079QN5ZKW,related to,Nintendo Controllers
B000GUV120,related to,Games
B004S538N4,related to,Games
B004S538N4,related to,PC Games
B004S538N4,related to,Xbox Games
B004S538N4,related to,PlayStation Games
B001EYUQO6,related to,Xbox
B001EYUQO6,related to,PlayStation
B001EYUQO6,related to,Nintendo
B001EYUQO6,related to,Gaming Accessories
B001EYUQO6,related to,Games
B001EYUQO6,related to,Xbox Series S
B001EYUQO6,related to,Xbox One
B001EYUQO6,related to,PlayStation 5
B001EYUQO6,related to,PlayStation 4
B001EYUQO6,related to,PlayStation Vita
B001EYUQO6,related to,PC Games
B001EYUQO6,related to,Xbox Games
B001EYUQO6,related to,PlayStation Games
B001EYUQO6,related to,Nintendo Games
B001EYUQO6,related to,PlayStation Controllers
B01GH9MRPI,related to,PlayStation
B01GH9MRPI,related to,Gaming Peripherals
B01GH9MRPI,related to,Gaming Accessories
B01GH9MRPI,related to,Games
B01GH9MRPI,related to,Headsets
B01GH9MRPI,related to,VR Headsets
B01GH9MRPI,related to,PC Games
B01GH9MRPI,related to,Xbox Games
B01GH9MRPI,related to,PlayStation Games
B01GH9MRPI,related to,Nintendo Games
B01GH9MRPI,related to,Gaming Headsets
B00NPVF402,related to,Nintendo
B00NPVF402,related to,Games
B00NPVF402,related to,PC Games
B00NPVF402,related to,Xbox Games
B00NPVF402,related to,PlayStation Games
B00NPVF402,related to,Nintendo Games
B004LLHFEI,related to,Xbox
B004LLHFEI,related to,PlayStation
B004LLHFEI,related to,Nintendo
B004LLHFEI,related to,Gaming Peripherals
B004LLHFEI,related to,Xbox Series X
B004LLHFEI,related to,Xbox Series S
B004LLHFEI,related to,Xbox One
B004LLHFEI,related to,PlayStation 5
B004LLHFEI,related to,PlayStation 4
B004LLHFEI,related to,PlayStation Vita
B004LLHFEI,related to,PC Games
B004LLHFEI,related to,Xbox Games
B004LLHFEI,related to,PlayStation Games
B004LLHFEI,related to,Xbox Controllers
B0000E3D8T,related to,Xbox
B0000E3D8T,related to,PlayStation
B0000E3D8T,related to,PlayStation 5
B0000E3D8T,related to,PlayStation 4
B0000E3D8T,related to,PlayStation Vita
B0000E3D8T,related to,PlayStation Games
B0000E3D8T,related to,PlayStation Controllers
B0010EF0UK,related to,PlayStation
B0010EF0UK,related to,Games
B0010EF0UK,related to,PlayStation 5
B0010EF0UK,related to,PlayStation 4
B0010EF0UK,related to,PlayStation Vita
B0010EF0UK,related to,PlayStation Games
B0010EF0UK,related to,PlayStation Controllers
B0010EF0UK,related to,PC Games
B0010EF0UK,related to,Xbox Games
B0010EF0UK,related to,Nintendo Games
B0C11R83GZ,related to,VR Headsets
B002KAKSGO,related to,Xbox
B002KAKSGO,related to,PlayStation
B002KAKSGO,related to,Nintendo
B002KAKSGO,related to,Games
B002KAKSGO,related to,Xbox Series X
B002KAKSGO,related to,Xbox Series S
B002KAKSGO,related to,Xbox One
B002KAKSGO,related to,PlayStation 5
B002KAKSGO,related to,PlayStation 4
B002KAKSGO,related to,PC Games
B002KAKSGO,related to,Xbox Games
B002KAKSGO,related to,PlayStation Games
B002KAKSGO,related to,Nintendo Games
B004S5A7TW,related to,Xbox
B004S5A7TW,related to,Games
B004S5A7TW,related to,Storage Cases
B004S5A7TW,related to,PC Games
B004S5A7TW,related to,Xbox Games
B004S5A7TW,related to,Nintendo Games
B004S5A7TW,related to,Switch Cases
B004S5A7TW,related to,Nintendo 3DS
B09Z6WP1PG,related to,Nintendo Switch
B09Z6WP1PG,related to,Hardware
B09Z6WP1PG,related to,Xbox
B09Z6WP1PG,related to,PlayStation
B09Z6WP1PG,related to,Nintendo
B09Z6WP1PG,related to,Gaming Accessories
B09Z6WP1PG,related to,Games
B09Z6WP1PG,related to,Storage Cases
B09Z6WP1PG,related to,Nintendo Switch Lite
B09Z6WP1PG,related to,Switch Cases
B09Z6WP1PG,related to,Xbox One
B09Z6WP1PG,related to,PlayStation 5
B09Z6WP1PG,related to,PlayStation 4
B09Z6WP1PG,related to,Nintendo 3DS
B09Z6WP1PG,related to,PC Games
B09Z6WP1PG,related to,Xbox Games
B09Z6WP1PG,related to,PlayStation Games
B09Z6WP1PG,related to,Nintendo Games
B09Z6WP1PG,related to,Nintendo Controllers
B07SJVCKQW,related to,Nintendo
B07SJVCKQW,related to,Nintendo Switch
B07SJVCKQW,related to,Storage Cases
B07SJVCKQW,related to,Nintendo Games
B07SJVCKQW,related to,Nintendo Switch Lite
B07SJVCKQW,related to,Switch Cases
B0BSWX56ZG,related to,Gaming Peripherals
B0BSWX56ZG,related to,Gaming Accessories
B0BSWX56ZG,related to,Games
B0BSWX56ZG,related to,Headsets
B0BSWX56ZG,related to,VR Headsets
B0BSWX56ZG,related to,PC Games
B0BSWX56ZG,related to,Xbox Games
B0BSWX56ZG,related to,PlayStation Games
B0BSWX56ZG,related to,Nintendo Games
B0BSWX56ZG,related to,Gaming Headsets
B09DL5H5ZP,related to,Games
B09DL5H5ZP,related to,PC Games
B09DL5H5ZP,related to,Xbox Games
B09DL5H5ZP,related to,Nintendo Games
B01IFE2OFG,related to,Controllers
B01IFE2OFG,related to,Xbox
B01IFE2OFG,related to,Nintendo Controllers
B01IFE2OFG,related to,Xbox One
B01IFE2OFG,related to,Xbox Games
B01IFE2OFG,related to,Xbox Controllers
B01IFE2OFG,related to,PlayStation Controllers
B001ELJDXE,related to,Nintendo
B001ELJDXE,related to,Games
B001ELJDXE,related to,PC Games
B001ELJDXE,related to,Xbox Games
B001ELJDXE,related to,PlayStation Games
B001ELJDXE,related to,Nintendo Games
B003DKJAZA,related to,PC Games
B003DKJAZA,related to,Xbox Games
B006HZA4CG,related to,Games
B00897Z1K0,related to,PlayStation
B00897Z1K0,related to,Nintendo
B00897Z1K0,related to,Nintendo Switch
B00897Z1K0,related to,Games
B00897Z1K0,related to,Gaming Accessories
B00897Z1K0,related to,PlayStation 5
B00897Z1K0,related to,PlayStation 4
B00897Z1K0,related to,Nintendo 3DS
B00897Z1K0,related to,Xbox Games
B00897Z1K0,related to,PlayStation Games
B00897Z1K0,related to,Nintendo Games
B00897Z1K0,related to,PlayStation Controllers
B00897Z1K0,related to,Nintendo Controllers
B00897Z1K0,related to,PC Games
B001EYUUBA,related to,Games
B001EYUUBA,related to,PC Games
B001EYUUBA,related to,Xbox Games
B001EYUUBA,related to,PlayStation Games
B001EYUUBA,related to,Nintendo Games
B00FWMWHSE,related to,Xbox
B00FWMWHSE,related to,PlayStation
B00FWMWHSE,related to,Nintendo
B00FWMWHSE,related to,Games
B00FWMWHSE,related to,Xbox Series X
B00FWMWHSE,related to,Xbox Series S
B00FWMWHSE,related to,Xbox One
B00FWMWHSE,related to,PlayStation 5
B00FWMWHSE,related to,PlayStation 4
B00FWMWHSE,related to,PC Games
B00FWMWHSE,related to,Xbox Games
B00FWMWHSE,related to,PlayStation Games
B00FWMWHSE,related to,Nintendo Games
B01KUAMF66,related to,PC Games
B01KUAMF66,related to,PlayStation Games
B0009FUTK2,related to,Games
B00004S653,related to,Games
B00004S653,related to,PC Games
B00004S653,related to,Xbox Games
B00004S653,related to,Nintendo Games
B00POKEF3E,related to,Controllers
B00POKEF3E,related to,Xbox
B00POKEF3E,related to,PlayStation
B00POKEF3E,related to,Games
B00POKEF3E,related to,Xbox Controllers
B00POKEF3E,related to,PlayStation Controllers
B00POKEF3E,related to,Nintendo Controllers
B00POKEF3E,related to,Xbox Series X
B00POKEF3E,related to,Xbox Series S
B00POKEF3E,related to,Xbox One
B00POKEF3E,related to,PlayStation 5
B00POKEF3E,related to,PlayStation 4
B00POKEF3E,related to,PlayStation Vita
B00POKEF3E,related to,PC Games
B00POKEF3E,related to,Xbox Games
B00POKEF3E,related to,PlayStation Games
B001ELJE1U,related to,Games
B001ELJE1U,related to,PlayStation 5
B001ELJE1U,related to,PlayStation 4
B001ELJE1U,related to,PC Games
B001ELJE1U,related to,Xbox Games
B001ELJE1U,related to,PlayStation Games
B001ELJE1U,related to,Nintendo Games
B0000631WE,related to,Games
B0000631WE,related to,Xbox Series X
B07876N23M,related to,Headsets
B07876N23M,related to,Gaming Accessories
B07876N23M,related to,Games
B07876N23M,related to,PC Games
B07876N23M,related to,Xbox Games
B07876N23M,related to,Nintendo Games
B00002SWA8,related to,Nintendo
B00002SWA8,related to,Nintendo Switch
B00002SWA8,related to,Nintendo 3DS
B00002SWA8,related to,Nintendo Games
B00002SWA8,related to,Nintendo Controllers
B003YMMMFM,related to,Nintendo
B003P9VWPA,related to,Xbox
B003P9VWPA,related to,PlayStation
B003P9VWPA,related to,Nintendo
B003P9VWPA,related to,Games
B003P9VWPA,related to,Xbox Series X
B003P9VWPA,related to,Xbox Series S
B003P9VWPA,related to,Xbox One
B003P9VWPA,related to,PlayStation 5
B003P9VWPA,related to,PlayStation 4
B003P9VWPA,related to,PC Games
B003P9VWPA,related to,Xbox Games
B003P9VWPA,related to,PlayStation Games
B003P9VWPA,related to,Nintendo Games
B000SFK0LG,related to,PlayStation
B000SFK0LG,related to,Nintendo
B000SFK0LG,related to,Nintendo Switch
B000SFK0LG,related to,PlayStation 5
B000SFK0LG,related to,PlayStation 4
B000SFK0LG,related to,Nintendo 3DS
B000SFK0LG,related to,Xbox Games
B000SFK0LG,related to,PlayStation Games
B000SFK0LG,related to,Nintendo Games
B000SFK0LG,related to,PlayStation Controllers
B000SFK0LG,related to,Nintendo Controllers
B07255V5Z2,related to,Gaming Peripherals
B07255V5Z2,related to,Gaming Accessories
B07255V5Z2,related to,Controllers
B07255V5Z2,related to,PC Games
B07255V5Z2,related to,Xbox Controllers
B07255V5Z2,related to,PlayStation Controllers
B07255V5Z2,related to,Nintendo Controllers
B00004SVPT,related to,Nintendo
B00004SVPT,related to,Nintendo Switch
B00004SVPT,related to,Games
B00004SVPT,related to,Nintendo 3DS
B00004SVPT,related to,PC Games
B00004SVPT,related to,Xbox Games
B00004SVPT,related to,PlayStation Games
B00004SVPT,related to,Nintendo Games
B00004SVPT,related to,Nintendo Controllers
B08BY9XN49,related to,Nintendo
B08BY9XN49,related to,Nintendo Switch
B08BY9XN49,related to,Gaming Peripherals
B08BY9XN49,related to,Gaming Accessories
B08BY9XN49,related to,Games
B08BY9XN49,related to,Nintendo Switch Lite
B08BY9XN49,related to,Nintendo 3DS
B08BY9XN49,related to,Nintendo Games
B08BY9XN49,related to,Switch Cases
B08BY9XN49,related to,Nintendo Controllers
B08BY9XN49,related to,PC Games
B08BY9XN49,related to,Xbox Games
B08BY9XN49,related to,PlayStation Games
B079C7QBJG,related to,Games
B079C7QBJG,related to,PlayStation
B079C7QBJG,related to,PlayStation Games
B079C7QBJG,related to,PlayStation 5
B079C7QBJG,related to,PlayStation 4
B079C7QBJG,related to,PlayStation Vita
B079C7QBJG,related to,PlayStation Controllers
B087XRWHHL,related to,Xbox
B087XRWHHL,related to,PlayStation
B087XRWHHL,related to,Xbox Series X
B087XRWHHL,related to,Xbox Series S
B087XRWHHL,related to,Xbox One
B087XRWHHL,related to,PlayStation 5
B087XRWHHL,related to,PlayStation 4
B087XRWHHL,related to,PC Games
B087XRWHHL,related to,Xbox Games
B087XRWHHL,related to,PlayStation Games
B087XRWHHL,related to,Xbox Controllers
B088QY2YKF,related to,Xbox
B088QY2YKF,related to,Gaming Peripherals
B088QY2YKF,related to,Gaming Accessories
B088QY2YKF,related to,Xbox Series X
B088QY2YKF,related to,Xbox Series S
B088QY2YKF,related to,Xbox One
B088QY2YKF,related to,Xbox Games
B088QY2YKF,related to,Xbox Controllers
B003O680RM,related to,PlayStation
B003O680RM,related to,Games
B003O680RM,related to,PlayStation 5
B003O680RM,related to,PlayStation 4
B003O680RM,related to,PlayStation Vita
B003O680RM,related to,PlayStation Games
B003O680RM,related to,PlayStation Controllers
B003O680RM,related to,PC Games
B003O680RM,related to,Xbox Games
B003O680RM,related to,Nintendo Games
B0BWYZHH9D,related to,Gaming Peripherals
B0BWYZHH9D,related to,Gaming Accessories
B0BWYZHH9D,related to,Games
B0BWYZHH9D,related to,PC Games
B0BWYZHH9D,related to,Xbox Games
B0BWYZHH9D,related to,PlayStation Games
B0BWYZHH9D,related to,Nintendo Games
B0BWYZHH9D,related to,Gaming Headsets
B06XPRWLL3,related to,PlayStation
B06XPRWLL3,related to,Nintendo Switch
B06XPRWLL3,related to,Storage Cases
B06XPRWLL3,related to,Nintendo Switch Lite
B06XPRWLL3,related to,Switch Cases
B06XPRWLL3,related to,Xbox Controllers
B06XPRWLL3,related to,PlayStation Controllers
B081FKL957,related to,Xbox
B081FKL957,related to,PlayStation
B081FKL957,related to,Gaming Peripherals
B081FKL957,related to,Xbox Series X
B081FKL957,related to,Xbox Series S
B081FKL957,related to,Xbox One
B081FKL957,related to,PlayStation 5
B081FKL957,related to,PlayStation 4
B081FKL957,related to,PlayStation Vita
B081FKL957,related to,PC Games
B081FKL957,related to,Xbox Games
B081FKL957,related to,PlayStation Games
B081FKL957,related to,Xbox Controllers
B081FKL957,related to,PlayStation Controllers
B00149IL9I,related to,PlayStation
B00149IL9I,related to,Nintendo
B00149IL9I,related to,Nintendo Switch
B00149IL9I,related to,Games
B00149IL9I,related to,Nintendo 3DS
B00149IL9I,related to,PlayStation 5
B00149IL9I,related to,PlayStation 4
B00149IL9I,related to,Xbox Games
B00149IL9I,related to,PlayStation Games
B00149IL9I,related to,Nintendo Games
B00149IL9I,related to,PlayStation Controllers
B00149IL9I,related to,Nintendo Controllers
B00149IL9I,related to,PC Games
B001EYUQI2,related to,PlayStation
B001EYUQI2,related to,Nintendo
B001EYUQI2,related to,Gaming Accessories
B001EYUQI2,related to,Games
B001EYUQI2,related to,PlayStation 5
B001EYUQI2,related to,PlayStation 4
B001EYUQI2,related to,PC Games
B001EYUQI2,related to,Xbox Games
B001EYUQI2,related to,PlayStation Games
B001EYUQI2,related to,Nintendo Games
B072MF8KK4,related to,Nintendo
B072MF8KK4,related to,Nintendo Switch
B072MF8KK4,related to,Storage Cases
B072MF8KK4,related to,Hardware
B072MF8KK4,related to,Xbox
B072MF8KK4,related to,PlayStation
B072MF8KK4,related to,Gaming Accessories
B072MF8KK4,related to,Games
B072MF8KK4,related to,Nintendo Switch Lite
B072MF8KK4,related to,Nintendo 3DS
B072MF8KK4,related to,Nintendo Games
B072MF8KK4,related to,Switch Cases
B072MF8KK4,related to,Nintendo Controllers
B072MF8KK4,related to,Xbox One
B072MF8KK4,related to,PlayStation 5
B072MF8KK4,related to,PlayStation 4
B072MF8KK4,related to,PC Games
B072MF8KK4,related to,Xbox Games
B072MF8KK4,related to,PlayStation Games
B00002STWP,related to,Games
B00002STWP,related to,PlayStation
B00002STWP,related to,Nintendo
B00002STWP,related to,PC Games
B00002STWP,related to,Xbox Games
B00002STWP,related to,PlayStation Games
B00002STWP,related to,PlayStation 5
B00002STWP,related to,PlayStation 4
B001O50TOW,related to,Games
B001EYUQFU,related to,PlayStation
B001EYUQFU,related to,Xbox
B001EYUQFU,related to,Nintendo
B001EYUQFU,related to,Gaming Accessories
B001EYUQFU,related to,Games
B001EYUQFU,related to,PlayStation 5
B001EYUQFU,related to,PlayStation 4
B001EYUQFU,related to,PlayStation Vita
B001EYUQFU,related to,Xbox Games
B001EYUQFU,related to,PlayStation Games
B001EYUQFU,related to,PlayStation Controllers
B001EYUQFU,related to,PC Games
B001EYUQFU,related to,Nintendo Games
B001EYUUHO,related to,Xbox
B001EYUUHO,related to,Nintendo Games
B001EYUUHO,related to,Xbox Series X
B001EYUUHO,related to,Xbox Series S
B001EYUUHO,related to,Xbox One
B001EYUUHO,related to,PC Games
B001EYUUHO,related to,Xbox Games
B001EYUUHO,related to,Xbox Controllers
B000TLU67W,related to,PlayStation
B000TLU67W,related to,Controllers
B000TLU67W,related to,PlayStation 5
B000TLU67W,related to,PlayStation 4
B000TLU67W,related to,PlayStation Vita
B000TLU67W,related to,PlayStation Games
B000TLU67W,related to,Xbox Controllers
B000TLU67W,related to,PlayStation Controllers
B000TLU67W,related to,Nintendo Controllers
B07KZ6QJTL,related to,Storage Cases
B07KZ6QJTL,related to,Xbox
B07KZ6QJTL,related to,PlayStation
B07KZ6QJTL,related to,Games
B07KZ6QJTL,related to,Xbox Series X
B07KZ6QJTL,related to,Xbox Series S
B07KZ6QJTL,related to,Xbox One
B07KZ6QJTL,related to,PlayStation 5
B07KZ6QJTL,related to,PlayStation 4
B07KZ6QJTL,related to,PlayStation Vita
B07KZ6QJTL,related to,PC Games
B07KZ6QJTL,related to,Xbox Games
B07KZ6QJTL,related to,PlayStation Games
B07KZ6QJTL,related to,PlayStation Controllers
B00H8618QO,related to,Games
B00H8618QO,related to,PC Games
B081SL51F6,related to,Headsets
B081SL51F6,related to,VR Headsets
B081SL51F6,related to,Xbox
B081SL51F6,related to,PlayStation
B081SL51F6,related to,Gaming Headsets
B081SL51F6,related to,Xbox One
B081SL51F6,related to,PlayStation 5
B081SL51F6,related to,PlayStation 4
B081SL51F6,related to,PlayStation Vita
B081SL51F6,related to,PC Games
B081SL51F6,related to,Xbox Games
B081SL51F6,related to,PlayStation Games
B081SL51F6,related to,PlayStation Controllers
B005MICTQ8,related to,Games
B005MICTQ8,related to,PlayStation
B005MICTQ8,related to,Nintendo
B005MICTQ8,related to,Nintendo Switch
B005MICTQ8,related to,Xbox Series S
B005MICTQ8,related to,PlayStation 5
B005MICTQ8,related to,PlayStation 4
B005MICTQ8,related to,Nintendo 3DS
B005MICTQ8,related to,Xbox Games
B005MICTQ8,related to,PlayStation Games
B005MICTQ8,related to,Nintendo Games
B005MICTQ8,related to,Nintendo Controllers
B00APOVDKW,related to,Xbox
B00APOVDKW,related to,PlayStation
B00APOVDKW,related to,Nintendo
B00APOVDKW,related to,Gaming Peripherals
B00APOVDKW,related to,Gaming Accessories
B00APOVDKW,related to,Games
B00APOVDKW,related to,Xbox One
B00APOVDKW,related to,PlayStation 5
B00APOVDKW,related to,PlayStation 4
B00APOVDKW,related to,PC Games
B00APOVDKW,related to,Xbox Games
B00APOVDKW,related to,PlayStation Games
B00APOVDKW,related to,Nintendo Games
B00006409Z,related to,Gaming Peripherals
B00006409Z,related to,Gaming Accessories
B00006409Z,related to,Games
B00006409Z,related to,Xbox
B00006409Z,related to,PC Games
B00006409Z,related to,Xbox Games
B00006409Z,related to,PlayStation Games
B00006409Z,related to,Nintendo Games
B00006409Z,related to,Gaming Headsets
B00006409Z,related to,Xbox Series X
B00006409Z,related to,Xbox Series S
B00006409Z,related to,Xbox One
B00006409Z,related to,Xbox Controllers
B07DFNKHFG,related to,PlayStation
B07DFNKHFG,related to,Games
B07DFNKHFG,related to,PlayStation 5
B07DFNKHFG,related to,PlayStation 4
B07DFNKHFG,related to,PlayStation Vita
B07DFNKHFG,related to,PlayStation Games
B07DFNKHFG,related to,PlayStation Controllers
B08QDNY2HB,related to,VR Headsets
B08QDNY2HB,related to,PlayStation Vita
B01HCD4G2U,related to,PlayStation
B01HCD4G2U,related to,Games
B01HCD4G2U,related to,Xbox One
B01HCD4G2U,related to,PlayStation 5
B01HCD4G2U,related to,PlayStation 4
B01HCD4G2U,related to,PlayStation Vita
B01HCD4G2U,related to,PlayStation Games
B01HCD4G2U,related to,PlayStation Controllers
B01HCD4G2U,related to,PC Games
B08FRRBWZ6,related to,Storage Cases
B08FRRBWZ6,related to,Hardware
B08FRRBWZ6,related to,Xbox
B08FRRBWZ6,related to,PlayStation
B08FRRBWZ6,related to,Nintendo
B08FRRBWZ6,related to,Nintendo Switch
B08FRRBWZ6,related to,Gaming Accessories
B08FRRBWZ6,related to,Games
B08FRRBWZ6,related to,Xbox One
B08FRRBWZ6,related to,PlayStation 5
B08FRRBWZ6,related to,PlayStation 4
B08FRRBWZ6,related to,Nintendo Switch Lite
B08FRRBWZ6,related to,Nintendo 3DS
B08FRRBWZ6,related to,PC Games
B08FRRBWZ6,related to,Xbox Games
B08FRRBWZ6,related to,PlayStation Games
B08FRRBWZ6,related to,Nintendo Games
B08FRRBWZ6,related to,Nintendo Controllers
B00YXVNG1C,related to,PlayStation
B00YXVNG1C,related to,PlayStation 5
B00YXVNG1C,related to,PlayStation 4
B00YXVNG1C,related to,PlayStation Vita
B00YXVNG1C,related to,PlayStation Games
B00YXVNG1C,related to,PlayStation Controllers
B00JC5Y9LK,related to,Xbox
B00JC5Y9LK,related to,PlayStation
B00JC5Y9LK,related to,Games
B00JC5Y9LK,related to,Xbox Series X
B00JC5Y9LK,related to,Xbox Series S
B00JC5Y9LK,related to,Xbox One
B00JC5Y9LK,related to,PlayStation 5
B00JC5Y9LK,related to,PlayStation 4
B00JC5Y9LK,related to,PlayStation Vita
B00JC5Y9LK,related to,PC Games
B00JC5Y9LK,related to,Xbox Games
B00JC5Y9LK,related to,PlayStation Games
B00JC5Y9LK,related to,PlayStation Controllers
B0BX3WNL26,related to,Headsets
B0BX3WNL26,related to,Gaming Headsets
B001F0OOF6,related to,Nintendo
B001F0OOF6,related to,Games
B001F0OOF6,related to,PC Games
B001F0OOF6,related to,Xbox Games
B001F0OOF6,related to,PlayStation Games
B001F0OOF6,related to,Nintendo Games
B004I6D7MK,related to,Xbox
B004I6D7MK,related to,PlayStation
B004I6D7MK,related to,Nintendo
B004I6D7MK,related to,Games
B004I6D7MK,related to,Xbox Series X
B004I6D7MK,related to,Xbox Series S
B004I6D7MK,related to,Xbox One
B004I6D7MK,related to,PlayStation 5
B004I6D7MK,related to,PlayStation 4
B004I6D7MK,related to,PC Games
B004I6D7MK,related to,Xbox Games
B004I6D7MK,related to,PlayStation Games
B004I6D7MK,related to,Nintendo Games
B001TERJD2,related to,Games
B001CEDJ2Y,related to,Nintendo Switch
B001CEDJ2Y,related to,Switch Cases
B00004R9I6,related to,Controllers
B00004R9I6,related to,Hardware
B00004R9I6,related to,Xbox
B00004R9I6,related to,PlayStation
B00004R9I6,related to,Nintendo
B00004R9I6,related to,Nintendo Switch
B00004R9I6,related to,Gaming Accessories
B00004R9I6,related to,Games
B00004R9I6,related to,Xbox Controllers
B00004R9I6,related to,PlayStation Controllers
B00004R9I6,related to,Nintendo Controllers
B00004R9I6,related to,Xbox One
B00004R9I6,related to,PlayStation 5
B00004R9I6,related to,PlayStation 4
B00004R9I6,related to,Nintendo Switch Lite
B00004R9I6,related to,Nintendo 3DS
B00004R9I6,related to,PC Games
B00004R9I6,related to,Xbox Games
B00004R9I6,related to,PlayStation Games
B00004R9I6,related to,Nintendo Games
B07L48BWKJ,related to,Games
B07L48BWKJ,related to,Xbox
B07L48BWKJ,related to,PlayStation
B07L48BWKJ,related to,Nintendo
B07L48BWKJ,related to,Gaming Accessories
B07L48BWKJ,related to,Xbox Series X
B07L48BWKJ,related to,Xbox Series S
B07L48BWKJ,related to,Xbox One
B07L48BWKJ,related to,PlayStation 5
B07L48BWKJ,related to,PlayStation 4
B07L48BWKJ,related to,PC Games
B07L48BWKJ,related to,Xbox Games
B07L48BWKJ,related to,PlayStation Games
B07L48BWKJ,related to,Nintendo Games
B07L48BWKJ,related to,Xbox Controllers
B074NDKDWR,related to,Gaming Peripherals
B074NDKDWR,related to,Gaming Accessories
B074NDKDWR,related to,Games
B074NDKDWR,related to,Nintendo
B074NDKDWR,related to,Nintendo Switch
B074NDKDWR,related to,PC Games
B074NDKDWR,related to,Xbox Games
B074NDKDWR,related to,PlayStation Games
B074NDKDWR,related to,Nintendo Games
B074NDKDWR,related to,Gaming Headsets
B074NDKDWR,related to,PlayStation 4
B074NDKDWR,related to,Nintendo 3DS
B074NDKDWR,related to,Nintendo Controllers
B07B7WT5P6,related to,Controllers
B07B7WT5P6,related to,Xbox Controllers
B07B7WT5P6,related to,PlayStation Controllers
B07B7WT5P6,related to,Nintendo Controllers
B0128N7IPG,related to,Controllers
B0128N7IPG,related to,Xbox
B0128N7IPG,related to,PlayStation
B0128N7IPG,related to,Xbox Controllers
B0128N7IPG,related to,PlayStation Controllers
B0128N7IPG,related to,Xbox One
B0128N7IPG,related to,PlayStation 5
B0128N7IPG,related to,PlayStation 4
B0128N7IPG,related to,PlayStation Vita
B0128N7IPG,related to,Xbox Games
B0128N7IPG,related to,PlayStation Games
B009O8OG3Q,related to,Xbox
B009O8OG3Q,related to,PlayStation
B009O8OG3Q,related to,Nintendo
B009O8OG3Q,related to,Gaming Peripherals
B009O8OG3Q,related to,Gaming Accessories
B009O8OG3Q,related to,Games
B009O8OG3Q,related to,Controllers
B009O8OG3Q,related to,Xbox One
B009O8OG3Q,related to,PlayStation 5
B009O8OG3Q,related to,PlayStation 4
B009O8OG3Q,related to,PC Games
B009O8OG3Q,related to,Xbox Games
B009O8OG3Q,related to,PlayStation Games
B009O8OG3Q,related to,Nintendo Games
B009O8OG3Q,related to,Xbox Series X
B009O8OG3Q,related to,Xbox Series S
B009O8OG3Q,related to,PlayStation Vita
B009O8OG3Q,related to,Xbox Controllers
B07F26LTY2,related to,Games
B07F26LTY2,related to,PC Games
B002LLRLMQ,related to,Xbox
B002LLRLMQ,related to,Xbox Series X
B002LLRLMQ,related to,Xbox Series S
B002LLRLMQ,related to,Xbox One
B002LLRLMQ,related to,PlayStation 5
B002LLRLMQ,related to,PlayStation 4
B002LLRLMQ,related to,Xbox Games
B002LLRLMQ,related to,Xbox Controllers
B00CEVEXQ0,related to,Controllers
B00CEVEXQ0,related to,Nintendo
B00CEVEXQ0,related to,Gaming Accessories
B00CEVEXQ0,related to,Hardware
B00CEVEXQ0,related to,Xbox
B00CEVEXQ0,related to,PlayStation
B00CEVEXQ0,related to,Nintendo Switch
B00CEVEXQ0,related to,Games
B00CEVEXQ0,related to,Nintendo Controllers
B00CEVEXQ0,related to,Nintendo 3DS
B00CEVEXQ0,related to,Xbox Games
B00CEVEXQ0,related to,Nintendo Games
B00CEVEXQ0,related to,Xbox One
B00CEVEXQ0,related to,PlayStation 5
B00CEVEXQ0,related to,PlayStation 4
B00CEVEXQ0,related to,Nintendo Switch Lite
B00CEVEXQ0,related to,PC Games
B00CEVEXQ0,related to,PlayStation Games
B07YNL6KSB,related to,Games
B07YNL6KSB,related to,PC Games
B07YNL6KSB,related to,Xbox Games
B07YNL6KSB,related to,Nintendo Games
B01JHQURLY,related to,PlayStation
B01JHQURLY,related to,Games
B01JHQURLY,related to,PlayStation 5
B01JHQURLY,related to,PlayStation 4
B01JHQURLY,related to,PlayStation Vita
B01JHQURLY,related to,PlayStation Games
B01JHQURLY,related to,PlayStation Controllers
B004I4MIOU,related to,Nintendo
B004I4MIOU,related to,Games
B004I4MIOU,related to,PC Games
B004I4MIOU,related to,Xbox Games
B004I4MIOU,related to,PlayStation Games
B004I4MIOU,related to,Nintendo Games
B00TIY4IHK,related to,Storage Cases
B00TIY4IHK,related to,Gaming Peripherals
B00TIY4IHK,related to,Gaming Accessories
B001EYUY1G,related to,Games
B001EYUY1G,related to,PC Games
B00004SVUW,related to,Games
B00004SVUW,related to,PlayStation
B00004SVUW,related to,Nintendo
B00004SVUW,related to,Nintendo Switch
B00004SVUW,related to,PC Games
B00004SVUW,related to,Xbox Games
B00004SVUW,related to,PlayStation Games
B00004SVUW,related to,Nintendo Games
B00004SVUW,related to,Nintendo Switch Lite
B00004SVUW,related to,Nintendo 3DS
B00004SVUW,related to,Nintendo Controllers
B00004SVUW,related to,PlayStation Vita
B00OZAIKKS,related to,Gaming Peripherals
B00OZAIKKS,related to,Gaming Accessories
B00OZAIKKS,related to,Games
B00OZAIKKS,related to,Nintendo
B00OZAIKKS,related to,PC Games
B00OZAIKKS,related to,Xbox Games
B00OZAIKKS,related to,PlayStation Games
B00OZAIKKS,related to,Nintendo Games
B0058GNK30,related to,Gaming Peripherals
B0058GNK30,related to,Gaming Accessories
B0058GNK30,related to,Games
B0058GNK30,related to,PC Games
B0058GNK30,related to,Xbox Games
B0058GNK30,related to,PlayStation Games
B0058GNK30,related to,Nintendo Games
B00Z9TM1KY,related to,Nintendo
B00Z9TM1KY,related to,Games
B00Z9TM1KY,related to,PlayStation
B00Z9TM1KY,related to,Gaming Accessories
B00Z9TM1KY,related to,PC Games
B00Z9TM1KY,related to,Xbox Games
B00Z9TM1KY,related to,PlayStation Games
B00Z9TM1KY,related to,Nintendo Games
B00Z9TM1KY,related to,PlayStation 5
B00Z9TM1KY,related to,PlayStation 4
B001ELJEDS,related to,Games
B001ELJEDS,related to,Nintendo
B001ELJEDS,related to,PC Games
B001ELJEDS,related to,Xbox Games
B001ELJEDS,related to,Nintendo Games
B001ELJEDS,related to,Nintendo Controllers
B000066TS1,related to,PC Games
B000066TS1,related to,Xbox Games
B07WS18ZS3,related to,Xbox
B07WS18ZS3,related to,PlayStation
B07WS18ZS3,related to,Xbox One
B07WS18ZS3,related to,PlayStation 5
B07WS18ZS3,related to,PlayStation 4
B07WS18ZS3,related to,PlayStation Vita
B07WS18ZS3,related to,PC Games
B07WS18ZS3,related to,Xbox Games
B07WS18ZS3,related to,PlayStation Games
B07WS18ZS3,related to,PlayStation Controllers
B0B3R8K856,related to,Controllers
B0B3R8K856,related to,Xbox
B0B3R8K856,related to,Xbox Controllers
B0B3R8K856,related to,PlayStation Controllers
B0B3R8K856,related to,Nintendo Controllers
B0B3R8K856,related to,Xbox Series X
B0B3R8K856,related to,Xbox Series S
B0B3R8K856,related to,Xbox One
B0B3R8K856,related to,Xbox Games
B00A7VK16A,related to,Xbox
B00A7VK16A,related to,PlayStation
B00A7VK16A,related to,Nintendo
B00A7VK16A,related to,Gaming Peripherals
B00A7VK16A,related to,Gaming Accessories
B00A7VK16A,related to,Games
B00A7VK16A,related to,Xbox Series X
B00A7VK16A,related to,Xbox Series S
B00A7VK16A,related to,Xbox One
B00A7VK16A,related to,PlayStation 5
B00A7VK16A,related to,PlayStation 4
B00A7VK16A,related to,PlayStation Vita
B00A7VK16A,related to,PC Games
B00A7VK16A,related to,Xbox Games
B00A7VK16A,related to,PlayStation Games
B00A7VK16A,related to,Xbox Controllers
B00A7VK16A,related to,Nintendo Games
B0197U53L4,related to,PlayStation
B0197U53L4,related to,PlayStation 5
B0197U53L4,related to,PlayStation 4
B0197U53L4,related to,PlayStation Games
B0197U53L4,related to,PlayStation Controllers
B000CI8EXA,related to,PlayStation
B000CI8EXA,related to,Nintendo
B000CI8EXA,related to,Nintendo Switch
B000CI8EXA,related to,Xbox Series S
B000CI8EXA,related to,PlayStation 5
B000CI8EXA,related to,PlayStation 4
B000CI8EXA,related to,Nintendo 3DS
B000CI8EXA,related to,Xbox Games
B000CI8EXA,related to,PlayStation Games
B000CI8EXA,related to,Nintendo Games
B000CI8EXA,related to,Nintendo Controllers
B004B1GJXG,related to,Nintendo
B004B1GJXG,related to,Games
B004B1GJXG,related to,PlayStation 5
B004B1GJXG,related to,PlayStation 4
B004B1GJXG,related to,PC Games
B004B1GJXG,related to,Xbox Games
B004B1GJXG,related to,PlayStation Games
B004B1GJXG,related to,Nintendo Games
B00KR6M2GW,related to,Gaming Peripherals
B00KR6M2GW,related to,Gaming Accessories
B00KR6M2GW,related to,Games
B00KR6M2GW,related to,Headsets
B00KR6M2GW,related to,Hardware
B00KR6M2GW,related to,PC Games
B00KR6M2GW,related to,Xbox Games
B00KR6M2GW,related to,PlayStation Games
B00KR6M2GW,related to,Gaming Headsets
B0BNBMCNR3,related to,Gaming Peripherals
B0BNBMCNR3,related to,Games
B0BNBMCNR3,related to,PC Games
B0BNBMCNR3,related to,Xbox Games
B0BNBMCNR3,related to,PlayStation Games
B000SH3XGS,related to,PlayStation
B000SH3XGS,related to,Nintendo
B000SH3XGS,related to,Nintendo Switch
B000SH3XGS,related to,Games
B000SH3XGS,related to,Xbox Series S
B000SH3XGS,related to,PlayStation 5
B000SH3XGS,related to,PlayStation 4
B000SH3XGS,related to,Nintendo 3DS
B000SH3XGS,related to,Xbox Games
B000SH3XGS,related to,PlayStation Games
B000SH3XGS,related to,Nintendo Games
B000SH3XGS,related to,Nintendo Controllers
B00FYQTK7O,related to,Games
B00FYQTK7O,related to,Nintendo
B00FYQTK7O,related to,Nintendo Switch
B00FYQTK7O,related to,PC Games
B00FYQTK7O,related to,Xbox Games
B00FYQTK7O,related to,Nintendo Games
B00FYQTK7O,related to,Nintendo 3DS
B00FYQTK7O,related to,Nintendo Controllers
B001EYUQ3W,related to,PlayStation
B001EYUQ3W,related to,Games
B001EYUQ3W,related to,PlayStation 5
B001EYUQ3W,related to,PlayStation 4
B001EYUQ3W,related to,PlayStation Vita
B001EYUQ3W,related to,PlayStation Games
B001EYUQ3W,related to,PlayStation Controllers
B001EYUQ3W,related to,PC Games
B001EYUQ3W,related to,Xbox Games
B001EYUQ3W,related to,Nintendo Games
B001EHD8VQ,related to,Games
B001EHD8VQ,related to,PC Games
B001EHD8VQ,related to,Xbox Games
B001EHD8VQ,related to,PlayStation Games
B001EHD8VQ,related to,Nintendo Games
B005YR308S,related to,PlayStation
B005YR308S,related to,Xbox One
B005YR308S,related to,PlayStation 5
B005YR308S,related to,PlayStation 4
B005YR308S,related to,PlayStation Vita
B005YR308S,related to,PC Games
B005YR308S,related to,Xbox Games
B005YR308S,related to,PlayStation Games
B005YR308S,related to,PlayStation Controllers
B00KWIYPZG,related to,Nintendo
B00KWIYPZG,related to,Nintendo Switch
B00KWIYPZG,related to,Nintendo 3DS
B00KWIYPZG,related to,Nintendo Games
B00KWIYPZG,related to,Nintendo Controllers
B072R3P7Q9,related to,Nintendo
B072R3P7Q9,related to,Nintendo Switch
B072R3P7Q9,related to,Nintendo Switch Lite
B072R3P7Q9,related to,Nintendo 3DS
B072R3P7Q9,related to,Nintendo Games
B072R3P7Q9,related to,Switch Cases
B072R3P7Q9,related to,Nintendo Controllers
B08N7PZK77,related to,Nintendo Switch
B08N7PZK77,related to,Hardware
B08N7PZK77,related to,Xbox
B08N7PZK77,related to,PlayStation
B08N7PZK77,related to,Nintendo
B08N7PZK77,related to,Gaming Accessories
B08N7PZK77,related to,Games
B08N7PZK77,related to,Controllers
B08N7PZK77,related to,Nintendo Switch Lite
B08N7PZK77,related to,Switch Cases
B08N7PZK77,related to,Xbox One
B08N7PZK77,related to,PlayStation 5
B08N7PZK77,related to,PlayStation 4
B08N7PZK77,related to,Nintendo 3DS
B08N7PZK77,related to,PC Games
B08N7PZK77,related to,Xbox Games
B08N7PZK77,related to,PlayStation Games
B08N7PZK77,related to,Nintendo Games
B08N7PZK77,related to,Nintendo Controllers
B07SX8QCPZ,related to,Nintendo
B07SX8QCPZ,related to,Nintendo Switch
B07SX8QCPZ,related to,Nintendo Switch Lite
B07SX8QCPZ,related to,Nintendo 3DS
B07SX8QCPZ,related to,Nintendo Games
B07SX8QCPZ,related to,Nintendo Controllers
B07X6HNKQH,related to,Xbox
B07X6HNKQH,related to,PlayStation
B07X6HNKQH,related to,Nintendo
B07X6HNKQH,related to,Gaming Accessories
B07X6HNKQH,related to,Games
B07X6HNKQH,related to,Xbox Series S
B07X6HNKQH,related to,Xbox One
B07X6HNKQH,related to,PlayStation 5
B07X6HNKQH,related to,PlayStation 4
B07X6HNKQH,related to,PlayStation Vita
B07X6HNKQH,related to,PC Games
B07X6HNKQH,related to,Xbox Games
B07X6HNKQH,related to,PlayStation Games
B07X6HNKQH,related to,Nintendo Games
B07X6HNKQH,related to,PlayStation Controllers
B000BLFE9K,related to,PlayStation
B000BLFE9K,related to,PlayStation 5
B000BLFE9K,related to,PlayStation 4
B000BLFE9K,related to,PlayStation Vita
B000BLFE9K,related to,PlayStation Games
B000BLFE9K,related to,PlayStation Controllers
B001G605UW,related to,Games
B001G605UW,related to,Xbox
B001G605UW,related to,PlayStation
B001G605UW,related to,Nintendo
B001G605UW,related to,Gaming Accessories
B001G605UW,related to,PC Games
B001G605UW,related to,Xbox Games
B001G605UW,related to,PlayStation Games
B001G605UW,related to,Nintendo Games
B001G605UW,related to,Xbox Series X
B001G605UW,related to,Xbox Series S
B001G605UW,related to,Xbox One
B001G605UW,related to,PlayStation 5
B001G605UW,related to,PlayStation 4
B001G605UW,related to,Xbox Controllers
B000GQ1G2E,related to,PlayStation
B000GQ1G2E,related to,Nintendo
B000GQ1G2E,related to,Nintendo Switch
B000GQ1G2E,related to,Games
B000GQ1G2E,related to,PlayStation 5
B000GQ1G2E,related to,PlayStation 4
B000GQ1G2E,related to,Nintendo 3DS
B000GQ1G2E,related to,PlayStation Games
B000GQ1G2E,related to,Nintendo Games
B000GQ1G2E,related to,PC Games
B000GQ1G2E,related to,Xbox Games
B000035XGG,related to,Nintendo
B000035XGG,related to,Games
B000035XGG,related to,PC Games
B000035XGG,related to,Xbox Games
B000035XGG,related to,PlayStation Games
B000035XGG,related to,Nintendo Games
B000F8J274,related to,Nintendo
B000F8J274,related to,Games
B000F8J274,related to,Nintendo Switch
B000F8J274,related to,PC Games
B000F8J274,related to,Xbox Games
B000F8J274,related to,PlayStation Games
B000F8J274,related to,Nintendo Games
B000F8J274,related to,Nintendo 3DS
B000F8J274,related to,Nintendo Controllers
B01LY3E69F,related to,Xbox
B01LY3E69F,related to,Xbox Series X
B01LY3E69F,related to,Xbox Series S
B01LY3E69F,related to,Xbox One
B01LY3E69F,related to,PlayStation 4
B01LY3E69F,related to,Xbox Games
B01LY3E69F,related to,Xbox Controllers
B07BDHQTT6,related to,Gaming Peripherals
B07BDHQTT6,related to,Gaming Accessories
B07BDHQTT6,related to,Hardware
B07BDHQTT6,related to,Xbox
B07BDHQTT6,related to,PlayStation
B07BDHQTT6,related to,Nintendo
B07BDHQTT6,related to,Nintendo Switch
B07BDHQTT6,related to,Games
B07BDHQTT6,related to,PC Games
B07BDHQTT6,related to,Xbox Games
B07BDHQTT6,related to,Xbox One
B07BDHQTT6,related to,PlayStation 5
B07BDHQTT6,related to,PlayStation 4
B07BDHQTT6,related to,Nintendo Switch Lite
B07BDHQTT6,related to,Nintendo 3DS
B07BDHQTT6,related to,PlayStation Games
B07BDHQTT6,related to,Nintendo Games
B07BDHQTT6,related to,Nintendo Controllers
B00TS0UFLW,related to,Gaming Peripherals
B00TS0UFLW,related to,Gaming Accessories
B00TS0UFLW,related to,Games
B00TS0UFLW,related to,Nintendo
B00TS0UFLW,related to,PC Games
B00TS0UFLW,related to,Xbox Games
B00TS0UFLW,related to,PlayStation Games
B00TS0UFLW,related to,Nintendo Games
B00TS0UFLW,related to,Gaming Headsets
B00TS0UFLW,related to,Nintendo 3DS
B001ELJDV6,related to,Gaming Accessories
B001ELJDV6,related to,Games
B001ELJDV6,related to,Controllers
B001ELJDV6,related to,Nintendo
B001ELJDV6,related to,Gaming Peripherals
B001ELJDV6,related to,Hardware
B001ELJDV6,related to,Xbox
B001ELJDV6,related to,PlayStation
B001ELJDV6,related to,Nintendo Switch
B001ELJDV6,related to,PC Games
B001ELJDV6,related to,Xbox Games
B001ELJDV6,related to,PlayStation Games
B001ELJDV6,related to,Nintendo Games
B001ELJDV6,related to,Xbox Controllers
B001ELJDV6,related to,PlayStation Controllers
B001ELJDV6,related to,Nintendo Controllers
B001ELJDV6,related to,Xbox One
B001ELJDV6,related to,PlayStation 5
B001ELJDV6,related to,PlayStation 4
B001ELJDV6,related to,Nintendo Switch Lite
B001ELJDV6,related to,Nintendo 3DS
B000H5U5DK,related to,PlayStation
B000H5U5DK,related to,Nintendo
B000H5U5DK,related to,Gaming Accessories
B000H5U5DK,related to,Games
B000H5U5DK,related to,PlayStation 5
B000H5U5DK,related to,PlayStation 4
B000H5U5DK,related to,PC Games
B000H5U5DK,related to,Xbox Games
B000H5U5DK,related to,PlayStation Games
B000H5U5DK,related to,Nintendo Games
B01GY35GIM,related to,Xbox
B01GY35GIM,related to,PlayStation
B01GY35GIM,related to,Games
B01GY35GIM,related to,Xbox One
B01GY35GIM,related to,PlayStation 5
B01GY35GIM,related to,PlayStation 4
B01GY35GIM,related to,PlayStation Vita
B01GY35GIM,related to,Xbox Games
B01GY35GIM,related to,PlayStation Games
B01GY35GIM,related to,PlayStation Controllers
B004A6DJYO,related to,Games
B004A6DJYO,related to,PC Games
B004A6DJYO,related to,Xbox Games
B004A6DJYO,related to,PlayStation Games
B0095P5K8I,related to,Hardware
B072C3VM5F,related to,Xbox
B072C3VM5F,related to,PlayStation
B072C3VM5F,related to,Nintendo
B072C3VM5F,related to,Gaming Peripherals
B072C3VM5F,related to,Xbox Series X
B072C3VM5F,related to,Xbox Series S
B072C3VM5F,related to,Xbox One
B072C3VM5F,related to,PlayStation 5
B072C3VM5F,related to,PlayStation 4
B072C3VM5F,related to,PlayStation Vita
B072C3VM5F,related to,PC Games
B072C3VM5F,related to,Xbox Games
B072C3VM5F,related to,PlayStation Games
B072C3VM5F,related to,Xbox Controllers
B072C3VM5F,related to,PlayStation Controllers
B00008KTW2,related to,Nintendo
B00008KTW2,related to,Games
B00008KTW2,related to,Xbox Games
B00008KTW2,related to,PlayStation Games
B00008KTW2,related to,Nintendo Games
B0001Y740O,related to,Nintendo
B0001Y740O,related to,Games
B0001Y740O,related to,Nintendo Games
B0001Y740O,related to,Nintendo 3DS
B0001Y740O,related to,PC Games
B0001Y740O,related to,Xbox Games
B0001Y740O,related to,PlayStation Games
B00009ECD7,related to,Nintendo
B00009ECD7,related to,Games
B002SRPAAS,related to,PlayStation
B002SRPAAS,related to,Nintendo
B002SRPAAS,related to,Nintendo Switch
B002SRPAAS,related to,Games
B002SRPAAS,related to,Xbox Series S
B002SRPAAS,related to,PlayStation 5
B002SRPAAS,related to,PlayStation 4
B002SRPAAS,related to,Nintendo 3DS
B002SRPAAS,related to,Xbox Games
B002SRPAAS,related to,PlayStation Games
B002SRPAAS,related to,Nintendo Games
B002SRPAAS,related to,Nintendo Controllers
B002SRPAAS,related to,PC Games
B003ZDOH4Y,related to,Xbox
B003ZDOH4Y,related to,PlayStation
B003ZDOH4Y,related to,Nintendo
B003ZDOH4Y,related to,Nintendo Switch
B003ZDOH4Y,related to,Xbox One
B003ZDOH4Y,related to,PlayStation 5
B003ZDOH4Y,related to,PlayStation 4
B003ZDOH4Y,related to,PlayStation Vita
B003ZDOH4Y,related to,Nintendo 3DS
B003ZDOH4Y,related to,Xbox Games
B003ZDOH4Y,related to,PlayStation Games
B003ZDOH4Y,related to,Nintendo Games
B003ZDOH4Y,related to,Xbox Controllers
B003ZDOH4Y,related to,PlayStation Controllers
B003ZDOH4Y,related to,Nintendo Controllers
B00M35YLLY,related to,Nintendo
B00M35YLLY,related to,Gaming Peripherals
B00M35YLLY,related to,Gaming Accessories
B00M35YLLY,related to,Games
B00M35YLLY,related to,Xbox
B00M35YLLY,related to,PlayStation
B00M35YLLY,related to,Nintendo Switch
B00M35YLLY,related to,PC Games
B00M35YLLY,related to,Xbox Games
B00M35YLLY,related to,PlayStation Games
B00M35YLLY,related to,Nintendo Games
B00M35YLLY,related to,Gaming Headsets
B00M35YLLY,related to,Xbox One
B00M35YLLY,related to,PlayStation 5
B00M35YLLY,related to,PlayStation 4
B00M35YLLY,related to,PlayStation Vita
B00M35YLLY,related to,Nintendo 3DS
B00M35YLLY,related to,Xbox Controllers
B00M35YLLY,related to,PlayStation Controllers
B00M35YLLY,related to,Nintendo Controllers
B00VG3PUFA,related to,Games
B00VG3PUFA,related to,Nintendo
B00VG3PUFA,related to,PC Games
B00VG3PUFA,related to,Nintendo Games
B00VG3PUFA,related to,Xbox Games
B00VG3PUFA,related to,PlayStation Games
B00BHSTXSY,related to,PlayStation
B00BHSTXSY,related to,Gaming Peripherals
B00BHSTXSY,related to,Gaming Accessories
B00BHSTXSY,related to,Games
B00BHSTXSY,related to,Headsets
B00BHSTXSY,related to,VR Headsets
B00BHSTXSY,related to,Hardware
B00BHSTXSY,related to,PC Games
B00BHSTXSY,related to,Xbox Games
B00BHSTXSY,related to,PlayStation Games
B00BHSTXSY,related to,Nintendo Games
B00BHSTXSY,related to,Gaming Headsets
B002EE4VQY,related to,PlayStation
B002EE4VQY,related to,Nintendo
B002EE4VQY,related to,Nintendo Switch
B002EE4VQY,related to,Xbox Series S
B002EE4VQY,related to,PlayStation 5
B002EE4VQY,related to,PlayStation 4
B002EE4VQY,related to,Nintendo 3DS
B002EE4VQY,related to,Xbox Games
B002EE4VQY,related to,PlayStation Games
B002EE4VQY,related to,Nintendo Games
B002EE4VQY,related to,Nintendo Controllers
B002EE4VQY,related to,Nintendo Switch Lite
B0757K64H8,related to,Nintendo Switch
B0757K64H8,related to,Switch Cases
B001EYUQBE,related to,Games
B001EYUQBE,related to,PC Games
B001EYUQBE,related to,Xbox Games
B001EYUQBE,related to,PlayStation Games
B001EYUQBE,related to,Nintendo Games
B01N6VJIJQ,related to,Controllers
B01N6VJIJQ,related to,Xbox
B01N6VJIJQ,related to,PlayStation
B01N6VJIJQ,related to,Nintendo Controllers
B01N6VJIJQ,related to,Xbox Series X
B01N6VJIJQ,related to,Xbox Series S
B01N6VJIJQ,related to,Xbox One
B01N6VJIJQ,related to,PlayStation 5
B01N6VJIJQ,related to,PlayStation 4
B01N6VJIJQ,related to,PC Games
B01N6VJIJQ,related to,Xbox Games
B01N6VJIJQ,related to,Xbox Controllers
B01CHQ7YIA,related to,Gaming Peripherals
B01CHQ7YIA,related to,Gaming Accessories
B01CHQ7YIA,related to,Games
B01CHQ7YIA,related to,Nintendo Switch
B01CHQ7YIA,related to,PC Games
B01CHQ7YIA,related to,Xbox Games
B01CHQ7YIA,related to,PlayStation Games
B01CHQ7YIA,related to,Nintendo Games
B01CHQ7YIA,related to,Gaming Headsets
B01CHQ7YIA,related to,Nintendo Switch Lite
B01CHQ7YIA,related to,Switch Cases
B00004RBOK,related to,Nintendo
B00004RBOK,related to,Games
B00004RBOK,related to,PC Games
B00004RBOK,related to,Xbox Games
B00004RBOK,related to,PlayStation Games
B00004RBOK,related to,Nintendo Games
B0081S91CQ,related to,Xbox
B0081S91CQ,related to,PlayStation
B0081S91CQ,related to,Nintendo
B0081S91CQ,related to,Games
B0081S91CQ,related to,Xbox Series X
B0081S91CQ,related to,Xbox Series S
B0081S91CQ,related to,Xbox One
B0081S91CQ,related to,PlayStation 5
B0081S91CQ,related to,PlayStation 4
B0081S91CQ,related to,PlayStation Vita
B0081S91CQ,related to,Nintendo 3DS
B0081S91CQ,related to,PC Games
B0081S91CQ,related to,Xbox Games
B0081S91CQ,related to,PlayStation Games
B0081S91CQ,related to,PlayStation Controllers
B0001FV33C,related to,Nintendo
B0001FV33C,related to,Games
B0001FV33C,related to,PC Games
B0001FV33C,related to,Xbox Games
B0001FV33C,related to,PlayStation Games
B0001FV33C,related to,Nintendo Games
B01MQMOXU1,related to,Headsets
B01MQMOXU1,related to,VR Headsets
B01MQMOXU1,related to,Hardware
B01MQMOXU1,related to,Xbox
B01MQMOXU1,related to,PlayStation
B01MQMOXU1,related to,Nintendo
B01MQMOXU1,related to,Gaming Peripherals
B01MQMOXU1,related to,Gaming Accessories
B01MQMOXU1,related to,Games
B01MQMOXU1,related to,Gaming Headsets
B01MQMOXU1,related to,Xbox One
B01MQMOXU1,related to,PlayStation 5
B01MQMOXU1,related to,PlayStation 4
B01MQMOXU1,related to,PC Games
B01MQMOXU1,related to,Xbox Games
B01MQMOXU1,related to,PlayStation Games
B01MQMOXU1,related to,Nintendo Games
B000WY8GW8,related to,Nintendo
B000WY8GW8,related to,PlayStation
B000WY8GW8,related to,Nintendo Games
B000WY8GW8,related to,Nintendo Controllers
B000WY8GW8,related to,PlayStation 5
B000WY8GW8,related to,PlayStation 4
B000WY8GW8,related to,Nintendo 3DS
B000WY8GW8,related to,Xbox Games
B000WY8GW8,related to,PlayStation Games
B000WY8GW8,related to,PlayStation Controllers
B00O3JSK7E,related to,Games
B00O3JSK7E,related to,PC Games
B00O3JSK7E,related to,Nintendo Games
B00005V9PD,related to,Xbox
B00005V9PD,related to,PlayStation
B00005V9PD,related to,Nintendo
B00005V9PD,related to,Games
B00005V9PD,related to,Xbox Series X
B00005V9PD,related to,Xbox Series S
B00005V9PD,related to,Xbox One
B00005V9PD,related to,PlayStation 5
B00005V9PD,related to,PlayStation 4
B00005V9PD,related to,PC Games
B00005V9PD,related to,Xbox Games
B00005V9PD,related to,PlayStation Games
B00005V9PD,related to,Nintendo Games
B08KXGWG5X,related to,Xbox
B08KXGWG5X,related to,PlayStation
B08KXGWG5X,related to,Nintendo
B08KXGWG5X,related to,Gaming Peripherals
B08KXGWG5X,related to,Xbox One
B08KXGWG5X,related to,Xbox Games
B08KXGWG5X,related to,Xbox Series X
B08KXGWG5X,related to,Xbox Series S
B08KXGWG5X,related to,PlayStation 5
B08KXGWG5X,related to,PlayStation 4
B08KXGWG5X,related to,PlayStation Vita
B08KXGWG5X,related to,PC Games
B08KXGWG5X,related to,PlayStation Games
B08KXGWG5X,related to,Xbox Controllers
B08KXGWG5X,related to,PlayStation Controllers
B09WWDTXPB,related to,Nintendo
B09WWDTXPB,related to,Nintendo Switch
B09WWDTXPB,related to,Product Details
B09WWDTXPB,related to,Gaming Peripherals
B09WWDTXPB,related to,Gaming Accessories
B09WWDTXPB,related to,Nintendo Switch Lite
B09WWDTXPB,related to,Nintendo 3DS
B09WWDTXPB,related to,Nintendo Games
B09WWDTXPB,related to,Switch Cases
B09WWDTXPB,related to,Nintendo Controllers
B00007KQC2,related to,Nintendo
B00007KQC2,related to,Xbox
B00007KQC2,related to,PlayStation
B00007KQC2,related to,Gaming Accessories
B00007KQC2,related to,Games
B00007KQC2,related to,Xbox One
B00007KQC2,related to,PlayStation 4
B00007KQC2,related to,PC Games
B00007KQC2,related to,Xbox Games
B00007KQC2,related to,PlayStation Games
B00007KQC2,related to,Nintendo Games
B0018BEG9Q,related to,Games
B0018BEG9Q,related to,PC Games
B0018BEG9Q,related to,Xbox Games
B0018BEG9Q,related to,PlayStation Games
B0018BEG9Q,related to,Nintendo Games
B000KKTC86,related to,Nintendo
B000KKTC86,related to,Games
B000KKTC86,related to,Nintendo Switch
B000KKTC86,related to,PC Games
B000KKTC86,related to,Xbox Games
B000KKTC86,related to,PlayStation Games
B000KKTC86,related to,Nintendo Games
B000KKTC86,related to,Nintendo 3DS
B000KKTC86,related to,Nintendo Controllers
B00GM5TJR2,related to,Games
B00GM5TJR2,related to,PC Games
B00GM5TJR2,related to,Xbox Games
B00GM5TJR2,related to,PlayStation Games
B00GM5TJR2,related to,Nintendo Games
B08QFPS48J,related to,PlayStation
B08QFPS48J,related to,Nintendo
B08QFPS48J,related to,Games
B08QFPS48J,related to,PlayStation 5
B08QFPS48J,related to,PlayStation 4
B08QFPS48J,related to,PlayStation Vita
B08QFPS48J,related to,PC Games
B08QFPS48J,related to,Xbox Games
B08QFPS48J,related to,PlayStation Games
B08QFPS48J,related to,Nintendo Games
B08QFPS48J,related to,PlayStation Controllers
B00ZOMO41A,related to,Nintendo
B00ZOMO41A,related to,Nintendo Switch
B00ZOMO41A,related to,Gaming Accessories
B00ZOMO41A,related to,Nintendo 3DS
B00ZOMO41A,related to,Nintendo Games
B00ZOMO41A,related to,Nintendo Controllers
B07FWCF2GF,related to,Xbox
B07FWCF2GF,related to,PlayStation
B07FWCF2GF,related to,Nintendo
B07FWCF2GF,related to,Gaming Accessories
B07FWCF2GF,related to,Games
B07FWCF2GF,related to,Xbox Series S
B07FWCF2GF,related to,Xbox One
B07FWCF2GF,related to,PlayStation 5
B07FWCF2GF,related to,PlayStation 4
B07FWCF2GF,related to,PlayStation Vita
B07FWCF2GF,related to,PC Games
B07FWCF2GF,related to,Xbox Games
B07FWCF2GF,related to,PlayStation Games
B07FWCF2GF,related to,Nintendo Games
B07FWCF2GF,related to,PlayStation Controllers
B0050SX00Y,related to,PlayStation
B0050SX00Y,related to,Xbox One
B0050SX00Y,related to,PlayStation 5
B0050SX00Y,related to,PlayStation 4
B0050SX00Y,related to,PlayStation Vita
B0050SX00Y,related to,PC Games
B0050SX00Y,related to,Xbox Games
B0050SX00Y,related to,PlayStation Games
B0050SX00Y,related to,PlayStation Controllers
B092986X9Z,related to,Nintendo
B092986X9Z,related to,Nintendo Switch
B092986X9Z,related to,Gaming Peripherals
B092986X9Z,related to,Gaming Accessories
B092986X9Z,related to,Games
B092986X9Z,related to,Nintendo Switch Lite
B092986X9Z,related to,Nintendo 3DS
B092986X9Z,related to,Nintendo Games
B092986X9Z,related to,Switch Cases
B092986X9Z,related to,Nintendo Controllers
B092986X9Z,related to,PC Games
B092986X9Z,related to,Xbox Games
B092986X9Z,related to,PlayStation Games
B092986X9Z,related to,Gaming Headsets
B06XHVJY3T,related to,Nintendo
B06XHVJY3T,related to,Games
B06XHVJY3T,related to,Xbox
B06XHVJY3T,related to,PC Games
B06XHVJY3T,related to,Xbox Games
B06XHVJY3T,related to,PlayStation Games
B06XHVJY3T,related to,Nintendo Games
B06XHVJY3T,related to,Xbox Series X
B06XHVJY3T,related to,Xbox Series S
B06XHVJY3T,related to,Xbox One
B06XHVJY3T,related to,Xbox Controllers
B000G75AL6,related to,Xbox
B000G75AL6,related to,Xbox Series X
B000G75AL6,related to,Xbox Series S
B000G75AL6,related to,Xbox One
B000G75AL6,related to,PlayStation 5
B000G75AL6,related to,PlayStation 4
B000G75AL6,related to,Xbox Games
B000G75AL6,related to,Xbox Controllers
B0002IQOOQ,related to,Xbox
B0002IQOOQ,related to,PlayStation
B0002IQOOQ,related to,PlayStation 5
B0002IQOOQ,related to,PlayStation 4
B0002IQOOQ,related to,PlayStation Vita
B0002IQOOQ,related to,PlayStation Games
B0002IQOOQ,related to,PlayStation Controllers
B0731KL1BP,related to,Nintendo
B0731KL1BP,related to,Nintendo Switch
B0731KL1BP,related to,Gaming Peripherals
B0731KL1BP,related to,Nintendo 3DS
B0731KL1BP,related to,PC Games
B0731KL1BP,related to,Xbox Games
B0731KL1BP,related to,PlayStation Games
B0731KL1BP,related to,Nintendo Games
B0731KL1BP,related to,Nintendo Controllers
B002CSLY1W,related to,PlayStation
B002CSLY1W,related to,Nintendo
B002CSLY1W,related to,Nintendo Switch
B002CSLY1W,related to,Gaming Accessories
B002CSLY1W,related to,Games
B002CSLY1W,related to,PlayStation 5
B002CSLY1W,related to,PlayStation 4
B002CSLY1W,related to,Nintendo 3DS
B002CSLY1W,related to,Xbox Games
B002CSLY1W,related to,PlayStation Games
B002CSLY1W,related to,Nintendo Games
B002CSLY1W,related to,PlayStation Controllers
B002CSLY1W,related to,Nintendo Controllers
B002CSLY1W,related to,PC Games
B00002STV1,related to,Games
B00002STV1,related to,PlayStation
B00002STV1,related to,Nintendo
B00002STV1,related to,PlayStation 5
B00002STV1,related to,PlayStation 4
B001EYUPA6,related to,Hardware
B001EYUPA6,related to,Xbox
B001EYUPA6,related to,PlayStation
B001EYUPA6,related to,Nintendo
B001EYUPA6,related to,Gaming Peripherals
B001EYUPA6,related to,Gaming Accessories
B001EYUPA6,related to,Games
B001EYUPA6,related to,Xbox One
B001EYUPA6,related to,PlayStation 5
B001EYUPA6,related to,PlayStation 4
B001EYUPA6,related to,PC Games
B001EYUPA6,related to,Xbox Games
B001EYUPA6,related to,PlayStation Games
B001EYUPA6,related to,Nintendo Games
B001EYUPA6,related to,Gaming Headsets
B0788D5GL6,related to,Nintendo
B0788D5GL6,related to,Nintendo Switch
B0788D5GL6,related to,Gaming Accessories
B0788D5GL6,related to,Nintendo Switch Lite
B0788D5GL6,related to,Switch Cases
B005JQNEO4,related to,Xbox
B005JQNEO4,related to,Xbox Series X
B005JQNEO4,related to,Xbox Series S
B005JQNEO4,related to,Xbox One
B005JQNEO4,related to,PlayStation 5
B005JQNEO4,related to,PlayStation 4
B005JQNEO4,related to,Xbox Games
B005JQNEO4,related to,Xbox Controllers
B07HVPZP1Q,related to,PlayStation
B07HVPZP1Q,related to,Nintendo
B07HVPZP1Q,related to,Nintendo Switch
B07HVPZP1Q,related to,PlayStation 5
B07HVPZP1Q,related to,PlayStation 4
B07HVPZP1Q,related to,Nintendo 3DS
B07HVPZP1Q,related to,Xbox Games
B07HVPZP1Q,related to,PlayStation Games
B07HVPZP1Q,related to,Nintendo Games
B07HVPZP1Q,related to,PlayStation Controllers
B07HVPZP1Q,related to,Nintendo Controllers
B001ELJEGU,related to,Games
B00006I02Z,related to,Xbox
B00006I02Z,related to,PlayStation
B00006I02Z,related to,Nintendo
B00006I02Z,related to,Games
B00006I02Z,related to,Xbox Series X
B00006I02Z,related to,Xbox Series S
B00006I02Z,related to,Xbox One
B00006I02Z,related to,PlayStation 5
B00006I02Z,related to,PlayStation 4
B00006I02Z,related to,PC Games
B00006I02Z,related to,Xbox Games
B00006I02Z,related to,PlayStation Games
B00006I02Z,related to,Nintendo Games
B003I4E010,related to,PlayStation
B003I4E010,related to,Nintendo
B003I4E010,related to,Nintendo Switch
B003I4E010,related to,Xbox Series S
B003I4E010,related to,PlayStation 5
B003I4E010,related to,PlayStation 4
B003I4E010,related to,Nintendo 3DS
B003I4E010,related to,Xbox Games
B003I4E010,related to,PlayStation Games
B003I4E010,related to,Nintendo Games
B003I4E010,related to,Nintendo Controllers
B003I4E010,related to,Nintendo Switch Lite
B06Y64HRFT,related to,Xbox
B06Y64HRFT,related to,PlayStation
B06Y64HRFT,related to,Storage Cases
B06Y64HRFT,related to,PlayStation 5
B06Y64HRFT,related to,PlayStation 4
B06Y64HRFT,related to,PlayStation Vita
B06Y64HRFT,related to,PC Games
B06Y64HRFT,related to,Xbox Games
B06Y64HRFT,related to,PlayStation Games
B06Y64HRFT,related to,PlayStation Controllers
B06Y64HRFT,related to,Xbox One
B000YFIRI8,related to,Games
B000YFIRI8,related to,PlayStation
B000YFIRI8,related to,Nintendo
B000YFIRI8,related to,Nintendo Switch
B000YFIRI8,related to,PC Games
B000YFIRI8,related to,Xbox Games
B000YFIRI8,related to,PlayStation Games
B000YFIRI8,related to,Xbox Series S
B000YFIRI8,related to,PlayStation 5
B000YFIRI8,related to,PlayStation 4
B000YFIRI8,related to,Nintendo 3DS
B000YFIRI8,related to,Nintendo Games
B000YFIRI8,related to,Nintendo Controllers
B07F8Q21PY,related to,Gaming Peripherals
B07F8Q21PY,related to,Gaming Accessories
B07F8Q21PY,related to,Games
B07F8Q21PY,related to,Xbox
B07F8Q21PY,related to,PlayStation
B07F8Q21PY,related to,Nintendo
B07F8Q21PY,related to,PC Games
B07F8Q21PY,related to,Xbox Games
B07F8Q21PY,related to,PlayStation Games
B07F8Q21PY,related to,Nintendo Games
B07F8Q21PY,related to,Gaming Headsets
B07F8Q21PY,related to,Xbox Series X
B07F8Q21PY,related to,Xbox Series S
B07F8Q21PY,related to,Xbox One
B07F8Q21PY,related to,PlayStation 5
B07F8Q21PY,related to,PlayStation 4
B07F8Q21PY,related to,PlayStation Vita
B07F8Q21PY,related to,Xbox Controllers
B08QSHF4H3,related to,VR Headsets
B08DKPHJYT,related to,Xbox
B08DKPHJYT,related to,PlayStation
B08DKPHJYT,related to,Controllers
B08DKPHJYT,related to,Xbox Series X
B08DKPHJYT,related to,Xbox Series S
B08DKPHJYT,related to,Xbox One
B08DKPHJYT,related to,PlayStation 5
B08DKPHJYT,related to,PlayStation 4
B08DKPHJYT,related to,PC Games
B08DKPHJYT,related to,Xbox Games
B08DKPHJYT,related to,Xbox Controllers
B08DKPHJYT,related to,PlayStation Controllers
B08DKPHJYT,related to,Nintendo Controllers
B00002SVPA,related to,PlayStation
B00002SVPA,related to,Nintendo
B00002SVPA,related to,Gaming Accessories
B00002SVPA,related to,Games
B00002SVPA,related to,Controllers
B00002SVPA,related to,Xbox
B00002SVPA,related to,PlayStation 5
B00002SVPA,related to,PlayStation 4
B00002SVPA,related to,PlayStation Games
B00002SVPA,related to,Nintendo Games
B00002SVPA,related to,PC Games
B00002SVPA,related to,Xbox Games
B00002SVPA,related to,Xbox Controllers
B00002SVPA,related to,PlayStation Controllers
B00002SVPA,related to,Nintendo Controllers
B00I0QBM7Q,related to,Nintendo
B00I0QBM7Q,related to,Nintendo Switch
B00I0QBM7Q,related to,Gaming Accessories
B00I0QBM7Q,related to,Games
B00I0QBM7Q,related to,Nintendo 3DS
B00I0QBM7Q,related to,Nintendo Games
B00I0QBM7Q,related to,Nintendo Controllers
B00I0QBM7Q,related to,PC Games
B00I0QBM7Q,related to,Xbox Games
B00I0QBM7Q,related to,PlayStation Games
B000M4H6RE,related to,Xbox
B000M4H6RE,related to,PlayStation
B000M4H6RE,related to,Xbox One
B000M4H6RE,related to,PlayStation 5
B000M4H6RE,related to,PlayStation 4
B000M4H6RE,related to,PlayStation Vita
B000M4H6RE,related to,Xbox Games
B000M4H6RE,related to,PlayStation Games
B000M4H6RE,related to,PlayStation Controllers
B079YL9F5T,related to,PlayStation
B079YL9F5T,related to,VR Headsets
B079YL9F5T,related to,Xbox
B079YL9F5T,related to,Headsets
B079YL9F5T,related to,Xbox One
B079YL9F5T,related to,PlayStation 5
B079YL9F5T,related to,PlayStation 4
B079YL9F5T,related to,PlayStation Vita
B079YL9F5T,related to,PC Games
B079YL9F5T,related to,Xbox Games
B079YL9F5T,related to,PlayStation Games
B079YL9F5T,related to,PlayStation Controllers
B079YL9F5T,related to,Gaming Headsets
B00062W2GM,related to,Controllers
B00062W2GM,related to,Gaming Peripherals
B00062W2GM,related to,Gaming Accessories
B00062W2GM,related to,Games
B00062W2GM,related to,Xbox Controllers
B00062W2GM,related to,PlayStation Controllers
B00062W2GM,related to,Nintendo Controllers
B00062W2GM,related to,PC Games
B00062W2GM,related to,Xbox Games
B00062W2GM,related to,PlayStation Games
B00062W2GM,related to,Gaming Headsets
B001EHD99W,related to,PlayStation
B001EHD99W,related to,Nintendo
B001EHD99W,related to,Gaming Accessories
B001EHD99W,related to,Games
B001EHD99W,related to,PlayStation 5
B001EHD99W,related to,PlayStation 4
B001EHD99W,related to,PC Games
B001EHD99W,related to,Xbox Games
B001EHD99W,related to,PlayStation Games
B001EHD99W,related to,Nintendo Games
B002HGE308,related to,PlayStation
B002HGE308,related to,Nintendo
B002HGE308,related to,Nintendo Switch
B002HGE308,related to,Games
B002HGE308,related to,PlayStation 5
B002HGE308,related to,PlayStation 4
B002HGE308,related to,Nintendo 3DS
B002HGE308,related to,Xbox Games
B002HGE308,related to,PlayStation Games
B002HGE308,related to,Nintendo Games
B002HGE308,related to,PlayStation Controllers
B002HGE308,related to,Nintendo Controllers
B002HGE308,related to,PC Games
B01EL7UUV6,related to,Xbox
B01EL7UUV6,related to,PlayStation
B01EL7UUV6,related to,Xbox One
B01EL7UUV6,related to,PlayStation 5
B01EL7UUV6,related to,PlayStation 4
B01EL7UUV6,related to,PlayStation Vita
B01EL7UUV6,related to,Xbox Games
B01EL7UUV6,related to,PlayStation Games
B01EL7UUV6,related to,PlayStation Controllers
B09WB49MP6,related to,Hardware
B09WB49MP6,related to,Xbox
B09WB49MP6,related to,PlayStation
B09WB49MP6,related to,Nintendo
B09WB49MP6,related to,Gaming Peripherals
B09WB49MP6,related to,Gaming Accessories
B09WB49MP6,related to,Xbox One
B09WB49MP6,related to,PlayStation 5
B09WB49MP6,related to,PC Games
B09WB49MP6,related to,Xbox Games
B09WB49MP6,related to,PlayStation Games
B09WB49MP6,related to,Nintendo Games
B09WB49MP6,related to,Gaming Headsets
B09WB49MP6,related to,Xbox Controllers
B09WB49MP6,related to,PlayStation Controllers
B09WB49MP6,related to,Nintendo Controllers
B07WNV98X5,related to,Nintendo Switch
B07WNV98X5,related to,Controllers
B07WNV98X5,related to,Storage Cases
B07WNV98X5,related to,Gaming Peripherals
B07WNV98X5,related to,Gaming Accessories
B07WNV98X5,related to,Nintendo Switch Lite
B07WNV98X5,related to,Switch Cases
B07WNV98X5,related to,Xbox Controllers
B07WNV98X5,related to,PlayStation Controllers
B07WNV98X5,related to,Nintendo Controllers
B07TJNGTWV,related to,Headsets
B07TJNGTWV,related to,VR Headsets
B07TJNGTWV,related to,Gaming Headsets
B000R4809W,related to,PlayStation
B000R4809W,related to,Nintendo
B000R4809W,related to,Nintendo Switch
B000R4809W,related to,PlayStation 5
B000R4809W,related to,PlayStation 4
B000R4809W,related to,Nintendo 3DS
B000R4809W,related to,Xbox Games
B000R4809W,related to,PlayStation Games
B000R4809W,related to,Nintendo Games
B000R4809W,related to,PlayStation Controllers
B000R4809W,related to,Nintendo Controllers
B01MS90ZVL,related to,Games
B01MS90ZVL,related to,Hardware
B01MS90ZVL,related to,Xbox
B01MS90ZVL,related to,PlayStation
B01MS90ZVL,related to,Nintendo
B01MS90ZVL,related to,Nintendo Switch
B01MS90ZVL,related to,Gaming Accessories
B01MS90ZVL,related to,PC Games
B01MS90ZVL,related to,Nintendo 3DS
B01MS90ZVL,related to,Xbox One
B01MS90ZVL,related to,PlayStation 5
B01MS90ZVL,related to,PlayStation 4
B01MS90ZVL,related to,Nintendo Switch Lite
B01MS90ZVL,related to,Xbox Games
B01MS90ZVL,related to,PlayStation Games
B01MS90ZVL,related to,Nintendo Games
B01MS90ZVL,related to,Nintendo Controllers
B00U2NAN0C,related to,Nintendo
B00U2NAN0C,related to,Games
B00U2NAN0C,related to,Xbox
B00U2NAN0C,related to,PlayStation
B00U2NAN0C,related to,Gaming Peripherals
B00U2NAN0C,related to,Gaming Accessories
B00U2NAN0C,related to,PC Games
B00U2NAN0C,related to,Xbox Games
B00U2NAN0C,related to,PlayStation Games
B00U2NAN0C,related to,Nintendo Games
B00U2NAN0C,related to,Xbox Series S
B00U2NAN0C,related to,Xbox One
B00U2NAN0C,related to,PlayStation 5
B00U2NAN0C,related to,PlayStation 4
B00U2NAN0C,related to,PlayStation Vita
B00U2NAN0C,related to,Xbox Controllers
B00U2NAN0C,related to,PlayStation Controllers
B00U2NAN0C,related to,Nintendo Controllers
B004K1F7PI,related to,PlayStation
B004K1F7PI,related to,Nintendo
B004K1F7PI,related to,Nintendo Switch
B004K1F7PI,related to,Games
B004K1F7PI,related to,PlayStation 5
B004K1F7PI,related to,PlayStation 4
B004K1F7PI,related to,Nintendo 3DS
B004K1F7PI,related to,PlayStation Games
B004K1F7PI,related to,Nintendo Games
B004K1F7PI,related to,PC Games
B001EYUPR4,related to,PlayStation
B001EYUPR4,related to,Nintendo
B001EYUPR4,related to,Nintendo Switch
B001EYUPR4,related to,PlayStation 5
B001EYUPR4,related to,PlayStation 4
B001EYUPR4,related to,PlayStation Vita
B001EYUPR4,related to,Nintendo 3DS
B001EYUPR4,related to,PlayStation Games
B001EYUPR4,related to,Nintendo Games
B01AKPIYCA,related to,Xbox
B01AKPIYCA,related to,Controllers
B01AKPIYCA,related to,Xbox Series X
B01AKPIYCA,related to,Xbox Series S
B01AKPIYCA,related to,Xbox One
B01AKPIYCA,related to,PlayStation 5
B01AKPIYCA,related to,PlayStation 4
B01AKPIYCA,related to,Xbox Games
B01AKPIYCA,related to,Xbox Controllers
B01AKPIYCA,related to,PlayStation Controllers
B01AKPIYCA,related to,Nintendo Controllers
B00CXVLY9A,related to,Games
B00CXVLY9A,related to,PC Games
B00CXVLY9A,related to,Xbox Games
B00CXVLY9A,related to,PlayStation Games
B00006IKB6,related to,Games
B00006IKB6,related to,PC Games
B00006IKB6,related to,Xbox Games
B00006IKB6,related to,PlayStation Games
B00006IKB6,related to,Nintendo Games
B005BNHK2C,related to,Xbox
B005BNHK2C,related to,PlayStation
B005BNHK2C,related to,Nintendo
B005BNHK2C,related to,Gaming Peripherals
B005BNHK2C,related to,Gaming Accessories
B005BNHK2C,related to,Games
B005BNHK2C,related to,Xbox Series S
B005BNHK2C,related to,Xbox One
B005BNHK2C,related to,PlayStation 5
B005BNHK2C,related to,PlayStation 4
B005BNHK2C,related to,PC Games
B005BNHK2C,related to,Xbox Games
B005BNHK2C,related to,PlayStation Games
B005BNHK2C,related to,Nintendo Games
B000038ABJ,related to,PlayStation
B000038ABJ,related to,PlayStation 5
B000038ABJ,related to,PlayStation 4
B000038ABJ,related to,PlayStation Vita
B000038ABJ,related to,PlayStation Games
B000038ABJ,related to,PlayStation Controllers
B07BTQDP7D,related to,Nintendo
B07BTQDP7D,related to,Nintendo Switch
B07BTQDP7D,related to,Nintendo Switch Lite
B07BTQDP7D,related to,Nintendo 3DS
B07BTQDP7D,related to,Nintendo Games
B07BTQDP7D,related to,Switch Cases
B07BTQDP7D,related to,Nintendo Controllers
B07PHQ9MH9,related to,Hardware
B07PHQ9MH9,related to,Xbox
B07PHQ9MH9,related to,PlayStation
B07PHQ9MH9,related to,Nintendo
B07PHQ9MH9,related to,Nintendo Switch
B07PHQ9MH9,related to,Gaming Accessories
B07PHQ9MH9,related to,Games
B07PHQ9MH9,related to,Storage Cases
B07PHQ9MH9,related to,Nintendo 3DS
B07PHQ9MH9,related to,Xbox One
B07PHQ9MH9,related to,PlayStation 5
B07PHQ9MH9,related to,PlayStation 4
B07PHQ9MH9,related to,Nintendo Switch Lite
B07PHQ9MH9,related to,PC Games
B07PHQ9MH9,related to,Xbox Games
B07PHQ9MH9,related to,PlayStation Games
B07PHQ9MH9,related to,Nintendo Games
B07PHQ9MH9,related to,Nintendo Controllers
B07X34VZBN,related to,Xbox
B07X34VZBN,related to,PlayStation
B07X34VZBN,related to,Xbox One
B07X34VZBN,related to,PlayStation 5
B07X34VZBN,related to,PlayStation 4
B07X34VZBN,related to,PC Games
B07X34VZBN,related to,Xbox Games
B07X34VZBN,related to,Xbox Controllers
B017GY07L4,related to,Gaming Accessories
B017GY07L4,related to,Games
B017GY07L4,related to,Xbox Games
B017GY07L4,related to,PlayStation Games
B017GY07L4,related to,Nintendo Games
B003WMC4PW,related to,PlayStation
B003WMC4PW,related to,Nintendo
B003WMC4PW,related to,Gaming Accessories
B003WMC4PW,related to,Games
B003WMC4PW,related to,PlayStation 5
B003WMC4PW,related to,PlayStation 4
B003WMC4PW,related to,PC Games
B003WMC4PW,related to,Xbox Games
B003WMC4PW,related to,PlayStation Games
B003WMC4PW,related to,Nintendo Games
B000II94KQ,related to,Nintendo
B000II94KQ,related to,Nintendo Switch
B000II94KQ,related to,Games
B000II94KQ,related to,Nintendo 3DS
B000II94KQ,related to,Nintendo Games
B000II94KQ,related to,Nintendo Controllers
B07WV1R1Y7,related to,PlayStation
B07WV1R1Y7,related to,PlayStation 5
B07WV1R1Y7,related to,PlayStation 4
B07WV1R1Y7,related to,PlayStation Vita
B07WV1R1Y7,related to,PlayStation Games
B07WV1R1Y7,related to,PlayStation Controllers
B08MBQ4DYB,related to,Nintendo Switch
B08MBQ4DYB,related to,Hardware
B08MBQ4DYB,related to,Xbox
B08MBQ4DYB,related to,PlayStation
B08MBQ4DYB,related to,Nintendo
B08MBQ4DYB,related to,Gaming Accessories
B08MBQ4DYB,related to,Games
B08MBQ4DYB,related to,Switch Cases
B08MBQ4DYB,related to,Nintendo Switch Lite
B08MBQ4DYB,related to,Xbox One
B08MBQ4DYB,related to,PlayStation 5
B08MBQ4DYB,related to,PlayStation 4
B08MBQ4DYB,related to,Nintendo 3DS
B08MBQ4DYB,related to,PC Games
B08MBQ4DYB,related to,Xbox Games
B08MBQ4DYB,related to,PlayStation Games
B08MBQ4DYB,related to,Nintendo Games
B08MBQ4DYB,related to,Nintendo Controllers
B01MZI9BM0,related to,Nintendo
B01MZI9BM0,related to,Nintendo Switch
B01MZI9BM0,related to,Nintendo Switch Lite
B01MZI9BM0,related to,Nintendo 3DS
B01MZI9BM0,related to,Nintendo Games
B01MZI9BM0,related to,Switch Cases
B01MZI9BM0,related to,Nintendo Controllers
B002AK6U8E,related to,PlayStation
B002AK6U8E,related to,Nintendo
B002AK6U8E,related to,Gaming Accessories
B002AK6U8E,related to,Games
B002AK6U8E,related to,PlayStation 5
B002AK6U8E,related to,PlayStation 4
B002AK6U8E,related to,PC Games
B002AK6U8E,related to,Xbox Games
B002AK6U8E,related to,PlayStation Games
B002AK6U8E,related to,Nintendo Games
B004X3XLMY,related to,Nintendo
B004X3XLMY,related to,Xbox
B004X3XLMY,related to,PlayStation
B004X3XLMY,related to,Xbox One
B004X3XLMY,related to,PlayStation 5
B004X3XLMY,related to,PlayStation 4
B004X3XLMY,related to,Xbox Games
B004X3XLMY,related to,PlayStation Games
B001EHD9N8,related to,Xbox
B001EHD9N8,related to,Xbox Series X
B001EHD9N8,related to,Xbox Series S
B001EHD9N8,related to,Xbox One
B001EHD9N8,related to,PC Games
B001EHD9N8,related to,Xbox Games
B001EHD9N8,related to,Xbox Controllers
B00THNJLXS,related to,Nintendo
B00THNJLXS,related to,Games
B00THNJLXS,related to,Gaming Peripherals
B00THNJLXS,related to,Gaming Accessories
B00THNJLXS,related to,Controllers
B00THNJLXS,related to,Xbox Games
B00THNJLXS,related to,PlayStation Games
B00THNJLXS,related to,Nintendo Games
B00THNJLXS,related to,PC Games
B00THNJLXS,related to,Gaming Headsets
B00THNJLXS,related to,Xbox Controllers
B00THNJLXS,related to,PlayStation Controllers
B00THNJLXS,related to,Nintendo Controllers
B0013E9HP6,related to,Games
B0013E9HP6,related to,PlayStation
B0013E9HP6,related to,Nintendo
B0013E9HP6,related to,Nintendo Switch
B0013E9HP6,related to,Hardware
B0013E9HP6,related to,Xbox
B0013E9HP6,related to,Gaming Accessories
B0013E9HP6,related to,PC Games
B0013E9HP6,related to,PlayStation 5
B0013E9HP6,related to,PlayStation 4
B0013E9HP6,related to,Nintendo 3DS
B0013E9HP6,related to,Xbox Games
B0013E9HP6,related to,PlayStation Games
B0013E9HP6,related to,Nintendo Games
B0013E9HP6,related to,PlayStation Controllers
B0013E9HP6,related to,Nintendo Controllers
B0013E9HP6,related to,Xbox One
B0013E9HP6,related to,Nintendo Switch Lite
B00005NN5J,related to,PlayStation
B00005NN5J,related to,PlayStation 5
B00005NN5J,related to,PlayStation 4
B00005NN5J,related to,PlayStation Vita
B00005NN5J,related to,PlayStation Games
B00005NN5J,related to,PlayStation Controllers
B00005V7E8,related to,Gaming Peripherals
B00005V7E8,related to,Gaming Accessories
B00005V7E8,related to,Xbox Games
B00005V7E8,related to,PC Games
B005EHQJ2C,related to,Games
B005EHQJ2C,related to,Nintendo
B005EHQJ2C,related to,Nintendo Switch
B005EHQJ2C,related to,Nintendo 3DS
B005EHQJ2C,related to,PC Games
B005EHQJ2C,related to,Nintendo Games
B005EHQJ2C,related to,Nintendo Controllers
B00JFQ045Q,related to,Gaming Peripherals
B00JFQ045Q,related to,Gaming Accessories
B00JFQ045Q,related to,Xbox
B00JFQ045Q,related to,PlayStation
B00JFQ045Q,related to,Xbox One
B00JFQ045Q,related to,PlayStation 5
B00JFQ045Q,related to,PlayStation 4
B00JFQ045Q,related to,PlayStation Vita
B00JFQ045Q,related to,PlayStation Games
B00JFQ045Q,related to,PlayStation Controllers
